3000 80 21819 15 2000
215 75 80 404 409 109 82 131 411 172 171 225 500 263 178 54 127 108 306 320 461 246 252 198 426 228 461 57 244 430 234 53 198 480 132 439 240 153 323 360 436 351 359 433 42 101 468 140 367 242 17 105 19 94 297 346 497 106 128 73 92 120 326 469 60 490 98 475 96 82 60 307 149 420 476 273 320 156 261 481 271 61 459 121 73 421 248 16 222 176 425 34 412 74 341 155 273 113 278 240 357 449 101 396 123 172 418 276 71 265 36 114 282 433 48 121 27 290 332 178 126 291 432 273 181 158 199 320 44 151 59 198 341 243 226 376 403 294 452 274 292 400 389 485 479 490 435 465 470 85 46 438 214 422 215 74 403 387 331 330 452 232 454 64 117 268 186 146 32 52 108 104 173 477 163 96 408 103 237 168 108 284 173 339 154 42 176 433 406 124 112 110 307 97 425 277 195 104 286 221 311 206 307 117 471 498 406 180 383 321 36 488 429 113 131 80 18 308 282 382 88 218 260 440 343 497 412 345 116 164 498 120 492 260 425 492 316 268 200 268 141 283 48 251 288 219 277 310 37 400 140 416 31 115 224 277 59 27 177 125 107 449 298 273 212 489 76 382 82 152 126 190 303 67 16 52 415 79 402 71 52 446 236 56 70 15 145 96 398 235 439 15 457 433 455 490 496 94 252 198 12 178 253 166 159 140 288 68 304 138 493 456 63 212 465 331 13 257 103 446 282 415 486 475 109 341 18 382 243 448 237 28 141 394 161 149 14 396 161 46 324 435 301 324 232 184 282 98 99 368 291 233 111 301 183 77 226 74 279 140 330 223 74 42 363 319 315 342 372 159 427 108 143 87 256 110 381 15 83 418 495 309 316 189 107 23 264 445 463 250 355 190 66 242 158 236 435 312 218 317 356 420 326 342 415 179 366 130 26 267 459 425 488 28 460 364 266 166 309 87 405 436 219 463 143 377 89 369 133 122 18 407 222 317 107 73 166 259 36 27 357 145 349 247 260 462 112 41 426 113 30 287 479 394 68 301 232 367 369 142 258 341 27 307 77 314 201 66 92 424 129 70 202 271 325 209 43 190 335 456 426 238 114 201 459 429 426 17 148 231 101 189 114 145 329 176 162 196 349 88 335 94 79 417 34 332 32 381 389 190 454 58 226 449 211 34 445 270 227 397 352 318 70 212 464 96 468 22 87 160 292 168 344 193 416 359 58 198 457 167 269 161 384 332 368 93 331 36 375 283 410 72 193 229 155 31 294 444 45 277 175 226 230 177 187 196 205 384 482 315 12 449 193 447 157 196 293 18 168 134 476 288 119 68 88 283 55 103 195 205 100 105 384 159 16 44 210 471 167 328 177 107 430 189 173 248 51 446 143 273 321 145 227 66 491 371 363 211 261 144 141 372 433 115 201 85 322 140 140 266 479 274 60 381 47 397 331 200 59 96 230 406 277 493 174 367 221 493 368 138 117 139 223 69 485 147 338 306 296 50 138 179 426 186 147 378 257 75 488 234 119 416 346 440 312 171 38 116 106 221 389 398 44 153 475 354 486 142 80 312 300 153 79 152 130 333 181 118 38 412 73 425 429 50 168 167 455 214 105 344 230 497 25 244 380 422 459 105 452 316 299 182 272 75 204 371 420 310 417 216 335 474 237 385 368 180 302 228 368 272 219 58 71 250 279 82 422 135 123 281 119 462 416 232 272 419 409 333 313 30 336 29 71 454 123 40 406 197 349 437 478 139 343 75 125 384 322 266 274 468 396 62 246 348 216 476 52 106 252 31 385 301 90 447 365 11 48 176 492 59 193 27 16 195 202 448 341 190 375 391 466 396 70 457 47 220 171 171 499 304 282 201 185 482 238 391 132 211 237 369 235 153 39 190 433 329 204 203 311 36 105 452 86 362 248 300 409 142 339 198 273 115 469 322 143 356 444 204 496 124 225 250 354 452 450 182 66 429 465 496 178 32 164 12 217 74 49 118 441 146 468 156 310 270 79 444 225 189 433 234 474 182 59 15 81 93 379 140 18 356 487 211 72 142 62 292 449 193 24 286 361 210 456 421 72 290 173 322 67 329 406 382 435 452 224 443 445 345 16 102 161 280 442 378 172 196 368 247 339 463 10 250 181 422 209 349 63 171 464 354 428 165 351 392 374 352 28 24 85 177 447 280 23 101 33 62 476 85 14 361 350 135 219 430 129 364 91 252 286 326 276 367 20 443 344 235 398 414 202 332 25 358 452 56 206 483 290 310 305 31 284 287 337 211 160 179 430 228 41 391 381 403 121 54 228 405 95 236 263 314 239 405 465 268 373 425 212 56 263 15 48 89 375 498 416 222 222 19 54 239 277 67 27 423 469 279 355 100 333 402 408 154 54 110 265 129 90 384 102 383 23 36 173 266 458 175 163 147 118 455 27 185 448 470 335 243 338 379 193 303 469 111 347 47 385 280 241 147 44 499 382 72 35 335 130 314 60 204 438 187 407 191 67 67 354 368 35 292 250 464 286 461 163 232 27 180 164 295 141 177 211 110 221 422 168 231 322 290 221 401 368 403 80 238 478 233 342 261 492 160 386 123 146 337 196 375 59 135 358 339 420 343 68 459 495 77 57 133 247 445 122 62 145 384 465 106 104 47 360 426 346 159 266 50 69 376 236 199 84 209 207 131 94 81 225 121 274 152 481 227 56 87 23 29 122 237 397 24 319 48 259 363 190 379 379 498 193 431 405 10 469 433 47 83 494 422 151 165 354 284 464 216 478 166 97 53 182 458 135 179 345 146 47 185 271 348 95 100 185 370 163 261 435 402 467 80 81 452 228 139 65 242 292 354 87 426 61 360 353 376 157 417 451 54 363 79 151 498 412 332 457 380 251 324 182 312 89 281 250 364 80 461 202 468 114 109 337 174 414 154 44 417 474 29 275 132 339 334 482 161 296 230 139 134 435 483 173 441 427 183 251 231 487 23 60 350 493 403 234 142 74 335 19 252 410 220 240 475 26 426 252 316 229 47 368 434 23 216 431 235 464 325 466 265 201 334 500 274 215 413 429 417 296 31 118 437 72 112 90 289 134 230 317 204 280 496 243 75 251 344 295 276 332 10 52 327 284 430 448 109 417 104 420 33 272 366 28 169 50 352 417 332 73 159 258 149 392 208 314 311 67 378 107 97 405 390 384 100 133 200 484 158 455 261 101 286 166 251 419 437 328 207 297 306 316 188 297 90 442 162 299 135 367 200 241 482 468 23 245 251 321 384 288 171 205 282 208 187 236 52 198 192 270 368 334 438 228 260 363 493 375 190 300 490 389 397 137 371 28 220 489 12 96 325 331 226 482 207 344 423 451 355 32 108 30 405 302 318 253 29 75 171 115 46 260 340 327 236 402 319 340 73 286 484 123 428 369 402 221 345 197 64 29 120 311 210 242 51 432 218 158 136 94 231 315 433 22 433 135 12 154 329 129 252 409 119 50 392 488 233 157 135 386 341 403 297 286 348 483 251 109 478 203 491 436 463 493 496 293 378 134 140 407 270 479 486 154 149 399 40 266 389 207 450 271 452 96 71 57 226 294 443 71 374 426 89 499 284 457 460 286 71 315 416 293 413 72 371 404 394 286 175 335 468 169 335 307 319 292 395 229 246 408 413 143 165 105 202 421 497 290 412 18 190 195 256 289 460 436 69 217 460 147 12 463 311 453 324 496 300 246 230 377 435 77 318 245 24 273 219 275 479 442 168 399 400 168 415 177 130 367 142 388 443 260 416 248 473 37 18 199 385 474 477 212 361 35 158 410 238 36 340 367 106 129 197 33 358 159 353 130 262 389 262 28 249 11 369 92 271 140 177 200 398 203 317 282 290 306 145 404 421 211 240 452 281 313 470 86 281 74 374 25 488 355 462 275 21 478 297 40 194 97 148 404 419 59 460 270 157 137 436 267 169 289 479 241 122 346 340 120 366 200 294 308 161 204 101 236 418 92 334 500 208 477 315 464 386 298 31 281 141 76 456 391 213 138 446 345 291 426 453 353 239 495 318 348 69 381 123 82 227 353 161 454 96 416 374 436 166 401 97 260 30 332 102 463 255 136 77 141 225 405 173 390 364 106 401 71 10 195 109 181 490 307 330 263 151 112 298 119 134 108 283 411 177 38 459 453 499 21 448 24 57 238 484 190 180 287 480 153 187 309 241 393 144 18 242 220 182 95 314 14 86 185 367 457 413 140 101 489 10 175 36 370 338 200 330 431 469 482 354 51 124 360 16 158 431 300 362 411 189 77 184 384 187 421 271 431 397 295 392 105 401 152 177 327 410 52 117 20 450 37 306 241 81 222 358 254 68 20 407 109 232 273 181 189 39 217 403 281 465 414 52 433 106 140 266 205 361 335 433 438 434 137 453 428 368 252 487 350 260 202 418 349 85 162 174 133 236 165 315 252 397 136 352 322 106 469 218 154 471 267 397 490 135 169 317 396 22 44 389 196 301 161 170 246 332 212 463 469 83 399 231 171 57 282 174 434 299 182 128 114 371 396 376 350 459 496 373 348 129 143 63 281 467 123 259 57 276 45 378 47 85 244 107 385 187 68 113 478 171 257 86 350 467 189 245 251 43 32 158 72 50 93 166 158 254 237 118 455 498 430 214 48 479 497 95 32 228 46 248 121 45 285 498 139 436 261 446 279 292 356 60 221 15 141 276 177 371 358 441 260 114 72 79 213 139 466 225 268 232 384 365 409 364 327 362 373 203 403 428 236 273 260 381 484 151 457 437 92 286 266 79 265 237 161 205 279 360 36 134 454 57 201 310 73 397 409 183 395 481 172 386 26 266 98 257 392 216 289 388 292 352 398 457 442 499 111 28 171 88 64 349 480 284 242 143 301 177 136 474 140 107 124 148 491 411 273 34 61 357 315 322 366 486 211 387 126 54 447 200 190 71 196 151 33 161 265 482 292 20 215 362 196 497 300 73 329 389 361 480 316 381 191 231 112 89 320 290 221 423 448 161 35 184 229 329 105 444 236 303 169 465 106 21 459 276 273 148 456 174 356 161 413 49 117 92 50 246 146 397 427 18 131 124 184 282 179 402 225 231 410 294 252 402 42 179 66 205 161 107 104 13 371 98 216 492 90 422 402 243 460 362 332 67 10 255 222 192 218 188 344 245 487 201 392 300 276 398 391 477 315 267 286 36 297 33 408 442 472 256 392 371 208 258 348 75 100 432 382 104 70 24 248 271 235 177 114 26 350 115 171 210 319 71 79 204 76 59 246 179 402 233 318 144 154 61 460 41 30 396 97 466 199 397 375 36 366 300 304 353 56 236 126 266 393 415 239 122 82 95 342 377 203 318 323 220 130 92 42 178 379 206 339 164 446 133 267 120 142 129 308 288 49 333 94 341 258 13 317 383 160 209 83 203 497 407 179 278 454 453 211 373 483 349 281 246 387 75 324 485 476 451 493 398 300 214 93 409 220 429 204 350 217 145 186 123 195 463 294 486 389 155 194 189 127 499 441 392 377 343 401 358 263 398 357 195 24 204 416 15 349 40 98 390 454 498 485 82 56 210 355 352 148 421 32 350 498 374 180 254 421 358 495 290 352 171 322 92 473 98 240 232 176 411 494 19 370 24 347 181 469 79 48 305 492 104 380 419 426 263 118 181 117 361 178 57 356 29 378 392 412 130 319 224 246 438 443 413 154 209 247 344 361 498 272 219 204 436 344 131 383 21 65 12 305 298 81 161 100 201 169 399 75 467 441 211 496 175 386 74 278 459 471 241 40 373 11 341 419 428 171 409 167 139 120 479 359 345 331 422 245 24 182 308 399 378 290 33 279 387 22 165 302 442 429 356 155 482 230 57 421 124 455 208 285 411 183 169 191 52 396 276 341 428 473 353 274 121 126 392 415 435 119 109 363 436 327 439 82 386 389 43 450 296 297 472 472 10 437 67 390 318 36 369 491 116 221 364 276 279 192 104 448 388 411 109 91 248 350 413 416 185 28 41 160 259 192 151 113 403 455 270 127 94 250 231 215 479 374 435 494 92 46 121 300 48 298 261 480 337 486 84 285 34 127 240 419 164 107 125 492 18 490 404 465 290 222 490 453 172 45 137 23 257 280 236 469 50 224 469 375 247 361 416 397 500 145 497 131 355 361 312 391 13 250 372 414 339 31 254 398 293 442 286 225 391 150 255 184 348 204 295 281 186 29 74 441 202 482 221 31 305 132 477 214 199 126 78 83 327 332 117 334 295 155 464 477 351 172 141 322 135 26 461 415 327 49 323 225 16 184 406 453 378 205 196 473 137 393 406 233 131 355 374 364 349 13 310 247 54 367 149 443 333 38 361 303 362 206 189 385 348 234 57 306 344 493 126 38 93 249 149 337 231 254 132 208 213 490 460 66 138 59 386 495 23 369 124 414 252 448 305 314 341 270 79 487 393 81 137 412 110 272 46 307 227 106 443 421 309 438 239 58 422 400 220 456 294 300 15 289 89 467 171 317 248 202 266 237 458 264 394 194 54 106 321 54 48 401 155 233 199 188 180 374 482 366 177 22 441 305 361 470 212 162 403 371 406 246 163 102 58 415 281 457 289 33 101 155 184 375 444 54 402 361 445 373 151 328 290 100 281 329 46 150 61 489 290 466 252 98 321 120 270 388 80 176 405 303 335 244 10 64 218 214 141 204 120 13 309 214 74 299 110 182 122 245 111 171 235 168 170 381 396 316 360 463 94 194 10 267 480 246 265 54 302 109 65 179 290 395 418 167 175 405 115 260 407
921 5
0 107
3 45
6 328
9 225
12 54
267 5
2 22
5 116
8 176
11 244
14 186
676 5
1 441
4 196
7 268
10 61
13 145
995 5
0 214
3 188
6 201
9 21
12 212
174 5
2 142
5 85
8 166
11 52
14 162
862 5
1 116
4 493
7 216
10 493
13 422
663 5
0 348
3 363
6 319
9 125
12 328
514 5
2 486
5 15
8 446
11 157
14 371
880 5
1 333
4 74
7 211
10 384
13 263
887 5
0 388
3 351
6 180
9 216
12 351
659 5
2 51
5 284
8 136
11 261
14 386
381 5
1 362
4 344
7 72
10 128
13 275
372 5
0 78
3 43
6 52
9 241
12 171
239 5
2 214
5 23
8 191
11 30
14 129
164 5
1 111
4 38
7 144
10 87
13 162
840 5
0 375
3 240
6 247
9 259
12 423
573 5
2 140
5 391
8 298
11 493
14 138
708 5
1 377
4 63
7 61
10 283
13 377
742 5
0 36
3 65
6 418
9 287
12 402
265 5
2 211
5 168
8 156
11 125
14 114
738 5
1 430
4 327
7 103
10 456
13 337
776 5
0 383
3 440
6 114
9 276
12 73
349 5
2 272
5 128
8 292
11 148
14 106
291 5
1 231
4 130
7 91
10 168
13 78
282 5
0 27
3 175
6 106
9 22
12 19
225 5
2 53
5 158
8 82
11 68
14 224
874 5
1 312
4 138
7 235
10 110
13 123
853 5
0 389
3 473
6 254
9 127
12 410
554 5
2 462
5 87
8 127
11 2
14 39
538 5
1 288
4 111
7 186
10 321
13 306
527 5
0 260
3 61
6 305
9 116
12 271
538 5
2 100
5 95
8 253
11 188
14 306
982 5
1 222
4 297
7 282
10 302
13 213
424 5
0 294
3 170
6 342
9 205
12 11
169 5
2 143
5 49
8 77
11 88
14 73
524 5
1 473
4 160
7 499
10 332
13 134
757 5
0 281
3 385
6 310
9 95
12 202
942 5
2 142
5 21
8 223
11 447
14 135
402 5
1 274
4 89
7 377
10 59
13 235
694 5
0 160
3 209
6 496
9 275
12 148
312 5
2 249
5 206
8 134
11 137
14 153
940 5
1 228
4 94
7 104
10 275
13 263
203 5
0 132
3 48
6 24
9 184
12 77
891 5
2 96
5 199
8 240
11 130
14 315
681 5
1 193
4 184
7 194
10 277
13 478
930 5
0 44
3 471
6 76
9 226
12 31
190 5
2 52
5 39
8 139
11 10
14 105
500 5
1 321
4 34
7 212
10 260
13 57
824 5
0 117
3 75
6 141
9 82
12 444
781 5
2 54
5 493
8 454
11 166
14 362
518 5
1 259
4 463
7 358
10 405
13 191
823 5
0 422
3 393
6 273
9 171
12 374
518 5
2 177
5 9
8 155
11 445
14 320
757 5
1 345
4 197
7 70
10 76
13 255
383 5
0 64
3 177
6 179
9 318
12 176
581 5
2 352
5 96
8 471
11 377
14 63
519 5
1 334
4 232
7 62
10 198
13 77
448 5
0 5
3 268
6 286
9 329
12 207
567 5
2 426
5 319
8 172
11 446
14 274
862 5
1 137
4 63
7 20
10 118
13 382
600 5
0 230
3 255
6 204
9 488
12 48
814 5
2 373
5 187
8 310
11 65
14 12
881 5
1 233
4 117
7 452
10 274
13 375
533 5
0 383
3 356
6 13
9 209
12 488
164 5
2 97
5 23
8 140
11 124
14 22
228 5
1 143
4 105
7 163
10 106
13 115
939 5
0 144
3 332
6 318
9 203
12 332
997 5
2 381
5 161
8 306
11 19
14 249
888 5
1 1
4 465
7 261
10 228
13 10
515 5
0 220
3 446
6 394
9 314
12 250
290 5
2 191
5 207
8 16
11 91
14 124
586 5
1 479
4 368
7 138
10 482
13 224
833 5
0 87
3 325
6 232
9 70
12 192
687 5
2 39
5 93
8 490
11 429
14 401
398 5
1 131
4 214
7 285
10 117
13 24
945 5
0 386
3 69
6 450
9 140
12 312
207 5
2 131
5 46
8 150
11 194
14 23
245 5
1 243
4 173
7 80
10 179
13 48
112 5
0 44
3 78
6 29
9 81
12 65
395 5
2 7
5 25
8 267
11 331
14 86
3 0 750
14 0 895
25 0 139
36 0 867
47 0 1000
58 0 892
69 0 339
80 0 699
91 0 4
102 0 122
113 0 178
124 0 675
135 0 504
146 0 93
157 0 567
168 0 491
179 0 886
190 0 612
201 0 636
212 0 955
223 0 143
234 0 348
245 0 691
256 0 196
267 0 972
278 0 278
289 0 220
300 0 570
311 0 703
322 0 100
333 0 741
344 0 321
355 0 676
366 0 899
377 0 789
388 0 6
399 0 814
410 0 485
421 0 460
432 0 199
443 0 640
454 0 797
465 0 243
476 0 437
487 0 564
498 0 831
509 0 824
520 0 695
531 0 109
542 0 447
553 0 404
564 0 266
575 0 993
586 0 445
597 0 618
608 0 825
619 0 362
630 0 538
641 0 634
652 0 547
663 0 39
674 0 849
685 0 462
696 0 785
707 0 418
718 0 706
729 0 493
740 0 55
751 0 819
762 0 511
773 0 327
784 0 30
795 0 356
806 0 13
817 0 946
828 0 604
839 0 265
850 0 218
861 0 475
872 0 352
883 0 797
894 0 672
905 0 564
916 0 671
927 0 19
938 0 675
949 0 355
960 0 204
971 0 344
982 0 285
993 0 850
1004 0 95
1015 0 771
1026 0 383
1037 0 517
1048 0 272
1059 0 60
1070 0 653
1081 0 847
1092 0 382
1103 0 200
1114 0 245
1125 0 683
1136 0 211
1147 0 767
1158 0 753
1169 0 513
1180 0 326
1191 0 343
1202 0 590
1213 0 655
1224 0 7
1235 0 450
1246 0 126
1257 0 420
1268 0 54
1279 0 720
1290 0 510
1301 0 561
1312 0 791
1323 0 461
1334 0 722
1345 0 819
1356 0 906
1367 0 554
1378 0 811
1389 0 533
1400 0 648
1411 0 101
1422 0 653
1433 0 158
1444 0 110
1455 0 970
1466 0 629
1477 0 414
1488 0 415
1499 0 374
1510 0 887
1521 0 369
1532 0 885
1543 0 389
1554 0 865
1565 0 217
1576 0 567
1587 0 498
1598 0 173
1609 0 232
1620 0 588
1631 0 992
1642 0 621
1653 0 422
1664 0 220
1675 0 581
1686 0 809
1697 0 175
1708 0 412
1719 0 776
1730 0 492
1741 0 329
1752 0 62
1763 0 142
1774 0 984
1785 0 934
1796 0 302
1807 0 788
1818 0 785
1829 0 42
1840 0 481
1851 0 547
1862 0 438
1873 0 783
1884 0 880
1895 0 192
1906 0 862
1917 0 1000
1928 0 550
1939 0 848
1950 0 308
1961 0 710
1972 0 631
1983 0 65
1994 0 378
2005 0 620
2016 0 677
2027 0 875
2038 0 325
2049 0 833
2060 0 897
2071 0 209
2082 0 514
2093 0 637
2104 0 751
2115 0 905
2126 0 101
2137 0 559
2148 0 718
2159 0 757
2170 0 932
2181 0 808
2192 0 767
2203 0 598
2214 0 430
2225 0 737
2236 0 922
2247 0 930
2258 0 721
2269 0 617
2280 0 674
2291 0 876
2302 0 470
2313 0 178
2324 0 22
2335 0 344
2346 0 243
2357 0 108
2368 0 736
2379 0 771
2390 0 382
2401 0 447
2412 0 316
2423 0 977
2434 0 350
2445 0 117
2456 0 631
2467 0 486
2478 0 729
2489 0 56
2500 0 398
2511 0 521
2522 0 990
2533 0 671
2544 0 330
2555 0 247
2566 0 761
2577 0 477
2588 0 37
2599 0 961
2610 0 665
2621 0 732
2632 0 488
2643 0 738
2654 0 795
2665 0 777
2676 0 588
2687 0 498
2698 0 673
2709 0 826
2720 0 897
2731 0 732
2742 0 436
2753 0 408
2764 0 616
2775 0 115
2786 0 543
2797 0 657
2808 0 592
2819 0 874
2830 0 991
2841 0 760
2852 0 456
2863 0 86
2874 0 774
2885 0 509
2896 0 139
2907 0 489
2918 0 270
2929 0 401
2940 0 283
2951 0 294
2962 0 296
2973 0 269
2984 0 269
2995 0 728
5 1 677
16 1 448
27 1 234
38 1 432
49 1 848
60 1 580
71 1 373
82 1 491
93 1 762
104 1 828
115 1 763
126 1 714
137 1 53
148 1 894
159 1 843
170 1 335
181 1 654
192 1 83
203 1 723
214 1 548
225 1 3
236 1 992
247 1 472
258 1 104
269 1 498
280 1 340
291 1 411
302 1 151
313 1 888
324 1 814
335 1 405
346 1 16
357 1 781
368 1 284
379 1 960
390 1 204
401 1 879
412 1 45
423 1 563
434 1 556
445 1 654
456 1 773
467 1 439
478 1 898
489 1 503
500 1 530
511 1 829
522 1 297
533 1 322
544 1 515
555 1 551
566 1 282
577 1 48
588 1 369
599 1 435
610 1 630
621 1 184
632 1 224
643 1 845
654 1 52
665 1 440
676 1 577
687 1 700
698 1 807
709 1 712
720 1 202
731 1 393
742 1 379
753 1 228
764 1 85
775 1 701
786 1 240
797 1 1
808 1 693
819 1 548
830 1 375
841 1 103
852 1 829
863 1 721
874 1 386
885 1 673
896 1 194
907 1 942
918 1 350
929 1 410
940 1 424
951 1 962
962 1 359
973 1 200
984 1 16
995 1 448
1006 1 783
1017 1 936
1028 1 17
1039 1 130
1050 1 680
1061 1 553
1072 1 630
1083 1 485
1094 1 380
1105 1 227
1116 1 104
1127 1 593
1138 1 638
1149 1 97
1160 1 154
1171 1 937
1182 1 602
1193 1 572
1204 1 132
1215 1 799
1226 1 219
1237 1 77
1248 1 245
1259 1 679
1270 1 561
1281 1 432
1292 1 140
1303 1 409
1314 1 908
1325 1 520
1336 1 836
1347 1 977
1358 1 88
1369 1 801
1380 1 427
1391 1 337
1402 1 933
1413 1 442
1424 1 824
1435 1 676
1446 1 673
1457 1 239
1468 1 755
1479 1 936
1490 1 319
1501 1 38
1512 1 961
1523 1 923
1534 1 696
1545 1 977
1556 1 710
1567 1 942
1578 1 482
1589 1 725
1600 1 796
1611 1 833
1622 1 653
1633 1 409
1644 1 113
1655 1 70
1666 1 757
1677 1 721
1688 1 784
1699 1 112
1710 1 170
1721 1 367
1732 1 19
1743 1 844
1754 1 161
1765 1 826
1776 1 464
1787 1 240
1798 1 596
1809 1 561
1820 1 106
1831 1 128
1842 1 11
1853 1 476
1864 1 525
1875 1 227
1886 1 121
1897 1 771
1908 1 599
1919 1 92
1930 1 604
1941 1 484
1952 1 922
1963 1 789
1974 1 172
1985 1 713
1996 1 184
2007 1 921
2018 1 138
2029 1 851
2040 1 783
2051 1 609
2062 1 933
2073 1 480
2084 1 241
2095 1 917
2106 1 890
2117 1 446
2128 1 215
2139 1 243
2150 1 421
2161 1 978
2172 1 433
2183 1 224
2194 1 525
2205 1 142
2216 1 624
2227 1 945
2238 1 364
2249 1 402
2260 1 77
2271 1 879
2282 1 46
2293 1 238
2304 1 554
2315 1 144
2326 1 650
2337 1 275
2348 1 982
2359 1 701
2370 1 412
2381 1 220
2392 1 712
2403 1 731
2414 1 534
2425 1 886
2436 1 440
2447 1 111
2458 1 537
2469 1 918
2480 1 924
2491 1 238
2502 1 557
2513 1 602
2524 1 521
2535 1 965
2546 1 131
2557 1 643
2568 1 826
2579 1 482
2590 1 997
2601 1 808
2612 1 236
2623 1 164
2634 1 624
2645 1 685
2656 1 204
2667 1 869
2678 1 982
2689 1 146
2700 1 937
2711 1 360
2722 1 481
2733 1 207
2744 1 608
2755 1 554
2766 1 334
2777 1 807
2788 1 943
2799 1 138
2810 1 492
2821 1 229
2832 1 446
2843 1 826
2854 1 881
2865 1 788
2876 1 125
2887 1 126
2898 1 413
2909 1 9
2920 1 549
2931 1 305
2942 1 215
2953 1 320
2964 1 874
2975 1 50
2986 1 884
2997 1 879
7 2 672
18 2 948
29 2 754
40 2 831
51 2 68
62 2 461
73 2 472
84 2 257
95 2 830
106 2 19
117 2 900
128 2 509
139 2 649
150 2 148
161 2 113
172 2 164
183 2 882
194 2 631
205 2 967
216 2 951
227 2 578
238 2 907
249 2 897
260 2 502
271 2 900
282 2 262
293 2 236
304 2 994
315 2 269
326 2 962
337 2 40
348 2 904
359 2 996
370 2 597
381 2 853
392 2 915
403 2 148
414 2 712
425 2 520
436 2 518
447 2 790
458 2 962
469 2 392
480 2 124
491 2 521
502 2 67
513 2 173
524 2 502
535 2 137
546 2 168
557 2 962
568 2 469
579 2 130
590 2 183
601 2 752
612 2 416
623 2 811
634 2 201
645 2 810
656 2 291
667 2 767
678 2 669
689 2 428
700 2 33
711 2 146
722 2 688
733 2 900
744 2 844
755 2 501
766 2 104
777 2 979
788 2 279
799 2 379
810 2 253
821 2 676
832 2 497
843 2 219
854 2 276
865 2 366
876 2 255
887 2 881
898 2 656
909 2 142
920 2 748
931 2 636
942 2 59
953 2 61
964 2 125
975 2 292
986 2 489
997 2 627
1008 2 879
1019 2 442
1030 2 5
1041 2 860
1052 2 662
1063 2 264
1074 2 656
1085 2 292
1096 2 966
1107 2 225
1118 2 263
1129 2 401
1140 2 935
1151 2 77
1162 2 138
1173 2 171
1184 2 961
1195 2 421
1206 2 596
1217 2 354
1228 2 453
1239 2 790
1250 2 427
1261 2 607
1272 2 463
1283 2 865
1294 2 798
1305 2 374
1316 2 128
1327 2 316
1338 2 648
1349 2 792
1360 2 120
1371 2 733
1382 2 41
1393 2 677
1404 2 131
1415 2 395
1426 2 240
1437 2 687
1448 2 50
1459 2 491
1470 2 414
1481 2 798
1492 2 157
1503 2 831
1514 2 688
1525 2 764
1536 2 822
1547 2 209
1558 2 123
1569 2 747
1580 2 168
1591 2 489
1602 2 570
1613 2 296
1624 2 139
1635 2 728
1646 2 191
1657 2 345
1668 2 302
1679 2 897
1690 2 461
1701 2 392
1712 2 621
1723 2 501
1734 2 741
1745 2 752
1756 2 291
1767 2 694
1778 2 730
1789 2 861
1800 2 955
1811 2 810
1822 2 830
1833 2 698
1844 2 771
1855 2 114
1866 2 663
1877 2 693
1888 2 66
1899 2 200
1910 2 40
1921 2 668
1932 2 637
1943 2 642
1954 2 856
1965 2 801
1976 2 925
1987 2 50
1998 2 724
2009 2 886
2020 2 82
2031 2 976
2042 2 586
2053 2 285
2064 2 626
2075 2 123
2086 2 641
2097 2 36
2108 2 20
2119 2 110
2130 2 674
2141 2 812
2152 2 645
2163 2 9
2174 2 682
2185 2 325
2196 2 467
2207 2 181
2218 2 839
2229 2 576
2240 2 222
2251 2 130
2262 2 414
2273 2 163
2284 2 357
2295 2 45
2306 2 800
2317 2 659
2328 2 849
2339 2 144
2350 2 949
2361 2 592
2372 2 219
2383 2 433
2394 2 860
2405 2 718
2416 2 716
2427 2 33
2438 2 93
2449 2 506
2460 2 670
2471 2 360
2482 2 87
2493 2 550
2504 2 811
2515 2 953
2526 2 194
2537 2 994
2548 2 578
2559 2 84
2570 2 285
2581 2 348
2592 2 747
2603 2 668
2614 2 323
2625 2 254
2636 2 381
2647 2 364
2658 2 586
2669 2 107
2680 2 592
2691 2 1000
2702 2 937
2713 2 60
2724 2 673
2735 2 508
2746 2 197
2757 2 200
2768 2 455
2779 2 185
2790 2 831
2801 2 113
2812 2 52
2823 2 100
2834 2 817
2845 2 100
2856 2 716
2867 2 262
2878 2 449
2889 2 823
2900 2 157
2911 2 174
2922 2 49
2933 2 533
2944 2 525
2955 2 186
2966 2 172
2977 2 337
2988 2 748
2999 2 820
9 3 459
20 3 681
31 3 11
42 3 134
53 3 175
64 3 320
75 3 520
86 3 943
97 3 172
108 3 684
119 3 219
130 3 132
141 3 413
152 3 967
163 3 798
174 3 527
185 3 308
196 3 82
207 3 164
218 3 594
229 3 406
240 3 92
251 3 659
262 3 231
273 3 902
284 3 953
295 3 301
306 3 660
317 3 1
328 3 33
339 3 634
350 3 855
361 3 664
372 3 234
383 3 521
394 3 861
405 3 863
416 3 935
427 3 134
438 3 511
449 3 866
460 3 717
471 3 816
482 3 300
493 3 943
504 3 334
515 3 498
526 3 594
537 3 951
548 3 756
559 3 158
570 3 256
581 3 68
592 3 157
603 3 772
614 3 579
625 3 407
636 3 122
647 3 522
658 3 889
669 3 109
680 3 394
691 3 75
702 3 126
713 3 947
724 3 127
735 3 624
746 3 405
757 3 481
768 3 735
779 3 501
790 3 683
801 3 8
812 3 166
823 3 570
834 3 84
845 3 552
856 3 729
867 3 845
878 3 432
889 3 421
900 3 154
911 3 778
922 3 475
933 3 964
944 3 902
955 3 553
966 3 305
977 3 398
988 3 843
999 3 862
1010 3 917
1021 3 723
1032 3 991
1043 3 891
1054 3 610
1065 3 539
1076 3 831
1087 3 199
1098 3 898
1109 3 268
1120 3 962
1131 3 568
1142 3 891
1153 3 279
1164 3 323
1175 3 989
1186 3 366
1197 3 583
1208 3 991
1219 3 896
1230 3 439
1241 3 731
1252 3 147
1263 3 200
1274 3 245
1285 3 965
1296 3 591
1307 3 100
1318 3 762
1329 3 808
1340 3 193
1351 3 320
1362 3 687
1373 3 640
1384 3 603
1395 3 473
1406 3 16
1417 3 622
1428 3 306
1439 3 941
1450 3 953
1461 3 303
1472 3 300
1483 3 583
1494 3 336
1505 3 424
1516 3 265
1527 3 686
1538 3 882
1549 3 750
1560 3 19
1571 3 126
1582 3 730
1593 3 445
1604 3 709
1615 3 933
1626 3 46
1637 3 943
1648 3 853
1659 3 323
1670 3 772
1681 3 778
1692 3 42
1703 3 981
1714 3 190
1725 3 77
1736 3 178
1747 3 216
1758 3 478
1769 3 275
1780 3 30
1791 3 304
1802 3 728
1813 3 322
1824 3 48
1835 3 362
1846 3 276
1857 3 7
1868 3 964
1879 3 324
1890 3 193
1901 3 420
1912 3 361
1923 3 612
1934 3 568
1945 3 341
1956 3 545
1967 3 659
1978 3 108
1989 3 420
2000 3 298
2011 3 153
2022 3 701
2033 3 853
2044 3 620
2055 3 273
2066 3 991
2077 3 493
2088 3 547
2099 3 607
2110 3 471
2121 3 154
2132 3 409
2143 3 561
2154 3 972
2165 3 489
2176 3 30
2187 3 61
2198 3 190
2209 3 905
2220 3 255
2231 3 622
2242 3 194
2253 3 163
2264 3 445
2275 3 428
2286 3 770
2297 3 27
2308 3 472
2319 3 344
2330 3 404
2341 3 465
2352 3 538
2363 3 318
2374 3 200
2385 3 231
2396 3 11
2407 3 499
2418 3 127
2429 3 197
2440 3 682
2451 3 432
2462 3 164
2473 3 149
2484 3 625
2495 3 370
2506 3 277
2517 3 165
2528 3 241
2539 3 305
2550 3 166
2561 3 921
2572 3 506
2583 3 302
2594 3 804
2605 3 402
2616 3 543
2627 3 309
2638 3 608
2649 3 981
2660 3 810
2671 3 107
2682 3 184
2693 3 16
2704 3 158
2715 3 484
2726 3 847
2737 3 828
2748 3 236
2759 3 313
2770 3 645
2781 3 222
2792 3 88
2803 3 935
2814 3 363
2825 3 567
2836 3 610
2847 3 373
2858 3 303
2869 3 911
2880 3 469
2891 3 989
2902 3 39
2913 3 920
2924 3 919
2935 3 310
2946 3 454
2957 3 964
2968 3 777
2979 3 430
2990 3 963
0 4 736
11 4 948
22 4 654
33 4 783
44 4 596
55 4 990
66 4 760
77 4 744
88 4 516
99 4 29
110 4 592
121 4 731
132 4 760
143 4 212
154 4 808
165 4 660
176 4 876
187 4 910
198 4 538
209 4 437
220 4 408
231 4 237
242 4 86
253 4 324
264 4 925
275 4 865
286 4 549
297 4 636
308 4 448
319 4 157
330 4 199
341 4 124
352 4 498
363 4 360
374 4 525
385 4 805
396 4 55
407 4 64
418 4 615
429 4 110
440 4 203
451 4 514
462 4 585
473 4 831
484 4 440
495 4 482
506 4 340
517 4 214
528 4 371
539 4 944
550 4 727
561 4 562
572 4 777
583 4 976
594 4 906
605 4 249
616 4 720
627 4 768
638 4 880
649 4 925
660 4 210
671 4 729
682 4 446
693 4 270
704 4 23
715 4 741
726 4 573
737 4 506
748 4 685
759 4 169
770 4 521
781 4 663
792 4 2
803 4 253
814 4 862
825 4 795
836 4 936
847 4 509
858 4 385
869 4 615
880 4 66
891 4 579
902 4 265
913 4 128
924 4 173
935 4 530
946 4 277
957 4 6
968 4 98
979 4 197
990 4 391
1001 4 795
1012 4 569
1023 4 480
1034 4 361
1045 4 805
1056 4 975
1067 4 708
1078 4 914
1089 4 193
1100 4 266
1111 4 404
1122 4 122
1133 4 990
1144 4 565
1155 4 497
1166 4 658
1177 4 168
1188 4 426
1199 4 945
1210 4 187
1221 4 235
1232 4 730
1243 4 556
1254 4 156
1265 4 199
1276 4 628
1287 4 611
1298 4 282
1309 4 401
1320 4 727
1331 4 501
1342 4 173
1353 4 976
1364 4 86
1375 4 931
1386 4 524
1397 4 22
1408 4 563
1419 4 309
1430 4 597
1441 4 759
1452 4 562
1463 4 122
1474 4 460
1485 4 793
1496 4 492
1507 4 841
1518 4 997
1529 4 818
1540 4 40
1551 4 583
1562 4 87
1573 4 547
1584 4 29
1595 4 909
1606 4 27
1617 4 608
1628 4 504
1639 4 749
1650 4 879
1661 4 24
1672 4 169
1683 4 995
1694 4 35
1705 4 453
1716 4 304
1727 4 155
1738 4 512
1749 4 288
1760 4 215
1771 4 768
1782 4 243
1793 4 799
1804 4 565
1815 4 741
1826 4 305
1837 4 947
1848 4 579
1859 4 451
1870 4 361
1881 4 72
1892 4 780
1903 4 621
1914 4 969
1925 4 181
1936 4 524
1947 4 53
1958 4 394
1969 4 765
1980 4 640
1991 4 298
2002 4 226
2013 4 432
2024 4 116
2035 4 605
2046 4 530
2057 4 862
2068 4 450
2079 4 164
2090 4 624
2101 4 661
2112 4 512
2123 4 439
2134 4 393
2145 4 746
2156 4 584
2167 4 256
2178 4 490
2189 4 226
2200 4 147
2211 4 462
2222 4 711
2233 4 140
2244 4 600
2255 4 44
2266 4 828
2277 4 960
2288 4 722
2299 4 194
2310 4 651
2321 4 457
2332 4 158
2343 4 671
2354 4 608
2365 4 50
2376 4 16
2387 4 941
2398 4 783
2409 4 113
2420 4 630
2431 4 97
2442 4 944
2453 4 269
2464 4 82
2475 4 431
2486 4 771
2497 4 203
2508 4 539
2519 4 474
2530 4 187
2541 4 463
2552 4 258
2563 4 10
2574 4 437
2585 4 46
2596 4 645
2607 4 476
2618 4 97
2629 4 918
2640 4 119
2651 4 673
2662 4 992
2673 4 303
2684 4 243
2695 4 753
2706 4 391
2717 4 320
2728 4 828
2739 4 951
2750 4 65
2761 4 173
2772 4 54
2783 4 452
2794 4 302
2805 4 487
2816 4 674
2827 4 854
2838 4 128
2849 4 643
2860 4 652
2871 4 641
2882 4 239
2893 4 579
2904 4 865
2915 4 638
2926 4 535
2937 4 988
2948 4 882
2959 4 125
2970 4 575
2981 4 223
2992 4 369
2 5 285
13 5 705
24 5 626
35 5 989
46 5 525
57 5 733
68 5 665
79 5 675
90 5 963
101 5 104
112 5 770
123 5 976
134 5 405
145 5 80
156 5 800
167 5 896
178 5 829
189 5 913
200 5 262
211 5 559
222 5 761
233 5 672
244 5 971
255 5 523
266 5 67
277 5 952
288 5 41
299 5 74
310 5 104
321 5 56
332 5 476
343 5 769
354 5 609
365 5 96
376 5 535
387 5 227
398 5 883
409 5 44
420 5 521
431 5 473
442 5 703
453 5 74
464 5 840
475 5 398
486 5 486
497 5 719
508 5 707
519 5 422
530 5 259
541 5 867
552 5 225
563 5 428
574 5 389
585 5 653
596 5 99
607 5 81
618 5 229
629 5 155
640 5 76
651 5 638
662 5 41
673 5 70
684 5 701
695 5 829
706 5 874
717 5 171
728 5 749
739 5 665
750 5 85
761 5 697
772 5 257
783 5 118
794 5 961
805 5 743
816 5 549
827 5 228
838 5 493
849 5 603
860 5 369
871 5 247
882 5 62
893 5 651
904 5 617
915 5 347
926 5 297
937 5 476
948 5 591
959 5 940
970 5 345
981 5 53
992 5 293
1003 5 595
1014 5 814
1025 5 773
1036 5 548
1047 5 156
1058 5 372
1069 5 643
1080 5 745
1091 5 933
1102 5 702
1113 5 743
1124 5 582
1135 5 938
1146 5 119
1157 5 316
1168 5 219
1179 5 678
1190 5 460
1201 5 846
1212 5 640
1223 5 718
1234 5 347
1245 5 577
1256 5 109
1267 5 597
1278 5 480
1289 5 556
1300 5 160
1311 5 122
1322 5 113
1333 5 518
1344 5 455
1355 5 720
1366 5 496
1377 5 275
1388 5 792
1399 5 395
1410 5 987
1421 5 663
1432 5 191
1443 5 696
1454 5 855
1465 5 429
1476 5 569
1487 5 923
1498 5 428
1509 5 281
1520 5 226
1531 5 461
1542 5 788
1553 5 68
1564 5 636
1575 5 769
1586 5 167
1597 5 796
1608 5 813
1619 5 768
1630 5 446
1641 5 103
1652 5 175
1663 5 483
1674 5 160
1685 5 158
1696 5 203
1707 5 138
1718 5 836
1729 5 667
1740 5 303
1751 5 738
1762 5 602
1773 5 132
1784 5 222
1795 5 874
1806 5 634
1817 5 989
1828 5 109
1839 5 408
1850 5 481
1861 5 614
1872 5 876
1883 5 910
1894 5 221
1905 5 763
1916 5 67
1927 5 913
1938 5 700
1949 5 203
1960 5 602
1971 5 473
1982 5 535
1993 5 533
2004 5 996
2015 5 701
2026 5 943
2037 5 369
2048 5 148
2059 5 797
2070 5 583
2081 5 199
2092 5 139
2103 5 237
2114 5 609
2125 5 266
2136 5 963
2147 5 987
2158 5 61
2169 5 309
2180 5 228
2191 5 470
2202 5 489
2213 5 847
2224 5 102
2235 5 230
2246 5 171
2257 5 119
2268 5 531
2279 5 33
2290 5 336
2301 5 908
2312 5 871
2323 5 680
2334 5 983
2345 5 924
2356 5 275
2367 5 492
2378 5 841
2389 5 66
2400 5 945
2411 5 942
2422 5 888
2433 5 2
2444 5 150
2455 5 652
2466 5 627
2477 5 512
2488 5 381
2499 5 664
2510 5 871
2521 5 205
2532 5 938
2543 5 554
2554 5 307
2565 5 800
2576 5 65
2587 5 323
2598 5 810
2609 5 605
2620 5 786
2631 5 682
2642 5 672
2653 5 950
2664 5 804
2675 5 265
2686 5 919
2697 5 488
2708 5 729
2719 5 999
2730 5 208
2741 5 2
2752 5 31
2763 5 710
2774 5 527
2785 5 489
2796 5 427
2807 5 607
2818 5 723
2829 5 12
2840 5 263
2851 5 695
2862 5 449
2873 5 15
2884 5 618
2895 5 534
2906 5 50
2917 5 816
2928 5 681
2939 5 659
2950 5 237
2961 5 375
2972 5 31
2983 5 502
2994 5 629
4 6 682
15 6 668
26 6 211
37 6 544
48 6 211
59 6 326
70 6 342
81 6 171
92 6 955
103 6 102
114 6 329
125 6 767
136 6 153
147 6 83
158 6 947
169 6 501
180 6 225
191 6 421
202 6 582
213 6 414
224 6 23
235 6 553
246 6 794
257 6 843
268 6 949
279 6 787
290 6 986
301 6 753
312 6 531
323 6 872
334 6 823
345 6 627
356 6 658
367 6 213
378 6 616
389 6 105
400 6 634
411 6 530
422 6 602
433 6 38
444 6 768
455 6 596
466 6 726
477 6 440
488 6 129
499 6 817
510 6 840
521 6 118
532 6 362
543 6 631
554 6 785
565 6 117
576 6 898
587 6 707
598 6 752
609 6 521
620 6 45
631 6 927
642 6 127
653 6 510
664 6 54
675 6 833
686 6 912
697 6 407
708 6 530
719 6 194
730 6 299
741 6 581
752 6 790
763 6 153
774 6 510
785 6 533
796 6 359
807 6 475
818 6 834
829 6 781
840 6 131
851 6 317
862 6 330
873 6 124
884 6 839
895 6 265
906 6 332
917 6 242
928 6 185
939 6 975
950 6 715
961 6 745
972 6 542
983 6 636
994 6 840
1005 6 859
1016 6 88
1027 6 701
1038 6 412
1049 6 782
1060 6 381
1071 6 876
1082 6 253
1093 6 846
1104 6 571
1115 6 353
1126 6 831
1137 6 61
1148 6 921
1159 6 393
1170 6 374
1181 6 664
1192 6 867
1203 6 416
1214 6 347
1225 6 272
1236 6 559
1247 6 96
1258 6 776
1269 6 153
1280 6 503
1291 6 941
1302 6 286
1313 6 724
1324 6 600
1335 6 418
1346 6 148
1357 6 555
1368 6 264
1379 6 297
1390 6 432
1401 6 434
1412 6 825
1423 6 518
1434 6 252
1445 6 141
1456 6 836
1467 6 574
1478 6 886
1489 6 42
1500 6 717
1511 6 422
1522 6 436
1533 6 240
1544 6 270
1555 6 115
1566 6 303
1577 6 330
1588 6 471
1599 6 700
1610 6 997
1621 6 740
1632 6 801
1643 6 337
1654 6 150
1665 6 842
1676 6 148
1687 6 997
1698 6 788
1709 6 428
1720 6 198
1731 6 14
1742 6 79
1753 6 172
1764 6 407
1775 6 850
1786 6 351
1797 6 778
1808 6 882
1819 6 861
1830 6 827
1841 6 463
1852 6 243
1863 6 347
1874 6 458
1885 6 428
1896 6 155
1907 6 146
1918 6 775
1929 6 768
1940 6 170
1951 6 496
1962 6 73
1973 6 262
1984 6 307
1995 6 107
2006 6 674
2017 6 645
2028 6 927
2039 6 730
2050 6 533
2061 6 42
2072 6 427
2083 6 91
2094 6 961
2105 6 82
2116 6 530
2127 6 373
2138 6 780
2149 6 729
2160 6 990
2171 6 69
2182 6 361
2193 6 216
2204 6 978
2215 6 610
2226 6 270
2237 6 685
2248 6 809
2259 6 485
2270 6 261
2281 6 524
2292 6 143
2303 6 286
2314 6 418
2325 6 873
2336 6 123
2347 6 481
2358 6 834
2369 6 422
2380 6 145
2391 6 537
2402 6 769
2413 6 94
2424 6 578
2435 6 659
2446 6 13
2457 6 354
2468 6 846
2479 6 143
2490 6 816
2501 6 500
2512 6 737
2523 6 180
2534 6 149
2545 6 508
2556 6 680
2567 6 209
2578 6 438
2589 6 622
2600 6 855
2611 6 850
2622 6 721
2633 6 577
2644 6 850
2655 6 839
2666 6 916
2677 6 132
2688 6 676
2699 6 69
2710 6 176
2721 6 553
2732 6 815
2743 6 902
2754 6 638
2765 6 439
2776 6 324
2787 6 378
2798 6 752
2809 6 374
2820 6 737
2831 6 969
2842 6 60
2853 6 201
2864 6 670
2875 6 47
2886 6 663
2897 6 923
2908 6 702
2919 6 15
2930 6 589
2941 6 145
2952 6 65
2963 6 190
2974 6 55
2985 6 967
2996 6 940
6 7 557
17 7 417
28 7 942
39 7 761
50 7 359
61 7 967
72 7 489
83 7 830
94 7 971
105 7 342
116 7 263
127 7 926
138 7 916
149 7 729
160 7 628
171 7 507
182 7 771
193 7 414
204 7 174
215 7 726
226 7 640
237 7 142
248 7 496
259 7 877
270 7 36
281 7 141
292 7 206
303 7 597
314 7 970
325 7 221
336 7 75
347 7 87
358 7 381
369 7 27
380 7 874
391 7 534
402 7 167
413 7 187
424 7 126
435 7 921
446 7 595
457 7 19
468 7 360
479 7 406
490 7 726
501 7 64
512 7 652
523 7 104
534 7 431
545 7 228
556 7 773
567 7 425
578 7 415
589 7 416
600 7 394
611 7 794
622 7 603
633 7 928
644 7 373
655 7 929
666 7 267
677 7 461
688 7 793
699 7 548
710 7 183
721 7 274
732 7 690
743 7 980
754 7 259
765 7 387
776 7 581
787 7 339
798 7 749
809 7 252
820 7 994
831 7 184
842 7 171
853 7 880
864 7 540
875 7 421
886 7 981
897 7 951
908 7 558
919 7 510
930 7 862
941 7 666
952 7 852
963 7 980
974 7 431
985 7 417
996 7 511
1007 7 123
1018 7 783
1029 7 198
1040 7 610
1051 7 712
1062 7 488
1073 7 205
1084 7 465
1095 7 942
1106 7 389
1117 7 847
1128 7 625
1139 7 482
1150 7 43
1161 7 225
1172 7 207
1183 7 68
1194 7 77
1205 7 538
1216 7 733
1227 7 328
1238 7 273
1249 7 586
1260 7 805
1271 7 938
1282 7 389
1293 7 284
1304 7 45
1315 7 492
1326 7 550
1337 7 760
1348 7 978
1359 7 298
1370 7 567
1381 7 988
1392 7 21
1403 7 555
1414 7 325
1425 7 407
1436 7 278
1447 7 425
1458 7 11
1469 7 407
1480 7 680
1491 7 10
1502 7 856
1513 7 724
1524 7 62
1535 7 953
1546 7 726
1557 7 432
1568 7 806
1579 7 785
1590 7 927
1601 7 394
1612 7 469
1623 7 413
1634 7 416
1645 7 543
1656 7 528
1667 7 954
1678 7 714
1689 7 358
1700 7 638
1711 7 291
1722 7 417
1733 7 634
1744 7 324
1755 7 827
1766 7 255
1777 7 242
1788 7 827
1799 7 924
1810 7 461
1821 7 991
1832 7 538
1843 7 811
1854 7 365
1865 7 349
1876 7 8
1887 7 719
1898 7 71
1909 7 30
1920 7 156
1931 7 795
1942 7 420
1953 7 905
1964 7 627
1975 7 691
1986 7 904
1997 7 192
2008 7 377
2019 7 799
2030 7 879
2041 7 331
2052 7 160
2063 7 849
2074 7 290
2085 7 629
2096 7 684
2107 7 81
2118 7 32
2129 7 417
2140 7 9
2151 7 6
2162 7 997
2173 7 948
2184 7 416
2195 7 20
2206 7 217
2217 7 308
2228 7 79
2239 7 263
2250 7 998
2261 7 879
2272 7 679
2283 7 4
2294 7 800
2305 7 473
2316 7 46
2327 7 29
2338 7 81
2349 7 57
2360 7 150
2371 7 913
2382 7 813
2393 7 409
2404 7 563
2415 7 654
2426 7 842
2437 7 490
2448 7 987
2459 7 400
2470 7 61
2481 7 290
2492 7 67
2503 7 124
2514 7 162
2525 7 114
2536 7 11
2547 7 790
2558 7 601
2569 7 72
2580 7 516
2591 7 830
2602 7 157
2613 7 653
2624 7 241
2635 7 598
2646 7 768
2657 7 953
2668 7 521
2679 7 915
2690 7 452
2701 7 387
2712 7 6
2723 7 256
2734 7 297
2745 7 875
2756 7 22
2767 7 416
2778 7 748
2789 7 886
2800 7 85
2811 7 279
2822 7 648
2833 7 893
2844 7 829
2855 7 422
2866 7 493
2877 7 823
2888 7 292
2899 7 217
2910 7 60
2921 7 34
2932 7 835
2943 7 93
2954 7 626
2965 7 306
2976 7 36
2987 7 575
2998 7 148
8 8 221
19 8 111
30 8 209
41 8 913
52 8 269
63 8 124
74 8 267
85 8 271
96 8 340
107 8 265
118 8 477
129 8 226
140 8 215
151 8 545
162 8 660
173 8 751
184 8 414
195 8 645
206 8 617
217 8 463
228 8 381
239 8 1
250 8 566
261 8 437
272 8 971
283 8 867
294 8 827
305 8 765
316 8 34
327 8 628
338 8 185
349 8 242
360 8 545
371 8 372
382 8 619
393 8 247
404 8 950
415 8 772
426 8 821
437 8 932
448 8 137
459 8 673
470 8 776
481 8 337
492 8 477
503 8 92
514 8 922
525 8 33
536 8 330
547 8 481
558 8 917
569 8 256
580 8 567
591 8 923
602 8 835
613 8 823
624 8 49
635 8 14
646 8 626
657 8 942
668 8 727
679 8 428
690 8 205
701 8 487
712 8 687
723 8 565
734 8 475
745 8 371
756 8 920
767 8 720
778 8 326
789 8 900
800 8 162
811 8 771
822 8 548
833 8 60
844 8 719
855 8 748
866 8 780
877 8 110
888 8 435
899 8 558
910 8 66
921 8 270
932 8 269
943 8 12
954 8 203
965 8 475
976 8 799
987 8 929
998 8 455
1009 8 779
1020 8 764
1031 8 419
1042 8 937
1053 8 78
1064 8 92
1075 8 483
1086 8 320
1097 8 920
1108 8 105
1119 8 263
1130 8 439
1141 8 78
1152 8 492
1163 8 225
1174 8 597
1185 8 111
1196 8 312
1207 8 176
1218 8 4
1229 8 422
1240 8 174
1251 8 985
1262 8 705
1273 8 858
1284 8 342
1295 8 152
1306 8 9
1317 8 30
1328 8 96
1339 8 321
1350 8 636
1361 8 877
1372 8 909
1383 8 68
1394 8 77
1405 8 860
1416 8 83
1427 8 166
1438 8 359
1449 8 122
1460 8 150
1471 8 38
1482 8 892
1493 8 149
1504 8 525
1515 8 892
1526 8 878
1537 8 829
1548 8 961
1559 8 497
1570 8 235
1581 8 987
1592 8 273
1603 8 221
1614 8 716
1625 8 368
1636 8 79
1647 8 175
1658 8 539
1669 8 510
1680 8 229
1691 8 305
1702 8 645
1713 8 699
1724 8 590
1735 8 305
1746 8 1000
1757 8 397
1768 8 388
1779 8 232
1790 8 323
1801 8 918
1812 8 258
1823 8 732
1834 8 904
1845 8 64
1856 8 534
1867 8 196
1878 8 64
1889 8 9
1900 8 481
1911 8 897
1922 8 88
1933 8 294
1944 8 454
1955 8 183
1966 8 949
1977 8 680
1988 8 856
1999 8 752
2010 8 468
2021 8 768
2032 8 417
2043 8 645
2054 8 507
2065 8 77
2076 8 130
2087 8 294
2098 8 75
2109 8 769
2120 8 48
2131 8 165
2142 8 990
2153 8 651
2164 8 551
2175 8 918
2186 8 705
2197 8 642
2208 8 380
2219 8 927
2230 8 13
2241 8 703
2252 8 628
2263 8 621
2274 8 659
2285 8 399
2296 8 566
2307 8 877
2318 8 526
2329 8 819
2340 8 27
2351 8 881
2362 8 907
2373 8 608
2384 8 954
2395 8 654
2406 8 897
2417 8 720
2428 8 645
2439 8 94
2450 8 876
2461 8 907
2472 8 426
2483 8 401
2494 8 646
2505 8 328
2516 8 315
2527 8 157
2538 8 928
2549 8 70
2560 8 803
2571 8 675
2582 8 919
2593 8 386
2604 8 321
2615 8 199
2626 8 603
2637 8 62
2648 8 672
2659 8 962
2670 8 162
2681 8 862
2692 8 100
2703 8 662
2714 8 250
2725 8 851
2736 8 62
2747 8 559
2758 8 228
2769 8 336
2780 8 471
2791 8 159
2802 8 472
2813 8 326
2824 8 731
2835 8 341
2846 8 15
2857 8 178
2868 8 553
2879 8 97
2890 8 899
2901 8 473
2912 8 736
2923 8 78
2934 8 532
2945 8 688
2956 8 75
2967 8 743
2978 8 736
2989 8 60
10 9 727
21 9 335
32 9 47
43 9 947
54 9 922
65 9 229
76 9 443
87 9 521
98 9 486
109 9 707
120 9 605
131 9 390
142 9 43
153 9 893
164 9 770
175 9 904
186 9 485
197 9 967
208 9 678
219 9 77
230 9 644
241 9 773
252 9 131
263 9 707
274 9 79
285 9 383
296 9 174
307 9 169
318 9 871
329 9 293
340 9 998
351 9 476
362 9 374
373 9 806
384 9 583
395 9 329
406 9 298
417 9 129
428 9 979
439 9 813
450 9 739
461 9 975
472 9 526
483 9 699
494 9 511
505 9 692
516 9 977
527 9 120
538 9 820
549 9 373
560 9 756
571 9 550
582 9 959
593 9 346
604 9 208
615 9 906
626 9 12
637 9 778
648 9 54
659 9 120
670 9 910
681 9 13
692 9 389
703 9 604
714 9 310
725 9 89
736 9 639
747 9 191
758 9 931
769 9 929
780 9 269
791 9 886
802 9 583
813 9 484
824 9 120
835 9 368
846 9 857
857 9 164
868 9 733
879 9 350
890 9 576
901 9 521
912 9 676
923 9 170
934 9 917
945 9 191
956 9 202
967 9 95
978 9 912
989 9 368
1000 9 137
1011 9 793
1022 9 985
1033 9 905
1044 9 538
1055 9 232
1066 9 87
1077 9 257
1088 9 64
1099 9 317
1110 9 527
1121 9 473
1132 9 411
1143 9 754
1154 9 963
1165 9 751
1176 9 833
1187 9 482
1198 9 33
1209 9 597
1220 9 64
1231 9 749
1242 9 672
1253 9 823
1264 9 224
1275 9 809
1286 9 305
1297 9 40
1308 9 48
1319 9 934
1330 9 701
1341 9 737
1352 9 977
1363 9 196
1374 9 191
1385 9 738
1396 9 400
1407 9 628
1418 9 1000
1429 9 703
1440 9 58
1451 9 174
1462 9 481
1473 9 705
1484 9 583
1495 9 788
1506 9 205
1517 9 52
1528 9 36
1539 9 44
1550 9 693
1561 9 503
1572 9 806
1583 9 792
1594 9 401
1605 9 132
1616 9 43
1627 9 654
1638 9 239
1649 9 686
1660 9 863
1671 9 764
1682 9 699
1693 9 895
1704 9 404
1715 9 712
1726 9 516
1737 9 414
1748 9 630
1759 9 950
1770 9 468
1781 9 355
1792 9 1
1803 9 398
1814 9 525
1825 9 593
1836 9 693
1847 9 733
1858 9 296
1869 9 688
1880 9 665
1891 9 381
1902 9 541
1913 9 372
1924 9 789
1935 9 727
1946 9 665
1957 9 554
1968 9 180
1979 9 316
1990 9 93
2001 9 24
2012 9 183
2023 9 34
2034 9 94
2045 9 856
2056 9 456
2067 9 977
2078 9 309
2089 9 560
2100 9 133
2111 9 177
2122 9 691
2133 9 798
2144 9 520
2155 9 157
2166 9 576
2177 9 133
2188 9 737
2199 9 178
2210 9 341
2221 9 726
2232 9 692
2243 9 585
2254 9 1000
2265 9 853
2276 9 753
2287 9 132
2298 9 622
2309 9 648
2320 9 627
2331 9 197
2342 9 959
2353 9 641
2364 9 413
2375 9 952
2386 9 687
2397 9 296
2408 9 732
2419 9 250
2430 9 360
2441 9 946
2452 9 904
2463 9 578
2474 9 486
2485 9 165
2496 9 384
2507 9 548
2518 9 19
2529 9 309
2540 9 344
2551 9 863
2562 9 283
2573 9 220
2584 9 151
2595 9 970
2606 9 143
2617 9 856
2628 9 971
2639 9 670
2650 9 657
2661 9 624
2672 9 527
2683 9 323
2694 9 7
2705 9 629
2716 9 139
2727 9 140
2738 9 303
2749 9 876
2760 9 241
2771 9 464
2782 9 654
2793 9 676
2804 9 639
2815 9 810
2826 9 608
2837 9 439
2848 9 536
2859 9 789
2870 9 255
2881 9 436
2892 9 337
2903 9 975
2914 9 201
2925 9 999
2936 9 699
2947 9 928
2958 9 974
2969 9 488
2980 9 434
2991 9 574
1 10 251
12 10 657
23 10 496
34 10 125
45 10 325
56 10 727
67 10 844
78 10 144
89 10 302
100 10 931
111 10 845
122 10 446
133 10 692
144 10 29
155 10 936
166 10 495
177 10 563
188 10 469
199 10 955
210 10 998
221 10 278
232 10 201
243 10 428
254 10 859
265 10 886
276 10 934
287 10 827
298 10 812
309 10 557
320 10 276
331 10 698
342 10 162
353 10 457
364 10 875
375 10 911
386 10 770
397 10 409
408 10 572
419 10 93
430 10 573
441 10 636
452 10 990
463 10 726
474 10 158
485 10 783
496 10 174
507 10 266
518 10 122
529 10 222
540 10 618
551 10 339
562 10 445
573 10 681
584 10 805
595 10 52
606 10 434
617 10 249
628 10 521
639 10 624
650 10 979
661 10 639
672 10 296
683 10 535
694 10 557
705 10 129
716 10 475
727 10 792
738 10 827
749 10 611
760 10 950
771 10 432
782 10 758
793 10 97
804 10 600
815 10 728
826 10 629
837 10 50
848 10 924
859 10 959
870 10 194
881 10 851
892 10 483
903 10 884
914 10 7
925 10 955
936 10 630
947 10 225
958 10 224
969 10 853
980 10 642
991 10 623
1002 10 785
1013 10 155
1024 10 154
1035 10 103
1046 10 904
1057 10 304
1068 10 45
1079 10 266
1090 10 465
1101 10 184
1112 10 450
1123 10 190
1134 10 832
1145 10 343
1156 10 76
1167 10 77
1178 10 69
1189 10 543
1200 10 767
1211 10 627
1222 10 230
1233 10 875
1244 10 662
1255 10 904
1266 10 478
1277 10 196
1288 10 942
1299 10 177
1310 10 136
1321 10 959
1332 10 109
1343 10 676
1354 10 828
1365 10 127
1376 10 979
1387 10 251
1398 10 249
1409 10 429
1420 10 859
1431 10 108
1442 10 863
1453 10 888
1464 10 131
1475 10 566
1486 10 361
1497 10 515
1508 10 559
1519 10 24
1530 10 449
1541 10 660
1552 10 506
1563 10 97
1574 10 392
1585 10 970
1596 10 963
1607 10 431
1618 10 210
1629 10 680
1640 10 149
1651 10 649
1662 10 317
1673 10 918
1684 10 847
1695 10 809
1706 10 707
1717 10 472
1728 10 244
1739 10 694
1750 10 382
1761 10 565
1772 10 556
1783 10 714
1794 10 400
1805 10 447
1816 10 428
1827 10 283
1838 10 963
1849 10 155
1860 10 19
1871 10 190
1882 10 589
1893 10 807
1904 10 148
1915 10 428
1926 10 160
1937 10 50
1948 10 332
1959 10 362
1970 10 558
1981 10 744
1992 10 149
2003 10 578
2014 10 827
2025 10 236
2036 10 530
2047 10 792
2058 10 295
2069 10 306
2080 10 667
2091 10 478
2102 10 619
2113 10 513
2124 10 791
2135 10 692
2146 10 305
2157 10 990
2168 10 441
2179 10 159
2190 10 671
2201 10 883
2212 10 646
2223 10 468
2234 10 487
2245 10 800
2256 10 478
2267 10 801
2278 10 755
2289 10 355
2300 10 186
2311 10 657
2322 10 259
2333 10 233
2344 10 953
2355 10 424
2366 10 965
2377 10 269
2388 10 259
2399 10 3
2410 10 509
2421 10 899
2432 10 822
2443 10 240
2454 10 95
2465 10 466
2476 10 76
2487 10 782
2498 10 59
2509 10 444
2520 10 241
2531 10 617
2542 10 712
2553 10 692
2564 10 969
2575 10 952
2586 10 414
2597 10 246
2608 10 464
2619 10 191
2630 10 523
2641 10 208
2652 10 990
2663 10 145
2674 10 513
2685 10 264
2696 10 280
2707 10 767
2718 10 701
2729 10 958
2740 10 830
2751 10 956
2762 10 284
2773 10 964
2784 10 381
2795 10 270
2806 10 546
2817 10 441
2828 10 971
2839 10 522
2850 10 814
2861 10 406
2872 10 598
2883 10 416
2894 10 126
2905 10 97
2916 10 927
2927 10 615
2938 10 501
2949 10 242
2960 10 246
2971 10 502
2982 10 851
2993 10 805
3 11 480
14 11 357
25 11 132
36 11 242
47 11 622
58 11 343
69 11 381
80 11 10
91 11 466
102 11 650
113 11 691
124 11 407
135 11 497
146 11 359
157 11 77
168 11 560
179 11 522
190 11 518
201 11 791
212 11 250
223 11 266
234 11 700
245 11 122
256 11 436
267 11 816
278 11 93
289 11 203
300 11 7
311 11 849
322 11 534
333 11 130
344 11 338
355 11 359
366 11 788
377 11 749
388 11 293
399 11 822
410 11 371
421 11 822
432 11 983
443 11 903
454 11 384
465 11 742
476 11 162
487 11 353
498 11 830
509 11 544
520 11 175
531 11 809
542 11 98
553 11 813
564 11 991
575 11 591
586 11 349
597 11 656
608 11 662
619 11 244
630 11 986
641 11 125
652 11 615
663 11 714
674 11 680
685 11 170
696 11 947
707 11 859
718 11 484
729 11 944
740 11 766
751 11 354
762 11 626
773 11 638
784 11 465
795 11 155
806 11 640
817 11 645
828 11 246
839 11 746
850 11 435
861 11 229
872 11 108
883 11 753
894 11 750
905 11 256
916 11 15
927 11 824
938 11 68
949 11 397
960 11 37
971 11 204
982 11 783
993 11 149
1004 11 434
1015 11 491
1026 11 681
1037 11 191
1048 11 325
1059 11 703
1070 11 362
1081 11 75
1092 11 766
1103 11 183
1114 11 428
1125 11 664
1136 11 565
1147 11 119
1158 11 922
1169 11 332
1180 11 146
1191 11 424
1202 11 74
1213 11 660
1224 11 462
1235 11 634
1246 11 368
1257 11 474
1268 11 690
1279 11 153
1290 11 835
1301 11 271
1312 11 946
1323 11 616
1334 11 652
1345 11 780
1356 11 123
1367 11 440
1378 11 698
1389 11 835
1400 11 391
1411 11 237
1422 11 42
1433 11 774
1444 11 837
1455 11 16
1466 11 130
1477 11 277
1488 11 132
1499 11 90
1510 11 119
1521 11 216
1532 11 890
1543 11 613
1554 11 448
1565 11 677
1576 11 348
1587 11 506
1598 11 419
1609 11 47
1620 11 280
1631 11 15
1642 11 682
1653 11 136
1664 11 802
1675 11 243
1686 11 695
1697 11 323
1708 11 261
1719 11 488
1730 11 873
1741 11 103
1752 11 590
1763 11 936
1774 11 538
1785 11 343
1796 11 471
1807 11 18
1818 11 80
1829 11 622
1840 11 485
1851 11 293
1862 11 77
1873 11 454
1884 11 17
1895 11 877
1906 11 393
1917 11 905
1928 11 826
1939 11 660
1950 11 91
1961 11 500
1972 11 690
1983 11 994
1994 11 1
2005 11 384
2016 11 521
2027 11 171
2038 11 501
2049 11 555
2060 11 866
2071 11 285
2082 11 431
2093 11 124
2104 11 369
2115 11 51
2126 11 129
2137 11 603
2148 11 7
2159 11 329
2170 11 924
2181 11 436
2192 11 930
2203 11 975
2214 11 995
2225 11 948
2236 11 377
2247 11 95
2258 11 419
2269 11 570
2280 11 356
2291 11 174
2302 11 432
2313 11 646
2324 11 91
2335 11 470
2346 11 587
2357 11 78
2368 11 589
2379 11 811
2390 11 991
2401 11 679
2412 11 227
2423 11 443
2434 11 812
2445 11 721
2456 11 631
2467 11 866
2478 11 659
2489 11 702
2500 11 218
2511 11 938
2522 11 213
2533 11 513
2544 11 424
2555 11 23
2566 11 68
2577 11 710
2588 11 82
2599 11 691
2610 11 547
2621 11 409
2632 11 854
2643 11 435
2654 11 491
2665 11 917
2676 11 457
2687 11 32
2698 11 994
2709 11 810
2720 11 658
2731 11 508
2742 11 459
2753 11 607
2764 11 301
2775 11 366
2786 11 463
2797 11 748
2808 11 181
2819 11 97
2830 11 854
2841 11 290
2852 11 949
2863 11 436
2874 11 827
2885 11 65
2896 11 399
2907 11 933
2918 11 491
2929 11 378
2940 11 304
2951 11 396
2962 11 152
2973 11 311
2984 11 5
2995 11 710
5 12 416
16 12 597
27 12 409
38 12 458
49 12 19
60 12 268
71 12 314
82 12 7
93 12 483
104 12 746
115 12 723
126 12 734
137 12 307
148 12 194
159 12 202
170 12 98
181 12 671
192 12 719
203 12 823
214 12 655
225 12 523
236 12 254
247 12 778
258 12 942
269 12 466
280 12 902
291 12 95
302 12 187
313 12 744
324 12 426
335 12 661
346 12 201
357 12 449
368 12 646
379 12 367
390 12 212
401 12 55
412 12 261
423 12 269
434 12 976
445 12 406
456 12 793
467 12 982
478 12 247
489 12 950
500 12 369
511 12 638
522 12 645
533 12 705
544 12 318
555 12 358
566 12 529
577 12 504
588 12 91
599 12 912
610 12 960
621 12 832
632 12 929
643 12 745
654 12 83
665 12 689
676 12 464
687 12 583
698 12 539
709 12 832
720 12 683
731 12 298
742 12 8
753 12 478
764 12 299
775 12 918
786 12 528
797 12 422
808 12 743
819 12 420
830 12 4
841 12 482
852 12 399
863 12 889
874 12 589
885 12 693
896 12 909
907 12 571
918 12 831
929 12 277
940 12 192
951 12 51
962 12 712
973 12 425
984 12 285
995 12 87
1006 12 439
1017 12 246
1028 12 540
1039 12 429
1050 12 410
1061 12 82
1072 12 142
1083 12 734
1094 12 540
1105 12 71
1116 12 309
1127 12 97
1138 12 579
1149 12 25
1160 12 512
1171 12 680
1182 12 947
1193 12 489
1204 12 16
1215 12 418
1226 12 487
1237 12 333
1248 12 169
1259 12 921
1270 12 430
1281 12 912
1292 12 365
1303 12 660
1314 12 970
1325 12 247
1336 12 307
1347 12 576
1358 12 341
1369 12 498
1380 12 288
1391 12 400
1402 12 506
1413 12 165
1424 12 398
1435 12 175
1446 12 836
1457 12 394
1468 12 141
1479 12 841
1490 12 457
1501 12 29
1512 12 139
1523 12 197
1534 12 441
1545 12 982
1556 12 71
1567 12 5
1578 12 643
1589 12 163
1600 12 120
1611 12 54
1622 12 818
1633 12 352
1644 12 78
1655 12 370
1666 12 857
1677 12 162
1688 12 693
1699 12 60
1710 12 88
1721 12 693
1732 12 504
1743 12 658
1754 12 745
1765 12 625
1776 12 596
1787 12 38
1798 12 796
1809 12 755
1820 12 943
1831 12 25
1842 12 457
1853 12 944
1864 12 195
1875 12 391
1886 12 467
1897 12 126
1908 12 783
1919 12 246
1930 12 981
1941 12 88
1952 12 254
1963 12 743
1974 12 316
1985 12 89
1996 12 826
2007 12 519
2018 12 418
2029 12 441
2040 12 491
2051 12 665
2062 12 310
2073 12 146
2084 12 986
2095 12 962
2106 12 986
2117 12 888
2128 12 875
2139 12 104
2150 12 150
2161 12 292
2172 12 84
2183 12 661
2194 12 876
2205 12 389
2216 12 889
2227 12 431
2238 12 759
2249 12 847
2260 12 590
2271 12 893
2282 12 419
2293 12 701
2304 12 801
2315 12 121
2326 12 426
2337 12 782
2348 12 514
2359 12 920
2370 12 862
2381 12 45
2392 12 401
2403 12 247
2414 12 417
2425 12 21
2436 12 961
2447 12 238
2458 12 553
2469 12 78
2480 12 44
2491 12 780
2502 12 576
2513 12 378
2524 12 853
2535 12 113
2546 12 809
2557 12 162
2568 12 266
2579 12 871
2590 12 924
2601 12 373
2612 12 134
2623 12 220
2634 12 998
2645 12 92
2656 12 227
2667 12 265
2678 12 803
2689 12 534
2700 12 968
2711 12 275
2722 12 458
2733 12 192
2744 12 510
2755 12 122
2766 12 424
2777 12 286
2788 12 261
2799 12 195
2810 12 22
2821 12 985
2832 12 710
2843 12 832
2854 12 556
2865 12 501
2876 12 257
2887 12 757
2898 12 343
2909 12 41
2920 12 464
2931 12 457
2942 12 698
2953 12 838
2964 12 576
2975 12 768
2986 12 722
2997 12 563
7 13 27
18 13 586
29 13 95
40 13 263
51 13 835
62 13 140
73 13 794
84 13 878
95 13 299
106 13 707
117 13 401
128 13 920
139 13 410
150 13 948
161 13 738
172 13 273
183 13 43
194 13 207
205 13 733
216 13 342
227 13 412
238 13 798
249 13 603
260 13 654
271 13 162
282 13 981
293 13 570
304 13 785
315 13 89
326 13 384
337 13 597
348 13 173
359 13 646
370 13 157
381 13 91
392 13 129
403 13 974
414 13 259
425 13 126
436 13 773
447 13 345
458 13 314
469 13 558
480 13 995
491 13 886
502 13 472
513 13 710
524 13 211
535 13 170
546 13 668
557 13 245
568 13 306
579 13 275
590 13 535
601 13 262
612 13 208
623 13 581
634 13 396
645 13 459
656 13 222
667 13 232
678 13 365
689 13 133
700 13 519
711 13 356
722 13 111
733 13 488
744 13 733
755 13 306
766 13 2
777 13 64
788 13 322
799 13 517
810 13 929
821 13 528
832 13 616
843 13 344
854 13 402
865 13 266
876 13 114
887 13 449
898 13 536
909 13 223
920 13 790
931 13 420
942 13 437
953 13 682
964 13 273
975 13 933
986 13 407
997 13 40
1008 13 249
1019 13 536
1030 13 378
1041 13 980
1052 13 340
1063 13 445
1074 13 550
1085 13 158
1096 13 885
1107 13 385
1118 13 35
1129 13 80
1140 13 394
1151 13 218
1162 13 952
1173 13 558
1184 13 995
1195 13 336
1206 13 240
1217 13 88
1228 13 601
1239 13 631
1250 13 48
1261 13 175
1272 13 608
1283 13 715
1294 13 568
1305 13 4
1316 13 133
1327 13 754
1338 13 439
1349 13 195
1360 13 19
1371 13 813
1382 13 737
1393 13 68
1404 13 610
1415 13 931
1426 13 612
1437 13 881
1448 13 389
1459 13 348
1470 13 357
1481 13 703
1492 13 17
1503 13 86
1514 13 816
1525 13 587
1536 13 153
1547 13 283
1558 13 593
1569 13 722
1580 13 884
1591 13 544
1602 13 770
1613 13 909
1624 13 393
1635 13 801
1646 13 688
1657 13 89
1668 13 449
1679 13 68
1690 13 9
1701 13 587
1712 13 553
1723 13 604
1734 13 415
1745 13 701
1756 13 625
1767 13 685
1778 13 699
1789 13 473
1800 13 340
1811 13 128
1822 13 410
1833 13 472
1844 13 892
1855 13 504
1866 13 67
1877 13 33
1888 13 868
1899 13 363
1910 13 882
1921 13 132
1932 13 171
1943 13 573
1954 13 731
1965 13 454
1976 13 133
1987 13 517
1998 13 870
2009 13 607
2020 13 414
2031 13 559
2042 13 921
2053 13 261
2064 13 536
2075 13 702
2086 13 974
2097 13 971
2108 13 655
2119 13 191
2130 13 686
2141 13 744
2152 13 505
2163 13 594
2174 13 210
2185 13 797
2196 13 490
2207 13 903
2218 13 555
2229 13 94
2240 13 207
2251 13 311
2262 13 5
2273 13 649
2284 13 392
2295 13 245
2306 13 983
2317 13 384
2328 13 638
2339 13 584
2350 13 76
2361 13 313
2372 13 76
2383 13 256
2394 13 56
2405 13 817
2416 13 595
2427 13 70
2438 13 363
2449 13 266
2460 13 698
2471 13 14
2482 13 354
2493 13 969
2504 13 361
2515 13 723
2526 13 74
2537 13 459
2548 13 847
2559 13 545
2570 13 280
2581 13 715
2592 13 751
2603 13 432
2614 13 768
2625 13 135
2636 13 372
2647 13 390
2658 13 69
2669 13 665
2680 13 716
2691 13 41
2702 13 232
2713 13 283
2724 13 500
2735 13 336
2746 13 901
2757 13 341
2768 13 55
2779 13 35
2790 13 988
2801 13 15
2812 13 234
2823 13 390
2834 13 264
2845 13 645
2856 13 279
2867 13 241
2878 13 444
2889 13 477
2900 13 366
2911 13 709
2922 13 507
2933 13 501
2944 13 369
2955 13 415
2966 13 860
2977 13 886
2988 13 275
2999 13 721
9 14 372
20 14 325
31 14 718
42 14 575
53 14 268
64 14 745
75 14 288
86 14 856
97 14 267
108 14 39
119 14 513
130 14 521
141 14 209
152 14 464
163 14 348
174 14 314
185 14 80
196 14 683
207 14 289
218 14 1000
229 14 742
240 14 887
251 14 352
262 14 7
273 14 727
284 14 636
295 14 701
306 14 894
317 14 760
328 14 745
339 14 483
350 14 478
361 14 656
372 14 225
383 14 272
394 14 930
405 14 709
416 14 51
427 14 891
438 14 850
449 14 552
460 14 74
471 14 106
482 14 858
493 14 469
504 14 713
515 14 418
526 14 824
537 14 577
548 14 691
559 14 147
570 14 132
581 14 66
592 14 515
603 14 17
614 14 414
625 14 644
636 14 421
647 14 526
658 14 647
669 14 600
680 14 335
691 14 6
702 14 671
713 14 512
724 14 676
735 14 798
746 14 35
757 14 827
768 14 462
779 14 564
790 14 803
801 14 353
812 14 563
823 14 368
834 14 252
845 14 322
856 14 953
867 14 561
878 14 395
889 14 850
900 14 950
911 14 600
922 14 609
933 14 161
944 14 624
955 14 881
966 14 398
977 14 704
988 14 479
999 14 426
1010 14 700
1021 14 22
1032 14 568
1043 14 580
1054 14 18
1065 14 631
1076 14 975
1087 14 593
1098 14 634
1109 14 20
1120 14 885
1131 14 453
1142 14 98
1153 14 85
1164 14 923
1175 14 610
1186 14 199
1197 14 551
1208 14 920
1219 14 521
1230 14 904
1241 14 724
1252 14 849
1263 14 614
1274 14 181
1285 14 199
1296 14 292
1307 14 640
1318 14 316
1329 14 660
1340 14 652
1351 14 794
1362 14 553
1373 14 507
1384 14 843
1395 14 713
1406 14 973
1417 14 913
1428 14 444
1439 14 701
1450 14 586
1461 14 47
1472 14 768
1483 14 292
1494 14 943
1505 14 646
1516 14 45
1527 14 466
1538 14 378
1549 14 530
1560 14 271
1571 14 423
1582 14 220
1593 14 807
1604 14 274
1615 14 376
1626 14 328
1637 14 470
1648 14 339
1659 14 899
1670 14 124
1681 14 651
1692 14 254
1703 14 248
1714 14 312
1725 14 513
1736 14 424
1747 14 489
1758 14 1000
1769 14 723
1780 14 148
1791 14 8
1802 14 904
1813 14 905
1824 14 929
1835 14 615
1846 14 201
1857 14 636
1868 14 460
1879 14 699
1890 14 23
1901 14 830
1912 14 550
1923 14 373
1934 14 812
1945 14 892
1956 14 721
1967 14 864
1978 14 608
1989 14 343
2000 14 396
2011 14 354
2022 14 276
2033 14 394
2044 14 702
2055 14 629
2066 14 665
2077 14 843
2088 14 568
2099 14 927
2110 14 718
2121 14 453
2132 14 499
2143 14 796
2154 14 572
2165 14 992
2176 14 819
2187 14 674
2198 14 461
2209 14 914
2220 14 467
2231 14 654
2242 14 135
2253 14 764
2264 14 403
2275 14 74
2286 14 624
2297 14 294
2308 14 24
2319 14 454
2330 14 569
2341 14 128
2352 14 755
2363 14 5
2374 14 574
2385 14 908
2396 14 158
2407 14 781
2418 14 326
2429 14 717
2440 14 927
2451 14 893
2462 14 593
2473 14 544
2484 14 599
2495 14 790
2506 14 904
2517 14 662
2528 14 371
2539 14 404
2550 14 71
2561 14 829
2572 14 385
2583 14 859
2594 14 917
2605 14 755
2616 14 855
2627 14 614
2638 14 497
2649 14 194
2660 14 769
2671 14 393
2682 14 487
2693 14 549
2704 14 711
2715 14 403
2726 14 832
2737 14 33
2748 14 123
2759 14 733
2770 14 483
2781 14 269
2792 14 383
2803 14 559
2814 14 54
2825 14 931
2836 14 968
2847 14 258
2858 14 506
2869 14 460
2880 14 433
2891 14 614
2902 14 795
2913 14 457
2924 14 82
2935 14 947
2946 14 384
2957 14 606
2968 14 761
2979 14 655
2990 14 997
0 15 487
11 15 353
22 15 471
33 15 247
44 15 285
55 15 795
66 15 171
77 15 424
88 15 678
99 15 644
110 15 452
121 15 673
132 15 671
143 15 944
154 15 402
165 15 155
176 15 89
187 15 20
198 15 122
209 15 686
220 15 391
231 15 857
242 15 803
253 15 218
264 15 292
275 15 183
286 15 551
297 15 45
308 15 772
319 15 531
330 15 487
341 15 414
352 15 289
363 15 509
374 15 953
385 15 601
396 15 961
407 15 114
418 15 99
429 15 405
440 15 172
451 15 732
462 15 220
473 15 411
484 15 208
495 15 29
506 15 416
517 15 396
528 15 252
539 15 763
550 15 728
561 15 282
572 15 688
583 15 690
594 15 87
605 15 807
616 15 264
627 15 553
638 15 688
649 15 391
660 15 995
671 15 647
682 15 459
693 15 299
704 15 850
715 15 386
726 15 269
737 15 629
748 15 964
759 15 158
770 15 922
781 15 288
792 15 198
803 15 262
814 15 851
825 15 635
836 15 944
847 15 61
858 15 743
869 15 737
880 15 845
891 15 225
902 15 508
913 15 967
924 15 447
935 15 358
946 15 235
957 15 778
968 15 953
979 15 982
990 15 141
1001 15 699
1012 15 961
1023 15 534
1034 15 886
1045 15 286
1056 15 71
1067 15 904
1078 15 45
1089 15 701
1100 15 1000
1111 15 658
1122 15 506
1133 15 11
1144 15 113
1155 15 825
1166 15 14
1177 15 739
1188 15 245
1199 15 95
1210 15 706
1221 15 553
1232 15 198
1243 15 948
1254 15 536
1265 15 967
1276 15 991
1287 15 54
1298 15 533
1309 15 713
1320 15 601
1331 15 110
1342 15 767
1353 15 385
1364 15 333
1375 15 465
1386 15 555
1397 15 6
1408 15 323
1419 15 388
1430 15 583
1441 15 357
1452 15 885
1463 15 803
1474 15 579
1485 15 235
1496 15 717
1507 15 40
1518 15 275
1529 15 468
1540 15 511
1551 15 572
1562 15 841
1573 15 895
1584 15 795
1595 15 993
1606 15 89
1617 15 49
1628 15 628
1639 15 378
1650 15 710
1661 15 672
1672 15 827
1683 15 98
1694 15 130
1705 15 633
1716 15 942
1727 15 150
1738 15 493
1749 15 722
1760 15 429
1771 15 911
1782 15 253
1793 15 995
1804 15 607
1815 15 287
1826 15 940
1837 15 60
1848 15 152
1859 15 958
1870 15 681
1881 15 272
1892 15 575
1903 15 423
1914 15 132
1925 15 392
1936 15 171
1947 15 764
1958 15 766
1969 15 775
1980 15 439
1991 15 163
2002 15 425
2013 15 692
2024 15 916
2035 15 380
2046 15 336
2057 15 912
2068 15 512
2079 15 758
2090 15 85
2101 15 722
2112 15 586
2123 15 965
2134 15 638
2145 15 67
2156 15 311
2167 15 444
2178 15 716
2189 15 138
2200 15 688
2211 15 152
2222 15 173
2233 15 257
2244 15 934
2255 15 85
2266 15 963
2277 15 343
2288 15 647
2299 15 173
2310 15 752
2321 15 272
2332 15 892
2343 15 973
2354 15 327
2365 15 39
2376 15 655
2387 15 987
2398 15 760
2409 15 540
2420 15 44
2431 15 294
2442 15 696
2453 15 361
2464 15 14
2475 15 103
2486 15 476
2497 15 70
2508 15 18
2519 15 680
2530 15 46
2541 15 718
2552 15 636
2563 15 596
2574 15 449
2585 15 426
2596 15 6
2607 15 724
2618 15 216
2629 15 412
2640 15 358
2651 15 483
2662 15 420
2673 15 95
2684 15 658
2695 15 388
2706 15 109
2717 15 567
2728 15 773
2739 15 183
2750 15 568
2761 15 155
2772 15 206
2783 15 229
2794 15 670
2805 15 69
2816 15 65
2827 15 624
2838 15 369
2849 15 348
2860 15 460
2871 15 667
2882 15 376
2893 15 337
2904 15 699
2915 15 464
2926 15 830
2937 15 103
2948 15 702
2959 15 245
2970 15 857
2981 15 128
2992 15 887
2 16 648
13 16 721
24 16 511
35 16 663
46 16 779
57 16 142
68 16 497
79 16 666
90 16 886
101 16 94
112 16 518
123 16 565
134 16 132
145 16 743
156 16 407
167 16 590
178 16 973
189 16 601
200 16 863
211 16 402
222 16 970
233 16 70
244 16 445
255 16 738
266 16 779
277 16 24
288 16 698
299 16 368
310 16 728
321 16 399
332 16 712
343 16 949
354 16 768
365 16 197
376 16 658
387 16 34
398 16 177
409 16 91
420 16 303
431 16 969
442 16 482
453 16 401
464 16 620
475 16 225
486 16 96
497 16 527
508 16 475
519 16 317
530 16 960
541 16 930
552 16 61
563 16 155
574 16 831
585 16 12
596 16 434
607 16 267
618 16 854
629 16 71
640 16 27
651 16 928
662 16 6
673 16 494
684 16 733
695 16 172
706 16 633
717 16 178
728 16 697
739 16 259
750 16 113
761 16 974
772 16 859
783 16 900
794 16 601
805 16 832
816 16 159
827 16 532
838 16 931
849 16 892
860 16 376
871 16 360
882 16 28
893 16 985
904 16 36
915 16 283
926 16 605
937 16 108
948 16 714
959 16 448
970 16 667
981 16 534
992 16 107
1003 16 564
1014 16 502
1025 16 395
1036 16 858
1047 16 795
1058 16 935
1069 16 249
1080 16 546
1091 16 159
1102 16 234
1113 16 45
1124 16 359
1135 16 170
1146 16 796
1157 16 377
1168 16 697
1179 16 17
1190 16 598
1201 16 243
1212 16 98
1223 16 193
1234 16 678
1245 16 541
1256 16 571
1267 16 905
1278 16 958
1289 16 306
1300 16 243
1311 16 379
1322 16 413
1333 16 697
1344 16 856
1355 16 474
1366 16 243
1377 16 472
1388 16 326
1399 16 296
1410 16 982
1421 16 116
1432 16 283
1443 16 999
1454 16 500
1465 16 129
1476 16 814
1487 16 185
1498 16 135
1509 16 503
1520 16 842
1531 16 280
1542 16 850
1553 16 783
1564 16 888
1575 16 903
1586 16 159
1597 16 502
1608 16 616
1619 16 914
1630 16 14
1641 16 480
1652 16 793
1663 16 906
1674 16 6
1685 16 402
1696 16 749
1707 16 46
1718 16 254
1729 16 874
1740 16 960
1751 16 273
1762 16 247
1773 16 909
1784 16 941
1795 16 68
1806 16 100
1817 16 992
1828 16 174
1839 16 722
1850 16 478
1861 16 725
1872 16 241
1883 16 307
1894 16 163
1905 16 288
1916 16 668
1927 16 656
1938 16 937
1949 16 159
1960 16 200
1971 16 212
1982 16 362
1993 16 130
2004 16 880
2015 16 152
2026 16 248
2037 16 54
2048 16 106
2059 16 443
2070 16 866
2081 16 621
2092 16 705
2103 16 864
2114 16 70
2125 16 342
2136 16 548
2147 16 744
2158 16 802
2169 16 214
2180 16 497
2191 16 733
2202 16 781
2213 16 32
2224 16 739
2235 16 15
2246 16 780
2257 16 733
2268 16 975
2279 16 641
2290 16 922
2301 16 755
2312 16 59
2323 16 918
2334 16 54
2345 16 338
2356 16 220
2367 16 672
2378 16 505
2389 16 847
2400 16 799
2411 16 624
2422 16 706
2433 16 496
2444 16 935
2455 16 642
2466 16 278
2477 16 312
2488 16 530
2499 16 789
2510 16 680
2521 16 711
2532 16 142
2543 16 911
2554 16 671
2565 16 690
2576 16 645
2587 16 192
2598 16 822
2609 16 351
2620 16 902
2631 16 193
2642 16 28
2653 16 155
2664 16 473
2675 16 860
2686 16 281
2697 16 536
2708 16 797
2719 16 8
2730 16 763
2741 16 197
2752 16 752
2763 16 285
2774 16 70
2785 16 239
2796 16 311
2807 16 243
2818 16 273
2829 16 114
2840 16 421
2851 16 245
2862 16 545
2873 16 882
2884 16 713
2895 16 227
2906 16 750
2917 16 139
2928 16 538
2939 16 622
2950 16 995
2961 16 574
2972 16 725
2983 16 658
2994 16 115
4 17 73
15 17 106
26 17 692
37 17 824
48 17 808
59 17 159
70 17 712
81 17 553
92 17 538
103 17 476
114 17 874
125 17 825
136 17 102
147 17 621
158 17 384
169 17 920
180 17 612
191 17 32
202 17 123
213 17 913
224 17 932
235 17 61
246 17 173
257 17 137
268 17 523
279 17 413
290 17 878
301 17 401
312 17 700
323 17 823
334 17 899
345 17 978
356 17 567
367 17 987
378 17 70
389 17 363
400 17 605
411 17 200
422 17 854
433 17 408
444 17 297
455 17 353
466 17 746
477 17 41
488 17 383
499 17 724
510 17 132
521 17 454
532 17 191
543 17 910
554 17 619
565 17 380
576 17 717
587 17 174
598 17 419
609 17 471
620 17 441
631 17 936
642 17 393
653 17 599
664 17 884
675 17 456
686 17 12
697 17 243
708 17 970
719 17 694
730 17 259
741 17 817
752 17 127
763 17 821
774 17 523
785 17 75
796 17 509
807 17 313
818 17 574
829 17 650
840 17 112
851 17 444
862 17 820
873 17 251
884 17 211
895 17 249
906 17 601
917 17 471
928 17 922
939 17 872
950 17 286
961 17 838
972 17 927
983 17 216
994 17 602
1005 17 24
1016 17 436
1027 17 395
1038 17 755
1049 17 1000
1060 17 572
1071 17 565
1082 17 339
1093 17 733
1104 17 579
1115 17 321
1126 17 894
1137 17 794
1148 17 296
1159 17 861
1170 17 427
1181 17 318
1192 17 269
1203 17 419
1214 17 177
1225 17 854
1236 17 126
1247 17 247
1258 17 21
1269 17 320
1280 17 879
1291 17 350
1302 17 631
1313 17 605
1324 17 329
1335 17 121
1346 17 277
1357 17 170
1368 17 418
1379 17 209
1390 17 845
1401 17 861
1412 17 106
1423 17 410
1434 17 892
1445 17 639
1456 17 839
1467 17 438
1478 17 709
1489 17 361
1500 17 252
1511 17 133
1522 17 989
1533 17 25
1544 17 838
1555 17 700
1566 17 183
1577 17 534
1588 17 611
1599 17 984
1610 17 644
1621 17 310
1632 17 844
1643 17 940
1654 17 427
1665 17 206
1676 17 433
1687 17 467
1698 17 13
1709 17 466
1720 17 362
1731 17 880
1742 17 225
1753 17 646
1764 17 903
1775 17 319
1786 17 902
1797 17 55
1808 17 829
1819 17 7
1830 17 913
1841 17 551
1852 17 527
1863 17 349
1874 17 842
1885 17 973
1896 17 268
1907 17 997
1918 17 914
1929 17 381
1940 17 725
1951 17 764
1962 17 536
1973 17 37
1984 17 878
1995 17 651
2006 17 19
2017 17 775
2028 17 522
2039 17 306
2050 17 628
2061 17 484
2072 17 644
2083 17 147
2094 17 763
2105 17 251
2116 17 970
2127 17 800
2138 17 159
2149 17 122
2160 17 938
2171 17 2
2182 17 221
2193 17 632
2204 17 98
2215 17 726
2226 17 913
2237 17 783
2248 17 246
2259 17 810
2270 17 351
2281 17 791
2292 17 747
2303 17 451
2314 17 996
2325 17 396
2336 17 11
2347 17 928
2358 17 670
2369 17 556
2380 17 402
2391 17 245
2402 17 296
2413 17 120
2424 17 80
2435 17 367
2446 17 507
2457 17 952
2468 17 544
2479 17 749
2490 17 824
2501 17 632
2512 17 451
2523 17 79
2534 17 384
2545 17 41
2556 17 45
2567 17 933
2578 17 433
2589 17 514
2600 17 530
2611 17 503
2622 17 457
2633 17 50
2644 17 519
2655 17 139
2666 17 721
2677 17 572
2688 17 852
2699 17 157
2710 17 127
2721 17 90
2732 17 540
2743 17 900
2754 17 370
2765 17 590
2776 17 808
2787 17 135
2798 17 644
2809 17 713
2820 17 423
2831 17 827
2842 17 627
2853 17 210
2864 17 985
2875 17 506
2886 17 337
2897 17 686
2908 17 623
2919 17 400
2930 17 798
2941 17 143
2952 17 396
2963 17 141
2974 17 512
2985 17 761
2996 17 743
6 18 708
17 18 162
28 18 417
39 18 421
50 18 277
61 18 152
72 18 634
83 18 355
94 18 662
105 18 888
116 18 164
127 18 269
138 18 767
149 18 279
160 18 952
171 18 986
182 18 985
193 18 218
204 18 8
215 18 354
226 18 555
237 18 803
248 18 234
259 18 426
270 18 225
281 18 601
292 18 828
303 18 414
314 18 43
325 18 134
336 18 48
347 18 664
358 18 396
369 18 157
380 18 668
391 18 146
402 18 104
413 18 609
424 18 994
435 18 541
446 18 843
457 18 581
468 18 934
479 18 24
490 18 219
501 18 579
512 18 585
523 18 67
534 18 333
545 18 953
556 18 190
567 18 548
578 18 73
589 18 284
600 18 367
611 18 543
622 18 698
633 18 346
644 18 659
655 18 158
666 18 884
677 18 948
688 18 936
699 18 68
710 18 510
721 18 268
732 18 338
743 18 118
754 18 577
765 18 856
776 18 592
787 18 220
798 18 888
809 18 279
820 18 457
831 18 10
842 18 630
853 18 297
864 18 477
875 18 825
886 18 393
897 18 905
908 18 753
919 18 532
930 18 804
941 18 159
952 18 762
963 18 895
974 18 279
985 18 802
996 18 609
1007 18 42
1018 18 939
1029 18 807
1040 18 809
1051 18 185
1062 18 228
1073 18 447
1084 18 150
1095 18 82
1106 18 935
1117 18 890
1128 18 569
1139 18 299
1150 18 255
1161 18 542
1172 18 68
1183 18 834
1194 18 341
1205 18 382
1216 18 698
1227 18 522
1238 18 539
1249 18 93
1260 18 633
1271 18 138
1282 18 520
1293 18 393
1304 18 306
1315 18 596
1326 18 140
1337 18 984
1348 18 14
1359 18 176
1370 18 581
1381 18 144
1392 18 980
1403 18 802
1414 18 283
1425 18 677
1436 18 631
1447 18 665
1458 18 478
1469 18 919
1480 18 683
1491 18 523
1502 18 294
1513 18 474
1524 18 811
1535 18 599
1546 18 354
1557 18 31
1568 18 381
1579 18 740
1590 18 454
1601 18 75
1612 18 254
1623 18 471
1634 18 538
1645 18 370
1656 18 306
1667 18 588
1678 18 304
1689 18 246
1700 18 394
1711 18 100
1722 18 426
1733 18 256
1744 18 322
1755 18 327
1766 18 565
1777 18 562
1788 18 317
1799 18 14
1810 18 220
1821 18 808
1832 18 996
1843 18 315
1854 18 66
1865 18 480
1876 18 424
1887 18 600
1898 18 631
1909 18 447
1920 18 755
1931 18 405
1942 18 238
1953 18 253
1964 18 564
1975 18 73
1986 18 374
1997 18 286
2008 18 620
2019 18 233
2030 18 396
2041 18 84
2052 18 705
2063 18 882
2074 18 41
2085 18 380
2096 18 532
2107 18 640
2118 18 479
2129 18 755
2140 18 292
2151 18 81
2162 18 962
2173 18 219
2184 18 661
2195 18 683
2206 18 269
2217 18 447
2228 18 748
2239 18 385
2250 18 694
2261 18 130
2272 18 298
2283 18 792
2294 18 538
2305 18 443
2316 18 79
2327 18 462
2338 18 840
2349 18 19
2360 18 105
2371 18 862
2382 18 613
2393 18 96
2404 18 252
2415 18 604
2426 18 13
2437 18 239
2448 18 391
2459 18 692
2470 18 197
2481 18 185
2492 18 235
2503 18 579
2514 18 98
2525 18 768
2536 18 106
2547 18 56
2558 18 911
2569 18 801
2580 18 953
2591 18 766
2602 18 182
2613 18 731
2624 18 952
2635 18 178
2646 18 633
2657 18 245
2668 18 988
2679 18 675
2690 18 445
2701 18 411
2712 18 918
2723 18 83
2734 18 602
2745 18 94
2756 18 973
2767 18 543
2778 18 909
2789 18 903
2800 18 900
2811 18 639
2822 18 331
2833 18 188
2844 18 603
2855 18 335
2866 18 761
2877 18 317
2888 18 125
2899 18 71
2910 18 489
2921 18 181
2932 18 865
2943 18 70
2954 18 275
2965 18 965
2976 18 370
2987 18 364
2998 18 663
8 19 41
19 19 700
30 19 911
41 19 151
52 19 740
63 19 546
74 19 927
85 19 340
96 19 364
107 19 634
118 19 720
129 19 732
140 19 451
151 19 645
162 19 226
173 19 131
184 19 1
195 19 992
206 19 972
217 19 877
228 19 744
239 19 697
250 19 351
261 19 200
272 19 756
283 19 141
294 19 569
305 19 48
316 19 19
327 19 850
338 19 912
349 19 898
360 19 862
371 19 909
382 19 325
393 19 615
404 19 618
415 19 172
426 19 747
437 19 725
448 19 72
459 19 516
470 19 834
481 19 80
492 19 521
503 19 367
514 19 881
525 19 185
536 19 565
547 19 340
558 19 111
569 19 658
580 19 832
591 19 191
602 19 640
613 19 778
624 19 558
635 19 775
646 19 291
657 19 884
668 19 936
679 19 192
690 19 850
701 19 682
712 19 584
723 19 466
734 19 15
745 19 24
756 19 622
767 19 888
778 19 236
789 19 51
800 19 658
811 19 314
822 19 690
833 19 963
844 19 413
855 19 340
866 19 688
877 19 819
888 19 700
899 19 103
910 19 401
921 19 365
932 19 452
943 19 301
954 19 314
965 19 138
976 19 370
987 19 70
998 19 104
1009 19 204
1020 19 467
1031 19 639
1042 19 844
1053 19 9
1064 19 447
1075 19 274
1086 19 824
1097 19 329
1108 19 244
1119 19 370
1130 19 130
1141 19 132
1152 19 663
1163 19 781
1174 19 436
1185 19 234
1196 19 402
1207 19 322
1218 19 110
1229 19 661
1240 19 938
1251 19 723
1262 19 18
1273 19 294
1284 19 333
1295 19 801
1306 19 627
1317 19 805
1328 19 625
1339 19 255
1350 19 917
1361 19 484
1372 19 412
1383 19 755
1394 19 257
1405 19 194
1416 19 529
1427 19 943
1438 19 673
1449 19 518
1460 19 182
1471 19 812
1482 19 828
1493 19 266
1504 19 878
1515 19 419
1526 19 936
1537 19 387
1548 19 910
1559 19 721
1570 19 392
1581 19 740
1592 19 462
1603 19 388
1614 19 379
1625 19 102
1636 19 222
1647 19 607
1658 19 790
1669 19 637
1680 19 930
1691 19 970
1702 19 793
1713 19 816
1724 19 550
1735 19 282
1746 19 386
1757 19 435
1768 19 743
1779 19 698
1790 19 599
1801 19 447
1812 19 478
1823 19 212
1834 19 753
1845 19 779
1856 19 132
1867 19 61
1878 19 474
1889 19 162
1900 19 481
1911 19 380
1922 19 153
1933 19 373
1944 19 784
1955 19 415
1966 19 312
1977 19 634
1988 19 350
1999 19 980
2010 19 500
2021 19 673
2032 19 963
2043 19 102
2054 19 566
2065 19 68
2076 19 259
2087 19 590
2098 19 614
2109 19 152
2120 19 147
2131 19 247
2142 19 832
2153 19 483
2164 19 786
2175 19 315
2186 19 154
2197 19 317
2208 19 790
2219 19 914
2230 19 757
2241 19 973
2252 19 796
2263 19 532
2274 19 321
2285 19 29
2296 19 362
2307 19 594
2318 19 425
2329 19 971
2340 19 211
2351 19 510
2362 19 953
2373 19 795
2384 19 785
2395 19 704
2406 19 748
2417 19 408
2428 19 134
2439 19 752
2450 19 969
2461 19 829
2472 19 429
2483 19 826
2494 19 243
2505 19 507
2516 19 135
2527 19 794
2538 19 517
2549 19 744
2560 19 647
2571 19 321
2582 19 940
2593 19 368
2604 19 773
2615 19 718
2626 19 502
2637 19 172
2648 19 317
2659 19 769
2670 19 547
2681 19 18
2692 19 891
2703 19 619
2714 19 11
2725 19 536
2736 19 471
2747 19 227
2758 19 790
2769 19 386
2780 19 327
2791 19 973
2802 19 124
2813 19 645
2824 19 768
2835 19 63
2846 19 522
2857 19 892
2868 19 769
2879 19 115
2890 19 962
2901 19 438
2912 19 217
2923 19 632
2934 19 147
2945 19 688
2956 19 548
2967 19 494
2978 19 865
2989 19 813
10 20 10
21 20 270
32 20 811
43 20 44
54 20 295
65 20 710
76 20 342
87 20 935
98 20 493
109 20 304
120 20 670
131 20 368
142 20 63
153 20 156
164 20 262
175 20 184
186 20 11
197 20 552
208 20 677
219 20 944
230 20 910
241 20 849
252 20 454
263 20 552
274 20 225
285 20 288
296 20 89
307 20 993
318 20 743
329 20 772
340 20 345
351 20 422
362 20 749
373 20 232
384 20 564
395 20 211
406 20 912
417 20 626
428 20 150
439 20 772
450 20 611
461 20 793
472 20 902
483 20 151
494 20 280
505 20 839
516 20 228
527 20 512
538 20 864
549 20 655
560 20 82
571 20 577
582 20 791
593 20 987
604 20 840
615 20 399
626 20 166
637 20 812
648 20 620
659 20 97
670 20 84
681 20 889
692 20 135
703 20 681
714 20 707
725 20 164
736 20 159
747 20 469
758 20 607
769 20 910
780 20 335
791 20 270
802 20 580
813 20 283
824 20 155
835 20 988
846 20 906
857 20 890
868 20 825
879 20 518
890 20 759
901 20 549
912 20 884
923 20 340
934 20 606
945 20 114
956 20 854
967 20 670
978 20 386
989 20 715
1000 20 607
1011 20 654
1022 20 461
1033 20 159
1044 20 912
1055 20 285
1066 20 396
1077 20 800
1088 20 45
1099 20 549
1110 20 496
1121 20 390
1132 20 12
1143 20 189
1154 20 845
1165 20 922
1176 20 530
1187 20 137
1198 20 47
1209 20 714
1220 20 973
1231 20 762
1242 20 239
1253 20 276
1264 20 27
1275 20 90
1286 20 583
1297 20 404
1308 20 858
1319 20 411
1330 20 793
1341 20 941
1352 20 336
1363 20 677
1374 20 841
1385 20 16
1396 20 884
1407 20 907
1418 20 335
1429 20 879
1440 20 91
1451 20 3
1462 20 868
1473 20 650
1484 20 899
1495 20 514
1506 20 11
1517 20 206
1528 20 514
1539 20 267
1550 20 25
1561 20 843
1572 20 611
1583 20 835
1594 20 910
1605 20 781
1616 20 476
1627 20 225
1638 20 397
1649 20 106
1660 20 769
1671 20 349
1682 20 952
1693 20 483
1704 20 927
1715 20 78
1726 20 397
1737 20 617
1748 20 889
1759 20 969
1770 20 542
1781 20 342
1792 20 763
1803 20 906
1814 20 281
1825 20 478
1836 20 455
1847 20 319
1858 20 228
1869 20 608
1880 20 441
1891 20 535
1902 20 142
1913 20 244
1924 20 588
1935 20 110
1946 20 972
1957 20 887
1968 20 548
1979 20 831
1990 20 402
2001 20 330
2012 20 156
2023 20 994
2034 20 951
2045 20 196
2056 20 887
2067 20 70
2078 20 58
2089 20 460
2100 20 103
2111 20 619
2122 20 325
2133 20 597
2144 20 496
2155 20 119
2166 20 897
2177 20 934
2188 20 262
2199 20 875
2210 20 225
2221 20 319
2232 20 14
2243 20 977
2254 20 77
2265 20 351
2276 20 853
2287 20 29
2298 20 243
2309 20 554
2320 20 697
2331 20 759
2342 20 311
2353 20 366
2364 20 104
2375 20 53
2386 20 660
2397 20 648
2408 20 431
2419 20 725
2430 20 371
2441 20 485
2452 20 580
2463 20 113
2474 20 705
2485 20 797
2496 20 392
2507 20 497
2518 20 339
2529 20 705
2540 20 500
2551 20 397
2562 20 995
2573 20 84
2584 20 816
2595 20 23
2606 20 26
2617 20 924
2628 20 718
2639 20 197
2650 20 521
2661 20 896
2672 20 772
2683 20 967
2694 20 552
2705 20 421
2716 20 110
2727 20 216
2738 20 333
2749 20 838
2760 20 853
2771 20 301
2782 20 402
2793 20 146
2804 20 350
2815 20 884
2826 20 773
2837 20 932
2848 20 921
2859 20 992
2870 20 504
2881 20 261
2892 20 680
2903 20 746
2914 20 460
2925 20 747
2936 20 370
2947 20 22
2958 20 45
2969 20 911
2980 20 838
2991 20 341
1 21 396
12 21 659
23 21 573
34 21 115
45 21 315
56 21 265
67 21 263
78 21 280
89 21 285
100 21 285
111 21 216
122 21 463
133 21 774
144 21 464
155 21 861
166 21 614
177 21 939
188 21 481
199 21 329
210 21 445
221 21 722
232 21 265
243 21 64
254 21 6
265 21 774
276 21 949
287 21 634
298 21 930
309 21 83
320 21 159
331 21 586
342 21 314
353 21 489
364 21 356
375 21 73
386 21 49
397 21 784
408 21 529
419 21 603
430 21 633
441 21 926
452 21 632
463 21 661
474 21 194
485 21 115
496 21 998
507 21 554
518 21 840
529 21 25
540 21 24
551 21 288
562 21 776
573 21 756
584 21 322
595 21 750
606 21 576
617 21 951
628 21 157
639 21 553
650 21 952
661 21 867
672 21 638
683 21 857
694 21 944
705 21 241
716 21 235
727 21 30
738 21 656
749 21 378
760 21 515
771 21 109
782 21 870
793 21 878
804 21 8
815 21 618
826 21 71
837 21 927
848 21 5
859 21 812
870 21 220
881 21 908
892 21 585
903 21 762
914 21 232
925 21 529
936 21 990
947 21 938
958 21 710
969 21 70
980 21 815
991 21 112
1002 21 173
1013 21 673
1024 21 900
1035 21 991
1046 21 395
1057 21 265
1068 21 936
1079 21 323
1090 21 276
1101 21 237
1112 21 204
1123 21 4
1134 21 475
1145 21 77
1156 21 232
1167 21 490
1178 21 895
1189 21 559
1200 21 673
1211 21 203
1222 21 56
1233 21 511
1244 21 836
1255 21 15
1266 21 966
1277 21 656
1288 21 218
1299 21 602
1310 21 531
1321 21 191
1332 21 814
1343 21 137
1354 21 77
1365 21 929
1376 21 569
1387 21 391
1398 21 825
1409 21 787
1420 21 586
1431 21 239
1442 21 556
1453 21 261
1464 21 887
1475 21 188
1486 21 525
1497 21 664
1508 21 429
1519 21 566
1530 21 292
1541 21 599
1552 21 43
1563 21 623
1574 21 941
1585 21 234
1596 21 586
1607 21 703
1618 21 422
1629 21 568
1640 21 218
1651 21 98
1662 21 284
1673 21 524
1684 21 924
1695 21 929
1706 21 974
1717 21 515
1728 21 941
1739 21 203
1750 21 632
1761 21 292
1772 21 407
1783 21 505
1794 21 423
1805 21 322
1816 21 503
1827 21 514
1838 21 80
1849 21 383
1860 21 263
1871 21 203
1882 21 337
1893 21 723
1904 21 852
1915 21 754
1926 21 488
1937 21 480
1948 21 649
1959 21 310
1970 21 764
1981 21 91
1992 21 448
2003 21 216
2014 21 511
2025 21 357
2036 21 474
2047 21 411
2058 21 178
2069 21 538
2080 21 760
2091 21 643
2102 21 342
2113 21 61
2124 21 828
2135 21 618
2146 21 146
2157 21 27
2168 21 628
2179 21 157
2190 21 538
2201 21 552
2212 21 302
2223 21 124
2234 21 146
2245 21 277
2256 21 721
2267 21 145
2278 21 320
2289 21 466
2300 21 534
2311 21 318
2322 21 657
2333 21 452
2344 21 57
2355 21 872
2366 21 9
2377 21 419
2388 21 514
2399 21 475
2410 21 585
2421 21 238
2432 21 10
2443 21 302
2454 21 45
2465 21 923
2476 21 515
2487 21 230
2498 21 654
2509 21 98
2520 21 781
2531 21 44
2542 21 67
2553 21 269
2564 21 79
2575 21 76
2586 21 573
2597 21 228
2608 21 374
2619 21 879
2630 21 218
2641 21 972
2652 21 17
2663 21 904
2674 21 208
2685 21 446
2696 21 321
2707 21 99
2718 21 317
2729 21 630
2740 21 955
2751 21 247
2762 21 293
2773 21 838
2784 21 410
2795 21 722
2806 21 363
2817 21 270
2828 21 23
2839 21 423
2850 21 903
2861 21 748
2872 21 984
2883 21 799
2894 21 99
2905 21 634
2916 21 484
2927 21 826
2938 21 101
2949 21 184
2960 21 731
2971 21 957
2982 21 290
2993 21 118
3 22 113
14 22 167
25 22 943
36 22 649
47 22 69
58 22 370
69 22 123
80 22 826
91 22 846
102 22 575
113 22 616
124 22 644
135 22 378
146 22 985
157 22 675
168 22 548
179 22 556
190 22 173
201 22 834
212 22 89
223 22 78
234 22 561
245 22 968
256 22 286
267 22 70
278 22 331
289 22 102
300 22 189
311 22 287
322 22 297
333 22 621
344 22 273
355 22 374
366 22 850
377 22 776
388 22 472
399 22 332
410 22 310
421 22 163
432 22 525
443 22 55
454 22 302
465 22 516
476 22 45
487 22 255
498 22 396
509 22 25
520 22 855
531 22 893
542 22 478
553 22 859
564 22 115
575 22 391
586 22 963
597 22 947
608 22 327
619 22 616
630 22 739
641 22 980
652 22 739
663 22 596
674 22 886
685 22 159
696 22 555
707 22 599
718 22 943
729 22 385
740 22 654
751 22 735
762 22 506
773 22 106
784 22 843
795 22 183
806 22 587
817 22 974
828 22 262
839 22 58
850 22 734
861 22 571
872 22 329
883 22 244
894 22 199
905 22 955
916 22 143
927 22 679
938 22 285
949 22 894
960 22 708
971 22 189
982 22 17
993 22 691
1004 22 566
1015 22 911
1026 22 936
1037 22 808
1048 22 240
1059 22 627
1070 22 103
1081 22 95
1092 22 750
1103 22 114
1114 22 455
1125 22 300
1136 22 454
1147 22 218
1158 22 733
1169 22 330
1180 22 787
1191 22 525
1202 22 358
1213 22 569
1224 22 496
1235 22 833
1246 22 82
1257 22 511
1268 22 30
1279 22 961
1290 22 836
1301 22 687
1312 22 151
1323 22 257
1334 22 407
1345 22 873
1356 22 351
1367 22 869
1378 22 13
1389 22 663
1400 22 810
1411 22 494
1422 22 51
1433 22 139
1444 22 422
1455 22 300
1466 22 845
1477 22 394
1488 22 366
1499 22 874
1510 22 283
1521 22 763
1532 22 672
1543 22 729
1554 22 409
1565 22 500
1576 22 834
1587 22 67
1598 22 246
1609 22 95
1620 22 904
1631 22 460
1642 22 137
1653 22 75
1664 22 394
1675 22 185
1686 22 6
1697 22 693
1708 22 501
1719 22 272
1730 22 280
1741 22 524
1752 22 322
1763 22 179
1774 22 460
1785 22 453
1796 22 567
1807 22 184
1818 22 44
1829 22 363
1840 22 443
1851 22 642
1862 22 978
1873 22 814
1884 22 186
1895 22 411
1906 22 568
1917 22 359
1928 22 623
1939 22 921
1950 22 207
1961 22 582
1972 22 606
1983 22 258
1994 22 771
2005 22 673
2016 22 405
2027 22 864
2038 22 201
2049 22 19
2060 22 996
2071 22 613
2082 22 304
2093 22 452
2104 22 353
2115 22 465
2126 22 491
2137 22 235
2148 22 594
2159 22 343
2170 22 271
2181 22 829
2192 22 621
2203 22 844
2214 22 687
2225 22 564
2236 22 618
2247 22 107
2258 22 79
2269 22 250
2280 22 536
2291 22 782
2302 22 196
2313 22 181
2324 22 250
2335 22 407
2346 22 950
2357 22 571
2368 22 32
2379 22 405
2390 22 321
2401 22 665
2412 22 754
2423 22 95
2434 22 187
2445 22 124
2456 22 777
2467 22 57
2478 22 293
2489 22 773
2500 22 634
2511 22 42
2522 22 547
2533 22 147
2544 22 952
2555 22 566
2566 22 946
2577 22 395
2588 22 734
2599 22 956
2610 22 259
2621 22 523
2632 22 970
2643 22 752
2654 22 315
2665 22 794
2676 22 329
2687 22 452
2698 22 970
2709 22 556
2720 22 993
2731 22 195
2742 22 136
2753 22 527
2764 22 540
2775 22 81
2786 22 881
2797 22 176
2808 22 417
2819 22 417
2830 22 430
2841 22 810
2852 22 886
2863 22 890
2874 22 611
2885 22 728
2896 22 615
2907 22 896
2918 22 556
2929 22 827
2940 22 442
2951 22 467
2962 22 118
2973 22 87
2984 22 961
2995 22 48
5 23 107
16 23 680
27 23 591
38 23 397
49 23 737
60 23 938
71 23 500
82 23 631
93 23 850
104 23 546
115 23 664
126 23 934
137 23 227
148 23 441
159 23 999
170 23 945
181 23 27
192 23 772
203 23 166
214 23 879
225 23 987
236 23 982
247 23 404
258 23 132
269 23 843
280 23 886
291 23 106
302 23 14
313 23 559
324 23 938
335 23 793
346 23 541
357 23 391
368 23 764
379 23 113
390 23 565
401 23 886
412 23 974
423 23 24
434 23 877
445 23 718
456 23 672
467 23 466
478 23 432
489 23 746
500 23 409
511 23 301
522 23 811
533 23 660
544 23 74
555 23 59
566 23 225
577 23 734
588 23 849
599 23 397
610 23 211
621 23 150
632 23 529
643 23 268
654 23 623
665 23 132
676 23 606
687 23 345
698 23 352
709 23 64
720 23 323
731 23 163
742 23 773
753 23 533
764 23 990
775 23 233
786 23 937
797 23 223
808 23 74
819 23 966
830 23 433
841 23 795
852 23 929
863 23 489
874 23 660
885 23 607
896 23 175
907 23 536
918 23 868
929 23 959
940 23 46
951 23 205
962 23 959
973 23 746
984 23 8
995 23 124
1006 23 74
1017 23 158
1028 23 453
1039 23 463
1050 23 829
1061 23 76
1072 23 581
1083 23 291
1094 23 205
1105 23 304
1116 23 980
1127 23 472
1138 23 910
1149 23 553
1160 23 281
1171 23 719
1182 23 53
1193 23 101
1204 23 602
1215 23 716
1226 23 422
1237 23 956
1248 23 797
1259 23 229
1270 23 350
1281 23 469
1292 23 207
1303 23 619
1314 23 790
1325 23 648
1336 23 965
1347 23 707
1358 23 702
1369 23 256
1380 23 379
1391 23 24
1402 23 275
1413 23 748
1424 23 854
1435 23 570
1446 23 498
1457 23 661
1468 23 12
1479 23 950
1490 23 755
1501 23 631
1512 23 475
1523 23 821
1534 23 84
1545 23 280
1556 23 74
1567 23 450
1578 23 586
1589 23 932
1600 23 957
1611 23 1000
1622 23 651
1633 23 19
1644 23 533
1655 23 141
1666 23 810
1677 23 20
1688 23 453
1699 23 233
1710 23 299
1721 23 92
1732 23 734
1743 23 711
1754 23 77
1765 23 969
1776 23 506
1787 23 46
1798 23 176
1809 23 305
1820 23 787
1831 23 152
1842 23 436
1853 23 793
1864 23 441
1875 23 14
1886 23 762
1897 23 928
1908 23 525
1919 23 18
1930 23 390
1941 23 881
1952 23 2
1963 23 425
1974 23 134
1985 23 739
1996 23 682
2007 23 929
2018 23 361
2029 23 669
2040 23 183
2051 23 808
2062 23 801
2073 23 323
2084 23 183
2095 23 606
2106 23 279
2117 23 457
2128 23 676
2139 23 746
2150 23 349
2161 23 642
2172 23 841
2183 23 326
2194 23 761
2205 23 961
2216 23 552
2227 23 683
2238 23 60
2249 23 208
2260 23 582
2271 23 976
2282 23 236
2293 23 213
2304 23 643
2315 23 835
2326 23 75
2337 23 163
2348 23 647
2359 23 879
2370 23 269
2381 23 650
2392 23 90
2403 23 621
2414 23 216
2425 23 552
2436 23 627
2447 23 756
2458 23 489
2469 23 129
2480 23 435
2491 23 929
2502 23 385
2513 23 968
2524 23 925
2535 23 620
2546 23 963
2557 23 456
2568 23 291
2579 23 27
2590 23 827
2601 23 683
2612 23 641
2623 23 744
2634 23 293
2645 23 788
2656 23 333
2667 23 404
2678 23 78
2689 23 844
2700 23 305
2711 23 733
2722 23 135
2733 23 67
2744 23 337
2755 23 752
2766 23 542
2777 23 620
2788 23 771
2799 23 484
2810 23 187
2821 23 454
2832 23 53
2843 23 351
2854 23 470
2865 23 729
2876 23 342
2887 23 840
2898 23 440
2909 23 759
2920 23 770
2931 23 755
2942 23 436
2953 23 601
2964 23 220
2975 23 814
2986 23 762
2997 23 986
7 24 648
18 24 854
29 24 21
40 24 214
51 24 563
62 24 552
73 24 761
84 24 208
95 24 227
106 24 570
117 24 78
128 24 186
139 24 146
150 24 206
161 24 237
172 24 678
183 24 320
194 24 423
205 24 283
216 24 128
227 24 233
238 24 36
249 24 68
260 24 625
271 24 18
282 24 360
293 24 388
304 24 191
315 24 281
326 24 442
337 24 236
348 24 495
359 24 778
370 24 23
381 24 662
392 24 751
403 24 573
414 24 350
425 24 323
436 24 526
447 24 626
458 24 30
469 24 379
480 24 382
491 24 385
502 24 670
513 24 74
524 24 415
535 24 339
546 24 472
557 24 575
568 24 282
579 24 756
590 24 267
601 24 467
612 24 873
623 24 965
634 24 640
645 24 357
656 24 486
667 24 950
678 24 256
689 24 155
700 24 652
711 24 292
722 24 462
733 24 854
744 24 732
755 24 650
766 24 46
777 24 194
788 24 999
799 24 789
810 24 515
821 24 3
832 24 797
843 24 248
854 24 493
865 24 398
876 24 60
887 24 197
898 24 979
909 24 737
920 24 54
931 24 94
942 24 319
953 24 179
964 24 669
975 24 903
986 24 442
997 24 238
1008 24 858
1019 24 956
1030 24 166
1041 24 816
1052 24 146
1063 24 163
1074 24 641
1085 24 935
1096 24 937
1107 24 801
1118 24 958
1129 24 459
1140 24 84
1151 24 768
1162 24 361
1173 24 523
1184 24 453
1195 24 505
1206 24 694
1217 24 927
1228 24 64
1239 24 342
1250 24 244
1261 24 322
1272 24 860
1283 24 170
1294 24 618
1305 24 215
1316 24 296
1327 24 494
1338 24 546
1349 24 16
1360 24 218
1371 24 627
1382 24 933
1393 24 476
1404 24 113
1415 24 986
1426 24 861
1437 24 220
1448 24 258
1459 24 142
1470 24 107
1481 24 901
1492 24 599
1503 24 420
1514 24 864
1525 24 198
1536 24 251
1547 24 200
1558 24 512
1569 24 628
1580 24 401
1591 24 49
1602 24 450
1613 24 953
1624 24 93
1635 24 484
1646 24 123
1657 24 966
1668 24 339
1679 24 848
1690 24 547
1701 24 233
1712 24 600
1723 24 351
1734 24 990
1745 24 55
1756 24 962
1767 24 242
1778 24 404
1789 24 364
1800 24 756
1811 24 401
1822 24 877
1833 24 377
1844 24 529
1855 24 63
1866 24 719
1877 24 526
1888 24 701
1899 24 459
1910 24 872
1921 24 348
1932 24 581
1943 24 25
1954 24 497
1965 24 502
1976 24 280
1987 24 949
1998 24 351
2009 24 420
2020 24 249
2031 24 659
2042 24 239
2053 24 596
2064 24 62
2075 24 969
2086 24 942
2097 24 621
2108 24 267
2119 24 909
2130 24 132
2141 24 376
2152 24 322
2163 24 715
2174 24 469
2185 24 906
2196 24 768
2207 24 550
2218 24 743
2229 24 564
2240 24 271
2251 24 229
2262 24 106
2273 24 47
2284 24 168
2295 24 373
2306 24 131
2317 24 592
2328 24 672
2339 24 77
2350 24 287
2361 24 334
2372 24 62
2383 24 406
2394 24 664
2405 24 922
2416 24 2
2427 24 72
2438 24 123
2449 24 178
2460 24 907
2471 24 204
2482 24 473
2493 24 391
2504 24 977
2515 24 53
2526 24 383
2537 24 965
2548 24 284
2559 24 681
2570 24 349
2581 24 23
2592 24 300
2603 24 447
2614 24 906
2625 24 56
2636 24 867
2647 24 319
2658 24 790
2669 24 284
2680 24 84
2691 24 994
2702 24 178
2713 24 63
2724 24 559
2735 24 666
2746 24 925
2757 24 493
2768 24 955
2779 24 765
2790 24 606
2801 24 100
2812 24 600
2823 24 45
2834 24 105
2845 24 382
2856 24 118
2867 24 970
2878 24 862
2889 24 812
2900 24 997
2911 24 588
2922 24 354
2933 24 607
2944 24 638
2955 24 121
2966 24 977
2977 24 839
2988 24 865
2999 24 246
9 25 785
20 25 84
31 25 523
42 25 842
53 25 934
64 25 388
75 25 776
86 25 517
97 25 126
108 25 378
119 25 267
130 25 386
141 25 906
152 25 18
163 25 542
174 25 174
185 25 23
196 25 832
207 25 454
218 25 439
229 25 734
240 25 156
251 25 403
262 25 949
273 25 806
284 25 608
295 25 414
306 25 902
317 25 767
328 25 639
339 25 678
350 25 328
361 25 277
372 25 585
383 25 309
394 25 9
405 25 269
416 25 708
427 25 127
438 25 184
449 25 54
460 25 929
471 25 329
482 25 319
493 25 935
504 25 314
515 25 714
526 25 594
537 25 782
548 25 858
559 25 252
570 25 542
581 25 914
592 25 800
603 25 382
614 25 385
625 25 702
636 25 367
647 25 367
658 25 724
669 25 689
680 25 544
691 25 781
702 25 116
713 25 643
724 25 258
735 25 374
746 25 104
757 25 72
768 25 633
779 25 266
790 25 949
801 25 423
812 25 784
823 25 951
834 25 859
845 25 764
856 25 168
867 25 84
878 25 935
889 25 998
900 25 586
911 25 818
922 25 596
933 25 837
944 25 668
955 25 428
966 25 463
977 25 377
988 25 563
999 25 148
1010 25 340
1021 25 625
1032 25 850
1043 25 810
1054 25 256
1065 25 326
1076 25 33
1087 25 514
1098 25 642
1109 25 17
1120 25 859
1131 25 880
1142 25 207
1153 25 328
1164 25 875
1175 25 539
1186 25 827
1197 25 567
1208 25 596
1219 25 639
1230 25 366
1241 25 343
1252 25 814
1263 25 293
1274 25 758
1285 25 629
1296 25 586
1307 25 654
1318 25 988
1329 25 507
1340 25 675
1351 25 411
1362 25 163
1373 25 526
1384 25 102
1395 25 848
1406 25 923
1417 25 831
1428 25 923
1439 25 583
1450 25 121
1461 25 452
1472 25 116
1483 25 404
1494 25 726
1505 25 38
1516 25 665
1527 25 220
1538 25 904
1549 25 54
1560 25 379
1571 25 441
1582 25 702
1593 25 455
1604 25 496
1615 25 866
1626 25 836
1637 25 793
1648 25 550
1659 25 232
1670 25 891
1681 25 503
1692 25 10
1703 25 227
1714 25 796
1725 25 95
1736 25 580
1747 25 517
1758 25 448
1769 25 453
1780 25 15
1791 25 659
1802 25 38
1813 25 10
1824 25 478
1835 25 745
1846 25 53
1857 25 917
1868 25 920
1879 25 557
1890 25 916
1901 25 167
1912 25 468
1923 25 920
1934 25 435
1945 25 598
1956 25 971
1967 25 236
1978 25 320
1989 25 71
2000 25 801
2011 25 983
2022 25 105
2033 25 616
2044 25 327
2055 25 496
2066 25 647
2077 25 174
2088 25 851
2099 25 407
2110 25 401
2121 25 293
2132 25 458
2143 25 214
2154 25 783
2165 25 710
2176 25 814
2187 25 183
2198 25 105
2209 25 617
2220 25 84
2231 25 513
2242 25 294
2253 25 139
2264 25 390
2275 25 723
2286 25 789
2297 25 991
2308 25 982
2319 25 348
2330 25 897
2341 25 332
2352 25 899
2363 25 621
2374 25 243
2385 25 928
2396 25 445
2407 25 826
2418 25 682
2429 25 778
2440 25 429
2451 25 948
2462 25 526
2473 25 851
2484 25 187
2495 25 826
2506 25 614
2517 25 38
2528 25 928
2539 25 180
2550 25 154
2561 25 130
2572 25 962
2583 25 721
2594 25 84
2605 25 846
2616 25 685
2627 25 405
2638 25 203
2649 25 635
2660 25 204
2671 25 766
2682 25 937
2693 25 221
2704 25 262
2715 25 119
2726 25 761
2737 25 969
2748 25 304
2759 25 929
2770 25 569
2781 25 399
2792 25 295
2803 25 72
2814 25 605
2825 25 826
2836 25 932
2847 25 419
2858 25 938
2869 25 933
2880 25 142
2891 25 274
2902 25 561
2913 25 188
2924 25 735
2935 25 91
2946 25 632
2957 25 635
2968 25 902
2979 25 361
2990 25 458
0 26 380
11 26 913
22 26 574
33 26 123
44 26 555
55 26 715
66 26 521
77 26 870
88 26 259
99 26 722
110 26 922
121 26 231
132 26 218
143 26 246
154 26 656
165 26 540
176 26 931
187 26 921
198 26 399
209 26 75
220 26 871
231 26 839
242 26 674
253 26 214
264 26 224
275 26 413
286 26 346
297 26 295
308 26 202
319 26 339
330 26 132
341 26 512
352 26 719
363 26 616
374 26 76
385 26 116
396 26 483
407 26 177
418 26 699
429 26 938
440 26 317
451 26 265
462 26 560
473 26 217
484 26 393
495 26 204
506 26 943
517 26 114
528 26 993
539 26 406
550 26 845
561 26 580
572 26 330
583 26 849
594 26 719
605 26 33
616 26 99
627 26 554
638 26 153
649 26 742
660 26 187
671 26 258
682 26 344
693 26 902
704 26 453
715 26 291
726 26 829
737 26 466
748 26 753
759 26 416
770 26 500
781 26 48
792 26 121
803 26 682
814 26 524
825 26 71
836 26 971
847 26 505
858 26 251
869 26 599
880 26 686
891 26 389
902 26 867
913 26 997
924 26 754
935 26 357
946 26 345
957 26 691
968 26 221
979 26 815
990 26 434
1001 26 231
1012 26 491
1023 26 677
1034 26 633
1045 26 600
1056 26 626
1067 26 177
1078 26 584
1089 26 722
1100 26 485
1111 26 347
1122 26 990
1133 26 122
1144 26 745
1155 26 757
1166 26 738
1177 26 1
1188 26 734
1199 26 920
1210 26 395
1221 26 891
1232 26 841
1243 26 244
1254 26 593
1265 26 783
1276 26 355
1287 26 783
1298 26 585
1309 26 289
1320 26 512
1331 26 835
1342 26 689
1353 26 234
1364 26 185
1375 26 221
1386 26 122
1397 26 181
1408 26 642
1419 26 284
1430 26 514
1441 26 700
1452 26 530
1463 26 877
1474 26 944
1485 26 329
1496 26 816
1507 26 917
1518 26 131
1529 26 32
1540 26 555
1551 26 208
1562 26 918
1573 26 41
1584 26 641
1595 26 786
1606 26 55
1617 26 250
1628 26 950
1639 26 893
1650 26 115
1661 26 454
1672 26 376
1683 26 400
1694 26 421
1705 26 273
1716 26 43
1727 26 532
1738 26 429
1749 26 264
1760 26 284
1771 26 743
1782 26 874
1793 26 293
1804 26 330
1815 26 926
1826 26 115
1837 26 24
1848 26 628
1859 26 583
1870 26 829
1881 26 186
1892 26 619
1903 26 43
1914 26 484
1925 26 68
1936 26 857
1947 26 593
1958 26 498
1969 26 782
1980 26 20
1991 26 764
2002 26 212
2013 26 444
2024 26 742
2035 26 283
2046 26 651
2057 26 424
2068 26 769
2079 26 119
2090 26 898
2101 26 538
2112 26 378
2123 26 125
2134 26 633
2145 26 959
2156 26 284
2167 26 774
2178 26 441
2189 26 646
2200 26 164
2211 26 586
2222 26 180
2233 26 411
2244 26 236
2255 26 539
2266 26 721
2277 26 226
2288 26 107
2299 26 441
2310 26 615
2321 26 806
2332 26 903
2343 26 390
2354 26 850
2365 26 503
2376 26 706
2387 26 209
2398 26 908
2409 26 937
2420 26 318
2431 26 497
2442 26 603
2453 26 614
2464 26 162
2475 26 460
2486 26 41
2497 26 122
2508 26 769
2519 26 239
2530 26 209
2541 26 293
2552 26 85
2563 26 289
2574 26 575
2585 26 288
2596 26 836
2607 26 286
2618 26 303
2629 26 476
2640 26 421
2651 26 3
2662 26 963
2673 26 642
2684 26 25
2695 26 612
2706 26 235
2717 26 141
2728 26 823
2739 26 815
2750 26 293
2761 26 537
2772 26 566
2783 26 156
2794 26 391
2805 26 569
2816 26 73
2827 26 326
2838 26 855
2849 26 201
2860 26 374
2871 26 876
2882 26 17
2893 26 586
2904 26 307
2915 26 272
2926 26 288
2937 26 349
2948 26 20
2959 26 880
2970 26 329
2981 26 117
2992 26 503
2 27 552
13 27 582
24 27 330
35 27 829
46 27 518
57 27 606
68 27 898
79 27 552
90 27 178
101 27 454
112 27 305
123 27 740
134 27 560
145 27 736
156 27 957
167 27 207
178 27 273
189 27 781
200 27 462
211 27 465
222 27 956
233 27 543
244 27 264
255 27 68
266 27 342
277 27 636
288 27 881
299 27 951
310 27 640
321 27 153
332 27 16
343 27 756
354 27 621
365 27 947
376 27 736
387 27 795
398 27 64
409 27 328
420 27 794
431 27 280
442 27 458
453 27 921
464 27 427
475 27 107
486 27 442
497 27 943
508 27 465
519 27 552
530 27 801
541 27 879
552 27 170
563 27 130
574 27 825
585 27 325
596 27 797
607 27 421
618 27 297
629 27 611
640 27 869
651 27 557
662 27 996
673 27 575
684 27 225
695 27 621
706 27 344
717 27 10
728 27 217
739 27 314
750 27 931
761 27 647
772 27 463
783 27 339
794 27 53
805 27 985
816 27 162
827 27 22
838 27 93
849 27 506
860 27 990
871 27 566
882 27 772
893 27 826
904 27 273
915 27 47
926 27 120
937 27 909
948 27 656
959 27 618
970 27 297
981 27 688
992 27 703
1003 27 61
1014 27 986
1025 27 513
1036 27 170
1047 27 244
1058 27 715
1069 27 500
1080 27 426
1091 27 742
1102 27 411
1113 27 57
1124 27 622
1135 27 531
1146 27 378
1157 27 190
1168 27 179
1179 27 368
1190 27 69
1201 27 362
1212 27 45
1223 27 729
1234 27 708
1245 27 64
1256 27 997
1267 27 380
1278 27 789
1289 27 779
1300 27 18
1311 27 699
1322 27 215
1333 27 959
1344 27 75
1355 27 267
1366 27 873
1377 27 365
1388 27 560
1399 27 353
1410 27 944
1421 27 410
1432 27 377
1443 27 588
1454 27 354
1465 27 620
1476 27 111
1487 27 796
1498 27 885
1509 27 293
1520 27 869
1531 27 926
1542 27 260
1553 27 30
1564 27 944
1575 27 966
1586 27 209
1597 27 751
1608 27 60
1619 27 258
1630 27 182
1641 27 334
1652 27 122
1663 27 471
1674 27 843
1685 27 966
1696 27 955
1707 27 372
1718 27 981
1729 27 673
1740 27 487
1751 27 408
1762 27 107
1773 27 939
1784 27 271
1795 27 676
1806 27 592
1817 27 132
1828 27 579
1839 27 972
1850 27 308
1861 27 210
1872 27 841
1883 27 297
1894 27 670
1905 27 528
1916 27 749
1927 27 183
1938 27 278
1949 27 663
1960 27 333
1971 27 646
1982 27 411
1993 27 189
2004 27 291
2015 27 858
2026 27 427
2037 27 336
2048 27 381
2059 27 617
2070 27 794
2081 27 62
2092 27 377
2103 27 911
2114 27 659
2125 27 446
2136 27 221
2147 27 718
2158 27 995
2169 27 367
2180 27 155
2191 27 263
2202 27 449
2213 27 395
2224 27 331
2235 27 71
2246 27 690
2257 27 597
2268 27 580
2279 27 7
2290 27 50
2301 27 244
2312 27 419
2323 27 627
2334 27 910
2345 27 846
2356 27 499
2367 27 341
2378 27 931
2389 27 262
2400 27 740
2411 27 362
2422 27 713
2433 27 252
2444 27 998
2455 27 556
2466 27 365
2477 27 281
2488 27 920
2499 27 511
2510 27 157
2521 27 494
2532 27 357
2543 27 646
2554 27 122
2565 27 213
2576 27 817
2587 27 10
2598 27 197
2609 27 560
2620 27 543
2631 27 604
2642 27 748
2653 27 783
2664 27 544
2675 27 823
2686 27 368
2697 27 56
2708 27 362
2719 27 813
2730 27 467
2741 27 219
2752 27 999
2763 27 115
2774 27 724
2785 27 364
2796 27 580
2807 27 922
2818 27 816
2829 27 660
2840 27 423
2851 27 386
2862 27 93
2873 27 289
2884 27 470
2895 27 289
2906 27 540
2917 27 911
2928 27 810
2939 27 381
2950 27 993
2961 27 196
2972 27 346
2983 27 214
2994 27 267
4 28 248
15 28 935
26 28 113
37 28 419
48 28 838
59 28 712
70 28 284
81 28 400
92 28 305
103 28 577
114 28 839
125 28 98
136 28 123
147 28 1
158 28 228
169 28 840
180 28 201
191 28 385
202 28 903
213 28 82
224 28 46
235 28 994
246 28 563
257 28 560
268 28 121
279 28 324
290 28 36
301 28 971
312 28 435
323 28 257
334 28 323
345 28 19
356 28 634
367 28 985
378 28 57
389 28 78
400 28 368
411 28 588
422 28 486
433 28 971
444 28 808
455 28 931
466 28 130
477 28 892
488 28 539
499 28 557
510 28 979
521 28 582
532 28 755
543 28 645
554 28 60
565 28 371
576 28 809
587 28 681
598 28 586
609 28 914
620 28 308
631 28 608
642 28 795
653 28 268
664 28 89
675 28 57
686 28 128
697 28 425
708 28 84
719 28 485
730 28 8
741 28 626
752 28 30
763 28 864
774 28 694
785 28 589
796 28 28
807 28 79
818 28 533
829 28 86
840 28 216
851 28 175
862 28 923
873 28 774
884 28 141
895 28 529
906 28 226
917 28 22
928 28 66
939 28 926
950 28 158
961 28 316
972 28 168
983 28 1000
994 28 895
1005 28 474
1016 28 420
1027 28 411
1038 28 770
1049 28 664
1060 28 163
1071 28 988
1082 28 769
1093 28 932
1104 28 11
1115 28 863
1126 28 464
1137 28 17
1148 28 506
1159 28 173
1170 28 15
1181 28 786
1192 28 108
1203 28 267
1214 28 583
1225 28 747
1236 28 900
1247 28 952
1258 28 622
1269 28 795
1280 28 951
1291 28 994
1302 28 30
1313 28 670
1324 28 39
1335 28 312
1346 28 929
1357 28 935
1368 28 993
1379 28 179
1390 28 704
1401 28 430
1412 28 36
1423 28 595
1434 28 472
1445 28 769
1456 28 803
1467 28 590
1478 28 232
1489 28 517
1500 28 163
1511 28 538
1522 28 341
1533 28 147
1544 28 320
1555 28 662
1566 28 476
1577 28 118
1588 28 61
1599 28 452
1610 28 218
1621 28 343
1632 28 979
1643 28 781
1654 28 904
1665 28 825
1676 28 521
1687 28 963
1698 28 266
1709 28 461
1720 28 379
1731 28 873
1742 28 522
1753 28 267
1764 28 155
1775 28 747
1786 28 65
1797 28 598
1808 28 87
1819 28 424
1830 28 18
1841 28 127
1852 28 967
1863 28 973
1874 28 686
1885 28 552
1896 28 369
1907 28 413
1918 28 143
1929 28 580
1940 28 317
1951 28 547
1962 28 997
1973 28 928
1984 28 306
1995 28 280
2006 28 40
2017 28 434
2028 28 320
2039 28 12
2050 28 42
2061 28 128
2072 28 367
2083 28 864
2094 28 719
2105 28 608
2116 28 461
2127 28 486
2138 28 308
2149 28 173
2160 28 642
2171 28 188
2182 28 778
2193 28 394
2204 28 383
2215 28 103
2226 28 415
2237 28 305
2248 28 438
2259 28 356
2270 28 58
2281 28 397
2292 28 783
2303 28 306
2314 28 96
2325 28 749
2336 28 718
2347 28 615
2358 28 718
2369 28 496
2380 28 903
2391 28 729
2402 28 32
2413 28 113
2424 28 284
2435 28 889
2446 28 969
2457 28 178
2468 28 781
2479 28 864
2490 28 768
2501 28 234
2512 28 969
2523 28 256
2534 28 594
2545 28 724
2556 28 352
2567 28 906
2578 28 516
2589 28 457
2600 28 337
2611 28 381
2622 28 329
2633 28 523
2644 28 528
2655 28 736
2666 28 957
2677 28 562
2688 28 984
2699 28 905
2710 28 849
2721 28 606
2732 28 289
2743 28 338
2754 28 417
2765 28 763
2776 28 983
2787 28 364
2798 28 642
2809 28 685
2820 28 495
2831 28 720
2842 28 337
2853 28 500
2864 28 180
2875 28 181
2886 28 926
2897 28 545
2908 28 839
2919 28 46
2930 28 162
2941 28 97
2952 28 23
2963 28 911
2974 28 132
2985 28 853
2996 28 277
6 29 704
17 29 390
28 29 59
39 29 125
50 29 346
61 29 435
72 29 283
83 29 594
94 29 598
105 29 608
116 29 892
127 29 641
138 29 339
149 29 422
160 29 685
171 29 49
182 29 870
193 29 810
204 29 317
215 29 129
226 29 186
237 29 991
248 29 155
259 29 892
270 29 472
281 29 893
292 29 827
303 29 967
314 29 608
325 29 433
336 29 981
347 29 546
358 29 530
369 29 696
380 29 2
391 29 593
402 29 326
413 29 93
424 29 428
435 29 339
446 29 657
457 29 177
468 29 933
479 29 369
490 29 478
501 29 859
512 29 378
523 29 758
534 29 71
545 29 716
556 29 864
567 29 560
578 29 402
589 29 774
600 29 613
611 29 145
622 29 839
633 29 938
644 29 395
655 29 653
666 29 400
677 29 971
688 29 107
699 29 646
710 29 450
721 29 694
732 29 454
743 29 786
754 29 270
765 29 649
776 29 730
787 29 507
798 29 292
809 29 78
820 29 847
831 29 981
842 29 698
853 29 607
864 29 31
875 29 337
886 29 730
897 29 766
908 29 162
919 29 11
930 29 446
941 29 236
952 29 20
963 29 43
974 29 420
985 29 335
996 29 502
1007 29 233
1018 29 462
1029 29 90
1040 29 407
1051 29 777
1062 29 641
1073 29 94
1084 29 734
1095 29 420
1106 29 445
1117 29 202
1128 29 94
1139 29 441
1150 29 601
1161 29 388
1172 29 390
1183 29 775
1194 29 419
1205 29 552
1216 29 371
1227 29 932
1238 29 117
1249 29 609
1260 29 126
1271 29 7
1282 29 166
1293 29 819
1304 29 584
1315 29 176
1326 29 113
1337 29 313
1348 29 42
1359 29 452
1370 29 672
1381 29 691
1392 29 966
1403 29 730
1414 29 943
1425 29 635
1436 29 365
1447 29 146
1458 29 863
1469 29 131
1480 29 941
1491 29 553
1502 29 1000
1513 29 838
1524 29 101
1535 29 754
1546 29 440
1557 29 73
1568 29 120
1579 29 309
1590 29 678
1601 29 88
1612 29 299
1623 29 932
1634 29 817
1645 29 832
1656 29 92
1667 29 14
1678 29 87
1689 29 462
1700 29 941
1711 29 998
1722 29 83
1733 29 688
1744 29 978
1755 29 877
1766 29 988
1777 29 725
1788 29 775
1799 29 473
1810 29 903
1821 29 461
1832 29 930
1843 29 969
1854 29 892
1865 29 676
1876 29 54
1887 29 945
1898 29 596
1909 29 385
1920 29 344
1931 29 286
1942 29 534
1953 29 45
1964 29 744
1975 29 86
1986 29 523
1997 29 140
2008 29 288
2019 29 809
2030 29 839
2041 29 746
2052 29 770
2063 29 13
2074 29 485
2085 29 897
2096 29 832
2107 29 722
2118 29 482
2129 29 958
2140 29 34
2151 29 72
2162 29 286
2173 29 481
2184 29 494
2195 29 384
2206 29 215
2217 29 900
2228 29 834
2239 29 717
2250 29 88
2261 29 324
2272 29 279
2283 29 11
2294 29 380
2305 29 477
2316 29 691
2327 29 351
2338 29 525
2349 29 91
2360 29 247
2371 29 621
2382 29 896
2393 29 876
2404 29 244
2415 29 198
2426 29 46
2437 29 241
2448 29 441
2459 29 315
2470 29 625
2481 29 70
2492 29 127
2503 29 140
2514 29 196
2525 29 889
2536 29 908
2547 29 205
2558 29 713
2569 29 409
2580 29 682
2591 29 618
2602 29 515
2613 29 962
2624 29 28
2635 29 634
2646 29 417
2657 29 373
2668 29 551
2679 29 745
2690 29 869
2701 29 672
2712 29 589
2723 29 901
2734 29 814
2745 29 60
2756 29 432
2767 29 389
2778 29 636
2789 29 689
2800 29 753
2811 29 849
2822 29 877
2833 29 37
2844 29 745
2855 29 813
2866 29 638
2877 29 218
2888 29 548
2899 29 962
2910 29 673
2921 29 872
2932 29 766
2943 29 545
2954 29 387
2965 29 402
2976 29 891
2987 29 44
2998 29 765
8 30 844
19 30 940
30 30 625
41 30 306
52 30 172
63 30 422
74 30 1000
85 30 488
96 30 456
107 30 592
118 30 695
129 30 57
140 30 926
151 30 213
162 30 63
173 30 171
184 30 303
195 30 587
206 30 833
217 30 520
228 30 382
239 30 458
250 30 601
261 30 964
272 30 311
283 30 329
294 30 479
305 30 898
316 30 932
327 30 152
338 30 985
349 30 875
360 30 638
371 30 190
382 30 877
393 30 528
404 30 162
415 30 314
426 30 175
437 30 183
448 30 684
459 30 623
470 30 882
481 30 578
492 30 320
503 30 994
514 30 988
525 30 637
536 30 890
547 30 536
558 30 475
569 30 484
580 30 113
591 30 415
602 30 432
613 30 412
624 30 818
635 30 568
646 30 988
657 30 727
668 30 568
679 30 161
690 30 936
701 30 100
712 30 206
723 30 224
734 30 454
745 30 354
756 30 913
767 30 297
778 30 318
789 30 160
800 30 917
811 30 727
822 30 500
833 30 464
844 30 861
855 30 53
866 30 714
877 30 731
888 30 771
899 30 528
910 30 772
921 30 183
932 30 126
943 30 382
954 30 52
965 30 173
976 30 299
987 30 63
998 30 10
1009 30 741
1020 30 582
1031 30 954
1042 30 201
1053 30 91
1064 30 277
1075 30 648
1086 30 790
1097 30 842
1108 30 1000
1119 30 672
1130 30 621
1141 30 587
1152 30 22
1163 30 150
1174 30 808
1185 30 949
1196 30 725
1207 30 933
1218 30 730
1229 30 518
1240 30 106
1251 30 457
1262 30 366
1273 30 602
1284 30 987
1295 30 868
1306 30 988
1317 30 879
1328 30 487
1339 30 591
1350 30 887
1361 30 116
1372 30 836
1383 30 529
1394 30 642
1405 30 484
1416 30 185
1427 30 946
1438 30 645
1449 30 244
1460 30 715
1471 30 322
1482 30 330
1493 30 913
1504 30 671
1515 30 278
1526 30 10
1537 30 763
1548 30 327
1559 30 764
1570 30 681
1581 30 211
1592 30 835
1603 30 102
1614 30 285
1625 30 652
1636 30 786
1647 30 192
1658 30 483
1669 30 889
1680 30 708
1691 30 759
1702 30 839
1713 30 381
1724 30 643
1735 30 852
1746 30 893
1757 30 670
1768 30 473
1779 30 716
1790 30 807
1801 30 279
1812 30 803
1823 30 186
1834 30 680
1845 30 642
1856 30 156
1867 30 820
1878 30 882
1889 30 745
1900 30 577
1911 30 953
1922 30 894
1933 30 256
1944 30 394
1955 30 502
1966 30 424
1977 30 736
1988 30 756
1999 30 25
2010 30 911
2021 30 933
2032 30 866
2043 30 778
2054 30 603
2065 30 214
2076 30 146
2087 30 507
2098 30 969
2109 30 729
2120 30 159
2131 30 35
2142 30 816
2153 30 577
2164 30 729
2175 30 100
2186 30 448
2197 30 946
2208 30 587
2219 30 831
2230 30 979
2241 30 992
2252 30 694
2263 30 26
2274 30 498
2285 30 665
2296 30 1000
2307 30 563
2318 30 419
2329 30 295
2340 30 779
2351 30 222
2362 30 677
2373 30 198
2384 30 66
2395 30 823
2406 30 456
2417 30 188
2428 30 890
2439 30 343
2450 30 150
2461 30 887
2472 30 468
2483 30 61
2494 30 122
2505 30 469
2516 30 960
2527 30 454
2538 30 109
2549 30 647
2560 30 465
2571 30 794
2582 30 466
2593 30 128
2604 30 341
2615 30 357
2626 30 811
2637 30 938
2648 30 90
2659 30 421
2670 30 587
2681 30 757
2692 30 200
2703 30 153
2714 30 595
2725 30 607
2736 30 52
2747 30 339
2758 30 671
2769 30 391
2780 30 7
2791 30 887
2802 30 149
2813 30 621
2824 30 49
2835 30 857
2846 30 517
2857 30 67
2868 30 411
2879 30 246
2890 30 55
2901 30 833
2912 30 272
2923 30 320
2934 30 637
2945 30 591
2956 30 497
2967 30 591
2978 30 893
2989 30 88
10 31 714
21 31 586
32 31 828
43 31 885
54 31 431
65 31 784
76 31 168
87 31 42
98 31 713
109 31 624
120 31 515
131 31 572
142 31 334
153 31 681
164 31 88
175 31 135
186 31 984
197 31 956
208 31 236
219 31 451
230 31 112
241 31 685
252 31 209
263 31 532
274 31 254
285 31 142
296 31 145
307 31 638
318 31 941
329 31 257
340 31 447
351 31 816
362 31 999
373 31 473
384 31 763
395 31 756
406 31 132
417 31 973
428 31 529
439 31 841
450 31 321
461 31 556
472 31 132
483 31 777
494 31 887
505 31 305
516 31 394
527 31 831
538 31 91
549 31 535
560 31 713
571 31 111
582 31 592
593 31 280
604 31 55
615 31 676
626 31 860
637 31 504
648 31 873
659 31 806
670 31 939
681 31 617
692 31 427
703 31 163
714 31 358
725 31 41
736 31 940
747 31 564
758 31 514
769 31 411
780 31 723
791 31 10
802 31 752
813 31 232
824 31 559
835 31 215
846 31 849
857 31 616
868 31 852
879 31 415
890 31 947
901 31 827
912 31 676
923 31 873
934 31 760
945 31 770
956 31 893
967 31 974
978 31 207
989 31 340
1000 31 171
1011 31 500
1022 31 560
1033 31 517
1044 31 168
1055 31 672
1066 31 141
1077 31 157
1088 31 441
1099 31 636
1110 31 690
1121 31 584
1132 31 352
1143 31 647
1154 31 248
1165 31 38
1176 31 71
1187 31 548
1198 31 647
1209 31 927
1220 31 411
1231 31 71
1242 31 980
1253 31 161
1264 31 539
1275 31 317
1286 31 649
1297 31 570
1308 31 166
1319 31 259
1330 31 713
1341 31 217
1352 31 959
1363 31 51
1374 31 514
1385 31 416
1396 31 55
1407 31 703
1418 31 938
1429 31 415
1440 31 645
1451 31 15
1462 31 134
1473 31 257
1484 31 77
1495 31 521
1506 31 379
1517 31 745
1528 31 175
1539 31 573
1550 31 220
1561 31 17
1572 31 546
1583 31 58
1594 31 865
1605 31 359
1616 31 749
1627 31 574
1638 31 177
1649 31 494
1660 31 673
1671 31 189
1682 31 252
1693 31 465
1704 31 282
1715 31 552
1726 31 131
1737 31 706
1748 31 301
1759 31 552
1770 31 306
1781 31 282
1792 31 915
1803 31 353
1814 31 118
1825 31 143
1836 31 734
1847 31 770
1858 31 35
1869 31 167
1880 31 855
1891 31 395
1902 31 997
1913 31 299
1924 31 877
1935 31 363
1946 31 995
1957 31 46
1968 31 587
1979 31 151
1990 31 491
2001 31 603
2012 31 315
2023 31 444
2034 31 863
2045 31 581
2056 31 390
2067 31 503
2078 31 643
2089 31 170
2100 31 875
2111 31 250
2122 31 514
2133 31 833
2144 31 263
2155 31 794
2166 31 928
2177 31 980
2188 31 565
2199 31 643
2210 31 693
2221 31 726
2232 31 624
2243 31 165
2254 31 260
2265 31 983
2276 31 475
2287 31 31
2298 31 827
2309 31 585
2320 31 732
2331 31 534
2342 31 128
2353 31 71
2364 31 273
2375 31 582
2386 31 94
2397 31 340
2408 31 664
2419 31 826
2430 31 591
2441 31 543
2452 31 393
2463 31 983
2474 31 364
2485 31 36
2496 31 450
2507 31 55
2518 31 78
2529 31 619
2540 31 698
2551 31 721
2562 31 82
2573 31 469
2584 31 11
2595 31 718
2606 31 261
2617 31 515
2628 31 321
2639 31 953
2650 31 458
2661 31 981
2672 31 974
2683 31 500
2694 31 941
2705 31 547
2716 31 768
2727 31 957
2738 31 241
2749 31 838
2760 31 820
2771 31 404
2782 31 411
2793 31 127
2804 31 224
2815 31 16
2826 31 180
2837 31 848
2848 31 253
2859 31 910
2870 31 417
2881 31 968
2892 31 706
2903 31 988
2914 31 140
2925 31 850
2936 31 710
2947 31 655
2958 31 988
2969 31 190
2980 31 884
2991 31 797
1 32 745
12 32 428
23 32 1
34 32 611
45 32 409
56 32 881
67 32 456
78 32 504
89 32 543
100 32 668
111 32 379
122 32 784
133 32 156
144 32 928
155 32 184
166 32 636
177 32 228
188 32 78
199 32 586
210 32 772
221 32 853
232 32 424
243 32 819
254 32 38
265 32 27
276 32 115
287 32 565
298 32 988
309 32 630
320 32 962
331 32 668
342 32 994
353 32 985
364 32 201
375 32 916
386 32 627
397 32 709
408 32 973
419 32 247
430 32 481
441 32 116
452 32 968
463 32 606
474 32 172
485 32 36
496 32 308
507 32 58
518 32 14
529 32 368
540 32 724
551 32 886
562 32 1
573 32 302
584 32 408
595 32 627
606 32 250
617 32 491
628 32 773
639 32 365
650 32 560
661 32 896
672 32 938
683 32 571
694 32 575
705 32 543
716 32 427
727 32 337
738 32 627
749 32 883
760 32 867
771 32 490
782 32 812
793 32 440
804 32 186
815 32 662
826 32 250
837 32 938
848 32 996
859 32 86
870 32 72
881 32 688
892 32 653
903 32 787
914 32 542
925 32 330
936 32 527
947 32 944
958 32 620
969 32 903
980 32 991
991 32 109
1002 32 250
1013 32 558
1024 32 478
1035 32 741
1046 32 314
1057 32 558
1068 32 375
1079 32 100
1090 32 436
1101 32 466
1112 32 303
1123 32 154
1134 32 331
1145 32 666
1156 32 675
1167 32 80
1178 32 986
1189 32 405
1200 32 389
1211 32 73
1222 32 335
1233 32 717
1244 32 658
1255 32 102
1266 32 995
1277 32 452
1288 32 876
1299 32 553
1310 32 570
1321 32 190
1332 32 419
1343 32 688
1354 32 933
1365 32 686
1376 32 445
1387 32 810
1398 32 960
1409 32 883
1420 32 867
1431 32 677
1442 32 621
1453 32 291
1464 32 738
1475 32 725
1486 32 678
1497 32 887
1508 32 742
1519 32 312
1530 32 545
1541 32 505
1552 32 875
1563 32 468
1574 32 598
1585 32 545
1596 32 925
1607 32 915
1618 32 594
1629 32 509
1640 32 424
1651 32 952
1662 32 527
1673 32 390
1684 32 831
1695 32 812
1706 32 919
1717 32 664
1728 32 737
1739 32 592
1750 32 733
1761 32 80
1772 32 677
1783 32 930
1794 32 686
1805 32 794
1816 32 263
1827 32 833
1838 32 313
1849 32 495
1860 32 230
1871 32 124
1882 32 385
1893 32 376
1904 32 420
1915 32 1
1926 32 530
1937 32 609
1948 32 79
1959 32 473
1970 32 23
1981 32 361
1992 32 686
2003 32 264
2014 32 949
2025 32 699
2036 32 132
2047 32 575
2058 32 301
2069 32 880
2080 32 531
2091 32 923
2102 32 633
2113 32 457
2124 32 514
2135 32 954
2146 32 285
2157 32 690
2168 32 358
2179 32 970
2190 32 174
2201 32 807
2212 32 817
2223 32 937
2234 32 848
2245 32 631
2256 32 318
2267 32 991
2278 32 733
2289 32 92
2300 32 981
2311 32 448
2322 32 833
2333 32 242
2344 32 841
2355 32 368
2366 32 141
2377 32 140
2388 32 266
2399 32 359
2410 32 743
2421 32 854
2432 32 491
2443 32 787
2454 32 524
2465 32 356
2476 32 610
2487 32 9
2498 32 831
2509 32 522
2520 32 786
2531 32 584
2542 32 619
2553 32 548
2564 32 256
2575 32 259
2586 32 704
2597 32 455
2608 32 777
2619 32 84
2630 32 444
2641 32 968
2652 32 488
2663 32 621
2674 32 503
2685 32 154
2696 32 388
2707 32 841
2718 32 417
2729 32 977
2740 32 891
2751 32 963
2762 32 765
2773 32 560
2784 32 35
2795 32 891
2806 32 983
2817 32 615
2828 32 77
2839 32 279
2850 32 213
2861 32 233
2872 32 210
2883 32 667
2894 32 370
2905 32 133
2916 32 28
2927 32 648
2938 32 898
2949 32 958
2960 32 712
2971 32 904
2982 32 611
2993 32 121
3 33 460
14 33 857
25 33 227
36 33 249
47 33 617
58 33 486
69 33 704
80 33 646
91 33 577
102 33 830
113 33 499
124 33 360
135 33 24
146 33 735
157 33 194
168 33 512
179 33 398
190 33 837
201 33 833
212 33 441
223 33 567
234 33 962
245 33 811
256 33 366
267 33 14
278 33 528
289 33 581
300 33 198
311 33 630
322 33 820
333 33 21
344 33 587
355 33 796
366 33 123
377 33 948
388 33 437
399 33 860
410 33 619
421 33 224
432 33 340
443 33 108
454 33 379
465 33 550
476 33 841
487 33 833
498 33 112
509 33 728
520 33 811
531 33 343
542 33 827
553 33 146
564 33 501
575 33 790
586 33 888
597 33 707
608 33 598
619 33 623
630 33 902
641 33 875
652 33 724
663 33 415
674 33 615
685 33 255
696 33 809
707 33 40
718 33 64
729 33 283
740 33 429
751 33 172
762 33 190
773 33 385
784 33 965
795 33 954
806 33 719
817 33 826
828 33 236
839 33 923
850 33 962
861 33 225
872 33 713
883 33 280
894 33 640
905 33 393
916 33 463
927 33 767
938 33 955
949 33 439
960 33 831
971 33 466
982 33 984
993 33 797
1004 33 708
1015 33 451
1026 33 609
1037 33 671
1048 33 509
1059 33 239
1070 33 827
1081 33 785
1092 33 139
1103 33 837
1114 33 63
1125 33 394
1136 33 186
1147 33 565
1158 33 813
1169 33 220
1180 33 484
1191 33 371
1202 33 673
1213 33 893
1224 33 314
1235 33 255
1246 33 629
1257 33 578
1268 33 278
1279 33 975
1290 33 915
1301 33 697
1312 33 641
1323 33 517
1334 33 589
1345 33 320
1356 33 986
1367 33 638
1378 33 242
1389 33 669
1400 33 976
1411 33 136
1422 33 755
1433 33 334
1444 33 520
1455 33 421
1466 33 542
1477 33 977
1488 33 408
1499 33 339
1510 33 220
1521 33 133
1532 33 461
1543 33 874
1554 33 577
1565 33 905
1576 33 260
1587 33 99
1598 33 428
1609 33 209
1620 33 977
1631 33 418
1642 33 177
1653 33 163
1664 33 48
1675 33 270
1686 33 812
1697 33 308
1708 33 632
1719 33 758
1730 33 809
1741 33 106
1752 33 136
1763 33 467
1774 33 784
1785 33 837
1796 33 23
1807 33 463
1818 33 681
1829 33 368
1840 33 445
1851 33 957
1862 33 437
1873 33 80
1884 33 816
1895 33 761
1906 33 899
1917 33 932
1928 33 815
1939 33 154
1950 33 362
1961 33 14
1972 33 884
1983 33 227
1994 33 827
2005 33 747
2016 33 417
2027 33 119
2038 33 895
2049 33 201
2060 33 461
2071 33 139
2082 33 942
2093 33 982
2104 33 66
2115 33 514
2126 33 302
2137 33 445
2148 33 805
2159 33 634
2170 33 653
2181 33 7
2192 33 482
2203 33 284
2214 33 376
2225 33 14
2236 33 304
2247 33 705
2258 33 296
2269 33 149
2280 33 574
2291 33 54
2302 33 627
2313 33 160
2324 33 259
2335 33 537
2346 33 330
2357 33 681
2368 33 594
2379 33 794
2390 33 16
2401 33 929
2412 33 211
2423 33 797
2434 33 634
2445 33 502
2456 33 450
2467 33 644
2478 33 723
2489 33 911
2500 33 409
2511 33 129
2522 33 202
2533 33 288
2544 33 884
2555 33 100
2566 33 255
2577 33 471
2588 33 318
2599 33 15
2610 33 799
2621 33 330
2632 33 964
2643 33 427
2654 33 642
2665 33 532
2676 33 312
2687 33 639
2698 33 117
2709 33 697
2720 33 95
2731 33 139
2742 33 616
2753 33 180
2764 33 129
2775 33 157
2786 33 996
2797 33 677
2808 33 769
2819 33 184
2830 33 85
2841 33 925
2852 33 630
2863 33 683
2874 33 671
2885 33 689
2896 33 129
2907 33 846
2918 33 50
2929 33 171
2940 33 780
2951 33 763
2962 33 997
2973 33 409
2984 33 308
2995 33 1
5 34 732
16 34 458
27 34 416
38 34 24
49 34 740
60 34 567
71 34 860
82 34 876
93 34 260
104 34 697
115 34 555
126 34 564
137 34 302
148 34 915
159 34 337
170 34 355
181 34 684
192 34 765
203 34 176
214 34 231
225 34 144
236 34 226
247 34 146
258 34 899
269 34 366
280 34 983
291 34 56
302 34 717
313 34 956
324 34 206
335 34 408
346 34 581
357 34 509
368 34 400
379 34 738
390 34 75
401 34 398
412 34 575
423 34 733
434 34 924
445 34 756
456 34 353
467 34 380
478 34 704
489 34 690
500 34 40
511 34 516
522 34 466
533 34 393
544 34 911
555 34 483
566 34 903
577 34 138
588 34 190
599 34 931
610 34 275
621 34 419
632 34 439
643 34 28
654 34 673
665 34 93
676 34 75
687 34 76
698 34 804
709 34 843
720 34 729
731 34 112
742 34 66
753 34 389
764 34 685
775 34 59
786 34 653
797 34 332
808 34 918
819 34 96
830 34 743
841 34 47
852 34 676
863 34 822
874 34 802
885 34 645
896 34 162
907 34 715
918 34 622
929 34 458
940 34 802
951 34 479
962 34 698
973 34 535
984 34 299
995 34 690
1006 34 838
1017 34 602
1028 34 178
1039 34 228
1050 34 359
1061 34 95
1072 34 375
1083 34 427
1094 34 478
1105 34 138
1116 34 80
1127 34 456
1138 34 703
1149 34 645
1160 34 248
1171 34 440
1182 34 231
1193 34 420
1204 34 917
1215 34 742
1226 34 234
1237 34 571
1248 34 527
1259 34 968
1270 34 799
1281 34 386
1292 34 222
1303 34 618
1314 34 353
1325 34 542
1336 34 531
1347 34 914
1358 34 894
1369 34 640
1380 34 289
1391 34 67
1402 34 237
1413 34 50
1424 34 537
1435 34 388
1446 34 917
1457 34 987
1468 34 174
1479 34 238
1490 34 454
1501 34 396
1512 34 158
1523 34 864
1534 34 631
1545 34 542
1556 34 893
1567 34 886
1578 34 706
1589 34 69
1600 34 770
1611 34 911
1622 34 939
1633 34 941
1644 34 950
1655 34 385
1666 34 435
1677 34 446
1688 34 450
1699 34 514
1710 34 510
1721 34 624
1732 34 307
1743 34 663
1754 34 149
1765 34 529
1776 34 401
1787 34 182
1798 34 46
1809 34 10
1820 34 188
1831 34 713
1842 34 177
1853 34 688
1864 34 476
1875 34 686
1886 34 497
1897 34 255
1908 34 93
1919 34 880
1930 34 148
1941 34 270
1952 34 270
1963 34 792
1974 34 798
1985 34 34
1996 34 9
2007 34 351
2018 34 961
2029 34 381
2040 34 976
2051 34 261
2062 34 713
2073 34 373
2084 34 985
2095 34 862
2106 34 508
2117 34 655
2128 34 283
2139 34 675
2150 34 386
2161 34 380
2172 34 396
2183 34 782
2194 34 873
2205 34 781
2216 34 27
2227 34 739
2238 34 709
2249 34 380
2260 34 981
2271 34 746
2282 34 117
2293 34 204
2304 34 452
2315 34 829
2326 34 189
2337 34 34
2348 34 102
2359 34 780
2370 34 46
2381 34 112
2392 34 310
2403 34 258
2414 34 190
2425 34 714
2436 34 381
2447 34 341
2458 34 15
2469 34 44
2480 34 233
2491 34 34
2502 34 562
2513 34 603
2524 34 648
2535 34 841
2546 34 641
2557 34 982
2568 34 785
2579 34 471
2590 34 304
2601 34 49
2612 34 558
2623 34 834
2634 34 583
2645 34 348
2656 34 878
2667 34 700
2678 34 388
2689 34 592
2700 34 465
2711 34 259
2722 34 53
2733 34 744
2744 34 30
2755 34 691
2766 34 300
2777 34 845
2788 34 486
2799 34 324
2810 34 70
2821 34 260
2832 34 207
2843 34 231
2854 34 317
2865 34 809
2876 34 276
2887 34 893
2898 34 679
2909 34 645
2920 34 157
2931 34 967
2942 34 988
2953 34 438
2964 34 760
2975 34 956
2986 34 762
2997 34 308
7 35 672
18 35 249
29 35 523
40 35 582
51 35 300
62 35 563
73 35 792
84 35 202
95 35 542
106 35 944
117 35 558
128 35 628
139 35 346
150 35 435
161 35 843
172 35 245
183 35 386
194 35 510
205 35 892
216 35 961
227 35 654
238 35 509
249 35 576
260 35 638
271 35 299
282 35 858
293 35 954
304 35 926
315 35 776
326 35 56
337 35 931
348 35 876
359 35 23
370 35 993
381 35 143
392 35 690
403 35 56
414 35 729
425 35 607
436 35 348
447 35 952
458 35 481
469 35 613
480 35 951
491 35 203
502 35 559
513 35 282
524 35 1
535 35 81
546 35 793
557 35 257
568 35 536
579 35 622
590 35 743
601 35 802
612 35 895
623 35 873
634 35 345
645 35 683
656 35 619
667 35 208
678 35 765
689 35 463
700 35 900
711 35 74
722 35 932
733 35 898
744 35 415
755 35 655
766 35 341
777 35 895
788 35 140
799 35 52
810 35 115
821 35 673
832 35 112
843 35 500
854 35 386
865 35 13
876 35 523
887 35 337
898 35 986
909 35 271
920 35 220
931 35 63
942 35 821
953 35 272
964 35 881
975 35 618
986 35 19
997 35 709
1008 35 562
1019 35 1000
1030 35 853
1041 35 911
1052 35 41
1063 35 455
1074 35 463
1085 35 398
1096 35 881
1107 35 374
1118 35 182
1129 35 386
1140 35 27
1151 35 709
1162 35 849
1173 35 504
1184 35 665
1195 35 27
1206 35 140
1217 35 443
1228 35 422
1239 35 25
1250 35 410
1261 35 361
1272 35 987
1283 35 498
1294 35 528
1305 35 113
1316 35 421
1327 35 995
1338 35 649
1349 35 459
1360 35 314
1371 35 546
1382 35 36
1393 35 15
1404 35 160
1415 35 151
1426 35 784
1437 35 53
1448 35 127
1459 35 140
1470 35 337
1481 35 452
1492 35 57
1503 35 443
1514 35 663
1525 35 43
1536 35 535
1547 35 710
1558 35 183
1569 35 557
1580 35 745
1591 35 595
1602 35 297
1613 35 449
1624 35 200
1635 35 121
1646 35 428
1657 35 920
1668 35 788
1679 35 146
1690 35 978
1701 35 238
1712 35 638
1723 35 644
1734 35 131
1745 35 158
1756 35 237
1767 35 561
1778 35 804
1789 35 857
1800 35 615
1811 35 166
1822 35 284
1833 35 662
1844 35 208
1855 35 549
1866 35 664
1877 35 491
1888 35 249
1899 35 127
1910 35 503
1921 35 165
1932 35 607
1943 35 1
1954 35 999
1965 35 108
1976 35 967
1987 35 857
1998 35 259
2009 35 623
2020 35 861
2031 35 563
2042 35 798
2053 35 397
2064 35 992
2075 35 40
2086 35 77
2097 35 800
2108 35 671
2119 35 205
2130 35 922
2141 35 215
2152 35 349
2163 35 649
2174 35 800
2185 35 693
2196 35 233
2207 35 101
2218 35 983
2229 35 691
2240 35 138
2251 35 231
2262 35 47
2273 35 336
2284 35 31
2295 35 550
2306 35 429
2317 35 218
2328 35 466
2339 35 130
2350 35 706
2361 35 924
2372 35 230
2383 35 776
2394 35 572
2405 35 134
2416 35 841
2427 35 330
2438 35 754
2449 35 294
2460 35 636
2471 35 195
2482 35 983
2493 35 545
2504 35 146
2515 35 292
2526 35 239
2537 35 219
2548 35 249
2559 35 688
2570 35 681
2581 35 979
2592 35 653
2603 35 484
2614 35 202
2625 35 85
2636 35 235
2647 35 817
2658 35 570
2669 35 80
2680 35 251
2691 35 907
2702 35 606
2713 35 676
2724 35 809
2735 35 220
2746 35 709
2757 35 62
2768 35 871
2779 35 260
2790 35 288
2801 35 823
2812 35 822
2823 35 570
2834 35 348
2845 35 515
2856 35 787
2867 35 546
2878 35 274
2889 35 606
2900 35 726
2911 35 173
2922 35 930
2933 35 208
2944 35 297
2955 35 667
2966 35 859
2977 35 465
2988 35 770
2999 35 358
9 36 357
20 36 530
31 36 710
42 36 954
53 36 203
64 36 336
75 36 644
86 36 702
97 36 360
108 36 661
119 36 660
130 36 39
141 36 496
152 36 963
163 36 853
174 36 733
185 36 967
196 36 897
207 36 240
218 36 712
229 36 575
240 36 719
251 36 523
262 36 591
273 36 548
284 36 275
295 36 418
306 36 951
317 36 438
328 36 960
339 36 699
350 36 818
361 36 771
372 36 814
383 36 805
394 36 303
405 36 761
416 36 36
427 36 176
438 36 6
449 36 811
460 36 226
471 36 405
482 36 49
493 36 652
504 36 305
515 36 491
526 36 17
537 36 155
548 36 883
559 36 973
570 36 290
581 36 320
592 36 56
603 36 283
614 36 754
625 36 85
636 36 465
647 36 382
658 36 940
669 36 887
680 36 312
691 36 298
702 36 784
713 36 695
724 36 902
735 36 601
746 36 421
757 36 734
768 36 762
779 36 440
790 36 567
801 36 410
812 36 870
823 36 520
834 36 570
845 36 493
856 36 319
867 36 496
878 36 549
889 36 550
900 36 722
911 36 94
922 36 162
933 36 525
944 36 83
955 36 494
966 36 643
977 36 496
988 36 651
999 36 690
1010 36 426
1021 36 316
1032 36 34
1043 36 911
1054 36 822
1065 36 285
1076 36 210
1087 36 6
1098 36 786
1109 36 495
1120 36 875
1131 36 20
1142 36 870
1153 36 731
1164 36 354
1175 36 571
1186 36 524
1197 36 419
1208 36 356
1219 36 247
1230 36 373
1241 36 450
1252 36 606
1263 36 53
1274 36 661
1285 36 169
1296 36 815
1307 36 355
1318 36 966
1329 36 701
1340 36 601
1351 36 429
1362 36 74
1373 36 635
1384 36 356
1395 36 986
1406 36 305
1417 36 756
1428 36 176
1439 36 988
1450 36 538
1461 36 84
1472 36 804
1483 36 572
1494 36 772
1505 36 607
1516 36 80
1527 36 20
1538 36 816
1549 36 101
1560 36 539
1571 36 272
1582 36 603
1593 36 597
1604 36 358
1615 36 862
1626 36 906
1637 36 134
1648 36 242
1659 36 472
1670 36 997
1681 36 248
1692 36 191
1703 36 715
1714 36 614
1725 36 329
1736 36 934
1747 36 399
1758 36 526
1769 36 40
1780 36 127
1791 36 223
1802 36 815
1813 36 771
1824 36 340
1835 36 802
1846 36 128
1857 36 877
1868 36 495
1879 36 324
1890 36 57
1901 36 74
1912 36 708
1923 36 659
1934 36 683
1945 36 805
1956 36 466
1967 36 86
1978 36 140
1989 36 957
2000 36 885
2011 36 974
2022 36 654
2033 36 385
2044 36 307
2055 36 798
2066 36 436
2077 36 669
2088 36 267
2099 36 34
2110 36 332
2121 36 387
2132 36 709
2143 36 358
2154 36 500
2165 36 325
2176 36 317
2187 36 963
2198 36 627
2209 36 850
2220 36 133
2231 36 560
2242 36 74
2253 36 96
2264 36 294
2275 36 500
2286 36 582
2297 36 990
2308 36 820
2319 36 753
2330 36 909
2341 36 707
2352 36 461
2363 36 456
2374 36 618
2385 36 813
2396 36 139
2407 36 267
2418 36 686
2429 36 456
2440 36 151
2451 36 959
2462 36 217
2473 36 274
2484 36 577
2495 36 369
2506 36 89
2517 36 625
2528 36 846
2539 36 505
2550 36 537
2561 36 469
2572 36 167
2583 36 808
2594 36 100
2605 36 431
2616 36 220
2627 36 954
2638 36 479
2649 36 700
2660 36 886
2671 36 184
2682 36 833
2693 36 593
2704 36 596
2715 36 139
2726 36 482
2737 36 245
2748 36 933
2759 36 777
2770 36 888
2781 36 636
2792 36 857
2803 36 177
2814 36 921
2825 36 309
2836 36 317
2847 36 816
2858 36 303
2869 36 757
2880 36 755
2891 36 556
2902 36 715
2913 36 534
2924 36 851
2935 36 297
2946 36 18
2957 36 877
2968 36 474
2979 36 260
2990 36 300
0 37 741
11 37 326
22 37 327
33 37 221
44 37 315
55 37 543
66 37 619
77 37 240
88 37 111
99 37 132
110 37 19
121 37 170
132 37 163
143 37 150
154 37 527
165 37 862
176 37 150
187 37 558
198 37 658
209 37 726
220 37 325
231 37 772
242 37 898
253 37 121
264 37 633
275 37 717
286 37 337
297 37 371
308 37 380
319 37 743
330 37 27
341 37 428
352 37 422
363 37 542
374 37 464
385 37 994
396 37 44
407 37 342
418 37 367
429 37 835
440 37 139
451 37 820
462 37 898
473 37 395
484 37 859
495 37 852
506 37 1
517 37 149
528 37 258
539 37 723
550 37 922
561 37 546
572 37 911
583 37 664
594 37 809
605 37 881
616 37 655
627 37 864
638 37 377
649 37 535
660 37 605
671 37 250
682 37 271
693 37 79
704 37 788
715 37 269
726 37 481
737 37 592
748 37 563
759 37 531
770 37 855
781 37 570
792 37 893
803 37 742
814 37 992
825 37 25
836 37 702
847 37 706
858 37 606
869 37 306
880 37 284
891 37 768
902 37 184
913 37 554
924 37 545
935 37 90
946 37 296
957 37 218
968 37 896
979 37 129
990 37 637
1001 37 479
1012 37 106
1023 37 400
1034 37 845
1045 37 7
1056 37 894
1067 37 386
1078 37 252
1089 37 418
1100 37 165
1111 37 398
1122 37 790
1133 37 7
1144 37 838
1155 37 639
1166 37 579
1177 37 68
1188 37 151
1199 37 716
1210 37 996
1221 37 176
1232 37 434
1243 37 114
1254 37 110
1265 37 406
1276 37 765
1287 37 59
1298 37 262
1309 37 617
1320 37 65
1331 37 280
1342 37 575
1353 37 308
1364 37 611
1375 37 849
1386 37 295
1397 37 345
1408 37 76
1419 37 479
1430 37 732
1441 37 560
1452 37 687
1463 37 573
1474 37 870
1485 37 93
1496 37 529
1507 37 44
1518 37 60
1529 37 755
1540 37 825
1551 37 593
1562 37 866
1573 37 962
1584 37 456
1595 37 940
1606 37 520
1617 37 667
1628 37 243
1639 37 902
1650 37 922
1661 37 663
1672 37 375
1683 37 626
1694 37 380
1705 37 485
1716 37 137
1727 37 133
1738 37 139
1749 37 1
1760 37 113
1771 37 288
1782 37 940
1793 37 914
1804 37 718
1815 37 53
1826 37 172
1837 37 354
1848 37 603
1859 37 524
1870 37 220
1881 37 841
1892 37 862
1903 37 837
1914 37 705
1925 37 486
1936 37 625
1947 37 942
1958 37 852
1969 37 135
1980 37 535
1991 37 777
2002 37 215
2013 37 455
2024 37 1000
2035 37 251
2046 37 690
2057 37 898
2068 37 73
2079 37 932
2090 37 855
2101 37 206
2112 37 773
2123 37 474
2134 37 968
2145 37 721
2156 37 234
2167 37 743
2178 37 512
2189 37 417
2200 37 77
2211 37 488
2222 37 679
2233 37 605
2244 37 197
2255 37 500
2266 37 958
2277 37 320
2288 37 349
2299 37 908
2310 37 689
2321 37 437
2332 37 746
2343 37 564
2354 37 782
2365 37 823
2376 37 54
2387 37 235
2398 37 770
2409 37 293
2420 37 172
2431 37 789
2442 37 405
2453 37 931
2464 37 318
2475 37 814
2486 37 133
2497 37 811
2508 37 105
2519 37 561
2530 37 851
2541 37 103
2552 37 548
2563 37 952
2574 37 791
2585 37 12
2596 37 292
2607 37 708
2618 37 623
2629 37 351
2640 37 240
2651 37 293
2662 37 793
2673 37 818
2684 37 605
2695 37 871
2706 37 704
2717 37 507
2728 37 362
2739 37 863
2750 37 118
2761 37 541
2772 37 475
2783 37 986
2794 37 834
2805 37 800
2816 37 266
2827 37 991
2838 37 261
2849 37 345
2860 37 130
2871 37 950
2882 37 836
2893 37 184
2904 37 726
2915 37 24
2926 37 958
2937 37 279
2948 37 587
2959 37 289
2970 37 840
2981 37 321
2992 37 522
2 38 509
13 38 159
24 38 785
35 38 479
46 38 169
57 38 21
68 38 53
79 38 361
90 38 7
101 38 659
112 38 896
123 38 165
134 38 566
145 38 788
156 38 504
167 38 140
178 38 461
189 38 74
200 38 269
211 38 211
222 38 744
233 38 531
244 38 171
255 38 985
266 38 491
277 38 555
288 38 283
299 38 168
310 38 883
321 38 97
332 38 781
343 38 48
354 38 581
365 38 969
376 38 733
387 38 6
398 38 444
409 38 463
420 38 931
431 38 489
442 38 653
453 38 361
464 38 644
475 38 816
486 38 846
497 38 764
508 38 782
519 38 151
530 38 96
541 38 281
552 38 269
563 38 18
574 38 287
585 38 288
596 38 978
607 38 439
618 38 438
629 38 470
640 38 698
651 38 183
662 38 184
673 38 852
684 38 877
695 38 734
706 38 730
717 38 557
728 38 432
739 38 756
750 38 416
761 38 931
772 38 454
783 38 693
794 38 836
805 38 280
816 38 422
827 38 946
838 38 327
849 38 291
860 38 487
871 38 264
882 38 871
893 38 401
904 38 848
915 38 132
926 38 422
937 38 420
948 38 458
959 38 382
970 38 937
981 38 350
992 38 17
1003 38 22
1014 38 786
1025 38 920
1036 38 836
1047 38 445
1058 38 170
1069 38 306
1080 38 177
1091 38 403
1102 38 165
1113 38 717
1124 38 125
1135 38 528
1146 38 13
1157 38 717
1168 38 310
1179 38 608
1190 38 231
1201 38 682
1212 38 867
1223 38 952
1234 38 966
1245 38 564
1256 38 53
1267 38 261
1278 38 713
1289 38 124
1300 38 123
1311 38 133
1322 38 67
1333 38 267
1344 38 140
1355 38 706
1366 38 523
1377 38 552
1388 38 726
1399 38 655
1410 38 890
1421 38 163
1432 38 323
1443 38 950
1454 38 19
1465 38 150
1476 38 845
1487 38 547
1498 38 884
1509 38 802
1520 38 617
1531 38 777
1542 38 167
1553 38 464
1564 38 933
1575 38 802
1586 38 980
1597 38 112
1608 38 156
1619 38 381
1630 38 855
1641 38 396
1652 38 858
1663 38 733
1674 38 956
1685 38 462
1696 38 188
1707 38 678
1718 38 911
1729 38 358
1740 38 7
1751 38 475
1762 38 84
1773 38 855
1784 38 239
1795 38 705
1806 38 183
1817 38 705
1828 38 316
1839 38 568
1850 38 113
1861 38 298
1872 38 162
1883 38 319
1894 38 648
1905 38 720
1916 38 688
1927 38 387
1938 38 503
1949 38 400
1960 38 129
1971 38 866
1982 38 409
1993 38 781
2004 38 725
2015 38 886
2026 38 16
2037 38 606
2048 38 503
2059 38 426
2070 38 99
2081 38 379
2092 38 839
2103 38 981
2114 38 778
2125 38 277
2136 38 63
2147 38 499
2158 38 548
2169 38 174
2180 38 35
2191 38 267
2202 38 349
2213 38 441
2224 38 702
2235 38 90
2246 38 7
2257 38 725
2268 38 18
2279 38 530
2290 38 655
2301 38 285
2312 38 872
2323 38 147
2334 38 234
2345 38 845
2356 38 332
2367 38 309
2378 38 826
2389 38 174
2400 38 647
2411 38 171
2422 38 467
2433 38 89
2444 38 296
2455 38 518
2466 38 496
2477 38 156
2488 38 65
2499 38 221
2510 38 869
2521 38 622
2532 38 366
2543 38 284
2554 38 240
2565 38 7
2576 38 3
2587 38 31
2598 38 68
2609 38 606
2620 38 619
2631 38 658
2642 38 133
2653 38 557
2664 38 120
2675 38 924
2686 38 899
2697 38 485
2708 38 180
2719 38 824
2730 38 780
2741 38 740
2752 38 175
2763 38 677
2774 38 641
2785 38 220
2796 38 827
2807 38 599
2818 38 171
2829 38 871
2840 38 945
2851 38 24
2862 38 67
2873 38 81
2884 38 575
2895 38 301
2906 38 303
2917 38 147
2928 38 703
2939 38 835
2950 38 659
2961 38 208
2972 38 640
2983 38 6
2994 38 407
4 39 85
15 39 77
26 39 134
37 39 199
48 39 857
59 39 719
70 39 923
81 39 221
92 39 893
103 39 349
114 39 152
125 39 727
136 39 179
147 39 187
158 39 628
169 39 107
180 39 928
191 39 702
202 39 238
213 39 959
224 39 991
235 39 894
246 39 128
257 39 489
268 39 105
279 39 57
290 39 260
301 39 687
312 39 593
323 39 933
334 39 690
345 39 787
356 39 523
367 39 532
378 39 869
389 39 221
400 39 546
411 39 921
422 39 404
433 39 310
444 39 676
455 39 739
466 39 244
477 39 17
488 39 684
499 39 496
510 39 503
521 39 843
532 39 914
543 39 526
554 39 53
565 39 692
576 39 695
587 39 664
598 39 941
609 39 630
620 39 283
631 39 612
642 39 639
653 39 447
664 39 130
675 39 380
686 39 643
697 39 144
708 39 78
719 39 831
730 39 931
741 39 595
752 39 2
763 39 683
774 39 544
785 39 929
796 39 779
807 39 55
818 39 570
829 39 28
840 39 983
851 39 5
862 39 516
873 39 589
884 39 172
895 39 978
906 39 586
917 39 544
928 39 810
939 39 577
950 39 657
961 39 254
972 39 22
983 39 419
994 39 907
1005 39 461
1016 39 315
1027 39 437
1038 39 570
1049 39 405
1060 39 661
1071 39 724
1082 39 397
1093 39 782
1104 39 252
1115 39 980
1126 39 735
1137 39 990
1148 39 821
1159 39 870
1170 39 164
1181 39 61
1192 39 211
1203 39 657
1214 39 872
1225 39 1000
1236 39 787
1247 39 659
1258 39 807
1269 39 262
1280 39 333
1291 39 831
1302 39 814
1313 39 107
1324 39 798
1335 39 431
1346 39 303
1357 39 385
1368 39 5
1379 39 271
1390 39 392
1401 39 765
1412 39 534
1423 39 389
1434 39 203
1445 39 265
1456 39 631
1467 39 964
1478 39 769
1489 39 285
1500 39 100
1511 39 721
1522 39 210
1533 39 228
1544 39 427
1555 39 711
1566 39 763
1577 39 355
1588 39 61
1599 39 754
1610 39 514
1621 39 211
1632 39 863
1643 39 939
1654 39 775
1665 39 496
1676 39 737
1687 39 303
1698 39 470
1709 39 382
1720 39 518
1731 39 34
1742 39 100
1753 39 463
1764 39 362
1775 39 629
1786 39 417
1797 39 283
1808 39 113
1819 39 855
1830 39 633
1841 39 83
1852 39 845
1863 39 596
1874 39 737
1885 39 134
1896 39 92
1907 39 525
1918 39 56
1929 39 899
1940 39 684
1951 39 644
1962 39 677
1973 39 747
1984 39 697
1995 39 814
2006 39 232
2017 39 822
2028 39 812
2039 39 635
2050 39 336
2061 39 631
2072 39 666
2083 39 396
2094 39 227
2105 39 530
2116 39 79
2127 39 404
2138 39 630
2149 39 429
2160 39 511
2171 39 293
2182 39 350
2193 39 965
2204 39 272
2215 39 594
2226 39 553
2237 39 860
2248 39 618
2259 39 962
2270 39 245
2281 39 283
2292 39 460
2303 39 835
2314 39 798
2325 39 319
2336 39 821
2347 39 447
2358 39 159
2369 39 192
2380 39 42
2391 39 246
2402 39 414
2413 39 427
2424 39 336
2435 39 105
2446 39 939
2457 39 479
2468 39 775
2479 39 741
2490 39 910
2501 39 162
2512 39 569
2523 39 73
2534 39 947
2545 39 961
2556 39 476
2567 39 850
2578 39 531
2589 39 784
2600 39 767
2611 39 415
2622 39 850
2633 39 910
2644 39 375
2655 39 950
2666 39 135
2677 39 616
2688 39 957
2699 39 299
2710 39 280
2721 39 407
2732 39 966
2743 39 352
2754 39 19
2765 39 494
2776 39 382
2787 39 470
2798 39 366
2809 39 988
2820 39 404
2831 39 949
2842 39 291
2853 39 207
2864 39 118
2875 39 83
2886 39 105
2897 39 444
2908 39 2
2919 39 88
2930 39 660
2941 39 622
2952 39 461
2963 39 463
2974 39 968
2985 39 410
2996 39 411
6 40 482
17 40 801
28 40 193
39 40 534
50 40 673
61 40 614
72 40 254
83 40 359
94 40 736
105 40 429
116 40 823
127 40 857
138 40 490
149 40 391
160 40 558
171 40 844
182 40 146
193 40 351
204 40 75
215 40 267
226 40 592
237 40 294
248 40 452
259 40 874
270 40 139
281 40 605
292 40 298
303 40 746
314 40 656
325 40 385
336 40 256
347 40 565
358 40 122
369 40 110
380 40 711
391 40 584
402 40 721
413 40 951
424 40 454
435 40 414
446 40 17
457 40 64
468 40 928
479 40 381
490 40 519
501 40 313
512 40 161
523 40 619
534 40 337
545 40 842
556 40 136
567 40 249
578 40 907
589 40 856
600 40 260
611 40 32
622 40 100
633 40 641
644 40 74
655 40 902
666 40 60
677 40 640
688 40 72
699 40 658
710 40 19
721 40 994
732 40 598
743 40 653
754 40 279
765 40 460
776 40 396
787 40 209
798 40 708
809 40 828
820 40 723
831 40 145
842 40 192
853 40 153
864 40 719
875 40 751
886 40 697
897 40 148
908 40 668
919 40 180
930 40 608
941 40 172
952 40 548
963 40 199
974 40 212
985 40 836
996 40 712
1007 40 552
1018 40 404
1029 40 57
1040 40 532
1051 40 654
1062 40 696
1073 40 224
1084 40 146
1095 40 564
1106 40 983
1117 40 405
1128 40 857
1139 40 759
1150 40 741
1161 40 451
1172 40 197
1183 40 155
1194 40 161
1205 40 414
1216 40 793
1227 40 708
1238 40 261
1249 40 544
1260 40 941
1271 40 702
1282 40 814
1293 40 424
1304 40 202
1315 40 460
1326 40 415
1337 40 878
1348 40 611
1359 40 18
1370 40 459
1381 40 426
1392 40 801
1403 40 12
1414 40 114
1425 40 725
1436 40 360
1447 40 488
1458 40 522
1469 40 986
1480 40 276
1491 40 745
1502 40 938
1513 40 412
1524 40 630
1535 40 565
1546 40 940
1557 40 812
1568 40 46
1579 40 576
1590 40 999
1601 40 751
1612 40 387
1623 40 575
1634 40 344
1645 40 242
1656 40 809
1667 40 216
1678 40 494
1689 40 945
1700 40 333
1711 40 859
1722 40 537
1733 40 524
1744 40 744
1755 40 90
1766 40 333
1777 40 567
1788 40 272
1799 40 161
1810 40 157
1821 40 205
1832 40 183
1843 40 540
1854 40 644
1865 40 374
1876 40 992
1887 40 702
1898 40 377
1909 40 650
1920 40 690
1931 40 507
1942 40 473
1953 40 550
1964 40 867
1975 40 281
1986 40 788
1997 40 303
2008 40 543
2019 40 6
2030 40 650
2041 40 261
2052 40 247
2063 40 562
2074 40 475
2085 40 136
2096 40 96
2107 40 452
2118 40 213
2129 40 848
2140 40 624
2151 40 205
2162 40 173
2173 40 664
2184 40 186
2195 40 694
2206 40 987
2217 40 170
2228 40 914
2239 40 524
2250 40 353
2261 40 271
2272 40 414
2283 40 179
2294 40 156
2305 40 42
2316 40 99
2327 40 896
2338 40 582
2349 40 52
2360 40 293
2371 40 55
2382 40 937
2393 40 263
2404 40 276
2415 40 925
2426 40 895
2437 40 941
2448 40 81
2459 40 885
2470 40 364
2481 40 499
2492 40 181
2503 40 225
2514 40 694
2525 40 161
2536 40 689
2547 40 645
2558 40 148
2569 40 787
2580 40 208
2591 40 63
2602 40 978
2613 40 530
2624 40 320
2635 40 36
2646 40 97
2657 40 716
2668 40 958
2679 40 94
2690 40 989
2701 40 635
2712 40 989
2723 40 696
2734 40 553
2745 40 444
2756 40 295
2767 40 334
2778 40 690
2789 40 638
2800 40 388
2811 40 408
2822 40 61
2833 40 306
2844 40 554
2855 40 718
2866 40 475
2877 40 878
2888 40 165
2899 40 827
2910 40 507
2921 40 3
2932 40 411
2943 40 734
2954 40 204
2965 40 803
2976 40 213
2987 40 658
2998 40 592
8 41 61
19 41 810
30 41 378
41 41 111
52 41 235
63 41 808
74 41 334
85 41 602
96 41 144
107 41 22
118 41 541
129 41 736
140 41 931
151 41 293
162 41 87
173 41 446
184 41 649
195 41 532
206 41 645
217 41 165
228 41 90
239 41 717
250 41 87
261 41 306
272 41 511
283 41 646
294 41 750
305 41 476
316 41 98
327 41 774
338 41 399
349 41 831
360 41 729
371 41 960
382 41 883
393 41 113
404 41 36
415 41 642
426 41 660
437 41 562
448 41 160
459 41 470
470 41 956
481 41 303
492 41 906
503 41 174
514 41 553
525 41 640
536 41 946
547 41 938
558 41 7
569 41 80
580 41 619
591 41 502
602 41 345
613 41 37
624 41 302
635 41 910
646 41 575
657 41 176
668 41 821
679 41 218
690 41 594
701 41 593
712 41 682
723 41 172
734 41 601
745 41 336
756 41 793
767 41 999
778 41 290
789 41 602
800 41 603
811 41 435
822 41 643
833 41 484
844 41 180
855 41 41
866 41 1
877 41 354
888 41 55
899 41 534
910 41 720
921 41 993
932 41 684
943 41 175
954 41 179
965 41 607
976 41 39
987 41 400
998 41 61
1009 41 723
1020 41 567
1031 41 365
1042 41 890
1053 41 361
1064 41 282
1075 41 975
1086 41 931
1097 41 779
1108 41 998
1119 41 636
1130 41 235
1141 41 224
1152 41 425
1163 41 169
1174 41 912
1185 41 371
1196 41 864
1207 41 121
1218 41 673
1229 41 966
1240 41 595
1251 41 311
1262 41 352
1273 41 63
1284 41 350
1295 41 394
1306 41 663
1317 41 575
1328 41 331
1339 41 6
1350 41 580
1361 41 598
1372 41 672
1383 41 15
1394 41 913
1405 41 991
1416 41 815
1427 41 112
1438 41 499
1449 41 315
1460 41 138
1471 41 862
1482 41 442
1493 41 678
1504 41 960
1515 41 104
1526 41 115
1537 41 337
1548 41 221
1559 41 345
1570 41 461
1581 41 622
1592 41 862
1603 41 726
1614 41 814
1625 41 816
1636 41 619
1647 41 744
1658 41 152
1669 41 943
1680 41 870
1691 41 29
1702 41 350
1713 41 714
1724 41 555
1735 41 609
1746 41 832
1757 41 155
1768 41 815
1779 41 373
1790 41 345
1801 41 113
1812 41 353
1823 41 943
1834 41 390
1845 41 220
1856 41 728
1867 41 61
1878 41 182
1889 41 486
1900 41 212
1911 41 691
1922 41 539
1933 41 704
1944 41 239
1955 41 135
1966 41 928
1977 41 773
1988 41 719
1999 41 848
2010 41 180
2021 41 465
2032 41 744
2043 41 606
2054 41 951
2065 41 3
2076 41 706
2087 41 781
2098 41 489
2109 41 356
2120 41 543
2131 41 485
2142 41 51
2153 41 424
2164 41 943
2175 41 191
2186 41 688
2197 41 225
2208 41 794
2219 41 885
2230 41 691
2241 41 260
2252 41 386
2263 41 286
2274 41 628
2285 41 969
2296 41 523
2307 41 868
2318 41 941
2329 41 778
2340 41 635
2351 41 386
2362 41 306
2373 41 248
2384 41 579
2395 41 72
2406 41 741
2417 41 231
2428 41 494
2439 41 819
2450 41 985
2461 41 620
2472 41 805
2483 41 182
2494 41 457
2505 41 248
2516 41 18
2527 41 18
2538 41 338
2549 41 182
2560 41 713
2571 41 942
2582 41 670
2593 41 911
2604 41 58
2615 41 964
2626 41 259
2637 41 908
2648 41 738
2659 41 367
2670 41 821
2681 41 18
2692 41 917
2703 41 952
2714 41 6
2725 41 337
2736 41 233
2747 41 933
2758 41 793
2769 41 527
2780 41 270
2791 41 523
2802 41 954
2813 41 888
2824 41 787
2835 41 873
2846 41 248
2857 41 100
2868 41 418
2879 41 897
2890 41 553
2901 41 453
2912 41 214
2923 41 561
2934 41 864
2945 41 570
2956 41 840
2967 41 443
2978 41 607
2989 41 729
10 42 6
21 42 810
32 42 542
43 42 717
54 42 726
65 42 33
76 42 489
87 42 555
98 42 399
109 42 830
120 42 416
131 42 184
142 42 643
153 42 125
164 42 572
175 42 301
186 42 338
197 42 230
208 42 711
219 42 792
230 42 380
241 42 707
252 42 746
263 42 882
274 42 662
285 42 810
296 42 427
307 42 827
318 42 37
329 42 941
340 42 555
351 42 529
362 42 507
373 42 709
384 42 470
395 42 562
406 42 592
417 42 441
428 42 21
439 42 473
450 42 368
461 42 699
472 42 427
483 42 840
494 42 643
505 42 808
516 42 245
527 42 733
538 42 541
549 42 419
560 42 617
571 42 543
582 42 585
593 42 90
604 42 689
615 42 808
626 42 993
637 42 281
648 42 133
659 42 666
670 42 846
681 42 347
692 42 625
703 42 481
714 42 173
725 42 99
736 42 125
747 42 177
758 42 716
769 42 70
780 42 407
791 42 171
802 42 364
813 42 485
824 42 451
835 42 695
846 42 11
857 42 674
868 42 749
879 42 956
890 42 607
901 42 596
912 42 829
923 42 948
934 42 729
945 42 580
956 42 428
967 42 651
978 42 508
989 42 973
1000 42 231
1011 42 288
1022 42 344
1033 42 311
1044 42 343
1055 42 943
1066 42 162
1077 42 816
1088 42 768
1099 42 442
1110 42 752
1121 42 953
1132 42 184
1143 42 585
1154 42 68
1165 42 989
1176 42 756
1187 42 649
1198 42 825
1209 42 944
1220 42 638
1231 42 262
1242 42 1
1253 42 129
1264 42 547
1275 42 771
1286 42 973
1297 42 383
1308 42 113
1319 42 111
1330 42 454
1341 42 544
1352 42 775
1363 42 343
1374 42 580
1385 42 674
1396 42 634
1407 42 921
1418 42 453
1429 42 952
1440 42 323
1451 42 727
1462 42 621
1473 42 652
1484 42 220
1495 42 713
1506 42 576
1517 42 926
1528 42 530
1539 42 450
1550 42 193
1561 42 300
1572 42 702
1583 42 151
1594 42 205
1605 42 996
1616 42 98
1627 42 381
1638 42 976
1649 42 165
1660 42 397
1671 42 924
1682 42 217
1693 42 11
1704 42 841
1715 42 571
1726 42 916
1737 42 329
1748 42 949
1759 42 818
1770 42 265
1781 42 989
1792 42 529
1803 42 608
1814 42 650
1825 42 617
1836 42 359
1847 42 517
1858 42 744
1869 42 613
1880 42 371
1891 42 17
1902 42 590
1913 42 830
1924 42 751
1935 42 146
1946 42 766
1957 42 119
1968 42 54
1979 42 168
1990 42 877
2001 42 166
2012 42 333
2023 42 439
2034 42 885
2045 42 838
2056 42 117
2067 42 391
2078 42 228
2089 42 941
2100 42 745
2111 42 828
2122 42 288
2133 42 138
2144 42 769
2155 42 998
2166 42 860
2177 42 297
2188 42 686
2199 42 964
2210 42 476
2221 42 252
2232 42 602
2243 42 415
2254 42 147
2265 42 459
2276 42 479
2287 42 791
2298 42 278
2309 42 638
2320 42 445
2331 42 996
2342 42 636
2353 42 972
2364 42 470
2375 42 457
2386 42 642
2397 42 60
2408 42 181
2419 42 343
2430 42 910
2441 42 360
2452 42 129
2463 42 765
2474 42 516
2485 42 591
2496 42 368
2507 42 293
2518 42 432
2529 42 45
2540 42 106
2551 42 758
2562 42 963
2573 42 876
2584 42 731
2595 42 7
2606 42 521
2617 42 979
2628 42 44
2639 42 979
2650 42 637
2661 42 832
2672 42 113
2683 42 972
2694 42 326
2705 42 22
2716 42 986
2727 42 134
2738 42 924
2749 42 68
2760 42 19
2771 42 674
2782 42 573
2793 42 462
2804 42 227
2815 42 259
2826 42 296
2837 42 897
2848 42 419
2859 42 777
2870 42 476
2881 42 575
2892 42 310
2903 42 140
2914 42 836
2925 42 998
2936 42 355
2947 42 510
2958 42 997
2969 42 509
2980 42 906
2991 42 897
1 43 727
12 43 833
23 43 343
34 43 847
45 43 320
56 43 578
67 43 526
78 43 988
89 43 90
100 43 993
111 43 408
122 43 429
133 43 366
144 43 980
155 43 610
166 43 145
177 43 534
188 43 67
199 43 465
210 43 405
221 43 301
232 43 78
243 43 166
254 43 20
265 43 542
276 43 474
287 43 713
298 43 44
309 43 239
320 43 80
331 43 915
342 43 32
353 43 303
364 43 132
375 43 48
386 43 951
397 43 781
408 43 105
419 43 35
430 43 525
441 43 714
452 43 101
463 43 287
474 43 756
485 43 903
496 43 916
507 43 56
518 43 649
529 43 324
540 43 695
551 43 953
562 43 393
573 43 171
584 43 370
595 43 293
606 43 411
617 43 273
628 43 749
639 43 472
650 43 739
661 43 806
672 43 352
683 43 407
694 43 723
705 43 625
716 43 354
727 43 197
738 43 909
749 43 18
760 43 409
771 43 806
782 43 225
793 43 39
804 43 717
815 43 843
826 43 908
837 43 236
848 43 615
859 43 426
870 43 861
881 43 228
892 43 525
903 43 657
914 43 144
925 43 112
936 43 622
947 43 809
958 43 886
969 43 432
980 43 708
991 43 527
1002 43 593
1013 43 887
1024 43 73
1035 43 3
1046 43 925
1057 43 771
1068 43 782
1079 43 568
1090 43 914
1101 43 331
1112 43 132
1123 43 637
1134 43 345
1145 43 252
1156 43 367
1167 43 206
1178 43 380
1189 43 615
1200 43 699
1211 43 133
1222 43 234
1233 43 644
1244 43 409
1255 43 431
1266 43 407
1277 43 559
1288 43 921
1299 43 287
1310 43 645
1321 43 797
1332 43 846
1343 43 457
1354 43 91
1365 43 263
1376 43 93
1387 43 735
1398 43 494
1409 43 963
1420 43 138
1431 43 452
1442 43 258
1453 43 165
1464 43 622
1475 43 137
1486 43 644
1497 43 445
1508 43 857
1519 43 507
1530 43 683
1541 43 534
1552 43 609
1563 43 72
1574 43 486
1585 43 428
1596 43 272
1607 43 118
1618 43 665
1629 43 240
1640 43 387
1651 43 294
1662 43 994
1673 43 103
1684 43 344
1695 43 897
1706 43 624
1717 43 273
1728 43 242
1739 43 95
1750 43 583
1761 43 797
1772 43 660
1783 43 315
1794 43 22
1805 43 530
1816 43 361
1827 43 111
1838 43 952
1849 43 76
1860 43 651
1871 43 780
1882 43 288
1893 43 294
1904 43 153
1915 43 923
1926 43 67
1937 43 778
1948 43 637
1959 43 136
1970 43 897
1981 43 412
1992 43 851
2003 43 746
2014 43 59
2025 43 591
2036 43 856
2047 43 991
2058 43 475
2069 43 718
2080 43 967
2091 43 644
2102 43 328
2113 43 55
2124 43 364
2135 43 352
2146 43 955
2157 43 164
2168 43 793
2179 43 974
2190 43 95
2201 43 448
2212 43 972
2223 43 392
2234 43 176
2245 43 54
2256 43 867
2267 43 997
2278 43 355
2289 43 719
2300 43 826
2311 43 999
2322 43 560
2333 43 506
2344 43 823
2355 43 767
2366 43 928
2377 43 737
2388 43 9
2399 43 550
2410 43 711
2421 43 653
2432 43 239
2443 43 450
2454 43 184
2465 43 629
2476 43 723
2487 43 871
2498 43 81
2509 43 373
2520 43 650
2531 43 301
2542 43 187
2553 43 278
2564 43 255
2575 43 676
2586 43 815
2597 43 400
2608 43 157
2619 43 291
2630 43 793
2641 43 259
2652 43 245
2663 43 943
2674 43 110
2685 43 491
2696 43 896
2707 43 600
2718 43 499
2729 43 290
2740 43 443
2751 43 234
2762 43 260
2773 43 524
2784 43 712
2795 43 331
2806 43 477
2817 43 798
2828 43 199
2839 43 57
2850 43 452
2861 43 678
2872 43 974
2883 43 386
2894 43 141
2905 43 382
2916 43 659
2927 43 816
2938 43 776
2949 43 479
2960 43 988
2971 43 712
2982 43 192
2993 43 116
3 44 216
14 44 431
25 44 697
36 44 549
47 44 841
58 44 194
69 44 425
80 44 475
91 44 402
102 44 13
113 44 232
124 44 960
135 44 750
146 44 123
157 44 587
168 44 140
179 44 86
190 44 351
201 44 717
212 44 49
223 44 729
234 44 940
245 44 168
256 44 624
267 44 672
278 44 196
289 44 367
300 44 292
311 44 424
322 44 953
333 44 441
344 44 483
355 44 549
366 44 857
377 44 585
388 44 881
399 44 88
410 44 701
421 44 15
432 44 974
443 44 455
454 44 173
465 44 67
476 44 259
487 44 647
498 44 115
509 44 422
520 44 682
531 44 851
542 44 741
553 44 682
564 44 883
575 44 575
586 44 512
597 44 70
608 44 541
619 44 27
630 44 263
641 44 54
652 44 588
663 44 725
674 44 501
685 44 335
696 44 902
707 44 909
718 44 344
729 44 650
740 44 598
751 44 713
762 44 345
773 44 994
784 44 975
795 44 944
806 44 719
817 44 618
828 44 911
839 44 730
850 44 38
861 44 959
872 44 77
883 44 502
894 44 883
905 44 757
916 44 952
927 44 18
938 44 732
949 44 604
960 44 813
971 44 450
982 44 223
993 44 476
1004 44 435
1015 44 963
1026 44 405
1037 44 126
1048 44 338
1059 44 773
1070 44 64
1081 44 606
1092 44 653
1103 44 757
1114 44 151
1125 44 854
1136 44 389
1147 44 547
1158 44 250
1169 44 785
1180 44 10
1191 44 484
1202 44 64
1213 44 41
1224 44 542
1235 44 101
1246 44 193
1257 44 199
1268 44 208
1279 44 146
1290 44 588
1301 44 858
1312 44 744
1323 44 568
1334 44 769
1345 44 977
1356 44 425
1367 44 788
1378 44 977
1389 44 735
1400 44 596
1411 44 609
1422 44 727
1433 44 672
1444 44 270
1455 44 303
1466 44 51
1477 44 706
1488 44 225
1499 44 674
1510 44 934
1521 44 707
1532 44 71
1543 44 587
1554 44 584
1565 44 879
1576 44 149
1587 44 748
1598 44 520
1609 44 557
1620 44 638
1631 44 633
1642 44 72
1653 44 449
1664 44 743
1675 44 898
1686 44 835
1697 44 887
1708 44 963
1719 44 67
1730 44 624
1741 44 491
1752 44 246
1763 44 70
1774 44 386
1785 44 309
1796 44 42
1807 44 130
1818 44 132
1829 44 596
1840 44 628
1851 44 211
1862 44 413
1873 44 151
1884 44 605
1895 44 753
1906 44 656
1917 44 275
1928 44 705
1939 44 640
1950 44 255
1961 44 534
1972 44 806
1983 44 292
1994 44 637
2005 44 218
2016 44 415
2027 44 834
2038 44 433
2049 44 345
2060 44 883
2071 44 655
2082 44 185
2093 44 361
2104 44 337
2115 44 779
2126 44 947
2137 44 218
2148 44 261
2159 44 208
2170 44 773
2181 44 225
2192 44 849
2203 44 747
2214 44 74
2225 44 265
2236 44 635
2247 44 703
2258 44 356
2269 44 667
2280 44 723
2291 44 259
2302 44 65
2313 44 926
2324 44 730
2335 44 342
2346 44 17
2357 44 525
2368 44 490
2379 44 727
2390 44 245
2401 44 247
2412 44 373
2423 44 367
2434 44 179
2445 44 218
2456 44 2
2467 44 889
2478 44 740
2489 44 893
2500 44 149
2511 44 740
2522 44 911
2533 44 473
2544 44 947
2555 44 367
2566 44 397
2577 44 766
2588 44 399
2599 44 734
2610 44 734
2621 44 17
2632 44 68
2643 44 578
2654 44 797
2665 44 426
2676 44 245
2687 44 149
2698 44 130
2709 44 459
2720 44 34
2731 44 447
2742 44 396
2753 44 426
2764 44 330
2775 44 117
2786 44 325
2797 44 522
2808 44 273
2819 44 923
2830 44 966
2841 44 457
2852 44 37
2863 44 17
2874 44 972
2885 44 959
2896 44 854
2907 44 153
2918 44 717
2929 44 628
2940 44 971
2951 44 819
2962 44 764
2973 44 395
2984 44 274
2995 44 214
5 45 158
16 45 292
27 45 175
38 45 908
49 45 934
60 45 75
71 45 352
82 45 785
93 45 147
104 45 114
115 45 93
126 45 83
137 45 956
148 45 845
159 45 369
170 45 84
181 45 210
192 45 1000
203 45 905
214 45 694
225 45 63
236 45 916
247 45 137
258 45 778
269 45 581
280 45 225
291 45 381
302 45 654
313 45 598
324 45 58
335 45 145
346 45 269
357 45 951
368 45 856
379 45 981
390 45 679
401 45 615
412 45 733
423 45 47
434 45 259
445 45 429
456 45 159
467 45 164
478 45 222
489 45 383
500 45 998
511 45 122
522 45 273
533 45 971
544 45 362
555 45 671
566 45 362
577 45 237
588 45 281
599 45 864
610 45 328
621 45 250
632 45 302
643 45 40
654 45 56
665 45 883
676 45 751
687 45 167
698 45 773
709 45 568
720 45 348
731 45 937
742 45 22
753 45 753
764 45 334
775 45 329
786 45 145
797 45 509
808 45 761
819 45 162
830 45 200
841 45 464
852 45 817
863 45 702
874 45 443
885 45 729
896 45 67
907 45 202
918 45 703
929 45 267
940 45 522
951 45 589
962 45 416
973 45 958
984 45 701
995 45 148
1006 45 340
1017 45 643
1028 45 272
1039 45 837
1050 45 490
1061 45 378
1072 45 689
1083 45 506
1094 45 766
1105 45 753
1116 45 726
1127 45 309
1138 45 292
1149 45 640
1160 45 665
1171 45 376
1182 45 895
1193 45 814
1204 45 281
1215 45 866
1226 45 348
1237 45 622
1248 45 406
1259 45 907
1270 45 732
1281 45 226
1292 45 603
1303 45 780
1314 45 705
1325 45 293
1336 45 619
1347 45 841
1358 45 917
1369 45 778
1380 45 183
1391 45 441
1402 45 314
1413 45 93
1424 45 537
1435 45 931
1446 45 941
1457 45 934
1468 45 986
1479 45 893
1490 45 682
1501 45 965
1512 45 630
1523 45 839
1534 45 555
1545 45 930
1556 45 270
1567 45 990
1578 45 374
1589 45 505
1600 45 149
1611 45 607
1622 45 379
1633 45 561
1644 45 619
1655 45 490
1666 45 606
1677 45 752
1688 45 296
1699 45 814
1710 45 890
1721 45 618
1732 45 162
1743 45 573
1754 45 715
1765 45 850
1776 45 623
1787 45 216
1798 45 396
1809 45 371
1820 45 549
1831 45 515
1842 45 580
1853 45 943
1864 45 451
1875 45 118
1886 45 137
1897 45 794
1908 45 998
1919 45 385
1930 45 471
1941 45 388
1952 45 99
1963 45 507
1974 45 578
1985 45 638
1996 45 717
2007 45 497
2018 45 274
2029 45 635
2040 45 445
2051 45 957
2062 45 495
2073 45 524
2084 45 530
2095 45 646
2106 45 387
2117 45 280
2128 45 583
2139 45 792
2150 45 765
2161 45 134
2172 45 119
2183 45 277
2194 45 697
2205 45 127
2216 45 718
2227 45 349
2238 45 924
2249 45 621
2260 45 151
2271 45 225
2282 45 780
2293 45 638
2304 45 422
2315 45 55
2326 45 762
2337 45 345
2348 45 1000
2359 45 389
2370 45 106
2381 45 87
2392 45 325
2403 45 916
2414 45 635
2425 45 420
2436 45 492
2447 45 913
2458 45 872
2469 45 982
2480 45 972
2491 45 766
2502 45 837
2513 45 461
2524 45 456
2535 45 782
2546 45 538
2557 45 209
2568 45 323
2579 45 854
2590 45 167
2601 45 72
2612 45 684
2623 45 104
2634 45 803
2645 45 444
2656 45 438
2667 45 507
2678 45 903
2689 45 517
2700 45 705
2711 45 746
2722 45 585
2733 45 57
2744 45 406
2755 45 532
2766 45 897
2777 45 867
2788 45 113
2799 45 913
2810 45 784
2821 45 261
2832 45 510
2843 45 55
2854 45 797
2865 45 517
2876 45 547
2887 45 842
2898 45 677
2909 45 12
2920 45 322
2931 45 929
2942 45 33
2953 45 701
2964 45 237
2975 45 481
2986 45 436
2997 45 229
7 46 29
18 46 629
29 46 118
40 46 150
51 46 524
62 46 206
73 46 6
84 46 339
95 46 61
106 46 878
117 46 840
128 46 797
139 46 555
150 46 764
161 46 369
172 46 837
183 46 340
194 46 978
205 46 962
216 46 549
227 46 11
238 46 464
249 46 377
260 46 856
271 46 946
282 46 31
293 46 568
304 46 197
315 46 30
326 46 536
337 46 507
348 46 2
359 46 446
370 46 335
381 46 549
392 46 40
403 46 232
414 46 153
425 46 900
436 46 259
447 46 131
458 46 592
469 46 956
480 46 4
491 46 999
502 46 113
513 46 757
524 46 272
535 46 898
546 46 534
557 46 180
568 46 139
579 46 812
590 46 388
601 46 28
612 46 346
623 46 86
634 46 680
645 46 991
656 46 648
667 46 985
678 46 302
689 46 646
700 46 931
711 46 656
722 46 313
733 46 663
744 46 76
755 46 169
766 46 760
777 46 432
788 46 585
799 46 908
810 46 895
821 46 331
832 46 770
843 46 820
854 46 222
865 46 272
876 46 321
887 46 370
898 46 479
909 46 23
920 46 855
931 46 335
942 46 676
953 46 689
964 46 157
975 46 500
986 46 350
997 46 883
1008 46 339
1019 46 933
1030 46 311
1041 46 644
1052 46 663
1063 46 244
1074 46 844
1085 46 576
1096 46 749
1107 46 744
1118 46 683
1129 46 823
1140 46 255
1151 46 986
1162 46 167
1173 46 337
1184 46 299
1195 46 211
1206 46 455
1217 46 997
1228 46 567
1239 46 86
1250 46 771
1261 46 869
1272 46 921
1283 46 911
1294 46 112
1305 46 38
1316 46 146
1327 46 161
1338 46 56
1349 46 673
1360 46 685
1371 46 682
1382 46 301
1393 46 295
1404 46 162
1415 46 45
1426 46 560
1437 46 558
1448 46 930
1459 46 572
1470 46 533
1481 46 110
1492 46 455
1503 46 352
1514 46 543
1525 46 117
1536 46 214
1547 46 876
1558 46 390
1569 46 668
1580 46 902
1591 46 850
1602 46 856
1613 46 886
1624 46 50
1635 46 440
1646 46 368
1657 46 455
1668 46 388
1679 46 534
1690 46 151
1701 46 924
1712 46 110
1723 46 629
1734 46 221
1745 46 463
1756 46 430
1767 46 670
1778 46 728
1789 46 498
1800 46 601
1811 46 872
1822 46 972
1833 46 778
1844 46 325
1855 46 800
1866 46 653
1877 46 361
1888 46 83
1899 46 930
1910 46 997
1921 46 866
1932 46 11
1943 46 708
1954 46 421
1965 46 980
1976 46 760
1987 46 994
1998 46 282
2009 46 112
2020 46 541
2031 46 155
2042 46 609
2053 46 103
2064 46 498
2075 46 895
2086 46 178
2097 46 564
2108 46 509
2119 46 922
2130 46 956
2141 46 252
2152 46 737
2163 46 6
2174 46 346
2185 46 673
2196 46 865
2207 46 338
2218 46 265
2229 46 294
2240 46 503
2251 46 654
2262 46 393
2273 46 673
2284 46 782
2295 46 12
2306 46 783
2317 46 804
2328 46 376
2339 46 115
2350 46 555
2361 46 680
2372 46 157
2383 46 843
2394 46 261
2405 46 970
2416 46 610
2427 46 95
2438 46 595
2449 46 801
2460 46 844
2471 46 674
2482 46 208
2493 46 831
2504 46 917
2515 46 521
2526 46 711
2537 46 95
2548 46 74
2559 46 854
2570 46 829
2581 46 851
2592 46 562
2603 46 684
2614 46 288
2625 46 189
2636 46 105
2647 46 622
2658 46 620
2669 46 202
2680 46 641
2691 46 555
2702 46 911
2713 46 529
2724 46 659
2735 46 653
2746 46 804
2757 46 109
2768 46 598
2779 46 51
2790 46 976
2801 46 389
2812 46 661
2823 46 751
2834 46 970
2845 46 158
2856 46 631
2867 46 632
2878 46 872
2889 46 976
2900 46 192
2911 46 226
2922 46 762
2933 46 764
2944 46 402
2955 46 706
2966 46 542
2977 46 727
2988 46 104
2999 46 109
9 47 861
20 47 753
31 47 704
42 47 342
53 47 75
64 47 457
75 47 764
86 47 411
97 47 916
108 47 352
119 47 12
130 47 507
141 47 707
152 47 112
163 47 536
174 47 187
185 47 718
196 47 41
207 47 979
218 47 412
229 47 319
240 47 481
251 47 950
262 47 527
273 47 896
284 47 938
295 47 168
306 47 929
317 47 918
328 47 293
339 47 387
350 47 437
361 47 863
372 47 291
383 47 824
394 47 718
405 47 704
416 47 127
427 47 853
438 47 194
449 47 509
460 47 422
471 47 626
482 47 464
493 47 582
504 47 478
515 47 592
526 47 906
537 47 412
548 47 913
559 47 592
570 47 794
581 47 380
592 47 260
603 47 277
614 47 140
625 47 611
636 47 324
647 47 439
658 47 837
669 47 291
680 47 328
691 47 543
702 47 408
713 47 906
724 47 344
735 47 101
746 47 73
757 47 924
768 47 469
779 47 142
790 47 481
801 47 268
812 47 236
823 47 977
834 47 537
845 47 384
856 47 495
867 47 648
878 47 750
889 47 379
900 47 522
911 47 367
922 47 914
933 47 949
944 47 155
955 47 781
966 47 118
977 47 271
988 47 28
999 47 797
1010 47 193
1021 47 103
1032 47 104
1043 47 647
1054 47 156
1065 47 110
1076 47 779
1087 47 365
1098 47 265
1109 47 74
1120 47 534
1131 47 585
1142 47 216
1153 47 248
1164 47 744
1175 47 840
1186 47 386
1197 47 102
1208 47 962
1219 47 309
1230 47 730
1241 47 509
1252 47 14
1263 47 745
1274 47 877
1285 47 585
1296 47 850
1307 47 940
1318 47 282
1329 47 463
1340 47 281
1351 47 589
1362 47 831
1373 47 647
1384 47 99
1395 47 569
1406 47 635
1417 47 35
1428 47 40
1439 47 720
1450 47 824
1461 47 947
1472 47 918
1483 47 985
1494 47 152
1505 47 626
1516 47 568
1527 47 156
1538 47 465
1549 47 919
1560 47 852
1571 47 786
1582 47 216
1593 47 619
1604 47 660
1615 47 446
1626 47 915
1637 47 535
1648 47 898
1659 47 406
1670 47 836
1681 47 796
1692 47 957
1703 47 337
1714 47 177
1725 47 611
1736 47 644
1747 47 467
1758 47 521
1769 47 938
1780 47 381
1791 47 512
1802 47 473
1813 47 197
1824 47 604
1835 47 298
1846 47 954
1857 47 999
1868 47 119
1879 47 916
1890 47 350
1901 47 453
1912 47 850
1923 47 578
1934 47 986
1945 47 969
1956 47 744
1967 47 999
1978 47 77
1989 47 848
2000 47 49
2011 47 203
2022 47 219
2033 47 164
2044 47 37
2055 47 874
2066 47 154
2077 47 664
2088 47 519
2099 47 776
2110 47 379
2121 47 734
2132 47 929
2143 47 500
2154 47 167
2165 47 205
2176 47 590
2187 47 949
2198 47 683
2209 47 267
2220 47 601
2231 47 501
2242 47 70
2253 47 615
2264 47 171
2275 47 485
2286 47 963
2297 47 937
2308 47 506
2319 47 141
2330 47 943
2341 47 510
2352 47 160
2363 47 499
2374 47 919
2385 47 126
2396 47 127
2407 47 568
2418 47 484
2429 47 521
2440 47 854
2451 47 383
2462 47 207
2473 47 281
2484 47 471
2495 47 408
2506 47 1
2517 47 607
2528 47 224
2539 47 458
2550 47 279
2561 47 434
2572 47 715
2583 47 696
2594 47 590
2605 47 165
2616 47 542
2627 47 394
2638 47 465
2649 47 683
2660 47 738
2671 47 587
2682 47 572
2693 47 207
2704 47 568
2715 47 43
2726 47 256
2737 47 748
2748 47 675
2759 47 98
2770 47 949
2781 47 260
2792 47 595
2803 47 209
2814 47 657
2825 47 400
2836 47 466
2847 47 798
2858 47 836
2869 47 156
2880 47 794
2891 47 297
2902 47 571
2913 47 270
2924 47 82
2935 47 722
2946 47 342
2957 47 82
2968 47 623
2979 47 902
2990 47 271
0 48 265
11 48 550
22 48 675
33 48 228
44 48 596
55 48 751
66 48 890
77 48 759
88 48 106
99 48 418
110 48 95
121 48 670
132 48 181
143 48 322
154 48 159
165 48 984
176 48 604
187 48 468
198 48 879
209 48 283
220 48 701
231 48 563
242 48 525
253 48 17
264 48 587
275 48 312
286 48 129
297 48 241
308 48 282
319 48 355
330 48 678
341 48 586
352 48 905
363 48 230
374 48 943
385 48 838
396 48 653
407 48 6
418 48 467
429 48 572
440 48 984
451 48 466
462 48 456
473 48 577
484 48 477
495 48 850
506 48 229
517 48 22
528 48 897
539 48 383
550 48 656
561 48 533
572 48 709
583 48 831
594 48 356
605 48 910
616 48 726
627 48 431
638 48 537
649 48 254
660 48 916
671 48 725
682 48 795
693 48 320
704 48 506
715 48 591
726 48 247
737 48 513
748 48 406
759 48 87
770 48 47
781 48 106
792 48 981
803 48 91
814 48 132
825 48 537
836 48 296
847 48 232
858 48 271
869 48 722
880 48 282
891 48 593
902 48 242
913 48 393
924 48 554
935 48 926
946 48 679
957 48 933
968 48 841
979 48 727
990 48 611
1001 48 999
1012 48 467
1023 48 811
1034 48 57
1045 48 844
1056 48 369
1067 48 262
1078 48 338
1089 48 411
1100 48 331
1111 48 999
1122 48 359
1133 48 289
1144 48 329
1155 48 1000
1166 48 7
1177 48 664
1188 48 507
1199 48 979
1210 48 739
1221 48 388
1232 48 902
1243 48 998
1254 48 304
1265 48 902
1276 48 105
1287 48 489
1298 48 49
1309 48 12
1320 48 606
1331 48 877
1342 48 478
1353 48 479
1364 48 268
1375 48 908
1386 48 510
1397 48 475
1408 48 20
1419 48 398
1430 48 454
1441 48 594
1452 48 517
1463 48 362
1474 48 354
1485 48 17
1496 48 219
1507 48 482
1518 48 672
1529 48 168
1540 48 108
1551 48 546
1562 48 471
1573 48 714
1584 48 540
1595 48 848
1606 48 66
1617 48 608
1628 48 448
1639 48 353
1650 48 719
1661 48 825
1672 48 566
1683 48 177
1694 48 551
1705 48 133
1716 48 998
1727 48 779
1738 48 653
1749 48 626
1760 48 678
1771 48 776
1782 48 899
1793 48 722
1804 48 578
1815 48 172
1826 48 671
1837 48 648
1848 48 684
1859 48 613
1870 48 436
1881 48 374
1892 48 437
1903 48 699
1914 48 855
1925 48 397
1936 48 307
1947 48 972
1958 48 336
1969 48 254
1980 48 933
1991 48 656
2002 48 664
2013 48 192
2024 48 551
2035 48 805
2046 48 319
2057 48 243
2068 48 276
2079 48 250
2090 48 889
2101 48 232
2112 48 896
2123 48 692
2134 48 567
2145 48 731
2156 48 889
2167 48 235
2178 48 243
2189 48 763
2200 48 795
2211 48 547
2222 48 488
2233 48 899
2244 48 893
2255 48 999
2266 48 280
2277 48 802
2288 48 642
2299 48 823
2310 48 555
2321 48 650
2332 48 969
2343 48 451
2354 48 8
2365 48 106
2376 48 841
2387 48 884
2398 48 281
2409 48 820
2420 48 833
2431 48 943
2442 48 138
2453 48 495
2464 48 525
2475 48 593
2486 48 299
2497 48 507
2508 48 984
2519 48 470
2530 48 524
2541 48 987
2552 48 119
2563 48 114
2574 48 521
2585 48 764
2596 48 333
2607 48 113
2618 48 317
2629 48 203
2640 48 538
2651 48 956
2662 48 936
2673 48 483
2684 48 964
2695 48 223
2706 48 21
2717 48 69
2728 48 523
2739 48 627
2750 48 86
2761 48 973
2772 48 427
2783 48 640
2794 48 333
2805 48 711
2816 48 941
2827 48 113
2838 48 323
2849 48 594
2860 48 43
2871 48 372
2882 48 960
2893 48 165
2904 48 978
2915 48 370
2926 48 664
2937 48 119
2948 48 747
2959 48 350
2970 48 77
2981 48 858
2992 48 308
2 49 892
13 49 453
24 49 992
35 49 590
46 49 230
57 49 783
68 49 627
79 49 109
90 49 483
101 49 941
112 49 985
123 49 626
134 49 676
145 49 817
156 49 344
167 49 16
178 49 25
189 49 52
200 49 408
211 49 929
222 49 531
233 49 169
244 49 744
255 49 565
266 49 396
277 49 170
288 49 805
299 49 274
310 49 773
321 49 557
332 49 572
343 49 251
354 49 371
365 49 974
376 49 914
387 49 367
398 49 268
409 49 60
420 49 995
431 49 176
442 49 451
453 49 153
464 49 588
475 49 213
486 49 307
497 49 736
508 49 512
519 49 199
530 49 218
541 49 616
552 49 810
563 49 829
574 49 710
585 49 678
596 49 486
607 49 422
618 49 810
629 49 591
640 49 537
651 49 174
662 49 33
673 49 860
684 49 513
695 49 834
706 49 134
717 49 928
728 49 531
739 49 888
750 49 123
761 49 946
772 49 66
783 49 819
794 49 56
805 49 325
816 49 456
827 49 466
838 49 117
849 49 392
860 49 196
871 49 706
882 49 338
893 49 75
904 49 609
915 49 76
926 49 117
937 49 804
948 49 168
959 49 332
970 49 416
981 49 369
992 49 978
1003 49 49
1014 49 638
1025 49 584
1036 49 218
1047 49 692
1058 49 680
1069 49 346
1080 49 678
1091 49 54
1102 49 763
1113 49 329
1124 49 77
1135 49 697
1146 49 295
1157 49 443
1168 49 945
1179 49 219
1190 49 685
1201 49 746
1212 49 765
1223 49 684
1234 49 38
1245 49 791
1256 49 884
1267 49 20
1278 49 495
1289 49 813
1300 49 558
1311 49 607
1322 49 374
1333 49 883
1344 49 298
1355 49 712
1366 49 420
1377 49 165
1388 49 394
1399 49 333
1410 49 943
1421 49 831
1432 49 860
1443 49 93
1454 49 179
1465 49 203
1476 49 1
1487 49 17
1498 49 909
1509 49 127
1520 49 236
1531 49 487
1542 49 249
1553 49 363
1564 49 890
1575 49 142
1586 49 585
1597 49 717
1608 49 27
1619 49 627
1630 49 64
1641 49 496
1652 49 801
1663 49 837
1674 49 316
1685 49 16
1696 49 266
1707 49 459
1718 49 850
1729 49 694
1740 49 187
1751 49 841
1762 49 643
1773 49 884
1784 49 920
1795 49 953
1806 49 458
1817 49 566
1828 49 989
1839 49 205
1850 49 660
1861 49 613
1872 49 567
1883 49 697
1894 49 650
1905 49 957
1916 49 873
1927 49 679
1938 49 225
1949 49 125
1960 49 221
1971 49 986
1982 49 157
1993 49 666
2004 49 71
2015 49 837
2026 49 592
2037 49 473
2048 49 195
2059 49 382
2070 49 17
2081 49 37
2092 49 156
2103 49 219
2114 49 587
2125 49 647
2136 49 811
2147 49 180
2158 49 640
2169 49 888
2180 49 486
2191 49 267
2202 49 4
2213 49 105
2224 49 536
2235 49 333
2246 49 630
2257 49 32
2268 49 767
2279 49 476
2290 49 906
2301 49 267
2312 49 899
2323 49 202
2334 49 791
2345 49 88
2356 49 69
2367 49 103
2378 49 554
2389 49 140
2400 49 688
2411 49 188
2422 49 938
2433 49 863
2444 49 843
2455 49 816
2466 49 840
2477 49 726
2488 49 635
2499 49 468
2510 49 741
2521 49 172
2532 49 325
2543 49 166
2554 49 762
2565 49 601
2576 49 242
2587 49 30
2598 49 951
2609 49 631
2620 49 800
2631 49 300
2642 49 241
2653 49 2
2664 49 23
2675 49 920
2686 49 488
2697 49 680
2708 49 411
2719 49 289
2730 49 41
2741 49 369
2752 49 809
2763 49 395
2774 49 332
2785 49 228
2796 49 226
2807 49 636
2818 49 206
2829 49 919
2840 49 399
2851 49 338
2862 49 822
2873 49 939
2884 49 255
2895 49 457
2906 49 581
2917 49 291
2928 49 392
2939 49 354
2950 49 883
2961 49 539
2972 49 970
2983 49 212
2994 49 142
4 50 567
15 50 916
26 50 746
37 50 318
48 50 108
59 50 986
70 50 481
81 50 838
92 50 276
103 50 742
114 50 824
125 50 387
136 50 120
147 50 762
158 50 719
169 50 964
180 50 537
191 50 256
202 50 13
213 50 266
224 50 456
235 50 549
246 50 158
257 50 66
268 50 177
279 50 873
290 50 406
301 50 715
312 50 409
323 50 10
334 50 511
345 50 100
356 50 612
367 50 43
378 50 171
389 50 382
400 50 570
411 50 150
422 50 569
433 50 176
444 50 182
455 50 823
466 50 941
477 50 846
488 50 750
499 50 908
510 50 319
521 50 393
532 50 458
543 50 973
554 50 509
565 50 97
576 50 301
587 50 932
598 50 19
609 50 914
620 50 20
631 50 915
642 50 667
653 50 257
664 50 227
675 50 984
686 50 526
697 50 496
708 50 151
719 50 230
730 50 744
741 50 231
752 50 523
763 50 89
774 50 60
785 50 869
796 50 200
807 50 855
818 50 600
829 50 314
840 50 4
851 50 668
862 50 390
873 50 661
884 50 366
895 50 314
906 50 824
917 50 257
928 50 880
939 50 934
950 50 262
961 50 631
972 50 597
983 50 387
994 50 945
1005 50 683
1016 50 20
1027 50 640
1038 50 143
1049 50 11
1060 50 913
1071 50 448
1082 50 244
1093 50 846
1104 50 876
1115 50 463
1126 50 288
1137 50 220
1148 50 455
1159 50 729
1170 50 582
1181 50 5
1192 50 797
1203 50 799
1214 50 874
1225 50 455
1236 50 677
1247 50 818
1258 50 820
1269 50 769
1280 50 150
1291 50 454
1302 50 723
1313 50 616
1324 50 557
1335 50 411
1346 50 186
1357 50 15
1368 50 786
1379 50 420
1390 50 591
1401 50 296
1412 50 656
1423 50 951
1434 50 830
1445 50 163
1456 50 892
1467 50 59
1478 50 925
1489 50 805
1500 50 532
1511 50 221
1522 50 892
1533 50 734
1544 50 90
1555 50 616
1566 50 843
1577 50 134
1588 50 17
1599 50 507
1610 50 691
1621 50 262
1632 50 678
1643 50 946
1654 50 622
1665 50 795
1676 50 801
1687 50 542
1698 50 833
1709 50 593
1720 50 150
1731 50 429
1742 50 728
1753 50 39
1764 50 30
1775 50 212
1786 50 755
1797 50 750
1808 50 362
1819 50 247
1830 50 857
1841 50 494
1852 50 408
1863 50 446
1874 50 641
1885 50 65
1896 50 361
1907 50 613
1918 50 207
1929 50 169
1940 50 583
1951 50 588
1962 50 955
1973 50 438
1984 50 94
1995 50 906
2006 50 222
2017 50 281
2028 50 775
2039 50 984
2050 50 299
2061 50 544
2072 50 152
2083 50 705
2094 50 654
2105 50 588
2116 50 295
2127 50 592
2138 50 802
2149 50 436
2160 50 86
2171 50 468
2182 50 783
2193 50 302
2204 50 96
2215 50 916
2226 50 725
2237 50 472
2248 50 516
2259 50 638
2270 50 334
2281 50 830
2292 50 446
2303 50 560
2314 50 33
2325 50 842
2336 50 447
2347 50 958
2358 50 920
2369 50 39
2380 50 183
2391 50 750
2402 50 789
2413 50 611
2424 50 897
2435 50 336
2446 50 686
2457 50 632
2468 50 540
2479 50 895
2490 50 980
2501 50 606
2512 50 500
2523 50 788
2534 50 668
2545 50 548
2556 50 911
2567 50 270
2578 50 882
2589 50 87
2600 50 24
2611 50 745
2622 50 626
2633 50 166
2644 50 312
2655 50 177
2666 50 884
2677 50 425
2688 50 350
2699 50 561
2710 50 836
2721 50 524
2732 50 363
2743 50 907
2754 50 481
2765 50 545
2776 50 616
2787 50 238
2798 50 579
2809 50 336
2820 50 279
2831 50 963
2842 50 243
2853 50 860
2864 50 394
2875 50 851
2886 50 465
2897 50 345
2908 50 742
2919 50 985
2930 50 493
2941 50 410
2952 50 35
2963 50 396
2974 50 283
2985 50 384
2996 50 155
6 51 875
17 51 318
28 51 759
39 51 841
50 51 210
61 51 937
72 51 87
83 51 243
94 51 635
105 51 262
116 51 509
127 51 84
138 51 293
149 51 958
160 51 270
171 51 208
182 51 762
193 51 833
204 51 879
215 51 646
226 51 933
237 51 649
248 51 791
259 51 4
270 51 842
281 51 915
292 51 808
303 51 648
314 51 487
325 51 640
336 51 8
347 51 509
358 51 205
369 51 606
380 51 239
391 51 237
402 51 268
413 51 546
424 51 943
435 51 573
446 51 54
457 51 371
468 51 645
479 51 644
490 51 709
501 51 940
512 51 745
523 51 38
534 51 768
545 51 887
556 51 191
567 51 973
578 51 649
589 51 92
600 51 12
611 51 106
622 51 532
633 51 722
644 51 29
655 51 685
666 51 797
677 51 953
688 51 966
699 51 696
710 51 468
721 51 754
732 51 771
743 51 17
754 51 860
765 51 407
776 51 55
787 51 327
798 51 740
809 51 204
820 51 204
831 51 724
842 51 565
853 51 133
864 51 816
875 51 273
886 51 970
897 51 504
908 51 109
919 51 124
930 51 316
941 51 364
952 51 691
963 51 894
974 51 521
985 51 812
996 51 316
1007 51 392
1018 51 678
1029 51 775
1040 51 804
1051 51 751
1062 51 547
1073 51 571
1084 51 671
1095 51 444
1106 51 323
1117 51 613
1128 51 895
1139 51 445
1150 51 362
1161 51 826
1172 51 733
1183 51 157
1194 51 658
1205 51 247
1216 51 760
1227 51 133
1238 51 546
1249 51 717
1260 51 372
1271 51 788
1282 51 227
1293 51 62
1304 51 496
1315 51 921
1326 51 967
1337 51 126
1348 51 560
1359 51 302
1370 51 215
1381 51 620
1392 51 70
1403 51 106
1414 51 277
1425 51 918
1436 51 873
1447 51 388
1458 51 529
1469 51 547
1480 51 609
1491 51 859
1502 51 471
1513 51 87
1524 51 351
1535 51 894
1546 51 400
1557 51 643
1568 51 667
1579 51 1
1590 51 980
1601 51 694
1612 51 33
1623 51 370
1634 51 62
1645 51 596
1656 51 833
1667 51 469
1678 51 887
1689 51 204
1700 51 907
1711 51 686
1722 51 893
1733 51 391
1744 51 69
1755 51 514
1766 51 546
1777 51 931
1788 51 803
1799 51 858
1810 51 879
1821 51 379
1832 51 704
1843 51 546
1854 51 817
1865 51 66
1876 51 650
1887 51 419
1898 51 80
1909 51 301
1920 51 678
1931 51 770
1942 51 407
1953 51 969
1964 51 852
1975 51 692
1986 51 811
1997 51 490
2008 51 238
2019 51 225
2030 51 582
2041 51 988
2052 51 151
2063 51 805
2074 51 502
2085 51 456
2096 51 85
2107 51 677
2118 51 23
2129 51 1
2140 51 306
2151 51 941
2162 51 466
2173 51 198
2184 51 305
2195 51 52
2206 51 756
2217 51 367
2228 51 94
2239 51 134
2250 51 320
2261 51 697
2272 51 174
2283 51 287
2294 51 603
2305 51 982
2316 51 37
2327 51 853
2338 51 287
2349 51 23
2360 51 159
2371 51 504
2382 51 345
2393 51 363
2404 51 443
2415 51 426
2426 51 341
2437 51 253
2448 51 633
2459 51 320
2470 51 631
2481 51 492
2492 51 374
2503 51 376
2514 51 360
2525 51 972
2536 51 132
2547 51 208
2558 51 992
2569 51 386
2580 51 276
2591 51 671
2602 51 132
2613 51 712
2624 51 627
2635 51 74
2646 51 819
2657 51 277
2668 51 155
2679 51 102
2690 51 826
2701 51 223
2712 51 102
2723 51 858
2734 51 754
2745 51 557
2756 51 714
2767 51 1000
2778 51 11
2789 51 431
2800 51 823
2811 51 808
2822 51 193
2833 51 13
2844 51 997
2855 51 672
2866 51 751
2877 51 132
2888 51 132
2899 51 289
2910 51 841
2921 51 68
2932 51 77
2943 51 506
2954 51 177
2965 51 804
2976 51 865
2987 51 783
2998 51 691
8 52 502
19 52 697
30 52 346
41 52 976
52 52 312
63 52 696
74 52 229
85 52 476
96 52 635
107 52 181
118 52 811
129 52 557
140 52 314
151 52 481
162 52 386
173 52 430
184 52 75
195 52 199
206 52 574
217 52 705
228 52 147
239 52 719
250 52 253
261 52 862
272 52 433
283 52 993
294 52 356
305 52 294
316 52 359
327 52 267
338 52 413
349 52 331
360 52 786
371 52 420
382 52 570
393 52 239
404 52 539
415 52 781
426 52 428
437 52 86
448 52 678
459 52 421
470 52 491
481 52 762
492 52 568
503 52 568
514 52 115
525 52 381
536 52 179
547 52 504
558 52 336
569 52 187
580 52 166
591 52 223
602 52 45
613 52 994
624 52 975
635 52 493
646 52 625
657 52 526
668 52 505
679 52 888
690 52 547
701 52 891
712 52 296
723 52 620
734 52 223
745 52 149
756 52 140
767 52 894
778 52 785
789 52 850
800 52 631
811 52 547
822 52 942
833 52 440
844 52 418
855 52 251
866 52 392
877 52 612
888 52 248
899 52 24
910 52 741
921 52 570
932 52 339
943 52 54
954 52 55
965 52 303
976 52 333
987 52 983
998 52 109
1009 52 431
1020 52 684
1031 52 695
1042 52 458
1053 52 987
1064 52 289
1075 52 91
1086 52 647
1097 52 459
1108 52 700
1119 52 924
1130 52 646
1141 52 148
1152 52 831
1163 52 332
1174 52 696
1185 52 32
1196 52 178
1207 52 603
1218 52 62
1229 52 746
1240 52 163
1251 52 502
1262 52 207
1273 52 732
1284 52 228
1295 52 422
1306 52 570
1317 52 454
1328 52 868
1339 52 274
1350 52 292
1361 52 981
1372 52 797
1383 52 466
1394 52 8
1405 52 556
1416 52 799
1427 52 52
1438 52 480
1449 52 363
1460 52 347
1471 52 864
1482 52 578
1493 52 505
1504 52 296
1515 52 951
1526 52 734
1537 52 720
1548 52 348
1559 52 970
1570 52 608
1581 52 836
1592 52 158
1603 52 584
1614 52 846
1625 52 810
1636 52 73
1647 52 220
1658 52 519
1669 52 489
1680 52 406
1691 52 702
1702 52 191
1713 52 494
1724 52 694
1735 52 459
1746 52 870
1757 52 541
1768 52 703
1779 52 304
1790 52 588
1801 52 57
1812 52 605
1823 52 787
1834 52 823
1845 52 487
1856 52 747
1867 52 79
1878 52 170
1889 52 644
1900 52 891
1911 52 986
1922 52 18
1933 52 344
1944 52 940
1955 52 404
1966 52 229
1977 52 398
1988 52 729
1999 52 308
2010 52 647
2021 52 794
2032 52 902
2043 52 757
2054 52 536
2065 52 877
2076 52 501
2087 52 378
2098 52 40
2109 52 411
2120 52 205
2131 52 697
2142 52 499
2153 52 955
2164 52 347
2175 52 371
2186 52 272
2197 52 383
2208 52 194
2219 52 966
2230 52 841
2241 52 329
2252 52 968
2263 52 630
2274 52 718
2285 52 137
2296 52 600
2307 52 262
2318 52 493
2329 52 497
2340 52 517
2351 52 964
2362 52 919
2373 52 432
2384 52 887
2395 52 670
2406 52 320
2417 52 238
2428 52 945
2439 52 111
2450 52 817
2461 52 83
2472 52 374
2483 52 292
2494 52 129
2505 52 536
2516 52 842
2527 52 886
2538 52 17
2549 52 120
2560 52 316
2571 52 509
2582 52 916
2593 52 743
2604 52 603
2615 52 35
2626 52 643
2637 52 33
2648 52 637
2659 52 887
2670 52 343
2681 52 682
2692 52 742
2703 52 699
2714 52 645
2725 52 506
2736 52 100
2747 52 940
2758 52 943
2769 52 126
2780 52 521
2791 52 682
2802 52 869
2813 52 427
2824 52 578
2835 52 518
2846 52 734
2857 52 398
2868 52 31
2879 52 47
2890 52 404
2901 52 525
2912 52 630
2923 52 351
2934 52 744
2945 52 615
2956 52 307
2967 52 127
2978 52 462
2989 52 536
10 53 716
21 53 154
32 53 627
43 53 449
54 53 367
65 53 100
76 53 596
87 53 993
98 53 85
109 53 208
120 53 814
131 53 86
142 53 202
153 53 200
164 53 439
175 53 636
186 53 488
197 53 348
208 53 895
219 53 584
230 53 974
241 53 520
252 53 929
263 53 987
274 53 888
285 53 309
296 53 773
307 53 914
318 53 552
329 53 933
340 53 924
351 53 329
362 53 386
373 53 648
384 53 253
395 53 33
406 53 982
417 53 784
428 53 970
439 53 246
450 53 25
461 53 953
472 53 176
483 53 503
494 53 50
505 53 801
516 53 199
527 53 33
538 53 685
549 53 796
560 53 730
571 53 257
582 53 257
593 53 628
604 53 386
615 53 913
626 53 573
637 53 963
648 53 739
659 53 722
670 53 923
681 53 779
692 53 529
703 53 660
714 53 801
725 53 672
736 53 943
747 53 560
758 53 813
769 53 787
780 53 799
791 53 473
802 53 257
813 53 750
824 53 345
835 53 578
846 53 109
857 53 492
868 53 685
879 53 938
890 53 178
901 53 921
912 53 753
923 53 730
934 53 239
945 53 566
956 53 208
967 53 671
978 53 502
989 53 578
1000 53 458
1011 53 445
1022 53 503
1033 53 400
1044 53 311
1055 53 671
1066 53 7
1077 53 642
1088 53 569
1099 53 71
1110 53 234
1121 53 338
1132 53 948
1143 53 694
1154 53 413
1165 53 882
1176 53 627
1187 53 235
1198 53 62
1209 53 641
1220 53 463
1231 53 173
1242 53 258
1253 53 450
1264 53 225
1275 53 560
1286 53 748
1297 53 236
1308 53 198
1319 53 513
1330 53 830
1341 53 213
1352 53 861
1363 53 130
1374 53 56
1385 53 146
1396 53 72
1407 53 384
1418 53 278
1429 53 223
1440 53 267
1451 53 198
1462 53 354
1473 53 381
1484 53 921
1495 53 202
1506 53 111
1517 53 162
1528 53 941
1539 53 383
1550 53 543
1561 53 708
1572 53 479
1583 53 100
1594 53 565
1605 53 217
1616 53 793
1627 53 584
1638 53 99
1649 53 454
1660 53 40
1671 53 80
1682 53 893
1693 53 822
1704 53 683
1715 53 727
1726 53 40
1737 53 774
1748 53 712
1759 53 770
1770 53 279
1781 53 262
1792 53 158
1803 53 195
1814 53 671
1825 53 794
1836 53 941
1847 53 277
1858 53 832
1869 53 700
1880 53 729
1891 53 914
1902 53 882
1913 53 853
1924 53 600
1935 53 853
1946 53 930
1957 53 477
1968 53 570
1979 53 46
1990 53 494
2001 53 682
2012 53 711
2023 53 573
2034 53 270
2045 53 298
2056 53 379
2067 53 424
2078 53 898
2089 53 551
2100 53 471
2111 53 873
2122 53 681
2133 53 813
2144 53 542
2155 53 257
2166 53 334
2177 53 291
2188 53 122
2199 53 282
2210 53 284
2221 53 522
2232 53 64
2243 53 425
2254 53 820
2265 53 104
2276 53 360
2287 53 206
2298 53 556
2309 53 348
2320 53 343
2331 53 253
2342 53 152
2353 53 279
2364 53 77
2375 53 952
2386 53 89
2397 53 168
2408 53 944
2419 53 398
2430 53 763
2441 53 201
2452 53 605
2463 53 643
2474 53 335
2485 53 520
2496 53 572
2507 53 540
2518 53 685
2529 53 160
2540 53 288
2551 53 451
2562 53 729
2573 53 460
2584 53 957
2595 53 169
2606 53 212
2617 53 115
2628 53 772
2639 53 831
2650 53 950
2661 53 33
2672 53 687
2683 53 257
2694 53 754
2705 53 408
2716 53 240
2727 53 516
2738 53 848
2749 53 107
2760 53 154
2771 53 840
2782 53 133
2793 53 472
2804 53 53
2815 53 451
2826 53 682
2837 53 985
2848 53 503
2859 53 798
2870 53 34
2881 53 905
2892 53 670
2903 53 498
2914 53 940
2925 53 661
2936 53 319
2947 53 970
2958 53 128
2969 53 461
2980 53 125
2991 53 872
1 54 362
12 54 782
23 54 514
34 54 499
45 54 752
56 54 17
67 54 296
78 54 452
89 54 449
100 54 965
111 54 539
122 54 247
133 54 110
144 54 894
155 54 816
166 54 865
177 54 540
188 54 65
199 54 98
210 54 66
221 54 626
232 54 197
243 54 664
254 54 619
265 54 647
276 54 61
287 54 892
298 54 331
309 54 649
320 54 322
331 54 672
342 54 260
353 54 797
364 54 846
375 54 358
386 54 752
397 54 392
408 54 194
419 54 894
430 54 890
441 54 285
452 54 879
463 54 957
474 54 898
485 54 57
496 54 110
507 54 177
518 54 392
529 54 449
540 54 517
551 54 754
562 54 829
573 54 242
584 54 226
595 54 737
606 54 767
617 54 195
628 54 325
639 54 877
650 54 848
661 54 445
672 54 919
683 54 814
694 54 699
705 54 64
716 54 349
727 54 375
738 54 340
749 54 392
760 54 76
771 54 611
782 54 764
793 54 392
804 54 876
815 54 233
826 54 968
837 54 142
848 54 807
859 54 652
870 54 143
881 54 286
892 54 441
903 54 586
914 54 171
925 54 752
936 54 51
947 54 98
958 54 248
969 54 159
980 54 327
991 54 484
1002 54 596
1013 54 325
1024 54 703
1035 54 233
1046 54 364
1057 54 66
1068 54 679
1079 54 465
1090 54 18
1101 54 601
1112 54 384
1123 54 542
1134 54 506
1145 54 453
1156 54 535
1167 54 798
1178 54 921
1189 54 748
1200 54 297
1211 54 319
1222 54 206
1233 54 784
1244 54 997
1255 54 354
1266 54 552
1277 54 552
1288 54 390
1299 54 952
1310 54 461
1321 54 412
1332 54 766
1343 54 290
1354 54 990
1365 54 644
1376 54 220
1387 54 766
1398 54 557
1409 54 919
1420 54 646
1431 54 878
1442 54 51
1453 54 569
1464 54 923
1475 54 841
1486 54 508
1497 54 487
1508 54 898
1519 54 186
1530 54 499
1541 54 37
1552 54 263
1563 54 837
1574 54 418
1585 54 813
1596 54 198
1607 54 850
1618 54 829
1629 54 315
1640 54 705
1651 54 497
1662 54 225
1673 54 270
1684 54 468
1695 54 786
1706 54 561
1717 54 990
1728 54 562
1739 54 161
1750 54 816
1761 54 636
1772 54 232
1783 54 225
1794 54 343
1805 54 822
1816 54 4
1827 54 945
1838 54 549
1849 54 243
1860 54 9
1871 54 489
1882 54 153
1893 54 211
1904 54 70
1915 54 637
1926 54 836
1937 54 710
1948 54 218
1959 54 49
1970 54 808
1981 54 879
1992 54 219
2003 54 292
2014 54 441
2025 54 718
2036 54 844
2047 54 286
2058 54 340
2069 54 728
2080 54 881
2091 54 779
2102 54 367
2113 54 883
2124 54 936
2135 54 302
2146 54 984
2157 54 836
2168 54 494
2179 54 440
2190 54 668
2201 54 487
2212 54 53
2223 54 724
2234 54 112
2245 54 109
2256 54 753
2267 54 145
2278 54 444
2289 54 757
2300 54 228
2311 54 847
2322 54 336
2333 54 974
2344 54 669
2355 54 94
2366 54 72
2377 54 594
2388 54 624
2399 54 701
2410 54 980
2421 54 151
2432 54 761
2443 54 572
2454 54 673
2465 54 271
2476 54 47
2487 54 749
2498 54 900
2509 54 303
2520 54 989
2531 54 77
2542 54 894
2553 54 579
2564 54 766
2575 54 223
2586 54 613
2597 54 736
2608 54 785
2619 54 537
2630 54 285
2641 54 212
2652 54 692
2663 54 593
2674 54 846
2685 54 379
2696 54 498
2707 54 523
2718 54 360
2729 54 356
2740 54 807
2751 54 927
2762 54 100
2773 54 491
2784 54 221
2795 54 538
2806 54 555
2817 54 955
2828 54 905
2839 54 929
2850 54 46
2861 54 658
2872 54 578
2883 54 314
2894 54 713
2905 54 441
2916 54 457
2927 54 499
2938 54 177
2949 54 799
2960 54 618
2971 54 631
2982 54 515
2993 54 652
3 55 82
14 55 736
25 55 871
36 55 120
47 55 623
58 55 515
69 55 141
80 55 917
91 55 769
102 55 285
113 55 4
124 55 349
135 55 263
146 55 375
157 55 633
168 55 114
179 55 350
190 55 723
201 55 127
212 55 861
223 55 695
234 55 426
245 55 798
256 55 231
267 55 232
278 55 337
289 55 37
300 55 404
311 55 158
322 55 302
333 55 361
344 55 254
355 55 869
366 55 725
377 55 255
388 55 687
399 55 13
410 55 466
421 55 721
432 55 690
443 55 938
454 55 723
465 55 336
476 55 871
487 55 967
498 55 130
509 55 617
520 55 317
531 55 200
542 55 397
553 55 791
564 55 733
575 55 601
586 55 963
597 55 425
608 55 671
619 55 461
630 55 608
641 55 488
652 55 24
663 55 929
674 55 980
685 55 368
696 55 654
707 55 76
718 55 532
729 55 183
740 55 840
751 55 367
762 55 867
773 55 512
784 55 881
795 55 986
806 55 240
817 55 618
828 55 940
839 55 429
850 55 782
861 55 394
872 55 662
883 55 704
894 55 680
905 55 601
916 55 613
927 55 893
938 55 184
949 55 610
960 55 429
971 55 171
982 55 570
993 55 272
1004 55 134
1015 55 267
1026 55 662
1037 55 92
1048 55 944
1059 55 892
1070 55 451
1081 55 178
1092 55 900
1103 55 506
1114 55 978
1125 55 77
1136 55 533
1147 55 493
1158 55 520
1169 55 240
1180 55 673
1191 55 704
1202 55 721
1213 55 699
1224 55 963
1235 55 639
1246 55 263
1257 55 165
1268 55 837
1279 55 461
1290 55 128
1301 55 884
1312 55 804
1323 55 351
1334 55 318
1345 55 405
1356 55 322
1367 55 148
1378 55 634
1389 55 227
1400 55 632
1411 55 295
1422 55 421
1433 55 215
1444 55 863
1455 55 574
1466 55 832
1477 55 717
1488 55 477
1499 55 882
1510 55 40
1521 55 671
1532 55 458
1543 55 734
1554 55 295
1565 55 898
1576 55 834
1587 55 157
1598 55 815
1609 55 683
1620 55 217
1631 55 898
1642 55 71
1653 55 452
1664 55 249
1675 55 232
1686 55 771
1697 55 296
1708 55 589
1719 55 67
1730 55 327
1741 55 229
1752 55 750
1763 55 293
1774 55 70
1785 55 366
1796 55 373
1807 55 519
1818 55 894
1829 55 881
1840 55 414
1851 55 546
1862 55 396
1873 55 701
1884 55 294
1895 55 157
1906 55 871
1917 55 453
1928 55 370
1939 55 209
1950 55 591
1961 55 133
1972 55 242
1983 55 162
1994 55 694
2005 55 122
2016 55 102
2027 55 326
2038 55 537
2049 55 396
2060 55 416
2071 55 927
2082 55 245
2093 55 974
2104 55 557
2115 55 452
2126 55 50
2137 55 982
2148 55 423
2159 55 338
2170 55 104
2181 55 628
2192 55 166
2203 55 758
2214 55 412
2225 55 123
2236 55 249
2247 55 166
2258 55 187
2269 55 574
2280 55 929
2291 55 657
2302 55 112
2313 55 596
2324 55 204
2335 55 538
2346 55 631
2357 55 750
2368 55 268
2379 55 633
2390 55 313
2401 55 805
2412 55 836
2423 55 297
2434 55 910
2445 55 878
2456 55 645
2467 55 990
2478 55 241
2489 55 701
2500 55 255
2511 55 146
2522 55 281
2533 55 748
2544 55 273
2555 55 358
2566 55 322
2577 55 515
2588 55 190
2599 55 325
2610 55 442
2621 55 284
2632 55 316
2643 55 220
2654 55 894
2665 55 466
2676 55 629
2687 55 526
2698 55 800
2709 55 249
2720 55 682
2731 55 3
2742 55 524
2753 55 242
2764 55 524
2775 55 315
2786 55 204
2797 55 946
2808 55 622
2819 55 295
2830 55 758
2841 55 808
2852 55 428
2863 55 232
2874 55 239
2885 55 25
2896 55 661
2907 55 670
2918 55 191
2929 55 223
2940 55 986
2951 55 272
2962 55 41
2973 55 933
2984 55 413
2995 55 200
5 56 49
16 56 303
27 56 34
38 56 653
49 56 597
60 56 316
71 56 402
82 56 112
93 56 634
104 56 493
115 56 252
126 56 889
137 56 458
148 56 149
159 56 913
170 56 673
181 56 972
192 56 302
203 56 456
214 56 798
225 56 933
236 56 559
247 56 94
258 56 386
269 56 213
280 56 665
291 56 599
302 56 445
313 56 94
324 56 319
335 56 242
346 56 822
357 56 355
368 56 84
379 56 194
390 56 840
401 56 476
412 56 952
423 56 339
434 56 371
445 56 798
456 56 808
467 56 644
478 56 216
489 56 827
500 56 202
511 56 76
522 56 605
533 56 752
544 56 791
555 56 584
566 56 791
577 56 340
588 56 872
599 56 319
610 56 150
621 56 213
632 56 710
643 56 23
654 56 177
665 56 723
676 56 280
687 56 137
698 56 735
709 56 830
720 56 143
731 56 549
742 56 424
753 56 775
764 56 970
775 56 447
786 56 499
797 56 814
808 56 203
819 56 426
830 56 616
841 56 168
852 56 942
863 56 863
874 56 389
885 56 77
896 56 713
907 56 35
918 56 41
929 56 888
940 56 749
951 56 316
962 56 165
973 56 889
984 56 985
995 56 504
1006 56 6
1017 56 455
1028 56 929
1039 56 15
1050 56 514
1061 56 758
1072 56 839
1083 56 939
1094 56 177
1105 56 65
1116 56 351
1127 56 385
1138 56 41
1149 56 158
1160 56 31
1171 56 748
1182 56 24
1193 56 496
1204 56 86
1215 56 696
1226 56 902
1237 56 827
1248 56 56
1259 56 178
1270 56 691
1281 56 600
1292 56 716
1303 56 388
1314 56 77
1325 56 343
1336 56 205
1347 56 933
1358 56 934
1369 56 903
1380 56 921
1391 56 48
1402 56 277
1413 56 220
1424 56 555
1435 56 289
1446 56 755
1457 56 949
1468 56 609
1479 56 702
1490 56 446
1501 56 766
1512 56 773
1523 56 768
1534 56 653
1545 56 692
1556 56 57
1567 56 133
1578 56 120
1589 56 966
1600 56 661
1611 56 902
1622 56 893
1633 56 389
1644 56 666
1655 56 407
1666 56 683
1677 56 657
1688 56 557
1699 56 967
1710 56 253
1721 56 363
1732 56 862
1743 56 558
1754 56 586
1765 56 874
1776 56 67
1787 56 1
1798 56 38
1809 56 540
1820 56 861
1831 56 428
1842 56 588
1853 56 857
1864 56 10
1875 56 524
1886 56 159
1897 56 700
1908 56 950
1919 56 644
1930 56 7
1941 56 953
1952 56 143
1963 56 854
1974 56 415
1985 56 358
1996 56 44
2007 56 474
2018 56 841
2029 56 181
2040 56 358
2051 56 846
2062 56 70
2073 56 502
2084 56 447
2095 56 104
2106 56 580
2117 56 479
2128 56 944
2139 56 821
2150 56 83
2161 56 771
2172 56 647
2183 56 784
2194 56 31
2205 56 270
2216 56 77
2227 56 419
2238 56 618
2249 56 553
2260 56 835
2271 56 373
2282 56 327
2293 56 193
2304 56 266
2315 56 711
2326 56 995
2337 56 243
2348 56 789
2359 56 426
2370 56 451
2381 56 216
2392 56 714
2403 56 563
2414 56 948
2425 56 79
2436 56 140
2447 56 810
2458 56 657
2469 56 668
2480 56 242
2491 56 409
2502 56 376
2513 56 557
2524 56 315
2535 56 975
2546 56 38
2557 56 346
2568 56 926
2579 56 477
2590 56 242
2601 56 422
2612 56 911
2623 56 118
2634 56 878
2645 56 834
2656 56 21
2667 56 475
2678 56 908
2689 56 408
2700 56 680
2711 56 55
2722 56 916
2733 56 960
2744 56 286
2755 56 35
2766 56 705
2777 56 102
2788 56 305
2799 56 593
2810 56 13
2821 56 492
2832 56 295
2843 56 528
2854 56 946
2865 56 604
2876 56 802
2887 56 694
2898 56 663
2909 56 555
2920 56 384
2931 56 554
2942 56 594
2953 56 564
2964 56 735
2975 56 498
2986 56 644
2997 56 198
7 57 296
18 57 369
29 57 281
40 57 504
51 57 84
62 57 924
73 57 800
84 57 965
95 57 29
106 57 579
117 57 349
128 57 692
139 57 73
150 57 988
161 57 657
172 57 619
183 57 72
194 57 821
205 57 901
216 57 232
227 57 616
238 57 347
249 57 605
260 57 984
271 57 704
282 57 873
293 57 27
304 57 954
315 57 139
326 57 106
337 57 402
348 57 459
359 57 651
370 57 375
381 57 652
392 57 324
403 57 310
414 57 410
425 57 889
436 57 898
447 57 416
458 57 944
469 57 246
480 57 473
491 57 294
502 57 944
513 57 639
524 57 686
535 57 203
546 57 417
557 57 473
568 57 814
579 57 245
590 57 633
601 57 340
612 57 213
623 57 616
634 57 279
645 57 558
656 57 851
667 57 66
678 57 151
689 57 203
700 57 948
711 57 56
722 57 254
733 57 911
744 57 220
755 57 11
766 57 87
777 57 934
788 57 903
799 57 275
810 57 521
821 57 216
832 57 289
843 57 470
854 57 538
865 57 170
876 57 981
887 57 480
898 57 784
909 57 334
920 57 428
931 57 883
942 57 806
953 57 716
964 57 613
975 57 124
986 57 435
997 57 476
1008 57 418
1019 57 848
1030 57 222
1041 57 842
1052 57 361
1063 57 204
1074 57 215
1085 57 613
1096 57 805
1107 57 241
1118 57 141
1129 57 346
1140 57 55
1151 57 462
1162 57 552
1173 57 622
1184 57 863
1195 57 720
1206 57 9
1217 57 831
1228 57 597
1239 57 786
1250 57 837
1261 57 459
1272 57 961
1283 57 729
1294 57 433
1305 57 214
1316 57 837
1327 57 637
1338 57 450
1349 57 534
1360 57 969
1371 57 164
1382 57 317
1393 57 342
1404 57 201
1415 57 673
1426 57 503
1437 57 68
1448 57 17
1459 57 501
1470 57 193
1481 57 889
1492 57 494
1503 57 134
1514 57 151
1525 57 463
1536 57 821
1547 57 819
1558 57 506
1569 57 963
1580 57 133
1591 57 890
1602 57 91
1613 57 211
1624 57 207
1635 57 198
1646 57 673
1657 57 945
1668 57 417
1679 57 980
1690 57 769
1701 57 391
1712 57 741
1723 57 515
1734 57 242
1745 57 256
1756 57 565
1767 57 53
1778 57 765
1789 57 580
1800 57 560
1811 57 950
1822 57 950
1833 57 245
1844 57 909
1855 57 539
1866 57 470
1877 57 365
1888 57 934
1899 57 566
1910 57 889
1921 57 551
1932 57 805
1943 57 498
1954 57 141
1965 57 201
1976 57 980
1987 57 934
1998 57 149
2009 57 247
2020 57 939
2031 57 688
2042 57 751
2053 57 674
2064 57 116
2075 57 709
2086 57 1000
2097 57 341
2108 57 722
2119 57 516
2130 57 50
2141 57 843
2152 57 980
2163 57 927
2174 57 238
2185 57 731
2196 57 620
2207 57 377
2218 57 837
2229 57 667
2240 57 453
2251 57 932
2262 57 297
2273 57 1
2284 57 761
2295 57 544
2306 57 108
2317 57 289
2328 57 640
2339 57 960
2350 57 920
2361 57 429
2372 57 541
2383 57 24
2394 57 548
2405 57 312
2416 57 10
2427 57 165
2438 57 804
2449 57 280
2460 57 361
2471 57 820
2482 57 857
2493 57 676
2504 57 173
2515 57 983
2526 57 854
2537 57 528
2548 57 700
2559 57 188
2570 57 434
2581 57 437
2592 57 681
2603 57 654
2614 57 343
2625 57 399
2636 57 354
2647 57 110
2658 57 302
2669 57 727
2680 57 31
2691 57 822
2702 57 626
2713 57 531
2724 57 541
2735 57 167
2746 57 415
2757 57 797
2768 57 742
2779 57 91
2790 57 392
2801 57 690
2812 57 76
2823 57 626
2834 57 950
2845 57 851
2856 57 858
2867 57 782
2878 57 565
2889 57 299
2900 57 687
2911 57 360
2922 57 310
2933 57 137
2944 57 137
2955 57 303
2966 57 440
2977 57 37
2988 57 204
2999 57 210
9 58 588
20 58 732
31 58 405
42 58 34
53 58 268
64 58 247
75 58 126
86 58 9
97 58 357
108 58 416
119 58 674
130 58 958
141 58 809
152 58 998
163 58 573
174 58 235
185 58 681
196 58 437
207 58 68
218 58 833
229 58 486
240 58 775
251 58 117
262 58 337
273 58 980
284 58 656
295 58 991
306 58 88
317 58 859
328 58 863
339 58 171
350 58 88
361 58 877
372 58 746
383 58 122
394 58 965
405 58 514
416 58 935
427 58 486
438 58 539
449 58 565
460 58 734
471 58 176
482 58 127
493 58 209
504 58 463
515 58 36
526 58 955
537 58 518
548 58 594
559 58 13
570 58 797
581 58 163
592 58 13
603 58 646
614 58 115
625 58 713
636 58 726
647 58 196
658 58 928
669 58 162
680 58 103
691 58 880
702 58 57
713 58 72
724 58 341
735 58 672
746 58 17
757 58 848
768 58 816
779 58 374
790 58 724
801 58 944
812 58 165
823 58 776
834 58 83
845 58 287
856 58 719
867 58 804
878 58 201
889 58 580
900 58 566
911 58 119
922 58 317
933 58 185
944 58 61
955 58 66
966 58 66
977 58 894
988 58 546
999 58 6
1010 58 275
1021 58 795
1032 58 34
1043 58 636
1054 58 854
1065 58 793
1076 58 639
1087 58 992
1098 58 949
1109 58 756
1120 58 469
1131 58 222
1142 58 510
1153 58 640
1164 58 430
1175 58 74
1186 58 520
1197 58 210
1208 58 999
1219 58 385
1230 58 618
1241 58 396
1252 58 927
1263 58 192
1274 58 669
1285 58 595
1296 58 464
1307 58 701
1318 58 455
1329 58 505
1340 58 195
1351 58 8
1362 58 511
1373 58 932
1384 58 247
1395 58 181
1406 58 978
1417 58 734
1428 58 587
1439 58 187
1450 58 729
1461 58 608
1472 58 762
1483 58 1000
1494 58 45
1505 58 630
1516 58 972
1527 58 451
1538 58 128
1549 58 158
1560 58 789
1571 58 329
1582 58 169
1593 58 647
1604 58 901
1615 58 354
1626 58 566
1637 58 222
1648 58 56
1659 58 312
1670 58 139
1681 58 338
1692 58 640
1703 58 938
1714 58 375
1725 58 528
1736 58 296
1747 58 329
1758 58 970
1769 58 937
1780 58 350
1791 58 481
1802 58 965
1813 58 896
1824 58 539
1835 58 994
1846 58 630
1857 58 304
1868 58 332
1879 58 12
1890 58 706
1901 58 501
1912 58 198
1923 58 991
1934 58 33
1945 58 265
1956 58 383
1967 58 854
1978 58 737
1989 58 303
2000 58 38
2011 58 493
2022 58 71
2033 58 679
2044 58 165
2055 58 469
2066 58 578
2077 58 135
2088 58 680
2099 58 867
2110 58 783
2121 58 951
2132 58 314
2143 58 406
2154 58 40
2165 58 126
2176 58 163
2187 58 596
2198 58 187
2209 58 549
2220 58 547
2231 58 101
2242 58 382
2253 58 558
2264 58 998
2275 58 107
2286 58 762
2297 58 421
2308 58 169
2319 58 24
2330 58 543
2341 58 14
2352 58 839
2363 58 89
2374 58 497
2385 58 589
2396 58 491
2407 58 173
2418 58 575
2429 58 153
2440 58 834
2451 58 884
2462 58 832
2473 58 835
2484 58 885
2495 58 586
2506 58 31
2517 58 824
2528 58 639
2539 58 649
2550 58 355
2561 58 250
2572 58 688
2583 58 121
2594 58 925
2605 58 546
2616 58 201
2627 58 192
2638 58 986
2649 58 675
2660 58 677
2671 58 152
2682 58 554
2693 58 73
2704 58 448
2715 58 731
2726 58 908
2737 58 228
2748 58 465
2759 58 429
2770 58 532
2781 58 943
2792 58 436
2803 58 432
2814 58 783
2825 58 320
2836 58 547
2847 58 478
2858 58 361
2869 58 191
2880 58 719
2891 58 807
2902 58 350
2913 58 734
2924 58 773
2935 58 745
2946 58 290
2957 58 516
2968 58 93
2979 58 174
2990 58 571
0 59 217
11 59 791
22 59 152
33 59 542
44 59 110
55 59 144
66 59 255
77 59 43
88 59 379
99 59 341
110 59 896
121 59 988
132 59 569
143 59 984
154 59 140
165 59 856
176 59 191
187 59 746
198 59 526
209 59 104
220 59 365
231 59 536
242 59 639
253 59 173
264 59 845
275 59 551
286 59 896
297 59 388
308 59 300
319 59 742
330 59 266
341 59 339
352 59 54
363 59 589
374 59 664
385 59 162
396 59 130
407 59 329
418 59 946
429 59 778
440 59 303
451 59 292
462 59 961
473 59 454
484 59 316
495 59 130
506 59 358
517 59 847
528 59 290
539 59 761
550 59 409
561 59 282
572 59 902
583 59 115
594 59 263
605 59 586
616 59 239
627 59 638
638 59 950
649 59 736
660 59 740
671 59 899
682 59 196
693 59 956
704 59 829
715 59 477
726 59 275
737 59 363
748 59 987
759 59 943
770 59 54
781 59 733
792 59 736
803 59 880
814 59 178
825 59 878
836 59 96
847 59 849
858 59 934
869 59 411
880 59 756
891 59 344
902 59 227
913 59 3
924 59 119
935 59 139
946 59 823
957 59 386
968 59 167
979 59 628
990 59 578
1001 59 662
1012 59 341
1023 59 552
1034 59 14
1045 59 90
1056 59 800
1067 59 495
1078 59 111
1089 59 799
1100 59 472
1111 59 252
1122 59 534
1133 59 694
1144 59 932
1155 59 953
1166 59 443
1177 59 972
1188 59 668
1199 59 773
1210 59 502
1221 59 734
1232 59 923
1243 59 836
1254 59 500
1265 59 932
1276 59 407
1287 59 129
1298 59 434
1309 59 537
1320 59 12
1331 59 882
1342 59 688
1353 59 123
1364 59 944
1375 59 854
1386 59 141
1397 59 796
1408 59 82
1419 59 849
1430 59 878
1441 59 353
1452 59 267
1463 59 594
1474 59 283
1485 59 841
1496 59 890
1507 59 957
1518 59 30
1529 59 74
1540 59 943
1551 59 888
1562 59 907
1573 59 154
1584 59 294
1595 59 365
1606 59 415
1617 59 939
1628 59 340
1639 59 63
1650 59 431
1661 59 141
1672 59 162
1683 59 509
1694 59 43
1705 59 706
1716 59 636
1727 59 448
1738 59 445
1749 59 691
1760 59 242
1771 59 729
1782 59 830
1793 59 810
1804 59 628
1815 59 914
1826 59 935
1837 59 543
1848 59 398
1859 59 994
1870 59 148
1881 59 125
1892 59 268
1903 59 743
1914 59 519
1925 59 481
1936 59 216
1947 59 560
1958 59 505
1969 59 547
1980 59 866
1991 59 166
2002 59 755
2013 59 105
2024 59 938
2035 59 507
2046 59 866
2057 59 917
2068 59 529
2079 59 430
2090 59 90
2101 59 250
2112 59 822
2123 59 327
2134 59 211
2145 59 601
2156 59 285
2167 59 838
2178 59 467
2189 59 112
2200 59 942
2211 59 450
2222 59 502
2233 59 52
2244 59 820
2255 59 504
2266 59 212
2277 59 43
2288 59 994
2299 59 526
2310 59 514
2321 59 517
2332 59 394
2343 59 164
2354 59 106
2365 59 791
2376 59 698
2387 59 829
2398 59 799
2409 59 160
2420 59 600
2431 59 478
2442 59 243
2453 59 662
2464 59 246
2475 59 4
2486 59 426
2497 59 982
2508 59 606
2519 59 605
2530 59 193
2541 59 150
2552 59 152
2563 59 948
2574 59 888
2585 59 754
2596 59 841
2607 59 969
2618 59 204
2629 59 186
2640 59 601
2651 59 234
2662 59 785
2673 59 831
2684 59 493
2695 59 592
2706 59 563
2717 59 869
2728 59 802
2739 59 523
2750 59 362
2761 59 437
2772 59 399
2783 59 72
2794 59 916
2805 59 902
2816 59 597
2827 59 686
2838 59 622
2849 59 558
2860 59 588
2871 59 298
2882 59 659
2893 59 413
2904 59 479
2915 59 190
2926 59 432
2937 59 993
2948 59 687
2959 59 817
2970 59 125
2981 59 758
2992 59 873
2 60 88
13 60 257
24 60 941
35 60 929
46 60 667
57 60 838
68 60 751
79 60 48
90 60 128
101 60 459
112 60 685
123 60 933
134 60 515
145 60 643
156 60 810
167 60 760
178 60 660
189 60 842
200 60 248
211 60 998
222 60 330
233 60 907
244 60 279
255 60 971
266 60 256
277 60 505
288 60 322
299 60 948
310 60 20
321 60 63
332 60 809
343 60 479
354 60 325
365 60 598
376 60 292
387 60 80
398 60 63
409 60 919
420 60 996
431 60 136
442 60 202
453 60 483
464 60 877
475 60 711
486 60 68
497 60 680
508 60 885
519 60 541
530 60 8
541 60 496
552 60 453
563 60 375
574 60 178
585 60 460
596 60 985
607 60 723
618 60 348
629 60 530
640 60 49
651 60 440
662 60 274
673 60 333
684 60 907
695 60 80
706 60 399
717 60 105
728 60 698
739 60 529
750 60 963
761 60 975
772 60 196
783 60 716
794 60 405
805 60 64
816 60 771
827 60 525
838 60 591
849 60 531
860 60 22
871 60 539
882 60 597
893 60 222
904 60 947
915 60 261
926 60 493
937 60 126
948 60 802
959 60 542
970 60 925
981 60 172
992 60 431
1003 60 412
1014 60 186
1025 60 254
1036 60 889
1047 60 800
1058 60 960
1069 60 193
1080 60 553
1091 60 787
1102 60 529
1113 60 321
1124 60 878
1135 60 25
1146 60 411
1157 60 980
1168 60 854
1179 60 976
1190 60 383
1201 60 395
1212 60 373
1223 60 801
1234 60 379
1245 60 444
1256 60 428
1267 60 133
1278 60 142
1289 60 265
1300 60 59
1311 60 58
1322 60 166
1333 60 847
1344 60 211
1355 60 428
1366 60 792
1377 60 812
1388 60 367
1399 60 882
1410 60 573
1421 60 200
1432 60 711
1443 60 48
1454 60 507
1465 60 426
1476 60 229
1487 60 101
1498 60 415
1509 60 989
1520 60 319
1531 60 242
1542 60 884
1553 60 812
1564 60 45
1575 60 632
1586 60 257
1597 60 901
1608 60 802
1619 60 172
1630 60 385
1641 60 462
1652 60 29
1663 60 496
1674 60 376
1685 60 585
1696 60 313
1707 60 444
1718 60 411
1729 60 398
1740 60 7
1751 60 189
1762 60 766
1773 60 437
1784 60 634
1795 60 794
1806 60 869
1817 60 534
1828 60 799
1839 60 554
1850 60 555
1861 60 966
1872 60 929
1883 60 576
1894 60 952
1905 60 250
1916 60 92
1927 60 971
1938 60 597
1949 60 223
1960 60 830
1971 60 17
1982 60 830
1993 60 763
2004 60 844
2015 60 599
2026 60 480
2037 60 816
2048 60 349
2059 60 990
2070 60 484
2081 60 794
2092 60 702
2103 60 596
2114 60 570
2125 60 901
2136 60 233
2147 60 745
2158 60 285
2169 60 337
2180 60 999
2191 60 17
2202 60 480
2213 60 509
2224 60 467
2235 60 528
2246 60 276
2257 60 527
2268 60 699
2279 60 614
2290 60 619
2301 60 74
2312 60 474
2323 60 641
2334 60 948
2345 60 650
2356 60 363
2367 60 283
2378 60 290
2389 60 921
2400 60 290
2411 60 475
2422 60 592
2433 60 925
2444 60 292
2455 60 107
2466 60 971
2477 60 1
2488 60 846
2499 60 266
2510 60 637
2521 60 48
2532 60 282
2543 60 45
2554 60 647
2565 60 342
2576 60 565
2587 60 17
2598 60 534
2609 60 340
2620 60 405
2631 60 427
2642 60 333
2653 60 423
2664 60 121
2675 60 303
2686 60 979
2697 60 523
2708 60 352
2719 60 563
2730 60 352
2741 60 298
2752 60 8
2763 60 737
2774 60 119
2785 60 979
2796 60 626
2807 60 151
2818 60 645
2829 60 646
2840 60 487
2851 60 347
2862 60 70
2873 60 712
2884 60 144
2895 60 991
2906 60 798
2917 60 886
2928 60 375
2939 60 372
2950 60 978
2961 60 318
2972 60 601
2983 60 591
2994 60 146
4 61 925
15 61 560
26 61 190
37 61 446
48 61 104
59 61 698
70 61 718
81 61 423
92 61 937
103 61 382
114 61 381
125 61 942
136 61 827
147 61 773
158 61 630
169 61 747
180 61 493
191 61 639
202 61 471
213 61 438
224 61 644
235 61 776
246 61 348
257 61 504
268 61 908
279 61 806
290 61 299
301 61 778
312 61 21
323 61 394
334 61 741
345 61 800
356 61 572
367 61 850
378 61 553
389 61 413
400 61 715
411 61 862
422 61 224
433 61 847
444 61 502
455 61 208
466 61 867
477 61 656
488 61 985
499 61 278
510 61 266
521 61 862
532 61 307
543 61 744
554 61 889
565 61 109
576 61 839
587 61 337
598 61 787
609 61 284
620 61 285
631 61 933
642 61 509
653 61 163
664 61 571
675 61 693
686 61 652
697 61 818
708 61 352
719 61 522
730 61 426
741 61 623
752 61 673
763 61 732
774 61 205
785 61 575
796 61 704
807 61 1000
818 61 391
829 61 634
840 61 297
851 61 354
862 61 278
873 61 813
884 61 439
895 61 605
906 61 177
917 61 800
928 61 357
939 61 15
950 61 935
961 61 236
972 61 298
983 61 75
994 61 516
1005 61 59
1016 61 629
1027 61 905
1038 61 405
1049 61 181
1060 61 864
1071 61 202
1082 61 570
1093 61 898
1104 61 105
1115 61 80
1126 61 536
1137 61 197
1148 61 39
1159 61 490
1170 61 318
1181 61 593
1192 61 776
1203 61 119
1214 61 515
1225 61 361
1236 61 541
1247 61 599
1258 61 491
1269 61 339
1280 61 186
1291 61 387
1302 61 267
1313 61 472
1324 61 401
1335 61 881
1346 61 990
1357 61 369
1368 61 397
1379 61 659
1390 61 614
1401 61 259
1412 61 153
1423 61 214
1434 61 987
1445 61 902
1456 61 535
1467 61 493
1478 61 589
1489 61 722
1500 61 538
1511 61 820
1522 61 920
1533 61 749
1544 61 411
1555 61 816
1566 61 692
1577 61 929
1588 61 985
1599 61 291
1610 61 742
1621 61 303
1632 61 80
1643 61 866
1654 61 911
1665 61 439
1676 61 47
1687 61 807
1698 61 108
1709 61 252
1720 61 505
1731 61 679
1742 61 14
1753 61 502
1764 61 267
1775 61 264
1786 61 162
1797 61 141
1808 61 700
1819 61 696
1830 61 213
1841 61 521
1852 61 112
1863 61 348
1874 61 847
1885 61 521
1896 61 251
1907 61 865
1918 61 149
1929 61 543
1940 61 843
1951 61 613
1962 61 182
1973 61 468
1984 61 441
1995 61 309
2006 61 948
2017 61 611
2028 61 184
2039 61 90
2050 61 508
2061 61 9
2072 61 927
2083 61 142
2094 61 737
2105 61 869
2116 61 922
2127 61 644
2138 61 150
2149 61 811
2160 61 497
2171 61 73
2182 61 47
2193 61 417
2204 61 466
2215 61 429
2226 61 334
2237 61 477
2248 61 127
2259 61 739
2270 61 65
2281 61 571
2292 61 642
2303 61 426
2314 61 470
2325 61 620
2336 61 875
2347 61 705
2358 61 942
2369 61 283
2380 61 747
2391 61 317
2402 61 769
2413 61 289
2424 61 648
2435 61 762
2446 61 833
2457 61 623
2468 61 970
2479 61 377
2490 61 154
2501 61 262
2512 61 843
2523 61 380
2534 61 619
2545 61 219
2556 61 934
2567 61 401
2578 61 528
2589 61 390
2600 61 192
2611 61 694
2622 61 533
2633 61 221
2644 61 269
2655 61 100
2666 61 565
2677 61 610
2688 61 512
2699 61 263
2710 61 376
2721 61 88
2732 61 316
2743 61 76
2754 61 116
2765 61 819
2776 61 852
2787 61 237
2798 61 89
2809 61 896
2820 61 545
2831 61 51
2842 61 576
2853 61 160
2864 61 369
2875 61 196
2886 61 882
2897 61 866
2908 61 852
2919 61 337
2930 61 366
2941 61 653
2952 61 858
2963 61 978
2974 61 123
2985 61 484
2996 61 980
6 62 30
17 62 334
28 62 840
39 62 771
50 62 295
61 62 661
72 62 375
83 62 151
94 62 318
105 62 62
116 62 25
127 62 524
138 62 278
149 62 857
160 62 708
171 62 925
182 62 830
193 62 419
204 62 815
215 62 230
226 62 163
237 62 172
248 62 684
259 62 685
270 62 172
281 62 286
292 62 798
303 62 418
314 62 308
325 62 422
336 62 530
347 62 911
358 62 391
369 62 556
380 62 733
391 62 294
402 62 509
413 62 595
424 62 651
435 62 175
446 62 692
457 62 452
468 62 1
479 62 509
490 62 746
501 62 130
512 62 369
523 62 196
534 62 271
545 62 181
556 62 945
567 62 776
578 62 97
589 62 483
600 62 323
611 62 15
622 62 337
633 62 380
644 62 686
655 62 282
666 62 659
677 62 528
688 62 672
699 62 658
710 62 693
721 62 107
732 62 485
743 62 627
754 62 861
765 62 996
776 62 347
787 62 29
798 62 174
809 62 681
820 62 79
831 62 974
842 62 178
853 62 291
864 62 479
875 62 173
886 62 415
897 62 797
908 62 136
919 62 521
930 62 481
941 62 844
952 62 55
963 62 362
974 62 139
985 62 555
996 62 68
1007 62 35
1018 62 854
1029 62 852
1040 62 7
1051 62 12
1062 62 996
1073 62 305
1084 62 319
1095 62 667
1106 62 958
1117 62 716
1128 62 764
1139 62 273
1150 62 943
1161 62 458
1172 62 892
1183 62 390
1194 62 551
1205 62 352
1216 62 608
1227 62 844
1238 62 116
1249 62 192
1260 62 171
1271 62 34
1282 62 298
1293 62 155
1304 62 613
1315 62 643
1326 62 76
1337 62 562
1348 62 96
1359 62 530
1370 62 731
1381 62 119
1392 62 369
1403 62 792
1414 62 235
1425 62 246
1436 62 615
1447 62 118
1458 62 295
1469 62 539
1480 62 101
1491 62 536
1502 62 875
1513 62 663
1524 62 405
1535 62 226
1546 62 103
1557 62 20
1568 62 137
1579 62 619
1590 62 185
1601 62 17
1612 62 852
1623 62 516
1634 62 784
1645 62 526
1656 62 332
1667 62 113
1678 62 329
1689 62 150
1700 62 789
1711 62 534
1722 62 24
1733 62 176
1744 62 431
1755 62 883
1766 62 619
1777 62 644
1788 62 758
1799 62 830
1810 62 195
1821 62 971
1832 62 135
1843 62 607
1854 62 892
1865 62 741
1876 62 175
1887 62 442
1898 62 642
1909 62 251
1920 62 566
1931 62 59
1942 62 79
1953 62 647
1964 62 844
1975 62 248
1986 62 212
1997 62 15
2008 62 29
2019 62 859
2030 62 695
2041 62 674
2052 62 829
2063 62 177
2074 62 399
2085 62 545
2096 62 116
2107 62 892
2118 62 711
2129 62 929
2140 62 460
2151 62 294
2162 62 14
2173 62 864
2184 62 160
2195 62 506
2206 62 969
2217 62 457
2228 62 61
2239 62 959
2250 62 794
2261 62 405
2272 62 651
2283 62 268
2294 62 248
2305 62 209
2316 62 773
2327 62 679
2338 62 317
2349 62 437
2360 62 759
2371 62 756
2382 62 785
2393 62 63
2404 62 31
2415 62 119
2426 62 794
2437 62 72
2448 62 714
2459 62 484
2470 62 859
2481 62 367
2492 62 718
2503 62 844
2514 62 951
2525 62 349
2536 62 208
2547 62 334
2558 62 150
2569 62 349
2580 62 849
2591 62 493
2602 62 334
2613 62 311
2624 62 237
2635 62 204
2646 62 968
2657 62 648
2668 62 398
2679 62 240
2690 62 144
2701 62 198
2712 62 423
2723 62 516
2734 62 610
2745 62 385
2756 62 138
2767 62 203
2778 62 624
2789 62 528
2800 62 900
2811 62 294
2822 62 398
2833 62 17
2844 62 377
2855 62 956
2866 62 331
2877 62 859
2888 62 73
2899 62 527
2910 62 88
2921 62 642
2932 62 60
2943 62 760
2954 62 419
2965 62 384
2976 62 908
2987 62 280
2998 62 730
8 63 400
19 63 274
30 63 812
41 63 194
52 63 55
63 63 181
74 63 394
85 63 491
96 63 124
107 63 637
118 63 613
129 63 433
140 63 875
151 63 104
162 63 576
173 63 194
184 63 210
195 63 726
206 63 692
217 63 341
228 63 827
239 63 724
250 63 229
261 63 750
272 63 598
283 63 556
294 63 101
305 63 213
316 63 13
327 63 545
338 63 625
349 63 357
360 63 428
371 63 874
382 63 775
393 63 198
404 63 221
415 63 6
426 63 113
437 63 58
448 63 242
459 63 389
470 63 565
481 63 622
492 63 931
503 63 749
514 63 387
525 63 252
536 63 200
547 63 961
558 63 919
569 63 979
580 63 952
591 63 962
602 63 227
613 63 116
624 63 624
635 63 821
646 63 729
657 63 406
668 63 470
679 63 834
690 63 469
701 63 306
712 63 388
723 63 957
734 63 670
745 63 392
756 63 168
767 63 241
778 63 467
789 63 597
800 63 879
811 63 84
822 63 451
833 63 906
844 63 614
855 63 653
866 63 435
877 63 585
888 63 101
899 63 497
910 63 636
921 63 895
932 63 426
943 63 751
954 63 500
965 63 755
976 63 275
987 63 698
998 63 530
1009 63 473
1020 63 828
1031 63 13
1042 63 248
1053 63 505
1064 63 197
1075 63 670
1086 63 854
1097 63 642
1108 63 851
1119 63 364
1130 63 411
1141 63 709
1152 63 423
1163 63 719
1174 63 347
1185 63 581
1196 63 567
1207 63 794
1218 63 917
1229 63 517
1240 63 792
1251 63 756
1262 63 153
1273 63 186
1284 63 175
1295 63 688
1306 63 797
1317 63 970
1328 63 121
1339 63 599
1350 63 267
1361 63 959
1372 63 316
1383 63 556
1394 63 994
1405 63 990
1416 63 330
1427 63 653
1438 63 697
1449 63 192
1460 63 536
1471 63 88
1482 63 635
1493 63 187
1504 63 825
1515 63 176
1526 63 113
1537 63 720
1548 63 758
1559 63 993
1570 63 220
1581 63 758
1592 63 492
1603 63 843
1614 63 107
1625 63 840
1636 63 336
1647 63 731
1658 63 914
1669 63 645
1680 63 697
1691 63 647
1702 63 485
1713 63 115
1724 63 284
1735 63 13
1746 63 612
1757 63 463
1768 63 668
1779 63 477
1790 63 103
1801 63 628
1812 63 74
1823 63 204
1834 63 580
1845 63 297
1856 63 407
1867 63 591
1878 63 114
1889 63 824
1900 63 674
1911 63 377
1922 63 162
1933 63 379
1944 63 960
1955 63 455
1966 63 253
1977 63 634
1988 63 40
1999 63 836
2010 63 366
2021 63 419
2032 63 391
2043 63 807
2054 63 543
2065 63 963
2076 63 370
2087 63 70
2098 63 156
2109 63 950
2120 63 489
2131 63 710
2142 63 611
2153 63 501
2164 63 441
2175 63 170
2186 63 710
2197 63 174
2208 63 585
2219 63 842
2230 63 423
2241 63 188
2252 63 654
2263 63 201
2274 63 965
2285 63 838
2296 63 984
2307 63 989
2318 63 716
2329 63 874
2340 63 878
2351 63 928
2362 63 134
2373 63 42
2384 63 747
2395 63 668
2406 63 33
2417 63 267
2428 63 783
2439 63 818
2450 63 916
2461 63 905
2472 63 474
2483 63 306
2494 63 714
2505 63 593
2516 63 942
2527 63 178
2538 63 573
2549 63 792
2560 63 855
2571 63 198
2582 63 697
2593 63 301
2604 63 175
2615 63 716
2626 63 406
2637 63 212
2648 63 421
2659 63 366
2670 63 140
2681 63 766
2692 63 17
2703 63 908
2714 63 5
2725 63 422
2736 63 793
2747 63 443
2758 63 374
2769 63 232
2780 63 549
2791 63 934
2802 63 479
2813 63 471
2824 63 991
2835 63 100
2846 63 824
2857 63 858
2868 63 4
2879 63 668
2890 63 664
2901 63 476
2912 63 970
2923 63 110
2934 63 334
2945 63 745
2956 63 893
2967 63 933
2978 63 174
2989 63 248
10 64 912
21 64 900
32 64 375
43 64 791
54 64 474
65 64 589
76 64 770
87 64 803
98 64 400
109 64 813
120 64 773
131 64 457
142 64 720
153 64 469
164 64 373
175 64 500
186 64 816
197 64 979
208 64 987
219 64 132
230 64 839
241 64 78
252 64 621
263 64 701
274 64 532
285 64 443
296 64 130
307 64 846
318 64 886
329 64 994
340 64 409
351 64 794
362 64 670
373 64 964
384 64 790
395 64 440
406 64 691
417 64 630
428 64 248
439 64 344
450 64 685
461 64 669
472 64 563
483 64 680
494 64 157
505 64 509
516 64 172
527 64 472
538 64 99
549 64 435
560 64 374
571 64 807
582 64 453
593 64 829
604 64 439
615 64 115
626 64 648
637 64 992
648 64 256
659 64 888
670 64 784
681 64 141
692 64 808
703 64 809
714 64 246
725 64 765
736 64 426
747 64 827
758 64 566
769 64 415
780 64 739
791 64 774
802 64 307
813 64 498
824 64 984
835 64 416
846 64 633
857 64 481
868 64 941
879 64 862
890 64 875
901 64 477
912 64 472
923 64 543
934 64 121
945 64 882
956 64 694
967 64 48
978 64 751
989 64 841
1000 64 109
1011 64 390
1022 64 554
1033 64 456
1044 64 140
1055 64 455
1066 64 39
1077 64 378
1088 64 666
1099 64 481
1110 64 657
1121 64 262
1132 64 658
1143 64 873
1154 64 471
1165 64 591
1176 64 527
1187 64 317
1198 64 647
1209 64 569
1220 64 397
1231 64 767
1242 64 52
1253 64 654
1264 64 521
1275 64 723
1286 64 186
1297 64 526
1308 64 127
1319 64 302
1330 64 710
1341 64 375
1352 64 69
1363 64 342
1374 64 568
1385 64 635
1396 64 911
1407 64 530
1418 64 592
1429 64 489
1440 64 205
1451 64 417
1462 64 707
1473 64 657
1484 64 258
1495 64 994
1506 64 653
1517 64 326
1528 64 361
1539 64 877
1550 64 996
1561 64 608
1572 64 299
1583 64 870
1594 64 864
1605 64 29
1616 64 884
1627 64 457
1638 64 135
1649 64 951
1660 64 939
1671 64 396
1682 64 371
1693 64 339
1704 64 573
1715 64 952
1726 64 466
1737 64 532
1748 64 144
1759 64 583
1770 64 196
1781 64 212
1792 64 957
1803 64 368
1814 64 739
1825 64 907
1836 64 574
1847 64 261
1858 64 941
1869 64 628
1880 64 95
1891 64 851
1902 64 722
1913 64 394
1924 64 314
1935 64 728
1946 64 811
1957 64 411
1968 64 750
1979 64 871
1990 64 660
2001 64 544
2012 64 386
2023 64 272
2034 64 434
2045 64 610
2056 64 228
2067 64 727
2078 64 895
2089 64 853
2100 64 362
2111 64 577
2122 64 599
2133 64 800
2144 64 809
2155 64 663
2166 64 693
2177 64 192
2188 64 159
2199 64 933
2210 64 253
2221 64 586
2232 64 135
2243 64 282
2254 64 726
2265 64 565
2276 64 139
2287 64 602
2298 64 33
2309 64 356
2320 64 686
2331 64 494
2342 64 569
2353 64 408
2364 64 819
2375 64 352
2386 64 720
2397 64 59
2408 64 420
2419 64 26
2430 64 306
2441 64 472
2452 64 467
2463 64 607
2474 64 686
2485 64 937
2496 64 189
2507 64 974
2518 64 502
2529 64 101
2540 64 616
2551 64 384
2562 64 355
2573 64 288
2584 64 42
2595 64 130
2606 64 679
2617 64 903
2628 64 318
2639 64 172
2650 64 474
2661 64 511
2672 64 510
2683 64 438
2694 64 801
2705 64 204
2716 64 612
2727 64 600
2738 64 233
2749 64 103
2760 64 208
2771 64 545
2782 64 688
2793 64 291
2804 64 711
2815 64 273
2826 64 332
2837 64 294
2848 64 883
2859 64 500
2870 64 695
2881 64 302
2892 64 627
2903 64 676
2914 64 439
2925 64 723
2936 64 92
2947 64 631
2958 64 323
2969 64 288
2980 64 457
2991 64 461
1 65 342
12 65 235
23 65 925
34 65 984
45 65 710
56 65 503
67 65 571
78 65 660
89 65 325
100 65 513
111 65 743
122 65 206
133 65 9
144 65 168
155 65 322
166 65 248
177 65 51
188 65 448
199 65 970
210 65 487
221 65 127
232 65 655
243 65 891
254 65 87
265 65 88
276 65 330
287 65 111
298 65 350
309 65 834
320 65 441
331 65 455
342 65 710
353 65 727
364 65 399
375 65 338
386 65 345
397 65 963
408 65 873
419 65 571
430 65 925
441 65 168
452 65 209
463 65 129
474 65 58
485 65 467
496 65 808
507 65 480
518 65 346
529 65 258
540 65 988
551 65 148
562 65 362
573 65 343
584 65 241
595 65 434
606 65 920
617 65 388
628 65 821
639 65 566
650 65 894
661 65 596
672 65 175
683 65 9
694 65 829
705 65 526
716 65 900
727 65 991
738 65 757
749 65 723
760 65 28
771 65 226
782 65 985
793 65 123
804 65 884
815 65 102
826 65 75
837 65 772
848 65 545
859 65 885
870 65 395
881 65 776
892 65 559
903 65 566
914 65 83
925 65 698
936 65 812
947 65 982
958 65 496
969 65 593
980 65 246
991 65 559
1002 65 591
1013 65 622
1024 65 607
1035 65 993
1046 65 625
1057 65 618
1068 65 223
1079 65 795
1090 65 846
1101 65 116
1112 65 934
1123 65 17
1134 65 782
1145 65 685
1156 65 435
1167 65 936
1178 65 468
1189 65 144
1200 65 90
1211 65 625
1222 65 686
1233 65 923
1244 65 464
1255 65 301
1266 65 642
1277 65 842
1288 65 406
1299 65 927
1310 65 552
1321 65 708
1332 65 629
1343 65 695
1354 65 207
1365 65 652
1376 65 422
1387 65 34
1398 65 698
1409 65 106
1420 65 136
1431 65 931
1442 65 730
1453 65 950
1464 65 115
1475 65 24
1486 65 808
1497 65 381
1508 65 968
1519 65 30
1530 65 964
1541 65 305
1552 65 974
1563 65 266
1574 65 334
1585 65 838
1596 65 737
1607 65 606
1618 65 793
1629 65 654
1640 65 883
1651 65 672
1662 65 923
1673 65 738
1684 65 10
1695 65 66
1706 65 304
1717 65 36
1728 65 836
1739 65 15
1750 65 753
1761 65 863
1772 65 872
1783 65 450
1794 65 341
1805 65 362
1816 65 50
1827 65 980
1838 65 440
1849 65 647
1860 65 38
1871 65 944
1882 65 545
1893 65 238
1904 65 772
1915 65 352
1926 65 106
1937 65 650
1948 65 949
1959 65 801
1970 65 47
1981 65 533
1992 65 802
2003 65 393
2014 65 379
2025 65 663
2036 65 196
2047 65 899
2058 65 521
2069 65 237
2080 65 447
2091 65 84
2102 65 369
2113 65 927
2124 65 721
2135 65 429
2146 65 561
2157 65 257
2168 65 521
2179 65 593
2190 65 849
2201 65 630
2212 65 142
2223 65 856
2234 65 899
2245 65 210
2256 65 206
2267 65 717
2278 65 99
2289 65 77
2300 65 703
2311 65 101
2322 65 831
2333 65 915
2344 65 930
2355 65 30
2366 65 214
2377 65 204
2388 65 400
2399 65 697
2410 65 514
2421 65 838
2432 65 490
2443 65 927
2454 65 288
2465 65 770
2476 65 87
2487 65 745
2498 65 637
2509 65 900
2520 65 116
2531 65 856
2542 65 743
2553 65 8
2564 65 712
2575 65 927
2586 65 690
2597 65 418
2608 65 17
2619 65 879
2630 65 820
2641 65 730
2652 65 398
2663 65 974
2674 65 556
2685 65 121
2696 65 865
2707 65 949
2718 65 410
2729 65 242
2740 65 803
2751 65 668
2762 65 537
2773 65 224
2784 65 24
2795 65 41
2806 65 881
2817 65 200
2828 65 595
2839 65 852
2850 65 34
2861 65 119
2872 65 277
2883 65 22
2894 65 270
2905 65 96
2916 65 991
2927 65 421
2938 65 589
2949 65 431
2960 65 449
2971 65 375
2982 65 608
2993 65 678
3 66 667
14 66 681
25 66 11
36 66 687
47 66 28
58 66 898
69 66 666
80 66 930
91 66 720
102 66 189
113 66 75
124 66 186
135 66 979
146 66 869
157 66 557
168 66 972
179 66 494
190 66 548
201 66 125
212 66 119
223 66 712
234 66 1000
245 66 331
256 66 559
267 66 988
278 66 915
289 66 916
300 66 252
311 66 759
322 66 480
333 66 63
344 66 832
355 66 341
366 66 197
377 66 108
388 66 267
399 66 738
410 66 581
421 66 36
432 66 196
443 66 584
454 66 376
465 66 794
476 66 183
487 66 34
498 66 908
509 66 675
520 66 62
531 66 271
542 66 756
553 66 424
564 66 503
575 66 85
586 66 168
597 66 395
608 66 843
619 66 786
630 66 156
641 66 332
652 66 910
663 66 528
674 66 454
685 66 595
696 66 539
707 66 311
718 66 812
729 66 608
740 66 11
751 66 122
762 66 309
773 66 918
784 66 222
795 66 652
806 66 170
817 66 973
828 66 87
839 66 144
850 66 3
861 66 822
872 66 666
883 66 217
894 66 860
905 66 541
916 66 13
927 66 72
938 66 658
949 66 540
960 66 532
971 66 541
982 66 714
993 66 160
1004 66 104
1015 66 703
1026 66 435
1037 66 54
1048 66 201
1059 66 345
1070 66 569
1081 66 941
1092 66 709
1103 66 104
1114 66 21
1125 66 916
1136 66 226
1147 66 534
1158 66 705
1169 66 156
1180 66 314
1191 66 945
1202 66 625
1213 66 938
1224 66 526
1235 66 483
1246 66 782
1257 66 524
1268 66 22
1279 66 854
1290 66 259
1301 66 22
1312 66 508
1323 66 651
1334 66 915
1345 66 191
1356 66 474
1367 66 302
1378 66 725
1389 66 703
1400 66 786
1411 66 883
1422 66 895
1433 66 40
1444 66 658
1455 66 825
1466 66 309
1477 66 120
1488 66 561
1499 66 65
1510 66 754
1521 66 611
1532 66 485
1543 66 995
1554 66 134
1565 66 279
1576 66 603
1587 66 159
1598 66 382
1609 66 873
1620 66 852
1631 66 236
1642 66 626
1653 66 670
1664 66 735
1675 66 398
1686 66 501
1697 66 777
1708 66 155
1719 66 843
1730 66 604
1741 66 867
1752 66 914
1763 66 43
1774 66 481
1785 66 147
1796 66 973
1807 66 658
1818 66 980
1829 66 615
1840 66 609
1851 66 806
1862 66 160
1873 66 705
1884 66 56
1895 66 69
1906 66 301
1917 66 327
1928 66 667
1939 66 532
1950 66 640
1961 66 301
1972 66 557
1983 66 244
1994 66 242
2005 66 73
2016 66 782
2027 66 857
2038 66 802
2049 66 180
2060 66 105
2071 66 208
2082 66 763
2093 66 987
2104 66 681
2115 66 171
2126 66 188
2137 66 502
2148 66 551
2159 66 118
2170 66 696
2181 66 648
2192 66 779
2203 66 623
2214 66 717
2225 66 242
2236 66 826
2247 66 502
2258 66 328
2269 66 969
2280 66 676
2291 66 224
2302 66 965
2313 66 100
2324 66 85
2335 66 524
2346 66 893
2357 66 97
2368 66 399
2379 66 763
2390 66 705
2401 66 784
2412 66 303
2423 66 267
2434 66 617
2445 66 825
2456 66 501
2467 66 423
2478 66 820
2489 66 565
2500 66 60
2511 66 676
2522 66 154
2533 66 291
2544 66 530
2555 66 307
2566 66 658
2577 66 869
2588 66 966
2599 66 62
2610 66 268
2621 66 593
2632 66 738
2643 66 624
2654 66 837
2665 66 840
2676 66 399
2687 66 127
2698 66 949
2709 66 225
2720 66 681
2731 66 130
2742 66 430
2753 66 682
2764 66 822
2775 66 744
2786 66 782
2797 66 898
2808 66 674
2819 66 90
2830 66 488
2841 66 852
2852 66 218
2863 66 122
2874 66 242
2885 66 450
2896 66 284
2907 66 566
2918 66 278
2929 66 949
2940 66 550
2951 66 899
2962 66 108
2973 66 383
2984 66 729
2995 66 293
5 67 429
16 67 112
27 67 119
38 67 622
49 67 813
60 67 7
71 67 417
82 67 484
93 67 815
104 67 12
115 67 479
126 67 944
137 67 127
148 67 682
159 67 814
170 67 14
181 67 785
192 67 715
203 67 244
214 67 854
225 67 977
236 67 779
247 67 187
258 67 567
269 67 984
280 67 495
291 67 754
302 67 620
313 67 968
324 67 832
335 67 685
346 67 119
357 67 97
368 67 425
379 67 293
390 67 443
401 67 726
412 67 714
423 67 732
434 67 369
445 67 237
456 67 788
467 67 436
478 67 238
489 67 543
500 67 459
511 67 572
522 67 218
533 67 176
544 67 902
555 67 511
566 67 679
577 67 621
588 67 674
599 67 772
610 67 729
621 67 436
632 67 394
643 67 215
654 67 86
665 67 588
676 67 568
687 67 361
698 67 971
709 67 943
720 67 862
731 67 323
742 67 159
753 67 335
764 67 474
775 67 46
786 67 862
797 67 523
808 67 619
819 67 796
830 67 220
841 67 923
852 67 979
863 67 771
874 67 132
885 67 663
896 67 309
907 67 984
918 67 416
929 67 381
940 67 274
951 67 916
962 67 412
973 67 16
984 67 224
995 67 914
1006 67 468
1017 67 505
1028 67 377
1039 67 721
1050 67 413
1061 67 522
1072 67 784
1083 67 402
1094 67 459
1105 67 623
1116 67 161
1127 67 835
1138 67 715
1149 67 726
1160 67 580
1171 67 992
1182 67 349
1193 67 254
1204 67 361
1215 67 395
1226 67 10
1237 67 163
1248 67 40
1259 67 233
1270 67 654
1281 67 140
1292 67 540
1303 67 106
1314 67 669
1325 67 644
1336 67 639
1347 67 510
1358 67 506
1369 67 326
1380 67 135
1391 67 458
1402 67 447
1413 67 19
1424 67 84
1435 67 321
1446 67 752
1457 67 714
1468 67 185
1479 67 142
1490 67 167
1501 67 30
1512 67 552
1523 67 620
1534 67 773
1545 67 105
1556 67 41
1567 67 612
1578 67 928
1589 67 749
1600 67 475
1611 67 507
1622 67 672
1633 67 971
1644 67 276
1655 67 776
1666 67 812
1677 67 231
1688 67 126
1699 67 572
1710 67 825
1721 67 238
1732 67 903
1743 67 350
1754 67 774
1765 67 648
1776 67 910
1787 67 827
1798 67 675
1809 67 441
1820 67 264
1831 67 198
1842 67 95
1853 67 97
1864 67 262
1875 67 666
1886 67 483
1897 67 487
1908 67 31
1919 67 455
1930 67 686
1941 67 951
1952 67 557
1963 67 116
1974 67 144
1985 67 890
1996 67 83
2007 67 4
2018 67 722
2029 67 435
2040 67 421
2051 67 105
2062 67 566
2073 67 754
2084 67 776
2095 67 600
2106 67 442
2117 67 835
2128 67 468
2139 67 848
2150 67 738
2161 67 249
2172 67 957
2183 67 837
2194 67 837
2205 67 43
2216 67 593
2227 67 602
2238 67 955
2249 67 962
2260 67 70
2271 67 133
2282 67 871
2293 67 75
2304 67 370
2315 67 189
2326 67 363
2337 67 493
2348 67 647
2359 67 1
2370 67 293
2381 67 1000
2392 67 892
2403 67 621
2414 67 688
2425 67 777
2436 67 173
2447 67 666
2458 67 693
2469 67 912
2480 67 146
2491 67 408
2502 67 47
2513 67 238
2524 67 112
2535 67 761
2546 67 503
2557 67 509
2568 67 449
2579 67 351
2590 67 577
2601 67 318
2612 67 391
2623 67 650
2634 67 753
2645 67 165
2656 67 663
2667 67 29
2678 67 89
2689 67 448
2700 67 978
2711 67 590
2722 67 856
2733 67 622
2744 67 567
2755 67 452
2766 67 457
2777 67 792
2788 67 106
2799 67 932
2810 67 198
2821 67 940
2832 67 573
2843 67 910
2854 67 367
2865 67 287
2876 67 622
2887 67 27
2898 67 555
2909 67 921
2920 67 81
2931 67 13
2942 67 254
2953 67 746
2964 67 810
2975 67 112
2986 67 535
2997 67 75
7 68 232
18 68 360
29 68 364
40 68 584
51 68 709
62 68 520
73 68 63
84 68 233
95 68 999
106 68 787
117 68 497
128 68 145
139 68 986
150 68 723
161 68 55
172 68 813
183 68 282
194 68 248
205 68 223
216 68 591
227 68 896
238 68 369
249 68 47
260 68 439
271 68 806
282 68 622
293 68 794
304 68 836
315 68 626
326 68 884
337 68 617
348 68 243
359 68 888
370 68 468
381 68 595
392 68 741
403 68 891
414 68 685
425 68 670
436 68 609
447 68 512
458 68 895
469 68 313
480 68 82
491 68 512
502 68 666
513 68 122
524 68 539
535 68 790
546 68 963
557 68 823
568 68 992
579 68 476
590 68 294
601 68 427
612 68 72
623 68 46
634 68 38
645 68 390
656 68 917
667 68 722
678 68 493
689 68 824
700 68 572
711 68 535
722 68 150
733 68 910
744 68 552
755 68 760
766 68 508
777 68 283
788 68 514
799 68 272
810 68 739
821 68 139
832 68 773
843 68 463
854 68 200
865 68 302
876 68 268
887 68 610
898 68 692
909 68 94
920 68 23
931 68 652
942 68 235
953 68 57
964 68 584
975 68 870
986 68 68
997 68 68
1008 68 585
1019 68 482
1030 68 415
1041 68 827
1052 68 757
1063 68 470
1074 68 870
1085 68 775
1096 68 349
1107 68 604
1118 68 927
1129 68 943
1140 68 888
1151 68 977
1162 68 996
1173 68 39
1184 68 612
1195 68 333
1206 68 555
1217 68 375
1228 68 549
1239 68 831
1250 68 780
1261 68 867
1272 68 430
1283 68 552
1294 68 966
1305 68 109
1316 68 392
1327 68 636
1338 68 237
1349 68 933
1360 68 995
1371 68 888
1382 68 424
1393 68 393
1404 68 422
1415 68 804
1426 68 938
1437 68 840
1448 68 210
1459 68 531
1470 68 307
1481 68 216
1492 68 325
1503 68 422
1514 68 772
1525 68 816
1536 68 2
1547 68 338
1558 68 32
1569 68 401
1580 68 962
1591 68 166
1602 68 341
1613 68 336
1624 68 81
1635 68 965
1646 68 835
1657 68 510
1668 68 208
1679 68 836
1690 68 870
1701 68 537
1712 68 682
1723 68 634
1734 68 711
1745 68 574
1756 68 765
1767 68 3
1778 68 893
1789 68 912
1800 68 544
1811 68 916
1822 68 23
1833 68 957
1844 68 988
1855 68 124
1866 68 942
1877 68 905
1888 68 284
1899 68 612
1910 68 400
1921 68 555
1932 68 357
1943 68 357
1954 68 459
1965 68 765
1976 68 770
1987 68 164
1998 68 8
2009 68 31
2020 68 92
2031 68 738
2042 68 202
2053 68 652
2064 68 43
2075 68 252
2086 68 269
2097 68 738
2108 68 363
2119 68 822
2130 68 469
2141 68 858
2152 68 194
2163 68 46
2174 68 948
2185 68 978
2196 68 160
2207 68 28
2218 68 311
2229 68 791
2240 68 544
2251 68 403
2262 68 902
2273 68 583
2284 68 422
2295 68 31
2306 68 417
2317 68 472
2328 68 355
2339 68 271
2350 68 974
2361 68 654
2372 68 725
2383 68 257
2394 68 543
2405 68 582
2416 68 871
2427 68 991
2438 68 647
2449 68 688
2460 68 920
2471 68 420
2482 68 61
2493 68 319
2504 68 557
2515 68 567
2526 68 56
2537 68 256
2548 68 487
2559 68 155
2570 68 254
2581 68 211
2592 68 290
2603 68 310
2614 68 212
2625 68 426
2636 68 204
2647 68 537
2658 68 425
2669 68 757
2680 68 617
2691 68 77
2702 68 598
2713 68 449
2724 68 395
2735 68 594
2746 68 345
2757 68 392
2768 68 301
2779 68 504
2790 68 859
2801 68 742
2812 68 677
2823 68 821
2834 68 985
2845 68 504
2856 68 200
2867 68 119
2878 68 116
2889 68 6
2900 68 346
2911 68 197
2922 68 392
2933 68 605
2944 68 660
2955 68 334
2966 68 788
2977 68 738
2988 68 589
2999 68 613
9 69 298
20 69 699
31 69 887
42 69 262
53 69 792
64 69 454
75 69 685
86 69 556
97 69 33
108 69 277
119 69 745
130 69 43
141 69 485
152 69 464
163 69 609
174 69 164
185 69 520
196 69 329
207 69 247
218 69 108
229 69 170
240 69 385
251 69 174
262 69 230
273 69 312
284 69 948
295 69 138
306 69 980
317 69 381
328 69 535
339 69 858
350 69 98
361 69 290
372 69 239
383 69 31
394 69 445
405 69 797
416 69 703
427 69 230
438 69 324
449 69 40
460 69 704
471 69 139
482 69 693
493 69 820
504 69 20
515 69 195
526 69 178
537 69 644
548 69 303
559 69 778
570 69 503
581 69 316
592 69 454
603 69 824
614 69 694
625 69 308
636 69 703
647 69 194
658 69 504
669 69 425
680 69 130
691 69 751
702 69 468
713 69 497
724 69 241
735 69 636
746 69 770
757 69 270
768 69 600
779 69 262
790 69 81
801 69 645
812 69 815
823 69 887
834 69 195
845 69 677
856 69 188
867 69 907
878 69 301
889 69 482
900 69 712
911 69 437
922 69 94
933 69 845
944 69 810
955 69 130
966 69 92
977 69 705
988 69 740
999 69 801
1010 69 858
1021 69 136
1032 69 337
1043 69 74
1054 69 364
1065 69 163
1076 69 573
1087 69 910
1098 69 862
1109 69 203
1120 69 280
1131 69 504
1142 69 932
1153 69 494
1164 69 121
1175 69 217
1186 69 837
1197 69 672
1208 69 349
1219 69 151
1230 69 992
1241 69 37
1252 69 235
1263 69 358
1274 69 759
1285 69 849
1296 69 75
1307 69 376
1318 69 878
1329 69 32
1340 69 74
1351 69 748
1362 69 788
1373 69 629
1384 69 975
1395 69 516
1406 69 938
1417 69 309
1428 69 551
1439 69 559
1450 69 707
1461 69 634
1472 69 669
1483 69 931
1494 69 17
1505 69 403
1516 69 191
1527 69 445
1538 69 409
1549 69 239
1560 69 919
1571 69 427
1582 69 627
1593 69 469
1604 69 429
1615 69 759
1626 69 503
1637 69 124
1648 69 895
1659 69 482
1670 69 236
1681 69 367
1692 69 930
1703 69 506
1714 69 112
1725 69 272
1736 69 426
1747 69 782
1758 69 638
1769 69 525
1780 69 145
1791 69 246
1802 69 190
1813 69 236
1824 69 108
1835 69 464
1846 69 720
1857 69 742
1868 69 295
1879 69 688
1890 69 630
1901 69 139
1912 69 558
1923 69 900
1934 69 106
1945 69 817
1956 69 85
1967 69 28
1978 69 758
1989 69 295
2000 69 498
2011 69 908
2022 69 515
2033 69 78
2044 69 7
2055 69 106
2066 69 3
2077 69 19
2088 69 814
2099 69 576
2110 69 1
2121 69 299
2132 69 662
2143 69 363
2154 69 201
2165 69 934
2176 69 345
2187 69 711
2198 69 971
2209 69 508
2220 69 639
2231 69 528
2242 69 261
2253 69 560
2264 69 422
2275 69 870
2286 69 764
2297 69 720
2308 69 217
2319 69 473
2330 69 837
2341 69 953
2352 69 570
2363 69 759
2374 69 301
2385 69 208
2396 69 950
2407 69 781
2418 69 613
2429 69 403
2440 69 786
2451 69 994
2462 69 878
2473 69 915
2484 69 413
2495 69 320
2506 69 457
2517 69 69
2528 69 78
2539 69 751
2550 69 263
2561 69 411
2572 69 250
2583 69 855
2594 69 440
2605 69 971
2616 69 250
2627 69 671
2638 69 243
2649 69 411
2660 69 648
2671 69 794
2682 69 19
2693 69 857
2704 69 158
2715 69 990
2726 69 164
2737 69 594
2748 69 340
2759 69 381
2770 69 890
2781 69 885
2792 69 152
2803 69 817
2814 69 976
2825 69 306
2836 69 588
2847 69 948
2858 69 563
2869 69 189
2880 69 182
2891 69 562
2902 69 885
2913 69 260
2924 69 634
2935 69 344
2946 69 956
2957 69 185
2968 69 94
2979 69 88
2990 69 529
0 70 650
11 70 407
22 70 362
33 70 827
44 70 228
55 70 289
66 70 760
77 70 725
88 70 551
99 70 628
110 70 38
121 70 899
132 70 189
143 70 856
154 70 133
165 70 861
176 70 139
187 70 39
198 70 975
209 70 364
220 70 614
231 70 794
242 70 988
253 70 99
264 70 798
275 70 317
286 70 283
297 70 339
308 70 986
319 70 986
330 70 837
341 70 895
352 70 21
363 70 365
374 70 240
385 70 320
396 70 782
407 70 856
418 70 61
429 70 980
440 70 849
451 70 7
462 70 445
473 70 68
484 70 377
495 70 686
506 70 650
517 70 595
528 70 89
539 70 400
550 70 184
561 70 955
572 70 834
583 70 743
594 70 863
605 70 292
616 70 912
627 70 458
638 70 599
649 70 748
660 70 410
671 70 415
682 70 203
693 70 865
704 70 533
715 70 572
726 70 789
737 70 243
748 70 26
759 70 679
770 70 467
781 70 935
792 70 433
803 70 22
814 70 651
825 70 345
836 70 903
847 70 685
858 70 99
869 70 176
880 70 710
891 70 902
902 70 168
913 70 888
924 70 181
935 70 728
946 70 803
957 70 364
968 70 661
979 70 906
990 70 618
1001 70 447
1012 70 249
1023 70 316
1034 70 900
1045 70 21
1056 70 307
1067 70 172
1078 70 754
1089 70 682
1100 70 445
1111 70 573
1122 70 139
1133 70 176
1144 70 534
1155 70 816
1166 70 276
1177 70 874
1188 70 85
1199 70 423
1210 70 964
1221 70 858
1232 70 457
1243 70 307
1254 70 18
1265 70 383
1276 70 141
1287 70 108
1298 70 475
1309 70 385
1320 70 259
1331 70 907
1342 70 75
1353 70 598
1364 70 282
1375 70 362
1386 70 384
1397 70 599
1408 70 249
1419 70 453
1430 70 798
1441 70 939
1452 70 544
1463 70 777
1474 70 827
1485 70 425
1496 70 145
1507 70 199
1518 70 315
1529 70 533
1540 70 670
1551 70 482
1562 70 331
1573 70 911
1584 70 94
1595 70 122
1606 70 88
1617 70 666
1628 70 337
1639 70 539
1650 70 316
1661 70 875
1672 70 82
1683 70 536
1694 70 904
1705 70 12
1716 70 843
1727 70 325
1738 70 206
1749 70 897
1760 70 609
1771 70 337
1782 70 193
1793 70 858
1804 70 285
1815 70 505
1826 70 83
1837 70 237
1848 70 475
1859 70 223
1870 70 537
1881 70 173
1892 70 538
1903 70 40
1914 70 764
1925 70 178
1936 70 223
1947 70 159
1958 70 472
1969 70 237
1980 70 155
1991 70 117
2002 70 452
2013 70 190
2024 70 221
2035 70 773
2046 70 337
2057 70 432
2068 70 485
2079 70 94
2090 70 956
2101 70 568
2112 70 896
2123 70 209
2134 70 856
2145 70 288
2156 70 668
2167 70 95
2178 70 256
2189 70 375
2200 70 464
2211 70 336
2222 70 466
2233 70 227
2244 70 948
2255 70 440
2266 70 842
2277 70 328
2288 70 648
2299 70 3
2310 70 446
2321 70 853
2332 70 53
2343 70 918
2354 70 406
2365 70 182
2376 70 524
2387 70 464
2398 70 767
2409 70 241
2420 70 779
2431 70 533
2442 70 477
2453 70 500
2464 70 346
2475 70 38
2486 70 601
2497 70 157
2508 70 553
2519 70 262
2530 70 285
2541 70 604
2552 70 449
2563 70 12
2574 70 264
2585 70 704
2596 70 667
2607 70 620
2618 70 535
2629 70 3
2640 70 418
2651 70 916
2662 70 574
2673 70 833
2684 70 404
2695 70 304
2706 70 747
2717 70 198
2728 70 937
2739 70 807
2750 70 311
2761 70 860
2772 70 991
2783 70 539
2794 70 721
2805 70 642
2816 70 220
2827 70 878
2838 70 973
2849 70 211
2860 70 888
2871 70 924
2882 70 491
2893 70 288
2904 70 826
2915 70 648
2926 70 714
2937 70 873
2948 70 501
2959 70 473
2970 70 553
2981 70 944
2992 70 91
2 71 78
13 71 352
24 71 85
35 71 435
46 71 111
57 71 794
68 71 36
79 71 567
90 71 212
101 71 547
112 71 426
123 71 444
134 71 127
145 71 537
156 71 160
167 71 463
178 71 284
189 71 540
200 71 184
211 71 616
222 71 691
233 71 518
244 71 106
255 71 53
266 71 903
277 71 985
288 71 618
299 71 864
310 71 728
321 71 462
332 71 896
343 71 323
354 71 699
365 71 657
376 71 151
387 71 519
398 71 426
409 71 440
420 71 822
431 71 908
442 71 589
453 71 153
464 71 348
475 71 678
486 71 466
497 71 215
508 71 453
519 71 189
530 71 102
541 71 75
552 71 971
563 71 676
574 71 861
585 71 214
596 71 467
607 71 831
618 71 14
629 71 944
640 71 383
651 71 319
662 71 965
673 71 524
684 71 410
695 71 309
706 71 125
717 71 843
728 71 448
739 71 904
750 71 858
761 71 431
772 71 500
783 71 128
794 71 206
805 71 166
816 71 746
827 71 387
838 71 607
849 71 43
860 71 774
871 71 336
882 71 262
893 71 3
904 71 662
915 71 4
926 71 895
937 71 82
948 71 270
959 71 492
970 71 455
981 71 109
992 71 741
1003 71 270
1014 71 233
1025 71 603
1036 71 320
1047 71 700
1058 71 980
1069 71 876
1080 71 803
1091 71 228
1102 71 426
1113 71 731
1124 71 869
1135 71 720
1146 71 956
1157 71 494
1168 71 755
1179 71 152
1190 71 571
1201 71 703
1212 71 506
1223 71 943
1234 71 45
1245 71 121
1256 71 556
1267 71 157
1278 71 676
1289 71 674
1300 71 796
1311 71 559
1322 71 971
1333 71 774
1344 71 188
1355 71 944
1366 71 40
1377 71 322
1388 71 951
1399 71 717
1410 71 431
1421 71 586
1432 71 737
1443 71 833
1454 71 152
1465 71 371
1476 71 444
1487 71 935
1498 71 1
1509 71 953
1520 71 930
1531 71 805
1542 71 597
1553 71 477
1564 71 281
1575 71 794
1586 71 691
1597 71 869
1608 71 695
1619 71 32
1630 71 352
1641 71 347
1652 71 420
1663 71 673
1674 71 565
1685 71 355
1696 71 166
1707 71 678
1718 71 891
1729 71 776
1740 71 890
1751 71 345
1762 71 739
1773 71 519
1784 71 887
1795 71 309
1806 71 726
1817 71 616
1828 71 413
1839 71 52
1850 71 188
1861 71 526
1872 71 14
1883 71 490
1894 71 241
1905 71 537
1916 71 65
1927 71 595
1938 71 278
1949 71 35
1960 71 352
1971 71 303
1982 71 707
1993 71 463
2004 71 737
2015 71 63
2026 71 119
2037 71 488
2048 71 281
2059 71 677
2070 71 360
2081 71 476
2092 71 489
2103 71 798
2114 71 792
2125 71 849
2136 71 673
2147 71 601
2158 71 852
2169 71 324
2180 71 645
2191 71 268
2202 71 640
2213 71 458
2224 71 634
2235 71 113
2246 71 442
2257 71 969
2268 71 455
2279 71 93
2290 71 547
2301 71 38
2312 71 536
2323 71 877
2334 71 66
2345 71 136
2356 71 556
2367 71 112
2378 71 523
2389 71 712
2400 71 999
2411 71 274
2422 71 520
2433 71 380
2444 71 448
2455 71 271
2466 71 801
2477 71 578
2488 71 764
2499 71 607
2510 71 516
2521 71 445
2532 71 554
2543 71 655
2554 71 88
2565 71 348
2576 71 214
2587 71 106
2598 71 675
2609 71 990
2620 71 692
2631 71 418
2642 71 65
2653 71 396
2664 71 118
2675 71 388
2686 71 592
2697 71 449
2708 71 978
2719 71 494
2730 71 625
2741 71 592
2752 71 433
2763 71 436
2774 71 159
2785 71 784
2796 71 35
2807 71 695
2818 71 934
2829 71 117
2840 71 39
2851 71 122
2862 71 860
2873 71 502
2884 71 196
2895 71 658
2906 71 211
2917 71 554
2928 71 716
2939 71 408
2950 71 412
2961 71 86
2972 71 209
2983 71 651
2994 71 814
4 72 680
15 72 734
26 72 390
37 72 825
48 72 127
59 72 644
70 72 856
81 72 271
92 72 678
103 72 983
114 72 851
125 72 37
136 72 429
147 72 530
158 72 893
169 72 585
180 72 868
191 72 393
202 72 36
213 72 514
224 72 1
235 72 903
246 72 501
257 72 820
268 72 322
279 72 118
290 72 644
301 72 474
312 72 514
323 72 881
334 72 749
345 72 289
356 72 185
367 72 588
378 72 965
389 72 259
400 72 775
411 72 717
422 72 231
433 72 369
444 72 26
455 72 184
466 72 762
477 72 663
488 72 561
499 72 917
510 72 478
521 72 671
532 72 205
543 72 781
554 72 313
565 72 446
576 72 478
587 72 684
598 72 631
609 72 956
620 72 691
631 72 338
642 72 51
653 72 336
664 72 298
675 72 553
686 72 553
697 72 958
708 72 538
719 72 663
730 72 398
741 72 687
752 72 668
763 72 822
774 72 545
785 72 743
796 72 811
807 72 375
818 72 821
829 72 55
840 72 80
851 72 329
862 72 108
873 72 217
884 72 277
895 72 912
906 72 890
917 72 706
928 72 701
939 72 778
950 72 310
961 72 934
972 72 725
983 72 128
994 72 614
1005 72 192
1016 72 511
1027 72 321
1038 72 83
1049 72 592
1060 72 930
1071 72 982
1082 72 608
1093 72 696
1104 72 147
1115 72 813
1126 72 301
1137 72 596
1148 72 544
1159 72 449
1170 72 382
1181 72 662
1192 72 550
1203 72 694
1214 72 782
1225 72 347
1236 72 360
1247 72 243
1258 72 83
1269 72 372
1280 72 432
1291 72 73
1302 72 658
1313 72 695
1324 72 433
1335 72 508
1346 72 885
1357 72 574
1368 72 648
1379 72 124
1390 72 699
1401 72 561
1412 72 373
1423 72 757
1434 72 623
1445 72 659
1456 72 654
1467 72 743
1478 72 437
1489 72 709
1500 72 568
1511 72 403
1522 72 298
1533 72 666
1544 72 947
1555 72 56
1566 72 672
1577 72 403
1588 72 529
1599 72 783
1610 72 360
1621 72 786
1632 72 10
1643 72 501
1654 72 669
1665 72 455
1676 72 215
1687 72 746
1698 72 337
1709 72 146
1720 72 521
1731 72 219
1742 72 906
1753 72 906
1764 72 567
1775 72 677
1786 72 399
1797 72 782
1808 72 132
1819 72 568
1830 72 737
1841 72 306
1852 72 884
1863 72 923
1874 72 514
1885 72 933
1896 72 924
1907 72 491
1918 72 415
1929 72 903
1940 72 761
1951 72 548
1962 72 32
1973 72 672
1984 72 854
1995 72 840
2006 72 252
2017 72 110
2028 72 756
2039 72 603
2050 72 999
2061 72 134
2072 72 335
2083 72 854
2094 72 232
2105 72 839
2116 72 975
2127 72 173
2138 72 491
2149 72 265
2160 72 420
2171 72 769
2182 72 642
2193 72 134
2204 72 885
2215 72 89
2226 72 842
2237 72 394
2248 72 911
2259 72 544
2270 72 188
2281 72 345
2292 72 510
2303 72 356
2314 72 285
2325 72 440
2336 72 887
2347 72 431
2358 72 564
2369 72 344
2380 72 285
2391 72 243
2402 72 156
2413 72 400
2424 72 634
2435 72 901
2446 72 494
2457 72 887
2468 72 29
2479 72 715
2490 72 685
2501 72 497
2512 72 32
2523 72 549
2534 72 398
2545 72 560
2556 72 894
2567 72 138
2578 72 61
2589 72 912
2600 72 419
2611 72 212
2622 72 689
2633 72 553
2644 72 35
2655 72 896
2666 72 720
2677 72 16
2688 72 812
2699 72 827
2710 72 947
2721 72 338
2732 72 940
2743 72 883
2754 72 7
2765 72 956
2776 72 492
2787 72 474
2798 72 760
2809 72 56
2820 72 954
2831 72 57
2842 72 894
2853 72 527
2864 72 238
2875 72 629
2886 72 160
2897 72 653
2908 72 553
2919 72 507
2930 72 502
2941 72 48
2952 72 461
2963 72 349
2974 72 448
2985 72 245
2996 72 704
6 73 719
17 73 898
28 73 266
39 73 633
50 73 612
61 73 518
72 73 154
83 73 102
94 73 239
105 73 679
116 73 129
127 73 422
138 73 533
149 73 841
160 73 661
171 73 667
182 73 391
193 73 510
204 73 34
215 73 450
226 73 817
237 73 605
248 73 939
259 73 854
270 73 742
281 73 94
292 73 516
303 73 187
314 73 999
325 73 707
336 73 451
347 73 413
358 73 811
369 73 517
380 73 221
391 73 580
402 73 453
413 73 423
424 73 876
435 73 675
446 73 35
457 73 11
468 73 425
479 73 227
490 73 739
501 73 371
512 73 752
523 73 679
534 73 98
545 73 10
556 73 114
567 73 623
578 73 896
589 73 565
600 73 433
611 73 411
622 73 935
633 73 999
644 73 552
655 73 209
666 73 538
677 73 2
688 73 481
699 73 488
710 73 541
721 73 530
732 73 820
743 73 657
754 73 16
765 73 485
776 73 841
787 73 893
798 73 250
809 73 568
820 73 158
831 73 60
842 73 161
853 73 953
864 73 311
875 73 549
886 73 490
897 73 284
908 73 145
919 73 373
930 73 972
941 73 401
952 73 254
963 73 922
974 73 803
985 73 861
996 73 692
1007 73 546
1018 73 404
1029 73 208
1040 73 355
1051 73 448
1062 73 242
1073 73 626
1084 73 695
1095 73 783
1106 73 874
1117 73 97
1128 73 222
1139 73 475
1150 73 360
1161 73 979
1172 73 562
1183 73 830
1194 73 922
1205 73 483
1216 73 133
1227 73 56
1238 73 235
1249 73 177
1260 73 216
1271 73 557
1282 73 309
1293 73 795
1304 73 255
1315 73 869
1326 73 157
1337 73 617
1348 73 866
1359 73 493
1370 73 153
1381 73 189
1392 73 718
1403 73 458
1414 73 518
1425 73 267
1436 73 276
1447 73 325
1458 73 966
1469 73 283
1480 73 36
1491 73 276
1502 73 225
1513 73 193
1524 73 895
1535 73 850
1546 73 434
1557 73 254
1568 73 663
1579 73 620
1590 73 351
1601 73 241
1612 73 189
1623 73 915
1634 73 422
1645 73 493
1656 73 456
1667 73 231
1678 73 563
1689 73 186
1700 73 386
1711 73 547
1722 73 919
1733 73 664
1744 73 521
1755 73 894
1766 73 45
1777 73 543
1788 73 553
1799 73 895
1810 73 327
1821 73 859
1832 73 493
1843 73 29
1854 73 302
1865 73 418
1876 73 387
1887 73 869
1898 73 999
1909 73 614
1920 73 329
1931 73 126
1942 73 139
1953 73 945
1964 73 116
1975 73 50
1986 73 554
1997 73 473
2008 73 71
2019 73 582
2030 73 714
2041 73 161
2052 73 553
2063 73 775
2074 73 391
2085 73 674
2096 73 310
2107 73 136
2118 73 311
2129 73 171
2140 73 730
2151 73 422
2162 73 331
2173 73 345
2184 73 160
2195 73 325
2206 73 453
2217 73 947
2228 73 760
2239 73 432
2250 73 740
2261 73 936
2272 73 777
2283 73 145
2294 73 355
2305 73 658
2316 73 398
2327 73 444
2338 73 542
2349 73 808
2360 73 109
2371 73 572
2382 73 19
2393 73 385
2404 73 123
2415 73 825
2426 73 239
2437 73 901
2448 73 748
2459 73 267
2470 73 526
2481 73 414
2492 73 359
2503 73 908
2514 73 491
2525 73 916
2536 73 99
2547 73 182
2558 73 831
2569 73 766
2580 73 258
2591 73 345
2602 73 128
2613 73 559
2624 73 884
2635 73 634
2646 73 223
2657 73 637
2668 73 611
2679 73 804
2690 73 116
2701 73 298
2712 73 253
2723 73 188
2734 73 668
2745 73 888
2756 73 521
2767 73 675
2778 73 532
2789 73 194
2800 73 652
2811 73 37
2822 73 119
2833 73 745
2844 73 842
2855 73 69
2866 73 355
2877 73 135
2888 73 5
2899 73 510
2910 73 433
2921 73 240
2932 73 194
2943 73 278
2954 73 517
2965 73 44
2976 73 160
2987 73 657
2998 73 992
8 74 732
19 74 774
30 74 618
41 74 970
52 74 641
63 74 541
74 74 542
85 74 896
96 74 609
107 74 187
118 74 521
129 74 265
140 74 645
151 74 940
162 74 637
173 74 831
184 74 851
195 74 777
206 74 877
217 74 148
228 74 818
239 74 227
250 74 934
261 74 744
272 74 270
283 74 233
294 74 852
305 74 365
316 74 813
327 74 14
338 74 732
349 74 707
360 74 60
371 74 778
382 74 577
393 74 997
404 74 932
415 74 183
426 74 448
437 74 583
448 74 554
459 74 390
470 74 516
481 74 53
492 74 315
503 74 964
514 74 817
525 74 402
536 74 787
547 74 102
558 74 568
569 74 316
580 74 891
591 74 470
602 74 933
613 74 96
624 74 619
635 74 965
646 74 632
657 74 986
668 74 446
679 74 51
690 74 359
701 74 850
712 74 219
723 74 677
734 74 394
745 74 288
756 74 390
767 74 770
778 74 78
789 74 380
800 74 771
811 74 313
822 74 365
833 74 424
844 74 58
855 74 677
866 74 184
877 74 897
888 74 728
899 74 590
910 74 261
921 74 126
932 74 976
943 74 149
954 74 183
965 74 887
976 74 59
987 74 490
998 74 331
1009 74 808
1020 74 498
1031 74 142
1042 74 836
1053 74 477
1064 74 346
1075 74 60
1086 74 778
1097 74 482
1108 74 439
1119 74 685
1130 74 69
1141 74 369
1152 74 733
1163 74 108
1174 74 203
1185 74 813
1196 74 682
1207 74 182
1218 74 112
1229 74 934
1240 74 321
1251 74 843
1262 74 196
1273 74 523
1284 74 149
1295 74 264
1306 74 119
1317 74 765
1328 74 472
1339 74 976
1350 74 749
1361 74 239
1372 74 274
1383 74 58
1394 74 959
1405 74 516
1416 74 951
1427 74 558
1438 74 659
1449 74 177
1460 74 448
1471 74 356
1482 74 565
1493 74 887
1504 74 595
1515 74 647
1526 74 394
1537 74 968
1548 74 546
1559 74 263
1570 74 640
1581 74 605
1592 74 783
1603 74 860
1614 74 642
1625 74 960
1636 74 422
1647 74 462
1658 74 83
1669 74 77
1680 74 821
1691 74 147
1702 74 79
1713 74 427
1724 74 698
1735 74 103
1746 74 407
1757 74 83
1768 74 974
1779 74 844
1790 74 51
1801 74 225
1812 74 631
1823 74 470
1834 74 104
1845 74 641
1856 74 937
1867 74 425
1878 74 946
1889 74 911
1900 74 398
1911 74 833
1922 74 538
1933 74 469
1944 74 989
1955 74 535
1966 74 41
1977 74 605
1988 74 847
1999 74 82
2010 74 298
2021 74 174
2032 74 233
2043 74 715
2054 74 215
2065 74 501
2076 74 576
2087 74 304
2098 74 213
2109 74 37
2120 74 720
2131 74 738
2142 74 542
2153 74 734
2164 74 349
2175 74 877
2186 74 851
2197 74 480
2208 74 702
2219 74 112
2230 74 666
2241 74 413
2252 74 264
2263 74 340
2274 74 124
2285 74 967
2296 74 665
2307 74 781
2318 74 490
2329 74 641
2340 74 788
2351 74 245
2362 74 546
2373 74 711
2384 74 737
2395 74 242
2406 74 571
2417 74 876
2428 74 184
2439 74 420
2450 74 315
2461 74 778
2472 74 571
2483 74 689
2494 74 173
2505 74 460
2516 74 734
2527 74 171
2538 74 405
2549 74 164
2560 74 537
2571 74 508
2582 74 893
2593 74 73
2604 74 875
2615 74 367
2626 74 897
2637 74 868
2648 74 803
2659 74 889
2670 74 939
2681 74 223
2692 74 38
2703 74 368
2714 74 309
2725 74 846
2736 74 356
2747 74 169
2758 74 920
2769 74 890
2780 74 701
2791 74 456
2802 74 21
2813 74 552
2824 74 445
2835 74 793
2846 74 723
2857 74 890
2868 74 81
2879 74 781
2890 74 658
2901 74 342
2912 74 48
2923 74 518
2934 74 485
2945 74 241
2956 74 923
2967 74 785
2978 74 930
2989 74 121
10 75 518
21 75 752
32 75 497
43 75 862
54 75 517
65 75 56
76 75 462
87 75 803
98 75 83
109 75 276
120 75 371
131 75 365
142 75 240
153 75 795
164 75 437
175 75 865
186 75 471
197 75 326
208 75 315
219 75 584
230 75 149
241 75 893
252 75 206
263 75 497
274 75 24
285 75 161
296 75 91
307 75 273
318 75 228
329 75 21
340 75 631
351 75 522
362 75 861
373 75 508
384 75 221
395 75 116
406 75 202
417 75 996
428 75 276
439 75 825
450 75 778
461 75 149
472 75 955
483 75 269
494 75 90
505 75 289
516 75 11
527 75 490
538 75 523
549 75 779
560 75 112
571 75 270
582 75 520
593 75 637
604 75 891
615 75 933
626 75 803
637 75 925
648 75 394
659 75 401
670 75 414
681 75 85
692 75 621
703 75 167
714 75 899
725 75 913
736 75 465
747 75 726
758 75 754
769 75 864
780 75 571
791 75 260
802 75 580
813 75 179
824 75 533
835 75 809
846 75 826
857 75 259
868 75 664
879 75 34
890 75 810
901 75 276
912 75 91
923 75 589
934 75 780
945 75 680
956 75 741
967 75 497
978 75 156
989 75 48
1000 75 687
1011 75 829
1022 75 69
1033 75 183
1044 75 844
1055 75 469
1066 75 306
1077 75 112
1088 75 245
1099 75 933
1110 75 128
1121 75 431
1132 75 95
1143 75 800
1154 75 560
1165 75 454
1176 75 950
1187 75 269
1198 75 548
1209 75 829
1220 75 765
1231 75 14
1242 75 340
1253 75 37
1264 75 74
1275 75 132
1286 75 647
1297 75 512
1308 75 66
1319 75 387
1330 75 176
1341 75 728
1352 75 674
1363 75 780
1374 75 110
1385 75 564
1396 75 452
1407 75 929
1418 75 188
1429 75 442
1440 75 634
1451 75 712
1462 75 324
1473 75 636
1484 75 289
1495 75 329
1506 75 844
1517 75 971
1528 75 165
1539 75 784
1550 75 185
1561 75 218
1572 75 314
1583 75 510
1594 75 343
1605 75 801
1616 75 448
1627 75 727
1638 75 684
1649 75 177
1660 75 789
1671 75 785
1682 75 663
1693 75 965
1704 75 709
1715 75 409
1726 75 944
1737 75 220
1748 75 771
1759 75 145
1770 75 321
1781 75 941
1792 75 843
1803 75 576
1814 75 644
1825 75 570
1836 75 995
1847 75 224
1858 75 657
1869 75 656
1880 75 159
1891 75 272
1902 75 66
1913 75 498
1924 75 205
1935 75 260
1946 75 330
1957 75 719
1968 75 850
1979 75 307
1990 75 265
2001 75 559
2012 75 53
2023 75 9
2034 75 586
2045 75 436
2056 75 394
2067 75 785
2078 75 134
2089 75 620
2100 75 794
2111 75 611
2122 75 417
2133 75 46
2144 75 245
2155 75 332
2166 75 178
2177 75 38
2188 75 417
2199 75 669
2210 75 43
2221 75 559
2232 75 246
2243 75 76
2254 75 773
2265 75 243
2276 75 68
2287 75 391
2298 75 511
2309 75 767
2320 75 472
2331 75 468
2342 75 696
2353 75 946
2364 75 665
2375 75 525
2386 75 83
2397 75 202
2408 75 362
2419 75 22
2430 75 445
2441 75 506
2452 75 140
2463 75 33
2474 75 686
2485 75 96
2496 75 389
2507 75 435
2518 75 818
2529 75 109
2540 75 498
2551 75 1000
2562 75 232
2573 75 336
2584 75 770
2595 75 911
2606 75 442
2617 75 933
2628 75 911
2639 75 480
2650 75 556
2661 75 923
2672 75 169
2683 75 758
2694 75 483
2705 75 296
2716 75 42
2727 75 118
2738 75 850
2749 75 372
2760 75 183
2771 75 833
2782 75 686
2793 75 763
2804 75 866
2815 75 467
2826 75 8
2837 75 897
2848 75 64
2859 75 712
2870 75 860
2881 75 800
2892 75 675
2903 75 232
2914 75 637
2925 75 387
2936 75 411
2947 75 94
2958 75 912
2969 75 169
2980 75 161
2991 75 677
1 76 958
12 76 234
23 76 400
34 76 648
45 76 528
56 76 988
67 76 551
78 76 206
89 76 10
100 76 216
111 76 709
122 76 752
133 76 14
144 76 811
155 76 948
166 76 453
177 76 414
188 76 234
199 76 153
210 76 890
221 76 537
232 76 642
243 76 227
254 76 359
265 76 456
276 76 787
287 76 42
298 76 485
309 76 328
320 76 251
331 76 832
342 76 250
353 76 819
364 76 923
375 76 982
386 76 295
397 76 236
408 76 463
419 76 822
430 76 307
441 76 873
452 76 529
463 76 511
474 76 641
485 76 733
496 76 840
507 76 283
518 76 193
529 76 984
540 76 429
551 76 623
562 76 887
573 76 974
584 76 139
595 76 979
606 76 928
617 76 32
628 76 498
639 76 901
650 76 650
661 76 246
672 76 708
683 76 512
694 76 968
705 76 13
716 76 457
727 76 333
738 76 345
749 76 813
760 76 692
771 76 421
782 76 814
793 76 636
804 76 53
815 76 229
826 76 600
837 76 491
848 76 441
859 76 972
870 76 243
881 76 486
892 76 175
903 76 740
914 76 566
925 76 164
936 76 554
947 76 287
958 76 958
969 76 158
980 76 940
991 76 919
1002 76 184
1013 76 327
1024 76 84
1035 76 20
1046 76 584
1057 76 750
1068 76 140
1079 76 213
1090 76 920
1101 76 532
1112 76 477
1123 76 677
1134 76 791
1145 76 173
1156 76 86
1167 76 908
1178 76 757
1189 76 28
1200 76 83
1211 76 777
1222 76 17
1233 76 279
1244 76 279
1255 76 843
1266 76 390
1277 76 339
1288 76 304
1299 76 705
1310 76 91
1321 76 998
1332 76 57
1343 76 450
1354 76 561
1365 76 134
1376 76 244
1387 76 778
1398 76 720
1409 76 867
1420 76 132
1431 76 669
1442 76 570
1453 76 597
1464 76 853
1475 76 531
1486 76 377
1497 76 89
1508 76 462
1519 76 25
1530 76 845
1541 76 888
1552 76 393
1563 76 492
1574 76 973
1585 76 509
1596 76 262
1607 76 571
1618 76 726
1629 76 348
1640 76 401
1651 76 728
1662 76 241
1673 76 992
1684 76 286
1695 76 505
1706 76 732
1717 76 922
1728 76 961
1739 76 822
1750 76 812
1761 76 94
1772 76 708
1783 76 762
1794 76 510
1805 76 99
1816 76 971
1827 76 660
1838 76 346
1849 76 326
1860 76 44
1871 76 667
1882 76 644
1893 76 489
1904 76 115
1915 76 177
1926 76 880
1937 76 327
1948 76 318
1959 76 584
1970 76 87
1981 76 209
1992 76 710
2003 76 638
2014 76 892
2025 76 309
2036 76 582
2047 76 450
2058 76 714
2069 76 349
2080 76 958
2091 76 896
2102 76 425
2113 76 300
2124 76 288
2135 76 225
2146 76 67
2157 76 274
2168 76 95
2179 76 388
2190 76 889
2201 76 638
2212 76 533
2223 76 16
2234 76 108
2245 76 825
2256 76 745
2267 76 951
2278 76 249
2289 76 901
2300 76 157
2311 76 601
2322 76 841
2333 76 823
2344 76 317
2355 76 67
2366 76 78
2377 76 629
2388 76 965
2399 76 670
2410 76 705
2421 76 980
2432 76 265
2443 76 791
2454 76 211
2465 76 609
2476 76 752
2487 76 68
2498 76 501
2509 76 747
2520 76 979
2531 76 650
2542 76 864
2553 76 2
2564 76 383
2575 76 464
2586 76 84
2597 76 249
2608 76 531
2619 76 618
2630 76 453
2641 76 414
2652 76 406
2663 76 518
2674 76 812
2685 76 201
2696 76 639
2707 76 176
2718 76 778
2729 76 284
2740 76 138
2751 76 990
2762 76 523
2773 76 424
2784 76 707
2795 76 293
2806 76 591
2817 76 51
2828 76 644
2839 76 583
2850 76 606
2861 76 111
2872 76 905
2883 76 394
2894 76 268
2905 76 828
2916 76 159
2927 76 604
2938 76 995
2949 76 735
2960 76 473
2971 76 971
2982 76 674
2993 76 884
3 77 730
14 77 750
25 77 234
36 77 370
47 77 742
58 77 796
69 77 340
80 77 48
91 77 326
102 77 841
113 77 252
124 77 397
135 77 954
146 77 793
157 77 621
168 77 420
179 77 453
190 77 845
201 77 948
212 77 982
223 77 962
234 77 588
245 77 725
256 77 125
267 77 661
278 77 43
289 77 480
300 77 459
311 77 552
322 77 95
333 77 692
344 77 327
355 77 302
366 77 66
377 77 333
388 77 825
399 77 419
410 77 318
421 77 235
432 77 899
443 77 323
454 77 283
465 77 788
476 77 369
487 77 729
498 77 255
509 77 855
520 77 192
531 77 437
542 77 900
553 77 918
564 77 656
575 77 378
586 77 315
597 77 173
608 77 191
619 77 314
630 77 868
641 77 581
652 77 595
663 77 754
674 77 296
685 77 532
696 77 857
707 77 690
718 77 52
729 77 82
740 77 772
751 77 684
762 77 911
773 77 395
784 77 271
795 77 270
806 77 400
817 77 91
828 77 590
839 77 544
850 77 891
861 77 748
872 77 2
883 77 897
894 77 333
905 77 509
916 77 170
927 77 332
938 77 779
949 77 253
960 77 636
971 77 520
982 77 169
993 77 748
1004 77 461
1015 77 740
1026 77 944
1037 77 518
1048 77 735
1059 77 370
1070 77 365
1081 77 946
1092 77 680
1103 77 910
1114 77 237
1125 77 103
1136 77 827
1147 77 913
1158 77 57
1169 77 755
1180 77 934
1191 77 114
1202 77 932
1213 77 526
1224 77 211
1235 77 811
1246 77 65
1257 77 735
1268 77 902
1279 77 96
1290 77 42
1301 77 487
1312 77 329
1323 77 770
1334 77 602
1345 77 244
1356 77 118
1367 77 538
1378 77 817
1389 77 340
1400 77 440
1411 77 906
1422 77 48
1433 77 112
1444 77 244
1455 77 802
1466 77 409
1477 77 401
1488 77 130
1499 77 622
1510 77 76
1521 77 903
1532 77 808
1543 77 482
1554 77 148
1565 77 699
1576 77 665
1587 77 96
1598 77 903
1609 77 179
1620 77 477
1631 77 641
1642 77 983
1653 77 599
1664 77 290
1675 77 385
1686 77 650
1697 77 396
1708 77 207
1719 77 539
1730 77 923
1741 77 413
1752 77 705
1763 77 163
1774 77 72
1785 77 5
1796 77 439
1807 77 345
1818 77 31
1829 77 583
1840 77 104
1851 77 257
1862 77 165
1873 77 791
1884 77 324
1895 77 672
1906 77 143
1917 77 777
1928 77 59
1939 77 253
1950 77 333
1961 77 463
1972 77 779
1983 77 855
1994 77 924
2005 77 176
2016 77 839
2027 77 341
2038 77 44
2049 77 12
2060 77 902
2071 77 323
2082 77 786
2093 77 910
2104 77 954
2115 77 814
2126 77 418
2137 77 504
2148 77 349
2159 77 817
2170 77 343
2181 77 911
2192 77 937
2203 77 969
2214 77 915
2225 77 687
2236 77 790
2247 77 403
2258 77 629
2269 77 752
2280 77 547
2291 77 714
2302 77 943
2313 77 492
2324 77 837
2335 77 203
2346 77 176
2357 77 402
2368 77 898
2379 77 460
2390 77 288
2401 77 325
2412 77 622
2423 77 812
2434 77 160
2445 77 741
2456 77 526
2467 77 568
2478 77 958
2489 77 428
2500 77 632
2511 77 454
2522 77 632
2533 77 726
2544 77 717
2555 77 133
2566 77 918
2577 77 994
2588 77 840
2599 77 826
2610 77 183
2621 77 959
2632 77 155
2643 77 608
2654 77 805
2665 77 735
2676 77 996
2687 77 237
2698 77 74
2709 77 351
2720 77 107
2731 77 146
2742 77 612
2753 77 723
2764 77 485
2775 77 631
2786 77 746
2797 77 464
2808 77 524
2819 77 52
2830 77 86
2841 77 94
2852 77 530
2863 77 218
2874 77 852
2885 77 548
2896 77 508
2907 77 641
2918 77 694
2929 77 373
2940 77 75
2951 77 953
2962 77 346
2973 77 666
2984 77 222
2995 77 716
5 78 293
16 78 541
27 78 259
38 78 444
49 78 686
60 78 902
71 78 977
82 78 842
93 78 95
104 78 903
115 78 788
126 78 922
137 78 645
148 78 605
159 78 154
170 78 784
181 78 164
192 78 377
203 78 277
214 78 201
225 78 219
236 78 973
247 78 448
258 78 261
269 78 116
280 78 388
291 78 686
302 78 991
313 78 63
324 78 828
335 78 445
346 78 56
357 78 340
368 78 323
379 78 615
390 78 676
401 78 921
412 78 772
423 78 86
434 78 966
445 78 709
456 78 260
467 78 596
478 78 549
489 78 800
500 78 144
511 78 471
522 78 54
533 78 836
544 78 821
555 78 74
566 78 82
577 78 311
588 78 951
599 78 566
610 78 70
621 78 223
632 78 768
643 78 754
654 78 221
665 78 153
676 78 480
687 78 902
698 78 999
709 78 179
720 78 200
731 78 166
742 78 556
753 78 145
764 78 943
775 78 717
786 78 935
797 78 902
808 78 177
819 78 684
830 78 781
841 78 88
852 78 442
863 78 373
874 78 16
885 78 732
896 78 731
907 78 155
918 78 667
929 78 133
940 78 880
951 78 299
962 78 350
973 78 346
984 78 244
995 78 578
1006 78 601
1017 78 86
1028 78 397
1039 78 531
1050 78 671
1061 78 279
1072 78 962
1083 78 427
1094 78 874
1105 78 344
1116 78 492
1127 78 903
1138 78 640
1149 78 425
1160 78 441
1171 78 985
1182 78 797
1193 78 623
1204 78 761
1215 78 857
1226 78 212
1237 78 30
1248 78 493
1259 78 596
1270 78 213
1281 78 479
1292 78 937
1303 78 379
1314 78 553
1325 78 582
1336 78 759
1347 78 440
1358 78 941
1369 78 922
1380 78 75
1391 78 638
1402 78 415
1413 78 826
1424 78 675
1435 78 726
1446 78 852
1457 78 762
1468 78 490
1479 78 395
1490 78 595
1501 78 972
1512 78 460
1523 78 435
1534 78 220
1545 78 254
1556 78 96
1567 78 288
1578 78 457
1589 78 842
1600 78 38
1611 78 126
1622 78 72
1633 78 563
1644 78 655
1655 78 209
1666 78 760
1677 78 484
1688 78 79
1699 78 515
1710 78 736
1721 78 922
1732 78 714
1743 78 276
1754 78 811
1765 78 659
1776 78 987
1787 78 109
1798 78 470
1809 78 525
1820 78 715
1831 78 413
1842 78 550
1853 78 855
1864 78 883
1875 78 421
1886 78 803
1897 78 29
1908 78 1000
1919 78 739
1930 78 926
1941 78 741
1952 78 921
1963 78 710
1974 78 581
1985 78 323
1996 78 556
2007 78 385
2018 78 704
2029 78 825
2040 78 534
2051 78 354
2062 78 759
2073 78 591
2084 78 92
2095 78 86
2106 78 496
2117 78 396
2128 78 366
2139 78 981
2150 78 12
2161 78 466
2172 78 178
2183 78 430
2194 78 98
2205 78 387
2216 78 335
2227 78 204
2238 78 402
2249 78 431
2260 78 199
2271 78 46
2282 78 408
2293 78 188
2304 78 216
2315 78 31
2326 78 577
2337 78 770
2348 78 734
2359 78 719
2370 78 508
2381 78 287
2392 78 182
2403 78 128
2414 78 513
2425 78 282
2436 78 169
2447 78 863
2458 78 310
2469 78 106
2480 78 374
2491 78 156
2502 78 288
2513 78 517
2524 78 920
2535 78 253
2546 78 370
2557 78 628
2568 78 222
2579 78 162
2590 78 427
2601 78 88
2612 78 84
2623 78 300
2634 78 348
2645 78 186
2656 78 139
2667 78 712
2678 78 922
2689 78 792
2700 78 965
2711 78 348
2722 78 38
2733 78 977
2744 78 814
2755 78 852
2766 78 353
2777 78 669
2788 78 915
2799 78 824
2810 78 131
2821 78 464
2832 78 179
2843 78 237
2854 78 565
2865 78 891
2876 78 65
2887 78 279
2898 78 47
2909 78 188
2920 78 823
2931 78 989
2942 78 100
2953 78 584
2964 78 190
2975 78 629
2986 78 488
2997 78 90
7 79 933
18 79 483
29 79 171
40 79 875
51 79 993
62 79 724
73 79 821
84 79 540
95 79 494
106 79 597
117 79 368
128 79 741
139 79 657
150 79 547
161 79 269
172 79 905
183 79 256
194 79 651
205 79 979
216 79 659
227 79 239
238 79 10
249 79 735
260 79 35
271 79 317
282 79 603
293 79 897
304 79 104
315 79 465
326 79 225
337 79 141
348 79 469
359 79 537
370 79 877
381 79 721
392 79 868
403 79 661
414 79 837
425 79 652
436 79 117
447 79 689
458 79 539
469 79 511
480 79 229
491 79 751
502 79 3
513 79 528
524 79 994
535 79 470
546 79 441
557 79 582
568 79 216
579 79 720
590 79 571
601 79 679
612 79 304
623 79 478
634 79 472
645 79 57
656 79 908
667 79 798
678 79 219
689 79 664
700 79 60
711 79 721
722 79 717
733 79 152
744 79 649
755 79 640
766 79 477
777 79 625
788 79 885
799 79 603
810 79 757
821 79 455
832 79 635
843 79 5
854 79 147
865 79 149
876 79 22
887 79 769
898 79 350
909 79 545
920 79 975
931 79 592
942 79 561
953 79 202
964 79 740
975 79 731
986 79 419
997 79 900
1008 79 475
1019 79 20
1030 79 832
1041 79 808
1052 79 707
1063 79 539
1074 79 606
1085 79 848
1096 79 688
1107 79 695
1118 79 199
1129 79 58
1140 79 231
1151 79 699
1162 79 81
1173 79 508
1184 79 366
1195 79 416
1206 79 419
1217 79 525
1228 79 289
1239 79 885
1250 79 386
1261 79 816
1272 79 367
1283 79 846
1294 79 843
1305 79 45
1316 79 838
1327 79 146
1338 79 182
1349 79 176
1360 79 691
1371 79 684
1382 79 127
1393 79 136
1404 79 631
1415 79 883
1426 79 927
1437 79 762
1448 79 255
1459 79 141
1470 79 652
1481 79 677
1492 79 470
1503 79 991
1514 79 554
1525 79 150
1536 79 792
1547 79 223
1558 79 668
1569 79 124
1580 79 34
1591 79 348
1602 79 614
1613 79 404
1624 79 652
1635 79 577
1646 79 147
1657 79 420
1668 79 804
1679 79 510
1690 79 742
1701 79 524
1712 79 225
1723 79 627
1734 79 625
1745 79 166
1756 79 471
1767 79 280
1778 79 630
1789 79 211
1800 79 34
1811 79 847
1822 79 58
1833 79 455
1844 79 428
1855 79 35
1866 79 298
1877 79 628
1888 79 768
1899 79 463
1910 79 845
1921 79 147
1932 79 247
1943 79 733
1954 79 257
1965 79 921
1976 79 967
1987 79 201
1998 79 890
2009 79 272
2020 79 601
2031 79 641
2042 79 972
2053 79 506
2064 79 9
2075 79 797
2086 79 548
2097 79 210
2108 79 775
2119 79 130
2130 79 114
2141 79 216
2152 79 171
2163 79 406
2174 79 230
2185 79 986
2196 79 557
2207 79 249
2218 79 487
2229 79 399
2240 79 445
2251 79 25
2262 79 481
2273 79 708
2284 79 31
2295 79 966
2306 79 949
2317 79 381
2328 79 902
2339 79 672
2350 79 114
2361 79 32
2372 79 962
2383 79 252
2394 79 725
2405 79 483
2416 79 715
2427 79 133
2438 79 905
2449 79 75
2460 79 496
2471 79 207
2482 79 272
2493 79 247
2504 79 150
2515 79 351
2526 79 324
2537 79 500
2548 79 652
2559 79 585
2570 79 355
2581 79 54
2592 79 575
2603 79 59
2614 79 353
2625 79 362
2636 79 378
2647 79 216
2658 79 547
2669 79 174
2680 79 927
2691 79 123
2702 79 899
2713 79 411
2724 79 932
2735 79 165
2746 79 461
2757 79 360
2768 79 548
2779 79 760
2790 79 433
2801 79 899
2812 79 745
2823 79 397
2834 79 610
2845 79 169
2856 79 48
2867 79 989
2878 79 573
2889 79 770
2900 79 165
2911 79 99
2922 79 939
2933 79 528
2944 79 60
2955 79 723
2966 79 387
2977 79 431
2988 79 368
2999 79 631