3000 80 21818 15 2000
301 42 289 35 408 415 429 254 419 171 100 47 266 240 126 478 456 116 262 460 138 269 312 493 278 62 338 123 315 432 39 360 362 185 77 258 44 327 433 228 204 126 493 77 330 215 121 453 93 352 320 237 37 139 59 496 227 364 343 469 11 156 394 163 482 384 63 317 491 365 289 370 353 302 438 132 327 195 111 12 371 45 289 275 399 128 28 243 319 404 38 417 327 234 95 368 277 337 297 413 384 323 13 281 160 483 263 308 282 103 403 443 414 461 225 291 258 194 125 127 181 32 91 83 470 247 12 428 142 368 363 227 493 402 252 357 209 245 19 280 98 175 289 326 359 153 55 425 248 224 461 115 72 325 119 189 363 63 371 150 43 477 331 71 220 463 155 468 378 71 95 182 454 272 107 217 396 161 438 494 67 456 251 296 360 30 244 268 360 205 109 60 66 129 273 419 49 214 377 422 21 197 446 222 271 74 199 253 391 28 50 461 495 200 164 158 11 357 381 128 23 368 486 211 354 400 55 159 328 157 342 329 371 464 434 489 74 313 73 58 63 34 301 294 479 357 342 322 20 311 110 319 45 122 38 39 226 157 410 297 38 294 120 331 215 33 288 488 20 467 159 47 21 414 15 346 260 398 53 418 69 56 24 295 320 188 308 280 142 258 455 496 379 354 443 176 325 121 413 269 274 342 160 425 115 165 86 477 241 234 82 387 188 146 489 265 145 182 331 362 40 280 12 280 16 292 414 439 67 360 327 37 350 269 385 411 484 494 119 277 398 31 387 448 243 118 173 136 361 118 443 14 383 312 207 232 371 255 159 30 480 188 260 153 189 54 40 180 246 244 307 459 271 180 224 475 379 325 126 140 21 39 103 394 306 195 164 444 325 20 50 477 473 184 476 189 461 193 29 454 252 36 55 317 368 301 399 428 40 467 489 470 180 433 256 110 313 388 371 254 37 154 17 284 15 287 400 62 185 417 236 433 480 201 117 115 492 303 237 425 48 449 339 279 365 466 482 52 141 423 67 105 90 83 496 16 128 159 367 488 158 469 219 204 111 198 204 48 218 383 101 479 488 135 269 449 181 47 419 66 311 55 280 377 421 242 398 43 271 398 90 61 67 232 98 395 332 134 476 389 169 225 362 307 98 285 332 430 117 158 293 85 382 213 167 165 207 215 248 478 481 154 388 14 406 103 35 103 220 205 270 189 158 341 267 477 111 307 21 122 21 148 126 151 94 65 117 121 245 31 133 471 397 499 305 181 172 385 395 51 340 146 440 257 273 392 206 143 431 462 211 375 250 250 95 126 168 150 308 148 364 198 222 116 391 265 25 124 137 50 218 386 94 32 161 237 173 144 164 46 351 380 116 447 237 98 420 352 60 397 311 448 115 265 303 370 265 230 394 273 89 105 368 425 364 291 243 179 166 383 202 488 34 472 108 291 490 59 383 225 337 80 378 332 486 477 316 164 167 51 374 320 173 245 342 137 379 258 53 229 78 377 73 153 84 267 340 56 416 477 311 415 182 185 83 332 375 144 66 460 429 342 421 14 283 61 147 274 395 231 376 258 323 487 61 369 247 357 339 380 477 121 76 293 241 471 320 331 120 261 481 224 294 355 17 155 125 267 234 98 43 164 11 432 57 143 198 195 166 12 113 403 348 295 407 136 282 449 296 215 463 472 108 293 424 74 221 471 224 245 103 264 162 107 195 428 26 178 349 107 172 60 221 15 297 179 225 171 68 377 472 362 437 160 485 171 227 459 135 341 97 468 437 386 396 246 389 161 320 215 436 42 101 47 10 286 216 69 269 295 494 250 412 306 308 207 320 306 445 96 112 241 123 389 58 256 101 413 332 225 18 126 427 500 118 479 148 351 374 468 354 225 303 250 485 274 50 360 270 212 427 31 55 483 464 157 13 435 100 66 59 244 119 57 193 262 118 146 326 174 200 76 351 174 280 122 118 369 329 413 149 59 327 316 255 348 307 272 109 238 129 308 383 488 107 315 267 493 222 337 114 311 466 263 489 42 20 94 389 65 119 339 493 242 184 293 371 57 332 207 419 441 10 88 310 173 23 178 460 319 404 120 329 315 444 121 455 162 178 224 411 172 93 183 285 92 464 15 343 166 446 14 168 111 498 343 286 224 462 46 200 210 27 150 49 166 176 417 31 377 344 332 199 218 159 350 208 212 159 244 48 155 436 461 182 305 139 199 114 438 78 218 393 130 487 454 105 115 41 343 94 173 114 395 320 432 155 97 402 476 55 153 140 83 365 418 283 207 186 428 106 192 135 482 150 196 26 488 50 66 463 243 24 27 483 489 30 326 54 253 33 294 196 310 68 49 174 122 495 142 404 217 333 110 103 378 335 70 383 53 67 153 17 309 29 187 35 434 102 35 500 21 201 427 272 491 289 286 113 141 320 284 259 129 429 481 280 88 292 498 169 443 377 27 39 185 420 392 119 119 341 185 171 77 394 53 334 494 114 315 391 34 497 166 180 272 312 453 110 308 131 265 398 492 470 431 452 64 111 36 384 337 334 380 92 438 213 160 471 311 298 149 220 210 222 211 22 170 86 148 415 158 66 169 42 362 483 199 255 379 426 350 415 477 496 356 122 334 76 257 375 244 475 190 414 122 190 69 70 365 258 157 382 391 254 361 495 134 157 461 121 333 139 500 459 14 139 313 336 400 384 200 350 232 221 110 381 274 99 404 160 145 25 337 470 65 386 360 457 488 487 235 493 37 61 418 408 482 336 74 241 497 126 73 435 361 39 308 419 167 433 177 134 51 225 47 154 441 143 160 411 456 195 113 35 265 325 180 469 228 277 452 86 128 438 458 33 140 460 244 20 290 223 283 371 158 376 168 408 112 250 425 311 94 483 64 305 129 311 160 287 71 316 186 433 234 365 446 314 108 302 139 24 180 492 357 318 335 449 57 315 71 437 175 487 485 378 448 163 311 216 32 346 168 23 324 134 94 98 439 150 171 150 285 204 38 431 301 148 353 237 86 489 183 355 217 233 59 445 455 445 87 338 52 160 61 230 173 238 153 453 128 450 296 22 462 416 198 408 414 335 483 384 33 20 199 423 144 357 125 370 62 222 96 88 242 46 223 197 117 108 218 204 142 25 215 473 356 311 219 247 168 35 185 273 311 434 494 274 103 491 155 489 157 125 66 375 432 240 303 128 116 81 41 450 97 112 324 390 221 430 331 239 35 237 24 201 490 308 262 118 37 291 386 360 184 272 433 110 269 500 457 362 441 220 81 382 248 495 131 14 455 324 125 299 154 121 414 341 324 112 354 400 259 203 363 67 451 122 318 338 226 76 378 370 316 48 115 358 451 278 311 464 332 289 189 471 151 429 343 340 187 196 51 336 206 482 239 38 173 450 168 346 295 42 312 400 26 341 473 80 321 97 31 494 215 475 359 45 338 423 464 314 86 265 437 312 427 184 25 481 271 344 11 172 107 116 404 90 162 491 117 208 371 18 315 34 187 240 444 292 334 38 468 155 244 303 213 339 375 32 412 262 37 352 59 242 176 188 190 361 417 439 419 495 167 417 168 433 173 463 436 477 299 414 49 398 490 86 290 296 318 282 281 108 15 185 73 69 167 443 417 318 322 19 327 46 204 386 21 220 63 356 259 133 37 228 75 295 49 191 99 444 171 61 242 266 169 71 278 410 458 310 155 62 420 315 385 44 82 10 318 488 210 31 478 158 115 497 437 204 170 293 150 391 159 143 263 457 234 429 444 99 277 390 113 64 349 441 230 471 22 395 92 418 81 311 71 120 430 437 39 153 406 149 487 361 271 293 424 162 133 188 317 138 414 49 64 326 277 313 376 181 325 486 90 398 289 41 91 131 178 345 362 300 341 296 60 92 188 73 91 31 319 316 449 416 138 86 426 260 274 68 141 81 400 320 104 182 178 26 460 209 443 441 430 160 450 375 459 33 209 275 82 386 189 403 319 284 491 447 238 171 374 231 104 216 60 81 201 179 112 382 406 378 260 378 131 214 438 296 244 171 93 361 322 437 145 38 21 297 99 206 119 126 137 209 198 335 424 37 246 199 425 124 61 156 45 212 271 386 348 264 103 317 443 35 433 101 313 130 143 96 161 287 37 87 279 371 482 125 411 93 233 189 351 457 368 462 149 192 271 200 393 320 198 98 492 61 453 99 384 194 468 411 135 40 10 204 297 303 104 127 201 53 231 118 107 482 88 402 121 323 183 447 108 139 90 157 229 43 107 247 232 171 317 424 407 450 95 429 93 337 320 280 187 431 54 184 464 164 268 57 229 417 133 152 146 489 113 315 265 30 267 361 357 274 124 66 50 317 57 384 350 330 172 115 186 159 431 408 66 477 137 58 329 289 105 473 141 83 473 63 213 238 41 376 407 295 140 434 110 35 32 498 141 379 258 278 260 101 251 229 120 29 353 449 470 162 442 464 293 268 307 56 277 430 403 108 478 25 22 196 438 85 486 181 179 486 375 482 161 44 211 100 363 384 79 353 110 452 329 329 498 472 180 135 390 135 19 11 422 178 268 241 124 275 330 498 121 69 414 220 306 207 446 332 96 354 481 31 329 454 175 232 202 125 202 500 349 368 486 343 165 273 454 190 449 96 212 462 89 52 296 172 365 361 302 88 315 38 157 468 146 148 429 431 459 112 340 425 43 66 177 432 62 128 373 371 194 326 170 90 83 303 35 268 235 239 410 198 38 63 395 142 440 366 305 65 120 69 310 357 447 340 195 231 11 111 383 293 121 322 358 364 436 63 489 275 343 71 334 197 109 104 70 11 176 31 322 188 60 352 464 261 265 154 84 473 96 468 45 21 366 113 442 389 408 169 248 469 463 130 92 395 352 464 466 265 210 500 336 63 113 39 69 222 375 357 285 101 100 372 207 438 220 402 434 419 295 45 242 148 29 34 415 102 99 85 391 416 350 452 445 471 89 167 162 371 220 109 446 253 372 341 368 266 76 95 22 225 153 465 44 135 377 459 475 233 47 461 371 442 20 414 434 433 93 100 263 179 378 302 165 467 213 194 453 373 104 118 455 463 229 458 78 271 475 327 350 251 266 499 291 410 261 247 88 36 449 239 82 161 291 279 460 189 457 107 486 258 54 32 296 452 29 18 186 388 305 431 351 223 45 247 306 398 44 36 64 403 198 451 426 448 361 115 28 75 435 398 461 359 37 42 98 54 468 266 400 476 331 158 279 62 249 416 481 152 417 245 207 432 245 10 61 31 234 403 319 486 457 289 488 447 403 358 71 491 481 111 307 134 106 412 485 109 331 292 138 436 250 107 67 170 74 414 280 163 25 384 275 285 271 361 426 341 38 345 492 183 46 24 47 84 26 333 420 466 30 397 259 458 154 371 288 358 168 297 492 359 442 168 412 203 360 459 426 172 10 397 351 36 440 327 107 28 132 293 202 227 68 462 129 93 99 240 216 376 470 251 219 178 24 122 250 137 395 404 450 101 497 197 28 161 476 71 104 128 498 206 441 403 154 208 426 102 228 337 344 86 48 204 169 205 234 486 283 47 479 62 395 74 349 171 191 52 407 197 27 171 55 152 108 152 301 164 443 309 435 12 25 489 500 347 85 244 100 43 168 66 432 47 318 166 323 151 246 35 195 209 178 369 407 234 382 200 368 279 88 361 115 483 91 388 473 39 476 163 230 177 410 134 110 185 407 490 433 231 455 488 399 468 156 97 375 369 317 157 351 295 441 493 364 111 106 459 413 411 352 380 320 330 366 175 340 177 335 144 155 55 200 152 115 113 33 374 76 198 283 193 329 283 389 352 463 92 109 99 80 97 184 493 84 230 388 164 376 433 374 403 15 308 394 237 89 97 83 254 334 261 316 210 276 249 250 471 346 435 167 169 160 378 403 122 211 204 61 160 186 290 427 144 171 488 383 70 46 264 188 456 424 290 253 378 294 99 348 63 430 256 193 256 86 435 464 338 352 313 344 493 270 220 138 458 279 158 68 203 21 77 271 299 362 317 33 100 30 115 49 392 208 228 366 207 442 458 314 175 77 35 251 448 345 305 232 326 210 47 340 102 108 499 137 317 366 473 97 172 236 449 499 251 242 88 130 208 378 327 362 203 472 70 14 304 83 420 385 385 191 59 176 266 346 420 188 279 426 482 312 99 300 404 296 342 216 54 31 315 114 74 366 455 287 395 357 13 357 184 110 101 227 278 11 351 361 287 387 373 421 366 30 89 202 110 151 381 40 341 163 417 177 255 231 44 410 400 273 74 286 371 217 125 19 94 256 357 15 146 119 36 442 177 417 56 330 472 130 106 147 54 321 299 120 446 431 244 30 21 485 303 71 34 156 386 201 483 380 473 290 164 304 214 351 137 179 417 237 201 378 424 213 290 194 46 68 197 99 486 216 75 57 27 77 468 61 335 356 308 476 127 40 73 434 423 66 468 151 142 326 199 212 215 250 28 205 11 363 88 303 138 70 495 46 107 161 255 373 84 446 275 260 401 356 268 297 283 204 486 135 180 366 468 295 490 230 345 89 405 55 392 68 294 224 409 223 322 237 71 62 50 121 452 215 196 198 55 410 368 276 467 444 418 14 315 170 240 218 410 312 99 123 162 14 181 156 166 22 32 350 49 64 202 375 338 417 296 301 389 473 293 379 301 426 16 451 126 242 237 279 496 468 368 311 35 265 309 44 155 384 32 234 39 39 183 399 158 466 448 110 427 252 339 104 166 357 257 153 377 367 167 184 289 11 83 104 337 112 12 143
589 5
2 380
5 348
8 205
11 116
14 474
369 5
1 224
4 254
7 288
10 101
13 69
928 5
0 100
3 444
6 389
9 371
12 460
619 5
2 178
5 415
8 484
11 253
14 315
171 5
1 115
4 95
7 57
10 137
13 22
534 5
0 28
3 376
6 411
9 374
12 41
981 5
2 342
5 226
8 134
11 126
14 16
644 5
1 230
4 476
7 137
10 228
13 285
510 5
0 410
3 148
6 63
9 290
12 496
960 5
2 352
5 433
8 36
11 398
14 211
611 5
1 368
4 251
7 158
10 449
13 479
328 5
0 221
3 116
6 23
9 132
12 305
986 5
2 329
5 75
8 423
11 62
14 220
303 5
1 86
4 114
7 218
10 4
13 195
540 5
0 173
3 4
6 325
9 434
12 500
795 5
2 238
5 320
8 135
11 304
14 85
467 5
1 302
4 438
7 9
10 292
13 238
674 5
0 334
3 245
6 299
9 440
12 461
172 5
2 157
5 51
8 164
11 97
14 39
947 5
1 201
4 487
7 398
10 157
13 83
118 5
0 47
3 33
6 42
9 1
12 102
162 5
2 124
5 65
8 138
11 1
14 149
832 5
1 55
4 214
7 237
10 50
13 426
155 5
0 118
3 21
6 63
9 136
12 127
553 5
2 476
5 411
8 116
11 395
14 113
161 5
1 60
4 25
7 7
10 97
13 132
206 5
0 166
3 172
6 125
9 118
12 17
979 5
2 78
5 271
8 270
11 134
14 444
524 5
1 412
4 369
7 344
10 319
13 425
434 5
0 296
3 333
6 60
9 128
12 282
543 5
2 173
5 320
8 469
11 286
14 273
434 5
1 50
4 215
7 246
10 356
13 239
183 5
0 36
3 68
6 36
9 48
12 97
272 5
2 130
5 171
8 46
11 197
14 60
754 5
1 208
4 346
7 29
10 20
13 223
403 5
0 236
3 100
6 276
9 252
12 254
338 5
2 171
5 291
8 263
11 249
14 139
546 5
1 376
4 298
7 314
10 381
13 130
585 5
0 422
3 384
6 18
9 254
12 374
567 5
2 154
5 455
8 172
11 7
14 33
750 5
1 50
4 317
7 105
10 373
13 422
754 5
0 169
3 44
6 294
9 163
12 151
485 5
2 404
5 57
8 196
11 304
14 137
333 5
1 83
4 175
7 220
10 46
13 327
830 5
0 182
3 81
6 43
9 274
12 242
603 5
2 436
5 466
8 208
11 123
14 162
488 5
1 419
4 381
7 257
10 285
13 39
252 5
0 234
3 154
6 50
9 134
12 173
785 5
2 351
5 37
8 160
11 327
14 454
720 5
1 62
4 322
7 58
10 39
13 379
231 5
0 207
3 153
6 105
9 128
12 37
824 5
2 432
5 320
8 189
11 130
14 11
873 5
1 414
4 350
7 451
10 126
13 406
906 5
0 373
3 331
6 312
9 69
12 145
105 5
2 35
5 11
8 54
11 46
14 63
617 5
1 199
4 88
7 418
10 259
13 313
461 5
0 173
3 288
6 87
9 303
12 163
769 5
2 261
5 191
8 155
11 19
14 158
664 5
1 127
4 192
7 356
10 399
13 99
868 5
0 398
3 15
6 405
9 307
12 193
869 5
2 250
5 463
8 465
11 37
14 114
778 5
1 182
4 167
7 231
10 328
13 71
370 5
0 97
3 248
6 52
9 212
12 234
856 5
2 125
5 318
8 137
11 462
14 383
825 5
1 43
4 18
7 52
10 124
13 345
518 5
0 481
3 433
6 398
9 267
12 425
142 5
2 27
5 91
8 100
11 44
14 98
514 5
1 29
4 328
7 7
10 158
13 129
790 5
0 3
3 228
6 219
9 317
12 242
155 5
2 89
5 25
8 55
11 134
14 101
469 5
1 106
4 326
7 129
10 416
13 241
302 5
0 234
3 79
6 138
9 76
12 124
142 5
2 4
5 122
8 116
11 106
14 7
307 5
1 44
4 205
7 68
10 125
13 36
702 5
0 12
3 198
6 216
9 370
12 37
364 5
2 14
5 156
8 264
11 320
14 103
526 5
1 481
4 327
7 460
10 370
13 362
613 5
0 75
3 87
6 278
9 373
12 369
350 5
2 156
5 89
8 138
11 45
14 212
347 5
1 45
4 204
7 145
10 182
13 179
4 0 42
15 0 212
26 0 707
37 0 964
48 0 265
59 0 536
70 0 448
81 0 360
92 0 31
103 0 516
114 0 857
125 0 769
136 0 796
147 0 25
158 0 920
169 0 424
180 0 981
191 0 532
202 0 746
213 0 125
224 0 215
235 0 70
246 0 380
257 0 23
268 0 626
279 0 832
290 0 375
301 0 307
312 0 582
323 0 979
334 0 189
345 0 732
356 0 409
367 0 814
378 0 136
389 0 263
400 0 830
411 0 783
422 0 43
433 0 250
444 0 390
455 0 660
466 0 810
477 0 267
488 0 431
499 0 358
510 0 962
521 0 426
532 0 431
543 0 953
554 0 949
565 0 335
576 0 585
587 0 790
598 0 706
609 0 415
620 0 980
631 0 526
642 0 851
653 0 620
664 0 775
675 0 202
686 0 137
697 0 488
708 0 235
719 0 87
730 0 993
741 0 808
752 0 511
763 0 356
774 0 950
785 0 888
796 0 874
807 0 377
818 0 403
829 0 744
840 0 538
851 0 832
862 0 516
873 0 80
884 0 684
895 0 868
906 0 134
917 0 457
928 0 882
939 0 473
950 0 500
961 0 105
972 0 709
983 0 685
994 0 825
1005 0 592
1016 0 2
1027 0 434
1038 0 319
1049 0 594
1060 0 322
1071 0 709
1082 0 504
1093 0 634
1104 0 996
1115 0 94
1126 0 713
1137 0 824
1148 0 159
1159 0 347
1170 0 757
1181 0 909
1192 0 897
1203 0 328
1214 0 916
1225 0 195
1236 0 772
1247 0 484
1258 0 732
1269 0 139
1280 0 677
1291 0 248
1302 0 297
1313 0 817
1324 0 873
1335 0 591
1346 0 444
1357 0 689
1368 0 823
1379 0 464
1390 0 49
1401 0 51
1412 0 759
1423 0 430
1434 0 180
1445 0 973
1456 0 53
1467 0 735
1478 0 687
1489 0 749
1500 0 472
1511 0 491
1522 0 39
1533 0 93
1544 0 529
1555 0 815
1566 0 240
1577 0 375
1588 0 860
1599 0 320
1610 0 669
1621 0 5
1632 0 589
1643 0 667
1654 0 36
1665 0 184
1676 0 203
1687 0 31
1698 0 1
1709 0 583
1720 0 778
1731 0 98
1742 0 460
1753 0 718
1764 0 445
1775 0 938
1786 0 136
1797 0 390
1808 0 712
1819 0 776
1830 0 908
1841 0 114
1852 0 663
1863 0 837
1874 0 111
1885 0 754
1896 0 802
1907 0 230
1918 0 484
1929 0 974
1940 0 448
1951 0 264
1962 0 903
1973 0 886
1984 0 409
1995 0 101
2006 0 650
2017 0 786
2028 0 657
2039 0 880
2050 0 222
2061 0 589
2072 0 761
2083 0 623
2094 0 274
2105 0 797
2116 0 605
2127 0 511
2138 0 945
2149 0 292
2160 0 692
2171 0 725
2182 0 140
2193 0 386
2204 0 74
2215 0 604
2226 0 301
2237 0 451
2248 0 888
2259 0 520
2270 0 618
2281 0 359
2292 0 32
2303 0 307
2314 0 650
2325 0 833
2336 0 356
2347 0 706
2358 0 71
2369 0 896
2380 0 501
2391 0 214
2402 0 27
2413 0 82
2424 0 356
2435 0 800
2446 0 498
2457 0 965
2468 0 120
2479 0 749
2490 0 383
2501 0 63
2512 0 423
2523 0 80
2534 0 556
2545 0 558
2556 0 227
2567 0 371
2578 0 767
2589 0 601
2600 0 599
2611 0 275
2622 0 673
2633 0 923
2644 0 856
2655 0 974
2666 0 851
2677 0 603
2688 0 389
2699 0 480
2710 0 385
2721 0 404
2732 0 903
2743 0 398
2754 0 223
2765 0 247
2776 0 662
2787 0 907
2798 0 474
2809 0 616
2820 0 675
2831 0 499
2842 0 185
2853 0 62
2864 0 267
2875 0 917
2886 0 749
2897 0 543
2908 0 282
2919 0 942
2930 0 501
2941 0 580
2952 0 832
2963 0 981
2974 0 626
2985 0 285
2996 0 758
6 1 696
17 1 974
28 1 20
39 1 473
50 1 386
61 1 175
72 1 837
83 1 921
94 1 970
105 1 993
116 1 251
127 1 185
138 1 778
149 1 706
160 1 364
171 1 106
182 1 650
193 1 57
204 1 647
215 1 232
226 1 164
237 1 28
248 1 867
259 1 508
270 1 990
281 1 445
292 1 435
303 1 898
314 1 858
325 1 88
336 1 599
347 1 508
358 1 201
369 1 223
380 1 842
391 1 129
402 1 716
413 1 200
424 1 424
435 1 771
446 1 79
457 1 904
468 1 182
479 1 617
490 1 676
501 1 180
512 1 960
523 1 314
534 1 197
545 1 810
556 1 868
567 1 572
578 1 112
589 1 725
600 1 876
611 1 91
622 1 892
633 1 33
644 1 452
655 1 540
666 1 533
677 1 132
688 1 136
699 1 35
710 1 427
721 1 413
732 1 793
743 1 795
754 1 450
765 1 402
776 1 13
787 1 800
798 1 690
809 1 872
820 1 805
831 1 861
842 1 843
853 1 812
864 1 537
875 1 817
886 1 33
897 1 245
908 1 604
919 1 309
930 1 501
941 1 694
952 1 517
963 1 275
974 1 389
985 1 801
996 1 403
1007 1 581
1018 1 124
1029 1 729
1040 1 404
1051 1 383
1062 1 528
1073 1 442
1084 1 978
1095 1 413
1106 1 34
1117 1 581
1128 1 742
1139 1 354
1150 1 384
1161 1 915
1172 1 939
1183 1 271
1194 1 688
1205 1 548
1216 1 450
1227 1 860
1238 1 221
1249 1 3
1260 1 74
1271 1 838
1282 1 770
1293 1 228
1304 1 734
1315 1 978
1326 1 354
1337 1 182
1348 1 4
1359 1 779
1370 1 412
1381 1 325
1392 1 194
1403 1 448
1414 1 979
1425 1 409
1436 1 10
1447 1 470
1458 1 667
1469 1 404
1480 1 639
1491 1 199
1502 1 11
1513 1 320
1524 1 353
1535 1 214
1546 1 239
1557 1 356
1568 1 550
1579 1 814
1590 1 33
1601 1 447
1612 1 982
1623 1 93
1634 1 600
1645 1 962
1656 1 387
1667 1 305
1678 1 875
1689 1 399
1700 1 689
1711 1 778
1722 1 412
1733 1 458
1744 1 768
1755 1 667
1766 1 175
1777 1 412
1788 1 675
1799 1 471
1810 1 876
1821 1 316
1832 1 631
1843 1 99
1854 1 787
1865 1 795
1876 1 353
1887 1 576
1898 1 615
1909 1 254
1920 1 916
1931 1 723
1942 1 209
1953 1 339
1964 1 974
1975 1 239
1986 1 779
1997 1 882
2008 1 974
2019 1 281
2030 1 307
2041 1 37
2052 1 674
2063 1 681
2074 1 44
2085 1 290
2096 1 433
2107 1 442
2118 1 123
2129 1 150
2140 1 923
2151 1 595
2162 1 916
2173 1 545
2184 1 99
2195 1 353
2206 1 13
2217 1 666
2228 1 54
2239 1 81
2250 1 444
2261 1 740
2272 1 384
2283 1 864
2294 1 368
2305 1 708
2316 1 289
2327 1 480
2338 1 833
2349 1 298
2360 1 5
2371 1 60
2382 1 952
2393 1 973
2404 1 446
2415 1 142
2426 1 304
2437 1 206
2448 1 623
2459 1 77
2470 1 248
2481 1 569
2492 1 182
2503 1 119
2514 1 738
2525 1 7
2536 1 679
2547 1 74
2558 1 676
2569 1 669
2580 1 203
2591 1 68
2602 1 3
2613 1 796
2624 1 873
2635 1 781
2646 1 170
2657 1 338
2668 1 858
2679 1 104
2690 1 766
2701 1 933
2712 1 47
2723 1 114
2734 1 18
2745 1 575
2756 1 279
2767 1 483
2778 1 579
2789 1 120
2800 1 899
2811 1 62
2822 1 619
2833 1 779
2844 1 386
2855 1 73
2866 1 319
2877 1 972
2888 1 401
2899 1 278
2910 1 343
2921 1 681
2932 1 281
2943 1 354
2954 1 968
2965 1 648
2976 1 784
2987 1 791
2998 1 202
8 2 663
19 2 425
30 2 337
41 2 831
52 2 917
63 2 743
74 2 876
85 2 100
96 2 772
107 2 655
118 2 138
129 2 717
140 2 828
151 2 921
162 2 757
173 2 379
184 2 844
195 2 945
206 2 564
217 2 68
228 2 796
239 2 193
250 2 946
261 2 366
272 2 537
283 2 338
294 2 720
305 2 111
316 2 584
327 2 405
338 2 527
349 2 208
360 2 911
371 2 772
382 2 421
393 2 806
404 2 476
415 2 516
426 2 185
437 2 688
448 2 487
459 2 820
470 2 9
481 2 330
492 2 352
503 2 890
514 2 75
525 2 860
536 2 236
547 2 567
558 2 709
569 2 95
580 2 537
591 2 741
602 2 318
613 2 650
624 2 217
635 2 691
646 2 509
657 2 503
668 2 881
679 2 403
690 2 558
701 2 529
712 2 384
723 2 307
734 2 122
745 2 216
756 2 871
767 2 875
778 2 424
789 2 771
800 2 273
811 2 776
822 2 728
833 2 39
844 2 550
855 2 877
866 2 34
877 2 253
888 2 406
899 2 759
910 2 828
921 2 835
932 2 494
943 2 119
954 2 668
965 2 562
976 2 79
987 2 157
998 2 190
1009 2 679
1020 2 497
1031 2 158
1042 2 922
1053 2 787
1064 2 136
1075 2 19
1086 2 896
1097 2 353
1108 2 299
1119 2 238
1130 2 177
1141 2 246
1152 2 946
1163 2 524
1174 2 203
1185 2 167
1196 2 121
1207 2 990
1218 2 762
1229 2 202
1240 2 43
1251 2 490
1262 2 107
1273 2 787
1284 2 728
1295 2 126
1306 2 828
1317 2 966
1328 2 179
1339 2 523
1350 2 962
1361 2 502
1372 2 602
1383 2 384
1394 2 994
1405 2 203
1416 2 470
1427 2 977
1438 2 4
1449 2 274
1460 2 726
1471 2 148
1482 2 274
1493 2 479
1504 2 518
1515 2 916
1526 2 2
1537 2 271
1548 2 377
1559 2 147
1570 2 640
1581 2 410
1592 2 191
1603 2 787
1614 2 395
1625 2 698
1636 2 280
1647 2 156
1658 2 634
1669 2 4
1680 2 866
1691 2 197
1702 2 120
1713 2 297
1724 2 76
1735 2 503
1746 2 800
1757 2 820
1768 2 325
1779 2 467
1790 2 36
1801 2 557
1812 2 706
1823 2 605
1834 2 32
1845 2 908
1856 2 989
1867 2 242
1878 2 861
1889 2 157
1900 2 307
1911 2 361
1922 2 470
1933 2 998
1944 2 527
1955 2 337
1966 2 583
1977 2 613
1988 2 965
1999 2 450
2010 2 743
2021 2 602
2032 2 996
2043 2 661
2054 2 558
2065 2 144
2076 2 638
2087 2 672
2098 2 914
2109 2 745
2120 2 7
2131 2 167
2142 2 634
2153 2 627
2164 2 999
2175 2 801
2186 2 16
2197 2 915
2208 2 663
2219 2 44
2230 2 619
2241 2 307
2252 2 516
2263 2 552
2274 2 894
2285 2 654
2296 2 188
2307 2 523
2318 2 621
2329 2 514
2340 2 283
2351 2 894
2362 2 41
2373 2 981
2384 2 436
2395 2 414
2406 2 485
2417 2 400
2428 2 673
2439 2 392
2450 2 108
2461 2 950
2472 2 684
2483 2 876
2494 2 617
2505 2 291
2516 2 343
2527 2 382
2538 2 575
2549 2 223
2560 2 483
2571 2 176
2582 2 821
2593 2 924
2604 2 193
2615 2 452
2626 2 149
2637 2 296
2648 2 861
2659 2 334
2670 2 411
2681 2 964
2692 2 394
2703 2 703
2714 2 704
2725 2 258
2736 2 522
2747 2 680
2758 2 155
2769 2 407
2780 2 847
2791 2 232
2802 2 1
2813 2 638
2824 2 193
2835 2 631
2846 2 48
2857 2 800
2868 2 881
2879 2 559
2890 2 310
2901 2 10
2912 2 361
2923 2 217
2934 2 136
2945 2 794
2956 2 145
2967 2 697
2978 2 616
2989 2 613
10 3 922
21 3 99
32 3 134
43 3 562
54 3 589
65 3 421
76 3 935
87 3 896
98 3 981
109 3 982
120 3 716
131 3 632
142 3 545
153 3 165
164 3 90
175 3 852
186 3 232
197 3 946
208 3 210
219 3 363
230 3 221
241 3 189
252 3 743
263 3 949
274 3 724
285 3 930
296 3 219
307 3 419
318 3 474
329 3 429
340 3 655
351 3 271
362 3 514
373 3 947
384 3 128
395 3 188
406 3 907
417 3 445
428 3 758
439 3 671
450 3 622
461 3 185
472 3 398
483 3 727
494 3 601
505 3 554
516 3 881
527 3 398
538 3 639
549 3 457
560 3 849
571 3 913
582 3 948
593 3 35
604 3 641
615 3 180
626 3 288
637 3 699
648 3 439
659 3 126
670 3 32
681 3 222
692 3 344
703 3 960
714 3 978
725 3 660
736 3 217
747 3 512
758 3 364
769 3 133
780 3 654
791 3 570
802 3 892
813 3 593
824 3 225
835 3 663
846 3 44
857 3 282
868 3 100
879 3 767
890 3 542
901 3 891
912 3 516
923 3 98
934 3 722
945 3 572
956 3 86
967 3 557
978 3 517
989 3 389
1000 3 356
1011 3 441
1022 3 126
1033 3 871
1044 3 729
1055 3 413
1066 3 994
1077 3 924
1088 3 827
1099 3 729
1110 3 887
1121 3 567
1132 3 161
1143 3 320
1154 3 529
1165 3 171
1176 3 741
1187 3 189
1198 3 910
1209 3 294
1220 3 771
1231 3 447
1242 3 362
1253 3 909
1264 3 243
1275 3 69
1286 3 820
1297 3 525
1308 3 43
1319 3 993
1330 3 90
1341 3 113
1352 3 836
1363 3 862
1374 3 258
1385 3 52
1396 3 830
1407 3 725
1418 3 515
1429 3 746
1440 3 324
1451 3 194
1462 3 495
1473 3 523
1484 3 658
1495 3 120
1506 3 972
1517 3 372
1528 3 941
1539 3 804
1550 3 404
1561 3 964
1572 3 845
1583 3 501
1594 3 153
1605 3 534
1616 3 390
1627 3 634
1638 3 120
1649 3 148
1660 3 717
1671 3 953
1682 3 784
1693 3 708
1704 3 721
1715 3 102
1726 3 94
1737 3 344
1748 3 228
1759 3 54
1770 3 755
1781 3 5
1792 3 135
1803 3 519
1814 3 478
1825 3 717
1836 3 116
1847 3 576
1858 3 202
1869 3 459
1880 3 220
1891 3 818
1902 3 111
1913 3 855
1924 3 818
1935 3 995
1946 3 276
1957 3 179
1968 3 386
1979 3 309
1990 3 65
2001 3 501
2012 3 165
2023 3 22
2034 3 303
2045 3 120
2056 3 462
2067 3 629
2078 3 752
2089 3 837
2100 3 110
2111 3 814
2122 3 18
2133 3 309
2144 3 477
2155 3 633
2166 3 857
2177 3 850
2188 3 333
2199 3 801
2210 3 721
2221 3 955
2232 3 16
2243 3 425
2254 3 400
2265 3 293
2276 3 633
2287 3 95
2298 3 293
2309 3 413
2320 3 577
2331 3 330
2342 3 996
2353 3 620
2364 3 179
2375 3 701
2386 3 892
2397 3 677
2408 3 785
2419 3 711
2430 3 35
2441 3 654
2452 3 789
2463 3 147
2474 3 332
2485 3 433
2496 3 458
2507 3 288
2518 3 301
2529 3 366
2540 3 586
2551 3 178
2562 3 510
2573 3 762
2584 3 221
2595 3 520
2606 3 966
2617 3 489
2628 3 915
2639 3 46
2650 3 298
2661 3 102
2672 3 514
2683 3 584
2694 3 13
2705 3 412
2716 3 788
2727 3 768
2738 3 921
2749 3 993
2760 3 552
2771 3 200
2782 3 799
2793 3 508
2804 3 829
2815 3 151
2826 3 921
2837 3 222
2848 3 344
2859 3 180
2870 3 786
2881 3 702
2892 3 246
2903 3 834
2914 3 608
2925 3 227
2936 3 698
2947 3 606
2958 3 880
2969 3 710
2980 3 811
2991 3 479
1 4 443
12 4 834
23 4 629
34 4 143
45 4 259
56 4 554
67 4 610
78 4 119
89 4 342
100 4 693
111 4 707
122 4 977
133 4 679
144 4 523
155 4 530
166 4 765
177 4 349
188 4 869
199 4 126
210 4 68
221 4 602
232 4 386
243 4 711
254 4 793
265 4 278
276 4 936
287 4 406
298 4 734
309 4 877
320 4 609
331 4 267
342 4 448
353 4 576
364 4 105
375 4 510
386 4 430
397 4 23
408 4 132
419 4 986
430 4 506
441 4 412
452 4 267
463 4 445
474 4 945
485 4 953
496 4 619
507 4 161
518 4 48
529 4 104
540 4 157
551 4 831
562 4 452
573 4 728
584 4 901
595 4 245
606 4 884
617 4 774
628 4 71
639 4 174
650 4 625
661 4 28
672 4 234
683 4 421
694 4 209
705 4 433
716 4 49
727 4 572
738 4 676
749 4 712
760 4 833
771 4 887
782 4 744
793 4 792
804 4 540
815 4 827
826 4 264
837 4 406
848 4 694
859 4 321
870 4 908
881 4 713
892 4 435
903 4 111
914 4 604
925 4 134
936 4 198
947 4 577
958 4 354
969 4 608
980 4 635
991 4 938
1002 4 624
1013 4 326
1024 4 137
1035 4 882
1046 4 351
1057 4 143
1068 4 665
1079 4 868
1090 4 565
1101 4 130
1112 4 594
1123 4 128
1134 4 790
1145 4 905
1156 4 501
1167 4 946
1178 4 107
1189 4 731
1200 4 921
1211 4 237
1222 4 910
1233 4 976
1244 4 355
1255 4 930
1266 4 747
1277 4 394
1288 4 575
1299 4 637
1310 4 876
1321 4 991
1332 4 248
1343 4 170
1354 4 397
1365 4 642
1376 4 841
1387 4 109
1398 4 40
1409 4 545
1420 4 382
1431 4 462
1442 4 377
1453 4 891
1464 4 286
1475 4 870
1486 4 160
1497 4 89
1508 4 150
1519 4 197
1530 4 664
1541 4 7
1552 4 585
1563 4 502
1574 4 446
1585 4 398
1596 4 998
1607 4 109
1618 4 682
1629 4 249
1640 4 653
1651 4 47
1662 4 440
1673 4 889
1684 4 721
1695 4 583
1706 4 618
1717 4 782
1728 4 299
1739 4 882
1750 4 55
1761 4 370
1772 4 681
1783 4 584
1794 4 851
1805 4 464
1816 4 402
1827 4 81
1838 4 38
1849 4 747
1860 4 126
1871 4 170
1882 4 652
1893 4 412
1904 4 974
1915 4 83
1926 4 753
1937 4 934
1948 4 551
1959 4 310
1970 4 661
1981 4 288
1992 4 450
2003 4 584
2014 4 178
2025 4 596
2036 4 280
2047 4 244
2058 4 136
2069 4 750
2080 4 686
2091 4 499
2102 4 833
2113 4 290
2124 4 683
2135 4 545
2146 4 249
2157 4 467
2168 4 592
2179 4 18
2190 4 534
2201 4 36
2212 4 285
2223 4 539
2234 4 456
2245 4 412
2256 4 244
2267 4 199
2278 4 479
2289 4 296
2300 4 825
2311 4 804
2322 4 324
2333 4 567
2344 4 411
2355 4 787
2366 4 714
2377 4 315
2388 4 19
2399 4 433
2410 4 388
2421 4 684
2432 4 400
2443 4 512
2454 4 238
2465 4 538
2476 4 722
2487 4 359
2498 4 518
2509 4 478
2520 4 922
2531 4 516
2542 4 919
2553 4 804
2564 4 535
2575 4 2
2586 4 44
2597 4 274
2608 4 186
2619 4 521
2630 4 69
2641 4 149
2652 4 655
2663 4 125
2674 4 340
2685 4 87
2696 4 701
2707 4 712
2718 4 748
2729 4 766
2740 4 107
2751 4 220
2762 4 25
2773 4 741
2784 4 854
2795 4 717
2806 4 607
2817 4 106
2828 4 9
2839 4 350
2850 4 357
2861 4 828
2872 4 24
2883 4 430
2894 4 562
2905 4 907
2916 4 677
2927 4 852
2938 4 851
2949 4 944
2960 4 799
2971 4 386
2982 4 81
2993 4 575
3 5 903
14 5 876
25 5 110
36 5 962
47 5 767
58 5 13
69 5 226
80 5 392
91 5 851
102 5 890
113 5 712
124 5 339
135 5 974
146 5 898
157 5 348
168 5 689
179 5 554
190 5 596
201 5 33
212 5 975
223 5 26
234 5 745
245 5 624
256 5 854
267 5 131
278 5 470
289 5 735
300 5 897
311 5 848
322 5 846
333 5 495
344 5 237
355 5 967
366 5 469
377 5 243
388 5 587
399 5 335
410 5 913
421 5 235
432 5 426
443 5 408
454 5 861
465 5 78
476 5 426
487 5 338
498 5 446
509 5 764
520 5 979
531 5 547
542 5 157
553 5 296
564 5 115
575 5 177
586 5 688
597 5 327
608 5 853
619 5 477
630 5 983
641 5 179
652 5 511
663 5 860
674 5 72
685 5 469
696 5 162
707 5 128
718 5 924
729 5 600
740 5 154
751 5 817
762 5 902
773 5 513
784 5 462
795 5 540
806 5 286
817 5 282
828 5 885
839 5 661
850 5 590
861 5 582
872 5 302
883 5 359
894 5 832
905 5 613
916 5 926
927 5 750
938 5 301
949 5 184
960 5 504
971 5 974
982 5 941
993 5 940
1004 5 373
1015 5 815
1026 5 91
1037 5 740
1048 5 114
1059 5 114
1070 5 604
1081 5 645
1092 5 166
1103 5 34
1114 5 999
1125 5 615
1136 5 674
1147 5 457
1158 5 311
1169 5 249
1180 5 574
1191 5 423
1202 5 88
1213 5 594
1224 5 383
1235 5 576
1246 5 307
1257 5 39
1268 5 827
1279 5 490
1290 5 201
1301 5 55
1312 5 573
1323 5 502
1334 5 849
1345 5 899
1356 5 265
1367 5 181
1378 5 237
1389 5 845
1400 5 44
1411 5 399
1422 5 589
1433 5 858
1444 5 368
1455 5 535
1466 5 442
1477 5 261
1488 5 931
1499 5 307
1510 5 65
1521 5 761
1532 5 106
1543 5 100
1554 5 191
1565 5 295
1576 5 306
1587 5 706
1598 5 280
1609 5 567
1620 5 569
1631 5 303
1642 5 403
1653 5 828
1664 5 502
1675 5 311
1686 5 347
1697 5 33
1708 5 925
1719 5 228
1730 5 901
1741 5 975
1752 5 335
1763 5 788
1774 5 673
1785 5 703
1796 5 415
1807 5 764
1818 5 327
1829 5 201
1840 5 416
1851 5 491
1862 5 185
1873 5 604
1884 5 484
1895 5 495
1906 5 311
1917 5 283
1928 5 740
1939 5 453
1950 5 960
1961 5 247
1972 5 689
1983 5 144
1994 5 684
2005 5 560
2016 5 666
2027 5 383
2038 5 758
2049 5 304
2060 5 932
2071 5 442
2082 5 210
2093 5 831
2104 5 394
2115 5 331
2126 5 987
2137 5 708
2148 5 885
2159 5 538
2170 5 518
2181 5 488
2192 5 746
2203 5 639
2214 5 303
2225 5 175
2236 5 395
2247 5 769
2258 5 959
2269 5 673
2280 5 913
2291 5 826
2302 5 224
2313 5 126
2324 5 317
2335 5 829
2346 5 656
2357 5 824
2368 5 953
2379 5 956
2390 5 506
2401 5 470
2412 5 290
2423 5 849
2434 5 838
2445 5 697
2456 5 769
2467 5 292
2478 5 735
2489 5 443
2500 5 362
2511 5 54
2522 5 874
2533 5 487
2544 5 825
2555 5 911
2566 5 35
2577 5 515
2588 5 776
2599 5 601
2610 5 774
2621 5 747
2632 5 27
2643 5 305
2654 5 131
2665 5 30
2676 5 530
2687 5 33
2698 5 366
2709 5 646
2720 5 728
2731 5 376
2742 5 966
2753 5 210
2764 5 999
2775 5 487
2786 5 752
2797 5 274
2808 5 56
2819 5 411
2830 5 310
2841 5 564
2852 5 907
2863 5 690
2874 5 693
2885 5 902
2896 5 668
2907 5 135
2918 5 190
2929 5 486
2940 5 115
2951 5 61
2962 5 528
2973 5 529
2984 5 131
2995 5 305
5 6 115
16 6 78
27 6 245
38 6 455
49 6 28
60 6 782
71 6 168
82 6 105
93 6 938
104 6 631
115 6 62
126 6 472
137 6 484
148 6 489
159 6 947
170 6 970
181 6 676
192 6 49
203 6 11
214 6 831
225 6 773
236 6 570
247 6 501
258 6 367
269 6 98
280 6 930
291 6 509
302 6 226
313 6 411
324 6 309
335 6 721
346 6 716
357 6 728
368 6 235
379 6 115
390 6 381
401 6 267
412 6 449
423 6 997
434 6 954
445 6 75
456 6 990
467 6 167
478 6 317
489 6 728
500 6 432
511 6 189
522 6 285
533 6 247
544 6 923
555 6 113
566 6 351
577 6 367
588 6 936
599 6 786
610 6 824
621 6 584
632 6 64
643 6 855
654 6 931
665 6 60
676 6 57
687 6 2
698 6 423
709 6 18
720 6 720
731 6 543
742 6 389
753 6 590
764 6 532
775 6 897
786 6 53
797 6 913
808 6 634
819 6 335
830 6 226
841 6 378
852 6 395
863 6 79
874 6 242
885 6 588
896 6 337
907 6 942
918 6 887
929 6 174
940 6 493
951 6 442
962 6 88
973 6 976
984 6 823
995 6 604
1006 6 644
1017 6 300
1028 6 175
1039 6 910
1050 6 623
1061 6 281
1072 6 113
1083 6 399
1094 6 762
1105 6 485
1116 6 173
1127 6 865
1138 6 4
1149 6 103
1160 6 890
1171 6 201
1182 6 167
1193 6 768
1204 6 579
1215 6 700
1226 6 393
1237 6 192
1248 6 108
1259 6 4
1270 6 153
1281 6 608
1292 6 226
1303 6 189
1314 6 514
1325 6 502
1336 6 707
1347 6 488
1358 6 640
1369 6 67
1380 6 429
1391 6 498
1402 6 513
1413 6 874
1424 6 768
1435 6 735
1446 6 307
1457 6 838
1468 6 280
1479 6 37
1490 6 965
1501 6 517
1512 6 607
1523 6 231
1534 6 600
1545 6 556
1556 6 337
1567 6 259
1578 6 246
1589 6 855
1600 6 146
1611 6 768
1622 6 55
1633 6 364
1644 6 597
1655 6 306
1666 6 459
1677 6 97
1688 6 916
1699 6 138
1710 6 347
1721 6 511
1732 6 805
1743 6 417
1754 6 13
1765 6 446
1776 6 687
1787 6 77
1798 6 292
1809 6 349
1820 6 118
1831 6 647
1842 6 125
1853 6 601
1864 6 841
1875 6 554
1886 6 622
1897 6 102
1908 6 265
1919 6 887
1930 6 536
1941 6 911
1952 6 291
1963 6 309
1974 6 214
1985 6 166
1996 6 711
2007 6 444
2018 6 980
2029 6 592
2040 6 840
2051 6 267
2062 6 570
2073 6 210
2084 6 678
2095 6 286
2106 6 556
2117 6 928
2128 6 530
2139 6 633
2150 6 284
2161 6 821
2172 6 655
2183 6 27
2194 6 670
2205 6 331
2216 6 841
2227 6 61
2238 6 610
2249 6 833
2260 6 510
2271 6 512
2282 6 395
2293 6 431
2304 6 3
2315 6 78
2326 6 123
2337 6 625
2348 6 429
2359 6 504
2370 6 647
2381 6 964
2392 6 760
2403 6 180
2414 6 798
2425 6 970
2436 6 740
2447 6 472
2458 6 89
2469 6 515
2480 6 579
2491 6 552
2502 6 432
2513 6 503
2524 6 421
2535 6 782
2546 6 991
2557 6 490
2568 6 847
2579 6 117
2590 6 841
2601 6 132
2612 6 132
2623 6 130
2634 6 189
2645 6 801
2656 6 18
2667 6 856
2678 6 310
2689 6 11
2700 6 793
2711 6 72
2722 6 744
2733 6 798
2744 6 791
2755 6 815
2766 6 452
2777 6 43
2788 6 929
2799 6 377
2810 6 439
2821 6 73
2832 6 208
2843 6 538
2854 6 485
2865 6 349
2876 6 701
2887 6 443
2898 6 630
2909 6 596
2920 6 428
2931 6 258
2942 6 594
2953 6 537
2964 6 879
2975 6 19
2986 6 436
2997 6 233
7 7 549
18 7 189
29 7 555
40 7 679
51 7 913
62 7 146
73 7 96
84 7 462
95 7 625
106 7 696
117 7 685
128 7 822
139 7 470
150 7 372
161 7 842
172 7 71
183 7 833
194 7 736
205 7 801
216 7 367
227 7 220
238 7 626
249 7 391
260 7 893
271 7 385
282 7 953
293 7 929
304 7 890
315 7 119
326 7 762
337 7 879
348 7 444
359 7 860
370 7 542
381 7 381
392 7 174
403 7 446
414 7 472
425 7 389
436 7 449
447 7 647
458 7 966
469 7 662
480 7 842
491 7 647
502 7 563
513 7 315
524 7 615
535 7 101
546 7 693
557 7 343
568 7 514
579 7 61
590 7 623
601 7 594
612 7 972
623 7 611
634 7 125
645 7 250
656 7 496
667 7 885
678 7 775
689 7 151
700 7 607
711 7 84
722 7 807
733 7 497
744 7 63
755 7 279
766 7 125
777 7 287
788 7 775
799 7 814
810 7 832
821 7 72
832 7 807
843 7 507
854 7 659
865 7 782
876 7 313
887 7 916
898 7 319
909 7 246
920 7 886
931 7 246
942 7 877
953 7 18
964 7 111
975 7 202
986 7 92
997 7 526
1008 7 645
1019 7 84
1030 7 244
1041 7 659
1052 7 112
1063 7 339
1074 7 890
1085 7 172
1096 7 677
1107 7 348
1118 7 378
1129 7 40
1140 7 422
1151 7 404
1162 7 206
1173 7 915
1184 7 425
1195 7 757
1206 7 26
1217 7 149
1228 7 794
1239 7 226
1250 7 885
1261 7 955
1272 7 530
1283 7 873
1294 7 199
1305 7 691
1316 7 261
1327 7 190
1338 7 582
1349 7 95
1360 7 40
1371 7 127
1382 7 380
1393 7 89
1404 7 67
1415 7 772
1426 7 179
1437 7 829
1448 7 659
1459 7 982
1470 7 628
1481 7 155
1492 7 66
1503 7 835
1514 7 788
1525 7 595
1536 7 36
1547 7 205
1558 7 269
1569 7 132
1580 7 518
1591 7 454
1602 7 658
1613 7 994
1624 7 965
1635 7 580
1646 7 135
1657 7 380
1668 7 658
1679 7 878
1690 7 187
1701 7 661
1712 7 42
1723 7 338
1734 7 336
1745 7 244
1756 7 438
1767 7 60
1778 7 460
1789 7 64
1800 7 681
1811 7 22
1822 7 935
1833 7 158
1844 7 378
1855 7 724
1866 7 41
1877 7 669
1888 7 414
1899 7 319
1910 7 351
1921 7 736
1932 7 836
1943 7 358
1954 7 280
1965 7 516
1976 7 333
1987 7 354
1998 7 772
2009 7 141
2020 7 389
2031 7 578
2042 7 159
2053 7 330
2064 7 48
2075 7 537
2086 7 581
2097 7 347
2108 7 510
2119 7 433
2130 7 377
2141 7 412
2152 7 285
2163 7 445
2174 7 984
2185 7 827
2196 7 96
2207 7 502
2218 7 744
2229 7 338
2240 7 632
2251 7 451
2262 7 118
2273 7 512
2284 7 243
2295 7 429
2306 7 516
2317 7 291
2328 7 652
2339 7 709
2350 7 176
2361 7 819
2372 7 891
2383 7 15
2394 7 887
2405 7 823
2416 7 595
2427 7 553
2438 7 123
2449 7 531
2460 7 625
2471 7 189
2482 7 521
2493 7 454
2504 7 120
2515 7 41
2526 7 868
2537 7 650
2548 7 703
2559 7 731
2570 7 889
2581 7 645
2592 7 557
2603 7 605
2614 7 648
2625 7 414
2636 7 313
2647 7 33
2658 7 945
2669 7 765
2680 7 735
2691 7 243
2702 7 695
2713 7 415
2724 7 336
2735 7 792
2746 7 59
2757 7 996
2768 7 586
2779 7 886
2790 7 858
2801 7 911
2812 7 319
2823 7 36
2834 7 52
2845 7 141
2856 7 122
2867 7 327
2878 7 644
2889 7 619
2900 7 769
2911 7 593
2922 7 174
2933 7 757
2944 7 244
2955 7 668
2966 7 54
2977 7 863
2988 7 439
2999 7 844
9 8 248
20 8 481
31 8 93
42 8 826
53 8 516
64 8 161
75 8 895
86 8 462
97 8 467
108 8 767
119 8 558
130 8 466
141 8 301
152 8 554
163 8 704
174 8 874
185 8 320
196 8 759
207 8 91
218 8 223
229 8 149
240 8 960
251 8 715
262 8 577
273 8 749
284 8 553
295 8 386
306 8 443
317 8 906
328 8 487
339 8 545
350 8 606
361 8 972
372 8 295
383 8 890
394 8 509
405 8 760
416 8 259
427 8 31
438 8 201
449 8 941
460 8 608
471 8 494
482 8 211
493 8 640
504 8 534
515 8 778
526 8 990
537 8 148
548 8 190
559 8 231
570 8 1
581 8 609
592 8 170
603 8 130
614 8 657
625 8 42
636 8 661
647 8 784
658 8 158
669 8 22
680 8 394
691 8 564
702 8 423
713 8 298
724 8 330
735 8 166
746 8 170
757 8 315
768 8 443
779 8 581
790 8 11
801 8 422
812 8 85
823 8 890
834 8 194
845 8 513
856 8 317
867 8 435
878 8 822
889 8 40
900 8 235
911 8 435
922 8 476
933 8 860
944 8 673
955 8 416
966 8 579
977 8 593
988 8 863
999 8 653
1010 8 163
1021 8 845
1032 8 265
1043 8 591
1054 8 98
1065 8 299
1076 8 48
1087 8 245
1098 8 957
1109 8 169
1120 8 279
1131 8 429
1142 8 920
1153 8 61
1164 8 222
1175 8 510
1186 8 478
1197 8 495
1208 8 89
1219 8 922
1230 8 838
1241 8 337
1252 8 758
1263 8 748
1274 8 26
1285 8 524
1296 8 97
1307 8 503
1318 8 629
1329 8 564
1340 8 901
1351 8 240
1362 8 804
1373 8 161
1384 8 171
1395 8 4
1406 8 230
1417 8 339
1428 8 513
1439 8 422
1450 8 708
1461 8 925
1472 8 699
1483 8 807
1494 8 442
1505 8 217
1516 8 315
1527 8 718
1538 8 882
1549 8 218
1560 8 911
1571 8 921
1582 8 259
1593 8 347
1604 8 240
1615 8 408
1626 8 104
1637 8 739
1648 8 794
1659 8 155
1670 8 937
1681 8 846
1692 8 60
1703 8 190
1714 8 67
1725 8 149
1736 8 837
1747 8 929
1758 8 869
1769 8 600
1780 8 491
1791 8 708
1802 8 649
1813 8 253
1824 8 886
1835 8 485
1846 8 410
1857 8 601
1868 8 366
1879 8 402
1890 8 486
1901 8 788
1912 8 34
1923 8 918
1934 8 865
1945 8 33
1956 8 644
1967 8 980
1978 8 183
1989 8 790
2000 8 497
2011 8 243
2022 8 611
2033 8 448
2044 8 249
2055 8 89
2066 8 800
2077 8 240
2088 8 768
2099 8 111
2110 8 160
2121 8 964
2132 8 475
2143 8 829
2154 8 98
2165 8 279
2176 8 6
2187 8 321
2198 8 332
2209 8 194
2220 8 148
2231 8 431
2242 8 82
2253 8 412
2264 8 410
2275 8 63
2286 8 507
2297 8 117
2308 8 441
2319 8 356
2330 8 678
2341 8 287
2352 8 231
2363 8 983
2374 8 987
2385 8 150
2396 8 493
2407 8 67
2418 8 118
2429 8 162
2440 8 970
2451 8 491
2462 8 497
2473 8 930
2484 8 120
2495 8 571
2506 8 533
2517 8 303
2528 8 63
2539 8 170
2550 8 691
2561 8 56
2572 8 484
2583 8 574
2594 8 533
2605 8 981
2616 8 13
2627 8 274
2638 8 733
2649 8 477
2660 8 192
2671 8 441
2682 8 908
2693 8 136
2704 8 540
2715 8 154
2726 8 506
2737 8 993
2748 8 478
2759 8 247
2770 8 882
2781 8 107
2792 8 379
2803 8 570
2814 8 194
2825 8 628
2836 8 647
2847 8 669
2858 8 505
2869 8 908
2880 8 634
2891 8 536
2902 8 773
2913 8 541
2924 8 434
2935 8 773
2946 8 877
2957 8 873
2968 8 181
2979 8 631
2990 8 114
0 9 659
11 9 581
22 9 734
33 9 405
44 9 58
55 9 860
66 9 784
77 9 208
88 9 446
99 9 909
110 9 337
121 9 251
132 9 489
143 9 706
154 9 136
165 9 782
176 9 775
187 9 160
198 9 798
209 9 811
220 9 633
231 9 511
242 9 750
253 9 706
264 9 31
275 9 754
286 9 219
297 9 436
308 9 241
319 9 284
330 9 845
341 9 965
352 9 65
363 9 227
374 9 898
385 9 401
396 9 316
407 9 472
418 9 513
429 9 525
440 9 282
451 9 862
462 9 374
473 9 134
484 9 30
495 9 558
506 9 570
517 9 327
528 9 509
539 9 723
550 9 613
561 9 392
572 9 220
583 9 218
594 9 950
605 9 641
616 9 236
627 9 312
638 9 451
649 9 522
660 9 931
671 9 661
682 9 240
693 9 199
704 9 89
715 9 58
726 9 714
737 9 975
748 9 717
759 9 654
770 9 552
781 9 110
792 9 567
803 9 28
814 9 536
825 9 926
836 9 9
847 9 340
858 9 980
869 9 24
880 9 955
891 9 477
902 9 845
913 9 69
924 9 314
935 9 271
946 9 572
957 9 959
968 9 835
979 9 464
990 9 928
1001 9 943
1012 9 338
1023 9 317
1034 9 205
1045 9 457
1056 9 663
1067 9 967
1078 9 687
1089 9 546
1100 9 121
1111 9 536
1122 9 421
1133 9 245
1144 9 681
1155 9 635
1166 9 533
1177 9 259
1188 9 451
1199 9 977
1210 9 336
1221 9 392
1232 9 359
1243 9 372
1254 9 252
1265 9 711
1276 9 914
1287 9 820
1298 9 559
1309 9 636
1320 9 9
1331 9 484
1342 9 184
1353 9 444
1364 9 899
1375 9 383
1386 9 865
1397 9 908
1408 9 63
1419 9 716
1430 9 134
1441 9 519
1452 9 792
1463 9 552
1474 9 776
1485 9 441
1496 9 999
1507 9 941
1518 9 587
1529 9 456
1540 9 360
1551 9 269
1562 9 717
1573 9 248
1584 9 731
1595 9 917
1606 9 652
1617 9 806
1628 9 859
1639 9 596
1650 9 378
1661 9 191
1672 9 589
1683 9 17
1694 9 355
1705 9 197
1716 9 208
1727 9 26
1738 9 427
1749 9 184
1760 9 291
1771 9 738
1782 9 156
1793 9 675
1804 9 746
1815 9 954
1826 9 69
1837 9 123
1848 9 269
1859 9 37
1870 9 884
1881 9 532
1892 9 412
1903 9 310
1914 9 72
1925 9 517
1936 9 135
1947 9 352
1958 9 981
1969 9 318
1980 9 10
1991 9 195
2002 9 813
2013 9 587
2024 9 286
2035 9 255
2046 9 366
2057 9 723
2068 9 182
2079 9 10
2090 9 809
2101 9 517
2112 9 105
2123 9 510
2134 9 501
2145 9 621
2156 9 929
2167 9 945
2178 9 973
2189 9 993
2200 9 976
2211 9 195
2222 9 97
2233 9 947
2244 9 981
2255 9 477
2266 9 940
2277 9 732
2288 9 962
2299 9 810
2310 9 87
2321 9 780
2332 9 889
2343 9 216
2354 9 701
2365 9 898
2376 9 700
2387 9 202
2398 9 629
2409 9 633
2420 9 145
2431 9 235
2442 9 993
2453 9 229
2464 9 528
2475 9 979
2486 9 18
2497 9 90
2508 9 563
2519 9 487
2530 9 438
2541 9 816
2552 9 336
2563 9 148
2574 9 300
2585 9 107
2596 9 786
2607 9 776
2618 9 118
2629 9 507
2640 9 666
2651 9 455
2662 9 270
2673 9 694
2684 9 916
2695 9 661
2706 9 226
2717 9 900
2728 9 408
2739 9 409
2750 9 577
2761 9 242
2772 9 366
2783 9 245
2794 9 711
2805 9 339
2816 9 550
2827 9 967
2838 9 987
2849 9 806
2860 9 900
2871 9 970
2882 9 55
2893 9 942
2904 9 319
2915 9 959
2926 9 3
2937 9 241
2948 9 566
2959 9 493
2970 9 227
2981 9 165
2992 9 940
2 10 885
13 10 399
24 10 758
35 10 299
46 10 932
57 10 25
68 10 89
79 10 608
90 10 352
101 10 544
112 10 941
123 10 515
134 10 521
145 10 797
156 10 939
167 10 531
178 10 378
189 10 365
200 10 189
211 10 517
222 10 285
233 10 117
244 10 403
255 10 70
266 10 949
277 10 211
288 10 607
299 10 685
310 10 640
321 10 542
332 10 971
343 10 271
354 10 195
365 10 904
376 10 478
387 10 680
398 10 627
409 10 254
420 10 94
431 10 884
442 10 25
453 10 390
464 10 606
475 10 639
486 10 671
497 10 529
508 10 321
519 10 788
530 10 661
541 10 230
552 10 555
563 10 643
574 10 148
585 10 184
596 10 214
607 10 147
618 10 675
629 10 502
640 10 781
651 10 231
662 10 740
673 10 765
684 10 299
695 10 606
706 10 827
717 10 628
728 10 651
739 10 128
750 10 500
761 10 354
772 10 875
783 10 381
794 10 71
805 10 979
816 10 471
827 10 901
838 10 933
849 10 336
860 10 83
871 10 104
882 10 110
893 10 805
904 10 576
915 10 613
926 10 496
937 10 613
948 10 258
959 10 295
970 10 134
981 10 86
992 10 676
1003 10 876
1014 10 960
1025 10 210
1036 10 253
1047 10 682
1058 10 918
1069 10 945
1080 10 936
1091 10 60
1102 10 154
1113 10 370
1124 10 983
1135 10 879
1146 10 554
1157 10 685
1168 10 643
1179 10 535
1190 10 362
1201 10 736
1212 10 602
1223 10 547
1234 10 57
1245 10 862
1256 10 385
1267 10 987
1278 10 712
1289 10 232
1300 10 68
1311 10 816
1322 10 528
1333 10 453
1344 10 6
1355 10 950
1366 10 163
1377 10 127
1388 10 239
1399 10 271
1410 10 990
1421 10 292
1432 10 869
1443 10 474
1454 10 688
1465 10 637
1476 10 890
1487 10 723
1498 10 945
1509 10 399
1520 10 427
1531 10 820
1542 10 231
1553 10 136
1564 10 990
1575 10 103
1586 10 166
1597 10 516
1608 10 789
1619 10 483
1630 10 324
1641 10 647
1652 10 398
1663 10 640
1674 10 668
1685 10 353
1696 10 418
1707 10 167
1718 10 65
1729 10 127
1740 10 568
1751 10 812
1762 10 849
1773 10 677
1784 10 162
1795 10 594
1806 10 199
1817 10 736
1828 10 684
1839 10 42
1850 10 1
1861 10 223
1872 10 283
1883 10 794
1894 10 624
1905 10 327
1916 10 968
1927 10 915
1938 10 191
1949 10 687
1960 10 566
1971 10 675
1982 10 944
1993 10 49
2004 10 297
2015 10 974
2026 10 199
2037 10 652
2048 10 61
2059 10 782
2070 10 54
2081 10 694
2092 10 560
2103 10 934
2114 10 893
2125 10 691
2136 10 456
2147 10 141
2158 10 829
2169 10 938
2180 10 52
2191 10 782
2202 10 865
2213 10 153
2224 10 552
2235 10 719
2246 10 238
2257 10 445
2268 10 969
2279 10 155
2290 10 585
2301 10 547
2312 10 319
2323 10 60
2334 10 249
2345 10 270
2356 10 574
2367 10 340
2378 10 894
2389 10 242
2400 10 451
2411 10 143
2422 10 844
2433 10 906
2444 10 93
2455 10 779
2466 10 707
2477 10 218
2488 10 693
2499 10 583
2510 10 60
2521 10 751
2532 10 42
2543 10 492
2554 10 765
2565 10 347
2576 10 810
2587 10 401
2598 10 396
2609 10 579
2620 10 509
2631 10 178
2642 10 994
2653 10 138
2664 10 411
2675 10 197
2686 10 236
2697 10 817
2708 10 212
2719 10 776
2730 10 671
2741 10 985
2752 10 459
2763 10 3
2774 10 983
2785 10 544
2796 10 315
2807 10 782
2818 10 136
2829 10 729
2840 10 647
2851 10 795
2862 10 272
2873 10 613
2884 10 42
2895 10 608
2906 10 976
2917 10 474
2928 10 324
2939 10 14
2950 10 111
2961 10 458
2972 10 503
2983 10 268
2994 10 392
4 11 931
15 11 770
26 11 595
37 11 515
48 11 72
59 11 153
70 11 781
81 11 714
92 11 535
103 11 244
114 11 757
125 11 576
136 11 300
147 11 588
158 11 498
169 11 759
180 11 977
191 11 592
202 11 618
213 11 780
224 11 852
235 11 984
246 11 933
257 11 117
268 11 830
279 11 750
290 11 719
301 11 766
312 11 798
323 11 16
334 11 577
345 11 612
356 11 378
367 11 163
378 11 732
389 11 79
400 11 646
411 11 535
422 11 592
433 11 783
444 11 954
455 11 239
466 11 867
477 11 345
488 11 482
499 11 547
510 11 15
521 11 969
532 11 803
543 11 382
554 11 757
565 11 197
576 11 339
587 11 201
598 11 411
609 11 355
620 11 294
631 11 48
642 11 216
653 11 425
664 11 839
675 11 862
686 11 735
697 11 116
708 11 198
719 11 130
730 11 128
741 11 243
752 11 545
763 11 358
774 11 210
785 11 571
796 11 47
807 11 275
818 11 647
829 11 160
840 11 241
851 11 278
862 11 212
873 11 649
884 11 86
895 11 644
906 11 229
917 11 844
928 11 483
939 11 851
950 11 231
961 11 259
972 11 363
983 11 50
994 11 640
1005 11 820
1016 11 425
1027 11 300
1038 11 212
1049 11 896
1060 11 980
1071 11 968
1082 11 152
1093 11 266
1104 11 598
1115 11 620
1126 11 554
1137 11 436
1148 11 722
1159 11 198
1170 11 542
1181 11 512
1192 11 2
1203 11 43
1214 11 333
1225 11 646
1236 11 269
1247 11 147
1258 11 27
1269 11 370
1280 11 175
1291 11 808
1302 11 983
1313 11 520
1324 11 941
1335 11 560
1346 11 318
1357 11 489
1368 11 656
1379 11 513
1390 11 715
1401 11 247
1412 11 285
1423 11 703
1434 11 436
1445 11 283
1456 11 407
1467 11 358
1478 11 924
1489 11 812
1500 11 438
1511 11 607
1522 11 393
1533 11 444
1544 11 251
1555 11 290
1566 11 654
1577 11 681
1588 11 889
1599 11 707
1610 11 512
1621 11 66
1632 11 248
1643 11 516
1654 11 565
1665 11 9
1676 11 973
1687 11 359
1698 11 678
1709 11 974
1720 11 905
1731 11 934
1742 11 104
1753 11 430
1764 11 606
1775 11 584
1786 11 396
1797 11 28
1808 11 510
1819 11 629
1830 11 451
1841 11 174
1852 11 423
1863 11 842
1874 11 399
1885 11 469
1896 11 338
1907 11 657
1918 11 988
1929 11 756
1940 11 286
1951 11 601
1962 11 611
1973 11 180
1984 11 35
1995 11 110
2006 11 645
2017 11 1000
2028 11 359
2039 11 479
2050 11 274
2061 11 655
2072 11 137
2083 11 823
2094 11 859
2105 11 545
2116 11 17
2127 11 243
2138 11 58
2149 11 711
2160 11 789
2171 11 476
2182 11 486
2193 11 146
2204 11 989
2215 11 782
2226 11 805
2237 11 847
2248 11 286
2259 11 367
2270 11 267
2281 11 827
2292 11 660
2303 11 16
2314 11 900
2325 11 257
2336 11 733
2347 11 669
2358 11 17
2369 11 515
2380 11 344
2391 11 132
2402 11 18
2413 11 927
2424 11 993
2435 11 665
2446 11 458
2457 11 73
2468 11 154
2479 11 772
2490 11 707
2501 11 938
2512 11 75
2523 11 845
2534 11 544
2545 11 623
2556 11 50
2567 11 479
2578 11 395
2589 11 58
2600 11 980
2611 11 538
2622 11 492
2633 11 337
2644 11 187
2655 11 901
2666 11 142
2677 11 761
2688 11 456
2699 11 369
2710 11 830
2721 11 640
2732 11 289
2743 11 327
2754 11 864
2765 11 299
2776 11 480
2787 11 609
2798 11 633
2809 11 994
2820 11 806
2831 11 824
2842 11 908
2853 11 867
2864 11 244
2875 11 262
2886 11 771
2897 11 403
2908 11 222
2919 11 476
2930 11 470
2941 11 69
2952 11 798
2963 11 42
2974 11 188
2985 11 213
2996 11 100
6 12 947
17 12 902
28 12 640
39 12 219
50 12 64
61 12 621
72 12 271
83 12 743
94 12 590
105 12 66
116 12 735
127 12 873
138 12 41
149 12 264
160 12 480
171 12 919
182 12 492
193 12 530
204 12 66
215 12 728
226 12 584
237 12 436
248 12 456
259 12 701
270 12 392
281 12 311
292 12 921
303 12 530
314 12 476
325 12 758
336 12 522
347 12 135
358 12 313
369 12 699
380 12 736
391 12 119
402 12 434
413 12 179
424 12 406
435 12 38
446 12 403
457 12 673
468 12 739
479 12 658
490 12 873
501 12 132
512 12 266
523 12 151
534 12 773
545 12 920
556 12 686
567 12 304
578 12 659
589 12 774
600 12 505
611 12 785
622 12 668
633 12 576
644 12 850
655 12 87
666 12 160
677 12 504
688 12 683
699 12 304
710 12 647
721 12 741
732 12 659
743 12 336
754 12 393
765 12 948
776 12 78
787 12 843
798 12 384
809 12 212
820 12 749
831 12 836
842 12 29
853 12 739
864 12 921
875 12 919
886 12 255
897 12 759
908 12 687
919 12 837
930 12 208
941 12 121
952 12 129
963 12 707
974 12 919
985 12 396
996 12 280
1007 12 595
1018 12 683
1029 12 394
1040 12 75
1051 12 556
1062 12 84
1073 12 346
1084 12 523
1095 12 433
1106 12 128
1117 12 73
1128 12 179
1139 12 946
1150 12 249
1161 12 468
1172 12 799
1183 12 809
1194 12 615
1205 12 568
1216 12 19
1227 12 939
1238 12 424
1249 12 18
1260 12 51
1271 12 489
1282 12 478
1293 12 692
1304 12 842
1315 12 346
1326 12 462
1337 12 126
1348 12 212
1359 12 366
1370 12 782
1381 12 406
1392 12 380
1403 12 898
1414 12 235
1425 12 145
1436 12 171
1447 12 137
1458 12 515
1469 12 528
1480 12 251
1491 12 705
1502 12 304
1513 12 487
1524 12 571
1535 12 759
1546 12 631
1557 12 806
1568 12 661
1579 12 333
1590 12 101
1601 12 183
1612 12 639
1623 12 598
1634 12 797
1645 12 469
1656 12 980
1667 12 506
1678 12 403
1689 12 160
1700 12 872
1711 12 680
1722 12 855
1733 12 973
1744 12 600
1755 12 756
1766 12 957
1777 12 92
1788 12 477
1799 12 439
1810 12 930
1821 12 30
1832 12 693
1843 12 40
1854 12 626
1865 12 64
1876 12 704
1887 12 130
1898 12 443
1909 12 873
1920 12 117
1931 12 276
1942 12 717
1953 12 491
1964 12 495
1975 12 582
1986 12 202
1997 12 204
2008 12 793
2019 12 323
2030 12 140
2041 12 544
2052 12 986
2063 12 354
2074 12 125
2085 12 719
2096 12 946
2107 12 579
2118 12 602
2129 12 256
2140 12 878
2151 12 34
2162 12 619
2173 12 36
2184 12 891
2195 12 993
2206 12 291
2217 12 192
2228 12 572
2239 12 162
2250 12 233
2261 12 57
2272 12 531
2283 12 421
2294 12 580
2305 12 855
2316 12 896
2327 12 743
2338 12 152
2349 12 390
2360 12 110
2371 12 200
2382 12 629
2393 12 592
2404 12 482
2415 12 620
2426 12 958
2437 12 460
2448 12 708
2459 12 877
2470 12 11
2481 12 569
2492 12 986
2503 12 706
2514 12 207
2525 12 394
2536 12 445
2547 12 34
2558 12 825
2569 12 998
2580 12 508
2591 12 664
2602 12 94
2613 12 69
2624 12 395
2635 12 138
2646 12 659
2657 12 376
2668 12 786
2679 12 221
2690 12 693
2701 12 530
2712 12 550
2723 12 984
2734 12 78
2745 12 274
2756 12 414
2767 12 20
2778 12 440
2789 12 151
2800 12 138
2811 12 526
2822 12 814
2833 12 320
2844 12 893
2855 12 732
2866 12 331
2877 12 789
2888 12 596
2899 12 10
2910 12 534
2921 12 918
2932 12 607
2943 12 203
2954 12 507
2965 12 89
2976 12 1000
2987 12 568
2998 12 599
8 13 238
19 13 78
30 13 789
41 13 951
52 13 282
63 13 239
74 13 664
85 13 540
96 13 19
107 13 231
118 13 422
129 13 33
140 13 714
151 13 313
162 13 417
173 13 636
184 13 943
195 13 832
206 13 566
217 13 399
228 13 966
239 13 13
250 13 846
261 13 264
272 13 525
283 13 961
294 13 650
305 13 552
316 13 926
327 13 336
338 13 740
349 13 246
360 13 728
371 13 265
382 13 430
393 13 903
404 13 493
415 13 385
426 13 608
437 13 457
448 13 749
459 13 428
470 13 50
481 13 18
492 13 96
503 13 77
514 13 840
525 13 878
536 13 644
547 13 431
558 13 399
569 13 392
580 13 737
591 13 885
602 13 990
613 13 56
624 13 503
635 13 19
646 13 582
657 13 773
668 13 551
679 13 728
690 13 757
701 13 53
712 13 861
723 13 363
734 13 219
745 13 893
756 13 656
767 13 478
778 13 44
789 13 720
800 13 981
811 13 290
822 13 6
833 13 89
844 13 568
855 13 698
866 13 46
877 13 866
888 13 478
899 13 509
910 13 1000
921 13 110
932 13 925
943 13 26
954 13 852
965 13 491
976 13 789
987 13 971
998 13 710
1009 13 988
1020 13 701
1031 13 37
1042 13 552
1053 13 965
1064 13 37
1075 13 279
1086 13 759
1097 13 787
1108 13 965
1119 13 623
1130 13 778
1141 13 585
1152 13 615
1163 13 502
1174 13 785
1185 13 896
1196 13 309
1207 13 21
1218 13 779
1229 13 305
1240 13 716
1251 13 707
1262 13 355
1273 13 77
1284 13 735
1295 13 973
1306 13 916
1317 13 669
1328 13 422
1339 13 907
1350 13 538
1361 13 699
1372 13 683
1383 13 51
1394 13 554
1405 13 5
1416 13 124
1427 13 680
1438 13 408
1449 13 87
1460 13 324
1471 13 361
1482 13 73
1493 13 590
1504 13 315
1515 13 778
1526 13 833
1537 13 574
1548 13 352
1559 13 778
1570 13 789
1581 13 943
1592 13 876
1603 13 465
1614 13 530
1625 13 875
1636 13 611
1647 13 499
1658 13 294
1669 13 676
1680 13 273
1691 13 931
1702 13 286
1713 13 500
1724 13 158
1735 13 249
1746 13 801
1757 13 650
1768 13 1
1779 13 451
1790 13 879
1801 13 276
1812 13 867
1823 13 903
1834 13 249
1845 13 712
1856 13 680
1867 13 876
1878 13 396
1889 13 225
1900 13 665
1911 13 176
1922 13 733
1933 13 873
1944 13 406
1955 13 589
1966 13 25
1977 13 772
1988 13 688
1999 13 995
2010 13 179
2021 13 874
2032 13 574
2043 13 760
2054 13 939
2065 13 373
2076 13 906
2087 13 909
2098 13 906
2109 13 571
2120 13 552
2131 13 328
2142 13 951
2153 13 742
2164 13 685
2175 13 880
2186 13 413
2197 13 1000
2208 13 808
2219 13 9
2230 13 968
2241 13 333
2252 13 286
2263 13 222
2274 13 726
2285 13 48
2296 13 362
2307 13 455
2318 13 2
2329 13 448
2340 13 969
2351 13 819
2362 13 115
2373 13 711
2384 13 379
2395 13 75
2406 13 181
2417 13 379
2428 13 536
2439 13 690
2450 13 419
2461 13 193
2472 13 624
2483 13 465
2494 13 125
2505 13 408
2516 13 343
2527 13 261
2538 13 999
2549 13 415
2560 13 663
2571 13 35
2582 13 418
2593 13 510
2604 13 61
2615 13 926
2626 13 500
2637 13 246
2648 13 701
2659 13 405
2670 13 22
2681 13 186
2692 13 881
2703 13 853
2714 13 362
2725 13 575
2736 13 10
2747 13 379
2758 13 997
2769 13 613
2780 13 774
2791 13 165
2802 13 435
2813 13 37
2824 13 37
2835 13 779
2846 13 220
2857 13 199
2868 13 193
2879 13 802
2890 13 655
2901 13 661
2912 13 354
2923 13 292
2934 13 588
2945 13 641
2956 13 905
2967 13 325
2978 13 365
2989 13 138
10 14 103
21 14 575
32 14 273
43 14 945
54 14 222
65 14 88
76 14 623
87 14 663
98 14 732
109 14 457
120 14 572
131 14 761
142 14 57
153 14 878
164 14 151
175 14 124
186 14 715
197 14 450
208 14 349
219 14 369
230 14 768
241 14 942
252 14 205
263 14 938
274 14 663
285 14 852
296 14 380
307 14 415
318 14 336
329 14 16
340 14 431
351 14 846
362 14 350
373 14 927
384 14 750
395 14 745
406 14 163
417 14 904
428 14 108
439 14 725
450 14 388
461 14 732
472 14 111
483 14 196
494 14 168
505 14 979
516 14 633
527 14 666
538 14 601
549 14 120
560 14 891
571 14 167
582 14 598
593 14 696
604 14 68
615 14 718
626 14 340
637 14 856
648 14 162
659 14 592
670 14 371
681 14 290
692 14 12
703 14 446
714 14 785
725 14 299
736 14 997
747 14 370
758 14 480
769 14 398
780 14 933
791 14 839
802 14 312
813 14 872
824 14 853
835 14 593
846 14 56
857 14 950
868 14 46
879 14 219
890 14 277
901 14 78
912 14 347
923 14 839
934 14 212
945 14 283
956 14 811
967 14 491
978 14 125
989 14 12
1000 14 433
1011 14 37
1022 14 219
1033 14 318
1044 14 777
1055 14 591
1066 14 53
1077 14 740
1088 14 805
1099 14 714
1110 14 55
1121 14 188
1132 14 1
1143 14 819
1154 14 706
1165 14 371
1176 14 117
1187 14 943
1198 14 28
1209 14 69
1220 14 345
1231 14 890
1242 14 186
1253 14 136
1264 14 381
1275 14 656
1286 14 654
1297 14 705
1308 14 993
1319 14 524
1330 14 722
1341 14 101
1352 14 499
1363 14 392
1374 14 864
1385 14 733
1396 14 369
1407 14 666
1418 14 513
1429 14 807
1440 14 917
1451 14 944
1462 14 975
1473 14 776
1484 14 312
1495 14 531
1506 14 764
1517 14 414
1528 14 354
1539 14 171
1550 14 10
1561 14 451
1572 14 858
1583 14 241
1594 14 328
1605 14 66
1616 14 717
1627 14 614
1638 14 225
1649 14 274
1660 14 117
1671 14 362
1682 14 119
1693 14 722
1704 14 462
1715 14 843
1726 14 662
1737 14 894
1748 14 729
1759 14 577
1770 14 596
1781 14 117
1792 14 936
1803 14 818
1814 14 469
1825 14 535
1836 14 292
1847 14 129
1858 14 583
1869 14 926
1880 14 389
1891 14 947
1902 14 787
1913 14 337
1924 14 739
1935 14 832
1946 14 461
1957 14 121
1968 14 745
1979 14 986
1990 14 72
2001 14 409
2012 14 127
2023 14 36
2034 14 618
2045 14 59
2056 14 457
2067 14 809
2078 14 858
2089 14 992
2100 14 6
2111 14 166
2122 14 843
2133 14 580
2144 14 568
2155 14 578
2166 14 417
2177 14 120
2188 14 503
2199 14 641
2210 14 350
2221 14 708
2232 14 908
2243 14 868
2254 14 448
2265 14 923
2276 14 645
2287 14 482
2298 14 703
2309 14 333
2320 14 437
2331 14 571
2342 14 411
2353 14 531
2364 14 728
2375 14 710
2386 14 607
2397 14 838
2408 14 619
2419 14 773
2430 14 81
2441 14 529
2452 14 843
2463 14 65
2474 14 93
2485 14 386
2496 14 810
2507 14 183
2518 14 784
2529 14 351
2540 14 15
2551 14 262
2562 14 59
2573 14 467
2584 14 967
2595 14 819
2606 14 146
2617 14 359
2628 14 970
2639 14 33
2650 14 804
2661 14 933
2672 14 956
2683 14 638
2694 14 513
2705 14 738
2716 14 541
2727 14 358
2738 14 826
2749 14 661
2760 14 134
2771 14 834
2782 14 776
2793 14 461
2804 14 730
2815 14 34
2826 14 653
2837 14 544
2848 14 759
2859 14 587
2870 14 36
2881 14 947
2892 14 739
2903 14 461
2914 14 716
2925 14 35
2936 14 672
2947 14 849
2958 14 517
2969 14 754
2980 14 828
2991 14 21
1 15 931
12 15 455
23 15 733
34 15 753
45 15 398
56 15 175
67 15 916
78 15 592
89 15 546
100 15 91
111 15 104
122 15 10
133 15 27
144 15 946
155 15 141
166 15 941
177 15 728
188 15 992
199 15 289
210 15 287
221 15 379
232 15 833
243 15 668
254 15 50
265 15 323
276 15 681
287 15 844
298 15 244
309 15 62
320 15 430
331 15 34
342 15 963
353 15 538
364 15 785
375 15 810
386 15 54
397 15 944
408 15 753
419 15 84
430 15 394
441 15 279
452 15 582
463 15 86
474 15 475
485 15 278
496 15 774
507 15 182
518 15 534
529 15 979
540 15 311
551 15 712
562 15 613
573 15 845
584 15 784
595 15 744
606 15 550
617 15 546
628 15 625
639 15 414
650 15 818
661 15 523
672 15 149
683 15 617
694 15 991
705 15 322
716 15 138
727 15 684
738 15 280
749 15 333
760 15 970
771 15 912
782 15 488
793 15 84
804 15 675
815 15 52
826 15 979
837 15 803
848 15 122
859 15 679
870 15 363
881 15 379
892 15 729
903 15 513
914 15 280
925 15 538
936 15 556
947 15 235
958 15 194
969 15 362
980 15 79
991 15 525
1002 15 982
1013 15 987
1024 15 716
1035 15 877
1046 15 246
1057 15 777
1068 15 325
1079 15 941
1090 15 769
1101 15 559
1112 15 740
1123 15 48
1134 15 747
1145 15 614
1156 15 236
1167 15 949
1178 15 331
1189 15 355
1200 15 796
1211 15 95
1222 15 881
1233 15 743
1244 15 774
1255 15 112
1266 15 346
1277 15 830
1288 15 258
1299 15 882
1310 15 246
1321 15 135
1332 15 458
1343 15 964
1354 15 66
1365 15 460
1376 15 696
1387 15 753
1398 15 699
1409 15 154
1420 15 515
1431 15 290
1442 15 930
1453 15 151
1464 15 839
1475 15 65
1486 15 552
1497 15 687
1508 15 874
1519 15 223
1530 15 325
1541 15 390
1552 15 781
1563 15 389
1574 15 345
1585 15 828
1596 15 645
1607 15 829
1618 15 775
1629 15 120
1640 15 605
1651 15 488
1662 15 98
1673 15 697
1684 15 814
1695 15 210
1706 15 486
1717 15 844
1728 15 96
1739 15 76
1750 15 678
1761 15 926
1772 15 930
1783 15 71
1794 15 899
1805 15 601
1816 15 813
1827 15 589
1838 15 551
1849 15 947
1860 15 678
1871 15 929
1882 15 344
1893 15 951
1904 15 767
1915 15 124
1926 15 252
1937 15 300
1948 15 948
1959 15 436
1970 15 687
1981 15 673
1992 15 3
2003 15 40
2014 15 984
2025 15 279
2036 15 962
2047 15 786
2058 15 814
2069 15 23
2080 15 529
2091 15 38
2102 15 745
2113 15 907
2124 15 238
2135 15 226
2146 15 596
2157 15 329
2168 15 698
2179 15 796
2190 15 157
2201 15 133
2212 15 672
2223 15 511
2234 15 149
2245 15 504
2256 15 696
2267 15 853
2278 15 928
2289 15 733
2300 15 413
2311 15 660
2322 15 81
2333 15 593
2344 15 941
2355 15 481
2366 15 902
2377 15 664
2388 15 882
2399 15 986
2410 15 84
2421 15 942
2432 15 981
2443 15 386
2454 15 196
2465 15 420
2476 15 747
2487 15 56
2498 15 688
2509 15 548
2520 15 769
2531 15 379
2542 15 561
2553 15 325
2564 15 207
2575 15 176
2586 15 655
2597 15 110
2608 15 492
2619 15 549
2630 15 823
2641 15 812
2652 15 438
2663 15 666
2674 15 197
2685 15 435
2696 15 155
2707 15 662
2718 15 239
2729 15 177
2740 15 862
2751 15 903
2762 15 133
2773 15 75
2784 15 291
2795 15 788
2806 15 349
2817 15 524
2828 15 126
2839 15 131
2850 15 203
2861 15 845
2872 15 860
2883 15 536
2894 15 983
2905 15 257
2916 15 884
2927 15 15
2938 15 558
2949 15 10
2960 15 77
2971 15 915
2982 15 214
2993 15 147
3 16 128
14 16 848
25 16 448
36 16 100
47 16 908
58 16 342
69 16 34
80 16 95
91 16 158
102 16 321
113 16 299
124 16 31
135 16 46
146 16 383
157 16 642
168 16 390
179 16 309
190 16 375
201 16 885
212 16 11
223 16 74
234 16 914
245 16 57
256 16 914
267 16 98
278 16 653
289 16 209
300 16 100
311 16 464
322 16 295
333 16 377
344 16 361
355 16 797
366 16 674
377 16 731
388 16 733
399 16 668
410 16 905
421 16 73
432 16 658
443 16 173
454 16 763
465 16 925
476 16 614
487 16 920
498 16 220
509 16 264
520 16 179
531 16 80
542 16 16
553 16 255
564 16 20
575 16 193
586 16 499
597 16 554
608 16 971
619 16 274
630 16 805
641 16 732
652 16 189
663 16 501
674 16 282
685 16 452
696 16 114
707 16 189
718 16 58
729 16 821
740 16 717
751 16 417
762 16 60
773 16 892
784 16 574
795 16 90
806 16 148
817 16 171
828 16 49
839 16 327
850 16 990
861 16 73
872 16 723
883 16 291
894 16 519
905 16 789
916 16 524
927 16 290
938 16 465
949 16 563
960 16 116
971 16 426
982 16 680
993 16 966
1004 16 871
1015 16 965
1026 16 238
1037 16 848
1048 16 504
1059 16 919
1070 16 204
1081 16 678
1092 16 760
1103 16 374
1114 16 566
1125 16 100
1136 16 884
1147 16 43
1158 16 772
1169 16 463
1180 16 950
1191 16 905
1202 16 182
1213 16 852
1224 16 687
1235 16 142
1246 16 90
1257 16 676
1268 16 283
1279 16 14
1290 16 908
1301 16 702
1312 16 333
1323 16 645
1334 16 800
1345 16 222
1356 16 217
1367 16 388
1378 16 676
1389 16 938
1400 16 57
1411 16 754
1422 16 649
1433 16 636
1444 16 601
1455 16 816
1466 16 758
1477 16 384
1488 16 190
1499 16 985
1510 16 108
1521 16 707
1532 16 66
1543 16 141
1554 16 583
1565 16 991
1576 16 140
1587 16 494
1598 16 800
1609 16 86
1620 16 959
1631 16 226
1642 16 372
1653 16 534
1664 16 260
1675 16 878
1686 16 155
1697 16 766
1708 16 495
1719 16 214
1730 16 959
1741 16 355
1752 16 804
1763 16 954
1774 16 274
1785 16 596
1796 16 74
1807 16 876
1818 16 53
1829 16 93
1840 16 817
1851 16 834
1862 16 345
1873 16 323
1884 16 183
1895 16 730
1906 16 455
1917 16 55
1928 16 419
1939 16 504
1950 16 41
1961 16 634
1972 16 231
1983 16 666
1994 16 757
2005 16 300
2016 16 223
2027 16 99
2038 16 418
2049 16 800
2060 16 778
2071 16 738
2082 16 960
2093 16 970
2104 16 107
2115 16 776
2126 16 160
2137 16 315
2148 16 494
2159 16 298
2170 16 733
2181 16 711
2192 16 410
2203 16 596
2214 16 932
2225 16 234
2236 16 972
2247 16 14
2258 16 46
2269 16 713
2280 16 368
2291 16 236
2302 16 273
2313 16 768
2324 16 188
2335 16 668
2346 16 619
2357 16 719
2368 16 420
2379 16 175
2390 16 522
2401 16 961
2412 16 921
2423 16 580
2434 16 295
2445 16 640
2456 16 730
2467 16 827
2478 16 983
2489 16 542
2500 16 779
2511 16 851
2522 16 354
2533 16 979
2544 16 632
2555 16 338
2566 16 241
2577 16 329
2588 16 274
2599 16 683
2610 16 288
2621 16 961
2632 16 747
2643 16 399
2654 16 742
2665 16 577
2676 16 546
2687 16 132
2698 16 817
2709 16 895
2720 16 386
2731 16 300
2742 16 642
2753 16 719
2764 16 220
2775 16 232
2786 16 340
2797 16 899
2808 16 226
2819 16 553
2830 16 389
2841 16 378
2852 16 626
2863 16 821
2874 16 245
2885 16 991
2896 16 708
2907 16 192
2918 16 44
2929 16 429
2940 16 773
2951 16 134
2962 16 570
2973 16 272
2984 16 945
2995 16 103
5 17 263
16 17 376
27 17 20
38 17 624
49 17 240
60 17 779
71 17 126
82 17 229
93 17 57
104 17 508
115 17 504
126 17 804
137 17 416
148 17 830
159 17 773
170 17 212
181 17 882
192 17 631
203 17 179
214 17 213
225 17 664
236 17 801
247 17 235
258 17 228
269 17 774
280 17 953
291 17 954
302 17 300
313 17 657
324 17 547
335 17 546
346 17 697
357 17 782
368 17 91
379 17 302
390 17 440
401 17 62
412 17 518
423 17 445
434 17 903
445 17 474
456 17 473
467 17 481
478 17 55
489 17 189
500 17 470
511 17 83
522 17 802
533 17 278
544 17 417
555 17 578
566 17 810
577 17 664
588 17 318
599 17 852
610 17 561
621 17 66
632 17 186
643 17 981
654 17 513
665 17 836
676 17 598
687 17 665
698 17 52
709 17 992
720 17 923
731 17 946
742 17 120
753 17 283
764 17 219
775 17 640
786 17 740
797 17 670
808 17 34
819 17 201
830 17 283
841 17 37
852 17 678
863 17 891
874 17 46
885 17 542
896 17 86
907 17 169
918 17 147
929 17 943
940 17 538
951 17 712
962 17 141
973 17 372
984 17 495
995 17 614
1006 17 581
1017 17 738
1028 17 555
1039 17 823
1050 17 921
1061 17 493
1072 17 322
1083 17 330
1094 17 682
1105 17 124
1116 17 907
1127 17 590
1138 17 164
1149 17 383
1160 17 175
1171 17 556
1182 17 997
1193 17 817
1204 17 685
1215 17 442
1226 17 330
1237 17 848
1248 17 186
1259 17 516
1270 17 478
1281 17 308
1292 17 6
1303 17 607
1314 17 223
1325 17 30
1336 17 782
1347 17 110
1358 17 967
1369 17 775
1380 17 317
1391 17 200
1402 17 466
1413 17 172
1424 17 109
1435 17 837
1446 17 525
1457 17 268
1468 17 136
1479 17 193
1490 17 416
1501 17 142
1512 17 124
1523 17 258
1534 17 189
1545 17 525
1556 17 839
1567 17 511
1578 17 299
1589 17 259
1600 17 764
1611 17 63
1622 17 866
1633 17 278
1644 17 674
1655 17 498
1666 17 459
1677 17 217
1688 17 563
1699 17 116
1710 17 29
1721 17 760
1732 17 662
1743 17 72
1754 17 722
1765 17 687
1776 17 580
1787 17 434
1798 17 370
1809 17 317
1820 17 945
1831 17 947
1842 17 404
1853 17 813
1864 17 958
1875 17 64
1886 17 442
1897 17 508
1908 17 130
1919 17 553
1930 17 398
1941 17 800
1952 17 412
1963 17 250
1974 17 826
1985 17 835
1996 17 658
2007 17 604
2018 17 602
2029 17 530
2040 17 436
2051 17 258
2062 17 668
2073 17 665
2084 17 822
2095 17 911
2106 17 847
2117 17 619
2128 17 387
2139 17 431
2150 17 306
2161 17 161
2172 17 521
2183 17 2
2194 17 262
2205 17 29
2216 17 518
2227 17 482
2238 17 399
2249 17 968
2260 17 289
2271 17 76
2282 17 480
2293 17 757
2304 17 936
2315 17 200
2326 17 810
2337 17 469
2348 17 766
2359 17 94
2370 17 413
2381 17 193
2392 17 542
2403 17 100
2414 17 156
2425 17 437
2436 17 169
2447 17 990
2458 17 531
2469 17 913
2480 17 935
2491 17 104
2502 17 478
2513 17 938
2524 17 111
2535 17 543
2546 17 636
2557 17 363
2568 17 114
2579 17 589
2590 17 877
2601 17 856
2612 17 19
2623 17 199
2634 17 52
2645 17 622
2656 17 525
2667 17 966
2678 17 598
2689 17 418
2700 17 404
2711 17 13
2722 17 613
2733 17 324
2744 17 517
2755 17 786
2766 17 449
2777 17 451
2788 17 886
2799 17 478
2810 17 291
2821 17 355
2832 17 457
2843 17 102
2854 17 907
2865 17 546
2876 17 998
2887 17 860
2898 17 805
2909 17 985
2920 17 565
2931 17 186
2942 17 853
2953 17 296
2964 17 362
2975 17 563
2986 17 408
2997 17 316
7 18 103
18 18 159
29 18 961
40 18 18
51 18 745
62 18 560
73 18 485
84 18 644
95 18 782
106 18 887
117 18 366
128 18 540
139 18 595
150 18 894
161 18 520
172 18 358
183 18 759
194 18 816
205 18 155
216 18 849
227 18 784
238 18 33
249 18 355
260 18 62
271 18 760
282 18 103
293 18 465
304 18 464
315 18 350
326 18 360
337 18 149
348 18 429
359 18 77
370 18 354
381 18 192
392 18 302
403 18 12
414 18 879
425 18 854
436 18 884
447 18 434
458 18 635
469 18 52
480 18 46
491 18 857
502 18 733
513 18 442
524 18 558
535 18 882
546 18 460
557 18 45
568 18 6
579 18 400
590 18 828
601 18 473
612 18 118
623 18 105
634 18 333
645 18 181
656 18 783
667 18 217
678 18 644
689 18 853
700 18 972
711 18 375
722 18 352
733 18 174
744 18 613
755 18 531
766 18 61
777 18 626
788 18 957
799 18 994
810 18 493
821 18 490
832 18 357
843 18 479
854 18 589
865 18 75
876 18 921
887 18 481
898 18 462
909 18 590
920 18 558
931 18 144
942 18 263
953 18 937
964 18 66
975 18 982
986 18 800
997 18 292
1008 18 981
1019 18 567
1030 18 733
1041 18 570
1052 18 562
1063 18 195
1074 18 552
1085 18 797
1096 18 223
1107 18 146
1118 18 414
1129 18 276
1140 18 329
1151 18 835
1162 18 809
1173 18 413
1184 18 697
1195 18 105
1206 18 339
1217 18 550
1228 18 824
1239 18 428
1250 18 892
1261 18 320
1272 18 379
1283 18 46
1294 18 569
1305 18 63
1316 18 888
1327 18 366
1338 18 460
1349 18 171
1360 18 799
1371 18 523
1382 18 219
1393 18 864
1404 18 842
1415 18 391
1426 18 132
1437 18 909
1448 18 221
1459 18 634
1470 18 288
1481 18 402
1492 18 986
1503 18 574
1514 18 445
1525 18 161
1536 18 322
1547 18 274
1558 18 432
1569 18 252
1580 18 924
1591 18 585
1602 18 800
1613 18 969
1624 18 31
1635 18 933
1646 18 435
1657 18 402
1668 18 33
1679 18 111
1690 18 166
1701 18 725
1712 18 415
1723 18 283
1734 18 363
1745 18 425
1756 18 807
1767 18 235
1778 18 593
1789 18 628
1800 18 716
1811 18 469
1822 18 459
1833 18 528
1844 18 813
1855 18 677
1866 18 64
1877 18 270
1888 18 111
1899 18 946
1910 18 530
1921 18 283
1932 18 715
1943 18 186
1954 18 751
1965 18 514
1976 18 740
1987 18 242
1998 18 724
2009 18 610
2020 18 179
2031 18 146
2042 18 534
2053 18 833
2064 18 660
2075 18 708
2086 18 803
2097 18 297
2108 18 480
2119 18 915
2130 18 902
2141 18 613
2152 18 779
2163 18 676
2174 18 500
2185 18 953
2196 18 315
2207 18 621
2218 18 333
2229 18 225
2240 18 231
2251 18 987
2262 18 448
2273 18 472
2284 18 617
2295 18 499
2306 18 298
2317 18 145
2328 18 775
2339 18 74
2350 18 438
2361 18 21
2372 18 495
2383 18 895
2394 18 234
2405 18 669
2416 18 733
2427 18 740
2438 18 307
2449 18 430
2460 18 727
2471 18 41
2482 18 93
2493 18 410
2504 18 268
2515 18 368
2526 18 67
2537 18 915
2548 18 722
2559 18 464
2570 18 403
2581 18 48
2592 18 1000
2603 18 629
2614 18 943
2625 18 148
2636 18 390
2647 18 118
2658 18 29
2669 18 558
2680 18 567
2691 18 376
2702 18 695
2713 18 895
2724 18 214
2735 18 273
2746 18 936
2757 18 939
2768 18 988
2779 18 357
2790 18 557
2801 18 251
2812 18 313
2823 18 186
2834 18 946
2845 18 69
2856 18 883
2867 18 300
2878 18 754
2889 18 93
2900 18 65
2911 18 263
2922 18 31
2933 18 236
2944 18 31
2955 18 732
2966 18 477
2977 18 744
2988 18 241
2999 18 158
9 19 383
20 19 411
31 19 877
42 19 660
53 19 90
64 19 612
75 19 413
86 19 562
97 19 537
108 19 205
119 19 526
130 19 344
141 19 431
152 19 734
163 19 955
174 19 542
185 19 54
196 19 539
207 19 353
218 19 977
229 19 986
240 19 782
251 19 846
262 19 275
273 19 904
284 19 827
295 19 957
306 19 479
317 19 485
328 19 268
339 19 151
350 19 619
361 19 578
372 19 102
383 19 348
394 19 172
405 19 354
416 19 318
427 19 676
438 19 81
449 19 777
460 19 537
471 19 218
482 19 246
493 19 795
504 19 699
515 19 283
526 19 632
537 19 861
548 19 887
559 19 566
570 19 965
581 19 657
592 19 992
603 19 129
614 19 339
625 19 162
636 19 382
647 19 961
658 19 646
669 19 414
680 19 33
691 19 344
702 19 591
713 19 549
724 19 863
735 19 333
746 19 845
757 19 771
768 19 533
779 19 772
790 19 526
801 19 857
812 19 873
823 19 772
834 19 423
845 19 475
856 19 681
867 19 791
878 19 637
889 19 695
900 19 32
911 19 357
922 19 298
933 19 977
944 19 143
955 19 741
966 19 304
977 19 469
988 19 991
999 19 460
1010 19 904
1021 19 575
1032 19 784
1043 19 170
1054 19 693
1065 19 429
1076 19 136
1087 19 524
1098 19 555
1109 19 207
1120 19 324
1131 19 295
1142 19 542
1153 19 817
1164 19 489
1175 19 26
1186 19 819
1197 19 788
1208 19 457
1219 19 196
1230 19 785
1241 19 219
1252 19 763
1263 19 112
1274 19 130
1285 19 210
1296 19 705
1307 19 322
1318 19 68
1329 19 156
1340 19 592
1351 19 891
1362 19 976
1373 19 534
1384 19 605
1395 19 684
1406 19 733
1417 19 683
1428 19 639
1439 19 624
1450 19 699
1461 19 87
1472 19 670
1483 19 184
1494 19 487
1505 19 585
1516 19 818
1527 19 981
1538 19 779
1549 19 522
1560 19 703
1571 19 606
1582 19 30
1593 19 297
1604 19 547
1615 19 125
1626 19 685
1637 19 65
1648 19 854
1659 19 27
1670 19 800
1681 19 770
1692 19 320
1703 19 66
1714 19 104
1725 19 849
1736 19 466
1747 19 936
1758 19 240
1769 19 480
1780 19 180
1791 19 51
1802 19 671
1813 19 323
1824 19 277
1835 19 323
1846 19 400
1857 19 784
1868 19 212
1879 19 700
1890 19 808
1901 19 476
1912 19 891
1923 19 325
1934 19 289
1945 19 235
1956 19 511
1967 19 270
1978 19 58
1989 19 488
2000 19 736
2011 19 873
2022 19 549
2033 19 723
2044 19 56
2055 19 63
2066 19 678
2077 19 693
2088 19 120
2099 19 59
2110 19 250
2121 19 748
2132 19 232
2143 19 453
2154 19 214
2165 19 833
2176 19 272
2187 19 310
2198 19 758
2209 19 147
2220 19 626
2231 19 640
2242 19 345
2253 19 165
2264 19 618
2275 19 593
2286 19 980
2297 19 911
2308 19 223
2319 19 199
2330 19 609
2341 19 614
2352 19 74
2363 19 157
2374 19 470
2385 19 177
2396 19 546
2407 19 398
2418 19 590
2429 19 992
2440 19 283
2451 19 9
2462 19 95
2473 19 593
2484 19 718
2495 19 675
2506 19 48
2517 19 380
2528 19 460
2539 19 633
2550 19 787
2561 19 968
2572 19 617
2583 19 551
2594 19 15
2605 19 634
2616 19 807
2627 19 991
2638 19 941
2649 19 177
2660 19 228
2671 19 352
2682 19 910
2693 19 591
2704 19 681
2715 19 154
2726 19 519
2737 19 214
2748 19 700
2759 19 84
2770 19 881
2781 19 369
2792 19 151
2803 19 138
2814 19 71
2825 19 986
2836 19 660
2847 19 358
2858 19 766
2869 19 1
2880 19 927
2891 19 658
2902 19 254
2913 19 842
2924 19 281
2935 19 604
2946 19 642
2957 19 405
2968 19 252
2979 19 37
2990 19 801
0 20 35
11 20 149
22 20 501
33 20 331
44 20 314
55 20 13
66 20 971
77 20 140
88 20 623
99 20 335
110 20 650
121 20 585
132 20 581
143 20 394
154 20 973
165 20 246
176 20 629
187 20 599
198 20 306
209 20 59
220 20 164
231 20 524
242 20 771
253 20 374
264 20 396
275 20 109
286 20 566
297 20 441
308 20 688
319 20 37
330 20 563
341 20 317
352 20 421
363 20 727
374 20 1000
385 20 331
396 20 942
407 20 808
418 20 651
429 20 504
440 20 582
451 20 569
462 20 863
473 20 55
484 20 325
495 20 606
506 20 431
517 20 761
528 20 327
539 20 158
550 20 63
561 20 244
572 20 729
583 20 442
594 20 74
605 20 587
616 20 888
627 20 665
638 20 599
649 20 860
660 20 222
671 20 35
682 20 950
693 20 670
704 20 563
715 20 173
726 20 944
737 20 903
748 20 355
759 20 412
770 20 370
781 20 42
792 20 178
803 20 407
814 20 582
825 20 860
836 20 461
847 20 156
858 20 524
869 20 300
880 20 330
891 20 950
902 20 796
913 20 212
924 20 498
935 20 362
946 20 273
957 20 218
968 20 117
979 20 109
990 20 491
1001 20 422
1012 20 225
1023 20 677
1034 20 978
1045 20 362
1056 20 667
1067 20 35
1078 20 543
1089 20 470
1100 20 974
1111 20 223
1122 20 152
1133 20 363
1144 20 492
1155 20 476
1166 20 799
1177 20 327
1188 20 833
1199 20 683
1210 20 419
1221 20 440
1232 20 742
1243 20 755
1254 20 788
1265 20 121
1276 20 274
1287 20 158
1298 20 32
1309 20 502
1320 20 1
1331 20 155
1342 20 586
1353 20 401
1364 20 372
1375 20 777
1386 20 976
1397 20 947
1408 20 107
1419 20 474
1430 20 880
1441 20 654
1452 20 75
1463 20 445
1474 20 65
1485 20 892
1496 20 383
1507 20 560
1518 20 641
1529 20 29
1540 20 476
1551 20 918
1562 20 372
1573 20 324
1584 20 402
1595 20 997
1606 20 887
1617 20 405
1628 20 285
1639 20 751
1650 20 51
1661 20 61
1672 20 798
1683 20 936
1694 20 820
1705 20 698
1716 20 765
1727 20 852
1738 20 914
1749 20 21
1760 20 136
1771 20 873
1782 20 198
1793 20 368
1804 20 671
1815 20 323
1826 20 947
1837 20 262
1848 20 863
1859 20 805
1870 20 900
1881 20 678
1892 20 132
1903 20 998
1914 20 492
1925 20 915
1936 20 383
1947 20 294
1958 20 116
1969 20 936
1980 20 348
1991 20 333
2002 20 390
2013 20 942
2024 20 74
2035 20 284
2046 20 183
2057 20 769
2068 20 483
2079 20 131
2090 20 227
2101 20 803
2112 20 527
2123 20 938
2134 20 438
2145 20 359
2156 20 485
2167 20 678
2178 20 454
2189 20 849
2200 20 116
2211 20 347
2222 20 87
2233 20 890
2244 20 567
2255 20 250
2266 20 352
2277 20 667
2288 20 147
2299 20 154
2310 20 816
2321 20 580
2332 20 214
2343 20 605
2354 20 274
2365 20 283
2376 20 222
2387 20 746
2398 20 606
2409 20 730
2420 20 175
2431 20 566
2442 20 812
2453 20 633
2464 20 113
2475 20 413
2486 20 423
2497 20 780
2508 20 990
2519 20 911
2530 20 819
2541 20 962
2552 20 410
2563 20 314
2574 20 192
2585 20 110
2596 20 665
2607 20 245
2618 20 331
2629 20 231
2640 20 928
2651 20 211
2662 20 126
2673 20 119
2684 20 443
2695 20 779
2706 20 477
2717 20 45
2728 20 981
2739 20 480
2750 20 941
2761 20 103
2772 20 220
2783 20 744
2794 20 684
2805 20 872
2816 20 314
2827 20 922
2838 20 739
2849 20 175
2860 20 516
2871 20 864
2882 20 962
2893 20 230
2904 20 374
2915 20 938
2926 20 288
2937 20 465
2948 20 992
2959 20 169
2970 20 860
2981 20 745
2992 20 903
2 21 81
13 21 961
24 21 114
35 21 716
46 21 558
57 21 161
68 21 688
79 21 986
90 21 52
101 21 356
112 21 512
123 21 190
134 21 845
145 21 912
156 21 725
167 21 954
178 21 816
189 21 935
200 21 352
211 21 870
222 21 142
233 21 69
244 21 226
255 21 165
266 21 578
277 21 506
288 21 94
299 21 722
310 21 643
321 21 439
332 21 601
343 21 164
354 21 556
365 21 440
376 21 795
387 21 981
398 21 806
409 21 583
420 21 853
431 21 632
442 21 115
453 21 780
464 21 708
475 21 943
486 21 23
497 21 882
508 21 774
519 21 525
530 21 403
541 21 240
552 21 81
563 21 788
574 21 448
585 21 7
596 21 908
607 21 975
618 21 109
629 21 62
640 21 459
651 21 840
662 21 486
673 21 432
684 21 47
695 21 981
706 21 77
717 21 368
728 21 775
739 21 357
750 21 451
761 21 227
772 21 392
783 21 964
794 21 235
805 21 731
816 21 520
827 21 713
838 21 997
849 21 55
860 21 1000
871 21 660
882 21 843
893 21 64
904 21 92
915 21 268
926 21 154
937 21 74
948 21 237
959 21 342
970 21 698
981 21 536
992 21 665
1003 21 239
1014 21 911
1025 21 806
1036 21 123
1047 21 243
1058 21 416
1069 21 865
1080 21 418
1091 21 193
1102 21 883
1113 21 500
1124 21 899
1135 21 903
1146 21 510
1157 21 418
1168 21 683
1179 21 121
1190 21 777
1201 21 368
1212 21 655
1223 21 690
1234 21 759
1245 21 198
1256 21 610
1267 21 293
1278 21 913
1289 21 302
1300 21 307
1311 21 127
1322 21 257
1333 21 750
1344 21 303
1355 21 965
1366 21 959
1377 21 715
1388 21 426
1399 21 26
1410 21 664
1421 21 305
1432 21 145
1443 21 151
1454 21 310
1465 21 199
1476 21 226
1487 21 159
1498 21 874
1509 21 761
1520 21 773
1531 21 637
1542 21 597
1553 21 417
1564 21 461
1575 21 611
1586 21 591
1597 21 82
1608 21 906
1619 21 612
1630 21 881
1641 21 22
1652 21 231
1663 21 858
1674 21 970
1685 21 629
1696 21 993
1707 21 536
1718 21 292
1729 21 511
1740 21 751
1751 21 403
1762 21 277
1773 21 614
1784 21 956
1795 21 186
1806 21 509
1817 21 236
1828 21 277
1839 21 344
1850 21 943
1861 21 818
1872 21 658
1883 21 400
1894 21 903
1905 21 598
1916 21 689
1927 21 775
1938 21 270
1949 21 544
1960 21 812
1971 21 244
1982 21 950
1993 21 55
2004 21 704
2015 21 677
2026 21 5
2037 21 745
2048 21 615
2059 21 874
2070 21 270
2081 21 629
2092 21 9
2103 21 38
2114 21 490
2125 21 947
2136 21 893
2147 21 362
2158 21 332
2169 21 383
2180 21 253
2191 21 865
2202 21 537
2213 21 760
2224 21 221
2235 21 853
2246 21 791
2257 21 99
2268 21 403
2279 21 143
2290 21 632
2301 21 442
2312 21 587
2323 21 649
2334 21 320
2345 21 84
2356 21 804
2367 21 296
2378 21 193
2389 21 673
2400 21 261
2411 21 3
2422 21 750
2433 21 591
2444 21 407
2455 21 29
2466 21 116
2477 21 869
2488 21 164
2499 21 180
2510 21 131
2521 21 965
2532 21 649
2543 21 788
2554 21 486
2565 21 625
2576 21 325
2587 21 314
2598 21 375
2609 21 92
2620 21 323
2631 21 646
2642 21 34
2653 21 326
2664 21 633
2675 21 699
2686 21 668
2697 21 86
2708 21 595
2719 21 309
2730 21 275
2741 21 788
2752 21 662
2763 21 121
2774 21 784
2785 21 775
2796 21 4
2807 21 374
2818 21 981
2829 21 140
2840 21 939
2851 21 145
2862 21 358
2873 21 419
2884 21 971
2895 21 642
2906 21 25
2917 21 331
2928 21 580
2939 21 366
2950 21 689
2961 21 216
2972 21 487
2983 21 651
2994 21 866
4 22 563
15 22 72
26 22 188
37 22 495
48 22 837
59 22 667
70 22 93
81 22 306
92 22 94
103 22 687
114 22 67
125 22 588
136 22 834
147 22 262
158 22 278
169 22 28
180 22 333
191 22 549
202 22 546
213 22 969
224 22 503
235 22 154
246 22 790
257 22 107
268 22 610
279 22 735
290 22 216
301 22 466
312 22 815
323 22 334
334 22 240
345 22 74
356 22 185
367 22 23
378 22 19
389 22 692
400 22 583
411 22 491
422 22 353
433 22 419
444 22 421
455 22 640
466 22 802
477 22 998
488 22 941
499 22 960
510 22 14
521 22 7
532 22 890
543 22 30
554 22 246
565 22 338
576 22 439
587 22 393
598 22 575
609 22 866
620 22 802
631 22 650
642 22 225
653 22 486
664 22 884
675 22 713
686 22 460
697 22 873
708 22 676
719 22 962
730 22 302
741 22 844
752 22 345
763 22 688
774 22 628
785 22 651
796 22 489
807 22 846
818 22 197
829 22 651
840 22 29
851 22 577
862 22 376
873 22 617
884 22 833
895 22 498
906 22 825
917 22 787
928 22 583
939 22 161
950 22 22
961 22 20
972 22 343
983 22 33
994 22 37
1005 22 315
1016 22 949
1027 22 500
1038 22 958
1049 22 473
1060 22 450
1071 22 718
1082 22 665
1093 22 716
1104 22 467
1115 22 88
1126 22 10
1137 22 484
1148 22 17
1159 22 523
1170 22 683
1181 22 331
1192 22 341
1203 22 724
1214 22 928
1225 22 48
1236 22 23
1247 22 171
1258 22 98
1269 22 935
1280 22 410
1291 22 830
1302 22 392
1313 22 652
1324 22 495
1335 22 114
1346 22 678
1357 22 845
1368 22 339
1379 22 315
1390 22 810
1401 22 580
1412 22 732
1423 22 845
1434 22 920
1445 22 392
1456 22 820
1467 22 240
1478 22 692
1489 22 765
1500 22 54
1511 22 201
1522 22 948
1533 22 172
1544 22 47
1555 22 863
1566 22 779
1577 22 720
1588 22 44
1599 22 637
1610 22 590
1621 22 687
1632 22 65
1643 22 793
1654 22 575
1665 22 147
1676 22 947
1687 22 435
1698 22 271
1709 22 782
1720 22 990
1731 22 498
1742 22 518
1753 22 524
1764 22 446
1775 22 4
1786 22 162
1797 22 95
1808 22 317
1819 22 79
1830 22 171
1841 22 910
1852 22 922
1863 22 880
1874 22 987
1885 22 262
1896 22 877
1907 22 841
1918 22 518
1929 22 981
1940 22 549
1951 22 970
1962 22 780
1973 22 551
1984 22 298
1995 22 661
2006 22 90
2017 22 672
2028 22 996
2039 22 816
2050 22 840
2061 22 683
2072 22 631
2083 22 587
2094 22 357
2105 22 792
2116 22 894
2127 22 693
2138 22 625
2149 22 227
2160 22 190
2171 22 144
2182 22 34
2193 22 838
2204 22 352
2215 22 628
2226 22 646
2237 22 457
2248 22 734
2259 22 157
2270 22 367
2281 22 102
2292 22 994
2303 22 296
2314 22 426
2325 22 816
2336 22 283
2347 22 970
2358 22 166
2369 22 809
2380 22 772
2391 22 800
2402 22 767
2413 22 284
2424 22 958
2435 22 289
2446 22 156
2457 22 350
2468 22 102
2479 22 523
2490 22 509
2501 22 880
2512 22 204
2523 22 887
2534 22 229
2545 22 833
2556 22 504
2567 22 39
2578 22 888
2589 22 631
2600 22 218
2611 22 525
2622 22 939
2633 22 532
2644 22 179
2655 22 484
2666 22 344
2677 22 688
2688 22 314
2699 22 562
2710 22 179
2721 22 582
2732 22 369
2743 22 585
2754 22 812
2765 22 494
2776 22 725
2787 22 311
2798 22 210
2809 22 978
2820 22 214
2831 22 646
2842 22 160
2853 22 727
2864 22 116
2875 22 989
2886 22 777
2897 22 913
2908 22 656
2919 22 876
2930 22 568
2941 22 225
2952 22 791
2963 22 51
2974 22 116
2985 22 606
2996 22 731
6 23 949
17 23 58
28 23 945
39 23 853
50 23 532
61 23 771
72 23 296
83 23 641
94 23 200
105 23 725
116 23 292
127 23 552
138 23 813
149 23 498
160 23 556
171 23 496
182 23 766
193 23 978
204 23 885
215 23 226
226 23 710
237 23 1000
248 23 808
259 23 408
270 23 540
281 23 317
292 23 474
303 23 200
314 23 245
325 23 861
336 23 558
347 23 684
358 23 293
369 23 228
380 23 239
391 23 248
402 23 257
413 23 270
424 23 991
435 23 537
446 23 198
457 23 138
468 23 389
479 23 754
490 23 848
501 23 148
512 23 83
523 23 201
534 23 826
545 23 314
556 23 227
567 23 277
578 23 526
589 23 791
600 23 462
611 23 593
622 23 929
633 23 677
644 23 541
655 23 910
666 23 880
677 23 728
688 23 875
699 23 627
710 23 445
721 23 260
732 23 145
743 23 655
754 23 872
765 23 988
776 23 309
787 23 235
798 23 47
809 23 926
820 23 888
831 23 526
842 23 968
853 23 879
864 23 470
875 23 134
886 23 25
897 23 857
908 23 529
919 23 905
930 23 67
941 23 295
952 23 954
963 23 609
974 23 120
985 23 69
996 23 392
1007 23 851
1018 23 549
1029 23 993
1040 23 579
1051 23 924
1062 23 62
1073 23 793
1084 23 674
1095 23 89
1106 23 679
1117 23 86
1128 23 893
1139 23 813
1150 23 586
1161 23 428
1172 23 577
1183 23 980
1194 23 240
1205 23 452
1216 23 982
1227 23 867
1238 23 186
1249 23 162
1260 23 908
1271 23 484
1282 23 640
1293 23 891
1304 23 379
1315 23 487
1326 23 215
1337 23 907
1348 23 525
1359 23 929
1370 23 567
1381 23 24
1392 23 474
1403 23 64
1414 23 752
1425 23 447
1436 23 735
1447 23 939
1458 23 644
1469 23 835
1480 23 601
1491 23 180
1502 23 562
1513 23 445
1524 23 593
1535 23 790
1546 23 32
1557 23 15
1568 23 716
1579 23 391
1590 23 672
1601 23 768
1612 23 114
1623 23 336
1634 23 456
1645 23 191
1656 23 402
1667 23 528
1678 23 838
1689 23 67
1700 23 723
1711 23 91
1722 23 264
1733 23 337
1744 23 454
1755 23 351
1766 23 23
1777 23 335
1788 23 349
1799 23 157
1810 23 856
1821 23 387
1832 23 998
1843 23 442
1854 23 844
1865 23 907
1876 23 798
1887 23 133
1898 23 953
1909 23 407
1920 23 626
1931 23 154
1942 23 447
1953 23 583
1964 23 478
1975 23 211
1986 23 615
1997 23 650
2008 23 661
2019 23 184
2030 23 533
2041 23 188
2052 23 614
2063 23 568
2074 23 638
2085 23 126
2096 23 675
2107 23 198
2118 23 138
2129 23 349
2140 23 379
2151 23 235
2162 23 858
2173 23 557
2184 23 250
2195 23 655
2206 23 217
2217 23 205
2228 23 579
2239 23 328
2250 23 830
2261 23 916
2272 23 970
2283 23 987
2294 23 211
2305 23 400
2316 23 835
2327 23 173
2338 23 916
2349 23 143
2360 23 398
2371 23 873
2382 23 999
2393 23 354
2404 23 334
2415 23 914
2426 23 492
2437 23 560
2448 23 22
2459 23 7
2470 23 45
2481 23 29
2492 23 49
2503 23 715
2514 23 81
2525 23 71
2536 23 915
2547 23 335
2558 23 696
2569 23 861
2580 23 162
2591 23 813
2602 23 724
2613 23 996
2624 23 460
2635 23 609
2646 23 738
2657 23 12
2668 23 796
2679 23 354
2690 23 625
2701 23 48
2712 23 700
2723 23 874
2734 23 940
2745 23 396
2756 23 102
2767 23 917
2778 23 711
2789 23 265
2800 23 133
2811 23 396
2822 23 480
2833 23 728
2844 23 606
2855 23 987
2866 23 94
2877 23 843
2888 23 801
2899 23 66
2910 23 200
2921 23 251
2932 23 817
2943 23 96
2954 23 849
2965 23 321
2976 23 791
2987 23 732
2998 23 411
8 24 412
19 24 410
30 24 216
41 24 416
52 24 149
63 24 926
74 24 237
85 24 643
96 24 533
107 24 73
118 24 752
129 24 332
140 24 160
151 24 501
162 24 977
173 24 128
184 24 583
195 24 230
206 24 354
217 24 951
228 24 361
239 24 104
250 24 461
261 24 802
272 24 488
283 24 726
294 24 741
305 24 207
316 24 383
327 24 632
338 24 363
349 24 725
360 24 72
371 24 123
382 24 45
393 24 604
404 24 611
415 24 840
426 24 726
437 24 138
448 24 103
459 24 623
470 24 276
481 24 208
492 24 230
503 24 222
514 24 789
525 24 389
536 24 874
547 24 391
558 24 961
569 24 480
580 24 219
591 24 604
602 24 599
613 24 958
624 24 110
635 24 765
646 24 851
657 24 304
668 24 833
679 24 314
690 24 222
701 24 224
712 24 194
723 24 426
734 24 751
745 24 98
756 24 666
767 24 146
778 24 210
789 24 455
800 24 764
811 24 144
822 24 304
833 24 947
844 24 343
855 24 481
866 24 969
877 24 375
888 24 556
899 24 430
910 24 472
921 24 7
932 24 842
943 24 617
954 24 311
965 24 908
976 24 324
987 24 558
998 24 800
1009 24 550
1020 24 897
1031 24 489
1042 24 19
1053 24 515
1064 24 241
1075 24 456
1086 24 275
1097 24 889
1108 24 273
1119 24 788
1130 24 361
1141 24 798
1152 24 876
1163 24 506
1174 24 127
1185 24 1
1196 24 59
1207 24 459
1218 24 142
1229 24 56
1240 24 320
1251 24 137
1262 24 983
1273 24 95
1284 24 694
1295 24 458
1306 24 9
1317 24 428
1328 24 840
1339 24 728
1350 24 133
1361 24 320
1372 24 20
1383 24 323
1394 24 314
1405 24 139
1416 24 146
1427 24 797
1438 24 292
1449 24 359
1460 24 751
1471 24 483
1482 24 471
1493 24 435
1504 24 241
1515 24 242
1526 24 18
1537 24 340
1548 24 179
1559 24 769
1570 24 232
1581 24 976
1592 24 119
1603 24 323
1614 24 123
1625 24 221
1636 24 910
1647 24 574
1658 24 677
1669 24 124
1680 24 199
1691 24 31
1702 24 213
1713 24 824
1724 24 261
1735 24 811
1746 24 235
1757 24 497
1768 24 365
1779 24 348
1790 24 192
1801 24 803
1812 24 834
1823 24 415
1834 24 722
1845 24 377
1856 24 96
1867 24 528
1878 24 10
1889 24 621
1900 24 38
1911 24 38
1922 24 529
1933 24 285
1944 24 378
1955 24 82
1966 24 911
1977 24 741
1988 24 18
1999 24 485
2010 24 774
2021 24 443
2032 24 517
2043 24 849
2054 24 835
2065 24 827
2076 24 154
2087 24 647
2098 24 135
2109 24 809
2120 24 838
2131 24 333
2142 24 138
2153 24 624
2164 24 924
2175 24 256
2186 24 11
2197 24 868
2208 24 976
2219 24 634
2230 24 199
2241 24 592
2252 24 25
2263 24 962
2274 24 568
2285 24 556
2296 24 270
2307 24 481
2318 24 518
2329 24 846
2340 24 725
2351 24 541
2362 24 437
2373 24 771
2384 24 193
2395 24 93
2406 24 165
2417 24 861
2428 24 566
2439 24 764
2450 24 464
2461 24 220
2472 24 739
2483 24 794
2494 24 976
2505 24 900
2516 24 264
2527 24 230
2538 24 479
2549 24 342
2560 24 927
2571 24 455
2582 24 639
2593 24 800
2604 24 801
2615 24 665
2626 24 827
2637 24 56
2648 24 426
2659 24 824
2670 24 516
2681 24 386
2692 24 261
2703 24 758
2714 24 159
2725 24 9
2736 24 689
2747 24 28
2758 24 421
2769 24 385
2780 24 932
2791 24 27
2802 24 731
2813 24 165
2824 24 836
2835 24 530
2846 24 165
2857 24 251
2868 24 170
2879 24 7
2890 24 910
2901 24 74
2912 24 180
2923 24 148
2934 24 950
2945 24 609
2956 24 212
2967 24 543
2978 24 477
2989 24 899
10 25 428
21 25 59
32 25 24
43 25 525
54 25 432
65 25 135
76 25 560
87 25 175
98 25 81
109 25 134
120 25 228
131 25 276
142 25 369
153 25 811
164 25 892
175 25 649
186 25 365
197 25 677
208 25 253
219 25 133
230 25 397
241 25 541
252 25 570
263 25 312
274 25 902
285 25 790
296 25 453
307 25 968
318 25 339
329 25 485
340 25 176
351 25 782
362 25 371
373 25 603
384 25 783
395 25 782
406 25 880
417 25 218
428 25 227
439 25 692
450 25 72
461 25 440
472 25 786
483 25 688
494 25 326
505 25 209
516 25 119
527 25 407
538 25 761
549 25 461
560 25 80
571 25 576
582 25 257
593 25 122
604 25 895
615 25 538
626 25 202
637 25 537
648 25 245
659 25 623
670 25 405
681 25 673
692 25 395
703 25 228
714 25 970
725 25 745
736 25 495
747 25 901
758 25 610
769 25 734
780 25 212
791 25 10
802 25 332
813 25 154
824 25 677
835 25 695
846 25 809
857 25 605
868 25 22
879 25 740
890 25 632
901 25 926
912 25 88
923 25 930
934 25 541
945 25 508
956 25 681
967 25 809
978 25 771
989 25 433
1000 25 928
1011 25 63
1022 25 270
1033 25 338
1044 25 83
1055 25 816
1066 25 557
1077 25 133
1088 25 272
1099 25 87
1110 25 854
1121 25 114
1132 25 716
1143 25 838
1154 25 560
1165 25 152
1176 25 429
1187 25 98
1198 25 357
1209 25 207
1220 25 752
1231 25 463
1242 25 753
1253 25 766
1264 25 2
1275 25 431
1286 25 631
1297 25 43
1308 25 772
1319 25 997
1330 25 256
1341 25 59
1352 25 991
1363 25 455
1374 25 688
1385 25 800
1396 25 706
1407 25 107
1418 25 274
1429 25 955
1440 25 85
1451 25 520
1462 25 973
1473 25 826
1484 25 740
1495 25 24
1506 25 798
1517 25 254
1528 25 741
1539 25 22
1550 25 607
1561 25 495
1572 25 326
1583 25 251
1594 25 674
1605 25 265
1616 25 550
1627 25 396
1638 25 284
1649 25 484
1660 25 976
1671 25 301
1682 25 675
1693 25 616
1704 25 795
1715 25 414
1726 25 786
1737 25 489
1748 25 315
1759 25 429
1770 25 213
1781 25 930
1792 25 123
1803 25 513
1814 25 361
1825 25 908
1836 25 184
1847 25 776
1858 25 294
1869 25 362
1880 25 166
1891 25 841
1902 25 67
1913 25 676
1924 25 661
1935 25 477
1946 25 834
1957 25 618
1968 25 432
1979 25 371
1990 25 670
2001 25 29
2012 25 612
2023 25 847
2034 25 159
2045 25 884
2056 25 299
2067 25 714
2078 25 477
2089 25 129
2100 25 979
2111 25 499
2122 25 950
2133 25 779
2144 25 260
2155 25 598
2166 25 836
2177 25 543
2188 25 271
2199 25 688
2210 25 661
2221 25 382
2232 25 465
2243 25 108
2254 25 75
2265 25 345
2276 25 759
2287 25 276
2298 25 26
2309 25 924
2320 25 481
2331 25 663
2342 25 155
2353 25 764
2364 25 831
2375 25 771
2386 25 712
2397 25 715
2408 25 38
2419 25 598
2430 25 349
2441 25 1
2452 25 744
2463 25 808
2474 25 22
2485 25 176
2496 25 929
2507 25 744
2518 25 290
2529 25 816
2540 25 199
2551 25 982
2562 25 939
2573 25 841
2584 25 573
2595 25 377
2606 25 408
2617 25 939
2628 25 709
2639 25 918
2650 25 739
2661 25 954
2672 25 528
2683 25 462
2694 25 820
2705 25 331
2716 25 111
2727 25 336
2738 25 144
2749 25 587
2760 25 897
2771 25 276
2782 25 693
2793 25 620
2804 25 586
2815 25 135
2826 25 126
2837 25 51
2848 25 854
2859 25 142
2870 25 420
2881 25 810
2892 25 1
2903 25 703
2914 25 58
2925 25 574
2936 25 224
2947 25 354
2958 25 766
2969 25 877
2980 25 890
2991 25 546
1 26 794
12 26 316
23 26 804
34 26 814
45 26 655
56 26 867
67 26 780
78 26 612
89 26 810
100 26 131
111 26 225
122 26 245
133 26 360
144 26 617
155 26 956
166 26 722
177 26 24
188 26 255
199 26 210
210 26 372
221 26 264
232 26 860
243 26 35
254 26 993
265 26 948
276 26 615
287 26 432
298 26 633
309 26 567
320 26 856
331 26 906
342 26 629
353 26 359
364 26 972
375 26 879
386 26 369
397 26 656
408 26 48
419 26 845
430 26 208
441 26 311
452 26 562
463 26 967
474 26 907
485 26 43
496 26 485
507 26 350
518 26 938
529 26 787
540 26 541
551 26 994
562 26 480
573 26 160
584 26 448
595 26 480
606 26 513
617 26 222
628 26 115
639 26 736
650 26 848
661 26 162
672 26 680
683 26 206
694 26 762
705 26 486
716 26 482
727 26 261
738 26 606
749 26 824
760 26 232
771 26 120
782 26 856
793 26 742
804 26 991
815 26 153
826 26 856
837 26 385
848 26 841
859 26 181
870 26 241
881 26 417
892 26 179
903 26 468
914 26 922
925 26 496
936 26 3
947 26 348
958 26 938
969 26 757
980 26 869
991 26 326
1002 26 144
1013 26 355
1024 26 921
1035 26 745
1046 26 18
1057 26 94
1068 26 22
1079 26 818
1090 26 653
1101 26 138
1112 26 743
1123 26 949
1134 26 210
1145 26 702
1156 26 288
1167 26 667
1178 26 604
1189 26 782
1200 26 81
1211 26 47
1222 26 987
1233 26 12
1244 26 943
1255 26 989
1266 26 631
1277 26 733
1288 26 435
1299 26 932
1310 26 912
1321 26 819
1332 26 769
1343 26 555
1354 26 460
1365 26 131
1376 26 286
1387 26 981
1398 26 559
1409 26 107
1420 26 369
1431 26 856
1442 26 410
1453 26 562
1464 26 241
1475 26 412
1486 26 803
1497 26 733
1508 26 885
1519 26 206
1530 26 323
1541 26 658
1552 26 535
1563 26 239
1574 26 684
1585 26 577
1596 26 396
1607 26 866
1618 26 969
1629 26 319
1640 26 875
1651 26 921
1662 26 291
1673 26 339
1684 26 618
1695 26 69
1706 26 553
1717 26 798
1728 26 715
1739 26 988
1750 26 810
1761 26 974
1772 26 883
1783 26 970
1794 26 515
1805 26 181
1816 26 534
1827 26 598
1838 26 238
1849 26 846
1860 26 254
1871 26 196
1882 26 1000
1893 26 406
1904 26 145
1915 26 774
1926 26 611
1937 26 207
1948 26 949
1959 26 674
1970 26 878
1981 26 612
1992 26 292
2003 26 382
2014 26 142
2025 26 139
2036 26 882
2047 26 975
2058 26 411
2069 26 522
2080 26 267
2091 26 119
2102 26 629
2113 26 398
2124 26 336
2135 26 977
2146 26 168
2157 26 467
2168 26 225
2179 26 60
2190 26 977
2201 26 872
2212 26 580
2223 26 867
2234 26 240
2245 26 752
2256 26 393
2267 26 109
2278 26 547
2289 26 817
2300 26 956
2311 26 62
2322 26 666
2333 26 761
2344 26 439
2355 26 753
2366 26 781
2377 26 733
2388 26 300
2399 26 598
2410 26 59
2421 26 698
2432 26 905
2443 26 440
2454 26 648
2465 26 349
2476 26 14
2487 26 817
2498 26 210
2509 26 171
2520 26 505
2531 26 919
2542 26 799
2553 26 467
2564 26 81
2575 26 355
2586 26 857
2597 26 464
2608 26 44
2619 26 797
2630 26 814
2641 26 598
2652 26 431
2663 26 897
2674 26 83
2685 26 536
2696 26 858
2707 26 913
2718 26 567
2729 26 742
2740 26 212
2751 26 928
2762 26 457
2773 26 609
2784 26 445
2795 26 430
2806 26 592
2817 26 275
2828 26 396
2839 26 311
2850 26 124
2861 26 125
2872 26 338
2883 26 899
2894 26 35
2905 26 90
2916 26 77
2927 26 7
2938 26 426
2949 26 322
2960 26 251
2971 26 91
2982 26 651
2993 26 854
3 27 742
14 27 329
25 27 587
36 27 957
47 27 190
58 27 852
69 27 122
80 27 233
91 27 915
102 27 608
113 27 268
124 27 807
135 27 125
146 27 789
157 27 651
168 27 432
179 27 401
190 27 394
201 27 148
212 27 523
223 27 124
234 27 534
245 27 620
256 27 997
267 27 472
278 27 825
289 27 304
300 27 730
311 27 196
322 27 382
333 27 417
344 27 908
355 27 936
366 27 217
377 27 534
388 27 528
399 27 471
410 27 267
421 27 619
432 27 525
443 27 705
454 27 429
465 27 726
476 27 250
487 27 646
498 27 728
509 27 673
520 27 204
531 27 647
542 27 564
553 27 34
564 27 340
575 27 438
586 27 187
597 27 370
608 27 248
619 27 663
630 27 432
641 27 993
652 27 846
663 27 174
674 27 701
685 27 607
696 27 539
707 27 26
718 27 515
729 27 649
740 27 716
751 27 808
762 27 130
773 27 125
784 27 564
795 27 879
806 27 252
817 27 84
828 27 424
839 27 858
850 27 56
861 27 436
872 27 91
883 27 333
894 27 739
905 27 290
916 27 718
927 27 100
938 27 341
949 27 574
960 27 366
971 27 451
982 27 310
993 27 819
1004 27 909
1015 27 879
1026 27 946
1037 27 930
1048 27 467
1059 27 522
1070 27 190
1081 27 850
1092 27 451
1103 27 50
1114 27 576
1125 27 600
1136 27 887
1147 27 724
1158 27 251
1169 27 700
1180 27 3
1191 27 754
1202 27 342
1213 27 639
1224 27 439
1235 27 140
1246 27 868
1257 27 872
1268 27 596
1279 27 107
1290 27 435
1301 27 661
1312 27 305
1323 27 384
1334 27 316
1345 27 910
1356 27 169
1367 27 211
1378 27 672
1389 27 593
1400 27 139
1411 27 795
1422 27 827
1433 27 551
1444 27 371
1455 27 577
1466 27 846
1477 27 443
1488 27 678
1499 27 556
1510 27 461
1521 27 274
1532 27 324
1543 27 775
1554 27 271
1565 27 305
1576 27 996
1587 27 651
1598 27 795
1609 27 642
1620 27 78
1631 27 836
1642 27 465
1653 27 354
1664 27 155
1675 27 922
1686 27 654
1697 27 949
1708 27 943
1719 27 255
1730 27 350
1741 27 612
1752 27 799
1763 27 684
1774 27 626
1785 27 362
1796 27 537
1807 27 801
1818 27 100
1829 27 751
1840 27 374
1851 27 436
1862 27 682
1873 27 1
1884 27 666
1895 27 735
1906 27 630
1917 27 921
1928 27 600
1939 27 574
1950 27 447
1961 27 795
1972 27 454
1983 27 210
1994 27 117
2005 27 977
2016 27 638
2027 27 158
2038 27 978
2049 27 596
2060 27 763
2071 27 814
2082 27 590
2093 27 854
2104 27 6
2115 27 59
2126 27 25
2137 27 381
2148 27 339
2159 27 522
2170 27 586
2181 27 612
2192 27 277
2203 27 121
2214 27 711
2225 27 675
2236 27 704
2247 27 822
2258 27 905
2269 27 797
2280 27 673
2291 27 672
2302 27 713
2313 27 709
2324 27 971
2335 27 32
2346 27 408
2357 27 281
2368 27 732
2379 27 635
2390 27 485
2401 27 407
2412 27 533
2423 27 999
2434 27 640
2445 27 279
2456 27 946
2467 27 63
2478 27 523
2489 27 915
2500 27 264
2511 27 937
2522 27 405
2533 27 859
2544 27 601
2555 27 155
2566 27 43
2577 27 142
2588 27 42
2599 27 786
2610 27 792
2621 27 723
2632 27 578
2643 27 209
2654 27 245
2665 27 329
2676 27 79
2687 27 185
2698 27 493
2709 27 992
2720 27 509
2731 27 927
2742 27 247
2753 27 420
2764 27 812
2775 27 322
2786 27 632
2797 27 843
2808 27 804
2819 27 292
2830 27 801
2841 27 384
2852 27 464
2863 27 806
2874 27 617
2885 27 93
2896 27 764
2907 27 946
2918 27 880
2929 27 492
2940 27 470
2951 27 621
2962 27 957
2973 27 314
2984 27 678
2995 27 922
5 28 406
16 28 475
27 28 392
38 28 478
49 28 110
60 28 415
71 28 456
82 28 719
93 28 764
104 28 745
115 28 272
126 28 417
137 28 944
148 28 724
159 28 797
170 28 98
181 28 612
192 28 296
203 28 277
214 28 202
225 28 205
236 28 481
247 28 967
258 28 812
269 28 999
280 28 297
291 28 660
302 28 155
313 28 290
324 28 869
335 28 561
346 28 744
357 28 747
368 28 583
379 28 723
390 28 108
401 28 768
412 28 115
423 28 799
434 28 915
445 28 955
456 28 940
467 28 192
478 28 183
489 28 763
500 28 115
511 28 409
522 28 342
533 28 224
544 28 91
555 28 689
566 28 146
577 28 567
588 28 470
599 28 499
610 28 420
621 28 950
632 28 159
643 28 5
654 28 191
665 28 716
676 28 480
687 28 906
698 28 292
709 28 232
720 28 826
731 28 758
742 28 98
753 28 930
764 28 310
775 28 902
786 28 829
797 28 686
808 28 805
819 28 801
830 28 256
841 28 400
852 28 982
863 28 307
874 28 139
885 28 283
896 28 16
907 28 750
918 28 151
929 28 704
940 28 705
951 28 867
962 28 729
973 28 771
984 28 869
995 28 318
1006 28 834
1017 28 326
1028 28 819
1039 28 165
1050 28 336
1061 28 891
1072 28 377
1083 28 70
1094 28 116
1105 28 729
1116 28 518
1127 28 416
1138 28 819
1149 28 479
1160 28 229
1171 28 875
1182 28 665
1193 28 190
1204 28 785
1215 28 27
1226 28 397
1237 28 375
1248 28 68
1259 28 582
1270 28 649
1281 28 132
1292 28 432
1303 28 494
1314 28 343
1325 28 91
1336 28 798
1347 28 230
1358 28 396
1369 28 10
1380 28 208
1391 28 408
1402 28 310
1413 28 248
1424 28 859
1435 28 810
1446 28 359
1457 28 876
1468 28 827
1479 28 552
1490 28 185
1501 28 979
1512 28 340
1523 28 124
1534 28 923
1545 28 582
1556 28 472
1567 28 654
1578 28 776
1589 28 8
1600 28 327
1611 28 669
1622 28 483
1633 28 279
1644 28 961
1655 28 245
1666 28 256
1677 28 415
1688 28 210
1699 28 504
1710 28 640
1721 28 421
1732 28 467
1743 28 395
1754 28 754
1765 28 84
1776 28 280
1787 28 69
1798 28 933
1809 28 453
1820 28 63
1831 28 315
1842 28 629
1853 28 806
1864 28 980
1875 28 719
1886 28 689
1897 28 44
1908 28 403
1919 28 586
1930 28 865
1941 28 780
1952 28 852
1963 28 772
1974 28 750
1985 28 223
1996 28 648
2007 28 357
2018 28 352
2029 28 309
2040 28 600
2051 28 89
2062 28 645
2073 28 851
2084 28 787
2095 28 618
2106 28 226
2117 28 607
2128 28 895
2139 28 721
2150 28 973
2161 28 930
2172 28 158
2183 28 502
2194 28 464
2205 28 665
2216 28 542
2227 28 571
2238 28 697
2249 28 64
2260 28 144
2271 28 979
2282 28 537
2293 28 741
2304 28 637
2315 28 705
2326 28 191
2337 28 824
2348 28 945
2359 28 801
2370 28 770
2381 28 61
2392 28 763
2403 28 114
2414 28 111
2425 28 854
2436 28 56
2447 28 975
2458 28 294
2469 28 231
2480 28 882
2491 28 186
2502 28 965
2513 28 626
2524 28 742
2535 28 641
2546 28 610
2557 28 819
2568 28 623
2579 28 732
2590 28 287
2601 28 536
2612 28 380
2623 28 500
2634 28 138
2645 28 606
2656 28 455
2667 28 258
2678 28 37
2689 28 253
2700 28 310
2711 28 101
2722 28 939
2733 28 823
2744 28 739
2755 28 440
2766 28 377
2777 28 553
2788 28 917
2799 28 711
2810 28 579
2821 28 463
2832 28 907
2843 28 323
2854 28 722
2865 28 450
2876 28 954
2887 28 254
2898 28 996
2909 28 74
2920 28 466
2931 28 148
2942 28 711
2953 28 64
2964 28 408
2975 28 968
2986 28 171
2997 28 387
7 29 803
18 29 699
29 29 543
40 29 519
51 29 279
62 29 165
73 29 226
84 29 584
95 29 415
106 29 554
117 29 831
128 29 873
139 29 210
150 29 9
161 29 473
172 29 781
183 29 232
194 29 438
205 29 195
216 29 141
227 29 870
238 29 152
249 29 292
260 29 548
271 29 701
282 29 287
293 29 219
304 29 234
315 29 974
326 29 312
337 29 62
348 29 462
359 29 998
370 29 550
381 29 85
392 29 514
403 29 193
414 29 847
425 29 260
436 29 172
447 29 78
458 29 565
469 29 478
480 29 981
491 29 482
502 29 574
513 29 680
524 29 792
535 29 342
546 29 758
557 29 772
568 29 387
579 29 420
590 29 437
601 29 272
612 29 7
623 29 793
634 29 950
645 29 469
656 29 255
667 29 750
678 29 23
689 29 469
700 29 683
711 29 412
722 29 808
733 29 43
744 29 169
755 29 905
766 29 966
777 29 777
788 29 527
799 29 188
810 29 424
821 29 482
832 29 824
843 29 191
854 29 15
865 29 538
876 29 505
887 29 55
898 29 103
909 29 954
920 29 956
931 29 561
942 29 72
953 29 614
964 29 260
975 29 269
986 29 940
997 29 279
1008 29 119
1019 29 910
1030 29 172
1041 29 529
1052 29 524
1063 29 409
1074 29 990
1085 29 175
1096 29 20
1107 29 165
1118 29 388
1129 29 692
1140 29 315
1151 29 215
1162 29 814
1173 29 238
1184 29 957
1195 29 731
1206 29 879
1217 29 624
1228 29 932
1239 29 68
1250 29 182
1261 29 47
1272 29 232
1283 29 704
1294 29 469
1305 29 128
1316 29 428
1327 29 575
1338 29 568
1349 29 86
1360 29 59
1371 29 386
1382 29 645
1393 29 192
1404 29 518
1415 29 686
1426 29 482
1437 29 6
1448 29 635
1459 29 881
1470 29 823
1481 29 125
1492 29 524
1503 29 823
1514 29 53
1525 29 724
1536 29 911
1547 29 222
1558 29 526
1569 29 941
1580 29 841
1591 29 757
1602 29 684
1613 29 397
1624 29 207
1635 29 792
1646 29 33
1657 29 50
1668 29 305
1679 29 677
1690 29 679
1701 29 270
1712 29 840
1723 29 314
1734 29 609
1745 29 166
1756 29 893
1767 29 205
1778 29 520
1789 29 493
1800 29 289
1811 29 814
1822 29 86
1833 29 745
1844 29 634
1855 29 151
1866 29 107
1877 29 208
1888 29 248
1899 29 91
1910 29 904
1921 29 43
1932 29 284
1943 29 325
1954 29 848
1965 29 199
1976 29 249
1987 29 209
1998 29 987
2009 29 775
2020 29 178
2031 29 196
2042 29 32
2053 29 745
2064 29 933
2075 29 873
2086 29 217
2097 29 492
2108 29 173
2119 29 88
2130 29 292
2141 29 504
2152 29 817
2163 29 381
2174 29 75
2185 29 72
2196 29 478
2207 29 275
2218 29 245
2229 29 594
2240 29 230
2251 29 128
2262 29 811
2273 29 501
2284 29 53
2295 29 525
2306 29 792
2317 29 211
2328 29 386
2339 29 811
2350 29 172
2361 29 759
2372 29 497
2383 29 799
2394 29 330
2405 29 388
2416 29 1000
2427 29 620
2438 29 981
2449 29 362
2460 29 483
2471 29 449
2482 29 13
2493 29 203
2504 29 281
2515 29 170
2526 29 4
2537 29 958
2548 29 369
2559 29 607
2570 29 771
2581 29 909
2592 29 490
2603 29 484
2614 29 997
2625 29 918
2636 29 413
2647 29 432
2658 29 495
2669 29 856
2680 29 130
2691 29 547
2702 29 711
2713 29 729
2724 29 955
2735 29 828
2746 29 906
2757 29 954
2768 29 586
2779 29 309
2790 29 95
2801 29 31
2812 29 876
2823 29 133
2834 29 673
2845 29 177
2856 29 346
2867 29 922
2878 29 820
2889 29 855
2900 29 586
2911 29 857
2922 29 359
2933 29 179
2944 29 523
2955 29 688
2966 29 812
2977 29 180
2988 29 705
2999 29 247
9 30 253
20 30 472
31 30 648
42 30 414
53 30 565
64 30 746
75 30 25
86 30 609
97 30 917
108 30 78
119 30 520
130 30 157
141 30 460
152 30 543
163 30 853
174 30 584
185 30 852
196 30 990
207 30 790
218 30 234
229 30 484
240 30 159
251 30 417
262 30 931
273 30 26
284 30 776
295 30 814
306 30 976
317 30 376
328 30 783
339 30 214
350 30 868
361 30 554
372 30 444
383 30 50
394 30 86
405 30 992
416 30 247
427 30 143
438 30 189
449 30 729
460 30 245
471 30 373
482 30 414
493 30 905
504 30 361
515 30 841
526 30 65
537 30 194
548 30 73
559 30 663
570 30 307
581 30 868
592 30 543
603 30 725
614 30 309
625 30 834
636 30 881
647 30 626
658 30 71
669 30 359
680 30 335
691 30 402
702 30 528
713 30 115
724 30 948
735 30 27
746 30 521
757 30 335
768 30 420
779 30 791
790 30 980
801 30 21
812 30 846
823 30 43
834 30 78
845 30 931
856 30 235
867 30 735
878 30 818
889 30 452
900 30 87
911 30 727
922 30 777
933 30 527
944 30 84
955 30 875
966 30 516
977 30 691
988 30 995
999 30 529
1010 30 98
1021 30 204
1032 30 434
1043 30 181
1054 30 610
1065 30 89
1076 30 86
1087 30 326
1098 30 409
1109 30 232
1120 30 28
1131 30 923
1142 30 468
1153 30 16
1164 30 180
1175 30 241
1186 30 932
1197 30 426
1208 30 74
1219 30 766
1230 30 966
1241 30 359
1252 30 734
1263 30 725
1274 30 440
1285 30 145
1296 30 300
1307 30 643
1318 30 612
1329 30 991
1340 30 738
1351 30 532
1362 30 820
1373 30 541
1384 30 557
1395 30 670
1406 30 147
1417 30 976
1428 30 12
1439 30 668
1450 30 890
1461 30 706
1472 30 652
1483 30 246
1494 30 57
1505 30 617
1516 30 354
1527 30 66
1538 30 681
1549 30 495
1560 30 1000
1571 30 243
1582 30 816
1593 30 370
1604 30 744
1615 30 773
1626 30 776
1637 30 460
1648 30 786
1659 30 399
1670 30 470
1681 30 208
1692 30 140
1703 30 883
1714 30 849
1725 30 626
1736 30 813
1747 30 335
1758 30 148
1769 30 483
1780 30 962
1791 30 141
1802 30 270
1813 30 888
1824 30 677
1835 30 614
1846 30 112
1857 30 99
1868 30 92
1879 30 612
1890 30 783
1901 30 871
1912 30 822
1923 30 316
1934 30 177
1945 30 743
1956 30 70
1967 30 694
1978 30 435
1989 30 504
2000 30 53
2011 30 240
2022 30 888
2033 30 650
2044 30 572
2055 30 744
2066 30 959
2077 30 854
2088 30 379
2099 30 387
2110 30 548
2121 30 961
2132 30 900
2143 30 88
2154 30 664
2165 30 612
2176 30 859
2187 30 227
2198 30 435
2209 30 768
2220 30 690
2231 30 63
2242 30 75
2253 30 46
2264 30 350
2275 30 673
2286 30 805
2297 30 965
2308 30 674
2319 30 17
2330 30 431
2341 30 654
2352 30 718
2363 30 412
2374 30 8
2385 30 546
2396 30 454
2407 30 246
2418 30 742
2429 30 603
2440 30 12
2451 30 791
2462 30 469
2473 30 464
2484 30 518
2495 30 587
2506 30 214
2517 30 778
2528 30 681
2539 30 377
2550 30 873
2561 30 73
2572 30 119
2583 30 966
2594 30 634
2605 30 13
2616 30 253
2627 30 316
2638 30 187
2649 30 679
2660 30 243
2671 30 235
2682 30 498
2693 30 50
2704 30 627
2715 30 583
2726 30 757
2737 30 378
2748 30 4
2759 30 656
2770 30 374
2781 30 510
2792 30 988
2803 30 570
2814 30 691
2825 30 559
2836 30 715
2847 30 461
2858 30 840
2869 30 309
2880 30 219
2891 30 163
2902 30 221
2913 30 385
2924 30 32
2935 30 293
2946 30 658
2957 30 882
2968 30 543
2979 30 843
2990 30 402
0 31 438
11 31 23
22 31 805
33 31 10
44 31 623
55 31 31
66 31 374
77 31 43
88 31 938
99 31 24
110 31 998
121 31 56
132 31 202
143 31 470
154 31 92
165 31 671
176 31 375
187 31 882
198 31 652
209 31 163
220 31 832
231 31 199
242 31 699
253 31 623
264 31 365
275 31 575
286 31 353
297 31 421
308 31 944
319 31 695
330 31 617
341 31 274
352 31 490
363 31 183
374 31 221
385 31 740
396 31 135
407 31 17
418 31 852
429 31 226
440 31 676
451 31 326
462 31 530
473 31 994
484 31 266
495 31 586
506 31 30
517 31 913
528 31 330
539 31 60
550 31 152
561 31 866
572 31 907
583 31 331
594 31 686
605 31 256
616 31 829
627 31 977
638 31 958
649 31 110
660 31 24
671 31 464
682 31 279
693 31 707
704 31 33
715 31 453
726 31 466
737 31 469
748 31 651
759 31 185
770 31 131
781 31 467
792 31 703
803 31 343
814 31 199
825 31 736
836 31 532
847 31 632
858 31 996
869 31 375
880 31 501
891 31 434
902 31 527
913 31 674
924 31 513
935 31 688
946 31 175
957 31 608
968 31 595
979 31 245
990 31 277
1001 31 215
1012 31 391
1023 31 855
1034 31 431
1045 31 656
1056 31 89
1067 31 651
1078 31 555
1089 31 701
1100 31 381
1111 31 992
1122 31 466
1133 31 412
1144 31 249
1155 31 227
1166 31 42
1177 31 90
1188 31 307
1199 31 519
1210 31 298
1221 31 591
1232 31 251
1243 31 422
1254 31 770
1265 31 410
1276 31 845
1287 31 158
1298 31 337
1309 31 118
1320 31 766
1331 31 481
1342 31 246
1353 31 880
1364 31 184
1375 31 549
1386 31 445
1397 31 23
1408 31 866
1419 31 95
1430 31 853
1441 31 149
1452 31 190
1463 31 143
1474 31 42
1485 31 544
1496 31 493
1507 31 285
1518 31 558
1529 31 448
1540 31 132
1551 31 817
1562 31 595
1573 31 288
1584 31 717
1595 31 915
1606 31 289
1617 31 371
1628 31 164
1639 31 762
1650 31 658
1661 31 446
1672 31 970
1683 31 145
1694 31 489
1705 31 105
1716 31 772
1727 31 265
1738 31 348
1749 31 234
1760 31 721
1771 31 980
1782 31 882
1793 31 514
1804 31 6
1815 31 383
1826 31 580
1837 31 223
1848 31 35
1859 31 298
1870 31 843
1881 31 87
1892 31 103
1903 31 152
1914 31 89
1925 31 220
1936 31 39
1947 31 978
1958 31 88
1969 31 863
1980 31 994
1991 31 304
2002 31 696
2013 31 463
2024 31 316
2035 31 366
2046 31 452
2057 31 700
2068 31 623
2079 31 850
2090 31 129
2101 31 909
2112 31 523
2123 31 928
2134 31 966
2145 31 27
2156 31 54
2167 31 835
2178 31 716
2189 31 74
2200 31 806
2211 31 606
2222 31 400
2233 31 655
2244 31 870
2255 31 284
2266 31 32
2277 31 74
2288 31 538
2299 31 56
2310 31 61
2321 31 875
2332 31 898
2343 31 800
2354 31 932
2365 31 310
2376 31 242
2387 31 176
2398 31 946
2409 31 471
2420 31 230
2431 31 256
2442 31 541
2453 31 141
2464 31 299
2475 31 261
2486 31 84
2497 31 283
2508 31 801
2519 31 743
2530 31 148
2541 31 453
2552 31 148
2563 31 997
2574 31 681
2585 31 566
2596 31 114
2607 31 949
2618 31 538
2629 31 186
2640 31 656
2651 31 784
2662 31 275
2673 31 333
2684 31 873
2695 31 944
2706 31 253
2717 31 849
2728 31 657
2739 31 18
2750 31 573
2761 31 980
2772 31 233
2783 31 793
2794 31 315
2805 31 323
2816 31 102
2827 31 657
2838 31 658
2849 31 818
2860 31 542
2871 31 400
2882 31 991
2893 31 235
2904 31 161
2915 31 637
2926 31 476
2937 31 154
2948 31 767
2959 31 624
2970 31 811
2981 31 796
2992 31 608
2 32 592
13 32 700
24 32 249
35 32 879
46 32 787
57 32 698
68 32 256
79 32 84
90 32 427
101 32 338
112 32 590
123 32 643
134 32 734
145 32 293
156 32 797
167 32 191
178 32 327
189 32 418
200 32 486
211 32 673
222 32 490
233 32 716
244 32 80
255 32 921
266 32 874
277 32 685
288 32 980
299 32 223
310 32 579
321 32 274
332 32 280
343 32 192
354 32 535
365 32 221
376 32 642
387 32 770
398 32 595
409 32 402
420 32 9
431 32 23
442 32 644
453 32 881
464 32 688
475 32 894
486 32 998
497 32 751
508 32 204
519 32 96
530 32 447
541 32 564
552 32 151
563 32 932
574 32 672
585 32 496
596 32 464
607 32 216
618 32 89
629 32 401
640 32 94
651 32 406
662 32 964
673 32 69
684 32 717
695 32 821
706 32 811
717 32 968
728 32 774
739 32 507
750 32 74
761 32 676
772 32 913
783 32 1000
794 32 722
805 32 197
816 32 564
827 32 368
838 32 874
849 32 932
860 32 293
871 32 578
882 32 93
893 32 891
904 32 596
915 32 762
926 32 17
937 32 431
948 32 33
959 32 629
970 32 817
981 32 513
992 32 595
1003 32 24
1014 32 738
1025 32 293
1036 32 58
1047 32 975
1058 32 828
1069 32 875
1080 32 842
1091 32 126
1102 32 127
1113 32 110
1124 32 820
1135 32 718
1146 32 995
1157 32 189
1168 32 670
1179 32 887
1190 32 692
1201 32 723
1212 32 946
1223 32 460
1234 32 246
1245 32 440
1256 32 757
1267 32 943
1278 32 417
1289 32 221
1300 32 682
1311 32 969
1322 32 449
1333 32 81
1344 32 435
1355 32 874
1366 32 528
1377 32 691
1388 32 628
1399 32 136
1410 32 722
1421 32 233
1432 32 183
1443 32 934
1454 32 941
1465 32 518
1476 32 84
1487 32 76
1498 32 808
1509 32 400
1520 32 160
1531 32 205
1542 32 970
1553 32 31
1564 32 573
1575 32 1
1586 32 51
1597 32 525
1608 32 498
1619 32 660
1630 32 720
1641 32 970
1652 32 674
1663 32 808
1674 32 480
1685 32 148
1696 32 466
1707 32 114
1718 32 36
1729 32 576
1740 32 845
1751 32 695
1762 32 164
1773 32 370
1784 32 575
1795 32 579
1806 32 989
1817 32 148
1828 32 966
1839 32 282
1850 32 608
1861 32 936
1872 32 712
1883 32 202
1894 32 491
1905 32 212
1916 32 903
1927 32 256
1938 32 420
1949 32 937
1960 32 360
1971 32 692
1982 32 272
1993 32 46
2004 32 216
2015 32 598
2026 32 203
2037 32 927
2048 32 849
2059 32 52
2070 32 774
2081 32 127
2092 32 995
2103 32 557
2114 32 16
2125 32 222
2136 32 725
2147 32 345
2158 32 925
2169 32 779
2180 32 193
2191 32 900
2202 32 555
2213 32 924
2224 32 714
2235 32 81
2246 32 666
2257 32 214
2268 32 941
2279 32 344
2290 32 361
2301 32 525
2312 32 648
2323 32 266
2334 32 338
2345 32 40
2356 32 348
2367 32 720
2378 32 349
2389 32 549
2400 32 694
2411 32 83
2422 32 153
2433 32 868
2444 32 714
2455 32 922
2466 32 838
2477 32 624
2488 32 55
2499 32 491
2510 32 120
2521 32 782
2532 32 182
2543 32 66
2554 32 460
2565 32 872
2576 32 244
2587 32 885
2598 32 247
2609 32 518
2620 32 951
2631 32 625
2642 32 515
2653 32 78
2664 32 587
2675 32 89
2686 32 183
2697 32 645
2708 32 796
2719 32 721
2730 32 847
2741 32 470
2752 32 275
2763 32 930
2774 32 222
2785 32 92
2796 32 273
2807 32 392
2818 32 290
2829 32 597
2840 32 970
2851 32 817
2862 32 192
2873 32 780
2884 32 306
2895 32 622
2906 32 103
2917 32 547
2928 32 820
2939 32 593
2950 32 872
2961 32 910
2972 32 729
2983 32 329
2994 32 928
4 33 762
15 33 768
26 33 901
37 33 582
48 33 592
59 33 638
70 33 784
81 33 923
92 33 583
103 33 219
114 33 623
125 33 639
136 33 287
147 33 103
158 33 267
169 33 473
180 33 769
191 33 62
202 33 688
213 33 832
224 33 494
235 33 832
246 33 983
257 33 389
268 33 215
279 33 357
290 33 568
301 33 827
312 33 8
323 33 651
334 33 58
345 33 577
356 33 556
367 33 142
378 33 10
389 33 220
400 33 594
411 33 256
422 33 932
433 33 581
444 33 944
455 33 555
466 33 147
477 33 75
488 33 457
499 33 675
510 33 225
521 33 674
532 33 670
543 33 931
554 33 395
565 33 568
576 33 652
587 33 802
598 33 417
609 33 719
620 33 878
631 33 967
642 33 28
653 33 813
664 33 638
675 33 800
686 33 742
697 33 247
708 33 25
719 33 370
730 33 311
741 33 785
752 33 470
763 33 310
774 33 653
785 33 275
796 33 396
807 33 115
818 33 425
829 33 110
840 33 962
851 33 627
862 33 523
873 33 216
884 33 880
895 33 277
906 33 477
917 33 917
928 33 980
939 33 575
950 33 84
961 33 841
972 33 22
983 33 919
994 33 750
1005 33 689
1016 33 916
1027 33 751
1038 33 555
1049 33 170
1060 33 939
1071 33 461
1082 33 293
1093 33 328
1104 33 580
1115 33 48
1126 33 835
1137 33 133
1148 33 295
1159 33 931
1170 33 675
1181 33 736
1192 33 612
1203 33 896
1214 33 891
1225 33 212
1236 33 647
1247 33 805
1258 33 353
1269 33 245
1280 33 85
1291 33 875
1302 33 898
1313 33 787
1324 33 541
1335 33 922
1346 33 550
1357 33 558
1368 33 635
1379 33 588
1390 33 379
1401 33 774
1412 33 599
1423 33 911
1434 33 290
1445 33 746
1456 33 27
1467 33 838
1478 33 339
1489 33 877
1500 33 840
1511 33 668
1522 33 506
1533 33 254
1544 33 981
1555 33 890
1566 33 83
1577 33 800
1588 33 539
1599 33 615
1610 33 82
1621 33 65
1632 33 633
1643 33 965
1654 33 594
1665 33 642
1676 33 517
1687 33 3
1698 33 730
1709 33 405
1720 33 761
1731 33 943
1742 33 787
1753 33 411
1764 33 491
1775 33 303
1786 33 506
1797 33 62
1808 33 390
1819 33 721
1830 33 530
1841 33 977
1852 33 35
1863 33 174
1874 33 722
1885 33 676
1896 33 49
1907 33 399
1918 33 464
1929 33 387
1940 33 151
1951 33 950
1962 33 407
1973 33 54
1984 33 12
1995 33 687
2006 33 540
2017 33 647
2028 33 368
2039 33 345
2050 33 337
2061 33 714
2072 33 540
2083 33 743
2094 33 805
2105 33 608
2116 33 836
2127 33 96
2138 33 930
2149 33 156
2160 33 380
2171 33 338
2182 33 144
2193 33 308
2204 33 870
2215 33 145
2226 33 281
2237 33 797
2248 33 805
2259 33 594
2270 33 896
2281 33 483
2292 33 29
2303 33 669
2314 33 782
2325 33 255
2336 33 299
2347 33 446
2358 33 118
2369 33 299
2380 33 190
2391 33 426
2402 33 765
2413 33 457
2424 33 690
2435 33 479
2446 33 559
2457 33 669
2468 33 418
2479 33 446
2490 33 789
2501 33 482
2512 33 347
2523 33 620
2534 33 852
2545 33 89
2556 33 583
2567 33 724
2578 33 574
2589 33 743
2600 33 613
2611 33 768
2622 33 242
2633 33 501
2644 33 223
2655 33 60
2666 33 466
2677 33 850
2688 33 840
2699 33 846
2710 33 938
2721 33 59
2732 33 626
2743 33 518
2754 33 499
2765 33 476
2776 33 161
2787 33 834
2798 33 463
2809 33 209
2820 33 22
2831 33 764
2842 33 406
2853 33 82
2864 33 195
2875 33 249
2886 33 741
2897 33 521
2908 33 540
2919 33 953
2930 33 751
2941 33 652
2952 33 497
2963 33 978
2974 33 107
2985 33 407
2996 33 591
6 34 790
17 34 227
28 34 576
39 34 881
50 34 319
61 34 638
72 34 64
83 34 371
94 34 437
105 34 170
116 34 415
127 34 711
138 34 455
149 34 924
160 34 724
171 34 935
182 34 556
193 34 826
204 34 71
215 34 422
226 34 436
237 34 580
248 34 205
259 34 851
270 34 749
281 34 23
292 34 80
303 34 990
314 34 4
325 34 944
336 34 426
347 34 656
358 34 263
369 34 80
380 34 100
391 34 67
402 34 895
413 34 307
424 34 855
435 34 54
446 34 855
457 34 221
468 34 955
479 34 443
490 34 266
501 34 754
512 34 116
523 34 809
534 34 419
545 34 291
556 34 248
567 34 86
578 34 607
589 34 55
600 34 442
611 34 829
622 34 655
633 34 427
644 34 795
655 34 500
666 34 903
677 34 290
688 34 443
699 34 122
710 34 794
721 34 525
732 34 121
743 34 542
754 34 448
765 34 157
776 34 353
787 34 410
798 34 914
809 34 740
820 34 866
831 34 578
842 34 378
853 34 114
864 34 140
875 34 44
886 34 172
897 34 117
908 34 221
919 34 729
930 34 528
941 34 196
952 34 221
963 34 782
974 34 634
985 34 40
996 34 861
1007 34 510
1018 34 603
1029 34 39
1040 34 648
1051 34 389
1062 34 490
1073 34 343
1084 34 547
1095 34 348
1106 34 763
1117 34 748
1128 34 131
1139 34 328
1150 34 979
1161 34 462
1172 34 193
1183 34 646
1194 34 185
1205 34 196
1216 34 689
1227 34 45
1238 34 271
1249 34 265
1260 34 115
1271 34 113
1282 34 425
1293 34 38
1304 34 777
1315 34 765
1326 34 998
1337 34 208
1348 34 374
1359 34 60
1370 34 909
1381 34 63
1392 34 233
1403 34 847
1414 34 338
1425 34 79
1436 34 979
1447 34 626
1458 34 106
1469 34 698
1480 34 478
1491 34 568
1502 34 559
1513 34 313
1524 34 533
1535 34 643
1546 34 453
1557 34 875
1568 34 600
1579 34 637
1590 34 648
1601 34 728
1612 34 467
1623 34 933
1634 34 828
1645 34 679
1656 34 271
1667 34 285
1678 34 29
1689 34 827
1700 34 828
1711 34 266
1722 34 532
1733 34 273
1744 34 41
1755 34 682
1766 34 544
1777 34 308
1788 34 932
1799 34 336
1810 34 446
1821 34 966
1832 34 2
1843 34 998
1854 34 556
1865 34 15
1876 34 543
1887 34 447
1898 34 910
1909 34 227
1920 34 435
1931 34 80
1942 34 541
1953 34 242
1964 34 477
1975 34 408
1986 34 36
1997 34 745
2008 34 674
2019 34 172
2030 34 907
2041 34 338
2052 34 992
2063 34 871
2074 34 591
2085 34 335
2096 34 491
2107 34 435
2118 34 430
2129 34 881
2140 34 804
2151 34 714
2162 34 800
2173 34 956
2184 34 121
2195 34 175
2206 34 576
2217 34 175
2228 34 726
2239 34 67
2250 34 932
2261 34 639
2272 34 697
2283 34 397
2294 34 108
2305 34 569
2316 34 219
2327 34 912
2338 34 686
2349 34 752
2360 34 750
2371 34 977
2382 34 64
2393 34 632
2404 34 784
2415 34 764
2426 34 703
2437 34 355
2448 34 72
2459 34 945
2470 34 303
2481 34 370
2492 34 626
2503 34 154
2514 34 59
2525 34 602
2536 34 225
2547 34 505
2558 34 952
2569 34 476
2580 34 790
2591 34 630
2602 34 650
2613 34 828
2624 34 777
2635 34 962
2646 34 475
2657 34 920
2668 34 810
2679 34 292
2690 34 806
2701 34 992
2712 34 89
2723 34 387
2734 34 236
2745 34 742
2756 34 961
2767 34 956
2778 34 270
2789 34 192
2800 34 847
2811 34 58
2822 34 489
2833 34 460
2844 34 273
2855 34 528
2866 34 18
2877 34 158
2888 34 261
2899 34 770
2910 34 537
2921 34 447
2932 34 760
2943 34 417
2954 34 814
2965 34 136
2976 34 532
2987 34 993
2998 34 638
8 35 209
19 35 924
30 35 20
41 35 888
52 35 458
63 35 349
74 35 362
85 35 363
96 35 711
107 35 507
118 35 126
129 35 428
140 35 596
151 35 319
162 35 477
173 35 375
184 35 673
195 35 520
206 35 551
217 35 509
228 35 318
239 35 942
250 35 155
261 35 267
272 35 791
283 35 13
294 35 100
305 35 23
316 35 501
327 35 584
338 35 651
349 35 6
360 35 141
371 35 4
382 35 280
393 35 937
404 35 475
415 35 181
426 35 849
437 35 469
448 35 579
459 35 908
470 35 354
481 35 829
492 35 416
503 35 123
514 35 802
525 35 104
536 35 463
547 35 915
558 35 353
569 35 901
580 35 294
591 35 835
602 35 120
613 35 83
624 35 719
635 35 351
646 35 699
657 35 250
668 35 45
679 35 361
690 35 649
701 35 877
712 35 594
723 35 211
734 35 727
745 35 165
756 35 499
767 35 629
778 35 141
789 35 877
800 35 595
811 35 924
822 35 337
833 35 361
844 35 739
855 35 53
866 35 447
877 35 509
888 35 219
899 35 405
910 35 417
921 35 219
932 35 3
943 35 280
954 35 869
965 35 995
976 35 602
987 35 631
998 35 236
1009 35 130
1020 35 890
1031 35 827
1042 35 313
1053 35 264
1064 35 713
1075 35 82
1086 35 840
1097 35 135
1108 35 495
1119 35 852
1130 35 600
1141 35 194
1152 35 909
1163 35 820
1174 35 209
1185 35 423
1196 35 942
1207 35 675
1218 35 112
1229 35 784
1240 35 222
1251 35 972
1262 35 811
1273 35 266
1284 35 501
1295 35 653
1306 35 41
1317 35 704
1328 35 631
1339 35 694
1350 35 476
1361 35 601
1372 35 244
1383 35 845
1394 35 162
1405 35 819
1416 35 309
1427 35 59
1438 35 128
1449 35 562
1460 35 627
1471 35 844
1482 35 804
1493 35 702
1504 35 489
1515 35 112
1526 35 693
1537 35 47
1548 35 460
1559 35 247
1570 35 464
1581 35 346
1592 35 611
1603 35 538
1614 35 844
1625 35 615
1636 35 521
1647 35 257
1658 35 712
1669 35 381
1680 35 872
1691 35 94
1702 35 213
1713 35 419
1724 35 36
1735 35 730
1746 35 704
1757 35 683
1768 35 729
1779 35 959
1790 35 868
1801 35 987
1812 35 779
1823 35 774
1834 35 485
1845 35 664
1856 35 659
1867 35 952
1878 35 350
1889 35 541
1900 35 452
1911 35 384
1922 35 834
1933 35 338
1944 35 198
1955 35 815
1966 35 20
1977 35 663
1988 35 438
1999 35 767
2010 35 408
2021 35 490
2032 35 434
2043 35 413
2054 35 405
2065 35 376
2076 35 647
2087 35 684
2098 35 346
2109 35 154
2120 35 371
2131 35 645
2142 35 252
2153 35 462
2164 35 372
2175 35 338
2186 35 982
2197 35 856
2208 35 55
2219 35 741
2230 35 959
2241 35 671
2252 35 77
2263 35 257
2274 35 692
2285 35 425
2296 35 212
2307 35 748
2318 35 914
2329 35 529
2340 35 437
2351 35 225
2362 35 672
2373 35 556
2384 35 378
2395 35 522
2406 35 992
2417 35 775
2428 35 973
2439 35 216
2450 35 957
2461 35 596
2472 35 530
2483 35 293
2494 35 915
2505 35 417
2516 35 243
2527 35 90
2538 35 939
2549 35 40
2560 35 129
2571 35 469
2582 35 222
2593 35 81
2604 35 178
2615 35 617
2626 35 195
2637 35 478
2648 35 872
2659 35 883
2670 35 301
2681 35 651
2692 35 585
2703 35 429
2714 35 496
2725 35 206
2736 35 387
2747 35 584
2758 35 666
2769 35 936
2780 35 788
2791 35 342
2802 35 173
2813 35 797
2824 35 810
2835 35 623
2846 35 407
2857 35 350
2868 35 431
2879 35 516
2890 35 218
2901 35 555
2912 35 379
2923 35 214
2934 35 530
2945 35 923
2956 35 366
2967 35 211
2978 35 93
2989 35 322
10 36 581
21 36 239
32 36 873
43 36 78
54 36 942
65 36 940
76 36 820
87 36 972
98 36 860
109 36 645
120 36 306
131 36 476
142 36 899
153 36 393
164 36 636
175 36 621
186 36 457
197 36 708
208 36 300
219 36 880
230 36 590
241 36 189
252 36 917
263 36 860
274 36 372
285 36 669
296 36 308
307 36 873
318 36 895
329 36 119
340 36 187
351 36 989
362 36 298
373 36 656
384 36 5
395 36 201
406 36 428
417 36 148
428 36 795
439 36 665
450 36 714
461 36 38
472 36 178
483 36 740
494 36 94
505 36 453
516 36 565
527 36 544
538 36 864
549 36 991
560 36 527
571 36 572
582 36 532
593 36 846
604 36 787
615 36 56
626 36 117
637 36 819
648 36 675
659 36 229
670 36 676
681 36 838
692 36 672
703 36 516
714 36 70
725 36 115
736 36 145
747 36 61
758 36 920
769 36 432
780 36 504
791 36 675
802 36 287
813 36 842
824 36 179
835 36 378
846 36 813
857 36 321
868 36 72
879 36 419
890 36 778
901 36 362
912 36 713
923 36 960
934 36 816
945 36 128
956 36 13
967 36 579
978 36 363
989 36 54
1000 36 807
1011 36 526
1022 36 740
1033 36 203
1044 36 860
1055 36 614
1066 36 27
1077 36 855
1088 36 995
1099 36 8
1110 36 616
1121 36 767
1132 36 675
1143 36 691
1154 36 148
1165 36 366
1176 36 807
1187 36 182
1198 36 781
1209 36 319
1220 36 15
1231 36 53
1242 36 1
1253 36 630
1264 36 30
1275 36 893
1286 36 470
1297 36 129
1308 36 545
1319 36 284
1330 36 715
1341 36 507
1352 36 947
1363 36 983
1374 36 836
1385 36 298
1396 36 589
1407 36 203
1418 36 377
1429 36 227
1440 36 954
1451 36 421
1462 36 923
1473 36 451
1484 36 582
1495 36 212
1506 36 658
1517 36 9
1528 36 411
1539 36 231
1550 36 831
1561 36 335
1572 36 432
1583 36 344
1594 36 509
1605 36 959
1616 36 180
1627 36 664
1638 36 318
1649 36 364
1660 36 254
1671 36 109
1682 36 433
1693 36 586
1704 36 447
1715 36 251
1726 36 821
1737 36 518
1748 36 908
1759 36 876
1770 36 315
1781 36 45
1792 36 340
1803 36 758
1814 36 103
1825 36 636
1836 36 766
1847 36 753
1858 36 587
1869 36 741
1880 36 386
1891 36 917
1902 36 7
1913 36 52
1924 36 868
1935 36 234
1946 36 12
1957 36 55
1968 36 702
1979 36 61
1990 36 224
2001 36 172
2012 36 662
2023 36 211
2034 36 732
2045 36 878
2056 36 249
2067 36 253
2078 36 434
2089 36 456
2100 36 1000
2111 36 583
2122 36 101
2133 36 600
2144 36 487
2155 36 858
2166 36 814
2177 36 383
2188 36 583
2199 36 800
2210 36 460
2221 36 3
2232 36 328
2243 36 577
2254 36 410
2265 36 608
2276 36 979
2287 36 902
2298 36 757
2309 36 811
2320 36 466
2331 36 780
2342 36 355
2353 36 701
2364 36 903
2375 36 613
2386 36 863
2397 36 369
2408 36 742
2419 36 660
2430 36 995
2441 36 506
2452 36 135
2463 36 203
2474 36 634
2485 36 343
2496 36 190
2507 36 796
2518 36 322
2529 36 793
2540 36 126
2551 36 474
2562 36 663
2573 36 380
2584 36 573
2595 36 80
2606 36 887
2617 36 159
2628 36 23
2639 36 8
2650 36 226
2661 36 980
2672 36 21
2683 36 585
2694 36 915
2705 36 52
2716 36 327
2727 36 1000
2738 36 699
2749 36 178
2760 36 973
2771 36 80
2782 36 286
2793 36 412
2804 36 973
2815 36 727
2826 36 361
2837 36 103
2848 36 255
2859 36 950
2870 36 235
2881 36 446
2892 36 938
2903 36 872
2914 36 894
2925 36 32
2936 36 108
2947 36 343
2958 36 689
2969 36 392
2980 36 153
2991 36 423
1 37 176
12 37 892
23 37 653
34 37 60
45 37 961
56 37 168
67 37 524
78 37 790
89 37 44
100 37 310
111 37 367
122 37 250
133 37 481
144 37 559
155 37 642
166 37 888
177 37 893
188 37 122
199 37 425
210 37 513
221 37 282
232 37 658
243 37 356
254 37 446
265 37 750
276 37 108
287 37 737
298 37 570
309 37 900
320 37 430
331 37 893
342 37 921
353 37 508
364 37 962
375 37 572
386 37 658
397 37 853
408 37 63
419 37 212
430 37 80
441 37 163
452 37 650
463 37 227
474 37 333
485 37 647
496 37 690
507 37 73
518 37 988
529 37 251
540 37 846
551 37 402
562 37 991
573 37 469
584 37 816
595 37 402
606 37 309
617 37 365
628 37 309
639 37 694
650 37 586
661 37 789
672 37 867
683 37 609
694 37 339
705 37 109
716 37 604
727 37 775
738 37 921
749 37 408
760 37 307
771 37 363
782 37 470
793 37 229
804 37 635
815 37 669
826 37 832
837 37 671
848 37 686
859 37 515
870 37 411
881 37 351
892 37 558
903 37 761
914 37 125
925 37 133
936 37 46
947 37 126
958 37 427
969 37 383
980 37 651
991 37 564
1002 37 300
1013 37 253
1024 37 795
1035 37 311
1046 37 304
1057 37 788
1068 37 46
1079 37 729
1090 37 988
1101 37 388
1112 37 687
1123 37 314
1134 37 254
1145 37 185
1156 37 764
1167 37 417
1178 37 571
1189 37 633
1200 37 977
1211 37 439
1222 37 567
1233 37 638
1244 37 113
1255 37 256
1266 37 695
1277 37 440
1288 37 928
1299 37 460
1310 37 386
1321 37 111
1332 37 224
1343 37 583
1354 37 226
1365 37 805
1376 37 121
1387 37 24
1398 37 474
1409 37 723
1420 37 609
1431 37 693
1442 37 930
1453 37 733
1464 37 163
1475 37 971
1486 37 152
1497 37 237
1508 37 303
1519 37 579
1530 37 244
1541 37 512
1552 37 816
1563 37 931
1574 37 756
1585 37 455
1596 37 280
1607 37 376
1618 37 40
1629 37 561
1640 37 481
1651 37 440
1662 37 18
1673 37 808
1684 37 478
1695 37 481
1706 37 489
1717 37 237
1728 37 820
1739 37 954
1750 37 66
1761 37 43
1772 37 691
1783 37 299
1794 37 434
1805 37 615
1816 37 792
1827 37 374
1838 37 393
1849 37 924
1860 37 879
1871 37 872
1882 37 614
1893 37 552
1904 37 903
1915 37 723
1926 37 578
1937 37 555
1948 37 163
1959 37 345
1970 37 837
1981 37 318
1992 37 990
2003 37 200
2014 37 572
2025 37 700
2036 37 825
2047 37 835
2058 37 876
2069 37 669
2080 37 484
2091 37 318
2102 37 389
2113 37 127
2124 37 513
2135 37 523
2146 37 11
2157 37 53
2168 37 545
2179 37 217
2190 37 477
2201 37 177
2212 37 46
2223 37 146
2234 37 251
2245 37 423
2256 37 127
2267 37 800
2278 37 410
2289 37 339
2300 37 571
2311 37 480
2322 37 257
2333 37 899
2344 37 676
2355 37 844
2366 37 237
2377 37 968
2388 37 827
2399 37 68
2410 37 953
2421 37 46
2432 37 469
2443 37 135
2454 37 714
2465 37 749
2476 37 339
2487 37 203
2498 37 143
2509 37 710
2520 37 65
2531 37 56
2542 37 547
2553 37 147
2564 37 492
2575 37 998
2586 37 390
2597 37 300
2608 37 938
2619 37 336
2630 37 521
2641 37 510
2652 37 443
2663 37 614
2674 37 409
2685 37 931
2696 37 378
2707 37 883
2718 37 269
2729 37 55
2740 37 361
2751 37 585
2762 37 794
2773 37 135
2784 37 227
2795 37 95
2806 37 323
2817 37 948
2828 37 318
2839 37 536
2850 37 739
2861 37 126
2872 37 110
2883 37 676
2894 37 87
2905 37 126
2916 37 326
2927 37 573
2938 37 945
2949 37 771
2960 37 500
2971 37 553
2982 37 385
2993 37 466
3 38 741
14 38 521
25 38 114
36 38 390
47 38 499
58 38 87
69 38 488
80 38 631
91 38 87
102 38 174
113 38 507
124 38 366
135 38 981
146 38 672
157 38 642
168 38 159
179 38 934
190 38 748
201 38 65
212 38 902
223 38 206
234 38 118
245 38 177
256 38 102
267 38 294
278 38 633
289 38 49
300 38 649
311 38 130
322 38 213
333 38 139
344 38 504
355 38 999
366 38 752
377 38 789
388 38 262
399 38 475
410 38 36
421 38 985
432 38 665
443 38 879
454 38 838
465 38 815
476 38 491
487 38 428
498 38 414
509 38 738
520 38 6
531 38 539
542 38 369
553 38 427
564 38 67
575 38 731
586 38 533
597 38 326
608 38 868
619 38 575
630 38 472
641 38 268
652 38 638
663 38 891
674 38 498
685 38 252
696 38 398
707 38 890
718 38 192
729 38 75
740 38 272
751 38 531
762 38 400
773 38 261
784 38 644
795 38 20
806 38 351
817 38 184
828 38 166
839 38 461
850 38 720
861 38 736
872 38 378
883 38 895
894 38 928
905 38 402
916 38 303
927 38 230
938 38 890
949 38 475
960 38 710
971 38 935
982 38 294
993 38 277
1004 38 950
1015 38 634
1026 38 548
1037 38 748
1048 38 194
1059 38 926
1070 38 438
1081 38 376
1092 38 796
1103 38 624
1114 38 752
1125 38 140
1136 38 140
1147 38 559
1158 38 948
1169 38 651
1180 38 636
1191 38 553
1202 38 29
1213 38 802
1224 38 391
1235 38 795
1246 38 110
1257 38 58
1268 38 935
1279 38 123
1290 38 466
1301 38 140
1312 38 69
1323 38 417
1334 38 118
1345 38 489
1356 38 799
1367 38 114
1378 38 832
1389 38 867
1400 38 750
1411 38 133
1422 38 755
1433 38 281
1444 38 233
1455 38 330
1466 38 415
1477 38 468
1488 38 100
1499 38 166
1510 38 829
1521 38 813
1532 38 285
1543 38 979
1554 38 973
1565 38 566
1576 38 456
1587 38 522
1598 38 917
1609 38 728
1620 38 94
1631 38 912
1642 38 899
1653 38 595
1664 38 562
1675 38 491
1686 38 573
1697 38 520
1708 38 155
1719 38 352
1730 38 431
1741 38 531
1752 38 549
1763 38 726
1774 38 30
1785 38 218
1796 38 533
1807 38 615
1818 38 414
1829 38 903
1840 38 966
1851 38 177
1862 38 502
1873 38 414
1884 38 261
1895 38 989
1906 38 31
1917 38 915
1928 38 69
1939 38 725
1950 38 817
1961 38 464
1972 38 643
1983 38 50
1994 38 269
2005 38 984
2016 38 947
2027 38 779
2038 38 885
2049 38 865
2060 38 842
2071 38 416
2082 38 935
2093 38 635
2104 38 78
2115 38 499
2126 38 839
2137 38 254
2148 38 495
2159 38 562
2170 38 826
2181 38 764
2192 38 16
2203 38 632
2214 38 191
2225 38 227
2236 38 854
2247 38 30
2258 38 646
2269 38 662
2280 38 683
2291 38 860
2302 38 848
2313 38 383
2324 38 595
2335 38 961
2346 38 245
2357 38 858
2368 38 116
2379 38 777
2390 38 710
2401 38 736
2412 38 876
2423 38 602
2434 38 164
2445 38 736
2456 38 304
2467 38 121
2478 38 61
2489 38 138
2500 38 726
2511 38 852
2522 38 401
2533 38 653
2544 38 371
2555 38 805
2566 38 300
2577 38 541
2588 38 680
2599 38 113
2610 38 493
2621 38 891
2632 38 287
2643 38 142
2654 38 839
2665 38 586
2676 38 907
2687 38 261
2698 38 225
2709 38 319
2720 38 509
2731 38 429
2742 38 517
2753 38 464
2764 38 366
2775 38 338
2786 38 672
2797 38 994
2808 38 733
2819 38 867
2830 38 203
2841 38 837
2852 38 168
2863 38 764
2874 38 152
2885 38 857
2896 38 395
2907 38 885
2918 38 785
2929 38 314
2940 38 304
2951 38 796
2962 38 350
2973 38 329
2984 38 145
2995 38 69
5 39 444
16 39 322
27 39 346
38 39 856
49 39 971
60 39 127
71 39 764
82 39 5
93 39 29
104 39 233
115 39 142
126 39 55
137 39 729
148 39 244
159 39 179
170 39 461
181 39 403
192 39 815
203 39 444
214 39 93
225 39 934
236 39 491
247 39 126
258 39 617
269 39 68
280 39 60
291 39 521
302 39 564
313 39 226
324 39 610
335 39 492
346 39 150
357 39 780
368 39 627
379 39 883
390 39 549
401 39 299
412 39 351
423 39 147
434 39 256
445 39 426
456 39 481
467 39 557
478 39 452
489 39 83
500 39 131
511 39 511
522 39 688
533 39 759
544 39 569
555 39 202
566 39 969
577 39 237
588 39 725
599 39 216
610 39 395
621 39 283
632 39 530
643 39 103
654 39 841
665 39 969
676 39 252
687 39 913
698 39 798
709 39 426
720 39 546
731 39 69
742 39 926
753 39 709
764 39 708
775 39 598
786 39 432
797 39 94
808 39 532
819 39 500
830 39 574
841 39 135
852 39 868
863 39 247
874 39 158
885 39 804
896 39 260
907 39 900
918 39 419
929 39 823
940 39 469
951 39 10
962 39 839
973 39 556
984 39 963
995 39 405
1006 39 42
1017 39 53
1028 39 525
1039 39 504
1050 39 30
1061 39 606
1072 39 173
1083 39 495
1094 39 408
1105 39 815
1116 39 317
1127 39 192
1138 39 709
1149 39 492
1160 39 920
1171 39 994
1182 39 639
1193 39 745
1204 39 65
1215 39 805
1226 39 304
1237 39 314
1248 39 577
1259 39 266
1270 39 155
1281 39 961
1292 39 522
1303 39 110
1314 39 461
1325 39 467
1336 39 331
1347 39 590
1358 39 833
1369 39 871
1380 39 638
1391 39 323
1402 39 273
1413 39 200
1424 39 581
1435 39 151
1446 39 184
1457 39 361
1468 39 665
1479 39 809
1490 39 784
1501 39 50
1512 39 439
1523 39 422
1534 39 119
1545 39 478
1556 39 878
1567 39 775
1578 39 67
1589 39 709
1600 39 840
1611 39 562
1622 39 655
1633 39 52
1644 39 226
1655 39 982
1666 39 378
1677 39 93
1688 39 478
1699 39 224
1710 39 671
1721 39 102
1732 39 913
1743 39 480
1754 39 967
1765 39 580
1776 39 226
1787 39 164
1798 39 576
1809 39 874
1820 39 295
1831 39 795
1842 39 472
1853 39 562
1864 39 1000
1875 39 661
1886 39 989
1897 39 601
1908 39 429
1919 39 773
1930 39 387
1941 39 478
1952 39 132
1963 39 716
1974 39 181
1985 39 895
1996 39 175
2007 39 360
2018 39 198
2029 39 841
2040 39 381
2051 39 756
2062 39 415
2073 39 380
2084 39 430
2095 39 562
2106 39 473
2117 39 802
2128 39 305
2139 39 462
2150 39 388
2161 39 118
2172 39 272
2183 39 509
2194 39 760
2205 39 840
2216 39 642
2227 39 86
2238 39 932
2249 39 754
2260 39 836
2271 39 476
2282 39 716
2293 39 998
2304 39 230
2315 39 383
2326 39 190
2337 39 391
2348 39 718
2359 39 938
2370 39 585
2381 39 511
2392 39 731
2403 39 508
2414 39 964
2425 39 651
2436 39 396
2447 39 859
2458 39 798
2469 39 665
2480 39 602
2491 39 133
2502 39 739
2513 39 313
2524 39 269
2535 39 836
2546 39 106
2557 39 701
2568 39 546
2579 39 178
2590 39 820
2601 39 27
2612 39 702
2623 39 309
2634 39 364
2645 39 892
2656 39 614
2667 39 617
2678 39 461
2689 39 541
2700 39 846
2711 39 78
2722 39 285
2733 39 447
2744 39 159
2755 39 537
2766 39 469
2777 39 414
2788 39 999
2799 39 307
2810 39 791
2821 39 641
2832 39 707
2843 39 792
2854 39 47
2865 39 465
2876 39 108
2887 39 872
2898 39 889
2909 39 954
2920 39 691
2931 39 957
2942 39 506
2953 39 897
2964 39 184
2975 39 515
2986 39 133
2997 39 162
7 40 864
18 40 809
29 40 404
40 40 135
51 40 391
62 40 510
73 40 208
84 40 903
95 40 708
106 40 395
117 40 937
128 40 733
139 40 542
150 40 622
161 40 13
172 40 761
183 40 74
194 40 304
205 40 817
216 40 33
227 40 470
238 40 195
249 40 538
260 40 375
271 40 605
282 40 832
293 40 78
304 40 828
315 40 678
326 40 133
337 40 366
348 40 794
359 40 897
370 40 74
381 40 832
392 40 406
403 40 813
414 40 602
425 40 378
436 40 1000
447 40 278
458 40 338
469 40 895
480 40 719
491 40 900
502 40 207
513 40 501
524 40 492
535 40 573
546 40 203
557 40 891
568 40 888
579 40 883
590 40 870
601 40 765
612 40 375
623 40 723
634 40 708
645 40 527
656 40 65
667 40 312
678 40 347
689 40 412
700 40 394
711 40 632
722 40 959
733 40 596
744 40 211
755 40 896
766 40 272
777 40 738
788 40 803
799 40 122
810 40 782
821 40 739
832 40 179
843 40 150
854 40 600
865 40 51
876 40 123
887 40 980
898 40 248
909 40 80
920 40 462
931 40 699
942 40 534
953 40 137
964 40 657
975 40 383
986 40 919
997 40 489
1008 40 477
1019 40 700
1030 40 364
1041 40 439
1052 40 673
1063 40 485
1074 40 384
1085 40 992
1096 40 150
1107 40 807
1118 40 708
1129 40 19
1140 40 309
1151 40 425
1162 40 835
1173 40 648
1184 40 159
1195 40 519
1206 40 628
1217 40 976
1228 40 178
1239 40 227
1250 40 278
1261 40 682
1272 40 67
1283 40 479
1294 40 447
1305 40 435
1316 40 282
1327 40 556
1338 40 931
1349 40 156
1360 40 123
1371 40 80
1382 40 130
1393 40 612
1404 40 383
1415 40 423
1426 40 540
1437 40 642
1448 40 767
1459 40 885
1470 40 246
1481 40 943
1492 40 972
1503 40 242
1514 40 619
1525 40 869
1536 40 631
1547 40 614
1558 40 230
1569 40 164
1580 40 434
1591 40 811
1602 40 972
1613 40 511
1624 40 433
1635 40 571
1646 40 304
1657 40 764
1668 40 777
1679 40 318
1690 40 244
1701 40 167
1712 40 289
1723 40 31
1734 40 22
1745 40 305
1756 40 923
1767 40 314
1778 40 170
1789 40 515
1800 40 167
1811 40 303
1822 40 631
1833 40 891
1844 40 497
1855 40 177
1866 40 197
1877 40 243
1888 40 712
1899 40 75
1910 40 390
1921 40 752
1932 40 570
1943 40 572
1954 40 18
1965 40 632
1976 40 101
1987 40 701
1998 40 345
2009 40 917
2020 40 492
2031 40 351
2042 40 561
2053 40 938
2064 40 427
2075 40 6
2086 40 57
2097 40 774
2108 40 406
2119 40 984
2130 40 129
2141 40 180
2152 40 789
2163 40 802
2174 40 820
2185 40 988
2196 40 455
2207 40 480
2218 40 261
2229 40 577
2240 40 319
2251 40 934
2262 40 631
2273 40 902
2284 40 794
2295 40 679
2306 40 454
2317 40 801
2328 40 961
2339 40 615
2350 40 937
2361 40 813
2372 40 391
2383 40 920
2394 40 414
2405 40 677
2416 40 572
2427 40 214
2438 40 989
2449 40 250
2460 40 665
2471 40 745
2482 40 367
2493 40 411
2504 40 986
2515 40 729
2526 40 480
2537 40 323
2548 40 739
2559 40 73
2570 40 82
2581 40 148
2592 40 283
2603 40 414
2614 40 817
2625 40 67
2636 40 499
2647 40 625
2658 40 850
2669 40 845
2680 40 297
2691 40 138
2702 40 545
2713 40 413
2724 40 423
2735 40 302
2746 40 722
2757 40 406
2768 40 965
2779 40 952
2790 40 938
2801 40 53
2812 40 381
2823 40 190
2834 40 321
2845 40 130
2856 40 939
2867 40 760
2878 40 506
2889 40 914
2900 40 205
2911 40 155
2922 40 323
2933 40 34
2944 40 323
2955 40 674
2966 40 556
2977 40 368
2988 40 340
2999 40 69
9 41 950
20 41 505
31 41 777
42 41 595
53 41 196
64 41 991
75 41 540
86 41 578
97 41 564
108 41 905
119 41 425
130 41 699
141 41 688
152 41 518
163 41 663
174 41 172
185 41 859
196 41 63
207 41 485
218 41 717
229 41 602
240 41 662
251 41 785
262 41 408
273 41 774
284 41 926
295 41 697
306 41 337
317 41 438
328 41 36
339 41 319
350 41 384
361 41 809
372 41 936
383 41 996
394 41 137
405 41 468
416 41 571
427 41 982
438 41 649
449 41 80
460 41 309
471 41 365
482 41 758
493 41 759
504 41 302
515 41 946
526 41 987
537 41 114
548 41 997
559 41 63
570 41 25
581 41 393
592 41 416
603 41 181
614 41 861
625 41 394
636 41 542
647 41 994
658 41 400
669 41 739
680 41 19
691 41 957
702 41 264
713 41 864
724 41 429
735 41 377
746 41 215
757 41 354
768 41 38
779 41 331
790 41 772
801 41 876
812 41 525
823 41 752
834 41 735
845 41 439
856 41 661
867 41 354
878 41 878
889 41 904
900 41 74
911 41 11
922 41 50
933 41 85
944 41 103
955 41 168
966 41 354
977 41 71
988 41 199
999 41 157
1010 41 936
1021 41 46
1032 41 153
1043 41 752
1054 41 395
1065 41 388
1076 41 172
1087 41 313
1098 41 93
1109 41 282
1120 41 299
1131 41 299
1142 41 82
1153 41 718
1164 41 826
1175 41 150
1186 41 98
1197 41 251
1208 41 529
1219 41 127
1230 41 234
1241 41 504
1252 41 803
1263 41 143
1274 41 243
1285 41 684
1296 41 7
1307 41 939
1318 41 123
1329 41 495
1340 41 72
1351 41 675
1362 41 543
1373 41 18
1384 41 895
1395 41 35
1406 41 552
1417 41 182
1428 41 302
1439 41 861
1450 41 747
1461 41 465
1472 41 959
1483 41 793
1494 41 915
1505 41 642
1516 41 541
1527 41 807
1538 41 327
1549 41 941
1560 41 808
1571 41 141
1582 41 621
1593 41 547
1604 41 327
1615 41 555
1626 41 82
1637 41 335
1648 41 83
1659 41 567
1670 41 287
1681 41 915
1692 41 704
1703 41 889
1714 41 485
1725 41 676
1736 41 94
1747 41 726
1758 41 565
1769 41 389
1780 41 89
1791 41 564
1802 41 143
1813 41 597
1824 41 207
1835 41 260
1846 41 660
1857 41 424
1868 41 47
1879 41 336
1890 41 98
1901 41 722
1912 41 966
1923 41 317
1934 41 437
1945 41 392
1956 41 429
1967 41 845
1978 41 923
1989 41 831
2000 41 5
2011 41 432
2022 41 588
2033 41 477
2044 41 435
2055 41 506
2066 41 447
2077 41 239
2088 41 371
2099 41 741
2110 41 557
2121 41 373
2132 41 571
2143 41 861
2154 41 161
2165 41 659
2176 41 360
2187 41 88
2198 41 418
2209 41 930
2220 41 705
2231 41 823
2242 41 871
2253 41 321
2264 41 45
2275 41 950
2286 41 10
2297 41 665
2308 41 103
2319 41 536
2330 41 820
2341 41 141
2352 41 588
2363 41 47
2374 41 835
2385 41 325
2396 41 350
2407 41 57
2418 41 192
2429 41 757
2440 41 812
2451 41 818
2462 41 716
2473 41 846
2484 41 211
2495 41 389
2506 41 970
2517 41 289
2528 41 160
2539 41 985
2550 41 314
2561 41 679
2572 41 640
2583 41 544
2594 41 506
2605 41 692
2616 41 311
2627 41 147
2638 41 73
2649 41 556
2660 41 305
2671 41 672
2682 41 632
2693 41 631
2704 41 407
2715 41 742
2726 41 971
2737 41 355
2748 41 270
2759 41 954
2770 41 271
2781 41 345
2792 41 146
2803 41 963
2814 41 565
2825 41 68
2836 41 772
2847 41 139
2858 41 869
2869 41 755
2880 41 808
2891 41 66
2902 41 717
2913 41 228
2924 41 952
2935 41 63
2946 41 113
2957 41 535
2968 41 384
2979 41 475
2990 41 98
0 42 143
11 42 293
22 42 169
33 42 892
44 42 990
55 42 15
66 42 760
77 42 739
88 42 746
99 42 645
110 42 201
121 42 534
132 42 370
143 42 681
154 42 542
165 42 723
176 42 622
187 42 199
198 42 882
209 42 557
220 42 343
231 42 752
242 42 206
253 42 702
264 42 638
275 42 895
286 42 320
297 42 875
308 42 782
319 42 626
330 42 891
341 42 964
352 42 719
363 42 76
374 42 193
385 42 962
396 42 172
407 42 590
418 42 270
429 42 724
440 42 934
451 42 484
462 42 605
473 42 582
484 42 169
495 42 434
506 42 627
517 42 852
528 42 212
539 42 462
550 42 122
561 42 32
572 42 925
583 42 350
594 42 628
605 42 933
616 42 222
627 42 17
638 42 765
649 42 715
660 42 616
671 42 350
682 42 71
693 42 269
704 42 564
715 42 474
726 42 580
737 42 948
748 42 856
759 42 55
770 42 346
781 42 780
792 42 334
803 42 68
814 42 711
825 42 523
836 42 514
847 42 610
858 42 694
869 42 98
880 42 231
891 42 924
902 42 447
913 42 721
924 42 146
935 42 37
946 42 508
957 42 900
968 42 376
979 42 61
990 42 429
1001 42 169
1012 42 26
1023 42 355
1034 42 149
1045 42 367
1056 42 65
1067 42 881
1078 42 539
1089 42 582
1100 42 345
1111 42 916
1122 42 478
1133 42 134
1144 42 198
1155 42 494
1166 42 95
1177 42 259
1188 42 470
1199 42 141
1210 42 416
1221 42 259
1232 42 609
1243 42 516
1254 42 241
1265 42 215
1276 42 259
1287 42 572
1298 42 611
1309 42 441
1320 42 841
1331 42 209
1342 42 731
1353 42 102
1364 42 17
1375 42 24
1386 42 288
1397 42 855
1408 42 589
1419 42 996
1430 42 728
1441 42 943
1452 42 773
1463 42 384
1474 42 787
1485 42 827
1496 42 601
1507 42 268
1518 42 213
1529 42 913
1540 42 204
1551 42 911
1562 42 798
1573 42 458
1584 42 221
1595 42 322
1606 42 991
1617 42 270
1628 42 519
1639 42 760
1650 42 242
1661 42 553
1672 42 735
1683 42 368
1694 42 308
1705 42 228
1716 42 155
1727 42 331
1738 42 495
1749 42 541
1760 42 525
1771 42 51
1782 42 854
1793 42 962
1804 42 413
1815 42 171
1826 42 729
1837 42 206
1848 42 77
1859 42 237
1870 42 44
1881 42 330
1892 42 377
1903 42 867
1914 42 513
1925 42 912
1936 42 884
1947 42 673
1958 42 980
1969 42 17
1980 42 864
1991 42 515
2002 42 301
2013 42 902
2024 42 729
2035 42 955
2046 42 167
2057 42 652
2068 42 883
2079 42 557
2090 42 200
2101 42 218
2112 42 398
2123 42 400
2134 42 969
2145 42 262
2156 42 393
2167 42 844
2178 42 332
2189 42 333
2200 42 499
2211 42 943
2222 42 755
2233 42 411
2244 42 879
2255 42 969
2266 42 706
2277 42 132
2288 42 26
2299 42 661
2310 42 781
2321 42 719
2332 42 733
2343 42 905
2354 42 210
2365 42 529
2376 42 941
2387 42 533
2398 42 888
2409 42 811
2420 42 290
2431 42 613
2442 42 706
2453 42 467
2464 42 447
2475 42 431
2486 42 227
2497 42 689
2508 42 479
2519 42 185
2530 42 235
2541 42 724
2552 42 648
2563 42 508
2574 42 649
2585 42 115
2596 42 36
2607 42 881
2618 42 116
2629 42 393
2640 42 2
2651 42 327
2662 42 862
2673 42 690
2684 42 63
2695 42 867
2706 42 246
2717 42 828
2728 42 290
2739 42 134
2750 42 124
2761 42 434
2772 42 427
2783 42 252
2794 42 202
2805 42 767
2816 42 262
2827 42 32
2838 42 735
2849 42 354
2860 42 38
2871 42 985
2882 42 528
2893 42 680
2904 42 776
2915 42 386
2926 42 295
2937 42 71
2948 42 475
2959 42 825
2970 42 74
2981 42 223
2992 42 539
2 43 100
13 43 540
24 43 311
35 43 632
46 43 125
57 43 606
68 43 586
79 43 903
90 43 571
101 43 744
112 43 950
123 43 857
134 43 416
145 43 822
156 43 72
167 43 928
178 43 110
189 43 591
200 43 166
211 43 15
222 43 118
233 43 93
244 43 356
255 43 435
266 43 927
277 43 25
288 43 992
299 43 742
310 43 795
321 43 832
332 43 699
343 43 618
354 43 534
365 43 949
376 43 10
387 43 126
398 43 813
409 43 116
420 43 216
431 43 902
442 43 636
453 43 62
464 43 350
475 43 247
486 43 504
497 43 14
508 43 977
519 43 754
530 43 824
541 43 638
552 43 439
563 43 323
574 43 784
585 43 584
596 43 167
607 43 747
618 43 969
629 43 886
640 43 484
651 43 505
662 43 983
673 43 502
684 43 961
695 43 199
706 43 4
717 43 931
728 43 344
739 43 174
750 43 995
761 43 806
772 43 775
783 43 166
794 43 382
805 43 503
816 43 938
827 43 489
838 43 156
849 43 471
860 43 435
871 43 68
882 43 488
893 43 692
904 43 548
915 43 147
926 43 630
937 43 724
948 43 727
959 43 716
970 43 423
981 43 891
992 43 551
1003 43 759
1014 43 816
1025 43 928
1036 43 588
1047 43 183
1058 43 285
1069 43 647
1080 43 559
1091 43 994
1102 43 584
1113 43 853
1124 43 155
1135 43 305
1146 43 422
1157 43 398
1168 43 367
1179 43 805
1190 43 461
1201 43 102
1212 43 911
1223 43 654
1234 43 46
1245 43 913
1256 43 387
1267 43 318
1278 43 96
1289 43 48
1300 43 453
1311 43 700
1322 43 608
1333 43 11
1344 43 694
1355 43 128
1366 43 936
1377 43 726
1388 43 944
1399 43 195
1410 43 207
1421 43 60
1432 43 855
1443 43 208
1454 43 200
1465 43 305
1476 43 47
1487 43 152
1498 43 770
1509 43 218
1520 43 26
1531 43 754
1542 43 302
1553 43 501
1564 43 263
1575 43 849
1586 43 407
1597 43 772
1608 43 654
1619 43 596
1630 43 137
1641 43 828
1652 43 283
1663 43 104
1674 43 677
1685 43 318
1696 43 958
1707 43 828
1718 43 837
1729 43 818
1740 43 672
1751 43 722
1762 43 855
1773 43 916
1784 43 571
1795 43 148
1806 43 81
1817 43 785
1828 43 555
1839 43 850
1850 43 36
1861 43 683
1872 43 581
1883 43 539
1894 43 861
1905 43 222
1916 43 541
1927 43 878
1938 43 230
1949 43 637
1960 43 173
1971 43 326
1982 43 692
1993 43 827
2004 43 231
2015 43 767
2026 43 232
2037 43 393
2048 43 665
2059 43 528
2070 43 814
2081 43 184
2092 43 979
2103 43 750
2114 43 859
2125 43 526
2136 43 983
2147 43 262
2158 43 663
2169 43 483
2180 43 775
2191 43 4
2202 43 636
2213 43 233
2224 43 426
2235 43 214
2246 43 326
2257 43 68
2268 43 645
2279 43 248
2290 43 478
2301 43 116
2312 43 468
2323 43 509
2334 43 823
2345 43 157
2356 43 971
2367 43 626
2378 43 223
2389 43 652
2400 43 783
2411 43 968
2422 43 490
2433 43 177
2444 43 149
2455 43 915
2466 43 801
2477 43 380
2488 43 746
2499 43 218
2510 43 116
2521 43 402
2532 43 864
2543 43 936
2554 43 137
2565 43 100
2576 43 442
2587 43 542
2598 43 301
2609 43 65
2620 43 637
2631 43 400
2642 43 274
2653 43 834
2664 43 601
2675 43 744
2686 43 510
2697 43 388
2708 43 173
2719 43 456
2730 43 950
2741 43 777
2752 43 850
2763 43 274
2774 43 791
2785 43 691
2796 43 852
2807 43 751
2818 43 609
2829 43 505
2840 43 466
2851 43 39
2862 43 423
2873 43 862
2884 43 706
2895 43 450
2906 43 675
2917 43 468
2928 43 667
2939 43 403
2950 43 971
2961 43 280
2972 43 371
2983 43 62
2994 43 417
4 44 276
15 44 133
26 44 595
37 44 324
48 44 970
59 44 132
70 44 943
81 44 2
92 44 768
103 44 333
114 44 447
125 44 193
136 44 875
147 44 168
158 44 506
169 44 110
180 44 709
191 44 152
202 44 929
213 44 994
224 44 466
235 44 980
246 44 102
257 44 212
268 44 506
279 44 536
290 44 945
301 44 483
312 44 76
323 44 64
334 44 769
345 44 181
356 44 831
367 44 889
378 44 996
389 44 737
400 44 713
411 44 767
422 44 195
433 44 206
444 44 564
455 44 507
466 44 691
477 44 65
488 44 632
499 44 50
510 44 414
521 44 998
532 44 291
543 44 211
554 44 699
565 44 626
576 44 812
587 44 89
598 44 561
609 44 599
620 44 114
631 44 440
642 44 713
653 44 950
664 44 271
675 44 709
686 44 859
697 44 537
708 44 490
719 44 466
730 44 112
741 44 959
752 44 806
763 44 189
774 44 797
785 44 696
796 44 501
807 44 147
818 44 469
829 44 202
840 44 754
851 44 851
862 44 187
873 44 199
884 44 378
895 44 339
906 44 205
917 44 505
928 44 570
939 44 495
950 44 121
961 44 386
972 44 399
983 44 629
994 44 79
1005 44 961
1016 44 336
1027 44 171
1038 44 931
1049 44 130
1060 44 370
1071 44 967
1082 44 860
1093 44 142
1104 44 66
1115 44 348
1126 44 647
1137 44 702
1148 44 339
1159 44 746
1170 44 354
1181 44 879
1192 44 447
1203 44 772
1214 44 434
1225 44 59
1236 44 702
1247 44 59
1258 44 84
1269 44 697
1280 44 90
1291 44 440
1302 44 669
1313 44 455
1324 44 559
1335 44 819
1346 44 574
1357 44 345
1368 44 260
1379 44 431
1390 44 498
1401 44 147
1412 44 874
1423 44 477
1434 44 114
1445 44 580
1456 44 994
1467 44 985
1478 44 598
1489 44 776
1500 44 648
1511 44 891
1522 44 248
1533 44 196
1544 44 75
1555 44 514
1566 44 867
1577 44 894
1588 44 366
1599 44 124
1610 44 615
1621 44 195
1632 44 571
1643 44 864
1654 44 366
1665 44 617
1676 44 460
1687 44 83
1698 44 271
1709 44 951
1720 44 724
1731 44 47
1742 44 175
1753 44 654
1764 44 565
1775 44 651
1786 44 164
1797 44 737
1808 44 344
1819 44 252
1830 44 634
1841 44 848
1852 44 7
1863 44 327
1874 44 827
1885 44 157
1896 44 454
1907 44 605
1918 44 847
1929 44 263
1940 44 659
1951 44 243
1962 44 69
1973 44 478
1984 44 993
1995 44 501
2006 44 255
2017 44 658
2028 44 212
2039 44 72
2050 44 210
2061 44 766
2072 44 417
2083 44 311
2094 44 428
2105 44 417
2116 44 728
2127 44 969
2138 44 69
2149 44 987
2160 44 166
2171 44 494
2182 44 619
2193 44 283
2204 44 185
2215 44 794
2226 44 720
2237 44 746
2248 44 443
2259 44 612
2270 44 955
2281 44 791
2292 44 695
2303 44 682
2314 44 703
2325 44 959
2336 44 92
2347 44 926
2358 44 757
2369 44 181
2380 44 344
2391 44 16
2402 44 198
2413 44 414
2424 44 659
2435 44 410
2446 44 226
2457 44 129
2468 44 6
2479 44 267
2490 44 70
2501 44 58
2512 44 843
2523 44 294
2534 44 426
2545 44 665
2556 44 12
2567 44 309
2578 44 87
2589 44 964
2600 44 79
2611 44 220
2622 44 924
2633 44 351
2644 44 17
2655 44 408
2666 44 905
2677 44 541
2688 44 168
2699 44 748
2710 44 443
2721 44 512
2732 44 850
2743 44 431
2754 44 399
2765 44 246
2776 44 452
2787 44 213
2798 44 590
2809 44 478
2820 44 154
2831 44 480
2842 44 623
2853 44 870
2864 44 621
2875 44 641
2886 44 436
2897 44 641
2908 44 886
2919 44 940
2930 44 737
2941 44 905
2952 44 988
2963 44 325
2974 44 643
2985 44 424
2996 44 770
6 45 903
17 45 14
28 45 788
39 45 510
50 45 294
61 45 857
72 45 792
83 45 689
94 45 98
105 45 880
116 45 174
127 45 808
138 45 213
149 45 946
160 45 652
171 45 32
182 45 943
193 45 488
204 45 915
215 45 477
226 45 530
237 45 669
248 45 182
259 45 139
270 45 188
281 45 264
292 45 328
303 45 665
314 45 158
325 45 542
336 45 486
347 45 254
358 45 999
369 45 97
380 45 349
391 45 814
402 45 653
413 45 786
424 45 391
435 45 360
446 45 715
457 45 546
468 45 203
479 45 552
490 45 235
501 45 1000
512 45 807
523 45 842
534 45 469
545 45 245
556 45 478
567 45 652
578 45 149
589 45 950
600 45 583
611 45 227
622 45 842
633 45 148
644 45 340
655 45 710
666 45 707
677 45 265
688 45 486
699 45 184
710 45 877
721 45 837
732 45 877
743 45 896
754 45 308
765 45 629
776 45 10
787 45 232
798 45 328
809 45 666
820 45 19
831 45 938
842 45 659
853 45 596
864 45 71
875 45 875
886 45 962
897 45 54
908 45 179
919 45 66
930 45 258
941 45 941
952 45 388
963 45 513
974 45 17
985 45 790
996 45 108
1007 45 499
1018 45 3
1029 45 475
1040 45 842
1051 45 542
1062 45 817
1073 45 621
1084 45 743
1095 45 892
1106 45 542
1117 45 395
1128 45 460
1139 45 796
1150 45 381
1161 45 567
1172 45 423
1183 45 650
1194 45 147
1205 45 350
1216 45 281
1227 45 648
1238 45 737
1249 45 295
1260 45 57
1271 45 167
1282 45 123
1293 45 116
1304 45 154
1315 45 137
1326 45 281
1337 45 932
1348 45 275
1359 45 573
1370 45 385
1381 45 186
1392 45 245
1403 45 246
1414 45 397
1425 45 176
1436 45 125
1447 45 959
1458 45 689
1469 45 847
1480 45 4
1491 45 18
1502 45 379
1513 45 878
1524 45 994
1535 45 571
1546 45 468
1557 45 265
1568 45 441
1579 45 147
1590 45 185
1601 45 243
1612 45 366
1623 45 597
1634 45 989
1645 45 741
1656 45 232
1667 45 415
1678 45 535
1689 45 846
1700 45 127
1711 45 413
1722 45 446
1733 45 392
1744 45 928
1755 45 275
1766 45 395
1777 45 998
1788 45 515
1799 45 834
1810 45 101
1821 45 997
1832 45 820
1843 45 326
1854 45 709
1865 45 913
1876 45 287
1887 45 443
1898 45 675
1909 45 1
1920 45 115
1931 45 625
1942 45 786
1953 45 884
1964 45 838
1975 45 459
1986 45 925
1997 45 565
2008 45 44
2019 45 365
2030 45 154
2041 45 552
2052 45 776
2063 45 422
2074 45 954
2085 45 956
2096 45 978
2107 45 841
2118 45 395
2129 45 566
2140 45 611
2151 45 313
2162 45 535
2173 45 258
2184 45 749
2195 45 637
2206 45 112
2217 45 913
2228 45 110
2239 45 905
2250 45 612
2261 45 166
2272 45 537
2283 45 517
2294 45 41
2305 45 128
2316 45 560
2327 45 630
2338 45 504
2349 45 688
2360 45 844
2371 45 723
2382 45 976
2393 45 9
2404 45 610
2415 45 739
2426 45 4
2437 45 40
2448 45 422
2459 45 589
2470 45 587
2481 45 208
2492 45 281
2503 45 14
2514 45 441
2525 45 181
2536 45 594
2547 45 451
2558 45 347
2569 45 309
2580 45 833
2591 45 743
2602 45 838
2613 45 372
2624 45 271
2635 45 958
2646 45 973
2657 45 722
2668 45 618
2679 45 45
2690 45 21
2701 45 306
2712 45 521
2723 45 684
2734 45 924
2745 45 327
2756 45 747
2767 45 983
2778 45 895
2789 45 571
2800 45 753
2811 45 289
2822 45 244
2833 45 228
2844 45 1
2855 45 931
2866 45 153
2877 45 573
2888 45 609
2899 45 723
2910 45 949
2921 45 654
2932 45 474
2943 45 275
2954 45 665
2965 45 128
2976 45 759
2987 45 962
2998 45 952
8 46 867
19 46 467
30 46 525
41 46 214
52 46 545
63 46 163
74 46 21
85 46 965
96 46 394
107 46 974
118 46 662
129 46 619
140 46 411
151 46 289
162 46 640
173 46 376
184 46 149
195 46 48
206 46 513
217 46 796
228 46 419
239 46 302
250 46 250
261 46 766
272 46 287
283 46 313
294 46 235
305 46 385
316 46 18
327 46 123
338 46 231
349 46 979
360 46 142
371 46 740
382 46 272
393 46 545
404 46 83
415 46 125
426 46 290
437 46 981
448 46 482
459 46 590
470 46 331
481 46 785
492 46 433
503 46 244
514 46 900
525 46 835
536 46 869
547 46 60
558 46 352
569 46 180
580 46 62
591 46 701
602 46 366
613 46 424
624 46 203
635 46 373
646 46 17
657 46 788
668 46 300
679 46 318
690 46 433
701 46 895
712 46 527
723 46 453
734 46 110
745 46 490
756 46 14
767 46 26
778 46 228
789 46 540
800 46 364
811 46 392
822 46 320
833 46 414
844 46 914
855 46 886
866 46 362
877 46 957
888 46 380
899 46 381
910 46 865
921 46 905
932 46 298
943 46 297
954 46 78
965 46 308
976 46 623
987 46 185
998 46 823
1009 46 10
1020 46 971
1031 46 886
1042 46 284
1053 46 116
1064 46 476
1075 46 86
1086 46 262
1097 46 662
1108 46 898
1119 46 732
1130 46 358
1141 46 594
1152 46 23
1163 46 870
1174 46 451
1185 46 916
1196 46 253
1207 46 425
1218 46 423
1229 46 24
1240 46 688
1251 46 794
1262 46 526
1273 46 396
1284 46 123
1295 46 522
1306 46 241
1317 46 825
1328 46 99
1339 46 875
1350 46 113
1361 46 515
1372 46 500
1383 46 163
1394 46 124
1405 46 864
1416 46 80
1427 46 689
1438 46 156
1449 46 396
1460 46 456
1471 46 227
1482 46 313
1493 46 979
1504 46 827
1515 46 201
1526 46 774
1537 46 960
1548 46 847
1559 46 588
1570 46 533
1581 46 60
1592 46 741
1603 46 629
1614 46 493
1625 46 387
1636 46 776
1647 46 925
1658 46 135
1669 46 536
1680 46 33
1691 46 886
1702 46 93
1713 46 528
1724 46 971
1735 46 708
1746 46 221
1757 46 238
1768 46 621
1779 46 790
1790 46 309
1801 46 292
1812 46 901
1823 46 13
1834 46 524
1845 46 388
1856 46 537
1867 46 880
1878 46 710
1889 46 633
1900 46 671
1911 46 106
1922 46 329
1933 46 647
1944 46 378
1955 46 446
1966 46 317
1977 46 489
1988 46 172
1999 46 661
2010 46 183
2021 46 645
2032 46 255
2043 46 747
2054 46 24
2065 46 623
2076 46 982
2087 46 535
2098 46 177
2109 46 480
2120 46 928
2131 46 205
2142 46 742
2153 46 585
2164 46 28
2175 46 479
2186 46 885
2197 46 464
2208 46 750
2219 46 379
2230 46 913
2241 46 532
2252 46 264
2263 46 965
2274 46 737
2285 46 580
2296 46 604
2307 46 254
2318 46 432
2329 46 647
2340 46 1
2351 46 37
2362 46 690
2373 46 922
2384 46 425
2395 46 109
2406 46 124
2417 46 739
2428 46 3
2439 46 893
2450 46 414
2461 46 526
2472 46 40
2483 46 540
2494 46 20
2505 46 64
2516 46 181
2527 46 395
2538 46 366
2549 46 341
2560 46 489
2571 46 65
2582 46 27
2593 46 930
2604 46 181
2615 46 115
2626 46 80
2637 46 305
2648 46 400
2659 46 682
2670 46 238
2681 46 602
2692 46 342
2703 46 427
2714 46 952
2725 46 994
2736 46 242
2747 46 387
2758 46 856
2769 46 705
2780 46 158
2791 46 837
2802 46 986
2813 46 653
2824 46 658
2835 46 689
2846 46 795
2857 46 299
2868 46 736
2879 46 837
2890 46 86
2901 46 88
2912 46 616
2923 46 943
2934 46 44
2945 46 329
2956 46 994
2967 46 516
2978 46 31
2989 46 3
10 47 130
21 47 677
32 47 673
43 47 5
54 47 66
65 47 104
76 47 536
87 47 502
98 47 590
109 47 748
120 47 727
131 47 325
142 47 657
153 47 804
164 47 801
175 47 740
186 47 574
197 47 975
208 47 306
219 47 265
230 47 377
241 47 610
252 47 69
263 47 441
274 47 373
285 47 656
296 47 841
307 47 606
318 47 951
329 47 306
340 47 976
351 47 380
362 47 213
373 47 498
384 47 681
395 47 302
406 47 672
417 47 437
428 47 263
439 47 324
450 47 246
461 47 864
472 47 517
483 47 518
494 47 672
505 47 68
516 47 92
527 47 551
538 47 625
549 47 183
560 47 904
571 47 98
582 47 601
593 47 817
604 47 945
615 47 434
626 47 292
637 47 662
648 47 869
659 47 102
670 47 414
681 47 642
692 47 727
703 47 757
714 47 172
725 47 624
736 47 250
747 47 709
758 47 678
769 47 578
780 47 26
791 47 761
802 47 510
813 47 108
824 47 708
835 47 960
846 47 610
857 47 334
868 47 401
879 47 54
890 47 974
901 47 906
912 47 801
923 47 710
934 47 15
945 47 717
956 47 544
967 47 655
978 47 188
989 47 720
1000 47 637
1011 47 901
1022 47 169
1033 47 217
1044 47 902
1055 47 555
1066 47 799
1077 47 660
1088 47 569
1099 47 912
1110 47 245
1121 47 581
1132 47 504
1143 47 999
1154 47 702
1165 47 916
1176 47 871
1187 47 503
1198 47 979
1209 47 422
1220 47 956
1231 47 120
1242 47 284
1253 47 595
1264 47 397
1275 47 368
1286 47 358
1297 47 515
1308 47 868
1319 47 570
1330 47 640
1341 47 828
1352 47 715
1363 47 819
1374 47 800
1385 47 19
1396 47 378
1407 47 363
1418 47 38
1429 47 857
1440 47 150
1451 47 562
1462 47 891
1473 47 90
1484 47 466
1495 47 384
1506 47 41
1517 47 249
1528 47 705
1539 47 185
1550 47 256
1561 47 242
1572 47 825
1583 47 947
1594 47 13
1605 47 844
1616 47 769
1627 47 825
1638 47 209
1649 47 702
1660 47 792
1671 47 283
1682 47 496
1693 47 681
1704 47 945
1715 47 480
1726 47 75
1737 47 754
1748 47 719
1759 47 957
1770 47 501
1781 47 157
1792 47 592
1803 47 352
1814 47 327
1825 47 549
1836 47 982
1847 47 105
1858 47 904
1869 47 790
1880 47 877
1891 47 995
1902 47 268
1913 47 75
1924 47 423
1935 47 263
1946 47 942
1957 47 352
1968 47 236
1979 47 149
1990 47 731
2001 47 47
2012 47 741
2023 47 584
2034 47 136
2045 47 624
2056 47 144
2067 47 25
2078 47 85
2089 47 636
2100 47 669
2111 47 620
2122 47 506
2133 47 402
2144 47 279
2155 47 699
2166 47 441
2177 47 849
2188 47 188
2199 47 37
2210 47 154
2221 47 653
2232 47 696
2243 47 395
2254 47 762
2265 47 566
2276 47 631
2287 47 89
2298 47 368
2309 47 437
2320 47 898
2331 47 262
2342 47 387
2353 47 51
2364 47 559
2375 47 284
2386 47 485
2397 47 508
2408 47 340
2419 47 844
2430 47 721
2441 47 591
2452 47 81
2463 47 64
2474 47 796
2485 47 301
2496 47 154
2507 47 128
2518 47 312
2529 47 978
2540 47 771
2551 47 914
2562 47 899
2573 47 515
2584 47 383
2595 47 456
2606 47 65
2617 47 721
2628 47 137
2639 47 84
2650 47 335
2661 47 94
2672 47 159
2683 47 770
2694 47 859
2705 47 641
2716 47 394
2727 47 32
2738 47 809
2749 47 657
2760 47 322
2771 47 919
2782 47 620
2793 47 299
2804 47 261
2815 47 327
2826 47 680
2837 47 68
2848 47 365
2859 47 929
2870 47 401
2881 47 348
2892 47 971
2903 47 290
2914 47 285
2925 47 189
2936 47 752
2947 47 81
2958 47 455
2969 47 827
2980 47 331
2991 47 365
1 48 294
12 48 68
23 48 98
34 48 965
45 48 487
56 48 840
67 48 666
78 48 167
89 48 740
100 48 794
111 48 154
122 48 339
133 48 734
144 48 238
155 48 23
166 48 660
177 48 850
188 48 471
199 48 662
210 48 389
221 48 671
232 48 515
243 48 784
254 48 34
265 48 702
276 48 950
287 48 893
298 48 434
309 48 667
320 48 412
331 48 812
342 48 6
353 48 637
364 48 954
375 48 836
386 48 234
397 48 646
408 48 223
419 48 822
430 48 542
441 48 705
452 48 463
463 48 123
474 48 605
485 48 977
496 48 597
507 48 855
518 48 317
529 48 79
540 48 700
551 48 458
562 48 793
573 48 974
584 48 181
595 48 11
606 48 265
617 48 590
628 48 848
639 48 591
650 48 987
661 48 916
672 48 323
683 48 116
694 48 15
705 48 143
716 48 764
727 48 344
738 48 518
749 48 439
760 48 529
771 48 276
782 48 258
793 48 25
804 48 332
815 48 700
826 48 902
837 48 920
848 48 497
859 48 950
870 48 207
881 48 386
892 48 654
903 48 658
914 48 148
925 48 300
936 48 656
947 48 140
958 48 707
969 48 896
980 48 731
991 48 777
1002 48 137
1013 48 537
1024 48 237
1035 48 384
1046 48 82
1057 48 468
1068 48 484
1079 48 475
1090 48 429
1101 48 597
1112 48 362
1123 48 358
1134 48 85
1145 48 452
1156 48 410
1167 48 407
1178 48 903
1189 48 985
1200 48 989
1211 48 232
1222 48 409
1233 48 767
1244 48 68
1255 48 588
1266 48 954
1277 48 595
1288 48 332
1299 48 937
1310 48 759
1321 48 129
1332 48 457
1343 48 768
1354 48 909
1365 48 615
1376 48 726
1387 48 408
1398 48 7
1409 48 355
1420 48 734
1431 48 852
1442 48 968
1453 48 13
1464 48 897
1475 48 211
1486 48 282
1497 48 136
1508 48 912
1519 48 199
1530 48 515
1541 48 274
1552 48 516
1563 48 91
1574 48 887
1585 48 146
1596 48 513
1607 48 222
1618 48 875
1629 48 451
1640 48 928
1651 48 759
1662 48 949
1673 48 659
1684 48 354
1695 48 915
1706 48 847
1717 48 532
1728 48 615
1739 48 274
1750 48 211
1761 48 296
1772 48 845
1783 48 414
1794 48 172
1805 48 466
1816 48 399
1827 48 37
1838 48 79
1849 48 565
1860 48 957
1871 48 587
1882 48 910
1893 48 945
1904 48 200
1915 48 486
1926 48 983
1937 48 663
1948 48 525
1959 48 886
1970 48 516
1981 48 223
1992 48 265
2003 48 17
2014 48 567
2025 48 338
2036 48 425
2047 48 53
2058 48 123
2069 48 140
2080 48 519
2091 48 629
2102 48 839
2113 48 507
2124 48 79
2135 48 82
2146 48 879
2157 48 365
2168 48 15
2179 48 598
2190 48 650
2201 48 119
2212 48 927
2223 48 461
2234 48 518
2245 48 43
2256 48 183
2267 48 275
2278 48 866
2289 48 26
2300 48 125
2311 48 698
2322 48 604
2333 48 628
2344 48 290
2355 48 69
2366 48 381
2377 48 348
2388 48 20
2399 48 517
2410 48 818
2421 48 123
2432 48 884
2443 48 654
2454 48 123
2465 48 941
2476 48 671
2487 48 862
2498 48 593
2509 48 668
2520 48 442
2531 48 674
2542 48 316
2553 48 403
2564 48 774
2575 48 226
2586 48 744
2597 48 398
2608 48 696
2619 48 750
2630 48 634
2641 48 873
2652 48 643
2663 48 885
2674 48 23
2685 48 40
2696 48 639
2707 48 474
2718 48 562
2729 48 691
2740 48 135
2751 48 242
2762 48 486
2773 48 536
2784 48 408
2795 48 249
2806 48 412
2817 48 683
2828 48 649
2839 48 928
2850 48 482
2861 48 422
2872 48 23
2883 48 147
2894 48 654
2905 48 42
2916 48 234
2927 48 928
2938 48 898
2949 48 313
2960 48 620
2971 48 741
2982 48 395
2993 48 565
3 49 653
14 49 807
25 49 314
36 49 715
47 49 512
58 49 426
69 49 328
80 49 878
91 49 37
102 49 730
113 49 793
124 49 606
135 49 715
146 49 451
157 49 526
168 49 870
179 49 869
190 49 281
201 49 860
212 49 470
223 49 62
234 49 790
245 49 626
256 49 445
267 49 774
278 49 659
289 49 133
300 49 771
311 49 189
322 49 27
333 49 911
344 49 350
355 49 317
366 49 841
377 49 647
388 49 402
399 49 54
410 49 205
421 49 943
432 49 577
443 49 632
454 49 870
465 49 80
476 49 926
487 49 1
498 49 838
509 49 450
520 49 270
531 49 971
542 49 254
553 49 586
564 49 369
575 49 136
586 49 475
597 49 765
608 49 82
619 49 42
630 49 956
641 49 188
652 49 211
663 49 709
674 49 835
685 49 423
696 49 926
707 49 81
718 49 689
729 49 796
740 49 191
751 49 877
762 49 730
773 49 164
784 49 316
795 49 72
806 49 194
817 49 156
828 49 492
839 49 957
850 49 48
861 49 253
872 49 255
883 49 368
894 49 594
905 49 858
916 49 801
927 49 73
938 49 210
949 49 906
960 49 112
971 49 391
982 49 325
993 49 21
1004 49 129
1015 49 278
1026 49 324
1037 49 692
1048 49 597
1059 49 451
1070 49 260
1081 49 300
1092 49 303
1103 49 269
1114 49 77
1125 49 686
1136 49 669
1147 49 340
1158 49 961
1169 49 206
1180 49 76
1191 49 553
1202 49 896
1213 49 549
1224 49 823
1235 49 179
1246 49 921
1257 49 640
1268 49 897
1279 49 258
1290 49 614
1301 49 846
1312 49 721
1323 49 218
1334 49 317
1345 49 797
1356 49 938
1367 49 818
1378 49 916
1389 49 870
1400 49 167
1411 49 315
1422 49 469
1433 49 234
1444 49 507
1455 49 696
1466 49 85
1477 49 236
1488 49 867
1499 49 191
1510 49 357
1521 49 897
1532 49 921
1543 49 689
1554 49 501
1565 49 166
1576 49 166
1587 49 465
1598 49 286
1609 49 839
1620 49 165
1631 49 830
1642 49 758
1653 49 414
1664 49 214
1675 49 556
1686 49 990
1697 49 785
1708 49 163
1719 49 514
1730 49 855
1741 49 995
1752 49 709
1763 49 837
1774 49 857
1785 49 458
1796 49 933
1807 49 219
1818 49 527
1829 49 909
1840 49 87
1851 49 398
1862 49 371
1873 49 964
1884 49 652
1895 49 174
1906 49 10
1917 49 359
1928 49 21
1939 49 740
1950 49 270
1961 49 173
1972 49 388
1983 49 61
1994 49 210
2005 49 372
2016 49 209
2027 49 538
2038 49 225
2049 49 68
2060 49 887
2071 49 196
2082 49 490
2093 49 71
2104 49 336
2115 49 386
2126 49 209
2137 49 692
2148 49 439
2159 49 320
2170 49 924
2181 49 843
2192 49 498
2203 49 618
2214 49 176
2225 49 674
2236 49 914
2247 49 352
2258 49 613
2269 49 770
2280 49 710
2291 49 1000
2302 49 77
2313 49 263
2324 49 385
2335 49 261
2346 49 995
2357 49 235
2368 49 88
2379 49 64
2390 49 403
2401 49 869
2412 49 545
2423 49 228
2434 49 897
2445 49 505
2456 49 263
2467 49 725
2478 49 968
2489 49 449
2500 49 972
2511 49 879
2522 49 835
2533 49 545
2544 49 874
2555 49 849
2566 49 385
2577 49 243
2588 49 622
2599 49 574
2610 49 456
2621 49 67
2632 49 362
2643 49 830
2654 49 835
2665 49 93
2676 49 911
2687 49 220
2698 49 398
2709 49 797
2720 49 441
2731 49 647
2742 49 313
2753 49 264
2764 49 242
2775 49 126
2786 49 150
2797 49 791
2808 49 349
2819 49 371
2830 49 275
2841 49 543
2852 49 978
2863 49 558
2874 49 679
2885 49 195
2896 49 918
2907 49 391
2918 49 430
2929 49 564
2940 49 438
2951 49 712
2962 49 178
2973 49 499
2984 49 970
2995 49 355
5 50 196
16 50 433
27 50 751
38 50 522
49 50 140
60 50 79
71 50 412
82 50 595
93 50 397
104 50 60
115 50 513
126 50 82
137 50 849
148 50 259
159 50 105
170 50 152
181 50 610
192 50 282
203 50 800
214 50 644
225 50 955
236 50 184
247 50 306
258 50 352
269 50 341
280 50 750
291 50 165
302 50 668
313 50 628
324 50 423
335 50 478
346 50 126
357 50 488
368 50 790
379 50 383
390 50 574
401 50 947
412 50 688
423 50 106
434 50 55
445 50 102
456 50 742
467 50 229
478 50 559
489 50 940
500 50 71
511 50 213
522 50 384
533 50 425
544 50 818
555 50 687
566 50 506
577 50 243
588 50 960
599 50 413
610 50 227
621 50 252
632 50 306
643 50 74
654 50 792
665 50 653
676 50 963
687 50 980
698 50 411
709 50 599
720 50 544
731 50 923
742 50 153
753 50 162
764 50 425
775 50 816
786 50 710
797 50 471
808 50 8
819 50 452
830 50 751
841 50 531
852 50 255
863 50 707
874 50 486
885 50 902
896 50 587
907 50 729
918 50 501
929 50 575
940 50 580
951 50 257
962 50 890
973 50 251
984 50 244
995 50 720
1006 50 186
1017 50 400
1028 50 405
1039 50 378
1050 50 967
1061 50 503
1072 50 330
1083 50 766
1094 50 599
1105 50 770
1116 50 584
1127 50 577
1138 50 212
1149 50 950
1160 50 685
1171 50 771
1182 50 447
1193 50 376
1204 50 625
1215 50 253
1226 50 366
1237 50 44
1248 50 219
1259 50 426
1270 50 879
1281 50 293
1292 50 364
1303 50 590
1314 50 37
1325 50 37
1336 50 78
1347 50 13
1358 50 376
1369 50 758
1380 50 512
1391 50 994
1402 50 716
1413 50 698
1424 50 798
1435 50 423
1446 50 531
1457 50 257
1468 50 64
1479 50 347
1490 50 346
1501 50 619
1512 50 349
1523 50 46
1534 50 346
1545 50 300
1556 50 332
1567 50 995
1578 50 35
1589 50 827
1600 50 758
1611 50 291
1622 50 649
1633 50 294
1644 50 16
1655 50 870
1666 50 885
1677 50 332
1688 50 826
1699 50 568
1710 50 693
1721 50 518
1732 50 725
1743 50 699
1754 50 556
1765 50 956
1776 50 501
1787 50 387
1798 50 178
1809 50 846
1820 50 643
1831 50 56
1842 50 492
1853 50 816
1864 50 47
1875 50 884
1886 50 184
1897 50 111
1908 50 650
1919 50 846
1930 50 160
1941 50 589
1952 50 688
1963 50 517
1974 50 27
1985 50 35
1996 50 700
2007 50 974
2018 50 128
2029 50 124
2040 50 665
2051 50 493
2062 50 154
2073 50 765
2084 50 921
2095 50 268
2106 50 363
2117 50 621
2128 50 768
2139 50 508
2150 50 328
2161 50 460
2172 50 352
2183 50 656
2194 50 677
2205 50 144
2216 50 416
2227 50 328
2238 50 267
2249 50 177
2260 50 523
2271 50 710
2282 50 187
2293 50 573
2304 50 948
2315 50 91
2326 50 650
2337 50 564
2348 50 840
2359 50 619
2370 50 432
2381 50 685
2392 50 434
2403 50 565
2414 50 177
2425 50 93
2436 50 368
2447 50 278
2458 50 915
2469 50 505
2480 50 417
2491 50 98
2502 50 256
2513 50 23
2524 50 249
2535 50 492
2546 50 893
2557 50 735
2568 50 680
2579 50 413
2590 50 218
2601 50 355
2612 50 757
2623 50 770
2634 50 306
2645 50 155
2656 50 725
2667 50 973
2678 50 572
2689 50 86
2700 50 740
2711 50 204
2722 50 513
2733 50 677
2744 50 769
2755 50 901
2766 50 782
2777 50 162
2788 50 718
2799 50 619
2810 50 433
2821 50 980
2832 50 567
2843 50 241
2854 50 729
2865 50 224
2876 50 932
2887 50 597
2898 50 845
2909 50 833
2920 50 443
2931 50 199
2942 50 250
2953 50 246
2964 50 484
2975 50 452
2986 50 635
2997 50 153
7 51 506
18 51 224
29 51 307
40 51 871
51 51 676
62 51 356
73 51 258
84 51 323
95 51 379
106 51 204
117 51 840
128 51 651
139 51 886
150 51 579
161 51 338
172 51 569
183 51 216
194 51 678
205 51 509
216 51 28
227 51 163
238 51 989
249 51 198
260 51 642
271 51 466
282 51 35
293 51 685
304 51 577
315 51 605
326 51 853
337 51 160
348 51 809
359 51 201
370 51 130
381 51 237
392 51 803
403 51 947
414 51 163
425 51 948
436 51 572
447 51 937
458 51 874
469 51 252
480 51 774
491 51 864
502 51 202
513 51 960
524 51 468
535 51 733
546 51 960
557 51 547
568 51 600
579 51 299
590 51 628
601 51 77
612 51 104
623 51 748
634 51 772
645 51 730
656 51 986
667 51 442
678 51 394
689 51 166
700 51 787
711 51 910
722 51 165
733 51 324
744 51 607
755 51 55
766 51 81
777 51 549
788 51 877
799 51 57
810 51 387
821 51 649
832 51 72
843 51 888
854 51 805
865 51 35
876 51 502
887 51 441
898 51 889
909 51 717
920 51 604
931 51 636
942 51 913
953 51 181
964 51 292
975 51 752
986 51 998
997 51 687
1008 51 825
1019 51 831
1030 51 602
1041 51 610
1052 51 180
1063 51 873
1074 51 500
1085 51 152
1096 51 731
1107 51 427
1118 51 340
1129 51 85
1140 51 166
1151 51 650
1162 51 193
1173 51 997
1184 51 206
1195 51 477
1206 51 917
1217 51 816
1228 51 691
1239 51 155
1250 51 756
1261 51 172
1272 51 969
1283 51 610
1294 51 107
1305 51 461
1316 51 738
1327 51 923
1338 51 24
1349 51 873
1360 51 880
1371 51 512
1382 51 372
1393 51 984
1404 51 466
1415 51 718
1426 51 857
1437 51 277
1448 51 400
1459 51 148
1470 51 923
1481 51 728
1492 51 211
1503 51 677
1514 51 280
1525 51 857
1536 51 492
1547 51 81
1558 51 188
1569 51 142
1580 51 14
1591 51 540
1602 51 756
1613 51 753
1624 51 436
1635 51 765
1646 51 392
1657 51 526
1668 51 789
1679 51 659
1690 51 196
1701 51 564
1712 51 847
1723 51 447
1734 51 99
1745 51 332
1756 51 561
1767 51 821
1778 51 127
1789 51 850
1800 51 246
1811 51 283
1822 51 595
1833 51 489
1844 51 230
1855 51 929
1866 51 193
1877 51 915
1888 51 597
1899 51 775
1910 51 577
1921 51 88
1932 51 814
1943 51 867
1954 51 68
1965 51 738
1976 51 126
1987 51 806
1998 51 304
2009 51 852
2020 51 596
2031 51 913
2042 51 917
2053 51 109
2064 51 907
2075 51 207
2086 51 620
2097 51 203
2108 51 545
2119 51 3
2130 51 183
2141 51 422
2152 51 524
2163 51 953
2174 51 117
2185 51 273
2196 51 53
2207 51 974
2218 51 78
2229 51 839
2240 51 819
2251 51 126
2262 51 599
2273 51 798
2284 51 299
2295 51 329
2306 51 399
2317 51 744
2328 51 45
2339 51 565
2350 51 251
2361 51 714
2372 51 524
2383 51 913
2394 51 925
2405 51 432
2416 51 184
2427 51 704
2438 51 643
2449 51 20
2460 51 385
2471 51 509
2482 51 872
2493 51 433
2504 51 862
2515 51 105
2526 51 45
2537 51 864
2548 51 669
2559 51 932
2570 51 312
2581 51 165
2592 51 326
2603 51 686
2614 51 317
2625 51 962
2636 51 684
2647 51 379
2658 51 902
2669 51 257
2680 51 356
2691 51 358
2702 51 23
2713 51 744
2724 51 92
2735 51 273
2746 51 738
2757 51 430
2768 51 718
2779 51 594
2790 51 332
2801 51 512
2812 51 494
2823 51 853
2834 51 751
2845 51 170
2856 51 314
2867 51 739
2878 51 274
2889 51 654
2900 51 443
2911 51 2
2922 51 234
2933 51 669
2944 51 970
2955 51 689
2966 51 667
2977 51 342
2988 51 595
2999 51 910
9 52 819
20 52 329
31 52 120
42 52 727
53 52 890
64 52 754
75 52 233
86 52 979
97 52 278
108 52 82
119 52 441
130 52 190
141 52 659
152 52 206
163 52 986
174 52 852
185 52 594
196 52 934
207 52 176
218 52 548
229 52 379
240 52 702
251 52 345
262 52 423
273 52 133
284 52 70
295 52 962
306 52 259
317 52 588
328 52 310
339 52 81
350 52 108
361 52 624
372 52 242
383 52 756
394 52 753
405 52 347
416 52 77
427 52 470
438 52 820
449 52 453
460 52 871
471 52 407
482 52 688
493 52 85
504 52 324
515 52 998
526 52 251
537 52 619
548 52 657
559 52 228
570 52 837
581 52 489
592 52 186
603 52 809
614 52 984
625 52 772
636 52 428
647 52 707
658 52 381
669 52 546
680 52 105
691 52 946
702 52 304
713 52 560
724 52 578
735 52 681
746 52 706
757 52 2
768 52 294
779 52 993
790 52 465
801 52 137
812 52 448
823 52 893
834 52 473
845 52 374
856 52 185
867 52 513
878 52 758
889 52 335
900 52 341
911 52 711
922 52 649
933 52 592
944 52 513
955 52 740
966 52 360
977 52 550
988 52 367
999 52 81
1010 52 550
1021 52 583
1032 52 145
1043 52 616
1054 52 467
1065 52 900
1076 52 760
1087 52 578
1098 52 50
1109 52 140
1120 52 794
1131 52 487
1142 52 380
1153 52 830
1164 52 206
1175 52 88
1186 52 826
1197 52 148
1208 52 257
1219 52 252
1230 52 620
1241 52 663
1252 52 492
1263 52 109
1274 52 832
1285 52 579
1296 52 297
1307 52 489
1318 52 34
1329 52 218
1340 52 295
1351 52 801
1362 52 715
1373 52 288
1384 52 157
1395 52 478
1406 52 306
1417 52 812
1428 52 661
1439 52 185
1450 52 119
1461 52 433
1472 52 882
1483 52 952
1494 52 791
1505 52 700
1516 52 845
1527 52 640
1538 52 642
1549 52 433
1560 52 534
1571 52 948
1582 52 887
1593 52 21
1604 52 827
1615 52 626
1626 52 315
1637 52 96
1648 52 695
1659 52 210
1670 52 913
1681 52 724
1692 52 453
1703 52 719
1714 52 853
1725 52 404
1736 52 824
1747 52 242
1758 52 168
1769 52 670
1780 52 991
1791 52 464
1802 52 583
1813 52 355
1824 52 198
1835 52 416
1846 52 301
1857 52 511
1868 52 271
1879 52 349
1890 52 373
1901 52 545
1912 52 158
1923 52 261
1934 52 237
1945 52 17
1956 52 692
1967 52 96
1978 52 790
1989 52 540
2000 52 831
2011 52 262
2022 52 135
2033 52 585
2044 52 419
2055 52 885
2066 52 327
2077 52 105
2088 52 996
2099 52 70
2110 52 24
2121 52 237
2132 52 141
2143 52 301
2154 52 132
2165 52 177
2176 52 195
2187 52 926
2198 52 903
2209 52 593
2220 52 503
2231 52 61
2242 52 340
2253 52 915
2264 52 108
2275 52 884
2286 52 499
2297 52 728
2308 52 576
2319 52 716
2330 52 714
2341 52 460
2352 52 685
2363 52 495
2374 52 134
2385 52 752
2396 52 777
2407 52 662
2418 52 982
2429 52 418
2440 52 511
2451 52 450
2462 52 133
2473 52 522
2484 52 887
2495 52 222
2506 52 450
2517 52 591
2528 52 859
2539 52 484
2550 52 475
2561 52 963
2572 52 73
2583 52 462
2594 52 682
2605 52 829
2616 52 969
2627 52 236
2638 52 872
2649 52 626
2660 52 955
2671 52 869
2682 52 729
2693 52 266
2704 52 451
2715 52 659
2726 52 554
2737 52 210
2748 52 943
2759 52 731
2770 52 963
2781 52 828
2792 52 248
2803 52 139
2814 52 453
2825 52 752
2836 52 357
2847 52 998
2858 52 856
2869 52 829
2880 52 436
2891 52 158
2902 52 759
2913 52 752
2924 52 403
2935 52 22
2946 52 589
2957 52 556
2968 52 168
2979 52 704
2990 52 803
0 53 794
11 53 269
22 53 766
33 53 499
44 53 259
55 53 308
66 53 951
77 53 914
88 53 146
99 53 247
110 53 456
121 53 379
132 53 607
143 53 622
154 53 960
165 53 201
176 53 825
187 53 333
198 53 661
209 53 782
220 53 393
231 53 403
242 53 725
253 53 732
264 53 654
275 53 296
286 53 3
297 53 128
308 53 849
319 53 225
330 53 544
341 53 113
352 53 64
363 53 348
374 53 426
385 53 847
396 53 758
407 53 135
418 53 491
429 53 397
440 53 734
451 53 975
462 53 81
473 53 240
484 53 481
495 53 357
506 53 877
517 53 554
528 53 607
539 53 333
550 53 816
561 53 310
572 53 198
583 53 123
594 53 988
605 53 11
616 53 322
627 53 608
638 53 575
649 53 863
660 53 207
671 53 815
682 53 81
693 53 939
704 53 654
715 53 173
726 53 437
737 53 757
748 53 596
759 53 282
770 53 631
781 53 399
792 53 729
803 53 953
814 53 688
825 53 780
836 53 366
847 53 66
858 53 158
869 53 221
880 53 633
891 53 15
902 53 266
913 53 872
924 53 81
935 53 500
946 53 783
957 53 544
968 53 767
979 53 31
990 53 661
1001 53 539
1012 53 550
1023 53 733
1034 53 614
1045 53 420
1056 53 652
1067 53 343
1078 53 892
1089 53 616
1100 53 752
1111 53 49
1122 53 515
1133 53 991
1144 53 704
1155 53 366
1166 53 631
1177 53 67
1188 53 774
1199 53 785
1210 53 118
1221 53 248
1232 53 698
1243 53 930
1254 53 775
1265 53 405
1276 53 377
1287 53 417
1298 53 341
1309 53 874
1320 53 312
1331 53 316
1342 53 741
1353 53 198
1364 53 129
1375 53 179
1386 53 257
1397 53 221
1408 53 338
1419 53 995
1430 53 606
1441 53 537
1452 53 835
1463 53 624
1474 53 406
1485 53 197
1496 53 538
1507 53 865
1518 53 4
1529 53 314
1540 53 586
1551 53 365
1562 53 317
1573 53 222
1584 53 814
1595 53 705
1606 53 240
1617 53 128
1628 53 336
1639 53 160
1650 53 594
1661 53 721
1672 53 599
1683 53 551
1694 53 854
1705 53 490
1716 53 334
1727 53 38
1738 53 484
1749 53 936
1760 53 718
1771 53 66
1782 53 301
1793 53 689
1804 53 872
1815 53 196
1826 53 45
1837 53 902
1848 53 504
1859 53 326
1870 53 197
1881 53 571
1892 53 283
1903 53 831
1914 53 798
1925 53 825
1936 53 8
1947 53 484
1958 53 10
1969 53 20
1980 53 371
1991 53 104
2002 53 74
2013 53 443
2024 53 887
2035 53 523
2046 53 590
2057 53 313
2068 53 754
2079 53 389
2090 53 354
2101 53 699
2112 53 871
2123 53 133
2134 53 794
2145 53 889
2156 53 233
2167 53 936
2178 53 401
2189 53 513
2200 53 668
2211 53 390
2222 53 363
2233 53 508
2244 53 577
2255 53 752
2266 53 23
2277 53 708
2288 53 469
2299 53 167
2310 53 833
2321 53 235
2332 53 190
2343 53 717
2354 53 588
2365 53 72
2376 53 13
2387 53 756
2398 53 564
2409 53 384
2420 53 252
2431 53 302
2442 53 572
2453 53 646
2464 53 14
2475 53 86
2486 53 778
2497 53 436
2508 53 933
2519 53 643
2530 53 626
2541 53 422
2552 53 891
2563 53 286
2574 53 2
2585 53 629
2596 53 922
2607 53 21
2618 53 988
2629 53 870
2640 53 201
2651 53 824
2662 53 421
2673 53 493
2684 53 977
2695 53 196
2706 53 574
2717 53 79
2728 53 964
2739 53 715
2750 53 545
2761 53 800
2772 53 110
2783 53 282
2794 53 416
2805 53 989
2816 53 775
2827 53 389
2838 53 554
2849 53 832
2860 53 212
2871 53 809
2882 53 964
2893 53 878
2904 53 617
2915 53 245
2926 53 576
2937 53 396
2948 53 204
2959 53 929
2970 53 764
2981 53 51
2992 53 792
2 54 328
13 54 992
24 54 182
35 54 24
46 54 397
57 54 368
68 54 261
79 54 351
90 54 758
101 54 679
112 54 342
123 54 676
134 54 249
145 54 267
156 54 955
167 54 555
178 54 334
189 54 183
200 54 223
211 54 701
222 54 980
233 54 760
244 54 463
255 54 420
266 54 230
277 54 602
288 54 691
299 54 27
310 54 74
321 54 556
332 54 804
343 54 121
354 54 60
365 54 499
376 54 483
387 54 577
398 54 267
409 54 718
420 54 865
431 54 560
442 54 692
453 54 927
464 54 272
475 54 663
486 54 183
497 54 874
508 54 186
519 54 187
530 54 784
541 54 22
552 54 835
563 54 198
574 54 421
585 54 890
596 54 779
607 54 742
618 54 646
629 54 912
640 54 742
651 54 128
662 54 973
673 54 760
684 54 985
695 54 522
706 54 559
717 54 11
728 54 277
739 54 872
750 54 510
761 54 14
772 54 554
783 54 514
794 54 87
805 54 942
816 54 586
827 54 991
838 54 116
849 54 999
860 54 786
871 54 315
882 54 359
893 54 216
904 54 66
915 54 531
926 54 218
937 54 176
948 54 474
959 54 463
970 54 290
981 54 703
992 54 108
1003 54 711
1014 54 26
1025 54 73
1036 54 92
1047 54 659
1058 54 579
1069 54 941
1080 54 655
1091 54 281
1102 54 143
1113 54 10
1124 54 745
1135 54 672
1146 54 874
1157 54 478
1168 54 415
1179 54 946
1190 54 542
1201 54 614
1212 54 431
1223 54 615
1234 54 433
1245 54 416
1256 54 833
1267 54 649
1278 54 71
1289 54 277
1300 54 752
1311 54 766
1322 54 403
1333 54 362
1344 54 746
1355 54 247
1366 54 777
1377 54 212
1388 54 377
1399 54 698
1410 54 292
1421 54 195
1432 54 864
1443 54 54
1454 54 960
1465 54 936
1476 54 732
1487 54 113
1498 54 625
1509 54 249
1520 54 223
1531 54 945
1542 54 256
1553 54 881
1564 54 590
1575 54 389
1586 54 426
1597 54 255
1608 54 365
1619 54 424
1630 54 657
1641 54 560
1652 54 529
1663 54 499
1674 54 757
1685 54 564
1696 54 760
1707 54 341
1718 54 954
1729 54 996
1740 54 799
1751 54 143
1762 54 263
1773 54 401
1784 54 990
1795 54 659
1806 54 923
1817 54 924
1828 54 92
1839 54 332
1850 54 796
1861 54 339
1872 54 976
1883 54 638
1894 54 764
1905 54 452
1916 54 214
1927 54 447
1938 54 900
1949 54 555
1960 54 360
1971 54 111
1982 54 764
1993 54 941
2004 54 464
2015 54 880
2026 54 432
2037 54 772
2048 54 221
2059 54 599
2070 54 112
2081 54 526
2092 54 111
2103 54 565
2114 54 931
2125 54 158
2136 54 412
2147 54 155
2158 54 304
2169 54 250
2180 54 758
2191 54 11
2202 54 164
2213 54 202
2224 54 685
2235 54 948
2246 54 926
2257 54 572
2268 54 567
2279 54 698
2290 54 127
2301 54 737
2312 54 799
2323 54 729
2334 54 534
2345 54 666
2356 54 896
2367 54 689
2378 54 806
2389 54 534
2400 54 276
2411 54 378
2422 54 715
2433 54 280
2444 54 975
2455 54 422
2466 54 977
2477 54 573
2488 54 739
2499 54 808
2510 54 490
2521 54 312
2532 54 937
2543 54 249
2554 54 607
2565 54 4
2576 54 875
2587 54 818
2598 54 847
2609 54 636
2620 54 335
2631 54 215
2642 54 459
2653 54 922
2664 54 935
2675 54 489
2686 54 628
2697 54 126
2708 54 190
2719 54 903
2730 54 22
2741 54 641
2752 54 137
2763 54 587
2774 54 546
2785 54 684
2796 54 760
2807 54 679
2818 54 187
2829 54 420
2840 54 95
2851 54 233
2862 54 736
2873 54 536
2884 54 991
2895 54 844
2906 54 134
2917 54 555
2928 54 252
2939 54 749
2950 54 997
2961 54 175
2972 54 207
2983 54 234
2994 54 719
4 55 750
15 55 858
26 55 247
37 55 88
48 55 443
59 55 677
70 55 265
81 55 473
92 55 204
103 55 554
114 55 676
125 55 885
136 55 418
147 55 732
158 55 556
169 55 611
180 55 123
191 55 675
202 55 89
213 55 167
224 55 105
235 55 521
246 55 813
257 55 400
268 55 520
279 55 533
290 55 495
301 55 66
312 55 593
323 55 763
334 55 89
345 55 173
356 55 26
367 55 488
378 55 816
389 55 364
400 55 462
411 55 295
422 55 786
433 55 798
444 55 739
455 55 391
466 55 308
477 55 667
488 55 916
499 55 985
510 55 218
521 55 714
532 55 154
543 55 109
554 55 92
565 55 286
576 55 322
587 55 311
598 55 883
609 55 847
620 55 856
631 55 454
642 55 986
653 55 952
664 55 964
675 55 157
686 55 861
697 55 427
708 55 542
719 55 615
730 55 978
741 55 62
752 55 966
763 55 45
774 55 632
785 55 880
796 55 262
807 55 347
818 55 87
829 55 786
840 55 297
851 55 983
862 55 130
873 55 904
884 55 302
895 55 21
906 55 624
917 55 609
928 55 390
939 55 844
950 55 995
961 55 155
972 55 972
983 55 659
994 55 22
1005 55 877
1016 55 622
1027 55 890
1038 55 139
1049 55 170
1060 55 18
1071 55 158
1082 55 720
1093 55 701
1104 55 856
1115 55 125
1126 55 501
1137 55 126
1148 55 433
1159 55 95
1170 55 488
1181 55 985
1192 55 134
1203 55 91
1214 55 519
1225 55 51
1236 55 269
1247 55 820
1258 55 933
1269 55 598
1280 55 497
1291 55 507
1302 55 944
1313 55 624
1324 55 325
1335 55 52
1346 55 879
1357 55 800
1368 55 172
1379 55 939
1390 55 800
1401 55 646
1412 55 23
1423 55 333
1434 55 321
1445 55 911
1456 55 35
1467 55 290
1478 55 925
1489 55 833
1500 55 440
1511 55 508
1522 55 880
1533 55 590
1544 55 949
1555 55 376
1566 55 607
1577 55 994
1588 55 746
1599 55 283
1610 55 925
1621 55 890
1632 55 736
1643 55 307
1654 55 8
1665 55 803
1676 55 377
1687 55 535
1698 55 637
1709 55 822
1720 55 990
1731 55 789
1742 55 272
1753 55 695
1764 55 799
1775 55 314
1786 55 452
1797 55 635
1808 55 587
1819 55 895
1830 55 124
1841 55 429
1852 55 366
1863 55 53
1874 55 896
1885 55 592
1896 55 972
1907 55 733
1918 55 782
1929 55 401
1940 55 436
1951 55 107
1962 55 250
1973 55 652
1984 55 887
1995 55 608
2006 55 177
2017 55 605
2028 55 916
2039 55 652
2050 55 154
2061 55 158
2072 55 182
2083 55 597
2094 55 790
2105 55 78
2116 55 670
2127 55 387
2138 55 159
2149 55 354
2160 55 993
2171 55 877
2182 55 376
2193 55 639
2204 55 922
2215 55 180
2226 55 317
2237 55 864
2248 55 390
2259 55 731
2270 55 321
2281 55 77
2292 55 916
2303 55 911
2314 55 493
2325 55 25
2336 55 248
2347 55 255
2358 55 850
2369 55 583
2380 55 144
2391 55 145
2402 55 809
2413 55 498
2424 55 239
2435 55 603
2446 55 855
2457 55 624
2468 55 802
2479 55 706
2490 55 622
2501 55 588
2512 55 442
2523 55 383
2534 55 461
2545 55 286
2556 55 935
2567 55 285
2578 55 960
2589 55 150
2600 55 510
2611 55 679
2622 55 654
2633 55 427
2644 55 150
2655 55 794
2666 55 69
2677 55 600
2688 55 101
2699 55 873
2710 55 806
2721 55 67
2732 55 208
2743 55 841
2754 55 5
2765 55 599
2776 55 578
2787 55 749
2798 55 566
2809 55 368
2820 55 221
2831 55 285
2842 55 569
2853 55 197
2864 55 932
2875 55 7
2886 55 814
2897 55 791
2908 55 754
2919 55 471
2930 55 555
2941 55 865
2952 55 637
2963 55 1
2974 55 917
2985 55 387
2996 55 480
6 56 312
17 56 708
28 56 734
39 56 499
50 56 962
61 56 312
72 56 785
83 56 34
94 56 394
105 56 578
116 56 820
127 56 661
138 56 742
149 56 802
160 56 613
171 56 105
182 56 757
193 56 815
204 56 425
215 56 298
226 56 835
237 56 231
248 56 574
259 56 207
270 56 916
281 56 110
292 56 889
303 56 688
314 56 19
325 56 25
336 56 232
347 56 555
358 56 217
369 56 735
380 56 122
391 56 783
402 56 578
413 56 229
424 56 929
435 56 566
446 56 587
457 56 513
468 56 135
479 56 632
490 56 448
501 56 523
512 56 557
523 56 943
534 56 826
545 56 550
556 56 853
567 56 27
578 56 95
589 56 345
600 56 470
611 56 808
622 56 972
633 56 846
644 56 872
655 56 434
666 56 728
677 56 535
688 56 853
699 56 265
710 56 978
721 56 460
732 56 949
743 56 111
754 56 42
765 56 832
776 56 127
787 56 429
798 56 175
809 56 225
820 56 726
831 56 389
842 56 574
853 56 959
864 56 862
875 56 585
886 56 791
897 56 668
908 56 565
919 56 488
930 56 323
941 56 999
952 56 282
963 56 688
974 56 757
985 56 583
996 56 596
1007 56 216
1018 56 389
1029 56 329
1040 56 833
1051 56 246
1062 56 706
1073 56 439
1084 56 674
1095 56 732
1106 56 984
1117 56 464
1128 56 554
1139 56 432
1150 56 714
1161 56 622
1172 56 982
1183 56 991
1194 56 158
1205 56 863
1216 56 192
1227 56 620
1238 56 465
1249 56 23
1260 56 75
1271 56 109
1282 56 506
1293 56 665
1304 56 234
1315 56 388
1326 56 790
1337 56 932
1348 56 325
1359 56 351
1370 56 232
1381 56 868
1392 56 149
1403 56 818
1414 56 253
1425 56 344
1436 56 991
1447 56 913
1458 56 78
1469 56 576
1480 56 429
1491 56 720
1502 56 51
1513 56 865
1524 56 400
1535 56 551
1546 56 230
1557 56 577
1568 56 650
1579 56 279
1590 56 636
1601 56 752
1612 56 138
1623 56 792
1634 56 772
1645 56 363
1656 56 711
1667 56 969
1678 56 413
1689 56 928
1700 56 499
1711 56 779
1722 56 485
1733 56 953
1744 56 146
1755 56 446
1766 56 766
1777 56 765
1788 56 224
1799 56 500
1810 56 598
1821 56 911
1832 56 573
1843 56 512
1854 56 365
1865 56 959
1876 56 872
1887 56 490
1898 56 70
1909 56 869
1920 56 30
1931 56 767
1942 56 243
1953 56 833
1964 56 900
1975 56 974
1986 56 459
1997 56 328
2008 56 245
2019 56 173
2030 56 727
2041 56 781
2052 56 720
2063 56 146
2074 56 519
2085 56 167
2096 56 100
2107 56 216
2118 56 946
2129 56 980
2140 56 890
2151 56 393
2162 56 39
2173 56 772
2184 56 715
2195 56 943
2206 56 852
2217 56 847
2228 56 832
2239 56 75
2250 56 668
2261 56 480
2272 56 228
2283 56 456
2294 56 104
2305 56 346
2316 56 287
2327 56 182
2338 56 863
2349 56 588
2360 56 442
2371 56 39
2382 56 157
2393 56 566
2404 56 80
2415 56 240
2426 56 207
2437 56 76
2448 56 144
2459 56 334
2470 56 740
2481 56 808
2492 56 126
2503 56 366
2514 56 359
2525 56 447
2536 56 20
2547 56 923
2558 56 876
2569 56 23
2580 56 400
2591 56 870
2602 56 34
2613 56 625
2624 56 116
2635 56 180
2646 56 751
2657 56 911
2668 56 274
2679 56 942
2690 56 363
2701 56 780
2712 56 728
2723 56 921
2734 56 766
2745 56 478
2756 56 369
2767 56 182
2778 56 530
2789 56 709
2800 56 697
2811 56 645
2822 56 780
2833 56 767
2844 56 859
2855 56 147
2866 56 625
2877 56 214
2888 56 354
2899 56 23
2910 56 260
2921 56 47
2932 56 9
2943 56 801
2954 56 582
2965 56 85
2976 56 237
2987 56 875
2998 56 330
8 57 527
19 57 432
30 57 458
41 57 142
52 57 996
63 57 272
74 57 419
85 57 714
96 57 574
107 57 151
118 57 263
129 57 473
140 57 92
151 57 671
162 57 118
173 57 292
184 57 299
195 57 979
206 57 841
217 57 343
228 57 33
239 57 301
250 57 793
261 57 296
272 57 591
283 57 719
294 57 443
305 57 416
316 57 96
327 57 949
338 57 640
349 57 588
360 57 208
371 57 380
382 57 341
393 57 317
404 57 435
415 57 466
426 57 642
437 57 787
448 57 153
459 57 876
470 57 47
481 57 540
492 57 965
503 57 569
514 57 822
525 57 421
536 57 848
547 57 398
558 57 870
569 57 731
580 57 431
591 57 305
602 57 492
613 57 454
624 57 280
635 57 797
646 57 321
657 57 838
668 57 405
679 57 926
690 57 521
701 57 964
712 57 273
723 57 183
734 57 563
745 57 180
756 57 313
767 57 31
778 57 502
789 57 579
800 57 547
811 57 705
822 57 635
833 57 702
844 57 99
855 57 107
866 57 564
877 57 589
888 57 38
899 57 602
910 57 718
921 57 172
932 57 144
943 57 29
954 57 156
965 57 316
976 57 587
987 57 343
998 57 37
1009 57 49
1020 57 760
1031 57 892
1042 57 937
1053 57 80
1064 57 234
1075 57 413
1086 57 233
1097 57 479
1108 57 115
1119 57 524
1130 57 961
1141 57 26
1152 57 605
1163 57 513
1174 57 226
1185 57 827
1196 57 242
1207 57 199
1218 57 228
1229 57 393
1240 57 112
1251 57 328
1262 57 186
1273 57 25
1284 57 406
1295 57 869
1306 57 889
1317 57 75
1328 57 690
1339 57 568
1350 57 392
1361 57 879
1372 57 527
1383 57 144
1394 57 899
1405 57 821
1416 57 328
1427 57 359
1438 57 667
1449 57 215
1460 57 331
1471 57 920
1482 57 874
1493 57 748
1504 57 646
1515 57 872
1526 57 265
1537 57 405
1548 57 480
1559 57 546
1570 57 322
1581 57 488
1592 57 987
1603 57 341
1614 57 710
1625 57 347
1636 57 547
1647 57 835
1658 57 540
1669 57 112
1680 57 791
1691 57 57
1702 57 662
1713 57 519
1724 57 214
1735 57 137
1746 57 159
1757 57 866
1768 57 451
1779 57 346
1790 57 103
1801 57 223
1812 57 418
1823 57 178
1834 57 500
1845 57 247
1856 57 12
1867 57 87
1878 57 90
1889 57 86
1900 57 568
1911 57 315
1922 57 148
1933 57 78
1944 57 89
1955 57 581
1966 57 17
1977 57 434
1988 57 681
1999 57 574
2010 57 559
2021 57 45
2032 57 851
2043 57 281
2054 57 300
2065 57 241
2076 57 846
2087 57 10
2098 57 384
2109 57 941
2120 57 521
2131 57 856
2142 57 388
2153 57 501
2164 57 360
2175 57 401
2186 57 725
2197 57 992
2208 57 374
2219 57 307
2230 57 984
2241 57 73
2252 57 343
2263 57 608
2274 57 347
2285 57 658
2296 57 414
2307 57 978
2318 57 990
2329 57 91
2340 57 866
2351 57 914
2362 57 31
2373 57 848
2384 57 978
2395 57 153
2406 57 482
2417 57 938
2428 57 27
2439 57 804
2450 57 621
2461 57 399
2472 57 71
2483 57 803
2494 57 247
2505 57 228
2516 57 965
2527 57 754
2538 57 919
2549 57 559
2560 57 782
2571 57 909
2582 57 428
2593 57 797
2604 57 540
2615 57 842
2626 57 632
2637 57 409
2648 57 568
2659 57 440
2670 57 943
2681 57 304
2692 57 553
2703 57 285
2714 57 214
2725 57 452
2736 57 680
2747 57 710
2758 57 22
2769 57 153
2780 57 468
2791 57 296
2802 57 659
2813 57 110
2824 57 944
2835 57 469
2846 57 60
2857 57 282
2868 57 861
2879 57 408
2890 57 137
2901 57 94
2912 57 595
2923 57 845
2934 57 595
2945 57 824
2956 57 834
2967 57 520
2978 57 89
2989 57 202
10 58 466
21 58 881
32 58 164
43 58 491
54 58 420
65 58 657
76 58 431
87 58 587
98 58 11
109 58 496
120 58 15
131 58 279
142 58 888
153 58 79
164 58 613
175 58 573
186 58 71
197 58 105
208 58 258
219 58 377
230 58 87
241 58 539
252 58 586
263 58 867
274 58 111
285 58 310
296 58 464
307 58 246
318 58 659
329 58 567
340 58 820
351 58 261
362 58 288
373 58 505
384 58 557
395 58 217
406 58 247
417 58 94
428 58 744
439 58 226
450 58 790
461 58 802
472 58 290
483 58 891
494 58 573
505 58 251
516 58 385
527 58 112
538 58 509
549 58 209
560 58 588
571 58 294
582 58 913
593 58 422
604 58 547
615 58 141
626 58 331
637 58 887
648 58 340
659 58 634
670 58 870
681 58 887
692 58 499
703 58 889
714 58 878
725 58 902
736 58 850
747 58 668
758 58 37
769 58 919
780 58 937
791 58 393
802 58 98
813 58 632
824 58 447
835 58 777
846 58 335
857 58 75
868 58 469
879 58 46
890 58 551
901 58 721
912 58 850
923 58 84
934 58 248
945 58 409
956 58 505
967 58 254
978 58 537
989 58 478
1000 58 872
1011 58 393
1022 58 550
1033 58 471
1044 58 982
1055 58 979
1066 58 189
1077 58 446
1088 58 23
1099 58 78
1110 58 781
1121 58 365
1132 58 549
1143 58 958
1154 58 271
1165 58 824
1176 58 273
1187 58 992
1198 58 280
1209 58 955
1220 58 145
1231 58 903
1242 58 478
1253 58 610
1264 58 887
1275 58 621
1286 58 899
1297 58 835
1308 58 448
1319 58 641
1330 58 929
1341 58 552
1352 58 341
1363 58 681
1374 58 567
1385 58 53
1396 58 356
1407 58 775
1418 58 741
1429 58 534
1440 58 654
1451 58 528
1462 58 896
1473 58 618
1484 58 798
1495 58 342
1506 58 735
1517 58 450
1528 58 938
1539 58 635
1550 58 910
1561 58 862
1572 58 958
1583 58 692
1594 58 105
1605 58 106
1616 58 921
1627 58 244
1638 58 483
1649 58 615
1660 58 131
1671 58 50
1682 58 899
1693 58 983
1704 58 297
1715 58 553
1726 58 169
1737 58 741
1748 58 480
1759 58 905
1770 58 243
1781 58 454
1792 58 781
1803 58 178
1814 58 68
1825 58 113
1836 58 981
1847 58 800
1858 58 755
1869 58 802
1880 58 319
1891 58 975
1902 58 583
1913 58 763
1924 58 997
1935 58 415
1946 58 192
1957 58 519
1968 58 899
1979 58 975
1990 58 37
2001 58 229
2012 58 643
2023 58 422
2034 58 400
2045 58 671
2056 58 485
2067 58 756
2078 58 908
2089 58 482
2100 58 735
2111 58 982
2122 58 550
2133 58 870
2144 58 744
2155 58 422
2166 58 449
2177 58 762
2188 58 456
2199 58 105
2210 58 900
2221 58 232
2232 58 613
2243 58 507
2254 58 561
2265 58 617
2276 58 91
2287 58 130
2298 58 709
2309 58 904
2320 58 405
2331 58 605
2342 58 486
2353 58 313
2364 58 703
2375 58 491
2386 58 196
2397 58 176
2408 58 472
2419 58 201
2430 58 61
2441 58 998
2452 58 376
2463 58 412
2474 58 603
2485 58 719
2496 58 229
2507 58 643
2518 58 955
2529 58 377
2540 58 555
2551 58 885
2562 58 528
2573 58 808
2584 58 108
2595 58 939
2606 58 998
2617 58 989
2628 58 72
2639 58 337
2650 58 683
2661 58 533
2672 58 512
2683 58 870
2694 58 938
2705 58 631
2716 58 101
2727 58 1
2738 58 85
2749 58 940
2760 58 397
2771 58 824
2782 58 616
2793 58 427
2804 58 13
2815 58 951
2826 58 666
2837 58 650
2848 58 47
2859 58 774
2870 58 661
2881 58 839
2892 58 907
2903 58 520
2914 58 874
2925 58 117
2936 58 861
2947 58 278
2958 58 69
2969 58 617
2980 58 680
2991 58 166
1 59 204
12 59 281
23 59 936
34 59 273
45 59 343
56 59 595
67 59 351
78 59 101
89 59 611
100 59 506
111 59 498
122 59 276
133 59 222
144 59 589
155 59 79
166 59 992
177 59 219
188 59 88
199 59 302
210 59 61
221 59 826
232 59 658
243 59 180
254 59 286
265 59 135
276 59 410
287 59 560
298 59 159
309 59 743
320 59 364
331 59 884
342 59 11
353 59 910
364 59 292
375 59 899
386 59 105
397 59 424
408 59 477
419 59 751
430 59 198
441 59 477
452 59 813
463 59 184
474 59 580
485 59 508
496 59 975
507 59 535
518 59 398
529 59 850
540 59 109
551 59 335
562 59 963
573 59 928
584 59 457
595 59 106
606 59 717
617 59 571
628 59 688
639 59 591
650 59 389
661 59 497
672 59 499
683 59 445
694 59 33
705 59 203
716 59 791
727 59 239
738 59 940
749 59 210
760 59 5
771 59 621
782 59 74
793 59 76
804 59 396
815 59 461
826 59 635
837 59 58
848 59 196
859 59 442
870 59 636
881 59 742
892 59 621
903 59 157
914 59 539
925 59 905
936 59 682
947 59 750
958 59 758
969 59 703
980 59 100
991 59 183
1002 59 686
1013 59 390
1024 59 125
1035 59 721
1046 59 167
1057 59 623
1068 59 360
1079 59 891
1090 59 824
1101 59 597
1112 59 481
1123 59 180
1134 59 27
1145 59 779
1156 59 79
1167 59 285
1178 59 959
1189 59 463
1200 59 958
1211 59 356
1222 59 729
1233 59 640
1244 59 419
1255 59 327
1266 59 498
1277 59 901
1288 59 456
1299 59 992
1310 59 655
1321 59 77
1332 59 536
1343 59 43
1354 59 205
1365 59 377
1376 59 708
1387 59 142
1398 59 498
1409 59 393
1420 59 262
1431 59 562
1442 59 183
1453 59 439
1464 59 655
1475 59 833
1486 59 582
1497 59 561
1508 59 865
1519 59 805
1530 59 758
1541 59 136
1552 59 491
1563 59 53
1574 59 354
1585 59 469
1596 59 668
1607 59 235
1618 59 230
1629 59 655
1640 59 915
1651 59 247
1662 59 578
1673 59 582
1684 59 29
1695 59 995
1706 59 874
1717 59 677
1728 59 572
1739 59 743
1750 59 776
1761 59 704
1772 59 634
1783 59 978
1794 59 104
1805 59 362
1816 59 889
1827 59 764
1838 59 510
1849 59 30
1860 59 444
1871 59 234
1882 59 799
1893 59 426
1904 59 58
1915 59 855
1926 59 989
1937 59 943
1948 59 753
1959 59 65
1970 59 525
1981 59 559
1992 59 179
2003 59 339
2014 59 9
2025 59 970
2036 59 370
2047 59 673
2058 59 154
2069 59 883
2080 59 552
2091 59 475
2102 59 113
2113 59 572
2124 59 711
2135 59 601
2146 59 44
2157 59 287
2168 59 195
2179 59 654
2190 59 743
2201 59 201
2212 59 384
2223 59 929
2234 59 1
2245 59 608
2256 59 909
2267 59 877
2278 59 803
2289 59 889
2300 59 247
2311 59 577
2322 59 745
2333 59 881
2344 59 191
2355 59 129
2366 59 929
2377 59 350
2388 59 467
2399 59 413
2410 59 581
2421 59 154
2432 59 342
2443 59 474
2454 59 95
2465 59 179
2476 59 752
2487 59 816
2498 59 52
2509 59 982
2520 59 690
2531 59 962
2542 59 911
2553 59 946
2564 59 289
2575 59 637
2586 59 315
2597 59 121
2608 59 88
2619 59 242
2630 59 381
2641 59 884
2652 59 526
2663 59 250
2674 59 29
2685 59 20
2696 59 326
2707 59 11
2718 59 972
2729 59 387
2740 59 392
2751 59 162
2762 59 448
2773 59 676
2784 59 578
2795 59 759
2806 59 787
2817 59 888
2828 59 792
2839 59 813
2850 59 21
2861 59 596
2872 59 621
2883 59 968
2894 59 802
2905 59 789
2916 59 77
2927 59 29
2938 59 308
2949 59 805
2960 59 134
2971 59 671
2982 59 613
2993 59 347
3 60 584
14 60 703
25 60 940
36 60 433
47 60 749
58 60 428
69 60 610
80 60 251
91 60 597
102 60 540
113 60 436
124 60 831
135 60 96
146 60 821
157 60 338
168 60 413
179 60 281
190 60 395
201 60 554
212 60 352
223 60 403
234 60 387
245 60 227
256 60 418
267 60 924
278 60 632
289 60 531
300 60 978
311 60 597
322 60 711
333 60 457
344 60 7
355 60 847
366 60 139
377 60 788
388 60 640
399 60 173
410 60 873
421 60 240
432 60 163
443 60 217
454 60 921
465 60 524
476 60 897
487 60 711
498 60 172
509 60 560
520 60 173
531 60 113
542 60 517
553 60 203
564 60 541
575 60 921
586 60 884
597 60 837
608 60 501
619 60 33
630 60 301
641 60 600
652 60 709
663 60 406
674 60 760
685 60 151
696 60 501
707 60 25
718 60 727
729 60 656
740 60 963
751 60 36
762 60 630
773 60 948
784 60 70
795 60 736
806 60 137
817 60 915
828 60 988
839 60 361
850 60 264
861 60 199
872 60 559
883 60 360
894 60 235
905 60 259
916 60 800
927 60 185
938 60 648
949 60 91
960 60 134
971 60 409
982 60 114
993 60 320
1004 60 597
1015 60 102
1026 60 91
1037 60 894
1048 60 881
1059 60 170
1070 60 269
1081 60 565
1092 60 550
1103 60 802
1114 60 559
1125 60 2
1136 60 969
1147 60 864
1158 60 195
1169 60 9
1180 60 907
1191 60 853
1202 60 590
1213 60 886
1224 60 817
1235 60 776
1246 60 697
1257 60 795
1268 60 196
1279 60 363
1290 60 810
1301 60 950
1312 60 225
1323 60 955
1334 60 357
1345 60 304
1356 60 580
1367 60 976
1378 60 423
1389 60 166
1400 60 69
1411 60 359
1422 60 480
1433 60 283
1444 60 490
1455 60 743
1466 60 360
1477 60 423
1488 60 818
1499 60 16
1510 60 331
1521 60 530
1532 60 961
1543 60 569
1554 60 551
1565 60 313
1576 60 396
1587 60 921
1598 60 81
1609 60 105
1620 60 216
1631 60 698
1642 60 586
1653 60 764
1664 60 18
1675 60 23
1686 60 960
1697 60 616
1708 60 883
1719 60 253
1730 60 133
1741 60 448
1752 60 764
1763 60 345
1774 60 300
1785 60 440
1796 60 295
1807 60 631
1818 60 928
1829 60 916
1840 60 149
1851 60 757
1862 60 460
1873 60 817
1884 60 936
1895 60 270
1906 60 357
1917 60 666
1928 60 120
1939 60 174
1950 60 453
1961 60 527
1972 60 837
1983 60 802
1994 60 104
2005 60 127
2016 60 906
2027 60 981
2038 60 93
2049 60 584
2060 60 440
2071 60 367
2082 60 450
2093 60 308
2104 60 299
2115 60 371
2126 60 365
2137 60 750
2148 60 265
2159 60 716
2170 60 340
2181 60 516
2192 60 13
2203 60 101
2214 60 303
2225 60 973
2236 60 872
2247 60 596
2258 60 482
2269 60 416
2280 60 923
2291 60 117
2302 60 521
2313 60 198
2324 60 273
2335 60 445
2346 60 159
2357 60 932
2368 60 12
2379 60 980
2390 60 801
2401 60 722
2412 60 482
2423 60 708
2434 60 866
2445 60 132
2456 60 210
2467 60 381
2478 60 386
2489 60 780
2500 60 360
2511 60 225
2522 60 939
2533 60 30
2544 60 711
2555 60 218
2566 60 352
2577 60 12
2588 60 653
2599 60 906
2610 60 662
2621 60 599
2632 60 685
2643 60 456
2654 60 85
2665 60 59
2676 60 653
2687 60 220
2698 60 441
2709 60 597
2720 60 720
2731 60 477
2742 60 358
2753 60 352
2764 60 152
2775 60 706
2786 60 170
2797 60 905
2808 60 617
2819 60 786
2830 60 993
2841 60 707
2852 60 213
2863 60 830
2874 60 156
2885 60 100
2896 60 731
2907 60 924
2918 60 931
2929 60 121
2940 60 87
2951 60 494
2962 60 116
2973 60 731
2984 60 15
2995 60 416
5 61 945
16 61 418
27 61 887
38 61 357
49 61 174
60 61 827
71 61 283
82 61 871
93 61 649
104 61 383
115 61 903
126 61 696
137 61 179
148 61 354
159 61 866
170 61 348
181 61 365
192 61 761
203 61 205
214 61 727
225 61 439
236 61 53
247 61 667
258 61 363
269 61 284
280 61 296
291 61 41
302 61 586
313 61 455
324 61 33
335 61 27
346 61 721
357 61 40
368 61 416
379 61 842
390 61 702
401 61 521
412 61 725
423 61 745
434 61 482
445 61 838
456 61 627
467 61 999
478 61 345
489 61 255
500 61 298
511 61 914
522 61 860
533 61 688
544 61 359
555 61 352
566 61 593
577 61 488
588 61 992
599 61 599
610 61 694
621 61 240
632 61 879
643 61 942
654 61 295
665 61 650
676 61 292
687 61 590
698 61 14
709 61 634
720 61 32
731 61 589
742 61 633
753 61 46
764 61 722
775 61 828
786 61 859
797 61 500
808 61 626
819 61 649
830 61 571
841 61 296
852 61 993
863 61 665
874 61 282
885 61 482
896 61 731
907 61 941
918 61 308
929 61 412
940 61 582
951 61 110
962 61 559
973 61 954
984 61 634
995 61 326
1006 61 342
1017 61 725
1028 61 629
1039 61 304
1050 61 249
1061 61 957
1072 61 398
1083 61 680
1094 61 738
1105 61 249
1116 61 760
1127 61 592
1138 61 551
1149 61 134
1160 61 758
1171 61 425
1182 61 759
1193 61 245
1204 61 526
1215 61 17
1226 61 879
1237 61 299
1248 61 514
1259 61 492
1270 61 705
1281 61 84
1292 61 439
1303 61 895
1314 61 254
1325 61 643
1336 61 119
1347 61 198
1358 61 804
1369 61 937
1380 61 602
1391 61 869
1402 61 515
1413 61 362
1424 61 523
1435 61 402
1446 61 660
1457 61 980
1468 61 367
1479 61 213
1490 61 861
1501 61 751
1512 61 699
1523 61 145
1534 61 898
1545 61 379
1556 61 700
1567 61 217
1578 61 87
1589 61 451
1600 61 677
1611 61 616
1622 61 600
1633 61 995
1644 61 936
1655 61 971
1666 61 360
1677 61 852
1688 61 871
1699 61 428
1710 61 387
1721 61 114
1732 61 906
1743 61 218
1754 61 708
1765 61 139
1776 61 423
1787 61 435
1798 61 400
1809 61 251
1820 61 153
1831 61 914
1842 61 742
1853 61 518
1864 61 370
1875 61 746
1886 61 399
1897 61 823
1908 61 518
1919 61 579
1930 61 219
1941 61 743
1952 61 257
1963 61 856
1974 61 456
1985 61 127
1996 61 7
2007 61 138
2018 61 148
2029 61 384
2040 61 506
2051 61 653
2062 61 752
2073 61 40
2084 61 915
2095 61 343
2106 61 266
2117 61 338
2128 61 141
2139 61 905
2150 61 267
2161 61 707
2172 61 959
2183 61 438
2194 61 541
2205 61 596
2216 61 510
2227 61 550
2238 61 930
2249 61 758
2260 61 823
2271 61 456
2282 61 670
2293 61 686
2304 61 282
2315 61 536
2326 61 586
2337 61 71
2348 61 883
2359 61 433
2370 61 850
2381 61 479
2392 61 109
2403 61 107
2414 61 512
2425 61 461
2436 61 748
2447 61 279
2458 61 787
2469 61 784
2480 61 819
2491 61 417
2502 61 52
2513 61 417
2524 61 85
2535 61 327
2546 61 746
2557 61 803
2568 61 631
2579 61 539
2590 61 779
2601 61 569
2612 61 249
2623 61 628
2634 61 530
2645 61 357
2656 61 900
2667 61 300
2678 61 278
2689 61 168
2700 61 887
2711 61 485
2722 61 224
2733 61 918
2744 61 969
2755 61 96
2766 61 820
2777 61 242
2788 61 660
2799 61 7
2810 61 200
2821 61 937
2832 61 202
2843 61 338
2854 61 670
2865 61 21
2876 61 288
2887 61 539
2898 61 123
2909 61 623
2920 61 664
2931 61 554
2942 61 65
2953 61 679
2964 61 82
2975 61 114
2986 61 938
2997 61 840
7 62 621
18 62 126
29 62 450
40 62 591
51 62 39
62 62 840
73 62 473
84 62 999
95 62 291
106 62 629
117 62 346
128 62 336
139 62 52
150 62 546
161 62 939
172 62 992
183 62 390
194 62 541
205 62 486
216 62 423
227 62 140
238 62 684
249 62 180
260 62 522
271 62 254
282 62 14
293 62 15
304 62 235
315 62 79
326 62 906
337 62 299
348 62 102
359 62 850
370 62 842
381 62 28
392 62 980
403 62 466
414 62 588
425 62 453
436 62 821
447 62 863
458 62 373
469 62 185
480 62 253
491 62 151
502 62 299
513 62 487
524 62 459
535 62 251
546 62 129
557 62 540
568 62 156
579 62 726
590 62 58
601 62 822
612 62 818
623 62 475
634 62 847
645 62 699
656 62 229
667 62 672
678 62 645
689 62 611
700 62 369
711 62 436
722 62 917
733 62 993
744 62 413
755 62 965
766 62 471
777 62 764
788 62 828
799 62 62
810 62 349
821 62 597
832 62 281
843 62 228
854 62 254
865 62 1000
876 62 528
887 62 517
898 62 362
909 62 525
920 62 240
931 62 958
942 62 514
953 62 879
964 62 674
975 62 108
986 62 999
997 62 394
1008 62 770
1019 62 32
1030 62 272
1041 62 806
1052 62 698
1063 62 612
1074 62 513
1085 62 788
1096 62 413
1107 62 199
1118 62 750
1129 62 119
1140 62 602
1151 62 549
1162 62 651
1173 62 127
1184 62 509
1195 62 502
1206 62 878
1217 62 317
1228 62 621
1239 62 567
1250 62 314
1261 62 651
1272 62 84
1283 62 386
1294 62 833
1305 62 90
1316 62 619
1327 62 990
1338 62 206
1349 62 804
1360 62 88
1371 62 514
1382 62 816
1393 62 920
1404 62 992
1415 62 224
1426 62 269
1437 62 600
1448 62 983
1459 62 152
1470 62 448
1481 62 560
1492 62 889
1503 62 770
1514 62 380
1525 62 671
1536 62 488
1547 62 947
1558 62 12
1569 62 342
1580 62 379
1591 62 506
1602 62 483
1613 62 64
1624 62 310
1635 62 111
1646 62 582
1657 62 445
1668 62 228
1679 62 481
1690 62 835
1701 62 567
1712 62 434
1723 62 924
1734 62 802
1745 62 251
1756 62 266
1767 62 102
1778 62 628
1789 62 761
1800 62 998
1811 62 105
1822 62 192
1833 62 645
1844 62 243
1855 62 395
1866 62 212
1877 62 488
1888 62 266
1899 62 29
1910 62 837
1921 62 298
1932 62 313
1943 62 717
1954 62 213
1965 62 928
1976 62 603
1987 62 757
1998 62 284
2009 62 20
2020 62 520
2031 62 406
2042 62 76
2053 62 848
2064 62 151
2075 62 747
2086 62 34
2097 62 419
2108 62 775
2119 62 766
2130 62 369
2141 62 288
2152 62 643
2163 62 407
2174 62 686
2185 62 152
2196 62 5
2207 62 791
2218 62 564
2229 62 646
2240 62 50
2251 62 96
2262 62 441
2273 62 834
2284 62 121
2295 62 463
2306 62 554
2317 62 652
2328 62 499
2339 62 691
2350 62 863
2361 62 879
2372 62 24
2383 62 109
2394 62 735
2405 62 349
2416 62 541
2427 62 579
2438 62 330
2449 62 551
2460 62 763
2471 62 434
2482 62 822
2493 62 761
2504 62 703
2515 62 814
2526 62 981
2537 62 18
2548 62 959
2559 62 928
2570 62 487
2581 62 5
2592 62 998
2603 62 961
2614 62 493
2625 62 925
2636 62 425
2647 62 996
2658 62 149
2669 62 91
2680 62 411
2691 62 213
2702 62 523
2713 62 208
2724 62 396
2735 62 717
2746 62 703
2757 62 591
2768 62 838
2779 62 500
2790 62 999
2801 62 122
2812 62 372
2823 62 171
2834 62 54
2845 62 972
2856 62 575
2867 62 836
2878 62 827
2889 62 284
2900 62 379
2911 62 276
2922 62 504
2933 62 605
2944 62 267
2955 62 909
2966 62 578
2977 62 276
2988 62 1
2999 62 316
9 63 557
20 63 28
31 63 987
42 63 651
53 63 114
64 63 362
75 63 290
86 63 481
97 63 802
108 63 229
119 63 962
130 63 888
141 63 330
152 63 184
163 63 346
174 63 626
185 63 493
196 63 31
207 63 485
218 63 372
229 63 643
240 63 1000
251 63 717
262 63 373
273 63 877
284 63 208
295 63 506
306 63 633
317 63 754
328 63 888
339 63 801
350 63 803
361 63 382
372 63 741
383 63 416
394 63 887
405 63 683
416 63 527
427 63 473
438 63 814
449 63 733
460 63 893
471 63 26
482 63 814
493 63 937
504 63 329
515 63 485
526 63 282
537 63 382
548 63 868
559 63 561
570 63 939
581 63 428
592 63 623
603 63 706
614 63 67
625 63 561
636 63 650
647 63 251
658 63 307
669 63 629
680 63 400
691 63 387
702 63 136
713 63 310
724 63 697
735 63 425
746 63 281
757 63 121
768 63 92
779 63 452
790 63 845
801 63 452
812 63 388
823 63 713
834 63 272
845 63 696
856 63 746
867 63 881
878 63 30
889 63 813
900 63 539
911 63 794
922 63 798
933 63 221
944 63 433
955 63 324
966 63 820
977 63 3
988 63 354
999 63 77
1010 63 277
1021 63 621
1032 63 591
1043 63 350
1054 63 291
1065 63 199
1076 63 570
1087 63 156
1098 63 63
1109 63 122
1120 63 344
1131 63 792
1142 63 913
1153 63 856
1164 63 678
1175 63 574
1186 63 717
1197 63 182
1208 63 443
1219 63 349
1230 63 118
1241 63 448
1252 63 905
1263 63 784
1274 63 617
1285 63 598
1296 63 704
1307 63 46
1318 63 292
1329 63 252
1340 63 747
1351 63 732
1362 63 349
1373 63 898
1384 63 66
1395 63 883
1406 63 878
1417 63 14
1428 63 331
1439 63 24
1450 63 426
1461 63 348
1472 63 258
1483 63 531
1494 63 298
1505 63 490
1516 63 578
1527 63 279
1538 63 314
1549 63 323
1560 63 151
1571 63 732
1582 63 57
1593 63 453
1604 63 892
1615 63 915
1626 63 174
1637 63 642
1648 63 547
1659 63 773
1670 63 319
1681 63 8
1692 63 36
1703 63 442
1714 63 208
1725 63 8
1736 63 117
1747 63 106
1758 63 14
1769 63 529
1780 63 350
1791 63 806
1802 63 50
1813 63 152
1824 63 711
1835 63 156
1846 63 587
1857 63 940
1868 63 202
1879 63 952
1890 63 690
1901 63 857
1912 63 404
1923 63 402
1934 63 646
1945 63 229
1956 63 210
1967 63 276
1978 63 536
1989 63 872
2000 63 728
2011 63 889
2022 63 521
2033 63 905
2044 63 404
2055 63 462
2066 63 471
2077 63 677
2088 63 510
2099 63 517
2110 63 132
2121 63 543
2132 63 896
2143 63 642
2154 63 644
2165 63 377
2176 63 174
2187 63 184
2198 63 625
2209 63 125
2220 63 315
2231 63 123
2242 63 902
2253 63 621
2264 63 502
2275 63 503
2286 63 541
2297 63 710
2308 63 200
2319 63 848
2330 63 979
2341 63 13
2352 63 705
2363 63 129
2374 63 841
2385 63 404
2396 63 754
2407 63 13
2418 63 605
2429 63 374
2440 63 393
2451 63 96
2462 63 329
2473 63 672
2484 63 938
2495 63 34
2506 63 196
2517 63 83
2528 63 700
2539 63 958
2550 63 373
2561 63 72
2572 63 146
2583 63 65
2594 63 109
2605 63 783
2616 63 64
2627 63 616
2638 63 450
2649 63 784
2660 63 428
2671 63 804
2682 63 844
2693 63 826
2704 63 107
2715 63 129
2726 63 511
2737 63 568
2748 63 858
2759 63 193
2770 63 708
2781 63 273
2792 63 542
2803 63 875
2814 63 378
2825 63 992
2836 63 181
2847 63 151
2858 63 264
2869 63 140
2880 63 38
2891 63 76
2902 63 290
2913 63 743
2924 63 948
2935 63 647
2946 63 83
2957 63 187
2968 63 6
2979 63 916
2990 63 308
0 64 961
11 64 374
22 64 870
33 64 827
44 64 459
55 64 35
66 64 853
77 64 342
88 64 981
99 64 679
110 64 578
121 64 426
132 64 819
143 64 884
154 64 820
165 64 580
176 64 754
187 64 332
198 64 175
209 64 967
220 64 138
231 64 817
242 64 907
253 64 756
264 64 923
275 64 272
286 64 584
297 64 934
308 64 747
319 64 506
330 64 10
341 64 884
352 64 37
363 64 593
374 64 947
385 64 562
396 64 553
407 64 722
418 64 204
429 64 490
440 64 831
451 64 316
462 64 848
473 64 908
484 64 914
495 64 106
506 64 132
517 64 865
528 64 681
539 64 957
550 64 213
561 64 554
572 64 940
583 64 120
594 64 408
605 64 7
616 64 322
627 64 587
638 64 781
649 64 676
660 64 335
671 64 572
682 64 299
693 64 643
704 64 74
715 64 503
726 64 812
737 64 972
748 64 327
759 64 4
770 64 496
781 64 954
792 64 192
803 64 436
814 64 766
825 64 977
836 64 168
847 64 821
858 64 77
869 64 96
880 64 441
891 64 48
902 64 710
913 64 882
924 64 304
935 64 170
946 64 978
957 64 597
968 64 35
979 64 897
990 64 250
1001 64 647
1012 64 16
1023 64 248
1034 64 919
1045 64 488
1056 64 614
1067 64 149
1078 64 284
1089 64 275
1100 64 673
1111 64 925
1122 64 368
1133 64 881
1144 64 324
1155 64 704
1166 64 616
1177 64 410
1188 64 117
1199 64 431
1210 64 218
1221 64 961
1232 64 309
1243 64 78
1254 64 790
1265 64 764
1276 64 175
1287 64 742
1298 64 754
1309 64 110
1320 64 73
1331 64 619
1342 64 377
1353 64 465
1364 64 307
1375 64 873
1386 64 525
1397 64 859
1408 64 977
1419 64 310
1430 64 951
1441 64 393
1452 64 507
1463 64 637
1474 64 502
1485 64 138
1496 64 360
1507 64 662
1518 64 657
1529 64 216
1540 64 495
1551 64 768
1562 64 393
1573 64 477
1584 64 624
1595 64 744
1606 64 203
1617 64 350
1628 64 303
1639 64 91
1650 64 226
1661 64 409
1672 64 982
1683 64 653
1694 64 117
1705 64 844
1716 64 390
1727 64 185
1738 64 945
1749 64 423
1760 64 568
1771 64 249
1782 64 98
1793 64 87
1804 64 553
1815 64 238
1826 64 638
1837 64 669
1848 64 509
1859 64 694
1870 64 831
1881 64 456
1892 64 841
1903 64 630
1914 64 286
1925 64 915
1936 64 510
1947 64 339
1958 64 684
1969 64 143
1980 64 357
1991 64 132
2002 64 883
2013 64 337
2024 64 799
2035 64 764
2046 64 723
2057 64 525
2068 64 940
2079 64 653
2090 64 451
2101 64 829
2112 64 563
2123 64 167
2134 64 785
2145 64 675
2156 64 863
2167 64 40
2178 64 88
2189 64 198
2200 64 166
2211 64 472
2222 64 832
2233 64 102
2244 64 134
2255 64 742
2266 64 955
2277 64 541
2288 64 151
2299 64 587
2310 64 657
2321 64 122
2332 64 927
2343 64 977
2354 64 838
2365 64 82
2376 64 986
2387 64 568
2398 64 457
2409 64 4
2420 64 441
2431 64 94
2442 64 170
2453 64 281
2464 64 875
2475 64 657
2486 64 801
2497 64 582
2508 64 69
2519 64 63
2530 64 255
2541 64 170
2552 64 311
2563 64 561
2574 64 253
2585 64 96
2596 64 555
2607 64 693
2618 64 798
2629 64 260
2640 64 817
2651 64 959
2662 64 999
2673 64 601
2684 64 45
2695 64 660
2706 64 512
2717 64 209
2728 64 130
2739 64 573
2750 64 199
2761 64 530
2772 64 474
2783 64 680
2794 64 100
2805 64 781
2816 64 23
2827 64 332
2838 64 988
2849 64 678
2860 64 156
2871 64 875
2882 64 726
2893 64 769
2904 64 869
2915 64 310
2926 64 840
2937 64 658
2948 64 947
2959 64 915
2970 64 344
2981 64 936
2992 64 625
2 65 623
13 65 807
24 65 412
35 65 723
46 65 131
57 65 595
68 65 575
79 65 329
90 65 829
101 65 790
112 65 34
123 65 549
134 65 944
145 65 413
156 65 694
167 65 901
178 65 224
189 65 440
200 65 60
211 65 820
222 65 322
233 65 997
244 65 477
255 65 238
266 65 748
277 65 490
288 65 475
299 65 261
310 65 502
321 65 944
332 65 92
343 65 498
354 65 722
365 65 689
376 65 661
387 65 76
398 65 530
409 65 757
420 65 936
431 65 451
442 65 213
453 65 641
464 65 409
475 65 484
486 65 787
497 65 987
508 65 390
519 65 898
530 65 600
541 65 947
552 65 752
563 65 175
574 65 713
585 65 391
596 65 461
607 65 279
618 65 455
629 65 359
640 65 803
651 65 868
662 65 967
673 65 907
684 65 215
695 65 840
706 65 648
717 65 820
728 65 349
739 65 495
750 65 409
761 65 291
772 65 875
783 65 74
794 65 267
805 65 820
816 65 616
827 65 223
838 65 99
849 65 692
860 65 946
871 65 651
882 65 103
893 65 252
904 65 126
915 65 174
926 65 498
937 65 866
948 65 70
959 65 55
970 65 615
981 65 758
992 65 522
1003 65 467
1014 65 578
1025 65 427
1036 65 183
1047 65 61
1058 65 187
1069 65 793
1080 65 522
1091 65 379
1102 65 626
1113 65 9
1124 65 158
1135 65 521
1146 65 600
1157 65 595
1168 65 935
1179 65 359
1190 65 285
1201 65 515
1212 65 583
1223 65 581
1234 65 564
1245 65 68
1256 65 176
1267 65 136
1278 65 391
1289 65 269
1300 65 481
1311 65 617
1322 65 58
1333 65 63
1344 65 203
1355 65 484
1366 65 251
1377 65 910
1388 65 269
1399 65 5
1410 65 90
1421 65 488
1432 65 513
1443 65 390
1454 65 826
1465 65 324
1476 65 431
1487 65 560
1498 65 684
1509 65 475
1520 65 36
1531 65 129
1542 65 193
1553 65 728
1564 65 467
1575 65 355
1586 65 628
1597 65 499
1608 65 723
1619 65 680
1630 65 999
1641 65 60
1652 65 167
1663 65 230
1674 65 708
1685 65 128
1696 65 198
1707 65 390
1718 65 395
1729 65 526
1740 65 809
1751 65 645
1762 65 845
1773 65 516
1784 65 666
1795 65 722
1806 65 924
1817 65 898
1828 65 660
1839 65 722
1850 65 856
1861 65 642
1872 65 894
1883 65 243
1894 65 633
1905 65 257
1916 65 94
1927 65 726
1938 65 489
1949 65 208
1960 65 907
1971 65 536
1982 65 254
1993 65 274
2004 65 469
2015 65 814
2026 65 835
2037 65 483
2048 65 437
2059 65 733
2070 65 483
2081 65 669
2092 65 794
2103 65 477
2114 65 402
2125 65 645
2136 65 779
2147 65 696
2158 65 563
2169 65 809
2180 65 495
2191 65 550
2202 65 656
2213 65 81
2224 65 428
2235 65 227
2246 65 828
2257 65 959
2268 65 633
2279 65 242
2290 65 603
2301 65 678
2312 65 41
2323 65 444
2334 65 653
2345 65 826
2356 65 968
2367 65 90
2378 65 292
2389 65 981
2400 65 216
2411 65 702
2422 65 36
2433 65 479
2444 65 285
2455 65 487
2466 65 591
2477 65 37
2488 65 755
2499 65 366
2510 65 129
2521 65 365
2532 65 847
2543 65 295
2554 65 939
2565 65 47
2576 65 754
2587 65 192
2598 65 431
2609 65 202
2620 65 608
2631 65 190
2642 65 654
2653 65 854
2664 65 454
2675 65 447
2686 65 350
2697 65 334
2708 65 302
2719 65 381
2730 65 61
2741 65 812
2752 65 457
2763 65 488
2774 65 988
2785 65 542
2796 65 200
2807 65 224
2818 65 619
2829 65 703
2840 65 334
2851 65 718
2862 65 689
2873 65 181
2884 65 294
2895 65 869
2906 65 159
2917 65 488
2928 65 466
2939 65 19
2950 65 890
2961 65 879
2972 65 827
2983 65 497
2994 65 184
4 66 276
15 66 986
26 66 748
37 66 638
48 66 779
59 66 614
70 66 226
81 66 606
92 66 26
103 66 717
114 66 756
125 66 716
136 66 579
147 66 176
158 66 624
169 66 22
180 66 341
191 66 777
202 66 300
213 66 695
224 66 732
235 66 884
246 66 963
257 66 556
268 66 429
279 66 752
290 66 12
301 66 514
312 66 946
323 66 927
334 66 827
345 66 904
356 66 770
367 66 530
378 66 170
389 66 581
400 66 399
411 66 648
422 66 299
433 66 841
444 66 366
455 66 238
466 66 945
477 66 168
488 66 490
499 66 942
510 66 963
521 66 940
532 66 181
543 66 549
554 66 90
565 66 603
576 66 817
587 66 412
598 66 175
609 66 451
620 66 733
631 66 648
642 66 507
653 66 84
664 66 651
675 66 818
686 66 82
697 66 618
708 66 875
719 66 613
730 66 701
741 66 356
752 66 843
763 66 151
774 66 678
785 66 631
796 66 578
807 66 7
818 66 537
829 66 202
840 66 624
851 66 355
862 66 105
873 66 757
884 66 217
895 66 135
906 66 127
917 66 462
928 66 481
939 66 943
950 66 167
961 66 19
972 66 448
983 66 817
994 66 445
1005 66 914
1016 66 772
1027 66 602
1038 66 308
1049 66 522
1060 66 355
1071 66 872
1082 66 811
1093 66 322
1104 66 681
1115 66 523
1126 66 697
1137 66 167
1148 66 756
1159 66 225
1170 66 640
1181 66 706
1192 66 855
1203 66 200
1214 66 856
1225 66 409
1236 66 678
1247 66 8
1258 66 587
1269 66 336
1280 66 497
1291 66 879
1302 66 654
1313 66 862
1324 66 293
1335 66 446
1346 66 475
1357 66 931
1368 66 316
1379 66 565
1390 66 496
1401 66 458
1412 66 888
1423 66 704
1434 66 46
1445 66 685
1456 66 937
1467 66 560
1478 66 234
1489 66 638
1500 66 162
1511 66 582
1522 66 261
1533 66 572
1544 66 849
1555 66 397
1566 66 308
1577 66 702
1588 66 655
1599 66 338
1610 66 621
1621 66 27
1632 66 95
1643 66 864
1654 66 668
1665 66 530
1676 66 744
1687 66 463
1698 66 909
1709 66 32
1720 66 836
1731 66 91
1742 66 365
1753 66 855
1764 66 204
1775 66 729
1786 66 865
1797 66 312
1808 66 420
1819 66 549
1830 66 698
1841 66 792
1852 66 383
1863 66 969
1874 66 991
1885 66 347
1896 66 963
1907 66 186
1918 66 496
1929 66 24
1940 66 526
1951 66 408
1962 66 749
1973 66 851
1984 66 689
1995 66 621
2006 66 625
2017 66 830
2028 66 711
2039 66 752
2050 66 73
2061 66 48
2072 66 740
2083 66 447
2094 66 70
2105 66 310
2116 66 18
2127 66 615
2138 66 977
2149 66 756
2160 66 18
2171 66 246
2182 66 304
2193 66 690
2204 66 349
2215 66 967
2226 66 571
2237 66 156
2248 66 498
2259 66 235
2270 66 613
2281 66 872
2292 66 652
2303 66 520
2314 66 376
2325 66 765
2336 66 805
2347 66 164
2358 66 112
2369 66 49
2380 66 874
2391 66 142
2402 66 187
2413 66 724
2424 66 746
2435 66 581
2446 66 517
2457 66 710
2468 66 453
2479 66 268
2490 66 100
2501 66 720
2512 66 982
2523 66 536
2534 66 357
2545 66 449
2556 66 766
2567 66 761
2578 66 622
2589 66 7
2600 66 297
2611 66 623
2622 66 352
2633 66 518
2644 66 481
2655 66 468
2666 66 748
2677 66 259
2688 66 787
2699 66 441
2710 66 207
2721 66 192
2732 66 483
2743 66 344
2754 66 872
2765 66 722
2776 66 36
2787 66 795
2798 66 69
2809 66 123
2820 66 625
2831 66 359
2842 66 687
2853 66 108
2864 66 623
2875 66 448
2886 66 184
2897 66 704
2908 66 829
2919 66 530
2930 66 87
2941 66 917
2952 66 829
2963 66 942
2974 66 68
2985 66 120
2996 66 104
6 67 898
17 67 733
28 67 472
39 67 163
50 67 479
61 67 90
72 67 896
83 67 498
94 67 521
105 67 56
116 67 86
127 67 701
138 67 256
149 67 80
160 67 629
171 67 748
182 67 184
193 67 127
204 67 190
215 67 32
226 67 990
237 67 44
248 67 112
259 67 648
270 67 876
281 67 694
292 67 456
303 67 891
314 67 541
325 67 95
336 67 712
347 67 106
358 67 891
369 67 3
380 67 558
391 67 214
402 67 570
413 67 225
424 67 675
435 67 320
446 67 541
457 67 849
468 67 789
479 67 659
490 67 81
501 67 924
512 67 74
523 67 991
534 67 331
545 67 451
556 67 35
567 67 816
578 67 96
589 67 83
600 67 262
611 67 886
622 67 307
633 67 108
644 67 506
655 67 247
666 67 447
677 67 727
688 67 46
699 67 470
710 67 939
721 67 838
732 67 673
743 67 470
754 67 71
765 67 764
776 67 936
787 67 631
798 67 665
809 67 364
820 67 385
831 67 565
842 67 428
853 67 613
864 67 782
875 67 245
886 67 566
897 67 665
908 67 89
919 67 793
930 67 131
941 67 113
952 67 843
963 67 785
974 67 166
985 67 938
996 67 158
1007 67 506
1018 67 143
1029 67 195
1040 67 639
1051 67 274
1062 67 449
1073 67 565
1084 67 882
1095 67 89
1106 67 43
1117 67 140
1128 67 313
1139 67 208
1150 67 634
1161 67 128
1172 67 265
1183 67 624
1194 67 19
1205 67 968
1216 67 986
1227 67 433
1238 67 490
1249 67 910
1260 67 461
1271 67 83
1282 67 785
1293 67 961
1304 67 578
1315 67 28
1326 67 162
1337 67 823
1348 67 998
1359 67 218
1370 67 212
1381 67 926
1392 67 428
1403 67 673
1414 67 125
1425 67 137
1436 67 990
1447 67 602
1458 67 782
1469 67 618
1480 67 949
1491 67 725
1502 67 907
1513 67 126
1524 67 305
1535 67 637
1546 67 81
1557 67 661
1568 67 500
1579 67 4
1590 67 540
1601 67 460
1612 67 696
1623 67 737
1634 67 414
1645 67 353
1656 67 509
1667 67 316
1678 67 905
1689 67 749
1700 67 588
1711 67 745
1722 67 32
1733 67 984
1744 67 8
1755 67 214
1766 67 223
1777 67 925
1788 67 637
1799 67 68
1810 67 87
1821 67 759
1832 67 259
1843 67 143
1854 67 582
1865 67 415
1876 67 657
1887 67 757
1898 67 831
1909 67 267
1920 67 355
1931 67 110
1942 67 748
1953 67 835
1964 67 517
1975 67 787
1986 67 348
1997 67 316
2008 67 524
2019 67 539
2030 67 644
2041 67 802
2052 67 671
2063 67 727
2074 67 893
2085 67 770
2096 67 678
2107 67 651
2118 67 630
2129 67 517
2140 67 925
2151 67 409
2162 67 147
2173 67 654
2184 67 941
2195 67 365
2206 67 827
2217 67 90
2228 67 357
2239 67 862
2250 67 880
2261 67 283
2272 67 39
2283 67 833
2294 67 797
2305 67 917
2316 67 787
2327 67 540
2338 67 981
2349 67 246
2360 67 817
2371 67 278
2382 67 54
2393 67 367
2404 67 480
2415 67 595
2426 67 832
2437 67 941
2448 67 986
2459 67 447
2470 67 116
2481 67 472
2492 67 144
2503 67 838
2514 67 825
2525 67 943
2536 67 959
2547 67 833
2558 67 752
2569 67 853
2580 67 341
2591 67 2
2602 67 220
2613 67 187
2624 67 85
2635 67 553
2646 67 634
2657 67 688
2668 67 904
2679 67 157
2690 67 451
2701 67 492
2712 67 201
2723 67 575
2734 67 404
2745 67 139
2756 67 848
2767 67 797
2778 67 149
2789 67 668
2800 67 166
2811 67 968
2822 67 574
2833 67 410
2844 67 264
2855 67 384
2866 67 295
2877 67 874
2888 67 462
2899 67 342
2910 67 999
2921 67 13
2932 67 138
2943 67 438
2954 67 52
2965 67 750
2976 67 323
2987 67 992
2998 67 827
8 68 486
19 68 495
30 68 949
41 68 186
52 68 852
63 68 790
74 68 630
85 68 133
96 68 40
107 68 585
118 68 128
129 68 718
140 68 206
151 68 650
162 68 567
173 68 278
184 68 692
195 68 140
206 68 250
217 68 16
228 68 407
239 68 587
250 68 480
261 68 384
272 68 371
283 68 68
294 68 188
305 68 188
316 68 93
327 68 520
338 68 420
349 68 320
360 68 298
371 68 532
382 68 615
393 68 932
404 68 595
415 68 798
426 68 85
437 68 187
448 68 117
459 68 292
470 68 376
481 68 975
492 68 177
503 68 518
514 68 919
525 68 862
536 68 599
547 68 979
558 68 942
569 68 561
580 68 826
591 68 603
602 68 932
613 68 330
624 68 904
635 68 834
646 68 519
657 68 740
668 68 755
679 68 346
690 68 106
701 68 415
712 68 57
723 68 775
734 68 857
745 68 692
756 68 851
767 68 513
778 68 448
789 68 646
800 68 892
811 68 526
822 68 977
833 68 777
844 68 19
855 68 441
866 68 378
877 68 336
888 68 398
899 68 21
910 68 157
921 68 705
932 68 393
943 68 708
954 68 394
965 68 899
976 68 793
987 68 258
998 68 228
1009 68 554
1020 68 635
1031 68 618
1042 68 49
1053 68 205
1064 68 561
1075 68 526
1086 68 973
1097 68 36
1108 68 621
1119 68 684
1130 68 813
1141 68 826
1152 68 605
1163 68 608
1174 68 674
1185 68 66
1196 68 812
1207 68 496
1218 68 382
1229 68 616
1240 68 485
1251 68 356
1262 68 71
1273 68 137
1284 68 305
1295 68 164
1306 68 886
1317 68 830
1328 68 900
1339 68 317
1350 68 369
1361 68 544
1372 68 194
1383 68 721
1394 68 978
1405 68 433
1416 68 979
1427 68 336
1438 68 492
1449 68 320
1460 68 59
1471 68 520
1482 68 270
1493 68 315
1504 68 378
1515 68 862
1526 68 508
1537 68 401
1548 68 278
1559 68 147
1570 68 35
1581 68 96
1592 68 151
1603 68 911
1614 68 58
1625 68 500
1636 68 780
1647 68 566
1658 68 498
1669 68 664
1680 68 193
1691 68 224
1702 68 963
1713 68 323
1724 68 975
1735 68 208
1746 68 541
1757 68 730
1768 68 399
1779 68 959
1790 68 336
1801 68 135
1812 68 321
1823 68 539
1834 68 978
1845 68 429
1856 68 547
1867 68 448
1878 68 161
1889 68 778
1900 68 886
1911 68 534
1922 68 492
1933 68 226
1944 68 599
1955 68 467
1966 68 762
1977 68 759
1988 68 703
1999 68 348
2010 68 73
2021 68 344
2032 68 444
2043 68 639
2054 68 885
2065 68 976
2076 68 406
2087 68 764
2098 68 670
2109 68 939
2120 68 327
2131 68 808
2142 68 829
2153 68 225
2164 68 67
2175 68 667
2186 68 398
2197 68 304
2208 68 43
2219 68 768
2230 68 476
2241 68 114
2252 68 478
2263 68 239
2274 68 238
2285 68 461
2296 68 10
2307 68 821
2318 68 41
2329 68 477
2340 68 120
2351 68 31
2362 68 29
2373 68 278
2384 68 483
2395 68 238
2406 68 8
2417 68 566
2428 68 575
2439 68 169
2450 68 676
2461 68 403
2472 68 882
2483 68 352
2494 68 226
2505 68 484
2516 68 730
2527 68 986
2538 68 589
2549 68 425
2560 68 960
2571 68 375
2582 68 820
2593 68 740
2604 68 297
2615 68 595
2626 68 418
2637 68 296
2648 68 490
2659 68 275
2670 68 811
2681 68 231
2692 68 323
2703 68 394
2714 68 897
2725 68 759
2736 68 613
2747 68 449
2758 68 361
2769 68 546
2780 68 388
2791 68 912
2802 68 442
2813 68 853
2824 68 313
2835 68 681
2846 68 802
2857 68 958
2868 68 822
2879 68 78
2890 68 192
2901 68 581
2912 68 939
2923 68 76
2934 68 437
2945 68 227
2956 68 228
2967 68 665
2978 68 44
2989 68 932
10 69 406
21 69 980
32 69 616
43 69 952
54 69 608
65 69 761
76 69 748
87 69 406
98 69 554
109 69 610
120 69 874
131 69 389
142 69 516
153 69 865
164 69 211
175 69 580
186 69 462
197 69 981
208 69 450
219 69 343
230 69 459
241 69 91
252 69 909
263 69 848
274 69 904
285 69 829
296 69 43
307 69 372
318 69 942
329 69 544
340 69 923
351 69 89
362 69 535
373 69 699
384 69 83
395 69 388
406 69 678
417 69 255
428 69 734
439 69 738
450 69 680
461 69 59
472 69 889
483 69 902
494 69 26
505 69 122
516 69 66
527 69 133
538 69 764
549 69 301
560 69 262
571 69 447
582 69 374
593 69 333
604 69 294
615 69 837
626 69 162
637 69 430
648 69 455
659 69 116
670 69 881
681 69 47
692 69 262
703 69 235
714 69 445
725 69 817
736 69 620
747 69 892
758 69 49
769 69 291
780 69 948
791 69 520
802 69 25
813 69 887
824 69 610
835 69 373
846 69 333
857 69 61
868 69 463
879 69 992
890 69 466
901 69 215
912 69 788
923 69 201
934 69 619
945 69 380
956 69 194
967 69 948
978 69 12
989 69 981
1000 69 620
1011 69 878
1022 69 450
1033 69 139
1044 69 572
1055 69 556
1066 69 959
1077 69 324
1088 69 378
1099 69 199
1110 69 182
1121 69 33
1132 69 416
1143 69 239
1154 69 23
1165 69 825
1176 69 137
1187 69 614
1198 69 852
1209 69 425
1220 69 993
1231 69 656
1242 69 449
1253 69 235
1264 69 474
1275 69 194
1286 69 953
1297 69 216
1308 69 912
1319 69 314
1330 69 42
1341 69 916
1352 69 632
1363 69 571
1374 69 192
1385 69 894
1396 69 327
1407 69 777
1418 69 744
1429 69 636
1440 69 592
1451 69 119
1462 69 565
1473 69 986
1484 69 650
1495 69 457
1506 69 778
1517 69 912
1528 69 501
1539 69 995
1550 69 363
1561 69 779
1572 69 378
1583 69 205
1594 69 791
1605 69 926
1616 69 589
1627 69 903
1638 69 126
1649 69 614
1660 69 730
1671 69 341
1682 69 689
1693 69 179
1704 69 181
1715 69 588
1726 69 748
1737 69 331
1748 69 67
1759 69 648
1770 69 134
1781 69 964
1792 69 68
1803 69 593
1814 69 761
1825 69 977
1836 69 497
1847 69 228
1858 69 350
1869 69 245
1880 69 769
1891 69 522
1902 69 992
1913 69 426
1924 69 207
1935 69 899
1946 69 934
1957 69 454
1968 69 457
1979 69 182
1990 69 316
2001 69 453
2012 69 98
2023 69 122
2034 69 34
2045 69 166
2056 69 285
2067 69 89
2078 69 480
2089 69 331
2100 69 119
2111 69 81
2122 69 405
2133 69 587
2144 69 780
2155 69 860
2166 69 989
2177 69 13
2188 69 290
2199 69 435
2210 69 377
2221 69 281
2232 69 128
2243 69 205
2254 69 98
2265 69 235
2276 69 867
2287 69 106
2298 69 593
2309 69 764
2320 69 375
2331 69 99
2342 69 395
2353 69 236
2364 69 759
2375 69 968
2386 69 891
2397 69 453
2408 69 894
2419 69 634
2430 69 547
2441 69 196
2452 69 82
2463 69 562
2474 69 469
2485 69 547
2496 69 791
2507 69 747
2518 69 694
2529 69 109
2540 69 451
2551 69 450
2562 69 868
2573 69 59
2584 69 675
2595 69 92
2606 69 870
2617 69 447
2628 69 322
2639 69 616
2650 69 125
2661 69 564
2672 69 836
2683 69 296
2694 69 487
2705 69 543
2716 69 569
2727 69 122
2738 69 926
2749 69 728
2760 69 678
2771 69 257
2782 69 841
2793 69 255
2804 69 768
2815 69 391
2826 69 72
2837 69 343
2848 69 291
2859 69 848
2870 69 717
2881 69 493
2892 69 598
2903 69 155
2914 69 341
2925 69 867
2936 69 552
2947 69 987
2958 69 494
2969 69 956
2980 69 262
2991 69 960
1 70 682
12 70 965
23 70 450
34 70 227
45 70 403
56 70 298
67 70 329
78 70 760
89 70 663
100 70 238
111 70 312
122 70 606
133 70 746
144 70 745
155 70 644
166 70 360
177 70 237
188 70 452
199 70 23
210 70 773
221 70 122
232 70 830
243 70 505
254 70 962
265 70 861
276 70 228
287 70 771
298 70 625
309 70 923
320 70 166
331 70 905
342 70 538
353 70 115
364 70 883
375 70 137
386 70 203
397 70 116
408 70 477
419 70 715
430 70 487
441 70 980
452 70 170
463 70 517
474 70 18
485 70 752
496 70 983
507 70 90
518 70 973
529 70 371
540 70 771
551 70 171
562 70 433
573 70 419
584 70 143
595 70 214
606 70 812
617 70 343
628 70 616
639 70 575
650 70 710
661 70 951
672 70 730
683 70 382
694 70 188
705 70 960
716 70 614
727 70 601
738 70 567
749 70 790
760 70 587
771 70 952
782 70 676
793 70 863
804 70 590
815 70 880
826 70 787
837 70 222
848 70 966
859 70 910
870 70 64
881 70 578
892 70 404
903 70 997
914 70 762
925 70 144
936 70 252
947 70 43
958 70 69
969 70 693
980 70 119
991 70 466
1002 70 300
1013 70 739
1024 70 579
1035 70 962
1046 70 270
1057 70 891
1068 70 746
1079 70 740
1090 70 140
1101 70 918
1112 70 498
1123 70 411
1134 70 661
1145 70 994
1156 70 944
1167 70 946
1178 70 584
1189 70 421
1200 70 386
1211 70 402
1222 70 86
1233 70 251
1244 70 722
1255 70 85
1266 70 760
1277 70 408
1288 70 804
1299 70 693
1310 70 81
1321 70 589
1332 70 855
1343 70 892
1354 70 788
1365 70 531
1376 70 476
1387 70 21
1398 70 283
1409 70 60
1420 70 811
1431 70 555
1442 70 843
1453 70 88
1464 70 221
1475 70 864
1486 70 868
1497 70 750
1508 70 106
1519 70 295
1530 70 158
1541 70 690
1552 70 491
1563 70 83
1574 70 231
1585 70 300
1596 70 163
1607 70 150
1618 70 103
1629 70 528
1640 70 280
1651 70 60
1662 70 478
1673 70 392
1684 70 120
1695 70 372
1706 70 311
1717 70 460
1728 70 302
1739 70 447
1750 70 380
1761 70 493
1772 70 31
1783 70 569
1794 70 21
1805 70 374
1816 70 547
1827 70 656
1838 70 649
1849 70 248
1860 70 583
1871 70 3
1882 70 50
1893 70 506
1904 70 370
1915 70 411
1926 70 1000
1937 70 491
1948 70 541
1959 70 327
1970 70 444
1981 70 383
1992 70 561
2003 70 385
2014 70 520
2025 70 168
2036 70 983
2047 70 522
2058 70 459
2069 70 949
2080 70 615
2091 70 478
2102 70 292
2113 70 466
2124 70 618
2135 70 83
2146 70 505
2157 70 581
2168 70 22
2179 70 365
2190 70 6
2201 70 430
2212 70 380
2223 70 816
2234 70 510
2245 70 642
2256 70 784
2267 70 876
2278 70 157
2289 70 965
2300 70 536
2311 70 619
2322 70 894
2333 70 335
2344 70 974
2355 70 200
2366 70 58
2377 70 673
2388 70 843
2399 70 688
2410 70 267
2421 70 406
2432 70 277
2443 70 900
2454 70 1000
2465 70 743
2476 70 452
2487 70 308
2498 70 546
2509 70 736
2520 70 112
2531 70 132
2542 70 681
2553 70 716
2564 70 274
2575 70 539
2586 70 884
2597 70 288
2608 70 719
2619 70 301
2630 70 267
2641 70 436
2652 70 338
2663 70 168
2674 70 822
2685 70 478
2696 70 397
2707 70 981
2718 70 195
2729 70 972
2740 70 109
2751 70 846
2762 70 391
2773 70 732
2784 70 755
2795 70 804
2806 70 160
2817 70 511
2828 70 965
2839 70 18
2850 70 39
2861 70 127
2872 70 683
2883 70 46
2894 70 521
2905 70 196
2916 70 312
2927 70 107
2938 70 287
2949 70 221
2960 70 267
2971 70 831
2982 70 1
2993 70 979
3 71 653
14 71 85
25 71 603
36 71 232
47 71 811
58 71 853
69 71 591
80 71 189
91 71 146
102 71 340
113 71 354
124 71 642
135 71 156
146 71 610
157 71 90
168 71 511
179 71 582
190 71 609
201 71 426
212 71 913
223 71 262
234 71 255
245 71 139
256 71 487
267 71 670
278 71 464
289 71 924
300 71 999
311 71 726
322 71 400
333 71 254
344 71 229
355 71 146
366 71 228
377 71 479
388 71 663
399 71 431
410 71 170
421 71 435
432 71 228
443 71 59
454 71 443
465 71 886
476 71 740
487 71 459
498 71 786
509 71 629
520 71 357
531 71 201
542 71 202
553 71 672
564 71 672
575 71 812
586 71 731
597 71 989
608 71 527
619 71 396
630 71 206
641 71 864
652 71 281
663 71 38
674 71 289
685 71 53
696 71 456
707 71 812
718 71 277
729 71 844
740 71 818
751 71 882
762 71 112
773 71 541
784 71 86
795 71 449
806 71 876
817 71 85
828 71 399
839 71 516
850 71 583
861 71 747
872 71 16
883 71 373
894 71 231
905 71 106
916 71 463
927 71 433
938 71 701
949 71 167
960 71 698
971 71 480
982 71 431
993 71 949
1004 71 772
1015 71 705
1026 71 534
1037 71 644
1048 71 906
1059 71 281
1070 71 893
1081 71 930
1092 71 250
1103 71 5
1114 71 789
1125 71 515
1136 71 421
1147 71 839
1158 71 897
1169 71 372
1180 71 83
1191 71 875
1202 71 311
1213 71 714
1224 71 959
1235 71 775
1246 71 602
1257 71 893
1268 71 87
1279 71 646
1290 71 642
1301 71 239
1312 71 698
1323 71 144
1334 71 958
1345 71 268
1356 71 485
1367 71 175
1378 71 522
1389 71 352
1400 71 266
1411 71 824
1422 71 918
1433 71 206
1444 71 369
1455 71 223
1466 71 330
1477 71 791
1488 71 499
1499 71 19
1510 71 565
1521 71 432
1532 71 502
1543 71 59
1554 71 989
1565 71 748
1576 71 101
1587 71 27
1598 71 746
1609 71 93
1620 71 987
1631 71 859
1642 71 455
1653 71 589
1664 71 897
1675 71 365
1686 71 942
1697 71 498
1708 71 977
1719 71 161
1730 71 518
1741 71 985
1752 71 329
1763 71 752
1774 71 914
1785 71 441
1796 71 425
1807 71 740
1818 71 969
1829 71 927
1840 71 877
1851 71 476
1862 71 891
1873 71 655
1884 71 829
1895 71 639
1906 71 578
1917 71 505
1928 71 174
1939 71 387
1950 71 125
1961 71 215
1972 71 119
1983 71 254
1994 71 927
2005 71 462
2016 71 645
2027 71 634
2038 71 405
2049 71 375
2060 71 409
2071 71 749
2082 71 339
2093 71 358
2104 71 766
2115 71 533
2126 71 399
2137 71 227
2148 71 595
2159 71 757
2170 71 545
2181 71 386
2192 71 518
2203 71 582
2214 71 144
2225 71 372
2236 71 110
2247 71 389
2258 71 653
2269 71 342
2280 71 882
2291 71 207
2302 71 612
2313 71 874
2324 71 951
2335 71 135
2346 71 970
2357 71 6
2368 71 847
2379 71 984
2390 71 106
2401 71 349
2412 71 4
2423 71 460
2434 71 452
2445 71 341
2456 71 126
2467 71 617
2478 71 422
2489 71 652
2500 71 148
2511 71 957
2522 71 180
2533 71 60
2544 71 408
2555 71 262
2566 71 836
2577 71 768
2588 71 137
2599 71 246
2610 71 174
2621 71 273
2632 71 473
2643 71 182
2654 71 175
2665 71 140
2676 71 245
2687 71 266
2698 71 952
2709 71 821
2720 71 422
2731 71 952
2742 71 964
2753 71 306
2764 71 814
2775 71 244
2786 71 768
2797 71 304
2808 71 988
2819 71 809
2830 71 558
2841 71 711
2852 71 252
2863 71 604
2874 71 608
2885 71 393
2896 71 758
2907 71 929
2918 71 910
2929 71 271
2940 71 609
2951 71 641
2962 71 455
2973 71 88
2984 71 893
2995 71 387
5 72 94
16 72 375
27 72 344
38 72 520
49 72 717
60 72 791
71 72 379
82 72 215
93 72 965
104 72 147
115 72 276
126 72 551
137 72 40
148 72 939
159 72 116
170 72 463
181 72 224
192 72 387
203 72 262
214 72 60
225 72 107
236 72 604
247 72 495
258 72 795
269 72 371
280 72 12
291 72 645
302 72 696
313 72 492
324 72 113
335 72 714
346 72 873
357 72 868
368 72 779
379 72 479
390 72 857
401 72 499
412 72 926
423 72 763
434 72 324
445 72 275
456 72 608
467 72 751
478 72 975
489 72 789
500 72 347
511 72 629
522 72 688
533 72 44
544 72 166
555 72 678
566 72 502
577 72 63
588 72 308
599 72 334
610 72 949
621 72 180
632 72 359
643 72 863
654 72 685
665 72 986
676 72 682
687 72 611
698 72 769
709 72 932
720 72 989
731 72 678
742 72 837
753 72 38
764 72 352
775 72 510
786 72 44
797 72 639
808 72 509
819 72 750
830 72 748
841 72 13
852 72 903
863 72 378
874 72 594
885 72 269
896 72 731
907 72 304
918 72 89
929 72 468
940 72 203
951 72 693
962 72 765
973 72 412
984 72 92
995 72 256
1006 72 974
1017 72 459
1028 72 933
1039 72 933
1050 72 905
1061 72 336
1072 72 108
1083 72 783
1094 72 89
1105 72 771
1116 72 802
1127 72 309
1138 72 365
1149 72 504
1160 72 763
1171 72 262
1182 72 59
1193 72 315
1204 72 668
1215 72 138
1226 72 516
1237 72 252
1248 72 922
1259 72 378
1270 72 798
1281 72 886
1292 72 256
1303 72 689
1314 72 700
1325 72 922
1336 72 606
1347 72 652
1358 72 759
1369 72 207
1380 72 434
1391 72 146
1402 72 656
1413 72 352
1424 72 775
1435 72 399
1446 72 662
1457 72 694
1468 72 519
1479 72 753
1490 72 164
1501 72 595
1512 72 517
1523 72 324
1534 72 734
1545 72 290
1556 72 786
1567 72 376
1578 72 411
1589 72 805
1600 72 634
1611 72 220
1622 72 231
1633 72 213
1644 72 462
1655 72 54
1666 72 765
1677 72 556
1688 72 601
1699 72 804
1710 72 141
1721 72 480
1732 72 283
1743 72 812
1754 72 558
1765 72 561
1776 72 134
1787 72 240
1798 72 163
1809 72 399
1820 72 231
1831 72 411
1842 72 583
1853 72 126
1864 72 222
1875 72 350
1886 72 597
1897 72 346
1908 72 681
1919 72 273
1930 72 280
1941 72 623
1952 72 406
1963 72 961
1974 72 154
1985 72 458
1996 72 566
2007 72 642
2018 72 99
2029 72 659
2040 72 3
2051 72 307
2062 72 245
2073 72 845
2084 72 618
2095 72 310
2106 72 460
2117 72 324
2128 72 87
2139 72 726
2150 72 864
2161 72 31
2172 72 23
2183 72 998
2194 72 779
2205 72 372
2216 72 42
2227 72 835
2238 72 97
2249 72 377
2260 72 588
2271 72 779
2282 72 341
2293 72 83
2304 72 207
2315 72 12
2326 72 796
2337 72 34
2348 72 765
2359 72 399
2370 72 64
2381 72 408
2392 72 532
2403 72 652
2414 72 9
2425 72 176
2436 72 399
2447 72 681
2458 72 31
2469 72 65
2480 72 653
2491 72 989
2502 72 414
2513 72 448
2524 72 428
2535 72 497
2546 72 203
2557 72 948
2568 72 543
2579 72 385
2590 72 815
2601 72 723
2612 72 800
2623 72 644
2634 72 59
2645 72 267
2656 72 77
2667 72 764
2678 72 771
2689 72 770
2700 72 470
2711 72 336
2722 72 607
2733 72 898
2744 72 621
2755 72 880
2766 72 577
2777 72 637
2788 72 375
2799 72 551
2810 72 808
2821 72 702
2832 72 46
2843 72 472
2854 72 575
2865 72 584
2876 72 803
2887 72 378
2898 72 457
2909 72 145
2920 72 782
2931 72 428
2942 72 587
2953 72 548
2964 72 811
2975 72 715
2986 72 18
2997 72 364
7 73 553
18 73 296
29 73 932
40 73 816
51 73 251
62 73 969
73 73 387
84 73 917
95 73 146
106 73 653
117 73 820
128 73 216
139 73 928
150 73 701
161 73 14
172 73 498
183 73 974
194 73 465
205 73 847
216 73 797
227 73 623
238 73 78
249 73 720
260 73 448
271 73 572
282 73 119
293 73 902
304 73 97
315 73 848
326 73 976
337 73 983
348 73 993
359 73 463
370 73 743
381 73 149
392 73 571
403 73 367
414 73 47
425 73 46
436 73 378
447 73 888
458 73 59
469 73 830
480 73 73
491 73 617
502 73 251
513 73 270
524 73 916
535 73 54
546 73 512
557 73 305
568 73 900
579 73 131
590 73 933
601 73 328
612 73 320
623 73 771
634 73 780
645 73 375
656 73 360
667 73 195
678 73 878
689 73 468
700 73 75
711 73 308
722 73 664
733 73 204
744 73 60
755 73 667
766 73 468
777 73 461
788 73 797
799 73 958
810 73 418
821 73 348
832 73 915
843 73 848
854 73 564
865 73 258
876 73 485
887 73 842
898 73 80
909 73 241
920 73 245
931 73 448
942 73 145
953 73 254
964 73 483
975 73 885
986 73 196
997 73 963
1008 73 538
1019 73 925
1030 73 825
1041 73 884
1052 73 128
1063 73 705
1074 73 366
1085 73 937
1096 73 119
1107 73 44
1118 73 174
1129 73 565
1140 73 325
1151 73 996
1162 73 140
1173 73 804
1184 73 934
1195 73 511
1206 73 110
1217 73 97
1228 73 179
1239 73 674
1250 73 803
1261 73 18
1272 73 300
1283 73 505
1294 73 857
1305 73 368
1316 73 447
1327 73 61
1338 73 542
1349 73 572
1360 73 428
1371 73 143
1382 73 798
1393 73 855
1404 73 723
1415 73 966
1426 73 649
1437 73 938
1448 73 702
1459 73 269
1470 73 498
1481 73 421
1492 73 500
1503 73 424
1514 73 667
1525 73 662
1536 73 950
1547 73 222
1558 73 506
1569 73 789
1580 73 745
1591 73 124
1602 73 508
1613 73 156
1624 73 7
1635 73 402
1646 73 449
1657 73 957
1668 73 542
1679 73 317
1690 73 461
1701 73 901
1712 73 427
1723 73 822
1734 73 165
1745 73 538
1756 73 876
1767 73 22
1778 73 791
1789 73 758
1800 73 427
1811 73 203
1822 73 297
1833 73 277
1844 73 858
1855 73 475
1866 73 989
1877 73 259
1888 73 962
1899 73 83
1910 73 655
1921 73 205
1932 73 578
1943 73 115
1954 73 186
1965 73 483
1976 73 869
1987 73 298
1998 73 5
2009 73 60
2020 73 729
2031 73 236
2042 73 626
2053 73 447
2064 73 746
2075 73 305
2086 73 149
2097 73 502
2108 73 979
2119 73 387
2130 73 603
2141 73 750
2152 73 920
2163 73 865
2174 73 176
2185 73 189
2196 73 793
2207 73 505
2218 73 506
2229 73 486
2240 73 337
2251 73 664
2262 73 238
2273 73 911
2284 73 837
2295 73 280
2306 73 931
2317 73 492
2328 73 843
2339 73 501
2350 73 882
2361 73 471
2372 73 138
2383 73 730
2394 73 579
2405 73 774
2416 73 642
2427 73 365
2438 73 71
2449 73 554
2460 73 982
2471 73 98
2482 73 804
2493 73 455
2504 73 102
2515 73 416
2526 73 938
2537 73 325
2548 73 887
2559 73 808
2570 73 18
2581 73 751
2592 73 255
2603 73 969
2614 73 676
2625 73 943
2636 73 825
2647 73 554
2658 73 217
2669 73 616
2680 73 446
2691 73 168
2702 73 764
2713 73 162
2724 73 506
2735 73 305
2746 73 881
2757 73 246
2768 73 711
2779 73 404
2790 73 853
2801 73 694
2812 73 876
2823 73 877
2834 73 928
2845 73 162
2856 73 198
2867 73 102
2878 73 58
2889 73 536
2900 73 179
2911 73 700
2922 73 543
2933 73 193
2944 73 528
2955 73 674
2966 73 78
2977 73 589
2988 73 270
2999 73 599
9 74 859
20 74 389
31 74 297
42 74 593
53 74 76
64 74 655
75 74 763
86 74 940
97 74 830
108 74 224
119 74 259
130 74 996
141 74 198
152 74 958
163 74 211
174 74 786
185 74 278
196 74 476
207 74 857
218 74 357
229 74 831
240 74 679
251 74 435
262 74 155
273 74 632
284 74 66
295 74 534
306 74 731
317 74 421
328 74 782
339 74 542
350 74 541
361 74 156
372 74 398
383 74 91
394 74 62
405 74 673
416 74 176
427 74 123
438 74 640
449 74 287
460 74 344
471 74 914
482 74 289
493 74 469
504 74 870
515 74 727
526 74 640
537 74 12
548 74 850
559 74 437
570 74 727
581 74 899
592 74 850
603 74 963
614 74 55
625 74 374
636 74 239
647 74 302
658 74 865
669 74 353
680 74 197
691 74 295
702 74 45
713 74 153
724 74 386
735 74 925
746 74 332
757 74 216
768 74 133
779 74 296
790 74 920
801 74 842
812 74 619
823 74 995
834 74 895
845 74 691
856 74 453
867 74 205
878 74 690
889 74 523
900 74 832
911 74 468
922 74 776
933 74 24
944 74 799
955 74 530
966 74 954
977 74 430
988 74 683
999 74 747
1010 74 609
1021 74 420
1032 74 448
1043 74 97
1054 74 294
1065 74 216
1076 74 79
1087 74 496
1098 74 976
1109 74 588
1120 74 823
1131 74 840
1142 74 24
1153 74 847
1164 74 937
1175 74 156
1186 74 822
1197 74 605
1208 74 428
1219 74 759
1230 74 168
1241 74 702
1252 74 619
1263 74 558
1274 74 977
1285 74 959
1296 74 594
1307 74 506
1318 74 466
1329 74 622
1340 74 992
1351 74 241
1362 74 422
1373 74 767
1384 74 135
1395 74 511
1406 74 899
1417 74 157
1428 74 562
1439 74 975
1450 74 519
1461 74 414
1472 74 109
1483 74 197
1494 74 99
1505 74 846
1516 74 836
1527 74 358
1538 74 262
1549 74 905
1560 74 853
1571 74 648
1582 74 810
1593 74 1
1604 74 532
1615 74 154
1626 74 941
1637 74 386
1648 74 365
1659 74 670
1670 74 692
1681 74 26
1692 74 574
1703 74 598
1714 74 723
1725 74 376
1736 74 77
1747 74 745
1758 74 931
1769 74 835
1780 74 942
1791 74 999
1802 74 905
1813 74 902
1824 74 882
1835 74 351
1846 74 537
1857 74 522
1868 74 698
1879 74 444
1890 74 701
1901 74 429
1912 74 919
1923 74 779
1934 74 915
1945 74 353
1956 74 941
1967 74 596
1978 74 273
1989 74 537
2000 74 798
2011 74 271
2022 74 513
2033 74 633
2044 74 859
2055 74 848
2066 74 209
2077 74 33
2088 74 184
2099 74 680
2110 74 148
2121 74 713
2132 74 110
2143 74 767
2154 74 330
2165 74 200
2176 74 793
2187 74 650
2198 74 840
2209 74 230
2220 74 459
2231 74 922
2242 74 847
2253 74 417
2264 74 576
2275 74 840
2286 74 385
2297 74 212
2308 74 878
2319 74 859
2330 74 362
2341 74 686
2352 74 691
2363 74 224
2374 74 145
2385 74 709
2396 74 647
2407 74 632
2418 74 430
2429 74 136
2440 74 915
2451 74 849
2462 74 903
2473 74 176
2484 74 838
2495 74 680
2506 74 699
2517 74 665
2528 74 928
2539 74 167
2550 74 402
2561 74 683
2572 74 121
2583 74 911
2594 74 251
2605 74 858
2616 74 320
2627 74 224
2638 74 566
2649 74 63
2660 74 677
2671 74 886
2682 74 907
2693 74 535
2704 74 577
2715 74 79
2726 74 507
2737 74 149
2748 74 727
2759 74 968
2770 74 875
2781 74 968
2792 74 295
2803 74 496
2814 74 251
2825 74 795
2836 74 814
2847 74 522
2858 74 506
2869 74 335
2880 74 902
2891 74 487
2902 74 160
2913 74 253
2924 74 687
2935 74 798
2946 74 32
2957 74 819
2968 74 35
2979 74 875
2990 74 859
0 75 628
11 75 318
22 75 969
33 75 537
44 75 500
55 75 276
66 75 862
77 75 913
88 75 705
99 75 572
110 75 492
121 75 958
132 75 992
143 75 616
154 75 628
165 75 842
176 75 67
187 75 744
198 75 315
209 75 481
220 75 668
231 75 734
242 75 995
253 75 32
264 75 555
275 75 851
286 75 167
297 75 996
308 75 894
319 75 876
330 75 189
341 75 268
352 75 660
363 75 281
374 75 770
385 75 135
396 75 721
407 75 365
418 75 866
429 75 158
440 75 405
451 75 896
462 75 113
473 75 140
484 75 12
495 75 887
506 75 889
517 75 147
528 75 473
539 75 382
550 75 769
561 75 696
572 75 716
583 75 379
594 75 431
605 75 403
616 75 590
627 75 211
638 75 951
649 75 903
660 75 986
671 75 511
682 75 360
693 75 766
704 75 419
715 75 145
726 75 242
737 75 259
748 75 889
759 75 252
770 75 276
781 75 527
792 75 627
803 75 127
814 75 448
825 75 589
836 75 988
847 75 293
858 75 319
869 75 557
880 75 141
891 75 301
902 75 183
913 75 6
924 75 806
935 75 604
946 75 257
957 75 903
968 75 811
979 75 612
990 75 132
1001 75 316
1012 75 915
1023 75 203
1034 75 879
1045 75 682
1056 75 711
1067 75 121
1078 75 703
1089 75 805
1100 75 901
1111 75 224
1122 75 935
1133 75 540
1144 75 912
1155 75 937
1166 75 985
1177 75 816
1188 75 261
1199 75 145
1210 75 121
1221 75 665
1232 75 394
1243 75 413
1254 75 836
1265 75 44
1276 75 592
1287 75 187
1298 75 648
1309 75 694
1320 75 550
1331 75 93
1342 75 95
1353 75 760
1364 75 125
1375 75 519
1386 75 637
1397 75 393
1408 75 16
1419 75 611
1430 75 289
1441 75 83
1452 75 888
1463 75 255
1474 75 734
1485 75 612
1496 75 329
1507 75 502
1518 75 475
1529 75 759
1540 75 668
1551 75 369
1562 75 604
1573 75 177
1584 75 451
1595 75 716
1606 75 279
1617 75 545
1628 75 679
1639 75 871
1650 75 250
1661 75 328
1672 75 389
1683 75 522
1694 75 558
1705 75 47
1716 75 338
1727 75 396
1738 75 697
1749 75 494
1760 75 505
1771 75 739
1782 75 407
1793 75 540
1804 75 881
1815 75 442
1826 75 154
1837 75 841
1848 75 501
1859 75 570
1870 75 328
1881 75 133
1892 75 2
1903 75 51
1914 75 454
1925 75 567
1936 75 1
1947 75 380
1958 75 51
1969 75 794
1980 75 600
1991 75 76
2002 75 948
2013 75 837
2024 75 69
2035 75 374
2046 75 695
2057 75 608
2068 75 869
2079 75 10
2090 75 384
2101 75 48
2112 75 747
2123 75 689
2134 75 870
2145 75 921
2156 75 424
2167 75 881
2178 75 286
2189 75 953
2200 75 67
2211 75 849
2222 75 704
2233 75 99
2244 75 230
2255 75 258
2266 75 332
2277 75 806
2288 75 210
2299 75 390
2310 75 497
2321 75 747
2332 75 44
2343 75 413
2354 75 846
2365 75 589
2376 75 319
2387 75 478
2398 75 570
2409 75 289
2420 75 211
2431 75 880
2442 75 687
2453 75 224
2464 75 417
2475 75 200
2486 75 823
2497 75 276
2508 75 216
2519 75 765
2530 75 601
2541 75 845
2552 75 82
2563 75 42
2574 75 604
2585 75 24
2596 75 985
2607 75 741
2618 75 312
2629 75 486
2640 75 725
2651 75 532
2662 75 658
2673 75 52
2684 75 969
2695 75 512
2706 75 940
2717 75 72
2728 75 56
2739 75 89
2750 75 457
2761 75 382
2772 75 339
2783 75 265
2794 75 496
2805 75 128
2816 75 626
2827 75 630
2838 75 305
2849 75 169
2860 75 703
2871 75 527
2882 75 339
2893 75 318
2904 75 839
2915 75 767
2926 75 977
2937 75 493
2948 75 610
2959 75 229
2970 75 469
2981 75 630
2992 75 623
2 76 306
13 76 844
24 76 462
35 76 290
46 76 331
57 76 692
68 76 670
79 76 348
90 76 119
101 76 325
112 76 130
123 76 214
134 76 228
145 76 964
156 76 83
167 76 192
178 76 355
189 76 862
200 76 228
211 76 974
222 76 609
233 76 947
244 76 375
255 76 380
266 76 191
277 76 614
288 76 220
299 76 89
310 76 654
321 76 588
332 76 198
343 76 81
354 76 856
365 76 332
376 76 357
387 76 818
398 76 670
409 76 891
420 76 569
431 76 5
442 76 626
453 76 594
464 76 923
475 76 161
486 76 251
497 76 495
508 76 149
519 76 750
530 76 375
541 76 251
552 76 714
563 76 13
574 76 921
585 76 233
596 76 175
607 76 372
618 76 481
629 76 754
640 76 126
651 76 329
662 76 372
673 76 232
684 76 689
695 76 675
706 76 839
717 76 807
728 76 634
739 76 672
750 76 262
761 76 115
772 76 37
783 76 868
794 76 173
805 76 460
816 76 938
827 76 800
838 76 494
849 76 481
860 76 776
871 76 345
882 76 876
893 76 107
904 76 440
915 76 386
926 76 421
937 76 540
948 76 939
959 76 51
970 76 896
981 76 715
992 76 82
1003 76 905
1014 76 671
1025 76 124
1036 76 227
1047 76 306
1058 76 926
1069 76 808
1080 76 143
1091 76 695
1102 76 591
1113 76 66
1124 76 550
1135 76 849
1146 76 672
1157 76 909
1168 76 308
1179 76 807
1190 76 779
1201 76 704
1212 76 476
1223 76 3
1234 76 377
1245 76 122
1256 76 391
1267 76 170
1278 76 960
1289 76 766
1300 76 877
1311 76 504
1322 76 406
1333 76 343
1344 76 660
1355 76 394
1366 76 110
1377 76 399
1388 76 752
1399 76 985
1410 76 776
1421 76 676
1432 76 107
1443 76 898
1454 76 459
1465 76 828
1476 76 62
1487 76 506
1498 76 572
1509 76 9
1520 76 280
1531 76 545
1542 76 662
1553 76 476
1564 76 749
1575 76 887
1586 76 38
1597 76 93
1608 76 182
1619 76 537
1630 76 502
1641 76 658
1652 76 80
1663 76 214
1674 76 511
1685 76 905
1696 76 110
1707 76 310
1718 76 820
1729 76 557
1740 76 695
1751 76 684
1762 76 28
1773 76 915
1784 76 678
1795 76 285
1806 76 44
1817 76 474
1828 76 308
1839 76 97
1850 76 308
1861 76 122
1872 76 808
1883 76 103
1894 76 765
1905 76 213
1916 76 371
1927 76 490
1938 76 560
1949 76 341
1960 76 926
1971 76 21
1982 76 759
1993 76 773
2004 76 21
2015 76 506
2026 76 323
2037 76 7
2048 76 262
2059 76 757
2070 76 920
2081 76 754
2092 76 504
2103 76 166
2114 76 488
2125 76 439
2136 76 122
2147 76 117
2158 76 571
2169 76 855
2180 76 877
2191 76 115
2202 76 600
2213 76 767
2224 76 202
2235 76 286
2246 76 26
2257 76 364
2268 76 865
2279 76 143
2290 76 718
2301 76 97
2312 76 424
2323 76 618
2334 76 433
2345 76 972
2356 76 86
2367 76 925
2378 76 57
2389 76 962
2400 76 195
2411 76 837
2422 76 304
2433 76 205
2444 76 929
2455 76 597
2466 76 327
2477 76 584
2488 76 139
2499 76 793
2510 76 419
2521 76 491
2532 76 290
2543 76 466
2554 76 640
2565 76 195
2576 76 918
2587 76 222
2598 76 819
2609 76 26
2620 76 632
2631 76 803
2642 76 560
2653 76 36
2664 76 521
2675 76 791
2686 76 38
2697 76 374
2708 76 635
2719 76 235
2730 76 978
2741 76 888
2752 76 242
2763 76 679
2774 76 555
2785 76 497
2796 76 946
2807 76 424
2818 76 133
2829 76 773
2840 76 297
2851 76 848
2862 76 447
2873 76 16
2884 76 530
2895 76 885
2906 76 496
2917 76 530
2928 76 887
2939 76 335
2950 76 788
2961 76 278
2972 76 633
2983 76 658
2994 76 733
4 77 956
15 77 201
26 77 581
37 77 561
48 77 376
59 77 770
70 77 19
81 77 633
92 77 141
103 77 250
114 77 759
125 77 415
136 77 784
147 77 972
158 77 194
169 77 571
180 77 691
191 77 590
202 77 560
213 77 874
224 77 387
235 77 842
246 77 98
257 77 604
268 77 146
279 77 262
290 77 879
301 77 872
312 77 108
323 77 789
334 77 974
345 77 693
356 77 901
367 77 229
378 77 574
389 77 728
400 77 95
411 77 54
422 77 613
433 77 643
444 77 324
455 77 261
466 77 803
477 77 701
488 77 895
499 77 263
510 77 820
521 77 718
532 77 82
543 77 477
554 77 723
565 77 773
576 77 830
587 77 325
598 77 661
609 77 18
620 77 106
631 77 701
642 77 487
653 77 839
664 77 173
675 77 263
686 77 200
697 77 524
708 77 321
719 77 578
730 77 585
741 77 677
752 77 303
763 77 399
774 77 699
785 77 447
796 77 782
807 77 148
818 77 24
829 77 985
840 77 869
851 77 695
862 77 907
873 77 373
884 77 567
895 77 167
906 77 140
917 77 677
928 77 499
939 77 489
950 77 542
961 77 395
972 77 179
983 77 990
994 77 209
1005 77 208
1016 77 586
1027 77 545
1038 77 662
1049 77 8
1060 77 791
1071 77 288
1082 77 738
1093 77 458
1104 77 909
1115 77 562
1126 77 680
1137 77 979
1148 77 147
1159 77 268
1170 77 448
1181 77 49
1192 77 542
1203 77 633
1214 77 844
1225 77 657
1236 77 384
1247 77 529
1258 77 66
1269 77 134
1280 77 240
1291 77 657
1302 77 71
1313 77 729
1324 77 271
1335 77 864
1346 77 231
1357 77 133
1368 77 212
1379 77 548
1390 77 976
1401 77 201
1412 77 618
1423 77 127
1434 77 599
1445 77 167
1456 77 426
1467 77 707
1478 77 416
1489 77 261
1500 77 834
1511 77 166
1522 77 207
1533 77 983
1544 77 477
1555 77 646
1566 77 23
1577 77 392
1588 77 824
1599 77 257
1610 77 496
1621 77 516
1632 77 379
1643 77 958
1654 77 808
1665 77 580
1676 77 255
1687 77 310
1698 77 539
1709 77 189
1720 77 310
1731 77 245
1742 77 34
1753 77 705
1764 77 528
1775 77 518
1786 77 773
1797 77 951
1808 77 749
1819 77 206
1830 77 162
1841 77 470
1852 77 962
1863 77 799
1874 77 262
1885 77 372
1896 77 886
1907 77 893
1918 77 776
1929 77 229
1940 77 675
1951 77 754
1962 77 220
1973 77 453
1984 77 547
1995 77 735
2006 77 774
2017 77 722
2028 77 844
2039 77 164
2050 77 452
2061 77 453
2072 77 173
2083 77 810
2094 77 947
2105 77 109
2116 77 88
2127 77 416
2138 77 615
2149 77 742
2160 77 272
2171 77 763
2182 77 358
2193 77 714
2204 77 402
2215 77 376
2226 77 551
2237 77 120
2248 77 560
2259 77 2
2270 77 649
2281 77 157
2292 77 588
2303 77 759
2314 77 987
2325 77 778
2336 77 457
2347 77 877
2358 77 503
2369 77 288
2380 77 38
2391 77 846
2402 77 670
2413 77 147
2424 77 490
2435 77 570
2446 77 355
2457 77 429
2468 77 788
2479 77 641
2490 77 700
2501 77 148
2512 77 34
2523 77 691
2534 77 480
2545 77 174
2556 77 845
2567 77 676
2578 77 533
2589 77 604
2600 77 535
2611 77 905
2622 77 274
2633 77 810
2644 77 3
2655 77 876
2666 77 61
2677 77 926
2688 77 561
2699 77 736
2710 77 752
2721 77 681
2732 77 996
2743 77 690
2754 77 211
2765 77 707
2776 77 744
2787 77 769
2798 77 183
2809 77 346
2820 77 31
2831 77 705
2842 77 359
2853 77 279
2864 77 804
2875 77 501
2886 77 289
2897 77 68
2908 77 947
2919 77 289
2930 77 296
2941 77 840
2952 77 84
2963 77 955
2974 77 439
2985 77 69
2996 77 706
6 78 105
17 78 772
28 78 215
39 78 881
50 78 602
61 78 781
72 78 602
83 78 146
94 78 191
105 78 235
116 78 574
127 78 22
138 78 440
149 78 387
160 78 809
171 78 903
182 78 18
193 78 557
204 78 188
215 78 861
226 78 844
237 78 768
248 78 821
259 78 24
270 78 448
281 78 257
292 78 610
303 78 23
314 78 810
325 78 749
336 78 502
347 78 837
358 78 500
369 78 798
380 78 844
391 78 474
402 78 684
413 78 627
424 78 111
435 78 457
446 78 604
457 78 97
468 78 950
479 78 864
490 78 505
501 78 52
512 78 851
523 78 645
534 78 630
545 78 873
556 78 804
567 78 124
578 78 979
589 78 823
600 78 511
611 78 309
622 78 660
633 78 246
644 78 136
655 78 189
666 78 979
677 78 383
688 78 347
699 78 378
710 78 302
721 78 776
732 78 774
743 78 610
754 78 453
765 78 645
776 78 289
787 78 557
798 78 577
809 78 597
820 78 992
831 78 488
842 78 186
853 78 355
864 78 725
875 78 829
886 78 783
897 78 202
908 78 973
919 78 564
930 78 65
941 78 434
952 78 33
963 78 748
974 78 981
985 78 747
996 78 401
1007 78 264
1018 78 699
1029 78 664
1040 78 70
1051 78 59
1062 78 719
1073 78 451
1084 78 152
1095 78 957
1106 78 616
1117 78 815
1128 78 191
1139 78 18
1150 78 861
1161 78 40
1172 78 497
1183 78 141
1194 78 823
1205 78 58
1216 78 757
1227 78 160
1238 78 121
1249 78 494
1260 78 335
1271 78 450
1282 78 630
1293 78 284
1304 78 433
1315 78 244
1326 78 629
1337 78 361
1348 78 107
1359 78 909
1370 78 333
1381 78 589
1392 78 919
1403 78 784
1414 78 630
1425 78 965
1436 78 168
1447 78 942
1458 78 891
1469 78 104
1480 78 447
1491 78 858
1502 78 621
1513 78 505
1524 78 471
1535 78 926
1546 78 658
1557 78 897
1568 78 843
1579 78 973
1590 78 770
1601 78 936
1612 78 220
1623 78 905
1634 78 317
1645 78 25
1656 78 372
1667 78 932
1678 78 375
1689 78 158
1700 78 241
1711 78 709
1722 78 65
1733 78 697
1744 78 122
1755 78 736
1766 78 549
1777 78 196
1788 78 519
1799 78 261
1810 78 167
1821 78 963
1832 78 888
1843 78 284
1854 78 245
1865 78 72
1876 78 438
1887 78 529
1898 78 121
1909 78 165
1920 78 657
1931 78 486
1942 78 396
1953 78 521
1964 78 930
1975 78 58
1986 78 312
1997 78 407
2008 78 47
2019 78 896
2030 78 731
2041 78 958
2052 78 368
2063 78 655
2074 78 475
2085 78 900
2096 78 177
2107 78 927
2118 78 332
2129 78 238
2140 78 632
2151 78 739
2162 78 167
2173 78 408
2184 78 260
2195 78 473
2206 78 141
2217 78 144
2228 78 147
2239 78 931
2250 78 995
2261 78 75
2272 78 455
2283 78 926
2294 78 744
2305 78 275
2316 78 715
2327 78 685
2338 78 928
2349 78 281
2360 78 860
2371 78 765
2382 78 271
2393 78 772
2404 78 680
2415 78 229
2426 78 48
2437 78 955
2448 78 158
2459 78 151
2470 78 861
2481 78 445
2492 78 681
2503 78 252
2514 78 300
2525 78 67
2536 78 973
2547 78 719
2558 78 317
2569 78 423
2580 78 163
2591 78 182
2602 78 74
2613 78 518
2624 78 483
2635 78 616
2646 78 859
2657 78 789
2668 78 774
2679 78 436
2690 78 224
2701 78 985
2712 78 631
2723 78 473
2734 78 365
2745 78 466
2756 78 956
2767 78 476
2778 78 176
2789 78 453
2800 78 324
2811 78 688
2822 78 20
2833 78 128
2844 78 952
2855 78 70
2866 78 470
2877 78 531
2888 78 405
2899 78 518
2910 78 199
2921 78 989
2932 78 727
2943 78 342
2954 78 620
2965 78 681
2976 78 581
2987 78 845
2998 78 736
8 79 550
19 79 753
30 79 591
41 79 564
52 79 10
63 79 869
74 79 678
85 79 281
96 79 230
107 79 754
118 79 100
129 79 646
140 79 482
151 79 837
162 79 446
173 79 432
184 79 309
195 79 650
206 79 9
217 79 200
228 79 528
239 79 482
250 79 937
261 79 161
272 79 133
283 79 241
294 79 397
305 79 388
316 79 925
327 79 509
338 79 66
349 79 639
360 79 514
371 79 890
382 79 893
393 79 282
404 79 595
415 79 655
426 79 439
437 79 727
448 79 249
459 79 813
470 79 300
481 79 766
492 79 159
503 79 349
514 79 725
525 79 297
536 79 107
547 79 133
558 79 657
569 79 909
580 79 572
591 79 577
602 79 921
613 79 394
624 79 920
635 79 632
646 79 737
657 79 770
668 79 149
679 79 400
690 79 204
701 79 546
712 79 204
723 79 426
734 79 153
745 79 953
756 79 53
767 79 2
778 79 676
789 79 18
800 79 222
811 79 274
822 79 820
833 79 188
844 79 728
855 79 637
866 79 83
877 79 635
888 79 523
899 79 438
910 79 71
921 79 295
932 79 717
943 79 759
954 79 565
965 79 307
976 79 688
987 79 370
998 79 650
1009 79 599
1020 79 372
1031 79 819
1042 79 418
1053 79 287
1064 79 746
1075 79 947
1086 79 172
1097 79 929
1108 79 269
1119 79 43
1130 79 853
1141 79 792
1152 79 252
1163 79 497
1174 79 915
1185 79 506
1196 79 755
1207 79 255
1218 79 741
1229 79 773
1240 79 315
1251 79 491
1262 79 480
1273 79 73
1284 79 429
1295 79 910
1306 79 941
1317 79 278
1328 79 634
1339 79 356
1350 79 115
1361 79 65
1372 79 960
1383 79 914
1394 79 644
1405 79 414
1416 79 341
1427 79 692
1438 79 219
1449 79 964
1460 79 260
1471 79 884
1482 79 594
1493 79 697
1504 79 881
1515 79 424
1526 79 448
1537 79 983
1548 79 947
1559 79 515
1570 79 589
1581 79 400
1592 79 510
1603 79 280
1614 79 697
1625 79 392
1636 79 117
1647 79 726
1658 79 268
1669 79 52
1680 79 313
1691 79 196
1702 79 598
1713 79 618
1724 79 438
1735 79 874
1746 79 616
1757 79 800
1768 79 226
1779 79 591
1790 79 438
1801 79 468
1812 79 904
1823 79 456
1834 79 211
1845 79 792
1856 79 179
1867 79 553
1878 79 111
1889 79 951
1900 79 857
1911 79 657
1922 79 846
1933 79 966
1944 79 596
1955 79 680
1966 79 327
1977 79 364
1988 79 704
1999 79 515
2010 79 802
2021 79 349
2032 79 389
2043 79 829
2054 79 470
2065 79 911
2076 79 981
2087 79 594
2098 79 675
2109 79 196
2120 79 263
2131 79 166
2142 79 299
2153 79 561
2164 79 297
2175 79 267
2186 79 384
2197 79 320
2208 79 562
2219 79 17
2230 79 254
2241 79 994
2252 79 484
2263 79 335
2274 79 919
2285 79 497
2296 79 168
2307 79 231
2318 79 801
2329 79 911
2340 79 552
2351 79 742
2362 79 312
2373 79 259
2384 79 233
2395 79 744
2406 79 996
2417 79 340
2428 79 315
2439 79 973
2450 79 446
2461 79 307
2472 79 434
2483 79 303
2494 79 431
2505 79 714
2516 79 917
2527 79 774
2538 79 684
2549 79 309
2560 79 270
2571 79 194
2582 79 303
2593 79 608
2604 79 252
2615 79 264
2626 79 455
2637 79 618
2648 79 334
2659 79 712
2670 79 525
2681 79 317
2692 79 255
2703 79 835
2714 79 992
2725 79 318
2736 79 133
2747 79 498
2758 79 288
2769 79 357
2780 79 155
2791 79 185
2802 79 466
2813 79 778
2824 79 212
2835 79 253
2846 79 764
2857 79 76
2868 79 397
2879 79 219
2890 79 686
2901 79 702
2912 79 747
2923 79 340
2934 79 96
2945 79 583
2956 79 673
2967 79 464
2978 79 861
2989 79 314