3000 80 21817 15 2000
109 28 428 26 185 44 133 308 75 129 79 183 121 118 61 481 314 451 276 157 89 494 448 327 300 413 276 271 312 434 44 375 304 205 364 409 183 248 473 371 251 219 432 447 404 458 428 384 300 220 179 281 350 255 253 479 498 174 319 142 378 243 224 404 49 62 301 145 262 258 194 62 311 97 37 168 36 181 225 179 86 323 67 247 335 428 276 104 50 357 292 382 360 490 373 53 141 259 22 82 494 103 358 16 86 163 216 279 262 246 70 162 160 212 306 25 482 87 220 135 270 129 463 207 316 433 436 257 101 402 329 461 460 147 226 51 56 147 23 173 217 276 130 227 203 85 31 158 169 184 18 399 449 243 350 249 48 300 430 188 110 32 258 396 216 426 466 372 300 238 485 306 148 28 199 120 446 472 320 197 412 485 26 270 394 53 78 221 178 231 350 27 228 105 380 347 293 158 331 246 59 313 266 219 204 493 92 460 487 375 179 443 34 235 352 231 226 457 286 426 163 95 140 72 139 450 96 186 251 94 168 221 394 273 91 378 477 281 300 374 492 76 203 84 261 241 183 393 154 147 245 156 379 465 233 478 205 29 249 335 460 194 335 266 422 336 309 492 415 115 418 207 77 142 303 21 130 428 477 186 476 167 359 166 114 472 212 397 130 286 272 96 199 266 308 463 298 26 314 52 93 219 473 385 279 366 172 52 165 253 420 147 45 322 395 347 312 130 117 473 96 142 216 231 191 456 46 435 416 30 229 163 438 387 442 221 386 500 405 443 481 393 52 331 324 44 15 111 303 154 218 150 387 46 153 47 401 110 123 381 349 458 320 87 65 475 282 32 253 247 152 321 49 18 465 33 244 232 477 223 388 128 32 435 91 487 392 424 127 375 262 16 371 457 208 457 151 141 267 215 57 489 311 238 121 362 369 97 10 339 296 140 246 237 498 367 470 463 68 273 461 266 131 285 134 309 499 190 368 449 48 370 435 278 267 414 423 292 356 457 324 367 316 180 237 32 278 429 179 355 382 357 133 180 396 387 208 331 239 269 74 162 292 296 220 121 102 348 483 38 302 189 352 417 474 172 101 448 15 268 83 55 87 215 160 383 97 197 190 328 408 85 214 290 400 409 280 160 495 252 424 200 333 302 194 314 241 425 317 46 407 311 263 270 73 357 298 127 153 270 459 423 406 329 471 304 186 105 441 118 398 287 246 241 100 233 122 422 364 161 79 494 445 380 48 340 141 453 277 357 20 434 486 133 417 305 412 470 286 284 313 246 212 223 234 44 375 455 291 445 457 35 108 26 492 490 496 193 190 243 160 326 209 29 318 246 362 323 85 194 49 88 149 202 68 82 259 160 193 376 289 380 122 451 393 481 318 260 289 383 80 435 120 118 461 187 161 130 355 381 461 96 379 140 339 66 191 44 318 47 369 323 154 147 94 246 123 409 356 371 252 33 194 65 32 71 44 153 296 412 298 69 463 350 244 325 418 339 165 126 490 386 166 428 98 500 58 263 206 86 273 118 341 333 373 234 91 230 115 340 443 28 313 331 213 261 495 448 250 451 87 453 179 466 487 89 143 32 404 326 213 229 274 106 192 405 430 327 367 479 445 473 358 330 197 210 239 443 422 493 322 402 376 85 419 172 297 120 401 489 87 447 423 200 181 474 465 434 430 19 480 366 39 41 21 87 387 149 251 94 363 282 347 456 116 254 462 192 220 10 311 87 259 95 173 277 331 162 362 160 119 192 181 304 413 189 173 236 363 175 304 441 58 399 52 67 498 94 252 316 285 163 307 437 99 189 186 199 60 435 236 436 380 303 461 64 73 283 55 354 228 138 448 165 74 35 269 252 405 359 98 139 13 217 190 335 154 465 440 152 342 175 175 200 302 307 367 274 133 211 21 380 81 128 53 138 91 328 298 339 485 209 274 434 309 484 287 77 279 80 164 230 118 266 298 375 487 67 253 352 449 402 469 126 81 484 283 248 101 205 113 380 204 284 310 361 484 250 491 291 75 42 22 216 240 287 415 162 256 383 259 393 100 407 255 91 460 336 46 446 167 151 430 114 311 342 449 333 178 284 101 176 432 132 279 496 211 443 434 345 23 260 260 396 282 69 234 373 172 126 81 128 152 260 209 245 162 331 55 168 34 149 65 318 50 434 480 52 361 208 175 463 379 441 39 98 107 455 73 492 392 235 460 422 137 158 231 163 104 426 228 465 52 379 84 144 103 365 403 156 216 296 448 171 30 373 192 113 323 275 396 343 417 34 384 274 46 402 212 155 433 82 264 374 198 128 499 170 151 271 374 214 368 424 248 37 282 200 132 479 388 101 308 142 270 108 318 308 153 63 81 15 58 476 440 199 118 22 69 253 431 354 363 303 389 500 96 484 494 391 171 28 99 100 217 276 131 368 229 274 269 210 157 69 206 432 152 191 169 411 439 343 265 233 274 480 95 345 38 152 487 358 55 129 274 372 319 57 199 306 305 220 68 319 120 325 74 284 140 497 383 382 320 335 74 401 142 331 60 206 347 256 98 298 258 470 471 371 156 85 260 449 243 318 33 305 354 152 375 491 261 341 401 98 109 96 74 431 499 179 252 179 397 405 185 174 362 377 465 16 73 468 264 195 140 276 234 152 102 265 337 459 264 19 452 245 440 439 417 151 152 104 126 458 101 381 157 175 122 160 286 355 126 323 417 231 376 229 379 121 392 432 384 53 336 125 477 61 35 154 136 185 90 226 430 409 27 344 299 379 128 304 349 208 362 360 325 412 259 50 348 428 390 395 76 370 247 130 106 83 281 14 30 450 76 26 294 387 426 292 303 428 414 263 215 490 283 147 102 423 396 121 56 391 167 46 495 19 278 64 390 41 73 493 466 446 267 371 324 236 258 256 55 398 386 34 206 345 453 422 200 187 452 210 332 488 277 59 28 89 358 494 232 410 253 437 249 402 18 195 122 493 455 421 105 48 147 318 143 224 172 100 265 459 437 472 145 431 57 190 200 499 16 92 341 464 228 141 459 356 57 229 292 176 365 243 262 355 288 101 402 233 472 358 401 316 468 90 284 171 33 302 461 41 45 417 345 19 212 48 193 347 434 336 29 81 348 298 457 103 27 126 495 261 184 186 447 28 360 491 150 245 465 278 313 432 460 135 244 266 485 221 75 364 153 269 158 333 267 55 127 330 97 13 276 433 91 304 340 472 414 243 306 181 332 416 107 333 47 210 235 456 470 450 118 419 143 93 440 281 233 202 361 222 300 439 10 251 62 270 101 111 186 48 263 361 463 121 308 241 301 392 471 145 111 51 278 396 391 213 470 139 428 110 348 279 124 352 207 176 435 148 472 58 159 43 236 229 492 21 466 395 414 301 393 36 355 410 214 106 67 170 369 258 247 109 227 300 281 348 331 11 401 484 94 282 450 307 440 398 10 387 446 153 377 122 427 402 221 339 185 491 134 111 120 282 265 170 401 465 57 28 435 238 22 192 346 239 297 123 432 283 59 49 251 180 182 121 397 337 384 48 21 184 415 118 450 22 341 434 168 258 459 30 431 67 356 426 211 303 166 118 134 362 233 405 98 163 391 415 176 57 281 486 350 375 395 129 181 134 65 469 305 462 319 453 393 449 361 442 461 159 132 278 241 186 354 298 233 472 381 261 200 453 88 85 55 11 268 465 121 195 337 27 352 97 400 143 257 277 34 15 367 380 283 41 393 226 58 321 162 60 356 426 375 248 423 355 77 337 346 382 124 401 208 394 113 415 388 15 419 442 86 35 395 204 156 130 52 145 211 352 358 117 15 61 145 78 492 20 350 346 393 476 50 15 30 348 370 195 398 92 48 162 342 257 230 41 105 362 175 407 38 305 189 137 452 78 47 189 445 277 101 481 365 183 359 459 151 184 348 44 80 290 13 51 396 168 188 76 73 415 16 450 216 309 185 441 30 85 161 388 58 285 298 256 102 61 47 218 368 144 173 470 373 317 37 114 233 370 366 283 391 435 161 354 146 397 444 113 338 127 103 135 479 96 296 106 320 88 126 171 438 261 270 236 378 210 390 308 89 40 288 401 72 480 347 266 83 173 121 242 291 60 39 171 360 333 67 255 250 302 12 224 375 86 54 413 184 442 135 234 229 422 123 168 106 149 315 230 61 234 46 358 459 106 23 197 404 207 216 25 14 254 186 284 311 403 497 290 154 332 408 201 71 435 144 339 370 170 210 185 499 450 238 65 227 98 160 244 245 468 425 497 281 94 77 320 193 66 97 495 82 413 174 427 395 357 67 369 136 314 228 150 344 61 86 267 185 155 15 276 179 218 247 277 486 353 475 206 18 457 319 190 135 284 147 352 462 259 346 362 162 123 484 25 490 307 205 386 294 466 193 500 29 371 458 68 277 270 265 407 317 258 293 357 343 487 231 169 181 90 146 177 200 260 499 327 457 204 240 496 304 488 236 151 73 168 301 16 228 477 279 353 112 500 143 186 248 74 285 259 65 349 254 452 368 34 115 434 247 211 327 420 409 338 27 476 337 476 341 494 62 129 141 329 173 316 15 90 121 141 470 50 148 252 16 273 498 332 477 55 489 301 200 105 151 283 479 220 37 130 482 320 17 244 54 486 290 315 121 61 82 226 397 412 231 48 342 255 304 110 255 425 107 259 307 252 448 431 86 232 254 242 490 175 266 275 446 23 365 445 288 460 370 183 266 334 385 52 399 298 179 496 473 188 293 17 93 268 112 284 119 325 341 93 278 296 32 120 437 133 343 262 59 235 206 395 139 191 387 18 373 440 229 350 190 197 466 341 120 311 289 315 41 299 364 412 124 411 447 21 394 446 243 383 458 60 192 63 268 21 54 76 241 259 367 79 246 236 155 450 156 180 166 424 95 337 240 78 87 116 219 329 171 216 149 248 401 416 67 475 25 186 209 363 14 381 113 277 316 90 61 455 280 349 252 386 75 209 290 468 278 322 21 368 35 42 358 481 258 17 265 66 337 160 143 385 46 356 177 438 206 198 367 159 493 490 442 471 34 289 489 259 265 225 239 380 474 263 156 420 14 52 54 327 438 457 65 333 382 42 116 405 238 116 180 86 217 358 402 364 228 93 446 295 116 57 387 76 144 400 29 214 127 191 305 62 317 470 16 123 140 145 258 264 460 22 252 274 215 470 31 12 205 117 137 262 222 409 295 214 204 249 212 407 265 71 94 285 301 43 115 374 101 20 246 41 443 383 139 128 210 454 112 278 260 195 141 375 447 262 167 410 395 195 157 436 335 347 281 315 249 145 166 115 314 153 316 430 382 434 337 232 19 359 306 230 148 369 195 348 375 488 178 440 278 423 470 159 487 446 251 379 24 29 288 336 118 113 336 460 94 410 408 349 57 371 147 267 419 200 38 177 466 216 470 456 63 278 193 484 68 239 186 460 280 331 221 33 352 10 458 238 20 137 339 21 57 90 238 19 55 382 323 417 456 173 429 202 217 249 67 100 478 79 236 448 305 329 319 234 56 134 79 346 299 238 419 166 261 117 211 103 374 333 306 48 54 62 57 130 282 350 464 355 317 391 240 157 441 421 364 81 214 54 373 381 155 493 25 414 194 17 90 486 370 247 440 85 438 409 388 142 239 234 196 35 172 344 493 197 83 156 89 472 256 323 352 471 10 128 141 133 482 493 452 141 53 296 327 36 52 461 275 419 20 260 240 246 449 48 164 322 419 195 46 339 328 297 41 143 354 476 343 465 114 79 434 141 17 115 415 276 43 196 18 347 431 319 274 412 193 236 329 410 171 172 480 367 309 499 321 460 405 42 393 175 34 110 340 374 237 478 164 294 200 214 185 478 87 433 125 488 469 106 99 448 11 140 460 92 178 443 394 100 157 378 52 441 243 97 142 269 271 194 493 445 65 354 195 272 442 397 73 178 365 270 355 17 185 98 342 44 291 216 269 36 126 52 226 87 493 314 305 95 363 464 285 233 411 139 359 60 32 263 270 45 57 418 105 431 207 369 40 311 348 306 174 194 257 198 227 356 283 383 105 207 486 47 187 423 431 387 40 488 50 367 26 312 294 93 122 408 170 28 432 385 373 153 146 358 81 446 312 31 496 348 108 82 466 120 91 334 346 177 58 303 360 90 267 456 477 326 168 454 427 280 173 255 480 237 430 415 451 473 318 278 457 475 203 482 476 152 104 372 186 109 418 160 34 99 178 25 283 372 33 196 32 495 412 69 404 159 179 425 251 318 103 356 52 201 481 248 385 232 65 478 78 123 403 79 26 494 348 345 93 132 303 458 57 280 86 291 477 266 116 47 243 43 69 234 417 248 418 359 306 72 497 159 295 130 491 343 273 284 273 353 420 69 319 28 392 173 15 43 464 246 470 258 100 325 82 224 374 158 68 30 293 256 252 210 279 475 129 283 296 68 195 297 406 24 424 281 418 379 192 463 131 186 189 466 184 267 163 266 391 261 343 455 85 471 431 409 369 334 69 39 228 455 498 300 214 395 57 370 170 38 477 338 331 14 154 231 72 393 392 400 377 262 478 302 335 289 198 284 335 235 271 143 401 21 51 185 298 16 275 378 396 369 180 209 302 498 362 483 185 317 268 214 204 257 33 320 165 390 455 280 143 494 249 420 21 223 173 192 242 162 217 300 329 313 376 326 68 238 229 329 229 79 494 387 346 217 465 201 469 459 441 304 444 203 318 292 345 329 456 24 96 311 412 98 121 433 52 343 208 181 469 82 374 175 74 431 156 119 495 416 455 122
703 5
2 374
5 326
8 370
11 462
14 433
297 5
1 231
4 61
7 217
10 48
13 158
349 5
0 110
3 112
6 86
9 222
12 143
509 5
2 311
5 381
8 127
11 255
14 369
890 5
1 29
4 183
7 427
10 101
13 380
904 5
0 205
3 424
6 443
9 342
12 231
683 5
2 454
5 490
8 36
11 172
14 184
954 5
1 497
4 198
7 122
10 444
13 391
701 5
0 133
3 180
6 335
9 49
12 433
501 5
2 257
5 123
8 474
11 18
14 182
918 5
1 417
4 293
7 479
10 471
13 319
538 5
0 188
3 483
6 230
9 183
12 340
104 5
2 7
5 18
8 12
11 62
14 74
707 5
1 398
4 160
7 14
10 75
13 62
201 5
0 69
3 137
6 84
9 109
12 2
286 5
2 64
5 128
8 281
11 166
14 265
448 5
1 421
4 86
7 151
10 20
13 119
844 5
0 13
3 422
6 451
9 199
12 179
191 5
2 113
5 102
8 181
11 47
14 89
391 5
1 272
4 45
7 55
10 220
13 325
659 5
0 257
3 192
6 375
9 412
12 477
718 5
2 434
5 403
8 152
11 135
14 93
854 5
1 232
4 311
7 101
10 66
13 300
801 5
0 386
3 166
6 181
9 357
12 42
948 5
2 165
5 358
8 18
11 365
14 32
140 5
1 13
4 48
7 126
10 80
13 110
912 5
0 102
3 366
6 500
9 191
12 393
712 5
2 210
5 60
8 388
11 329
14 355
762 5
1 156
4 177
7 205
10 288
13 356
842 5
0 356
3 485
6 58
9 472
12 323
339 5
2 205
5 333
8 199
11 162
14 256
391 5
1 385
4 387
7 366
10 51
13 142
274 5
0 149
3 259
6 266
9 181
12 13
766 5
2 65
5 63
8 44
11 43
14 24
930 5
1 262
4 210
7 438
10 361
13 461
962 5
0 118
3 304
6 462
9 308
12 455
153 5
2 113
5 79
8 120
11 113
14 49
829 5
1 58
4 84
7 111
10 33
13 158
172 5
0 42
3 47
6 159
9 98
12 26
914 5
2 158
5 426
8 495
11 173
14 103
910 5
1 489
4 263
7 108
10 316
13 438
273 5
0 163
3 230
6 17
9 32
12 127
112 5
2 73
5 1
8 8
11 74
14 32
803 5
1 328
4 437
7 98
10 311
13 322
803 5
0 257
3 451
6 220
9 224
12 500
334 5
2 55
5 54
8 332
11 171
14 104
565 5
1 152
4 248
7 445
10 212
13 120
165 5
0 14
3 52
6 45
9 86
12 102
572 5
2 490
5 88
8 18
11 134
14 447
273 5
1 5
4 194
7 232
10 236
13 221
655 5
0 414
3 169
6 274
9 365
12 455
859 5
2 246
5 436
8 287
11 25
14 65
811 5
1 304
4 70
7 476
10 82
13 473
118 5
0 108
3 40
6 33
9 17
12 60
129 5
2 23
5 15
8 39
11 82
14 98
718 5
1 156
4 360
7 159
10 66
13 315
329 5
0 317
3 28
6 123
9 231
12 235
736 5
2 391
5 475
8 33
11 171
14 272
706 5
1 295
4 447
7 29
10 476
13 307
459 5
0 320
3 283
6 413
9 395
12 59
731 5
2 334
5 177
8 86
11 158
14 16
476 5
1 135
4 400
7 61
10 20
13 222
863 5
0 195
3 28
6 314
9 245
12 148
241 5
2 227
5 80
8 11
11 191
14 160
872 5
1 11
4 5
7 428
10 443
13 420
782 5
0 320
3 382
6 414
9 223
12 22
871 5
2 231
5 137
8 175
11 83
14 444
348 5
1 105
4 341
7 80
10 22
13 238
287 5
0 94
3 30
6 21
9 185
12 107
844 5
2 286
5 298
8 238
11 103
14 378
172 5
1 53
4 17
7 147
10 74
13 67
856 5
0 171
3 188
6 31
9 335
12 170
648 5
2 398
5 224
8 327
11 139
14 154
551 5
1 176
4 393
7 155
10 25
13 263
461 5
0 8
3 161
6 108
9 61
12 141
645 5
2 133
5 226
8 54
11 21
14 450
907 5
1 25
4 402
7 494
10 424
13 397
951 5
0 110
3 319
6 145
9 259
12 259
807 5
2 153
5 387
8 439
11 173
14 292
938 5
1 488
4 133
7 8
10 134
13 141
8 0 31
19 0 5
30 0 143
41 0 251
52 0 243
63 0 717
74 0 715
85 0 205
96 0 975
107 0 267
118 0 172
129 0 118
140 0 429
151 0 989
162 0 377
173 0 464
184 0 530
195 0 131
206 0 876
217 0 684
228 0 834
239 0 400
250 0 283
261 0 918
272 0 688
283 0 390
294 0 25
305 0 190
316 0 161
327 0 630
338 0 393
349 0 756
360 0 129
371 0 742
382 0 385
393 0 752
404 0 820
415 0 337
426 0 599
437 0 618
448 0 820
459 0 545
470 0 474
481 0 705
492 0 898
503 0 986
514 0 197
525 0 633
536 0 839
547 0 614
558 0 608
569 0 953
580 0 548
591 0 347
602 0 584
613 0 424
624 0 667
635 0 682
646 0 459
657 0 526
668 0 506
679 0 961
690 0 602
701 0 246
712 0 278
723 0 596
734 0 111
745 0 859
756 0 531
767 0 998
778 0 675
789 0 332
800 0 676
811 0 885
822 0 732
833 0 304
844 0 640
855 0 366
866 0 281
877 0 435
888 0 483
899 0 336
910 0 235
921 0 136
932 0 306
943 0 499
954 0 522
965 0 802
976 0 517
987 0 723
998 0 130
1009 0 741
1020 0 683
1031 0 696
1042 0 266
1053 0 421
1064 0 300
1075 0 164
1086 0 320
1097 0 819
1108 0 297
1119 0 356
1130 0 777
1141 0 132
1152 0 879
1163 0 390
1174 0 500
1185 0 185
1196 0 301
1207 0 151
1218 0 832
1229 0 49
1240 0 901
1251 0 163
1262 0 735
1273 0 409
1284 0 986
1295 0 281
1306 0 234
1317 0 540
1328 0 172
1339 0 742
1350 0 71
1361 0 783
1372 0 282
1383 0 971
1394 0 220
1405 0 683
1416 0 285
1427 0 671
1438 0 438
1449 0 991
1460 0 145
1471 0 632
1482 0 586
1493 0 810
1504 0 191
1515 0 418
1526 0 118
1537 0 710
1548 0 292
1559 0 659
1570 0 162
1581 0 37
1592 0 705
1603 0 674
1614 0 599
1625 0 859
1636 0 339
1647 0 656
1658 0 449
1669 0 420
1680 0 431
1691 0 790
1702 0 522
1713 0 552
1724 0 12
1735 0 522
1746 0 751
1757 0 359
1768 0 595
1779 0 520
1790 0 405
1801 0 556
1812 0 132
1823 0 506
1834 0 453
1845 0 200
1856 0 356
1867 0 733
1878 0 409
1889 0 496
1900 0 908
1911 0 570
1922 0 597
1933 0 604
1944 0 99
1955 0 216
1966 0 624
1977 0 651
1988 0 911
1999 0 705
2010 0 87
2021 0 773
2032 0 667
2043 0 594
2054 0 678
2065 0 918
2076 0 318
2087 0 197
2098 0 973
2109 0 181
2120 0 903
2131 0 416
2142 0 490
2153 0 268
2164 0 877
2175 0 574
2186 0 814
2197 0 338
2208 0 635
2219 0 825
2230 0 463
2241 0 178
2252 0 675
2263 0 609
2274 0 657
2285 0 146
2296 0 600
2307 0 84
2318 0 397
2329 0 953
2340 0 439
2351 0 588
2362 0 657
2373 0 470
2384 0 787
2395 0 4
2406 0 902
2417 0 513
2428 0 312
2439 0 403
2450 0 686
2461 0 458
2472 0 68
2483 0 500
2494 0 961
2505 0 920
2516 0 967
2527 0 564
2538 0 51
2549 0 798
2560 0 371
2571 0 288
2582 0 134
2593 0 563
2604 0 249
2615 0 4
2626 0 501
2637 0 142
2648 0 194
2659 0 582
2670 0 255
2681 0 382
2692 0 266
2703 0 446
2714 0 288
2725 0 68
2736 0 827
2747 0 727
2758 0 12
2769 0 653
2780 0 662
2791 0 275
2802 0 471
2813 0 918
2824 0 74
2835 0 684
2846 0 20
2857 0 432
2868 0 277
2879 0 478
2890 0 812
2901 0 821
2912 0 855
2923 0 507
2934 0 240
2945 0 511
2956 0 154
2967 0 57
2978 0 325
2989 0 754
10 1 755
21 1 217
32 1 312
43 1 201
54 1 381
65 1 609
76 1 86
87 1 228
98 1 877
109 1 372
120 1 911
131 1 829
142 1 641
153 1 301
164 1 890
175 1 754
186 1 399
197 1 875
208 1 921
219 1 697
230 1 821
241 1 799
252 1 939
263 1 88
274 1 600
285 1 107
296 1 518
307 1 741
318 1 288
329 1 246
340 1 208
351 1 885
362 1 813
373 1 333
384 1 235
395 1 722
406 1 807
417 1 579
428 1 825
439 1 945
450 1 687
461 1 483
472 1 962
483 1 910
494 1 379
505 1 822
516 1 523
527 1 313
538 1 382
549 1 223
560 1 819
571 1 945
582 1 687
593 1 999
604 1 210
615 1 127
626 1 845
637 1 844
648 1 732
659 1 901
670 1 31
681 1 340
692 1 169
703 1 439
714 1 605
725 1 330
736 1 95
747 1 970
758 1 772
769 1 755
780 1 213
791 1 444
802 1 416
813 1 175
824 1 53
835 1 952
846 1 469
857 1 261
868 1 929
879 1 992
890 1 526
901 1 264
912 1 354
923 1 989
934 1 274
945 1 520
956 1 91
967 1 156
978 1 843
989 1 292
1000 1 172
1011 1 919
1022 1 980
1033 1 176
1044 1 851
1055 1 684
1066 1 762
1077 1 720
1088 1 15
1099 1 431
1110 1 713
1121 1 871
1132 1 403
1143 1 255
1154 1 641
1165 1 166
1176 1 38
1187 1 32
1198 1 182
1209 1 118
1220 1 765
1231 1 325
1242 1 8
1253 1 807
1264 1 254
1275 1 481
1286 1 819
1297 1 390
1308 1 317
1319 1 71
1330 1 117
1341 1 962
1352 1 571
1363 1 355
1374 1 270
1385 1 552
1396 1 94
1407 1 328
1418 1 703
1429 1 226
1440 1 958
1451 1 847
1462 1 936
1473 1 233
1484 1 766
1495 1 884
1506 1 655
1517 1 325
1528 1 404
1539 1 316
1550 1 20
1561 1 474
1572 1 906
1583 1 548
1594 1 640
1605 1 562
1616 1 185
1627 1 192
1638 1 755
1649 1 432
1660 1 922
1671 1 733
1682 1 229
1693 1 346
1704 1 698
1715 1 314
1726 1 560
1737 1 319
1748 1 788
1759 1 318
1770 1 510
1781 1 782
1792 1 960
1803 1 960
1814 1 29
1825 1 165
1836 1 444
1847 1 513
1858 1 540
1869 1 211
1880 1 501
1891 1 443
1902 1 297
1913 1 310
1924 1 897
1935 1 822
1946 1 822
1957 1 72
1968 1 55
1979 1 798
1990 1 92
2001 1 606
2012 1 775
2023 1 251
2034 1 799
2045 1 83
2056 1 919
2067 1 164
2078 1 217
2089 1 116
2100 1 925
2111 1 134
2122 1 632
2133 1 711
2144 1 403
2155 1 361
2166 1 787
2177 1 823
2188 1 392
2199 1 682
2210 1 814
2221 1 834
2232 1 795
2243 1 303
2254 1 726
2265 1 79
2276 1 667
2287 1 960
2298 1 71
2309 1 96
2320 1 626
2331 1 766
2342 1 878
2353 1 485
2364 1 557
2375 1 784
2386 1 521
2397 1 813
2408 1 537
2419 1 903
2430 1 493
2441 1 479
2452 1 772
2463 1 798
2474 1 512
2485 1 555
2496 1 575
2507 1 164
2518 1 985
2529 1 17
2540 1 351
2551 1 333
2562 1 552
2573 1 356
2584 1 793
2595 1 157
2606 1 584
2617 1 948
2628 1 291
2639 1 68
2650 1 943
2661 1 996
2672 1 934
2683 1 778
2694 1 867
2705 1 433
2716 1 124
2727 1 189
2738 1 985
2749 1 436
2760 1 286
2771 1 903
2782 1 5
2793 1 960
2804 1 974
2815 1 13
2826 1 270
2837 1 954
2848 1 879
2859 1 87
2870 1 390
2881 1 582
2892 1 35
2903 1 661
2914 1 548
2925 1 384
2936 1 994
2947 1 806
2958 1 544
2969 1 407
2980 1 782
2991 1 232
1 2 619
12 2 771
23 2 816
34 2 122
45 2 258
56 2 52
67 2 487
78 2 730
89 2 953
100 2 88
111 2 200
122 2 773
133 2 495
144 2 356
155 2 438
166 2 363
177 2 982
188 2 511
199 2 957
210 2 451
221 2 862
232 2 106
243 2 827
254 2 57
265 2 86
276 2 4
287 2 832
298 2 669
309 2 461
320 2 895
331 2 550
342 2 632
353 2 184
364 2 966
375 2 301
386 2 420
397 2 879
408 2 821
419 2 321
430 2 543
441 2 687
452 2 748
463 2 703
474 2 411
485 2 498
496 2 413
507 2 837
518 2 850
529 2 128
540 2 787
551 2 842
562 2 155
573 2 857
584 2 146
595 2 66
606 2 442
617 2 474
628 2 168
639 2 858
650 2 195
661 2 874
672 2 695
683 2 876
694 2 372
705 2 569
716 2 750
727 2 760
738 2 165
749 2 399
760 2 823
771 2 496
782 2 801
793 2 859
804 2 153
815 2 371
826 2 387
837 2 277
848 2 492
859 2 547
870 2 621
881 2 511
892 2 272
903 2 452
914 2 407
925 2 396
936 2 26
947 2 739
958 2 767
969 2 507
980 2 964
991 2 40
1002 2 562
1013 2 525
1024 2 689
1035 2 192
1046 2 892
1057 2 820
1068 2 369
1079 2 907
1090 2 234
1101 2 985
1112 2 819
1123 2 236
1134 2 493
1145 2 719
1156 2 377
1167 2 323
1178 2 691
1189 2 521
1200 2 763
1211 2 282
1222 2 253
1233 2 184
1244 2 330
1255 2 924
1266 2 346
1277 2 43
1288 2 615
1299 2 450
1310 2 139
1321 2 945
1332 2 155
1343 2 18
1354 2 938
1365 2 370
1376 2 347
1387 2 124
1398 2 84
1409 2 166
1420 2 701
1431 2 30
1442 2 928
1453 2 571
1464 2 83
1475 2 650
1486 2 597
1497 2 979
1508 2 300
1519 2 871
1530 2 336
1541 2 971
1552 2 987
1563 2 267
1574 2 312
1585 2 791
1596 2 35
1607 2 637
1618 2 96
1629 2 89
1640 2 715
1651 2 428
1662 2 911
1673 2 895
1684 2 480
1695 2 610
1706 2 832
1717 2 761
1728 2 80
1739 2 813
1750 2 793
1761 2 900
1772 2 641
1783 2 91
1794 2 64
1805 2 549
1816 2 112
1827 2 538
1838 2 923
1849 2 390
1860 2 365
1871 2 706
1882 2 277
1893 2 911
1904 2 9
1915 2 346
1926 2 234
1937 2 767
1948 2 97
1959 2 681
1970 2 129
1981 2 873
1992 2 150
2003 2 843
2014 2 823
2025 2 740
2036 2 397
2047 2 440
2058 2 258
2069 2 368
2080 2 622
2091 2 312
2102 2 561
2113 2 864
2124 2 19
2135 2 404
2146 2 157
2157 2 531
2168 2 218
2179 2 139
2190 2 498
2201 2 279
2212 2 728
2223 2 712
2234 2 500
2245 2 599
2256 2 538
2267 2 280
2278 2 378
2289 2 750
2300 2 727
2311 2 734
2322 2 135
2333 2 32
2344 2 702
2355 2 713
2366 2 63
2377 2 440
2388 2 35
2399 2 617
2410 2 556
2421 2 707
2432 2 836
2443 2 802
2454 2 561
2465 2 87
2476 2 487
2487 2 913
2498 2 393
2509 2 759
2520 2 305
2531 2 106
2542 2 218
2553 2 596
2564 2 350
2575 2 3
2586 2 14
2597 2 68
2608 2 109
2619 2 726
2630 2 576
2641 2 146
2652 2 414
2663 2 980
2674 2 354
2685 2 25
2696 2 451
2707 2 879
2718 2 409
2729 2 573
2740 2 787
2751 2 996
2762 2 798
2773 2 312
2784 2 509
2795 2 34
2806 2 595
2817 2 77
2828 2 289
2839 2 459
2850 2 98
2861 2 993
2872 2 271
2883 2 539
2894 2 828
2905 2 133
2916 2 433
2927 2 608
2938 2 788
2949 2 549
2960 2 577
2971 2 738
2982 2 743
2993 2 885
3 3 396
14 3 827
25 3 797
36 3 535
47 3 834
58 3 748
69 3 344
80 3 379
91 3 481
102 3 593
113 3 361
124 3 195
135 3 133
146 3 80
157 3 840
168 3 785
179 3 579
190 3 870
201 3 368
212 3 193
223 3 48
234 3 607
245 3 391
256 3 828
267 3 701
278 3 15
289 3 24
300 3 854
311 3 170
322 3 56
333 3 413
344 3 601
355 3 821
366 3 684
377 3 123
388 3 661
399 3 595
410 3 395
421 3 472
432 3 999
443 3 633
454 3 944
465 3 436
476 3 22
487 3 135
498 3 246
509 3 33
520 3 840
531 3 155
542 3 849
553 3 377
564 3 476
575 3 521
586 3 363
597 3 616
608 3 222
619 3 771
630 3 437
641 3 909
652 3 187
663 3 40
674 3 426
685 3 90
696 3 608
707 3 329
718 3 821
729 3 89
740 3 733
751 3 644
762 3 629
773 3 968
784 3 947
795 3 622
806 3 229
817 3 32
828 3 133
839 3 219
850 3 730
861 3 423
872 3 213
883 3 373
894 3 274
905 3 251
916 3 46
927 3 744
938 3 466
949 3 867
960 3 320
971 3 498
982 3 85
993 3 550
1004 3 557
1015 3 12
1026 3 619
1037 3 395
1048 3 252
1059 3 258
1070 3 335
1081 3 618
1092 3 398
1103 3 171
1114 3 329
1125 3 213
1136 3 261
1147 3 584
1158 3 998
1169 3 215
1180 3 586
1191 3 299
1202 3 668
1213 3 419
1224 3 204
1235 3 338
1246 3 17
1257 3 817
1268 3 967
1279 3 890
1290 3 300
1301 3 34
1312 3 369
1323 3 232
1334 3 190
1345 3 68
1356 3 63
1367 3 345
1378 3 986
1389 3 531
1400 3 138
1411 3 27
1422 3 776
1433 3 913
1444 3 10
1455 3 968
1466 3 568
1477 3 143
1488 3 983
1499 3 525
1510 3 77
1521 3 841
1532 3 710
1543 3 905
1554 3 704
1565 3 333
1576 3 870
1587 3 946
1598 3 264
1609 3 149
1620 3 830
1631 3 252
1642 3 403
1653 3 759
1664 3 746
1675 3 456
1686 3 385
1697 3 583
1708 3 809
1719 3 529
1730 3 705
1741 3 909
1752 3 438
1763 3 511
1774 3 30
1785 3 497
1796 3 944
1807 3 388
1818 3 346
1829 3 197
1840 3 659
1851 3 864
1862 3 27
1873 3 898
1884 3 378
1895 3 1
1906 3 308
1917 3 402
1928 3 392
1939 3 520
1950 3 719
1961 3 398
1972 3 101
1983 3 583
1994 3 923
2005 3 423
2016 3 520
2027 3 25
2038 3 840
2049 3 473
2060 3 906
2071 3 956
2082 3 954
2093 3 935
2104 3 882
2115 3 35
2126 3 360
2137 3 834
2148 3 964
2159 3 807
2170 3 713
2181 3 342
2192 3 164
2203 3 871
2214 3 288
2225 3 649
2236 3 957
2247 3 724
2258 3 370
2269 3 994
2280 3 308
2291 3 458
2302 3 746
2313 3 844
2324 3 293
2335 3 688
2346 3 145
2357 3 331
2368 3 560
2379 3 670
2390 3 619
2401 3 660
2412 3 61
2423 3 60
2434 3 935
2445 3 811
2456 3 160
2467 3 406
2478 3 842
2489 3 517
2500 3 573
2511 3 252
2522 3 642
2533 3 62
2544 3 792
2555 3 295
2566 3 458
2577 3 658
2588 3 476
2599 3 385
2610 3 46
2621 3 479
2632 3 715
2643 3 639
2654 3 487
2665 3 529
2676 3 27
2687 3 683
2698 3 648
2709 3 69
2720 3 710
2731 3 209
2742 3 27
2753 3 221
2764 3 726
2775 3 732
2786 3 602
2797 3 643
2808 3 830
2819 3 21
2830 3 756
2841 3 734
2852 3 798
2863 3 311
2874 3 368
2885 3 429
2896 3 996
2907 3 71
2918 3 316
2929 3 918
2940 3 600
2951 3 80
2962 3 752
2973 3 698
2984 3 146
2995 3 735
5 4 412
16 4 758
27 4 192
38 4 376
49 4 751
60 4 960
71 4 852
82 4 936
93 4 278
104 4 608
115 4 417
126 4 188
137 4 176
148 4 870
159 4 742
170 4 40
181 4 39
192 4 393
203 4 982
214 4 518
225 4 8
236 4 827
247 4 714
258 4 704
269 4 931
280 4 587
291 4 182
302 4 392
313 4 397
324 4 905
335 4 115
346 4 98
357 4 130
368 4 187
379 4 759
390 4 592
401 4 934
412 4 830
423 4 597
434 4 156
445 4 704
456 4 573
467 4 250
478 4 215
489 4 269
500 4 26
511 4 965
522 4 752
533 4 479
544 4 715
555 4 336
566 4 460
577 4 552
588 4 418
599 4 968
610 4 278
621 4 483
632 4 308
643 4 771
654 4 811
665 4 796
676 4 501
687 4 670
698 4 638
709 4 791
720 4 654
731 4 132
742 4 689
753 4 656
764 4 929
775 4 530
786 4 775
797 4 572
808 4 478
819 4 647
830 4 325
841 4 392
852 4 22
863 4 116
874 4 638
885 4 270
896 4 942
907 4 487
918 4 59
929 4 703
940 4 535
951 4 471
962 4 884
973 4 677
984 4 88
995 4 730
1006 4 189
1017 4 268
1028 4 534
1039 4 460
1050 4 301
1061 4 820
1072 4 880
1083 4 761
1094 4 10
1105 4 246
1116 4 397
1127 4 99
1138 4 373
1149 4 363
1160 4 903
1171 4 114
1182 4 420
1193 4 981
1204 4 722
1215 4 601
1226 4 714
1237 4 830
1248 4 796
1259 4 201
1270 4 480
1281 4 533
1292 4 715
1303 4 520
1314 4 950
1325 4 108
1336 4 845
1347 4 977
1358 4 59
1369 4 623
1380 4 277
1391 4 478
1402 4 5
1413 4 918
1424 4 171
1435 4 753
1446 4 133
1457 4 642
1468 4 899
1479 4 244
1490 4 628
1501 4 368
1512 4 392
1523 4 411
1534 4 627
1545 4 301
1556 4 928
1567 4 541
1578 4 941
1589 4 616
1600 4 540
1611 4 87
1622 4 742
1633 4 819
1644 4 223
1655 4 334
1666 4 692
1677 4 302
1688 4 274
1699 4 439
1710 4 995
1721 4 159
1732 4 427
1743 4 594
1754 4 152
1765 4 870
1776 4 609
1787 4 511
1798 4 893
1809 4 187
1820 4 205
1831 4 994
1842 4 211
1853 4 109
1864 4 371
1875 4 122
1886 4 861
1897 4 481
1908 4 402
1919 4 853
1930 4 553
1941 4 333
1952 4 114
1963 4 947
1974 4 579
1985 4 297
1996 4 486
2007 4 349
2018 4 50
2029 4 701
2040 4 262
2051 4 139
2062 4 803
2073 4 778
2084 4 206
2095 4 468
2106 4 822
2117 4 22
2128 4 544
2139 4 947
2150 4 646
2161 4 271
2172 4 856
2183 4 371
2194 4 981
2205 4 985
2216 4 789
2227 4 126
2238 4 599
2249 4 84
2260 4 493
2271 4 251
2282 4 446
2293 4 822
2304 4 763
2315 4 702
2326 4 98
2337 4 831
2348 4 77
2359 4 869
2370 4 648
2381 4 929
2392 4 577
2403 4 225
2414 4 510
2425 4 45
2436 4 536
2447 4 271
2458 4 919
2469 4 951
2480 4 945
2491 4 800
2502 4 873
2513 4 232
2524 4 418
2535 4 68
2546 4 913
2557 4 445
2568 4 535
2579 4 775
2590 4 954
2601 4 9
2612 4 90
2623 4 522
2634 4 784
2645 4 578
2656 4 164
2667 4 23
2678 4 609
2689 4 612
2700 4 595
2711 4 587
2722 4 588
2733 4 98
2744 4 842
2755 4 930
2766 4 244
2777 4 335
2788 4 346
2799 4 877
2810 4 568
2821 4 747
2832 4 486
2843 4 218
2854 4 3
2865 4 935
2876 4 114
2887 4 572
2898 4 489
2909 4 221
2920 4 129
2931 4 686
2942 4 994
2953 4 741
2964 4 655
2975 4 841
2986 4 275
2997 4 825
7 5 256
18 5 862
29 5 484
40 5 238
51 5 411
62 5 876
73 5 142
84 5 543
95 5 73
106 5 311
117 5 636
128 5 870
139 5 225
150 5 425
161 5 281
172 5 268
183 5 209
194 5 555
205 5 787
216 5 487
227 5 599
238 5 650
249 5 234
260 5 804
271 5 696
282 5 949
293 5 15
304 5 722
315 5 666
326 5 590
337 5 831
348 5 625
359 5 371
370 5 948
381 5 880
392 5 150
403 5 696
414 5 206
425 5 660
436 5 418
447 5 53
458 5 299
469 5 406
480 5 527
491 5 516
502 5 456
513 5 939
524 5 542
535 5 37
546 5 405
557 5 787
568 5 64
579 5 431
590 5 353
601 5 720
612 5 694
623 5 728
634 5 196
645 5 226
656 5 105
667 5 514
678 5 232
689 5 833
700 5 170
711 5 817
722 5 489
733 5 915
744 5 627
755 5 425
766 5 190
777 5 757
788 5 929
799 5 893
810 5 13
821 5 200
832 5 953
843 5 680
854 5 170
865 5 576
876 5 274
887 5 253
898 5 766
909 5 109
920 5 928
931 5 234
942 5 58
953 5 619
964 5 202
975 5 425
986 5 381
997 5 756
1008 5 988
1019 5 727
1030 5 922
1041 5 20
1052 5 16
1063 5 844
1074 5 376
1085 5 880
1096 5 768
1107 5 902
1118 5 5
1129 5 972
1140 5 483
1151 5 793
1162 5 900
1173 5 866
1184 5 758
1195 5 24
1206 5 382
1217 5 877
1228 5 721
1239 5 768
1250 5 346
1261 5 190
1272 5 822
1283 5 567
1294 5 699
1305 5 857
1316 5 646
1327 5 843
1338 5 792
1349 5 319
1360 5 555
1371 5 454
1382 5 437
1393 5 154
1404 5 283
1415 5 109
1426 5 989
1437 5 221
1448 5 435
1459 5 204
1470 5 887
1481 5 939
1492 5 602
1503 5 69
1514 5 270
1525 5 476
1536 5 805
1547 5 400
1558 5 341
1569 5 355
1580 5 309
1591 5 848
1602 5 688
1613 5 780
1624 5 769
1635 5 971
1646 5 448
1657 5 606
1668 5 798
1679 5 965
1690 5 637
1701 5 449
1712 5 238
1723 5 664
1734 5 785
1745 5 818
1756 5 306
1767 5 963
1778 5 378
1789 5 785
1800 5 648
1811 5 43
1822 5 130
1833 5 24
1844 5 575
1855 5 565
1866 5 974
1877 5 774
1888 5 357
1899 5 17
1910 5 231
1921 5 783
1932 5 536
1943 5 753
1954 5 638
1965 5 338
1976 5 890
1987 5 648
1998 5 16
2009 5 251
2020 5 951
2031 5 810
2042 5 290
2053 5 771
2064 5 943
2075 5 233
2086 5 242
2097 5 893
2108 5 361
2119 5 944
2130 5 788
2141 5 803
2152 5 146
2163 5 372
2174 5 967
2185 5 111
2196 5 708
2207 5 134
2218 5 355
2229 5 146
2240 5 887
2251 5 284
2262 5 459
2273 5 548
2284 5 576
2295 5 590
2306 5 641
2317 5 680
2328 5 88
2339 5 535
2350 5 606
2361 5 245
2372 5 504
2383 5 356
2394 5 193
2405 5 116
2416 5 578
2427 5 120
2438 5 846
2449 5 412
2460 5 532
2471 5 256
2482 5 383
2493 5 828
2504 5 413
2515 5 880
2526 5 274
2537 5 971
2548 5 352
2559 5 787
2570 5 850
2581 5 853
2592 5 887
2603 5 580
2614 5 482
2625 5 939
2636 5 259
2647 5 216
2658 5 619
2669 5 549
2680 5 613
2691 5 810
2702 5 656
2713 5 78
2724 5 579
2735 5 472
2746 5 994
2757 5 720
2768 5 19
2779 5 158
2790 5 113
2801 5 384
2812 5 160
2823 5 242
2834 5 743
2845 5 500
2856 5 593
2867 5 962
2878 5 957
2889 5 877
2900 5 454
2911 5 221
2922 5 805
2933 5 759
2944 5 16
2955 5 339
2966 5 263
2977 5 625
2988 5 303
2999 5 312
9 6 290
20 6 833
31 6 591
42 6 275
53 6 876
64 6 300
75 6 440
86 6 481
97 6 744
108 6 93
119 6 552
130 6 749
141 6 241
152 6 744
163 6 572
174 6 987
185 6 209
196 6 638
207 6 496
218 6 336
229 6 12
240 6 560
251 6 36
262 6 281
273 6 730
284 6 15
295 6 293
306 6 444
317 6 538
328 6 181
339 6 309
350 6 38
361 6 945
372 6 501
383 6 792
394 6 545
405 6 424
416 6 982
427 6 400
438 6 485
449 6 601
460 6 174
471 6 21
482 6 405
493 6 271
504 6 639
515 6 898
526 6 189
537 6 907
548 6 552
559 6 610
570 6 884
581 6 298
592 6 352
603 6 676
614 6 620
625 6 214
636 6 552
647 6 128
658 6 525
669 6 465
680 6 478
691 6 464
702 6 69
713 6 735
724 6 544
735 6 363
746 6 856
757 6 5
768 6 910
779 6 363
790 6 411
801 6 335
812 6 790
823 6 832
834 6 540
845 6 982
856 6 405
867 6 68
878 6 53
889 6 253
900 6 573
911 6 748
922 6 409
933 6 431
944 6 713
955 6 323
966 6 841
977 6 155
988 6 774
999 6 654
1010 6 970
1021 6 773
1032 6 207
1043 6 893
1054 6 646
1065 6 837
1076 6 240
1087 6 10
1098 6 884
1109 6 864
1120 6 740
1131 6 516
1142 6 200
1153 6 610
1164 6 561
1175 6 474
1186 6 898
1197 6 808
1208 6 871
1219 6 508
1230 6 244
1241 6 885
1252 6 754
1263 6 886
1274 6 610
1285 6 732
1296 6 136
1307 6 112
1318 6 887
1329 6 424
1340 6 110
1351 6 541
1362 6 710
1373 6 570
1384 6 961
1395 6 80
1406 6 920
1417 6 952
1428 6 240
1439 6 289
1450 6 956
1461 6 345
1472 6 258
1483 6 909
1494 6 318
1505 6 122
1516 6 180
1527 6 177
1538 6 883
1549 6 659
1560 6 46
1571 6 343
1582 6 32
1593 6 847
1604 6 249
1615 6 533
1626 6 563
1637 6 940
1648 6 616
1659 6 234
1670 6 718
1681 6 516
1692 6 798
1703 6 974
1714 6 456
1725 6 247
1736 6 160
1747 6 318
1758 6 788
1769 6 308
1780 6 559
1791 6 189
1802 6 601
1813 6 203
1824 6 484
1835 6 579
1846 6 232
1857 6 57
1868 6 641
1879 6 206
1890 6 168
1901 6 829
1912 6 109
1923 6 979
1934 6 162
1945 6 219
1956 6 280
1967 6 522
1978 6 925
1989 6 983
2000 6 874
2011 6 697
2022 6 313
2033 6 614
2044 6 955
2055 6 793
2066 6 47
2077 6 120
2088 6 512
2099 6 532
2110 6 305
2121 6 968
2132 6 975
2143 6 149
2154 6 490
2165 6 624
2176 6 90
2187 6 509
2198 6 214
2209 6 598
2220 6 442
2231 6 876
2242 6 232
2253 6 419
2264 6 322
2275 6 518
2286 6 331
2297 6 575
2308 6 202
2319 6 221
2330 6 384
2341 6 32
2352 6 709
2363 6 249
2374 6 116
2385 6 544
2396 6 427
2407 6 642
2418 6 939
2429 6 506
2440 6 107
2451 6 15
2462 6 310
2473 6 951
2484 6 69
2495 6 123
2506 6 467
2517 6 789
2528 6 672
2539 6 870
2550 6 212
2561 6 866
2572 6 910
2583 6 13
2594 6 979
2605 6 300
2616 6 724
2627 6 683
2638 6 305
2649 6 969
2660 6 77
2671 6 842
2682 6 844
2693 6 299
2704 6 367
2715 6 298
2726 6 520
2737 6 455
2748 6 327
2759 6 779
2770 6 380
2781 6 746
2792 6 295
2803 6 96
2814 6 755
2825 6 254
2836 6 411
2847 6 451
2858 6 245
2869 6 464
2880 6 196
2891 6 896
2902 6 267
2913 6 505
2924 6 833
2935 6 927
2946 6 856
2957 6 903
2968 6 951
2979 6 103
2990 6 435
0 7 573
11 7 793
22 7 469
33 7 393
44 7 308
55 7 64
66 7 334
77 7 627
88 7 192
99 7 629
110 7 430
121 7 949
132 7 207
143 7 913
154 7 796
165 7 203
176 7 443
187 7 376
198 7 815
209 7 723
220 7 935
231 7 436
242 7 86
253 7 85
264 7 784
275 7 598
286 7 497
297 7 869
308 7 982
319 7 547
330 7 53
341 7 564
352 7 924
363 7 878
374 7 80
385 7 126
396 7 360
407 7 434
418 7 912
429 7 496
440 7 678
451 7 85
462 7 3
473 7 798
484 7 6
495 7 416
506 7 619
517 7 427
528 7 984
539 7 610
550 7 759
561 7 525
572 7 414
583 7 723
594 7 898
605 7 155
616 7 264
627 7 820
638 7 167
649 7 337
660 7 984
671 7 947
682 7 634
693 7 954
704 7 6
715 7 601
726 7 393
737 7 229
748 7 554
759 7 504
770 7 333
781 7 847
792 7 622
803 7 484
814 7 533
825 7 665
836 7 187
847 7 820
858 7 393
869 7 306
880 7 371
891 7 985
902 7 323
913 7 170
924 7 205
935 7 399
946 7 893
957 7 433
968 7 183
979 7 803
990 7 883
1001 7 480
1012 7 909
1023 7 870
1034 7 24
1045 7 228
1056 7 856
1067 7 146
1078 7 757
1089 7 506
1100 7 955
1111 7 114
1122 7 469
1133 7 253
1144 7 324
1155 7 706
1166 7 548
1177 7 816
1188 7 871
1199 7 677
1210 7 407
1221 7 620
1232 7 522
1243 7 388
1254 7 320
1265 7 783
1276 7 789
1287 7 513
1298 7 365
1309 7 660
1320 7 994
1331 7 925
1342 7 363
1353 7 348
1364 7 943
1375 7 944
1386 7 145
1397 7 1000
1408 7 838
1419 7 34
1430 7 79
1441 7 666
1452 7 871
1463 7 346
1474 7 643
1485 7 4
1496 7 582
1507 7 995
1518 7 110
1529 7 24
1540 7 881
1551 7 956
1562 7 587
1573 7 361
1584 7 382
1595 7 642
1606 7 641
1617 7 668
1628 7 655
1639 7 51
1650 7 577
1661 7 196
1672 7 385
1683 7 186
1694 7 743
1705 7 446
1716 7 291
1727 7 299
1738 7 880
1749 7 992
1760 7 97
1771 7 266
1782 7 941
1793 7 709
1804 7 561
1815 7 348
1826 7 255
1837 7 481
1848 7 71
1859 7 493
1870 7 943
1881 7 753
1892 7 760
1903 7 383
1914 7 219
1925 7 667
1936 7 333
1947 7 538
1958 7 725
1969 7 61
1980 7 577
1991 7 906
2002 7 243
2013 7 174
2024 7 307
2035 7 400
2046 7 294
2057 7 399
2068 7 64
2079 7 919
2090 7 362
2101 7 296
2112 7 806
2123 7 201
2134 7 646
2145 7 914
2156 7 156
2167 7 974
2178 7 357
2189 7 493
2200 7 212
2211 7 172
2222 7 188
2233 7 973
2244 7 878
2255 7 452
2266 7 537
2277 7 981
2288 7 4
2299 7 588
2310 7 387
2321 7 475
2332 7 472
2343 7 903
2354 7 912
2365 7 538
2376 7 600
2387 7 291
2398 7 91
2409 7 492
2420 7 254
2431 7 347
2442 7 172
2453 7 469
2464 7 392
2475 7 992
2486 7 138
2497 7 715
2508 7 75
2519 7 99
2530 7 595
2541 7 317
2552 7 688
2563 7 549
2574 7 739
2585 7 244
2596 7 782
2607 7 96
2618 7 319
2629 7 452
2640 7 37
2651 7 700
2662 7 875
2673 7 143
2684 7 266
2695 7 414
2706 7 885
2717 7 823
2728 7 304
2739 7 767
2750 7 81
2761 7 757
2772 7 398
2783 7 415
2794 7 552
2805 7 606
2816 7 5
2827 7 862
2838 7 386
2849 7 507
2860 7 251
2871 7 61
2882 7 140
2893 7 476
2904 7 790
2915 7 464
2926 7 190
2937 7 151
2948 7 562
2959 7 400
2970 7 477
2981 7 459
2992 7 247
2 8 579
13 8 916
24 8 682
35 8 282
46 8 331
57 8 976
68 8 459
79 8 275
90 8 169
101 8 995
112 8 978
123 8 915
134 8 336
145 8 152
156 8 625
167 8 401
178 8 437
189 8 205
200 8 161
211 8 987
222 8 607
233 8 137
244 8 723
255 8 467
266 8 427
277 8 860
288 8 250
299 8 634
310 8 150
321 8 966
332 8 910
343 8 402
354 8 535
365 8 820
376 8 30
387 8 574
398 8 894
409 8 797
420 8 479
431 8 524
442 8 804
453 8 777
464 8 714
475 8 802
486 8 448
497 8 545
508 8 300
519 8 422
530 8 473
541 8 372
552 8 103
563 8 657
574 8 995
585 8 297
596 8 679
607 8 299
618 8 180
629 8 933
640 8 443
651 8 881
662 8 560
673 8 9
684 8 964
695 8 645
706 8 668
717 8 381
728 8 309
739 8 418
750 8 185
761 8 68
772 8 459
783 8 8
794 8 297
805 8 458
816 8 44
827 8 936
838 8 729
849 8 639
860 8 266
871 8 451
882 8 929
893 8 870
904 8 796
915 8 82
926 8 340
937 8 88
948 8 805
959 8 384
970 8 811
981 8 689
992 8 123
1003 8 141
1014 8 287
1025 8 312
1036 8 303
1047 8 58
1058 8 937
1069 8 780
1080 8 26
1091 8 818
1102 8 79
1113 8 206
1124 8 923
1135 8 748
1146 8 133
1157 8 147
1168 8 253
1179 8 193
1190 8 357
1201 8 650
1212 8 92
1223 8 891
1234 8 860
1245 8 636
1256 8 947
1267 8 897
1278 8 841
1289 8 911
1300 8 657
1311 8 916
1322 8 978
1333 8 602
1344 8 919
1355 8 864
1366 8 71
1377 8 938
1388 8 295
1399 8 315
1410 8 665
1421 8 340
1432 8 673
1443 8 96
1454 8 327
1465 8 821
1476 8 166
1487 8 22
1498 8 914
1509 8 49
1520 8 557
1531 8 187
1542 8 379
1553 8 34
1564 8 154
1575 8 902
1586 8 365
1597 8 909
1608 8 331
1619 8 247
1630 8 892
1641 8 361
1652 8 224
1663 8 814
1674 8 372
1685 8 86
1696 8 971
1707 8 520
1718 8 983
1729 8 668
1740 8 946
1751 8 650
1762 8 29
1773 8 374
1784 8 592
1795 8 509
1806 8 966
1817 8 434
1828 8 980
1839 8 173
1850 8 221
1861 8 856
1872 8 546
1883 8 551
1894 8 748
1905 8 539
1916 8 64
1927 8 21
1938 8 633
1949 8 301
1960 8 642
1971 8 372
1982 8 518
1993 8 871
2004 8 645
2015 8 726
2026 8 208
2037 8 585
2048 8 900
2059 8 119
2070 8 705
2081 8 439
2092 8 669
2103 8 496
2114 8 148
2125 8 550
2136 8 315
2147 8 331
2158 8 960
2169 8 225
2180 8 11
2191 8 474
2202 8 638
2213 8 563
2224 8 114
2235 8 139
2246 8 593
2257 8 505
2268 8 300
2279 8 426
2290 8 912
2301 8 981
2312 8 753
2323 8 747
2334 8 884
2345 8 978
2356 8 491
2367 8 753
2378 8 989
2389 8 846
2400 8 432
2411 8 822
2422 8 279
2433 8 556
2444 8 434
2455 8 312
2466 8 665
2477 8 234
2488 8 275
2499 8 778
2510 8 933
2521 8 572
2532 8 477
2543 8 512
2554 8 181
2565 8 468
2576 8 926
2587 8 210
2598 8 843
2609 8 619
2620 8 246
2631 8 508
2642 8 423
2653 8 820
2664 8 307
2675 8 819
2686 8 477
2697 8 976
2708 8 465
2719 8 477
2730 8 351
2741 8 713
2752 8 642
2763 8 621
2774 8 482
2785 8 285
2796 8 847
2807 8 737
2818 8 395
2829 8 887
2840 8 391
2851 8 127
2862 8 393
2873 8 590
2884 8 69
2895 8 750
2906 8 215
2917 8 229
2928 8 298
2939 8 565
2950 8 692
2961 8 718
2972 8 535
2983 8 507
2994 8 760
4 9 508
15 9 867
26 9 531
37 9 703
48 9 122
59 9 188
70 9 783
81 9 795
92 9 185
103 9 532
114 9 408
125 9 27
136 9 250
147 9 744
158 9 181
169 9 550
180 9 825
191 9 787
202 9 340
213 9 519
224 9 249
235 9 202
246 9 250
257 9 244
268 9 422
279 9 211
290 9 802
301 9 377
312 9 583
323 9 513
334 9 244
345 9 160
356 9 724
367 9 339
378 9 187
389 9 318
400 9 984
411 9 440
422 9 282
433 9 268
444 9 763
455 9 91
466 9 226
477 9 496
488 9 489
499 9 166
510 9 975
521 9 811
532 9 780
543 9 530
554 9 1
565 9 3
576 9 903
587 9 104
598 9 204
609 9 125
620 9 624
631 9 84
642 9 978
653 9 703
664 9 693
675 9 99
686 9 559
697 9 731
708 9 93
719 9 629
730 9 722
741 9 284
752 9 672
763 9 681
774 9 116
785 9 599
796 9 883
807 9 587
818 9 282
829 9 847
840 9 129
851 9 190
862 9 900
873 9 424
884 9 22
895 9 678
906 9 978
917 9 871
928 9 739
939 9 25
950 9 167
961 9 383
972 9 459
983 9 731
994 9 307
1005 9 673
1016 9 705
1027 9 533
1038 9 956
1049 9 54
1060 9 908
1071 9 842
1082 9 996
1093 9 132
1104 9 477
1115 9 9
1126 9 383
1137 9 116
1148 9 118
1159 9 831
1170 9 613
1181 9 521
1192 9 339
1203 9 172
1214 9 328
1225 9 521
1236 9 172
1247 9 323
1258 9 928
1269 9 335
1280 9 741
1291 9 599
1302 9 162
1313 9 286
1324 9 725
1335 9 218
1346 9 688
1357 9 407
1368 9 160
1379 9 832
1390 9 303
1401 9 894
1412 9 636
1423 9 167
1434 9 471
1445 9 596
1456 9 705
1467 9 1000
1478 9 152
1489 9 433
1500 9 312
1511 9 300
1522 9 171
1533 9 204
1544 9 681
1555 9 105
1566 9 404
1577 9 241
1588 9 898
1599 9 70
1610 9 404
1621 9 682
1632 9 549
1643 9 523
1654 9 868
1665 9 898
1676 9 650
1687 9 745
1698 9 97
1709 9 480
1720 9 383
1731 9 167
1742 9 81
1753 9 505
1764 9 759
1775 9 480
1786 9 725
1797 9 995
1808 9 440
1819 9 120
1830 9 532
1841 9 487
1852 9 215
1863 9 359
1874 9 232
1885 9 913
1896 9 114
1907 9 982
1918 9 638
1929 9 527
1940 9 934
1951 9 653
1962 9 924
1973 9 106
1984 9 489
1995 9 964
2006 9 469
2017 9 353
2028 9 510
2039 9 604
2050 9 781
2061 9 523
2072 9 866
2083 9 753
2094 9 139
2105 9 153
2116 9 338
2127 9 520
2138 9 183
2149 9 419
2160 9 402
2171 9 894
2182 9 439
2193 9 21
2204 9 215
2215 9 590
2226 9 871
2237 9 468
2248 9 151
2259 9 134
2270 9 56
2281 9 160
2292 9 24
2303 9 288
2314 9 831
2325 9 222
2336 9 261
2347 9 659
2358 9 898
2369 9 169
2380 9 283
2391 9 942
2402 9 747
2413 9 604
2424 9 599
2435 9 423
2446 9 708
2457 9 258
2468 9 390
2479 9 264
2490 9 529
2501 9 991
2512 9 534
2523 9 466
2534 9 937
2545 9 751
2556 9 134
2567 9 899
2578 9 734
2589 9 96
2600 9 498
2611 9 521
2622 9 627
2633 9 238
2644 9 116
2655 9 849
2666 9 219
2677 9 484
2688 9 379
2699 9 206
2710 9 329
2721 9 349
2732 9 712
2743 9 331
2754 9 307
2765 9 544
2776 9 126
2787 9 781
2798 9 712
2809 9 698
2820 9 629
2831 9 809
2842 9 60
2853 9 519
2864 9 618
2875 9 949
2886 9 708
2897 9 99
2908 9 295
2919 9 401
2930 9 184
2941 9 7
2952 9 357
2963 9 31
2974 9 967
2985 9 359
2996 9 714
6 10 750
17 10 355
28 10 742
39 10 897
50 10 953
61 10 832
72 10 649
83 10 164
94 10 994
105 10 961
116 10 914
127 10 44
138 10 667
149 10 868
160 10 221
171 10 323
182 10 45
193 10 849
204 10 860
215 10 378
226 10 182
237 10 32
248 10 219
259 10 324
270 10 513
281 10 571
292 10 603
303 10 622
314 10 822
325 10 93
336 10 585
347 10 307
358 10 397
369 10 3
380 10 677
391 10 213
402 10 274
413 10 200
424 10 997
435 10 775
446 10 690
457 10 621
468 10 679
479 10 756
490 10 315
501 10 340
512 10 971
523 10 460
534 10 70
545 10 43
556 10 287
567 10 725
578 10 937
589 10 196
600 10 695
611 10 430
622 10 835
633 10 667
644 10 833
655 10 741
666 10 188
677 10 670
688 10 652
699 10 894
710 10 481
721 10 52
732 10 898
743 10 885
754 10 631
765 10 187
776 10 740
787 10 594
798 10 618
809 10 803
820 10 98
831 10 291
842 10 1000
853 10 188
864 10 311
875 10 123
886 10 876
897 10 46
908 10 104
919 10 914
930 10 186
941 10 963
952 10 483
963 10 99
974 10 551
985 10 86
996 10 929
1007 10 142
1018 10 442
1029 10 441
1040 10 254
1051 10 941
1062 10 77
1073 10 125
1084 10 918
1095 10 62
1106 10 203
1117 10 332
1128 10 981
1139 10 11
1150 10 201
1161 10 753
1172 10 510
1183 10 801
1194 10 96
1205 10 473
1216 10 553
1227 10 770
1238 10 284
1249 10 472
1260 10 614
1271 10 79
1282 10 904
1293 10 219
1304 10 927
1315 10 763
1326 10 473
1337 10 159
1348 10 306
1359 10 140
1370 10 463
1381 10 320
1392 10 526
1403 10 776
1414 10 659
1425 10 96
1436 10 264
1447 10 209
1458 10 263
1469 10 472
1480 10 960
1491 10 940
1502 10 593
1513 10 479
1524 10 224
1535 10 139
1546 10 920
1557 10 133
1568 10 252
1579 10 820
1590 10 832
1601 10 914
1612 10 73
1623 10 643
1634 10 244
1645 10 278
1656 10 806
1667 10 260
1678 10 22
1689 10 450
1700 10 631
1711 10 48
1722 10 107
1733 10 638
1744 10 738
1755 10 1
1766 10 264
1777 10 324
1788 10 8
1799 10 648
1810 10 431
1821 10 30
1832 10 399
1843 10 512
1854 10 550
1865 10 783
1876 10 610
1887 10 878
1898 10 964
1909 10 298
1920 10 28
1931 10 237
1942 10 475
1953 10 880
1964 10 959
1975 10 784
1986 10 134
1997 10 481
2008 10 631
2019 10 816
2030 10 338
2041 10 497
2052 10 822
2063 10 594
2074 10 893
2085 10 272
2096 10 252
2107 10 304
2118 10 308
2129 10 511
2140 10 737
2151 10 122
2162 10 488
2173 10 557
2184 10 551
2195 10 608
2206 10 728
2217 10 384
2228 10 742
2239 10 918
2250 10 372
2261 10 747
2272 10 677
2283 10 838
2294 10 511
2305 10 850
2316 10 873
2327 10 381
2338 10 500
2349 10 949
2360 10 369
2371 10 647
2382 10 122
2393 10 499
2404 10 376
2415 10 118
2426 10 81
2437 10 8
2448 10 49
2459 10 686
2470 10 648
2481 10 126
2492 10 375
2503 10 972
2514 10 901
2525 10 261
2536 10 897
2547 10 259
2558 10 593
2569 10 891
2580 10 471
2591 10 225
2602 10 659
2613 10 883
2624 10 320
2635 10 960
2646 10 434
2657 10 693
2668 10 461
2679 10 329
2690 10 92
2701 10 820
2712 10 892
2723 10 36
2734 10 511
2745 10 759
2756 10 649
2767 10 693
2778 10 546
2789 10 906
2800 10 615
2811 10 818
2822 10 701
2833 10 436
2844 10 285
2855 10 947
2866 10 328
2877 10 416
2888 10 129
2899 10 381
2910 10 200
2921 10 375
2932 10 234
2943 10 613
2954 10 266
2965 10 85
2976 10 617
2987 10 720
2998 10 671
8 11 671
19 11 929
30 11 285
41 11 798
52 11 221
63 11 845
74 11 46
85 11 771
96 11 543
107 11 589
118 11 715
129 11 866
140 11 636
151 11 474
162 11 299
173 11 374
184 11 967
195 11 970
206 11 796
217 11 316
228 11 334
239 11 813
250 11 979
261 11 291
272 11 783
283 11 69
294 11 183
305 11 382
316 11 805
327 11 581
338 11 662
349 11 607
360 11 180
371 11 568
382 11 4
393 11 63
404 11 892
415 11 223
426 11 639
437 11 901
448 11 961
459 11 437
470 11 319
481 11 603
492 11 699
503 11 131
514 11 916
525 11 403
536 11 892
547 11 228
558 11 992
569 11 502
580 11 469
591 11 259
602 11 80
613 11 61
624 11 402
635 11 983
646 11 504
657 11 642
668 11 185
679 11 662
690 11 243
701 11 673
712 11 297
723 11 153
734 11 649
745 11 520
756 11 178
767 11 479
778 11 577
789 11 748
800 11 463
811 11 433
822 11 677
833 11 834
844 11 861
855 11 68
866 11 459
877 11 986
888 11 495
899 11 931
910 11 797
921 11 83
932 11 165
943 11 329
954 11 271
965 11 950
976 11 292
987 11 552
998 11 460
1009 11 826
1020 11 354
1031 11 578
1042 11 206
1053 11 20
1064 11 611
1075 11 777
1086 11 710
1097 11 560
1108 11 536
1119 11 856
1130 11 905
1141 11 304
1152 11 518
1163 11 899
1174 11 918
1185 11 45
1196 11 790
1207 11 162
1218 11 307
1229 11 504
1240 11 565
1251 11 441
1262 11 833
1273 11 705
1284 11 75
1295 11 42
1306 11 192
1317 11 406
1328 11 483
1339 11 491
1350 11 160
1361 11 992
1372 11 504
1383 11 537
1394 11 558
1405 11 637
1416 11 806
1427 11 268
1438 11 681
1449 11 703
1460 11 967
1471 11 329
1482 11 810
1493 11 105
1504 11 121
1515 11 474
1526 11 67
1537 11 616
1548 11 406
1559 11 930
1570 11 32
1581 11 1000
1592 11 446
1603 11 222
1614 11 456
1625 11 766
1636 11 717
1647 11 325
1658 11 580
1669 11 196
1680 11 589
1691 11 81
1702 11 632
1713 11 299
1724 11 614
1735 11 845
1746 11 825
1757 11 409
1768 11 201
1779 11 874
1790 11 258
1801 11 257
1812 11 127
1823 11 758
1834 11 312
1845 11 547
1856 11 970
1867 11 438
1878 11 421
1889 11 830
1900 11 913
1911 11 849
1922 11 19
1933 11 117
1944 11 506
1955 11 379
1966 11 585
1977 11 148
1988 11 220
1999 11 32
2010 11 764
2021 11 258
2032 11 302
2043 11 281
2054 11 572
2065 11 578
2076 11 5
2087 11 256
2098 11 452
2109 11 559
2120 11 693
2131 11 963
2142 11 55
2153 11 303
2164 11 25
2175 11 384
2186 11 361
2197 11 926
2208 11 841
2219 11 428
2230 11 447
2241 11 684
2252 11 968
2263 11 605
2274 11 675
2285 11 620
2296 11 751
2307 11 812
2318 11 625
2329 11 116
2340 11 75
2351 11 789
2362 11 550
2373 11 307
2384 11 385
2395 11 661
2406 11 178
2417 11 41
2428 11 657
2439 11 163
2450 11 811
2461 11 819
2472 11 542
2483 11 116
2494 11 360
2505 11 974
2516 11 451
2527 11 275
2538 11 336
2549 11 246
2560 11 425
2571 11 126
2582 11 74
2593 11 930
2604 11 662
2615 11 937
2626 11 723
2637 11 446
2648 11 469
2659 11 817
2670 11 490
2681 11 428
2692 11 536
2703 11 657
2714 11 347
2725 11 425
2736 11 210
2747 11 39
2758 11 851
2769 11 72
2780 11 342
2791 11 178
2802 11 849
2813 11 545
2824 11 608
2835 11 266
2846 11 508
2857 11 755
2868 11 353
2879 11 898
2890 11 687
2901 11 791
2912 11 607
2923 11 24
2934 11 974
2945 11 871
2956 11 313
2967 11 547
2978 11 310
2989 11 947
10 12 373
21 12 545
32 12 17
43 12 764
54 12 921
65 12 370
76 12 963
87 12 590
98 12 97
109 12 166
120 12 279
131 12 439
142 12 107
153 12 422
164 12 246
175 12 910
186 12 906
197 12 411
208 12 263
219 12 237
230 12 646
241 12 139
252 12 790
263 12 782
274 12 763
285 12 829
296 12 475
307 12 147
318 12 149
329 12 792
340 12 42
351 12 706
362 12 137
373 12 144
384 12 855
395 12 895
406 12 879
417 12 993
428 12 301
439 12 110
450 12 403
461 12 16
472 12 230
483 12 91
494 12 242
505 12 230
516 12 240
527 12 840
538 12 78
549 12 828
560 12 757
571 12 425
582 12 690
593 12 229
604 12 938
615 12 456
626 12 917
637 12 959
648 12 580
659 12 470
670 12 50
681 12 622
692 12 301
703 12 172
714 12 370
725 12 276
736 12 971
747 12 225
758 12 381
769 12 336
780 12 237
791 12 21
802 12 235
813 12 10
824 12 335
835 12 936
846 12 773
857 12 577
868 12 785
879 12 229
890 12 837
901 12 728
912 12 130
923 12 298
934 12 654
945 12 294
956 12 677
967 12 284
978 12 304
989 12 514
1000 12 412
1011 12 676
1022 12 933
1033 12 216
1044 12 382
1055 12 123
1066 12 822
1077 12 557
1088 12 185
1099 12 737
1110 12 563
1121 12 688
1132 12 860
1143 12 871
1154 12 398
1165 12 519
1176 12 688
1187 12 446
1198 12 695
1209 12 288
1220 12 831
1231 12 876
1242 12 381
1253 12 794
1264 12 573
1275 12 228
1286 12 694
1297 12 981
1308 12 841
1319 12 919
1330 12 823
1341 12 166
1352 12 920
1363 12 842
1374 12 369
1385 12 477
1396 12 516
1407 12 289
1418 12 952
1429 12 751
1440 12 638
1451 12 440
1462 12 819
1473 12 42
1484 12 130
1495 12 780
1506 12 495
1517 12 557
1528 12 225
1539 12 164
1550 12 124
1561 12 509
1572 12 895
1583 12 757
1594 12 63
1605 12 130
1616 12 55
1627 12 986
1638 12 624
1649 12 45
1660 12 934
1671 12 327
1682 12 593
1693 12 950
1704 12 312
1715 12 709
1726 12 406
1737 12 692
1748 12 134
1759 12 526
1770 12 24
1781 12 754
1792 12 265
1803 12 270
1814 12 618
1825 12 276
1836 12 56
1847 12 58
1858 12 616
1869 12 119
1880 12 168
1891 12 575
1902 12 26
1913 12 834
1924 12 207
1935 12 646
1946 12 521
1957 12 691
1968 12 528
1979 12 5
1990 12 627
2001 12 545
2012 12 44
2023 12 676
2034 12 723
2045 12 271
2056 12 412
2067 12 764
2078 12 625
2089 12 924
2100 12 828
2111 12 437
2122 12 419
2133 12 411
2144 12 592
2155 12 856
2166 12 521
2177 12 297
2188 12 807
2199 12 872
2210 12 547
2221 12 12
2232 12 612
2243 12 478
2254 12 780
2265 12 761
2276 12 202
2287 12 600
2298 12 89
2309 12 437
2320 12 619
2331 12 21
2342 12 175
2353 12 213
2364 12 269
2375 12 776
2386 12 667
2397 12 849
2408 12 295
2419 12 937
2430 12 712
2441 12 128
2452 12 659
2463 12 181
2474 12 289
2485 12 967
2496 12 161
2507 12 291
2518 12 240
2529 12 21
2540 12 315
2551 12 864
2562 12 446
2573 12 142
2584 12 635
2595 12 457
2606 12 146
2617 12 304
2628 12 48
2639 12 560
2650 12 493
2661 12 336
2672 12 51
2683 12 819
2694 12 869
2705 12 469
2716 12 186
2727 12 267
2738 12 48
2749 12 498
2760 12 56
2771 12 539
2782 12 246
2793 12 425
2804 12 874
2815 12 770
2826 12 985
2837 12 837
2848 12 186
2859 12 950
2870 12 462
2881 12 654
2892 12 525
2903 12 418
2914 12 902
2925 12 444
2936 12 608
2947 12 632
2958 12 407
2969 12 329
2980 12 820
2991 12 64
1 13 315
12 13 758
23 13 373
34 13 498
45 13 219
56 13 30
67 13 125
78 13 813
89 13 283
100 13 768
111 13 555
122 13 505
133 13 803
144 13 972
155 13 447
166 13 590
177 13 169
188 13 886
199 13 375
210 13 863
221 13 704
232 13 238
243 13 171
254 13 406
265 13 921
276 13 391
287 13 647
298 13 214
309 13 768
320 13 664
331 13 985
342 13 984
353 13 302
364 13 699
375 13 460
386 13 603
397 13 70
408 13 954
419 13 584
430 13 402
441 13 79
452 13 228
463 13 20
474 13 147
485 13 99
496 13 761
507 13 935
518 13 841
529 13 133
540 13 495
551 13 275
562 13 136
573 13 260
584 13 565
595 13 766
606 13 668
617 13 920
628 13 518
639 13 950
650 13 523
661 13 180
672 13 275
683 13 373
694 13 58
705 13 541
716 13 1000
727 13 147
738 13 556
749 13 928
760 13 809
771 13 619
782 13 220
793 13 365
804 13 402
815 13 551
826 13 635
837 13 647
848 13 917
859 13 71
870 13 116
881 13 547
892 13 688
903 13 113
914 13 898
925 13 174
936 13 368
947 13 434
958 13 696
969 13 413
980 13 714
991 13 237
1002 13 140
1013 13 304
1024 13 208
1035 13 635
1046 13 76
1057 13 684
1068 13 724
1079 13 92
1090 13 79
1101 13 390
1112 13 754
1123 13 194
1134 13 96
1145 13 634
1156 13 309
1167 13 501
1178 13 194
1189 13 676
1200 13 52
1211 13 757
1222 13 887
1233 13 719
1244 13 88
1255 13 112
1266 13 950
1277 13 278
1288 13 913
1299 13 152
1310 13 218
1321 13 96
1332 13 494
1343 13 802
1354 13 409
1365 13 208
1376 13 862
1387 13 2
1398 13 101
1409 13 91
1420 13 507
1431 13 586
1442 13 95
1453 13 571
1464 13 226
1475 13 388
1486 13 268
1497 13 86
1508 13 252
1519 13 980
1530 13 415
1541 13 752
1552 13 502
1563 13 163
1574 13 265
1585 13 776
1596 13 169
1607 13 504
1618 13 910
1629 13 799
1640 13 427
1651 13 288
1662 13 454
1673 13 780
1684 13 399
1695 13 772
1706 13 233
1717 13 756
1728 13 805
1739 13 705
1750 13 363
1761 13 840
1772 13 228
1783 13 59
1794 13 637
1805 13 925
1816 13 840
1827 13 551
1838 13 292
1849 13 591
1860 13 426
1871 13 462
1882 13 812
1893 13 836
1904 13 37
1915 13 383
1926 13 713
1937 13 918
1948 13 584
1959 13 538
1970 13 343
1981 13 688
1992 13 287
2003 13 67
2014 13 508
2025 13 626
2036 13 209
2047 13 230
2058 13 765
2069 13 114
2080 13 600
2091 13 27
2102 13 480
2113 13 565
2124 13 878
2135 13 374
2146 13 67
2157 13 781
2168 13 931
2179 13 444
2190 13 321
2201 13 247
2212 13 233
2223 13 657
2234 13 566
2245 13 447
2256 13 665
2267 13 958
2278 13 847
2289 13 66
2300 13 537
2311 13 818
2322 13 153
2333 13 528
2344 13 433
2355 13 155
2366 13 761
2377 13 151
2388 13 371
2399 13 677
2410 13 173
2421 13 485
2432 13 669
2443 13 641
2454 13 351
2465 13 84
2476 13 905
2487 13 663
2498 13 260
2509 13 611
2520 13 96
2531 13 133
2542 13 369
2553 13 607
2564 13 111
2575 13 68
2586 13 304
2597 13 941
2608 13 534
2619 13 224
2630 13 87
2641 13 615
2652 13 810
2663 13 920
2674 13 981
2685 13 57
2696 13 197
2707 13 23
2718 13 659
2729 13 677
2740 13 154
2751 13 441
2762 13 397
2773 13 765
2784 13 469
2795 13 835
2806 13 466
2817 13 196
2828 13 734
2839 13 422
2850 13 1
2861 13 74
2872 13 663
2883 13 581
2894 13 926
2905 13 116
2916 13 428
2927 13 139
2938 13 402
2949 13 97
2960 13 934
2971 13 954
2982 13 711
2993 13 819
3 14 352
14 14 708
25 14 219
36 14 620
47 14 52
58 14 50
69 14 457
80 14 916
91 14 931
102 14 818
113 14 382
124 14 981
135 14 155
146 14 403
157 14 379
168 14 881
179 14 767
190 14 767
201 14 561
212 14 780
223 14 631
234 14 879
245 14 404
256 14 108
267 14 791
278 14 110
289 14 902
300 14 526
311 14 51
322 14 362
333 14 690
344 14 606
355 14 445
366 14 70
377 14 864
388 14 927
399 14 388
410 14 202
421 14 997
432 14 126
443 14 447
454 14 91
465 14 878
476 14 423
487 14 645
498 14 313
509 14 556
520 14 561
531 14 929
542 14 246
553 14 510
564 14 881
575 14 967
586 14 430
597 14 983
608 14 749
619 14 801
630 14 736
641 14 422
652 14 606
663 14 241
674 14 490
685 14 692
696 14 733
707 14 997
718 14 389
729 14 561
740 14 42
751 14 496
762 14 286
773 14 339
784 14 82
795 14 804
806 14 440
817 14 264
828 14 381
839 14 46
850 14 873
861 14 587
872 14 249
883 14 442
894 14 181
905 14 297
916 14 38
927 14 28
938 14 938
949 14 584
960 14 949
971 14 227
982 14 241
993 14 224
1004 14 967
1015 14 522
1026 14 738
1037 14 808
1048 14 289
1059 14 193
1070 14 568
1081 14 474
1092 14 277
1103 14 91
1114 14 395
1125 14 326
1136 14 926
1147 14 171
1158 14 807
1169 14 42
1180 14 324
1191 14 705
1202 14 120
1213 14 532
1224 14 957
1235 14 572
1246 14 82
1257 14 23
1268 14 224
1279 14 566
1290 14 636
1301 14 348
1312 14 730
1323 14 185
1334 14 781
1345 14 599
1356 14 93
1367 14 693
1378 14 924
1389 14 981
1400 14 332
1411 14 117
1422 14 218
1433 14 893
1444 14 184
1455 14 606
1466 14 303
1477 14 766
1488 14 363
1499 14 509
1510 14 426
1521 14 730
1532 14 473
1543 14 976
1554 14 455
1565 14 168
1576 14 13
1587 14 62
1598 14 983
1609 14 508
1620 14 296
1631 14 730
1642 14 910
1653 14 276
1664 14 438
1675 14 13
1686 14 251
1697 14 144
1708 14 723
1719 14 274
1730 14 696
1741 14 184
1752 14 726
1763 14 45
1774 14 468
1785 14 974
1796 14 270
1807 14 466
1818 14 900
1829 14 176
1840 14 90
1851 14 219
1862 14 612
1873 14 323
1884 14 611
1895 14 357
1906 14 855
1917 14 618
1928 14 515
1939 14 465
1950 14 488
1961 14 90
1972 14 795
1983 14 803
1994 14 35
2005 14 704
2016 14 946
2027 14 1000
2038 14 260
2049 14 664
2060 14 911
2071 14 633
2082 14 939
2093 14 878
2104 14 258
2115 14 794
2126 14 50
2137 14 35
2148 14 981
2159 14 646
2170 14 18
2181 14 578
2192 14 239
2203 14 457
2214 14 653
2225 14 726
2236 14 757
2247 14 713
2258 14 247
2269 14 689
2280 14 731
2291 14 461
2302 14 14
2313 14 273
2324 14 76
2335 14 887
2346 14 53
2357 14 211
2368 14 514
2379 14 17
2390 14 969
2401 14 114
2412 14 753
2423 14 187
2434 14 732
2445 14 93
2456 14 905
2467 14 2
2478 14 80
2489 14 256
2500 14 1000
2511 14 476
2522 14 790
2533 14 168
2544 14 733
2555 14 312
2566 14 563
2577 14 250
2588 14 685
2599 14 697
2610 14 328
2621 14 967
2632 14 576
2643 14 704
2654 14 87
2665 14 51
2676 14 451
2687 14 223
2698 14 58
2709 14 752
2720 14 995
2731 14 130
2742 14 223
2753 14 101
2764 14 97
2775 14 9
2786 14 694
2797 14 574
2808 14 701
2819 14 736
2830 14 568
2841 14 31
2852 14 266
2863 14 581
2874 14 285
2885 14 598
2896 14 545
2907 14 561
2918 14 412
2929 14 312
2940 14 891
2951 14 89
2962 14 975
2973 14 569
2984 14 681
2995 14 585
5 15 467
16 15 494
27 15 659
38 15 222
49 15 240
60 15 78
71 15 273
82 15 245
93 15 190
104 15 216
115 15 21
126 15 386
137 15 908
148 15 243
159 15 823
170 15 938
181 15 329
192 15 147
203 15 551
214 15 260
225 15 233
236 15 504
247 15 527
258 15 762
269 15 143
280 15 372
291 15 863
302 15 511
313 15 993
324 15 652
335 15 78
346 15 517
357 15 638
368 15 445
379 15 893
390 15 824
401 15 933
412 15 771
423 15 11
434 15 995
445 15 574
456 15 109
467 15 48
478 15 792
489 15 751
500 15 905
511 15 830
522 15 527
533 15 827
544 15 422
555 15 206
566 15 27
577 15 974
588 15 516
599 15 398
610 15 115
621 15 899
632 15 19
643 15 167
654 15 694
665 15 901
676 15 178
687 15 24
698 15 898
709 15 785
720 15 550
731 15 460
742 15 861
753 15 121
764 15 78
775 15 793
786 15 287
797 15 413
808 15 426
819 15 936
830 15 789
841 15 569
852 15 378
863 15 991
874 15 419
885 15 539
896 15 937
907 15 523
918 15 516
929 15 220
940 15 481
951 15 519
962 15 266
973 15 431
984 15 565
995 15 650
1006 15 742
1017 15 491
1028 15 525
1039 15 357
1050 15 458
1061 15 209
1072 15 583
1083 15 525
1094 15 866
1105 15 465
1116 15 534
1127 15 18
1138 15 112
1149 15 89
1160 15 281
1171 15 83
1182 15 88
1193 15 760
1204 15 401
1215 15 161
1226 15 905
1237 15 983
1248 15 400
1259 15 776
1270 15 703
1281 15 843
1292 15 818
1303 15 451
1314 15 200
1325 15 500
1336 15 955
1347 15 716
1358 15 437
1369 15 937
1380 15 451
1391 15 572
1402 15 528
1413 15 795
1424 15 763
1435 15 334
1446 15 567
1457 15 128
1468 15 360
1479 15 908
1490 15 971
1501 15 756
1512 15 506
1523 15 216
1534 15 744
1545 15 772
1556 15 980
1567 15 271
1578 15 320
1589 15 610
1600 15 56
1611 15 487
1622 15 278
1633 15 324
1644 15 371
1655 15 225
1666 15 246
1677 15 565
1688 15 674
1699 15 943
1710 15 638
1721 15 169
1732 15 594
1743 15 861
1754 15 955
1765 15 339
1776 15 373
1787 15 976
1798 15 281
1809 15 737
1820 15 674
1831 15 451
1842 15 951
1853 15 373
1864 15 925
1875 15 326
1886 15 10
1897 15 103
1908 15 365
1919 15 659
1930 15 449
1941 15 480
1952 15 657
1963 15 935
1974 15 151
1985 15 408
1996 15 651
2007 15 523
2018 15 629
2029 15 682
2040 15 989
2051 15 78
2062 15 992
2073 15 249
2084 15 393
2095 15 736
2106 15 382
2117 15 779
2128 15 341
2139 15 151
2150 15 569
2161 15 442
2172 15 678
2183 15 549
2194 15 967
2205 15 327
2216 15 113
2227 15 354
2238 15 902
2249 15 388
2260 15 5
2271 15 83
2282 15 363
2293 15 483
2304 15 515
2315 15 859
2326 15 543
2337 15 608
2348 15 645
2359 15 303
2370 15 746
2381 15 846
2392 15 99
2403 15 33
2414 15 534
2425 15 2
2436 15 677
2447 15 169
2458 15 625
2469 15 971
2480 15 605
2491 15 820
2502 15 734
2513 15 80
2524 15 886
2535 15 905
2546 15 578
2557 15 631
2568 15 287
2579 15 734
2590 15 734
2601 15 733
2612 15 70
2623 15 875
2634 15 355
2645 15 606
2656 15 953
2667 15 390
2678 15 588
2689 15 273
2700 15 844
2711 15 214
2722 15 735
2733 15 427
2744 15 828
2755 15 532
2766 15 514
2777 15 275
2788 15 234
2799 15 403
2810 15 386
2821 15 120
2832 15 188
2843 15 721
2854 15 267
2865 15 571
2876 15 321
2887 15 644
2898 15 199
2909 15 598
2920 15 933
2931 15 987
2942 15 785
2953 15 995
2964 15 846
2975 15 583
2986 15 141
2997 15 108
7 16 614
18 16 448
29 16 699
40 16 560
51 16 272
62 16 251
73 16 428
84 16 871
95 16 367
106 16 668
117 16 321
128 16 932
139 16 672
150 16 60
161 16 356
172 16 236
183 16 624
194 16 74
205 16 355
216 16 110
227 16 814
238 16 721
249 16 690
260 16 576
271 16 503
282 16 234
293 16 948
304 16 519
315 16 823
326 16 288
337 16 89
348 16 324
359 16 245
370 16 828
381 16 442
392 16 782
403 16 979
414 16 256
425 16 812
436 16 415
447 16 716
458 16 976
469 16 896
480 16 505
491 16 125
502 16 18
513 16 861
524 16 823
535 16 880
546 16 127
557 16 75
568 16 357
579 16 381
590 16 869
601 16 696
612 16 257
623 16 356
634 16 330
645 16 172
656 16 735
667 16 740
678 16 368
689 16 242
700 16 709
711 16 558
722 16 1
733 16 398
744 16 287
755 16 979
766 16 665
777 16 485
788 16 824
799 16 782
810 16 226
821 16 132
832 16 546
843 16 38
854 16 149
865 16 816
876 16 866
887 16 727
898 16 976
909 16 532
920 16 915
931 16 477
942 16 184
953 16 392
964 16 461
975 16 151
986 16 992
997 16 771
1008 16 39
1019 16 229
1030 16 335
1041 16 195
1052 16 865
1063 16 530
1074 16 82
1085 16 530
1096 16 415
1107 16 325
1118 16 501
1129 16 285
1140 16 19
1151 16 589
1162 16 952
1173 16 729
1184 16 153
1195 16 163
1206 16 313
1217 16 572
1228 16 765
1239 16 806
1250 16 637
1261 16 906
1272 16 512
1283 16 44
1294 16 997
1305 16 272
1316 16 839
1327 16 856
1338 16 920
1349 16 696
1360 16 830
1371 16 762
1382 16 204
1393 16 258
1404 16 289
1415 16 122
1426 16 399
1437 16 205
1448 16 341
1459 16 652
1470 16 459
1481 16 385
1492 16 15
1503 16 134
1514 16 735
1525 16 312
1536 16 895
1547 16 141
1558 16 987
1569 16 139
1580 16 25
1591 16 335
1602 16 423
1613 16 949
1624 16 140
1635 16 741
1646 16 317
1657 16 17
1668 16 413
1679 16 51
1690 16 560
1701 16 976
1712 16 66
1723 16 126
1734 16 365
1745 16 13
1756 16 150
1767 16 803
1778 16 662
1789 16 69
1800 16 384
1811 16 946
1822 16 361
1833 16 958
1844 16 109
1855 16 484
1866 16 706
1877 16 44
1888 16 514
1899 16 722
1910 16 432
1921 16 320
1932 16 839
1943 16 553
1954 16 491
1965 16 157
1976 16 172
1987 16 238
1998 16 23
2009 16 979
2020 16 126
2031 16 977
2042 16 938
2053 16 343
2064 16 33
2075 16 894
2086 16 163
2097 16 100
2108 16 977
2119 16 406
2130 16 721
2141 16 214
2152 16 693
2163 16 949
2174 16 997
2185 16 841
2196 16 493
2207 16 586
2218 16 636
2229 16 967
2240 16 472
2251 16 178
2262 16 33
2273 16 533
2284 16 726
2295 16 728
2306 16 386
2317 16 928
2328 16 2
2339 16 201
2350 16 136
2361 16 206
2372 16 95
2383 16 381
2394 16 764
2405 16 857
2416 16 158
2427 16 810
2438 16 170
2449 16 745
2460 16 558
2471 16 670
2482 16 421
2493 16 979
2504 16 678
2515 16 446
2526 16 108
2537 16 550
2548 16 168
2559 16 63
2570 16 80
2581 16 79
2592 16 961
2603 16 635
2614 16 705
2625 16 434
2636 16 607
2647 16 648
2658 16 352
2669 16 962
2680 16 85
2691 16 711
2702 16 252
2713 16 359
2724 16 553
2735 16 39
2746 16 692
2757 16 207
2768 16 990
2779 16 635
2790 16 322
2801 16 346
2812 16 530
2823 16 302
2834 16 432
2845 16 167
2856 16 699
2867 16 265
2878 16 707
2889 16 595
2900 16 2
2911 16 994
2922 16 756
2933 16 969
2944 16 471
2955 16 430
2966 16 724
2977 16 426
2988 16 314
2999 16 934
9 17 369
20 17 513
31 17 7
42 17 836
53 17 619
64 17 488
75 17 725
86 17 508
97 17 253
108 17 951
119 17 633
130 17 41
141 17 587
152 17 710
163 17 594
174 17 573
185 17 193
196 17 445
207 17 103
218 17 57
229 17 120
240 17 27
251 17 315
262 17 113
273 17 924
284 17 954
295 17 398
306 17 347
317 17 458
328 17 122
339 17 356
350 17 825
361 17 899
372 17 467
383 17 460
394 17 220
405 17 218
416 17 188
427 17 233
438 17 946
449 17 963
460 17 964
471 17 875
482 17 161
493 17 384
504 17 273
515 17 60
526 17 205
537 17 987
548 17 934
559 17 549
570 17 888
581 17 62
592 17 58
603 17 386
614 17 701
625 17 273
636 17 634
647 17 194
658 17 324
669 17 568
680 17 89
691 17 806
702 17 779
713 17 315
724 17 887
735 17 373
746 17 821
757 17 942
768 17 529
779 17 102
790 17 238
801 17 719
812 17 550
823 17 836
834 17 124
845 17 29
856 17 363
867 17 59
878 17 367
889 17 419
900 17 636
911 17 102
922 17 399
933 17 536
944 17 972
955 17 662
966 17 774
977 17 412
988 17 468
999 17 477
1010 17 931
1021 17 363
1032 17 323
1043 17 738
1054 17 502
1065 17 730
1076 17 68
1087 17 909
1098 17 699
1109 17 139
1120 17 699
1131 17 683
1142 17 792
1153 17 903
1164 17 346
1175 17 442
1186 17 444
1197 17 260
1208 17 663
1219 17 754
1230 17 680
1241 17 117
1252 17 747
1263 17 453
1274 17 553
1285 17 657
1296 17 923
1307 17 423
1318 17 850
1329 17 217
1340 17 480
1351 17 188
1362 17 205
1373 17 755
1384 17 596
1395 17 44
1406 17 816
1417 17 286
1428 17 897
1439 17 224
1450 17 575
1461 17 465
1472 17 227
1483 17 384
1494 17 70
1505 17 812
1516 17 996
1527 17 443
1538 17 893
1549 17 179
1560 17 986
1571 17 340
1582 17 263
1593 17 342
1604 17 190
1615 17 963
1626 17 913
1637 17 230
1648 17 106
1659 17 647
1670 17 757
1681 17 201
1692 17 859
1703 17 282
1714 17 687
1725 17 827
1736 17 70
1747 17 124
1758 17 477
1769 17 471
1780 17 524
1791 17 938
1802 17 451
1813 17 228
1824 17 165
1835 17 970
1846 17 847
1857 17 449
1868 17 656
1879 17 477
1890 17 690
1901 17 403
1912 17 779
1923 17 538
1934 17 498
1945 17 977
1956 17 625
1967 17 503
1978 17 5
1989 17 63
2000 17 82
2011 17 55
2022 17 302
2033 17 353
2044 17 412
2055 17 13
2066 17 468
2077 17 889
2088 17 156
2099 17 323
2110 17 81
2121 17 378
2132 17 490
2143 17 964
2154 17 758
2165 17 807
2176 17 604
2187 17 580
2198 17 884
2209 17 944
2220 17 763
2231 17 307
2242 17 226
2253 17 736
2264 17 169
2275 17 220
2286 17 664
2297 17 741
2308 17 120
2319 17 170
2330 17 798
2341 17 723
2352 17 587
2363 17 559
2374 17 761
2385 17 755
2396 17 556
2407 17 477
2418 17 563
2429 17 655
2440 17 817
2451 17 627
2462 17 116
2473 17 505
2484 17 347
2495 17 662
2506 17 113
2517 17 309
2528 17 653
2539 17 834
2550 17 674
2561 17 838
2572 17 255
2583 17 357
2594 17 861
2605 17 902
2616 17 762
2627 17 884
2638 17 450
2649 17 946
2660 17 373
2671 17 361
2682 17 333
2693 17 815
2704 17 955
2715 17 63
2726 17 218
2737 17 827
2748 17 667
2759 17 643
2770 17 898
2781 17 578
2792 17 956
2803 17 34
2814 17 193
2825 17 505
2836 17 424
2847 17 398
2858 17 384
2869 17 790
2880 17 447
2891 17 583
2902 17 728
2913 17 925
2924 17 687
2935 17 2
2946 17 174
2957 17 868
2968 17 893
2979 17 67
2990 17 437
0 18 277
11 18 774
22 18 356
33 18 50
44 18 519
55 18 730
66 18 233
77 18 177
88 18 785
99 18 70
110 18 389
121 18 675
132 18 721
143 18 107
154 18 372
165 18 914
176 18 977
187 18 58
198 18 565
209 18 893
220 18 386
231 18 320
242 18 814
253 18 217
264 18 228
275 18 472
286 18 319
297 18 271
308 18 844
319 18 603
330 18 674
341 18 136
352 18 86
363 18 934
374 18 619
385 18 597
396 18 157
407 18 364
418 18 910
429 18 632
440 18 243
451 18 537
462 18 565
473 18 223
484 18 547
495 18 990
506 18 795
517 18 404
528 18 392
539 18 533
550 18 676
561 18 225
572 18 117
583 18 676
594 18 713
605 18 219
616 18 133
627 18 709
638 18 291
649 18 138
660 18 757
671 18 202
682 18 483
693 18 88
704 18 849
715 18 748
726 18 111
737 18 537
748 18 512
759 18 961
770 18 494
781 18 686
792 18 956
803 18 706
814 18 54
825 18 436
836 18 100
847 18 224
858 18 102
869 18 178
880 18 253
891 18 437
902 18 70
913 18 179
924 18 146
935 18 955
946 18 356
957 18 793
968 18 27
979 18 16
990 18 956
1001 18 809
1012 18 138
1023 18 115
1034 18 656
1045 18 613
1056 18 127
1067 18 937
1078 18 246
1089 18 117
1100 18 694
1111 18 237
1122 18 722
1133 18 870
1144 18 411
1155 18 870
1166 18 88
1177 18 127
1188 18 776
1199 18 759
1210 18 167
1221 18 167
1232 18 541
1243 18 280
1254 18 208
1265 18 266
1276 18 99
1287 18 668
1298 18 139
1309 18 259
1320 18 230
1331 18 998
1342 18 519
1353 18 592
1364 18 579
1375 18 548
1386 18 529
1397 18 559
1408 18 927
1419 18 642
1430 18 91
1441 18 230
1452 18 142
1463 18 22
1474 18 47
1485 18 394
1496 18 232
1507 18 592
1518 18 688
1529 18 626
1540 18 642
1551 18 617
1562 18 474
1573 18 709
1584 18 124
1595 18 277
1606 18 534
1617 18 945
1628 18 724
1639 18 350
1650 18 645
1661 18 209
1672 18 919
1683 18 157
1694 18 195
1705 18 687
1716 18 331
1727 18 935
1738 18 568
1749 18 763
1760 18 945
1771 18 340
1782 18 757
1793 18 20
1804 18 965
1815 18 220
1826 18 470
1837 18 208
1848 18 548
1859 18 763
1870 18 701
1881 18 290
1892 18 913
1903 18 736
1914 18 885
1925 18 900
1936 18 663
1947 18 239
1958 18 517
1969 18 142
1980 18 819
1991 18 128
2002 18 947
2013 18 74
2024 18 510
2035 18 708
2046 18 845
2057 18 999
2068 18 418
2079 18 675
2090 18 967
2101 18 544
2112 18 449
2123 18 455
2134 18 47
2145 18 417
2156 18 126
2167 18 361
2178 18 615
2189 18 435
2200 18 910
2211 18 370
2222 18 134
2233 18 500
2244 18 107
2255 18 958
2266 18 916
2277 18 119
2288 18 860
2299 18 73
2310 18 512
2321 18 659
2332 18 528
2343 18 403
2354 18 320
2365 18 104
2376 18 560
2387 18 134
2398 18 799
2409 18 60
2420 18 602
2431 18 375
2442 18 413
2453 18 2
2464 18 348
2475 18 118
2486 18 873
2497 18 455
2508 18 524
2519 18 370
2530 18 353
2541 18 574
2552 18 999
2563 18 338
2574 18 382
2585 18 799
2596 18 841
2607 18 630
2618 18 282
2629 18 806
2640 18 852
2651 18 611
2662 18 943
2673 18 193
2684 18 437
2695 18 150
2706 18 426
2717 18 24
2728 18 30
2739 18 787
2750 18 230
2761 18 717
2772 18 165
2783 18 116
2794 18 359
2805 18 406
2816 18 53
2827 18 695
2838 18 934
2849 18 944
2860 18 156
2871 18 244
2882 18 791
2893 18 612
2904 18 801
2915 18 47
2926 18 414
2937 18 108
2948 18 891
2959 18 998
2970 18 115
2981 18 256
2992 18 969
2 19 743
13 19 815
24 19 264
35 19 26
46 19 417
57 19 439
68 19 728
79 19 826
90 19 876
101 19 368
112 19 26
123 19 617
134 19 407
145 19 884
156 19 561
167 19 502
178 19 497
189 19 354
200 19 563
211 19 84
222 19 564
233 19 3
244 19 981
255 19 332
266 19 654
277 19 21
288 19 292
299 19 543
310 19 357
321 19 667
332 19 344
343 19 175
354 19 420
365 19 179
376 19 264
387 19 215
398 19 588
409 19 517
420 19 44
431 19 471
442 19 245
453 19 45
464 19 426
475 19 913
486 19 22
497 19 459
508 19 794
519 19 281
530 19 718
541 19 819
552 19 371
563 19 59
574 19 927
585 19 639
596 19 744
607 19 847
618 19 72
629 19 872
640 19 622
651 19 468
662 19 488
673 19 872
684 19 620
695 19 415
706 19 278
717 19 544
728 19 822
739 19 390
750 19 376
761 19 395
772 19 414
783 19 744
794 19 854
805 19 869
816 19 844
827 19 174
838 19 588
849 19 496
860 19 727
871 19 365
882 19 61
893 19 913
904 19 958
915 19 236
926 19 27
937 19 529
948 19 451
959 19 811
970 19 175
981 19 744
992 19 97
1003 19 130
1014 19 253
1025 19 497
1036 19 861
1047 19 777
1058 19 975
1069 19 611
1080 19 161
1091 19 432
1102 19 949
1113 19 532
1124 19 307
1135 19 721
1146 19 668
1157 19 135
1168 19 7
1179 19 659
1190 19 621
1201 19 359
1212 19 315
1223 19 619
1234 19 709
1245 19 137
1256 19 42
1267 19 376
1278 19 84
1289 19 186
1300 19 31
1311 19 148
1322 19 870
1333 19 782
1344 19 973
1355 19 605
1366 19 792
1377 19 419
1388 19 183
1399 19 224
1410 19 721
1421 19 391
1432 19 237
1443 19 73
1454 19 789
1465 19 297
1476 19 801
1487 19 478
1498 19 702
1509 19 872
1520 19 717
1531 19 226
1542 19 265
1553 19 812
1564 19 708
1575 19 289
1586 19 485
1597 19 958
1608 19 726
1619 19 595
1630 19 488
1641 19 977
1652 19 565
1663 19 744
1674 19 501
1685 19 67
1696 19 209
1707 19 768
1718 19 668
1729 19 135
1740 19 288
1751 19 838
1762 19 850
1773 19 748
1784 19 780
1795 19 116
1806 19 602
1817 19 222
1828 19 691
1839 19 479
1850 19 595
1861 19 311
1872 19 620
1883 19 531
1894 19 495
1905 19 350
1916 19 699
1927 19 355
1938 19 318
1949 19 761
1960 19 154
1971 19 92
1982 19 245
1993 19 692
2004 19 573
2015 19 97
2026 19 465
2037 19 151
2048 19 43
2059 19 217
2070 19 379
2081 19 417
2092 19 469
2103 19 707
2114 19 171
2125 19 894
2136 19 122
2147 19 660
2158 19 376
2169 19 56
2180 19 492
2191 19 892
2202 19 915
2213 19 621
2224 19 472
2235 19 181
2246 19 586
2257 19 908
2268 19 950
2279 19 919
2290 19 845
2301 19 557
2312 19 423
2323 19 545
2334 19 330
2345 19 775
2356 19 97
2367 19 728
2378 19 840
2389 19 784
2400 19 862
2411 19 344
2422 19 770
2433 19 171
2444 19 444
2455 19 555
2466 19 96
2477 19 711
2488 19 242
2499 19 787
2510 19 834
2521 19 951
2532 19 155
2543 19 552
2554 19 956
2565 19 517
2576 19 196
2587 19 370
2598 19 36
2609 19 191
2620 19 489
2631 19 53
2642 19 329
2653 19 144
2664 19 23
2675 19 158
2686 19 754
2697 19 207
2708 19 60
2719 19 260
2730 19 399
2741 19 971
2752 19 711
2763 19 933
2774 19 136
2785 19 228
2796 19 47
2807 19 571
2818 19 810
2829 19 400
2840 19 935
2851 19 42
2862 19 600
2873 19 354
2884 19 478
2895 19 645
2906 19 686
2917 19 49
2928 19 507
2939 19 998
2950 19 255
2961 19 34
2972 19 107
2983 19 819
2994 19 508
4 20 306
15 20 66
26 20 852
37 20 676
48 20 166
59 20 800
70 20 929
81 20 605
92 20 847
103 20 459
114 20 351
125 20 245
136 20 343
147 20 50
158 20 518
169 20 573
180 20 586
191 20 150
202 20 613
213 20 627
224 20 758
235 20 109
246 20 755
257 20 703
268 20 222
279 20 804
290 20 731
301 20 290
312 20 46
323 20 7
334 20 589
345 20 982
356 20 908
367 20 154
378 20 148
389 20 838
400 20 874
411 20 134
422 20 367
433 20 196
444 20 109
455 20 445
466 20 728
477 20 926
488 20 258
499 20 30
510 20 95
521 20 527
532 20 527
543 20 409
554 20 948
565 20 311
576 20 393
587 20 996
598 20 484
609 20 274
620 20 108
631 20 798
642 20 307
653 20 984
664 20 237
675 20 170
686 20 79
697 20 499
708 20 816
719 20 130
730 20 872
741 20 625
752 20 363
763 20 771
774 20 276
785 20 883
796 20 558
807 20 661
818 20 152
829 20 421
840 20 827
851 20 654
862 20 962
873 20 179
884 20 362
895 20 817
906 20 192
917 20 150
928 20 739
939 20 208
950 20 408
961 20 780
972 20 821
983 20 113
994 20 469
1005 20 303
1016 20 716
1027 20 872
1038 20 341
1049 20 723
1060 20 268
1071 20 769
1082 20 325
1093 20 309
1104 20 604
1115 20 21
1126 20 738
1137 20 961
1148 20 21
1159 20 435
1170 20 633
1181 20 108
1192 20 332
1203 20 598
1214 20 427
1225 20 839
1236 20 627
1247 20 3
1258 20 741
1269 20 435
1280 20 388
1291 20 807
1302 20 280
1313 20 935
1324 20 320
1335 20 780
1346 20 644
1357 20 317
1368 20 260
1379 20 949
1390 20 709
1401 20 523
1412 20 788
1423 20 728
1434 20 981
1445 20 823
1456 20 63
1467 20 391
1478 20 645
1489 20 703
1500 20 223
1511 20 911
1522 20 163
1533 20 919
1544 20 273
1555 20 273
1566 20 638
1577 20 951
1588 20 729
1599 20 372
1610 20 328
1621 20 100
1632 20 822
1643 20 776
1654 20 14
1665 20 68
1676 20 654
1687 20 848
1698 20 146
1709 20 748
1720 20 510
1731 20 767
1742 20 683
1753 20 179
1764 20 606
1775 20 333
1786 20 669
1797 20 264
1808 20 593
1819 20 569
1830 20 112
1841 20 161
1852 20 596
1863 20 753
1874 20 922
1885 20 865
1896 20 352
1907 20 551
1918 20 883
1929 20 375
1940 20 563
1951 20 955
1962 20 172
1973 20 723
1984 20 274
1995 20 286
2006 20 992
2017 20 585
2028 20 141
2039 20 504
2050 20 913
2061 20 166
2072 20 762
2083 20 384
2094 20 316
2105 20 88
2116 20 311
2127 20 659
2138 20 563
2149 20 608
2160 20 231
2171 20 913
2182 20 769
2193 20 77
2204 20 57
2215 20 636
2226 20 864
2237 20 38
2248 20 355
2259 20 495
2270 20 847
2281 20 233
2292 20 441
2303 20 713
2314 20 385
2325 20 494
2336 20 835
2347 20 215
2358 20 708
2369 20 302
2380 20 573
2391 20 721
2402 20 230
2413 20 163
2424 20 51
2435 20 955
2446 20 166
2457 20 727
2468 20 54
2479 20 300
2490 20 437
2501 20 271
2512 20 56
2523 20 228
2534 20 330
2545 20 717
2556 20 776
2567 20 588
2578 20 791
2589 20 942
2600 20 120
2611 20 146
2622 20 175
2633 20 637
2644 20 491
2655 20 320
2666 20 919
2677 20 193
2688 20 492
2699 20 791
2710 20 752
2721 20 813
2732 20 962
2743 20 493
2754 20 625
2765 20 945
2776 20 431
2787 20 167
2798 20 484
2809 20 680
2820 20 290
2831 20 877
2842 20 268
2853 20 84
2864 20 90
2875 20 330
2886 20 900
2897 20 425
2908 20 874
2919 20 595
2930 20 98
2941 20 271
2952 20 856
2963 20 453
2974 20 243
2985 20 859
2996 20 194
6 21 839
17 21 785
28 21 407
39 21 956
50 21 623
61 21 508
72 21 52
83 21 596
94 21 58
105 21 28
116 21 786
127 21 783
138 21 191
149 21 254
160 21 578
171 21 32
182 21 216
193 21 529
204 21 362
215 21 105
226 21 894
237 21 318
248 21 396
259 21 12
270 21 523
281 21 964
292 21 801
303 21 7
314 21 427
325 21 876
336 21 846
347 21 366
358 21 904
369 21 565
380 21 962
391 21 860
402 21 552
413 21 823
424 21 702
435 21 737
446 21 973
457 21 676
468 21 337
479 21 539
490 21 198
501 21 441
512 21 129
523 21 356
534 21 701
545 21 340
556 21 410
567 21 734
578 21 303
589 21 88
600 21 830
611 21 533
622 21 537
633 21 824
644 21 856
655 21 269
666 21 140
677 21 731
688 21 263
699 21 816
710 21 341
721 21 197
732 21 759
743 21 604
754 21 72
765 21 517
776 21 752
787 21 629
798 21 385
809 21 780
820 21 525
831 21 735
842 21 696
853 21 308
864 21 599
875 21 1000
886 21 457
897 21 827
908 21 187
919 21 667
930 21 129
941 21 118
952 21 307
963 21 142
974 21 997
985 21 29
996 21 364
1007 21 909
1018 21 655
1029 21 676
1040 21 173
1051 21 428
1062 21 298
1073 21 319
1084 21 658
1095 21 441
1106 21 254
1117 21 825
1128 21 60
1139 21 421
1150 21 793
1161 21 407
1172 21 259
1183 21 509
1194 21 225
1205 21 824
1216 21 429
1227 21 688
1238 21 135
1249 21 434
1260 21 372
1271 21 128
1282 21 187
1293 21 375
1304 21 572
1315 21 271
1326 21 105
1337 21 241
1348 21 312
1359 21 123
1370 21 328
1381 21 52
1392 21 490
1403 21 974
1414 21 63
1425 21 214
1436 21 404
1447 21 800
1458 21 154
1469 21 230
1480 21 33
1491 21 814
1502 21 129
1513 21 560
1524 21 515
1535 21 206
1546 21 644
1557 21 388
1568 21 222
1579 21 168
1590 21 563
1601 21 974
1612 21 799
1623 21 99
1634 21 261
1645 21 304
1656 21 328
1667 21 521
1678 21 593
1689 21 900
1700 21 337
1711 21 911
1722 21 294
1733 21 962
1744 21 943
1755 21 326
1766 21 634
1777 21 976
1788 21 532
1799 21 864
1810 21 51
1821 21 964
1832 21 331
1843 21 264
1854 21 331
1865 21 20
1876 21 653
1887 21 933
1898 21 125
1909 21 664
1920 21 282
1931 21 702
1942 21 999
1953 21 694
1964 21 358
1975 21 810
1986 21 693
1997 21 255
2008 21 928
2019 21 870
2030 21 239
2041 21 211
2052 21 646
2063 21 566
2074 21 50
2085 21 944
2096 21 730
2107 21 289
2118 21 314
2129 21 237
2140 21 539
2151 21 83
2162 21 23
2173 21 555
2184 21 160
2195 21 77
2206 21 18
2217 21 401
2228 21 456
2239 21 382
2250 21 93
2261 21 736
2272 21 834
2283 21 43
2294 21 826
2305 21 618
2316 21 919
2327 21 220
2338 21 773
2349 21 907
2360 21 928
2371 21 686
2382 21 937
2393 21 738
2404 21 393
2415 21 251
2426 21 176
2437 21 142
2448 21 817
2459 21 866
2470 21 952
2481 21 25
2492 21 734
2503 21 63
2514 21 613
2525 21 193
2536 21 60
2547 21 966
2558 21 120
2569 21 924
2580 21 436
2591 21 350
2602 21 82
2613 21 668
2624 21 980
2635 21 350
2646 21 612
2657 21 796
2668 21 370
2679 21 572
2690 21 119
2701 21 231
2712 21 843
2723 21 913
2734 21 716
2745 21 859
2756 21 373
2767 21 767
2778 21 485
2789 21 211
2800 21 184
2811 21 731
2822 21 551
2833 21 9
2844 21 417
2855 21 900
2866 21 300
2877 21 781
2888 21 28
2899 21 192
2910 21 55
2921 21 277
2932 21 813
2943 21 483
2954 21 834
2965 21 81
2976 21 595
2987 21 388
2998 21 744
8 22 601
19 22 124
30 22 302
41 22 247
52 22 430
63 22 996
74 22 494
85 22 502
96 22 894
107 22 280
118 22 554
129 22 331
140 22 509
151 22 846
162 22 745
173 22 97
184 22 479
195 22 650
206 22 872
217 22 576
228 22 267
239 22 85
250 22 866
261 22 276
272 22 584
283 22 789
294 22 483
305 22 10
316 22 278
327 22 954
338 22 904
349 22 119
360 22 149
371 22 683
382 22 32
393 22 83
404 22 413
415 22 504
426 22 958
437 22 742
448 22 979
459 22 890
470 22 287
481 22 388
492 22 774
503 22 543
514 22 622
525 22 880
536 22 202
547 22 746
558 22 460
569 22 599
580 22 831
591 22 562
602 22 416
613 22 629
624 22 32
635 22 904
646 22 886
657 22 477
668 22 449
679 22 268
690 22 26
701 22 552
712 22 437
723 22 536
734 22 671
745 22 121
756 22 347
767 22 544
778 22 489
789 22 436
800 22 571
811 22 533
822 22 596
833 22 940
844 22 876
855 22 682
866 22 616
877 22 286
888 22 103
899 22 980
910 22 627
921 22 862
932 22 571
943 22 710
954 22 803
965 22 428
976 22 29
987 22 454
998 22 528
1009 22 13
1020 22 922
1031 22 969
1042 22 546
1053 22 746
1064 22 154
1075 22 670
1086 22 549
1097 22 341
1108 22 520
1119 22 493
1130 22 530
1141 22 9
1152 22 110
1163 22 254
1174 22 574
1185 22 433
1196 22 428
1207 22 775
1218 22 356
1229 22 778
1240 22 986
1251 22 215
1262 22 17
1273 22 841
1284 22 58
1295 22 848
1306 22 469
1317 22 697
1328 22 569
1339 22 815
1350 22 982
1361 22 902
1372 22 593
1383 22 932
1394 22 881
1405 22 286
1416 22 87
1427 22 788
1438 22 597
1449 22 958
1460 22 740
1471 22 503
1482 22 662
1493 22 882
1504 22 598
1515 22 768
1526 22 820
1537 22 436
1548 22 425
1559 22 325
1570 22 946
1581 22 986
1592 22 474
1603 22 724
1614 22 354
1625 22 108
1636 22 224
1647 22 926
1658 22 834
1669 22 834
1680 22 693
1691 22 875
1702 22 440
1713 22 186
1724 22 859
1735 22 840
1746 22 379
1757 22 161
1768 22 966
1779 22 3
1790 22 338
1801 22 987
1812 22 410
1823 22 601
1834 22 379
1845 22 836
1856 22 187
1867 22 410
1878 22 866
1889 22 182
1900 22 150
1911 22 379
1922 22 156
1933 22 638
1944 22 201
1955 22 288
1966 22 191
1977 22 417
1988 22 188
1999 22 959
2010 22 728
2021 22 79
2032 22 464
2043 22 525
2054 22 357
2065 22 892
2076 22 504
2087 22 384
2098 22 340
2109 22 21
2120 22 295
2131 22 690
2142 22 640
2153 22 385
2164 22 25
2175 22 949
2186 22 701
2197 22 190
2208 22 150
2219 22 71
2230 22 500
2241 22 698
2252 22 134
2263 22 719
2274 22 638
2285 22 978
2296 22 437
2307 22 333
2318 22 943
2329 22 214
2340 22 105
2351 22 472
2362 22 873
2373 22 852
2384 22 665
2395 22 171
2406 22 235
2417 22 377
2428 22 123
2439 22 415
2450 22 132
2461 22 524
2472 22 945
2483 22 791
2494 22 69
2505 22 524
2516 22 762
2527 22 324
2538 22 484
2549 22 583
2560 22 705
2571 22 968
2582 22 737
2593 22 587
2604 22 737
2615 22 340
2626 22 481
2637 22 496
2648 22 61
2659 22 727
2670 22 124
2681 22 76
2692 22 223
2703 22 213
2714 22 352
2725 22 437
2736 22 675
2747 22 298
2758 22 32
2769 22 869
2780 22 567
2791 22 566
2802 22 656
2813 22 251
2824 22 776
2835 22 718
2846 22 355
2857 22 492
2868 22 992
2879 22 587
2890 22 491
2901 22 453
2912 22 712
2923 22 672
2934 22 708
2945 22 989
2956 22 370
2967 22 29
2978 22 571
2989 22 340
10 23 320
21 23 176
32 23 581
43 23 298
54 23 661
65 23 167
76 23 763
87 23 72
98 23 921
109 23 497
120 23 394
131 23 963
142 23 594
153 23 356
164 23 818
175 23 586
186 23 539
197 23 550
208 23 313
219 23 439
230 23 796
241 23 313
252 23 838
263 23 574
274 23 903
285 23 812
296 23 576
307 23 581
318 23 876
329 23 174
340 23 876
351 23 243
362 23 411
373 23 107
384 23 260
395 23 704
406 23 687
417 23 984
428 23 82
439 23 742
450 23 821
461 23 259
472 23 333
483 23 989
494 23 820
505 23 83
516 23 369
527 23 835
538 23 17
549 23 785
560 23 116
571 23 977
582 23 923
593 23 141
604 23 57
615 23 531
626 23 384
637 23 205
648 23 372
659 23 452
670 23 664
681 23 794
692 23 266
703 23 556
714 23 284
725 23 499
736 23 622
747 23 575
758 23 758
769 23 769
780 23 195
791 23 439
802 23 291
813 23 95
824 23 831
835 23 833
846 23 955
857 23 163
868 23 935
879 23 315
890 23 515
901 23 638
912 23 76
923 23 412
934 23 568
945 23 187
956 23 53
967 23 995
978 23 473
989 23 374
1000 23 720
1011 23 633
1022 23 27
1033 23 13
1044 23 243
1055 23 6
1066 23 97
1077 23 883
1088 23 543
1099 23 989
1110 23 64
1121 23 458
1132 23 605
1143 23 198
1154 23 809
1165 23 960
1176 23 792
1187 23 448
1198 23 405
1209 23 833
1220 23 732
1231 23 134
1242 23 56
1253 23 246
1264 23 153
1275 23 743
1286 23 239
1297 23 682
1308 23 879
1319 23 206
1330 23 822
1341 23 521
1352 23 963
1363 23 190
1374 23 995
1385 23 933
1396 23 426
1407 23 25
1418 23 348
1429 23 57
1440 23 747
1451 23 306
1462 23 16
1473 23 800
1484 23 56
1495 23 589
1506 23 176
1517 23 809
1528 23 424
1539 23 911
1550 23 32
1561 23 359
1572 23 205
1583 23 421
1594 23 41
1605 23 986
1616 23 613
1627 23 775
1638 23 48
1649 23 648
1660 23 969
1671 23 132
1682 23 761
1693 23 957
1704 23 721
1715 23 624
1726 23 916
1737 23 828
1748 23 353
1759 23 293
1770 23 674
1781 23 632
1792 23 776
1803 23 227
1814 23 946
1825 23 3
1836 23 998
1847 23 569
1858 23 856
1869 23 399
1880 23 878
1891 23 315
1902 23 736
1913 23 146
1924 23 898
1935 23 896
1946 23 326
1957 23 458
1968 23 559
1979 23 327
1990 23 305
2001 23 389
2012 23 935
2023 23 678
2034 23 921
2045 23 646
2056 23 203
2067 23 809
2078 23 812
2089 23 176
2100 23 629
2111 23 892
2122 23 513
2133 23 36
2144 23 706
2155 23 70
2166 23 136
2177 23 983
2188 23 946
2199 23 394
2210 23 178
2221 23 803
2232 23 840
2243 23 22
2254 23 320
2265 23 118
2276 23 539
2287 23 277
2298 23 342
2309 23 426
2320 23 166
2331 23 398
2342 23 181
2353 23 811
2364 23 209
2375 23 868
2386 23 669
2397 23 450
2408 23 931
2419 23 285
2430 23 651
2441 23 524
2452 23 688
2463 23 315
2474 23 495
2485 23 276
2496 23 235
2507 23 245
2518 23 664
2529 23 485
2540 23 921
2551 23 402
2562 23 525
2573 23 519
2584 23 197
2595 23 47
2606 23 209
2617 23 553
2628 23 572
2639 23 909
2650 23 233
2661 23 196
2672 23 743
2683 23 881
2694 23 624
2705 23 977
2716 23 856
2727 23 622
2738 23 5
2749 23 20
2760 23 489
2771 23 957
2782 23 809
2793 23 351
2804 23 711
2815 23 734
2826 23 215
2837 23 927
2848 23 885
2859 23 729
2870 23 959
2881 23 342
2892 23 191
2903 23 191
2914 23 960
2925 23 37
2936 23 286
2947 23 473
2958 23 324
2969 23 831
2980 23 270
2991 23 817
1 24 646
12 24 125
23 24 118
34 24 271
45 24 176
56 24 182
67 24 848
78 24 236
89 24 972
100 24 581
111 24 265
122 24 361
133 24 80
144 24 483
155 24 234
166 24 803
177 24 818
188 24 659
199 24 794
210 24 514
221 24 202
232 24 63
243 24 261
254 24 352
265 24 1000
276 24 213
287 24 469
298 24 817
309 24 650
320 24 521
331 24 94
342 24 759
353 24 871
364 24 529
375 24 680
386 24 675
397 24 683
408 24 41
419 24 427
430 24 778
441 24 987
452 24 338
463 24 618
474 24 661
485 24 464
496 24 584
507 24 852
518 24 847
529 24 618
540 24 536
551 24 573
562 24 830
573 24 928
584 24 215
595 24 352
606 24 435
617 24 384
628 24 141
639 24 695
650 24 123
661 24 715
672 24 361
683 24 531
694 24 376
705 24 40
716 24 879
727 24 407
738 24 802
749 24 637
760 24 994
771 24 880
782 24 56
793 24 735
804 24 973
815 24 869
826 24 562
837 24 512
848 24 750
859 24 31
870 24 598
881 24 461
892 24 744
903 24 834
914 24 472
925 24 866
936 24 489
947 24 469
958 24 624
969 24 728
980 24 931
991 24 850
1002 24 185
1013 24 675
1024 24 360
1035 24 717
1046 24 174
1057 24 738
1068 24 186
1079 24 221
1090 24 614
1101 24 835
1112 24 501
1123 24 497
1134 24 493
1145 24 752
1156 24 576
1167 24 643
1178 24 4
1189 24 506
1200 24 30
1211 24 497
1222 24 595
1233 24 954
1244 24 39
1255 24 785
1266 24 471
1277 24 380
1288 24 505
1299 24 342
1310 24 779
1321 24 410
1332 24 745
1343 24 665
1354 24 451
1365 24 977
1376 24 485
1387 24 251
1398 24 234
1409 24 108
1420 24 798
1431 24 577
1442 24 107
1453 24 44
1464 24 171
1475 24 456
1486 24 128
1497 24 28
1508 24 830
1519 24 250
1530 24 665
1541 24 499
1552 24 78
1563 24 790
1574 24 127
1585 24 418
1596 24 77
1607 24 772
1618 24 996
1629 24 145
1640 24 497
1651 24 808
1662 24 72
1673 24 895
1684 24 178
1695 24 213
1706 24 537
1717 24 918
1728 24 411
1739 24 493
1750 24 167
1761 24 805
1772 24 820
1783 24 932
1794 24 544
1805 24 640
1816 24 295
1827 24 362
1838 24 552
1849 24 162
1860 24 193
1871 24 912
1882 24 821
1893 24 418
1904 24 367
1915 24 898
1926 24 341
1937 24 219
1948 24 761
1959 24 486
1970 24 468
1981 24 988
1992 24 739
2003 24 935
2014 24 737
2025 24 904
2036 24 492
2047 24 324
2058 24 103
2069 24 451
2080 24 446
2091 24 584
2102 24 843
2113 24 23
2124 24 275
2135 24 645
2146 24 742
2157 24 784
2168 24 361
2179 24 945
2190 24 799
2201 24 380
2212 24 408
2223 24 67
2234 24 256
2245 24 209
2256 24 660
2267 24 89
2278 24 3
2289 24 711
2300 24 995
2311 24 123
2322 24 919
2333 24 849
2344 24 458
2355 24 612
2366 24 559
2377 24 817
2388 24 142
2399 24 129
2410 24 607
2421 24 443
2432 24 551
2443 24 816
2454 24 605
2465 24 512
2476 24 477
2487 24 48
2498 24 826
2509 24 102
2520 24 13
2531 24 463
2542 24 423
2553 24 6
2564 24 821
2575 24 853
2586 24 699
2597 24 357
2608 24 189
2619 24 69
2630 24 609
2641 24 33
2652 24 938
2663 24 984
2674 24 66
2685 24 885
2696 24 625
2707 24 979
2718 24 109
2729 24 956
2740 24 754
2751 24 840
2762 24 722
2773 24 526
2784 24 32
2795 24 756
2806 24 689
2817 24 434
2828 24 201
2839 24 527
2850 24 245
2861 24 441
2872 24 345
2883 24 711
2894 24 985
2905 24 616
2916 24 237
2927 24 535
2938 24 544
2949 24 882
2960 24 362
2971 24 443
2982 24 914
2993 24 453
3 25 274
14 25 242
25 25 125
36 25 152
47 25 318
58 25 354
69 25 356
80 25 55
91 25 356
102 25 699
113 25 138
124 25 824
135 25 166
146 25 628
157 25 686
168 25 196
179 25 616
190 25 715
201 25 594
212 25 683
223 25 874
234 25 30
245 25 428
256 25 567
267 25 128
278 25 290
289 25 610
300 25 315
311 25 960
322 25 471
333 25 879
344 25 118
355 25 876
366 25 159
377 25 577
388 25 507
399 25 204
410 25 385
421 25 758
432 25 632
443 25 510
454 25 418
465 25 419
476 25 771
487 25 561
498 25 80
509 25 308
520 25 648
531 25 110
542 25 137
553 25 439
564 25 333
575 25 339
586 25 24
597 25 249
608 25 393
619 25 898
630 25 573
641 25 662
652 25 275
663 25 655
674 25 883
685 25 154
696 25 135
707 25 456
718 25 414
729 25 748
740 25 495
751 25 537
762 25 688
773 25 613
784 25 681
795 25 20
806 25 745
817 25 326
828 25 123
839 25 11
850 25 56
861 25 919
872 25 992
883 25 158
894 25 82
905 25 519
916 25 373
927 25 521
938 25 33
949 25 403
960 25 12
971 25 933
982 25 526
993 25 554
1004 25 417
1015 25 186
1026 25 634
1037 25 305
1048 25 126
1059 25 230
1070 25 45
1081 25 936
1092 25 874
1103 25 171
1114 25 749
1125 25 91
1136 25 962
1147 25 441
1158 25 948
1169 25 966
1180 25 702
1191 25 767
1202 25 788
1213 25 726
1224 25 104
1235 25 491
1246 25 52
1257 25 596
1268 25 668
1279 25 647
1290 25 357
1301 25 422
1312 25 130
1323 25 661
1334 25 74
1345 25 221
1356 25 583
1367 25 794
1378 25 711
1389 25 806
1400 25 838
1411 25 615
1422 25 791
1433 25 998
1444 25 124
1455 25 551
1466 25 565
1477 25 613
1488 25 687
1499 25 218
1510 25 809
1521 25 820
1532 25 62
1543 25 956
1554 25 667
1565 25 218
1576 25 166
1587 25 818
1598 25 772
1609 25 9
1620 25 254
1631 25 919
1642 25 465
1653 25 160
1664 25 719
1675 25 113
1686 25 456
1697 25 299
1708 25 566
1719 25 443
1730 25 821
1741 25 79
1752 25 486
1763 25 716
1774 25 661
1785 25 257
1796 25 691
1807 25 194
1818 25 227
1829 25 387
1840 25 478
1851 25 237
1862 25 389
1873 25 477
1884 25 119
1895 25 385
1906 25 780
1917 25 419
1928 25 609
1939 25 650
1950 25 150
1961 25 913
1972 25 918
1983 25 811
1994 25 648
2005 25 500
2016 25 740
2027 25 295
2038 25 274
2049 25 6
2060 25 667
2071 25 776
2082 25 304
2093 25 450
2104 25 784
2115 25 464
2126 25 640
2137 25 344
2148 25 188
2159 25 742
2170 25 930
2181 25 96
2192 25 595
2203 25 985
2214 25 119
2225 25 930
2236 25 841
2247 25 764
2258 25 595
2269 25 210
2280 25 105
2291 25 898
2302 25 432
2313 25 38
2324 25 81
2335 25 40
2346 25 710
2357 25 920
2368 25 538
2379 25 574
2390 25 554
2401 25 644
2412 25 732
2423 25 290
2434 25 649
2445 25 928
2456 25 556
2467 25 181
2478 25 596
2489 25 85
2500 25 745
2511 25 565
2522 25 686
2533 25 343
2544 25 267
2555 25 325
2566 25 963
2577 25 909
2588 25 123
2599 25 294
2610 25 450
2621 25 245
2632 25 430
2643 25 659
2654 25 760
2665 25 203
2676 25 861
2687 25 259
2698 25 819
2709 25 399
2720 25 982
2731 25 206
2742 25 726
2753 25 822
2764 25 864
2775 25 222
2786 25 219
2797 25 681
2808 25 974
2819 25 591
2830 25 94
2841 25 581
2852 25 634
2863 25 860
2874 25 739
2885 25 716
2896 25 429
2907 25 37
2918 25 650
2929 25 726
2940 25 483
2951 25 459
2962 25 142
2973 25 60
2984 25 540
2995 25 994
5 26 770
16 26 228
27 26 923
38 26 601
49 26 736
60 26 116
71 26 405
82 26 904
93 26 195
104 26 5
115 26 693
126 26 747
137 26 978
148 26 598
159 26 179
170 26 469
181 26 358
192 26 905
203 26 671
214 26 241
225 26 199
236 26 492
247 26 294
258 26 336
269 26 969
280 26 981
291 26 926
302 26 416
313 26 689
324 26 457
335 26 689
346 26 131
357 26 826
368 26 391
379 26 261
390 26 868
401 26 161
412 26 202
423 26 87
434 26 427
445 26 374
456 26 747
467 26 228
478 26 239
489 26 865
500 26 705
511 26 939
522 26 799
533 26 419
544 26 132
555 26 633
566 26 9
577 26 245
588 26 808
599 26 180
610 26 353
621 26 99
632 26 720
643 26 265
654 26 618
665 26 483
676 26 776
687 26 434
698 26 82
709 26 791
720 26 665
731 26 409
742 26 202
753 26 445
764 26 252
775 26 505
786 26 751
797 26 991
808 26 364
819 26 362
830 26 254
841 26 352
852 26 505
863 26 543
874 26 882
885 26 506
896 26 669
907 26 784
918 26 41
929 26 875
940 26 102
951 26 850
962 26 658
973 26 93
984 26 126
995 26 34
1006 26 135
1017 26 972
1028 26 887
1039 26 81
1050 26 517
1061 26 800
1072 26 552
1083 26 615
1094 26 753
1105 26 604
1116 26 735
1127 26 479
1138 26 193
1149 26 486
1160 26 901
1171 26 669
1182 26 264
1193 26 504
1204 26 135
1215 26 738
1226 26 96
1237 26 945
1248 26 587
1259 26 100
1270 26 450
1281 26 964
1292 26 706
1303 26 729
1314 26 51
1325 26 357
1336 26 826
1347 26 578
1358 26 846
1369 26 882
1380 26 696
1391 26 255
1402 26 95
1413 26 773
1424 26 16
1435 26 876
1446 26 695
1457 26 405
1468 26 790
1479 26 849
1490 26 220
1501 26 10
1512 26 744
1523 26 587
1534 26 812
1545 26 74
1556 26 52
1567 26 79
1578 26 300
1589 26 636
1600 26 562
1611 26 238
1622 26 301
1633 26 411
1644 26 180
1655 26 418
1666 26 56
1677 26 747
1688 26 139
1699 26 87
1710 26 525
1721 26 995
1732 26 867
1743 26 13
1754 26 490
1765 26 864
1776 26 445
1787 26 705
1798 26 365
1809 26 799
1820 26 250
1831 26 671
1842 26 242
1853 26 990
1864 26 309
1875 26 819
1886 26 697
1897 26 567
1908 26 646
1919 26 309
1930 26 927
1941 26 97
1952 26 661
1963 26 290
1974 26 315
1985 26 14
1996 26 617
2007 26 521
2018 26 65
2029 26 314
2040 26 54
2051 26 385
2062 26 87
2073 26 657
2084 26 18
2095 26 720
2106 26 768
2117 26 484
2128 26 370
2139 26 18
2150 26 269
2161 26 966
2172 26 695
2183 26 440
2194 26 83
2205 26 423
2216 26 878
2227 26 229
2238 26 851
2249 26 431
2260 26 809
2271 26 531
2282 26 438
2293 26 817
2304 26 710
2315 26 844
2326 26 186
2337 26 215
2348 26 689
2359 26 479
2370 26 570
2381 26 82
2392 26 664
2403 26 962
2414 26 745
2425 26 96
2436 26 677
2447 26 975
2458 26 527
2469 26 582
2480 26 501
2491 26 76
2502 26 17
2513 26 49
2524 26 553
2535 26 877
2546 26 511
2557 26 338
2568 26 825
2579 26 850
2590 26 917
2601 26 527
2612 26 813
2623 26 188
2634 26 430
2645 26 495
2656 26 845
2667 26 967
2678 26 197
2689 26 213
2700 26 299
2711 26 835
2722 26 851
2733 26 3
2744 26 332
2755 26 175
2766 26 681
2777 26 69
2788 26 615
2799 26 508
2810 26 656
2821 26 196
2832 26 258
2843 26 376
2854 26 216
2865 26 476
2876 26 389
2887 26 618
2898 26 733
2909 26 156
2920 26 991
2931 26 488
2942 26 70
2953 26 319
2964 26 252
2975 26 753
2986 26 590
2997 26 182
7 27 768
18 27 446
29 27 751
40 27 24
51 27 449
62 27 940
73 27 435
84 27 878
95 27 687
106 27 864
117 27 963
128 27 64
139 27 237
150 27 645
161 27 647
172 27 486
183 27 635
194 27 113
205 27 818
216 27 391
227 27 206
238 27 631
249 27 370
260 27 659
271 27 266
282 27 429
293 27 497
304 27 461
315 27 33
326 27 154
337 27 919
348 27 112
359 27 997
370 27 909
381 27 764
392 27 82
403 27 340
414 27 132
425 27 783
436 27 272
447 27 131
458 27 201
469 27 418
480 27 750
491 27 220
502 27 273
513 27 670
524 27 780
535 27 118
546 27 978
557 27 751
568 27 72
579 27 298
590 27 414
601 27 921
612 27 172
623 27 916
634 27 485
645 27 24
656 27 811
667 27 936
678 27 255
689 27 773
700 27 344
711 27 610
722 27 613
733 27 523
744 27 143
755 27 49
766 27 254
777 27 760
788 27 678
799 27 905
810 27 744
821 27 432
832 27 643
843 27 845
854 27 804
865 27 326
876 27 29
887 27 892
898 27 783
909 27 378
920 27 135
931 27 658
942 27 195
953 27 453
964 27 258
975 27 71
986 27 432
997 27 888
1008 27 188
1019 27 446
1030 27 107
1041 27 234
1052 27 39
1063 27 788
1074 27 843
1085 27 276
1096 27 912
1107 27 456
1118 27 954
1129 27 195
1140 27 324
1151 27 158
1162 27 59
1173 27 644
1184 27 696
1195 27 551
1206 27 935
1217 27 763
1228 27 874
1239 27 811
1250 27 390
1261 27 871
1272 27 519
1283 27 290
1294 27 956
1305 27 744
1316 27 833
1327 27 796
1338 27 151
1349 27 395
1360 27 988
1371 27 275
1382 27 913
1393 27 330
1404 27 188
1415 27 919
1426 27 193
1437 27 660
1448 27 109
1459 27 382
1470 27 927
1481 27 415
1492 27 837
1503 27 593
1514 27 331
1525 27 294
1536 27 260
1547 27 185
1558 27 284
1569 27 860
1580 27 610
1591 27 641
1602 27 573
1613 27 827
1624 27 302
1635 27 75
1646 27 883
1657 27 564
1668 27 320
1679 27 252
1690 27 662
1701 27 522
1712 27 640
1723 27 352
1734 27 11
1745 27 628
1756 27 840
1767 27 116
1778 27 205
1789 27 763
1800 27 185
1811 27 488
1822 27 329
1833 27 733
1844 27 782
1855 27 612
1866 27 103
1877 27 748
1888 27 308
1899 27 669
1910 27 557
1921 27 947
1932 27 57
1943 27 605
1954 27 726
1965 27 381
1976 27 702
1987 27 236
1998 27 501
2009 27 339
2020 27 826
2031 27 601
2042 27 893
2053 27 283
2064 27 339
2075 27 83
2086 27 214
2097 27 969
2108 27 66
2119 27 560
2130 27 984
2141 27 106
2152 27 713
2163 27 446
2174 27 399
2185 27 108
2196 27 368
2207 27 678
2218 27 404
2229 27 488
2240 27 24
2251 27 103
2262 27 472
2273 27 175
2284 27 229
2295 27 810
2306 27 793
2317 27 472
2328 27 769
2339 27 339
2350 27 981
2361 27 510
2372 27 438
2383 27 398
2394 27 901
2405 27 373
2416 27 107
2427 27 420
2438 27 339
2449 27 437
2460 27 105
2471 27 459
2482 27 602
2493 27 853
2504 27 598
2515 27 390
2526 27 458
2537 27 302
2548 27 566
2559 27 15
2570 27 38
2581 27 492
2592 27 123
2603 27 188
2614 27 757
2625 27 721
2636 27 600
2647 27 746
2658 27 582
2669 27 378
2680 27 410
2691 27 170
2702 27 516
2713 27 30
2724 27 888
2735 27 329
2746 27 257
2757 27 229
2768 27 422
2779 27 572
2790 27 679
2801 27 622
2812 27 380
2823 27 862
2834 27 369
2845 27 4
2856 27 594
2867 27 278
2878 27 495
2889 27 893
2900 27 41
2911 27 581
2922 27 95
2933 27 517
2944 27 520
2955 27 413
2966 27 1
2977 27 870
2988 27 453
2999 27 62
9 28 119
20 28 797
31 28 917
42 28 257
53 28 568
64 28 690
75 28 788
86 28 938
97 28 745
108 28 860
119 28 29
130 28 12
141 28 915
152 28 955
163 28 592
174 28 819
185 28 402
196 28 914
207 28 129
218 28 929
229 28 162
240 28 169
251 28 277
262 28 520
273 28 708
284 28 140
295 28 443
306 28 793
317 28 612
328 28 704
339 28 640
350 28 619
361 28 161
372 28 408
383 28 848
394 28 545
405 28 487
416 28 877
427 28 192
438 28 963
449 28 376
460 28 452
471 28 285
482 28 37
493 28 796
504 28 345
515 28 252
526 28 629
537 28 181
548 28 586
559 28 248
570 28 790
581 28 707
592 28 560
603 28 30
614 28 362
625 28 265
636 28 555
647 28 308
658 28 72
669 28 192
680 28 245
691 28 714
702 28 564
713 28 123
724 28 154
735 28 308
746 28 322
757 28 451
768 28 417
779 28 726
790 28 601
801 28 117
812 28 132
823 28 578
834 28 822
845 28 38
856 28 817
867 28 136
878 28 359
889 28 246
900 28 382
911 28 698
922 28 878
933 28 994
944 28 304
955 28 803
966 28 481
977 28 359
988 28 169
999 28 964
1010 28 914
1021 28 229
1032 28 583
1043 28 397
1054 28 896
1065 28 408
1076 28 73
1087 28 993
1098 28 304
1109 28 544
1120 28 797
1131 28 195
1142 28 37
1153 28 850
1164 28 882
1175 28 900
1186 28 565
1197 28 614
1208 28 423
1219 28 532
1230 28 82
1241 28 391
1252 28 929
1263 28 438
1274 28 527
1285 28 262
1296 28 280
1307 28 817
1318 28 765
1329 28 632
1340 28 987
1351 28 837
1362 28 89
1373 28 971
1384 28 521
1395 28 357
1406 28 711
1417 28 852
1428 28 995
1439 28 401
1450 28 177
1461 28 825
1472 28 857
1483 28 506
1494 28 646
1505 28 289
1516 28 353
1527 28 160
1538 28 530
1549 28 933
1560 28 562
1571 28 568
1582 28 64
1593 28 353
1604 28 833
1615 28 592
1626 28 536
1637 28 636
1648 28 63
1659 28 393
1670 28 625
1681 28 515
1692 28 128
1703 28 124
1714 28 28
1725 28 255
1736 28 662
1747 28 691
1758 28 552
1769 28 202
1780 28 394
1791 28 943
1802 28 545
1813 28 537
1824 28 215
1835 28 334
1846 28 315
1857 28 718
1868 28 360
1879 28 181
1890 28 312
1901 28 882
1912 28 374
1923 28 964
1934 28 924
1945 28 232
1956 28 41
1967 28 436
1978 28 532
1989 28 155
2000 28 500
2011 28 109
2022 28 423
2033 28 57
2044 28 335
2055 28 646
2066 28 489
2077 28 465
2088 28 70
2099 28 283
2110 28 276
2121 28 952
2132 28 172
2143 28 857
2154 28 977
2165 28 132
2176 28 76
2187 28 200
2198 28 684
2209 28 937
2220 28 108
2231 28 138
2242 28 64
2253 28 887
2264 28 596
2275 28 836
2286 28 304
2297 28 80
2308 28 237
2319 28 235
2330 28 606
2341 28 339
2352 28 778
2363 28 21
2374 28 49
2385 28 553
2396 28 904
2407 28 578
2418 28 446
2429 28 5
2440 28 6
2451 28 648
2462 28 354
2473 28 288
2484 28 813
2495 28 632
2506 28 339
2517 28 643
2528 28 116
2539 28 249
2550 28 591
2561 28 843
2572 28 215
2583 28 135
2594 28 60
2605 28 719
2616 28 192
2627 28 990
2638 28 141
2649 28 532
2660 28 377
2671 28 201
2682 28 905
2693 28 597
2704 28 786
2715 28 212
2726 28 4
2737 28 899
2748 28 716
2759 28 568
2770 28 79
2781 28 439
2792 28 976
2803 28 677
2814 28 150
2825 28 958
2836 28 994
2847 28 972
2858 28 957
2869 28 832
2880 28 587
2891 28 185
2902 28 975
2913 28 989
2924 28 919
2935 28 837
2946 28 537
2957 28 263
2968 28 93
2979 28 697
2990 28 80
0 29 59
11 29 238
22 29 810
33 29 465
44 29 673
55 29 694
66 29 4
77 29 835
88 29 413
99 29 272
110 29 877
121 29 144
132 29 835
143 29 401
154 29 673
165 29 677
176 29 41
187 29 394
198 29 424
209 29 34
220 29 477
231 29 453
242 29 860
253 29 980
264 29 515
275 29 932
286 29 966
297 29 244
308 29 553
319 29 303
330 29 697
341 29 476
352 29 873
363 29 509
374 29 612
385 29 976
396 29 541
407 29 814
418 29 612
429 29 288
440 29 401
451 29 371
462 29 121
473 29 1
484 29 621
495 29 385
506 29 674
517 29 877
528 29 410
539 29 912
550 29 107
561 29 909
572 29 785
583 29 3
594 29 525
605 29 863
616 29 612
627 29 68
638 29 568
649 29 511
660 29 833
671 29 937
682 29 487
693 29 455
704 29 470
715 29 619
726 29 550
737 29 983
748 29 812
759 29 294
770 29 170
781 29 376
792 29 292
803 29 452
814 29 848
825 29 454
836 29 814
847 29 253
858 29 369
869 29 25
880 29 85
891 29 557
902 29 20
913 29 120
924 29 245
935 29 797
946 29 271
957 29 321
968 29 928
979 29 976
990 29 543
1001 29 142
1012 29 799
1023 29 105
1034 29 966
1045 29 20
1056 29 483
1067 29 606
1078 29 317
1089 29 55
1100 29 489
1111 29 806
1122 29 597
1133 29 991
1144 29 349
1155 29 317
1166 29 425
1177 29 361
1188 29 661
1199 29 859
1210 29 579
1221 29 655
1232 29 561
1243 29 607
1254 29 974
1265 29 201
1276 29 722
1287 29 506
1298 29 426
1309 29 175
1320 29 127
1331 29 912
1342 29 572
1353 29 536
1364 29 917
1375 29 880
1386 29 25
1397 29 31
1408 29 705
1419 29 690
1430 29 481
1441 29 517
1452 29 949
1463 29 652
1474 29 481
1485 29 838
1496 29 984
1507 29 613
1518 29 273
1529 29 497
1540 29 99
1551 29 607
1562 29 181
1573 29 130
1584 29 754
1595 29 987
1606 29 187
1617 29 885
1628 29 629
1639 29 579
1650 29 750
1661 29 140
1672 29 770
1683 29 471
1694 29 374
1705 29 738
1716 29 524
1727 29 744
1738 29 806
1749 29 662
1760 29 198
1771 29 432
1782 29 981
1793 29 372
1804 29 327
1815 29 152
1826 29 995
1837 29 750
1848 29 689
1859 29 915
1870 29 571
1881 29 311
1892 29 529
1903 29 313
1914 29 96
1925 29 577
1936 29 948
1947 29 451
1958 29 586
1969 29 564
1980 29 403
1991 29 953
2002 29 842
2013 29 612
2024 29 281
2035 29 445
2046 29 72
2057 29 912
2068 29 160
2079 29 184
2090 29 22
2101 29 445
2112 29 640
2123 29 429
2134 29 814
2145 29 123
2156 29 7
2167 29 88
2178 29 268
2189 29 24
2200 29 516
2211 29 927
2222 29 63
2233 29 894
2244 29 407
2255 29 375
2266 29 489
2277 29 304
2288 29 929
2299 29 976
2310 29 479
2321 29 284
2332 29 940
2343 29 963
2354 29 439
2365 29 732
2376 29 126
2387 29 60
2398 29 205
2409 29 909
2420 29 697
2431 29 898
2442 29 531
2453 29 864
2464 29 835
2475 29 825
2486 29 592
2497 29 253
2508 29 134
2519 29 839
2530 29 908
2541 29 889
2552 29 692
2563 29 817
2574 29 632
2585 29 359
2596 29 538
2607 29 18
2618 29 149
2629 29 707
2640 29 37
2651 29 822
2662 29 48
2673 29 924
2684 29 962
2695 29 750
2706 29 619
2717 29 865
2728 29 683
2739 29 824
2750 29 526
2761 29 967
2772 29 460
2783 29 3
2794 29 66
2805 29 675
2816 29 173
2827 29 246
2838 29 134
2849 29 668
2860 29 506
2871 29 508
2882 29 706
2893 29 352
2904 29 911
2915 29 330
2926 29 200
2937 29 728
2948 29 263
2959 29 777
2970 29 295
2981 29 736
2992 29 310
2 30 662
13 30 761
24 30 724
35 30 308
46 30 527
57 30 814
68 30 796
79 30 293
90 30 268
101 30 614
112 30 259
123 30 817
134 30 16
145 30 379
156 30 324
167 30 113
178 30 659
189 30 839
200 30 482
211 30 390
222 30 234
233 30 367
244 30 564
255 30 272
266 30 751
277 30 82
288 30 682
299 30 707
310 30 489
321 30 918
332 30 263
343 30 337
354 30 378
365 30 550
376 30 622
387 30 216
398 30 334
409 30 856
420 30 377
431 30 36
442 30 549
453 30 407
464 30 790
475 30 342
486 30 107
497 30 824
508 30 797
519 30 645
530 30 972
541 30 500
552 30 187
563 30 274
574 30 913
585 30 339
596 30 743
607 30 766
618 30 727
629 30 773
640 30 917
651 30 285
662 30 678
673 30 59
684 30 509
695 30 932
706 30 974
717 30 670
728 30 671
739 30 329
750 30 404
761 30 652
772 30 970
783 30 640
794 30 733
805 30 103
816 30 601
827 30 595
838 30 34
849 30 156
860 30 622
871 30 312
882 30 114
893 30 331
904 30 953
915 30 708
926 30 978
937 30 737
948 30 656
959 30 596
970 30 668
981 30 964
992 30 308
1003 30 64
1014 30 739
1025 30 1
1036 30 615
1047 30 907
1058 30 189
1069 30 124
1080 30 94
1091 30 279
1102 30 833
1113 30 72
1124 30 220
1135 30 264
1146 30 240
1157 30 5
1168 30 323
1179 30 910
1190 30 372
1201 30 332
1212 30 598
1223 30 568
1234 30 488
1245 30 190
1256 30 659
1267 30 74
1278 30 880
1289 30 105
1300 30 751
1311 30 953
1322 30 856
1333 30 474
1344 30 456
1355 30 587
1366 30 571
1377 30 941
1388 30 586
1399 30 252
1410 30 994
1421 30 154
1432 30 220
1443 30 501
1454 30 122
1465 30 333
1476 30 713
1487 30 814
1498 30 380
1509 30 723
1520 30 558
1531 30 426
1542 30 131
1553 30 837
1564 30 408
1575 30 305
1586 30 4
1597 30 367
1608 30 286
1619 30 478
1630 30 890
1641 30 314
1652 30 669
1663 30 378
1674 30 522
1685 30 609
1696 30 141
1707 30 196
1718 30 29
1729 30 995
1740 30 997
1751 30 97
1762 30 116
1773 30 70
1784 30 247
1795 30 352
1806 30 221
1817 30 266
1828 30 608
1839 30 275
1850 30 587
1861 30 526
1872 30 211
1883 30 234
1894 30 69
1905 30 600
1916 30 749
1927 30 22
1938 30 556
1949 30 727
1960 30 157
1971 30 926
1982 30 754
1993 30 915
2004 30 62
2015 30 489
2026 30 453
2037 30 926
2048 30 781
2059 30 415
2070 30 234
2081 30 285
2092 30 805
2103 30 33
2114 30 27
2125 30 413
2136 30 596
2147 30 40
2158 30 442
2169 30 890
2180 30 317
2191 30 803
2202 30 686
2213 30 705
2224 30 208
2235 30 918
2246 30 125
2257 30 156
2268 30 65
2279 30 405
2290 30 498
2301 30 837
2312 30 262
2323 30 752
2334 30 36
2345 30 644
2356 30 831
2367 30 964
2378 30 252
2389 30 356
2400 30 357
2411 30 925
2422 30 197
2433 30 4
2444 30 820
2455 30 385
2466 30 543
2477 30 193
2488 30 908
2499 30 352
2510 30 966
2521 30 621
2532 30 291
2543 30 863
2554 30 783
2565 30 708
2576 30 790
2587 30 249
2598 30 12
2609 30 872
2620 30 295
2631 30 923
2642 30 539
2653 30 80
2664 30 469
2675 30 544
2686 30 271
2697 30 439
2708 30 417
2719 30 715
2730 30 261
2741 30 731
2752 30 749
2763 30 426
2774 30 422
2785 30 554
2796 30 310
2807 30 390
2818 30 108
2829 30 70
2840 30 288
2851 30 496
2862 30 958
2873 30 74
2884 30 904
2895 30 677
2906 30 745
2917 30 773
2928 30 490
2939 30 392
2950 30 592
2961 30 378
2972 30 591
2983 30 845
2994 30 45
4 31 567
15 31 112
26 31 198
37 31 280
48 31 266
59 31 224
70 31 486
81 31 271
92 31 140
103 31 134
114 31 242
125 31 32
136 31 996
147 31 208
158 31 708
169 31 961
180 31 737
191 31 494
202 31 198
213 31 770
224 31 477
235 31 141
246 31 557
257 31 389
268 31 91
279 31 676
290 31 933
301 31 198
312 31 438
323 31 808
334 31 920
345 31 525
356 31 567
367 31 396
378 31 876
389 31 690
400 31 992
411 31 930
422 31 775
433 31 882
444 31 307
455 31 293
466 31 409
477 31 126
488 31 281
499 31 962
510 31 457
521 31 780
532 31 850
543 31 892
554 31 795
565 31 213
576 31 157
587 31 317
598 31 632
609 31 397
620 31 781
631 31 714
642 31 901
653 31 357
664 31 359
675 31 236
686 31 545
697 31 860
708 31 474
719 31 761
730 31 698
741 31 621
752 31 731
763 31 577
774 31 161
785 31 176
796 31 741
807 31 317
818 31 410
829 31 864
840 31 153
851 31 245
862 31 247
873 31 203
884 31 982
895 31 83
906 31 175
917 31 611
928 31 168
939 31 968
950 31 917
961 31 667
972 31 930
983 31 57
994 31 889
1005 31 165
1016 31 699
1027 31 902
1038 31 921
1049 31 275
1060 31 851
1071 31 183
1082 31 842
1093 31 371
1104 31 590
1115 31 98
1126 31 901
1137 31 250
1148 31 182
1159 31 2
1170 31 257
1181 31 725
1192 31 395
1203 31 999
1214 31 715
1225 31 476
1236 31 26
1247 31 45
1258 31 807
1269 31 903
1280 31 391
1291 31 288
1302 31 657
1313 31 244
1324 31 732
1335 31 601
1346 31 51
1357 31 138
1368 31 863
1379 31 42
1390 31 665
1401 31 112
1412 31 669
1423 31 934
1434 31 561
1445 31 932
1456 31 221
1467 31 834
1478 31 822
1489 31 841
1500 31 349
1511 31 988
1522 31 191
1533 31 852
1544 31 686
1555 31 29
1566 31 925
1577 31 285
1588 31 708
1599 31 907
1610 31 261
1621 31 513
1632 31 904
1643 31 636
1654 31 475
1665 31 641
1676 31 570
1687 31 176
1698 31 179
1709 31 475
1720 31 868
1731 31 759
1742 31 194
1753 31 848
1764 31 721
1775 31 84
1786 31 455
1797 31 388
1808 31 260
1819 31 546
1830 31 968
1841 31 226
1852 31 315
1863 31 928
1874 31 387
1885 31 304
1896 31 283
1907 31 638
1918 31 691
1929 31 33
1940 31 198
1951 31 598
1962 31 192
1973 31 717
1984 31 777
1995 31 781
2006 31 636
2017 31 256
2028 31 456
2039 31 21
2050 31 156
2061 31 730
2072 31 341
2083 31 25
2094 31 439
2105 31 403
2116 31 47
2127 31 402
2138 31 81
2149 31 496
2160 31 526
2171 31 728
2182 31 454
2193 31 655
2204 31 692
2215 31 671
2226 31 837
2237 31 169
2248 31 962
2259 31 585
2270 31 250
2281 31 565
2292 31 681
2303 31 406
2314 31 971
2325 31 242
2336 31 719
2347 31 162
2358 31 793
2369 31 789
2380 31 974
2391 31 926
2402 31 307
2413 31 745
2424 31 951
2435 31 937
2446 31 52
2457 31 182
2468 31 113
2479 31 115
2490 31 569
2501 31 23
2512 31 559
2523 31 742
2534 31 520
2545 31 877
2556 31 119
2567 31 325
2578 31 396
2589 31 126
2600 31 604
2611 31 965
2622 31 702
2633 31 898
2644 31 53
2655 31 781
2666 31 449
2677 31 682
2688 31 799
2699 31 24
2710 31 75
2721 31 768
2732 31 977
2743 31 201
2754 31 893
2765 31 57
2776 31 547
2787 31 955
2798 31 620
2809 31 200
2820 31 368
2831 31 736
2842 31 798
2853 31 643
2864 31 455
2875 31 936
2886 31 465
2897 31 142
2908 31 312
2919 31 61
2930 31 445
2941 31 295
2952 31 89
2963 31 388
2974 31 678
2985 31 730
2996 31 262
6 32 313
17 32 875
28 32 298
39 32 186
50 32 852
61 32 758
72 32 768
83 32 305
94 32 878
105 32 812
116 32 106
127 32 974
138 32 830
149 32 627
160 32 854
171 32 479
182 32 226
193 32 804
204 32 820
215 32 771
226 32 594
237 32 422
248 32 94
259 32 812
270 32 422
281 32 992
292 32 816
303 32 808
314 32 784
325 32 404
336 32 562
347 32 413
358 32 784
369 32 694
380 32 75
391 32 922
402 32 430
413 32 866
424 32 770
435 32 657
446 32 182
457 32 430
468 32 519
479 32 919
490 32 392
501 32 341
512 32 344
523 32 68
534 32 715
545 32 531
556 32 888
567 32 389
578 32 539
589 32 299
600 32 514
611 32 272
622 32 393
633 32 396
644 32 77
655 32 349
666 32 714
677 32 370
688 32 977
699 32 716
710 32 114
721 32 217
732 32 360
743 32 144
754 32 194
765 32 48
776 32 735
787 32 279
798 32 491
809 32 553
820 32 224
831 32 538
842 32 507
853 32 296
864 32 451
875 32 313
886 32 722
897 32 54
908 32 976
919 32 116
930 32 284
941 32 929
952 32 668
963 32 23
974 32 373
985 32 682
996 32 732
1007 32 563
1018 32 593
1029 32 774
1040 32 324
1051 32 197
1062 32 662
1073 32 788
1084 32 882
1095 32 101
1106 32 956
1117 32 358
1128 32 594
1139 32 711
1150 32 19
1161 32 401
1172 32 701
1183 32 117
1194 32 255
1205 32 481
1216 32 717
1227 32 700
1238 32 479
1249 32 195
1260 32 625
1271 32 11
1282 32 709
1293 32 610
1304 32 545
1315 32 515
1326 32 841
1337 32 333
1348 32 81
1359 32 456
1370 32 399
1381 32 151
1392 32 904
1403 32 958
1414 32 746
1425 32 836
1436 32 979
1447 32 817
1458 32 439
1469 32 585
1480 32 866
1491 32 475
1502 32 922
1513 32 50
1524 32 1
1535 32 41
1546 32 18
1557 32 545
1568 32 589
1579 32 602
1590 32 34
1601 32 438
1612 32 974
1623 32 144
1634 32 824
1645 32 738
1656 32 248
1667 32 413
1678 32 853
1689 32 761
1700 32 36
1711 32 530
1722 32 219
1733 32 953
1744 32 118
1755 32 873
1766 32 613
1777 32 666
1788 32 594
1799 32 399
1810 32 541
1821 32 686
1832 32 926
1843 32 168
1854 32 325
1865 32 445
1876 32 721
1887 32 639
1898 32 492
1909 32 706
1920 32 138
1931 32 742
1942 32 137
1953 32 404
1964 32 577
1975 32 302
1986 32 890
1997 32 620
2008 32 380
2019 32 3
2030 32 349
2041 32 3
2052 32 53
2063 32 211
2074 32 848
2085 32 665
2096 32 233
2107 32 853
2118 32 956
2129 32 742
2140 32 616
2151 32 632
2162 32 394
2173 32 305
2184 32 672
2195 32 227
2206 32 471
2217 32 696
2228 32 557
2239 32 870
2250 32 860
2261 32 136
2272 32 448
2283 32 67
2294 32 609
2305 32 118
2316 32 571
2327 32 763
2338 32 512
2349 32 699
2360 32 610
2371 32 126
2382 32 814
2393 32 189
2404 32 86
2415 32 141
2426 32 676
2437 32 119
2448 32 732
2459 32 308
2470 32 455
2481 32 931
2492 32 756
2503 32 926
2514 32 651
2525 32 226
2536 32 327
2547 32 649
2558 32 522
2569 32 997
2580 32 685
2591 32 920
2602 32 59
2613 32 512
2624 32 148
2635 32 724
2646 32 490
2657 32 143
2668 32 82
2679 32 523
2690 32 445
2701 32 591
2712 32 186
2723 32 573
2734 32 874
2745 32 947
2756 32 960
2767 32 24
2778 32 108
2789 32 452
2800 32 642
2811 32 890
2822 32 104
2833 32 551
2844 32 987
2855 32 323
2866 32 233
2877 32 261
2888 32 423
2899 32 142
2910 32 722
2921 32 899
2932 32 196
2943 32 515
2954 32 469
2965 32 351
2976 32 537
2987 32 688
2998 32 106
8 33 174
19 33 696
30 33 86
41 33 589
52 33 293
63 33 108
74 33 487
85 33 254
96 33 589
107 33 943
118 33 903
129 33 342
140 33 756
151 33 163
162 33 703
173 33 419
184 33 477
195 33 163
206 33 715
217 33 762
228 33 918
239 33 718
250 33 676
261 33 338
272 33 968
283 33 571
294 33 110
305 33 675
316 33 440
327 33 101
338 33 720
349 33 381
360 33 141
371 33 469
382 33 316
393 33 938
404 33 137
415 33 713
426 33 549
437 33 887
448 33 318
459 33 482
470 33 438
481 33 696
492 33 613
503 33 366
514 33 160
525 33 828
536 33 890
547 33 975
558 33 760
569 33 952
580 33 833
591 33 160
602 33 574
613 33 970
624 33 495
635 33 500
646 33 884
657 33 981
668 33 536
679 33 135
690 33 100
701 33 602
712 33 431
723 33 104
734 33 795
745 33 165
756 33 977
767 33 459
778 33 284
789 33 461
800 33 711
811 33 172
822 33 965
833 33 489
844 33 710
855 33 396
866 33 755
877 33 188
888 33 572
899 33 28
910 33 736
921 33 596
932 33 767
943 33 961
954 33 186
965 33 267
976 33 735
987 33 997
998 33 365
1009 33 641
1020 33 373
1031 33 14
1042 33 276
1053 33 440
1064 33 622
1075 33 98
1086 33 396
1097 33 689
1108 33 828
1119 33 174
1130 33 275
1141 33 650
1152 33 170
1163 33 442
1174 33 253
1185 33 403
1196 33 553
1207 33 306
1218 33 802
1229 33 325
1240 33 863
1251 33 681
1262 33 772
1273 33 859
1284 33 652
1295 33 945
1306 33 57
1317 33 75
1328 33 689
1339 33 580
1350 33 797
1361 33 514
1372 33 67
1383 33 173
1394 33 273
1405 33 90
1416 33 365
1427 33 174
1438 33 925
1449 33 657
1460 33 817
1471 33 166
1482 33 535
1493 33 633
1504 33 767
1515 33 440
1526 33 955
1537 33 936
1548 33 119
1559 33 725
1570 33 846
1581 33 53
1592 33 294
1603 33 453
1614 33 220
1625 33 77
1636 33 501
1647 33 596
1658 33 743
1669 33 153
1680 33 690
1691 33 342
1702 33 340
1713 33 137
1724 33 298
1735 33 385
1746 33 268
1757 33 185
1768 33 375
1779 33 111
1790 33 598
1801 33 810
1812 33 703
1823 33 179
1834 33 157
1845 33 470
1856 33 425
1867 33 424
1878 33 819
1889 33 604
1900 33 454
1911 33 464
1922 33 74
1933 33 998
1944 33 440
1955 33 134
1966 33 157
1977 33 629
1988 33 527
1999 33 571
2010 33 162
2021 33 358
2032 33 654
2043 33 429
2054 33 13
2065 33 892
2076 33 806
2087 33 803
2098 33 877
2109 33 348
2120 33 154
2131 33 725
2142 33 689
2153 33 282
2164 33 440
2175 33 794
2186 33 65
2197 33 40
2208 33 835
2219 33 646
2230 33 995
2241 33 319
2252 33 614
2263 33 202
2274 33 893
2285 33 84
2296 33 848
2307 33 398
2318 33 971
2329 33 903
2340 33 408
2351 33 837
2362 33 826
2373 33 808
2384 33 908
2395 33 757
2406 33 493
2417 33 418
2428 33 629
2439 33 810
2450 33 396
2461 33 400
2472 33 608
2483 33 408
2494 33 859
2505 33 805
2516 33 475
2527 33 632
2538 33 198
2549 33 887
2560 33 565
2571 33 861
2582 33 87
2593 33 245
2604 33 761
2615 33 6
2626 33 428
2637 33 387
2648 33 233
2659 33 229
2670 33 841
2681 33 965
2692 33 491
2703 33 749
2714 33 548
2725 33 859
2736 33 868
2747 33 173
2758 33 935
2769 33 704
2780 33 739
2791 33 776
2802 33 723
2813 33 223
2824 33 224
2835 33 927
2846 33 227
2857 33 625
2868 33 882
2879 33 549
2890 33 583
2901 33 793
2912 33 167
2923 33 16
2934 33 846
2945 33 390
2956 33 330
2967 33 879
2978 33 963
2989 33 101
10 34 174
21 34 362
32 34 505
43 34 34
54 34 966
65 34 718
76 34 10
87 34 672
98 34 842
109 34 527
120 34 110
131 34 928
142 34 750
153 34 740
164 34 182
175 34 705
186 34 85
197 34 563
208 34 494
219 34 151
230 34 501
241 34 71
252 34 54
263 34 134
274 34 203
285 34 865
296 34 736
307 34 786
318 34 325
329 34 299
340 34 508
351 34 570
362 34 445
373 34 791
384 34 73
395 34 882
406 34 435
417 34 757
428 34 359
439 34 983
450 34 984
461 34 558
472 34 226
483 34 892
494 34 671
505 34 828
516 34 153
527 34 212
538 34 291
549 34 443
560 34 23
571 34 67
582 34 856
593 34 211
604 34 830
615 34 338
626 34 657
637 34 457
648 34 966
659 34 682
670 34 442
681 34 71
692 34 713
703 34 603
714 34 603
725 34 927
736 34 711
747 34 279
758 34 857
769 34 79
780 34 256
791 34 828
802 34 798
813 34 512
824 34 651
835 34 860
846 34 749
857 34 883
868 34 45
879 34 124
890 34 651
901 34 913
912 34 388
923 34 569
934 34 154
945 34 316
956 34 56
967 34 89
978 34 879
989 34 847
1000 34 719
1011 34 790
1022 34 51
1033 34 600
1044 34 826
1055 34 894
1066 34 560
1077 34 696
1088 34 507
1099 34 889
1110 34 701
1121 34 177
1132 34 391
1143 34 770
1154 34 255
1165 34 207
1176 34 838
1187 34 805
1198 34 226
1209 34 641
1220 34 117
1231 34 880
1242 34 217
1253 34 222
1264 34 114
1275 34 91
1286 34 786
1297 34 469
1308 34 100
1319 34 367
1330 34 301
1341 34 304
1352 34 987
1363 34 360
1374 34 309
1385 34 353
1396 34 925
1407 34 900
1418 34 703
1429 34 576
1440 34 135
1451 34 968
1462 34 344
1473 34 885
1484 34 760
1495 34 78
1506 34 735
1517 34 644
1528 34 708
1539 34 63
1550 34 104
1561 34 738
1572 34 146
1583 34 720
1594 34 849
1605 34 80
1616 34 285
1627 34 883
1638 34 942
1649 34 539
1660 34 779
1671 34 608
1682 34 131
1693 34 127
1704 34 575
1715 34 998
1726 34 981
1737 34 431
1748 34 532
1759 34 984
1770 34 606
1781 34 951
1792 34 335
1803 34 539
1814 34 261
1825 34 865
1836 34 78
1847 34 836
1858 34 139
1869 34 243
1880 34 722
1891 34 535
1902 34 316
1913 34 215
1924 34 164
1935 34 422
1946 34 419
1957 34 586
1968 34 516
1979 34 892
1990 34 380
2001 34 38
2012 34 126
2023 34 370
2034 34 824
2045 34 36
2056 34 481
2067 34 296
2078 34 750
2089 34 465
2100 34 622
2111 34 601
2122 34 618
2133 34 507
2144 34 222
2155 34 12
2166 34 426
2177 34 610
2188 34 444
2199 34 774
2210 34 374
2221 34 927
2232 34 237
2243 34 445
2254 34 918
2265 34 362
2276 34 750
2287 34 563
2298 34 583
2309 34 911
2320 34 494
2331 34 328
2342 34 40
2353 34 780
2364 34 712
2375 34 903
2386 34 408
2397 34 547
2408 34 440
2419 34 522
2430 34 667
2441 34 310
2452 34 647
2463 34 298
2474 34 696
2485 34 710
2496 34 832
2507 34 942
2518 34 853
2529 34 305
2540 34 43
2551 34 166
2562 34 425
2573 34 465
2584 34 350
2595 34 963
2606 34 848
2617 34 684
2628 34 298
2639 34 552
2650 34 236
2661 34 999
2672 34 471
2683 34 727
2694 34 535
2705 34 152
2716 34 251
2727 34 280
2738 34 898
2749 34 26
2760 34 754
2771 34 226
2782 34 726
2793 34 408
2804 34 312
2815 34 535
2826 34 674
2837 34 552
2848 34 892
2859 34 323
2870 34 864
2881 34 94
2892 34 601
2903 34 601
2914 34 568
2925 34 48
2936 34 328
2947 34 614
2958 34 995
2969 34 440
2980 34 743
2991 34 678
1 35 514
12 35 726
23 35 337
34 35 612
45 35 371
56 35 630
67 35 506
78 35 653
89 35 493
100 35 949
111 35 11
122 35 77
133 35 554
144 35 220
155 35 801
166 35 313
177 35 159
188 35 13
199 35 857
210 35 549
221 35 625
232 35 724
243 35 26
254 35 28
265 35 356
276 35 431
287 35 865
298 35 581
309 35 587
320 35 186
331 35 662
342 35 945
353 35 101
364 35 473
375 35 406
386 35 276
397 35 319
408 35 607
419 35 771
430 35 853
441 35 444
452 35 631
463 35 498
474 35 191
485 35 435
496 35 412
507 35 253
518 35 430
529 35 355
540 35 833
551 35 544
562 35 107
573 35 633
584 35 482
595 35 493
606 35 94
617 35 63
628 35 117
639 35 500
650 35 949
661 35 963
672 35 746
683 35 604
694 35 699
705 35 517
716 35 48
727 35 912
738 35 125
749 35 996
760 35 852
771 35 939
782 35 487
793 35 44
804 35 836
815 35 955
826 35 971
837 35 609
848 35 680
859 35 443
870 35 153
881 35 138
892 35 491
903 35 849
914 35 321
925 35 171
936 35 615
947 35 666
958 35 825
969 35 741
980 35 217
991 35 353
1002 35 535
1013 35 553
1024 35 645
1035 35 933
1046 35 999
1057 35 257
1068 35 864
1079 35 498
1090 35 837
1101 35 658
1112 35 725
1123 35 612
1134 35 29
1145 35 653
1156 35 617
1167 35 635
1178 35 493
1189 35 446
1200 35 26
1211 35 693
1222 35 75
1233 35 108
1244 35 991
1255 35 512
1266 35 380
1277 35 413
1288 35 794
1299 35 702
1310 35 684
1321 35 385
1332 35 252
1343 35 348
1354 35 780
1365 35 652
1376 35 678
1387 35 698
1398 35 609
1409 35 354
1420 35 582
1431 35 785
1442 35 411
1453 35 551
1464 35 640
1475 35 303
1486 35 31
1497 35 820
1508 35 982
1519 35 133
1530 35 290
1541 35 330
1552 35 675
1563 35 891
1574 35 619
1585 35 674
1596 35 189
1607 35 993
1618 35 554
1629 35 780
1640 35 143
1651 35 577
1662 35 886
1673 35 156
1684 35 181
1695 35 363
1706 35 794
1717 35 670
1728 35 551
1739 35 57
1750 35 336
1761 35 927
1772 35 477
1783 35 131
1794 35 356
1805 35 396
1816 35 884
1827 35 268
1838 35 863
1849 35 598
1860 35 258
1871 35 561
1882 35 27
1893 35 101
1904 35 394
1915 35 229
1926 35 505
1937 35 371
1948 35 313
1959 35 120
1970 35 818
1981 35 393
1992 35 726
2003 35 964
2014 35 843
2025 35 606
2036 35 513
2047 35 286
2058 35 828
2069 35 308
2080 35 614
2091 35 556
2102 35 220
2113 35 200
2124 35 275
2135 35 847
2146 35 28
2157 35 983
2168 35 191
2179 35 138
2190 35 561
2201 35 90
2212 35 938
2223 35 202
2234 35 174
2245 35 62
2256 35 146
2267 35 793
2278 35 350
2289 35 342
2300 35 157
2311 35 262
2322 35 998
2333 35 619
2344 35 157
2355 35 478
2366 35 259
2377 35 236
2388 35 774
2399 35 756
2410 35 260
2421 35 256
2432 35 786
2443 35 228
2454 35 571
2465 35 377
2476 35 979
2487 35 412
2498 35 281
2509 35 136
2520 35 470
2531 35 825
2542 35 812
2553 35 461
2564 35 891
2575 35 163
2586 35 890
2597 35 366
2608 35 805
2619 35 647
2630 35 954
2641 35 380
2652 35 70
2663 35 313
2674 35 930
2685 35 749
2696 35 661
2707 35 42
2718 35 311
2729 35 651
2740 35 167
2751 35 791
2762 35 305
2773 35 355
2784 35 156
2795 35 246
2806 35 374
2817 35 284
2828 35 871
2839 35 305
2850 35 494
2861 35 377
2872 35 69
2883 35 439
2894 35 936
2905 35 489
2916 35 465
2927 35 17
2938 35 526
2949 35 932
2960 35 946
2971 35 125
2982 35 338
2993 35 846
3 36 581
14 36 911
25 36 230
36 36 609
47 36 847
58 36 878
69 36 739
80 36 623
91 36 413
102 36 298
113 36 498
124 36 212
135 36 368
146 36 919
157 36 352
168 36 688
179 36 834
190 36 108
201 36 586
212 36 228
223 36 96
234 36 837
245 36 253
256 36 532
267 36 899
278 36 174
289 36 181
300 36 155
311 36 485
322 36 908
333 36 829
344 36 384
355 36 440
366 36 816
377 36 855
388 36 384
399 36 261
410 36 436
421 36 711
432 36 981
443 36 220
454 36 835
465 36 278
476 36 46
487 36 940
498 36 537
509 36 477
520 36 976
531 36 198
542 36 708
553 36 497
564 36 951
575 36 22
586 36 865
597 36 993
608 36 162
619 36 472
630 36 143
641 36 484
652 36 157
663 36 618
674 36 453
685 36 292
696 36 744
707 36 84
718 36 915
729 36 619
740 36 992
751 36 501
762 36 278
773 36 417
784 36 734
795 36 136
806 36 573
817 36 734
828 36 647
839 36 788
850 36 896
861 36 376
872 36 394
883 36 937
894 36 431
905 36 730
916 36 248
927 36 373
938 36 6
949 36 804
960 36 785
971 36 190
982 36 672
993 36 727
1004 36 526
1015 36 391
1026 36 234
1037 36 819
1048 36 728
1059 36 340
1070 36 683
1081 36 271
1092 36 993
1103 36 649
1114 36 340
1125 36 772
1136 36 802
1147 36 981
1158 36 895
1169 36 159
1180 36 510
1191 36 481
1202 36 508
1213 36 213
1224 36 111
1235 36 606
1246 36 269
1257 36 181
1268 36 750
1279 36 430
1290 36 842
1301 36 733
1312 36 556
1323 36 480
1334 36 596
1345 36 230
1356 36 32
1367 36 423
1378 36 63
1389 36 578
1400 36 687
1411 36 224
1422 36 41
1433 36 769
1444 36 353
1455 36 946
1466 36 523
1477 36 488
1488 36 179
1499 36 62
1510 36 945
1521 36 196
1532 36 795
1543 36 893
1554 36 695
1565 36 975
1576 36 111
1587 36 91
1598 36 187
1609 36 981
1620 36 180
1631 36 454
1642 36 449
1653 36 99
1664 36 893
1675 36 779
1686 36 16
1697 36 769
1708 36 63
1719 36 715
1730 36 216
1741 36 974
1752 36 197
1763 36 484
1774 36 378
1785 36 778
1796 36 377
1807 36 224
1818 36 225
1829 36 646
1840 36 389
1851 36 459
1862 36 280
1873 36 686
1884 36 759
1895 36 108
1906 36 749
1917 36 304
1928 36 128
1939 36 363
1950 36 897
1961 36 63
1972 36 986
1983 36 616
1994 36 845
2005 36 873
2016 36 852
2027 36 539
2038 36 890
2049 36 923
2060 36 157
2071 36 491
2082 36 15
2093 36 49
2104 36 622
2115 36 735
2126 36 607
2137 36 962
2148 36 854
2159 36 957
2170 36 628
2181 36 697
2192 36 246
2203 36 619
2214 36 140
2225 36 333
2236 36 334
2247 36 526
2258 36 19
2269 36 835
2280 36 883
2291 36 459
2302 36 193
2313 36 492
2324 36 284
2335 36 161
2346 36 615
2357 36 250
2368 36 226
2379 36 255
2390 36 951
2401 36 872
2412 36 500
2423 36 473
2434 36 352
2445 36 863
2456 36 498
2467 36 680
2478 36 429
2489 36 477
2500 36 602
2511 36 351
2522 36 53
2533 36 680
2544 36 303
2555 36 204
2566 36 792
2577 36 572
2588 36 622
2599 36 74
2610 36 518
2621 36 376
2632 36 723
2643 36 174
2654 36 434
2665 36 705
2676 36 907
2687 36 585
2698 36 706
2709 36 832
2720 36 731
2731 36 878
2742 36 22
2753 36 333
2764 36 378
2775 36 731
2786 36 376
2797 36 843
2808 36 903
2819 36 72
2830 36 401
2841 36 921
2852 36 331
2863 36 79
2874 36 53
2885 36 153
2896 36 489
2907 36 931
2918 36 789
2929 36 761
2940 36 684
2951 36 847
2962 36 602
2973 36 324
2984 36 561
2995 36 47
5 37 64
16 37 736
27 37 692
38 37 663
49 37 776
60 37 876
71 37 386
82 37 138
93 37 135
104 37 967
115 37 553
126 37 151
137 37 364
148 37 833
159 37 806
170 37 407
181 37 560
192 37 828
203 37 468
214 37 361
225 37 992
236 37 996
247 37 760
258 37 850
269 37 503
280 37 599
291 37 782
302 37 205
313 37 692
324 37 161
335 37 20
346 37 308
357 37 416
368 37 265
379 37 297
390 37 4
401 37 516
412 37 930
423 37 630
434 37 251
445 37 213
456 37 145
467 37 501
478 37 616
489 37 319
500 37 598
511 37 756
522 37 27
533 37 388
544 37 196
555 37 811
566 37 270
577 37 110
588 37 450
599 37 42
610 37 348
621 37 532
632 37 334
643 37 657
654 37 451
665 37 542
676 37 889
687 37 231
698 37 245
709 37 36
720 37 55
731 37 321
742 37 77
753 37 912
764 37 35
775 37 190
786 37 758
797 37 139
808 37 99
819 37 383
830 37 328
841 37 703
852 37 530
863 37 234
874 37 968
885 37 97
896 37 20
907 37 22
918 37 416
929 37 172
940 37 65
951 37 462
962 37 926
973 37 535
984 37 694
995 37 82
1006 37 826
1017 37 283
1028 37 961
1039 37 290
1050 37 611
1061 37 226
1072 37 209
1083 37 778
1094 37 204
1105 37 416
1116 37 77
1127 37 932
1138 37 415
1149 37 717
1160 37 802
1171 37 797
1182 37 951
1193 37 308
1204 37 433
1215 37 370
1226 37 417
1237 37 940
1248 37 735
1259 37 138
1270 37 826
1281 37 707
1292 37 669
1303 37 943
1314 37 779
1325 37 280
1336 37 219
1347 37 99
1358 37 356
1369 37 187
1380 37 639
1391 37 810
1402 37 192
1413 37 758
1424 37 88
1435 37 725
1446 37 19
1457 37 980
1468 37 427
1479 37 87
1490 37 12
1501 37 58
1512 37 89
1523 37 580
1534 37 557
1545 37 576
1556 37 432
1567 37 987
1578 37 28
1589 37 789
1600 37 444
1611 37 7
1622 37 25
1633 37 851
1644 37 124
1655 37 262
1666 37 875
1677 37 659
1688 37 374
1699 37 827
1710 37 472
1721 37 463
1732 37 484
1743 37 928
1754 37 70
1765 37 331
1776 37 756
1787 37 80
1798 37 625
1809 37 325
1820 37 513
1831 37 672
1842 37 104
1853 37 894
1864 37 846
1875 37 898
1886 37 934
1897 37 827
1908 37 207
1919 37 641
1930 37 501
1941 37 731
1952 37 126
1963 37 899
1974 37 740
1985 37 649
1996 37 327
2007 37 850
2018 37 204
2029 37 920
2040 37 335
2051 37 335
2062 37 269
2073 37 279
2084 37 312
2095 37 832
2106 37 426
2117 37 241
2128 37 972
2139 37 816
2150 37 245
2161 37 836
2172 37 299
2183 37 538
2194 37 599
2205 37 79
2216 37 735
2227 37 534
2238 37 185
2249 37 316
2260 37 971
2271 37 802
2282 37 2
2293 37 967
2304 37 260
2315 37 961
2326 37 698
2337 37 994
2348 37 662
2359 37 804
2370 37 288
2381 37 264
2392 37 746
2403 37 721
2414 37 480
2425 37 136
2436 37 959
2447 37 790
2458 37 643
2469 37 136
2480 37 632
2491 37 888
2502 37 355
2513 37 396
2524 37 561
2535 37 962
2546 37 403
2557 37 83
2568 37 16
2579 37 482
2590 37 478
2601 37 542
2612 37 940
2623 37 496
2634 37 513
2645 37 383
2656 37 418
2667 37 33
2678 37 180
2689 37 429
2700 37 486
2711 37 446
2722 37 958
2733 37 503
2744 37 526
2755 37 358
2766 37 148
2777 37 671
2788 37 680
2799 37 329
2810 37 558
2821 37 919
2832 37 684
2843 37 78
2854 37 146
2865 37 721
2876 37 743
2887 37 256
2898 37 497
2909 37 706
2920 37 373
2931 37 273
2942 37 87
2953 37 562
2964 37 986
2975 37 449
2986 37 884
2997 37 586
7 38 359
18 38 846
29 38 652
40 38 17
51 38 665
62 38 535
73 38 105
84 38 404
95 38 492
106 38 999
117 38 974
128 38 676
139 38 749
150 38 830
161 38 830
172 38 194
183 38 914
194 38 708
205 38 113
216 38 950
227 38 164
238 38 837
249 38 182
260 38 142
271 38 928
282 38 254
293 38 505
304 38 452
315 38 96
326 38 304
337 38 49
348 38 755
359 38 740
370 38 986
381 38 251
392 38 346
403 38 739
414 38 552
425 38 720
436 38 742
447 38 917
458 38 711
469 38 464
480 38 631
491 38 586
502 38 956
513 38 54
524 38 255
535 38 103
546 38 309
557 38 432
568 38 400
579 38 823
590 38 477
601 38 643
612 38 242
623 38 744
634 38 343
645 38 647
656 38 893
667 38 568
678 38 709
689 38 718
700 38 492
711 38 700
722 38 234
733 38 963
744 38 843
755 38 588
766 38 455
777 38 971
788 38 559
799 38 843
810 38 458
821 38 973
832 38 755
843 38 237
854 38 494
865 38 706
876 38 83
887 38 563
898 38 814
909 38 695
920 38 976
931 38 774
942 38 922
953 38 124
964 38 209
975 38 976
986 38 942
997 38 962
1008 38 151
1019 38 224
1030 38 312
1041 38 883
1052 38 397
1063 38 149
1074 38 88
1085 38 49
1096 38 460
1107 38 920
1118 38 317
1129 38 8
1140 38 688
1151 38 753
1162 38 528
1173 38 392
1184 38 482
1195 38 440
1206 38 980
1217 38 639
1228 38 411
1239 38 708
1250 38 353
1261 38 172
1272 38 39
1283 38 523
1294 38 280
1305 38 441
1316 38 817
1327 38 975
1338 38 893
1349 38 795
1360 38 109
1371 38 987
1382 38 310
1393 38 189
1404 38 350
1415 38 900
1426 38 192
1437 38 648
1448 38 170
1459 38 126
1470 38 400
1481 38 120
1492 38 763
1503 38 457
1514 38 809
1525 38 683
1536 38 711
1547 38 851
1558 38 622
1569 38 707
1580 38 685
1591 38 868
1602 38 214
1613 38 335
1624 38 213
1635 38 76
1646 38 699
1657 38 400
1668 38 154
1679 38 607
1690 38 782
1701 38 179
1712 38 459
1723 38 560
1734 38 139
1745 38 239
1756 38 403
1767 38 881
1778 38 894
1789 38 328
1800 38 659
1811 38 863
1822 38 823
1833 38 551
1844 38 642
1855 38 314
1866 38 769
1877 38 145
1888 38 353
1899 38 130
1910 38 702
1921 38 942
1932 38 332
1943 38 95
1954 38 111
1965 38 185
1976 38 933
1987 38 300
1998 38 297
2009 38 334
2020 38 675
2031 38 478
2042 38 107
2053 38 809
2064 38 311
2075 38 222
2086 38 363
2097 38 383
2108 38 306
2119 38 521
2130 38 594
2141 38 5
2152 38 884
2163 38 137
2174 38 958
2185 38 142
2196 38 515
2207 38 697
2218 38 565
2229 38 63
2240 38 626
2251 38 628
2262 38 755
2273 38 46
2284 38 15
2295 38 800
2306 38 615
2317 38 598
2328 38 304
2339 38 887
2350 38 172
2361 38 81
2372 38 674
2383 38 58
2394 38 701
2405 38 69
2416 38 281
2427 38 768
2438 38 945
2449 38 423
2460 38 843
2471 38 386
2482 38 350
2493 38 919
2504 38 547
2515 38 617
2526 38 160
2537 38 66
2548 38 155
2559 38 761
2570 38 114
2581 38 221
2592 38 383
2603 38 267
2614 38 378
2625 38 18
2636 38 883
2647 38 410
2658 38 600
2669 38 526
2680 38 184
2691 38 218
2702 38 401
2713 38 809
2724 38 176
2735 38 147
2746 38 31
2757 38 599
2768 38 761
2779 38 923
2790 38 544
2801 38 523
2812 38 667
2823 38 633
2834 38 251
2845 38 382
2856 38 316
2867 38 807
2878 38 587
2889 38 116
2900 38 924
2911 38 505
2922 38 697
2933 38 997
2944 38 518
2955 38 978
2966 38 592
2977 38 389
2988 38 969
2999 38 940
9 39 401
20 39 531
31 39 550
42 39 237
53 39 428
64 39 292
75 39 123
86 39 108
97 39 133
108 39 396
119 39 465
130 39 267
141 39 399
152 39 995
163 39 792
174 39 906
185 39 842
196 39 855
207 39 732
218 39 411
229 39 202
240 39 590
251 39 216
262 39 639
273 39 963
284 39 340
295 39 68
306 39 886
317 39 936
328 39 309
339 39 927
350 39 787
361 39 906
372 39 813
383 39 788
394 39 339
405 39 755
416 39 536
427 39 284
438 39 703
449 39 49
460 39 591
471 39 675
482 39 720
493 39 851
504 39 476
515 39 795
526 39 831
537 39 537
548 39 637
559 39 453
570 39 68
581 39 471
592 39 997
603 39 275
614 39 138
625 39 406
636 39 869
647 39 792
658 39 859
669 39 743
680 39 845
691 39 261
702 39 47
713 39 855
724 39 273
735 39 71
746 39 955
757 39 868
768 39 9
779 39 133
790 39 893
801 39 75
812 39 400
823 39 700
834 39 672
845 39 105
856 39 614
867 39 619
878 39 964
889 39 387
900 39 764
911 39 747
922 39 762
933 39 171
944 39 606
955 39 593
966 39 693
977 39 249
988 39 682
999 39 607
1010 39 361
1021 39 841
1032 39 230
1043 39 862
1054 39 597
1065 39 197
1076 39 886
1087 39 720
1098 39 906
1109 39 644
1120 39 179
1131 39 789
1142 39 707
1153 39 632
1164 39 98
1175 39 997
1186 39 181
1197 39 269
1208 39 578
1219 39 176
1230 39 904
1241 39 694
1252 39 517
1263 39 555
1274 39 387
1285 39 740
1296 39 900
1307 39 190
1318 39 742
1329 39 283
1340 39 513
1351 39 932
1362 39 100
1373 39 604
1384 39 331
1395 39 85
1406 39 773
1417 39 56
1428 39 61
1439 39 221
1450 39 701
1461 39 824
1472 39 810
1483 39 619
1494 39 229
1505 39 934
1516 39 193
1527 39 137
1538 39 754
1549 39 685
1560 39 976
1571 39 10
1582 39 99
1593 39 695
1604 39 591
1615 39 506
1626 39 397
1637 39 506
1648 39 682
1659 39 92
1670 39 208
1681 39 771
1692 39 160
1703 39 178
1714 39 516
1725 39 225
1736 39 940
1747 39 692
1758 39 606
1769 39 517
1780 39 526
1791 39 296
1802 39 758
1813 39 164
1824 39 33
1835 39 694
1846 39 386
1857 39 693
1868 39 963
1879 39 801
1890 39 235
1901 39 852
1912 39 323
1923 39 655
1934 39 221
1945 39 920
1956 39 463
1967 39 388
1978 39 86
1989 39 920
2000 39 359
2011 39 909
2022 39 114
2033 39 716
2044 39 113
2055 39 165
2066 39 837
2077 39 902
2088 39 137
2099 39 721
2110 39 594
2121 39 764
2132 39 934
2143 39 277
2154 39 434
2165 39 573
2176 39 145
2187 39 28
2198 39 174
2209 39 41
2220 39 105
2231 39 481
2242 39 130
2253 39 650
2264 39 51
2275 39 516
2286 39 538
2297 39 844
2308 39 928
2319 39 761
2330 39 955
2341 39 614
2352 39 548
2363 39 189
2374 39 304
2385 39 958
2396 39 635
2407 39 457
2418 39 231
2429 39 389
2440 39 515
2451 39 251
2462 39 641
2473 39 445
2484 39 645
2495 39 733
2506 39 216
2517 39 508
2528 39 607
2539 39 15
2550 39 384
2561 39 749
2572 39 687
2583 39 312
2594 39 88
2605 39 84
2616 39 543
2627 39 649
2638 39 81
2649 39 608
2660 39 734
2671 39 991
2682 39 224
2693 39 263
2704 39 636
2715 39 926
2726 39 422
2737 39 702
2748 39 513
2759 39 907
2770 39 290
2781 39 415
2792 39 796
2803 39 256
2814 39 531
2825 39 844
2836 39 20
2847 39 671
2858 39 257
2869 39 742
2880 39 815
2891 39 727
2902 39 895
2913 39 93
2924 39 729
2935 39 676
2946 39 304
2957 39 195
2968 39 717
2979 39 28
2990 39 102
0 40 363
11 40 912
22 40 892
33 40 661
44 40 59
55 40 745
66 40 603
77 40 434
88 40 86
99 40 156
110 40 529
121 40 987
132 40 171
143 40 711
154 40 807
165 40 959
176 40 68
187 40 629
198 40 387
209 40 40
220 40 793
231 40 699
242 40 864
253 40 667
264 40 313
275 40 873
286 40 689
297 40 431
308 40 895
319 40 377
330 40 539
341 40 435
352 40 514
363 40 442
374 40 789
385 40 838
396 40 37
407 40 524
418 40 227
429 40 300
440 40 691
451 40 310
462 40 569
473 40 144
484 40 285
495 40 886
506 40 286
517 40 805
528 40 409
539 40 871
550 40 301
561 40 511
572 40 133
583 40 363
594 40 81
605 40 628
616 40 554
627 40 87
638 40 755
649 40 247
660 40 113
671 40 508
682 40 517
693 40 724
704 40 78
715 40 504
726 40 139
737 40 175
748 40 752
759 40 50
770 40 986
781 40 702
792 40 9
803 40 851
814 40 105
825 40 480
836 40 359
847 40 44
858 40 841
869 40 118
880 40 782
891 40 116
902 40 622
913 40 326
924 40 807
935 40 143
946 40 915
957 40 686
968 40 253
979 40 514
990 40 926
1001 40 525
1012 40 470
1023 40 39
1034 40 149
1045 40 411
1056 40 109
1067 40 353
1078 40 464
1089 40 553
1100 40 127
1111 40 28
1122 40 981
1133 40 661
1144 40 796
1155 40 118
1166 40 575
1177 40 801
1188 40 682
1199 40 853
1210 40 417
1221 40 46
1232 40 654
1243 40 5
1254 40 326
1265 40 388
1276 40 130
1287 40 927
1298 40 526
1309 40 16
1320 40 130
1331 40 126
1342 40 175
1353 40 243
1364 40 570
1375 40 160
1386 40 665
1397 40 174
1408 40 348
1419 40 331
1430 40 461
1441 40 546
1452 40 749
1463 40 119
1474 40 282
1485 40 672
1496 40 430
1507 40 699
1518 40 508
1529 40 633
1540 40 790
1551 40 358
1562 40 437
1573 40 625
1584 40 25
1595 40 66
1606 40 916
1617 40 872
1628 40 535
1639 40 552
1650 40 3
1661 40 907
1672 40 976
1683 40 771
1694 40 597
1705 40 702
1716 40 96
1727 40 601
1738 40 253
1749 40 755
1760 40 919
1771 40 853
1782 40 621
1793 40 12
1804 40 850
1815 40 439
1826 40 685
1837 40 289
1848 40 707
1859 40 598
1870 40 29
1881 40 131
1892 40 443
1903 40 176
1914 40 707
1925 40 431
1936 40 585
1947 40 350
1958 40 586
1969 40 371
1980 40 126
1991 40 797
2002 40 953
2013 40 40
2024 40 750
2035 40 585
2046 40 559
2057 40 151
2068 40 430
2079 40 711
2090 40 577
2101 40 842
2112 40 338
2123 40 643
2134 40 476
2145 40 205
2156 40 285
2167 40 182
2178 40 372
2189 40 548
2200 40 125
2211 40 712
2222 40 305
2233 40 565
2244 40 46
2255 40 826
2266 40 142
2277 40 932
2288 40 767
2299 40 344
2310 40 273
2321 40 4
2332 40 140
2343 40 442
2354 40 277
2365 40 248
2376 40 97
2387 40 200
2398 40 455
2409 40 409
2420 40 629
2431 40 650
2442 40 326
2453 40 580
2464 40 180
2475 40 122
2486 40 735
2497 40 135
2508 40 792
2519 40 848
2530 40 375
2541 40 914
2552 40 178
2563 40 228
2574 40 269
2585 40 906
2596 40 782
2607 40 164
2618 40 622
2629 40 518
2640 40 181
2651 40 931
2662 40 903
2673 40 417
2684 40 338
2695 40 926
2706 40 362
2717 40 492
2728 40 667
2739 40 724
2750 40 545
2761 40 145
2772 40 403
2783 40 15
2794 40 164
2805 40 64
2816 40 940
2827 40 347
2838 40 203
2849 40 561
2860 40 712
2871 40 882
2882 40 515
2893 40 850
2904 40 712
2915 40 277
2926 40 144
2937 40 248
2948 40 188
2959 40 42
2970 40 49
2981 40 937
2992 40 328
2 41 521
13 41 637
24 41 124
35 41 497
46 41 512
57 41 60
68 41 165
79 41 795
90 41 2
101 41 610
112 41 27
123 41 693
134 41 168
145 41 638
156 41 951
167 41 364
178 41 77
189 41 427
200 41 165
211 41 357
222 41 873
233 41 539
244 41 468
255 41 604
266 41 512
277 41 973
288 41 310
299 41 154
310 41 814
321 41 657
332 41 470
343 41 173
354 41 266
365 41 357
376 41 268
387 41 536
398 41 880
409 41 45
420 41 777
431 41 269
442 41 275
453 41 585
464 41 935
475 41 446
486 41 321
497 41 190
508 41 280
519 41 739
530 41 819
541 41 336
552 41 419
563 41 624
574 41 714
585 41 986
596 41 811
607 41 189
618 41 619
629 41 982
640 41 727
651 41 155
662 41 460
673 41 349
684 41 835
695 41 432
706 41 810
717 41 349
728 41 540
739 41 848
750 41 160
761 41 106
772 41 237
783 41 540
794 41 486
805 41 335
816 41 821
827 41 853
838 41 671
849 41 344
860 41 394
871 41 468
882 41 3
893 41 32
904 41 302
915 41 340
926 41 126
937 41 436
948 41 999
959 41 937
970 41 618
981 41 891
992 41 905
1003 41 939
1014 41 728
1025 41 390
1036 41 424
1047 41 1000
1058 41 958
1069 41 924
1080 41 294
1091 41 545
1102 41 492
1113 41 866
1124 41 618
1135 41 808
1146 41 604
1157 41 897
1168 41 977
1179 41 710
1190 41 324
1201 41 220
1212 41 780
1223 41 427
1234 41 902
1245 41 602
1256 41 709
1267 41 167
1278 41 602
1289 41 312
1300 41 506
1311 41 870
1322 41 339
1333 41 735
1344 41 300
1355 41 23
1366 41 805
1377 41 883
1388 41 70
1399 41 195
1410 41 533
1421 41 907
1432 41 439
1443 41 270
1454 41 994
1465 41 364
1476 41 823
1487 41 570
1498 41 285
1509 41 813
1520 41 777
1531 41 660
1542 41 39
1553 41 139
1564 41 725
1575 41 634
1586 41 143
1597 41 147
1608 41 66
1619 41 54
1630 41 288
1641 41 794
1652 41 93
1663 41 53
1674 41 505
1685 41 911
1696 41 121
1707 41 386
1718 41 401
1729 41 662
1740 41 467
1751 41 20
1762 41 988
1773 41 73
1784 41 916
1795 41 873
1806 41 352
1817 41 137
1828 41 585
1839 41 620
1850 41 838
1861 41 792
1872 41 68
1883 41 812
1894 41 588
1905 41 31
1916 41 999
1927 41 551
1938 41 972
1949 41 889
1960 41 673
1971 41 393
1982 41 461
1993 41 142
2004 41 684
2015 41 406
2026 41 816
2037 41 496
2048 41 279
2059 41 777
2070 41 167
2081 41 75
2092 41 136
2103 41 178
2114 41 439
2125 41 569
2136 41 114
2147 41 975
2158 41 435
2169 41 857
2180 41 734
2191 41 200
2202 41 932
2213 41 782
2224 41 718
2235 41 163
2246 41 299
2257 41 934
2268 41 831
2279 41 246
2290 41 545
2301 41 677
2312 41 266
2323 41 483
2334 41 432
2345 41 410
2356 41 676
2367 41 644
2378 41 523
2389 41 600
2400 41 951
2411 41 245
2422 41 277
2433 41 174
2444 41 160
2455 41 878
2466 41 8
2477 41 238
2488 41 639
2499 41 727
2510 41 604
2521 41 237
2532 41 555
2543 41 122
2554 41 587
2565 41 988
2576 41 69
2587 41 390
2598 41 993
2609 41 60
2620 41 286
2631 41 767
2642 41 503
2653 41 564
2664 41 784
2675 41 512
2686 41 39
2697 41 508
2708 41 660
2719 41 132
2730 41 551
2741 41 394
2752 41 83
2763 41 392
2774 41 965
2785 41 213
2796 41 662
2807 41 777
2818 41 822
2829 41 420
2840 41 875
2851 41 289
2862 41 512
2873 41 944
2884 41 397
2895 41 280
2906 41 101
2917 41 820
2928 41 329
2939 41 977
2950 41 133
2961 41 636
2972 41 332
2983 41 569
2994 41 252
4 42 827
15 42 910
26 42 164
37 42 606
48 42 230
59 42 685
70 42 95
81 42 787
92 42 25
103 42 13
114 42 703
125 42 562
136 42 830
147 42 977
158 42 724
169 42 561
180 42 411
191 42 74
202 42 671
213 42 489
224 42 782
235 42 540
246 42 788
257 42 206
268 42 768
279 42 882
290 42 283
301 42 101
312 42 917
323 42 940
334 42 1
345 42 598
356 42 422
367 42 344
378 42 429
389 42 293
400 42 906
411 42 499
422 42 892
433 42 834
444 42 623
455 42 997
466 42 645
477 42 953
488 42 648
499 42 761
510 42 913
521 42 431
532 42 220
543 42 367
554 42 543
565 42 94
576 42 272
587 42 465
598 42 687
609 42 489
620 42 824
631 42 216
642 42 637
653 42 843
664 42 223
675 42 271
686 42 979
697 42 923
708 42 342
719 42 941
730 42 396
741 42 161
752 42 702
763 42 530
774 42 954
785 42 595
796 42 710
807 42 453
818 42 763
829 42 469
840 42 270
851 42 374
862 42 843
873 42 617
884 42 130
895 42 885
906 42 952
917 42 221
928 42 292
939 42 865
950 42 477
961 42 187
972 42 684
983 42 779
994 42 433
1005 42 756
1016 42 478
1027 42 623
1038 42 432
1049 42 886
1060 42 463
1071 42 506
1082 42 716
1093 42 645
1104 42 120
1115 42 977
1126 42 4
1137 42 598
1148 42 43
1159 42 943
1170 42 181
1181 42 745
1192 42 667
1203 42 921
1214 42 272
1225 42 773
1236 42 608
1247 42 926
1258 42 902
1269 42 591
1280 42 571
1291 42 376
1302 42 275
1313 42 54
1324 42 55
1335 42 452
1346 42 119
1357 42 603
1368 42 909
1379 42 167
1390 42 391
1401 42 64
1412 42 868
1423 42 735
1434 42 343
1445 42 260
1456 42 875
1467 42 168
1478 42 203
1489 42 672
1500 42 376
1511 42 548
1522 42 354
1533 42 350
1544 42 490
1555 42 908
1566 42 758
1577 42 303
1588 42 27
1599 42 489
1610 42 124
1621 42 307
1632 42 918
1643 42 992
1654 42 659
1665 42 839
1676 42 842
1687 42 245
1698 42 537
1709 42 526
1720 42 993
1731 42 952
1742 42 894
1753 42 516
1764 42 239
1775 42 948
1786 42 403
1797 42 335
1808 42 278
1819 42 473
1830 42 9
1841 42 781
1852 42 297
1863 42 375
1874 42 491
1885 42 169
1896 42 244
1907 42 138
1918 42 700
1929 42 657
1940 42 672
1951 42 492
1962 42 15
1973 42 368
1984 42 271
1995 42 599
2006 42 853
2017 42 69
2028 42 549
2039 42 71
2050 42 739
2061 42 872
2072 42 614
2083 42 821
2094 42 49
2105 42 910
2116 42 880
2127 42 425
2138 42 677
2149 42 961
2160 42 25
2171 42 847
2182 42 912
2193 42 946
2204 42 303
2215 42 447
2226 42 268
2237 42 716
2248 42 370
2259 42 485
2270 42 104
2281 42 30
2292 42 110
2303 42 612
2314 42 67
2325 42 502
2336 42 938
2347 42 610
2358 42 870
2369 42 490
2380 42 774
2391 42 500
2402 42 774
2413 42 711
2424 42 566
2435 42 856
2446 42 971
2457 42 452
2468 42 495
2479 42 380
2490 42 697
2501 42 272
2512 42 704
2523 42 658
2534 42 132
2545 42 314
2556 42 883
2567 42 894
2578 42 103
2589 42 65
2600 42 417
2611 42 260
2622 42 739
2633 42 164
2644 42 841
2655 42 413
2666 42 901
2677 42 707
2688 42 441
2699 42 115
2710 42 613
2721 42 927
2732 42 728
2743 42 705
2754 42 466
2765 42 627
2776 42 867
2787 42 565
2798 42 78
2809 42 449
2820 42 873
2831 42 853
2842 42 46
2853 42 472
2864 42 394
2875 42 101
2886 42 466
2897 42 602
2908 42 867
2919 42 74
2930 42 480
2941 42 854
2952 42 652
2963 42 344
2974 42 55
2985 42 489
2996 42 690
6 43 187
17 43 613
28 43 696
39 43 920
50 43 985
61 43 645
72 43 754
83 43 127
94 43 430
105 43 380
116 43 581
127 43 305
138 43 965
149 43 426
160 43 411
171 43 499
182 43 427
193 43 122
204 43 358
215 43 632
226 43 916
237 43 496
248 43 335
259 43 561
270 43 21
281 43 355
292 43 318
303 43 940
314 43 915
325 43 378
336 43 906
347 43 353
358 43 178
369 43 791
380 43 866
391 43 178
402 43 575
413 43 311
424 43 38
435 43 472
446 43 675
457 43 149
468 43 157
479 43 447
490 43 805
501 43 135
512 43 408
523 43 399
534 43 708
545 43 312
556 43 977
567 43 769
578 43 548
589 43 637
600 43 49
611 43 738
622 43 19
633 43 346
644 43 589
655 43 676
666 43 432
677 43 989
688 43 195
699 43 86
710 43 782
721 43 247
732 43 1
743 43 147
754 43 491
765 43 910
776 43 538
787 43 447
798 43 807
809 43 931
820 43 923
831 43 917
842 43 662
853 43 128
864 43 655
875 43 557
886 43 127
897 43 114
908 43 441
919 43 129
930 43 21
941 43 316
952 43 472
963 43 764
974 43 114
985 43 755
996 43 506
1007 43 29
1018 43 116
1029 43 117
1040 43 224
1051 43 901
1062 43 970
1073 43 919
1084 43 69
1095 43 161
1106 43 648
1117 43 440
1128 43 140
1139 43 689
1150 43 749
1161 43 494
1172 43 322
1183 43 325
1194 43 549
1205 43 791
1216 43 881
1227 43 536
1238 43 607
1249 43 50
1260 43 306
1271 43 977
1282 43 783
1293 43 393
1304 43 222
1315 43 640
1326 43 598
1337 43 428
1348 43 910
1359 43 864
1370 43 883
1381 43 417
1392 43 156
1403 43 407
1414 43 704
1425 43 587
1436 43 21
1447 43 364
1458 43 678
1469 43 727
1480 43 148
1491 43 671
1502 43 853
1513 43 283
1524 43 755
1535 43 87
1546 43 350
1557 43 17
1568 43 863
1579 43 459
1590 43 165
1601 43 46
1612 43 394
1623 43 225
1634 43 821
1645 43 923
1656 43 807
1667 43 724
1678 43 246
1689 43 791
1700 43 197
1711 43 717
1722 43 862
1733 43 57
1744 43 450
1755 43 704
1766 43 844
1777 43 181
1788 43 426
1799 43 33
1810 43 412
1821 43 153
1832 43 361
1843 43 584
1854 43 611
1865 43 227
1876 43 126
1887 43 241
1898 43 774
1909 43 409
1920 43 61
1931 43 517
1942 43 655
1953 43 753
1964 43 183
1975 43 403
1986 43 674
1997 43 881
2008 43 411
2019 43 32
2030 43 958
2041 43 832
2052 43 328
2063 43 100
2074 43 356
2085 43 726
2096 43 710
2107 43 551
2118 43 85
2129 43 1
2140 43 525
2151 43 324
2162 43 136
2173 43 67
2184 43 583
2195 43 789
2206 43 989
2217 43 323
2228 43 754
2239 43 993
2250 43 171
2261 43 514
2272 43 864
2283 43 807
2294 43 439
2305 43 351
2316 43 419
2327 43 765
2338 43 996
2349 43 159
2360 43 610
2371 43 783
2382 43 565
2393 43 145
2404 43 766
2415 43 719
2426 43 469
2437 43 140
2448 43 614
2459 43 890
2470 43 650
2481 43 477
2492 43 976
2503 43 602
2514 43 22
2525 43 156
2536 43 896
2547 43 399
2558 43 161
2569 43 775
2580 43 614
2591 43 970
2602 43 522
2613 43 490
2624 43 53
2635 43 428
2646 43 775
2657 43 34
2668 43 248
2679 43 78
2690 43 708
2701 43 863
2712 43 884
2723 43 463
2734 43 834
2745 43 146
2756 43 280
2767 43 233
2778 43 748
2789 43 673
2800 43 538
2811 43 334
2822 43 2
2833 43 227
2844 43 619
2855 43 362
2866 43 456
2877 43 299
2888 43 944
2899 43 92
2910 43 549
2921 43 456
2932 43 379
2943 43 196
2954 43 646
2965 43 820
2976 43 438
2987 43 463
2998 43 781
8 44 244
19 44 714
30 44 291
41 44 157
52 44 216
63 44 964
74 44 869
85 44 906
96 44 520
107 44 857
118 44 933
129 44 995
140 44 4
151 44 321
162 44 715
173 44 318
184 44 479
195 44 486
206 44 699
217 44 167
228 44 884
239 44 947
250 44 193
261 44 339
272 44 238
283 44 197
294 44 166
305 44 685
316 44 38
327 44 383
338 44 406
349 44 530
360 44 910
371 44 599
382 44 297
393 44 311
404 44 214
415 44 863
426 44 688
437 44 338
448 44 865
459 44 640
470 44 653
481 44 964
492 44 694
503 44 441
514 44 538
525 44 716
536 44 682
547 44 502
558 44 20
569 44 132
580 44 594
591 44 406
602 44 205
613 44 252
624 44 577
635 44 606
646 44 112
657 44 68
668 44 215
679 44 499
690 44 456
701 44 51
712 44 421
723 44 249
734 44 605
745 44 768
756 44 319
767 44 997
778 44 502
789 44 696
800 44 994
811 44 617
822 44 863
833 44 1000
844 44 180
855 44 888
866 44 493
877 44 869
888 44 558
899 44 65
910 44 218
921 44 175
932 44 746
943 44 857
954 44 171
965 44 860
976 44 525
987 44 966
998 44 607
1009 44 578
1020 44 980
1031 44 172
1042 44 74
1053 44 310
1064 44 72
1075 44 769
1086 44 168
1097 44 980
1108 44 850
1119 44 491
1130 44 320
1141 44 252
1152 44 869
1163 44 197
1174 44 51
1185 44 237
1196 44 893
1207 44 305
1218 44 346
1229 44 536
1240 44 926
1251 44 580
1262 44 548
1273 44 884
1284 44 177
1295 44 543
1306 44 33
1317 44 842
1328 44 439
1339 44 465
1350 44 520
1361 44 764
1372 44 37
1383 44 252
1394 44 353
1405 44 51
1416 44 475
1427 44 795
1438 44 536
1449 44 241
1460 44 901
1471 44 846
1482 44 442
1493 44 431
1504 44 700
1515 44 807
1526 44 132
1537 44 319
1548 44 645
1559 44 860
1570 44 377
1581 44 602
1592 44 741
1603 44 513
1614 44 820
1625 44 798
1636 44 792
1647 44 173
1658 44 11
1669 44 413
1680 44 239
1691 44 216
1702 44 971
1713 44 67
1724 44 32
1735 44 861
1746 44 991
1757 44 73
1768 44 612
1779 44 843
1790 44 6
1801 44 560
1812 44 146
1823 44 665
1834 44 335
1845 44 411
1856 44 850
1867 44 553
1878 44 603
1889 44 749
1900 44 878
1911 44 432
1922 44 798
1933 44 908
1944 44 540
1955 44 385
1966 44 18
1977 44 928
1988 44 479
1999 44 28
2010 44 948
2021 44 9
2032 44 525
2043 44 219
2054 44 814
2065 44 799
2076 44 344
2087 44 281
2098 44 716
2109 44 870
2120 44 45
2131 44 160
2142 44 669
2153 44 140
2164 44 727
2175 44 625
2186 44 823
2197 44 564
2208 44 927
2219 44 351
2230 44 731
2241 44 105
2252 44 872
2263 44 644
2274 44 772
2285 44 475
2296 44 393
2307 44 634
2318 44 21
2329 44 379
2340 44 443
2351 44 191
2362 44 724
2373 44 469
2384 44 480
2395 44 604
2406 44 965
2417 44 165
2428 44 154
2439 44 18
2450 44 707
2461 44 331
2472 44 478
2483 44 890
2494 44 174
2505 44 156
2516 44 10
2527 44 46
2538 44 810
2549 44 923
2560 44 759
2571 44 482
2582 44 686
2593 44 265
2604 44 80
2615 44 438
2626 44 344
2637 44 822
2648 44 342
2659 44 310
2670 44 991
2681 44 896
2692 44 488
2703 44 989
2714 44 456
2725 44 185
2736 44 276
2747 44 287
2758 44 738
2769 44 448
2780 44 336
2791 44 552
2802 44 182
2813 44 701
2824 44 95
2835 44 911
2846 44 680
2857 44 68
2868 44 557
2879 44 494
2890 44 676
2901 44 137
2912 44 232
2923 44 595
2934 44 195
2945 44 131
2956 44 840
2967 44 635
2978 44 289
2989 44 309
10 45 593
21 45 645
32 45 482
43 45 540
54 45 705
65 45 156
76 45 652
87 45 211
98 45 974
109 45 835
120 45 715
131 45 494
142 45 777
153 45 332
164 45 109
175 45 253
186 45 152
197 45 861
208 45 793
219 45 798
230 45 461
241 45 274
252 45 1
263 45 691
274 45 391
285 45 564
296 45 320
307 45 235
318 45 172
329 45 935
340 45 881
351 45 266
362 45 488
373 45 714
384 45 887
395 45 105
406 45 814
417 45 419
428 45 598
439 45 672
450 45 794
461 45 435
472 45 310
483 45 140
494 45 164
505 45 591
516 45 841
527 45 732
538 45 605
549 45 556
560 45 127
571 45 637
582 45 497
593 45 583
604 45 254
615 45 68
626 45 325
637 45 623
648 45 543
659 45 268
670 45 92
681 45 906
692 45 171
703 45 173
714 45 375
725 45 152
736 45 389
747 45 906
758 45 949
769 45 146
780 45 433
791 45 848
802 45 597
813 45 688
824 45 146
835 45 565
846 45 676
857 45 931
868 45 820
879 45 421
890 45 280
901 45 823
912 45 608
923 45 498
934 45 281
945 45 566
956 45 88
967 45 257
978 45 934
989 45 134
1000 45 650
1011 45 777
1022 45 144
1033 45 16
1044 45 870
1055 45 589
1066 45 369
1077 45 329
1088 45 537
1099 45 170
1110 45 796
1121 45 832
1132 45 101
1143 45 808
1154 45 597
1165 45 932
1176 45 310
1187 45 960
1198 45 3
1209 45 407
1220 45 242
1231 45 951
1242 45 252
1253 45 529
1264 45 388
1275 45 573
1286 45 161
1297 45 653
1308 45 904
1319 45 301
1330 45 981
1341 45 398
1352 45 359
1363 45 773
1374 45 92
1385 45 965
1396 45 403
1407 45 566
1418 45 43
1429 45 464
1440 45 663
1451 45 373
1462 45 844
1473 45 942
1484 45 946
1495 45 718
1506 45 763
1517 45 782
1528 45 626
1539 45 111
1550 45 286
1561 45 724
1572 45 785
1583 45 95
1594 45 571
1605 45 606
1616 45 92
1627 45 765
1638 45 128
1649 45 179
1660 45 690
1671 45 854
1682 45 489
1693 45 10
1704 45 493
1715 45 848
1726 45 116
1737 45 732
1748 45 421
1759 45 128
1770 45 579
1781 45 162
1792 45 909
1803 45 775
1814 45 426
1825 45 738
1836 45 802
1847 45 840
1858 45 156
1869 45 256
1880 45 926
1891 45 575
1902 45 116
1913 45 70
1924 45 304
1935 45 355
1946 45 948
1957 45 721
1968 45 390
1979 45 983
1990 45 711
2001 45 726
2012 45 302
2023 45 13
2034 45 492
2045 45 798
2056 45 812
2067 45 415
2078 45 304
2089 45 170
2100 45 346
2111 45 145
2122 45 602
2133 45 825
2144 45 135
2155 45 362
2166 45 630
2177 45 848
2188 45 906
2199 45 455
2210 45 748
2221 45 614
2232 45 408
2243 45 702
2254 45 318
2265 45 453
2276 45 267
2287 45 21
2298 45 680
2309 45 507
2320 45 235
2331 45 599
2342 45 820
2353 45 605
2364 45 800
2375 45 833
2386 45 870
2397 45 935
2408 45 767
2419 45 75
2430 45 798
2441 45 621
2452 45 346
2463 45 446
2474 45 670
2485 45 587
2496 45 719
2507 45 537
2518 45 843
2529 45 957
2540 45 31
2551 45 481
2562 45 984
2573 45 769
2584 45 109
2595 45 778
2606 45 229
2617 45 679
2628 45 361
2639 45 118
2650 45 448
2661 45 260
2672 45 746
2683 45 150
2694 45 717
2705 45 702
2716 45 36
2727 45 144
2738 45 531
2749 45 705
2760 45 290
2771 45 32
2782 45 976
2793 45 86
2804 45 424
2815 45 712
2826 45 699
2837 45 104
2848 45 180
2859 45 562
2870 45 810
2881 45 135
2892 45 117
2903 45 244
2914 45 256
2925 45 7
2936 45 849
2947 45 795
2958 45 389
2969 45 110
2980 45 530
2991 45 163
1 46 418
12 46 695
23 46 891
34 46 425
45 46 601
56 46 402
67 46 191
78 46 36
89 46 241
100 46 205
111 46 150
122 46 191
133 46 996
144 46 114
155 46 6
166 46 477
177 46 474
188 46 592
199 46 906
210 46 908
221 46 758
232 46 487
243 46 526
254 46 812
265 46 620
276 46 455
287 46 67
298 46 279
309 46 44
320 46 782
331 46 533
342 46 575
353 46 977
364 46 298
375 46 749
386 46 100
397 46 122
408 46 31
419 46 696
430 46 900
441 46 659
452 46 206
463 46 791
474 46 466
485 46 12
496 46 438
507 46 944
518 46 731
529 46 320
540 46 822
551 46 623
562 46 966
573 46 810
584 46 391
595 46 159
606 46 376
617 46 740
628 46 73
639 46 865
650 46 153
661 46 105
672 46 803
683 46 579
694 46 894
705 46 754
716 46 338
727 46 226
738 46 780
749 46 149
760 46 980
771 46 389
782 46 305
793 46 100
804 46 317
815 46 716
826 46 448
837 46 86
848 46 428
859 46 147
870 46 253
881 46 916
892 46 419
903 46 567
914 46 449
925 46 806
936 46 954
947 46 831
958 46 840
969 46 298
980 46 448
991 46 419
1002 46 826
1013 46 626
1024 46 955
1035 46 413
1046 46 890
1057 46 521
1068 46 925
1079 46 886
1090 46 140
1101 46 410
1112 46 606
1123 46 349
1134 46 916
1145 46 41
1156 46 454
1167 46 201
1178 46 330
1189 46 93
1200 46 891
1211 46 328
1222 46 417
1233 46 791
1244 46 409
1255 46 127
1266 46 449
1277 46 580
1288 46 544
1299 46 570
1310 46 886
1321 46 59
1332 46 481
1343 46 594
1354 46 18
1365 46 585
1376 46 817
1387 46 998
1398 46 333
1409 46 327
1420 46 70
1431 46 896
1442 46 412
1453 46 914
1464 46 891
1475 46 369
1486 46 596
1497 46 592
1508 46 940
1519 46 717
1530 46 611
1541 46 103
1552 46 786
1563 46 370
1574 46 513
1585 46 168
1596 46 802
1607 46 513
1618 46 691
1629 46 357
1640 46 253
1651 46 774
1662 46 966
1673 46 175
1684 46 294
1695 46 616
1706 46 328
1717 46 586
1728 46 583
1739 46 170
1750 46 306
1761 46 587
1772 46 960
1783 46 678
1794 46 352
1805 46 173
1816 46 123
1827 46 197
1838 46 484
1849 46 868
1860 46 303
1871 46 27
1882 46 205
1893 46 597
1904 46 13
1915 46 256
1926 46 520
1937 46 671
1948 46 491
1959 46 578
1970 46 639
1981 46 896
1992 46 508
2003 46 749
2014 46 940
2025 46 304
2036 46 618
2047 46 314
2058 46 883
2069 46 433
2080 46 475
2091 46 416
2102 46 982
2113 46 480
2124 46 744
2135 46 764
2146 46 471
2157 46 72
2168 46 158
2179 46 37
2190 46 835
2201 46 461
2212 46 54
2223 46 27
2234 46 58
2245 46 194
2256 46 573
2267 46 941
2278 46 108
2289 46 500
2300 46 193
2311 46 152
2322 46 77
2333 46 930
2344 46 879
2355 46 312
2366 46 345
2377 46 514
2388 46 698
2399 46 847
2410 46 22
2421 46 941
2432 46 962
2443 46 804
2454 46 250
2465 46 981
2476 46 307
2487 46 61
2498 46 512
2509 46 946
2520 46 289
2531 46 819
2542 46 600
2553 46 995
2564 46 836
2575 46 897
2586 46 764
2597 46 962
2608 46 161
2619 46 709
2630 46 717
2641 46 22
2652 46 441
2663 46 677
2674 46 249
2685 46 239
2696 46 892
2707 46 496
2718 46 245
2729 46 592
2740 46 422
2751 46 114
2762 46 502
2773 46 389
2784 46 358
2795 46 216
2806 46 882
2817 46 656
2828 46 345
2839 46 720
2850 46 883
2861 46 867
2872 46 544
2883 46 479
2894 46 412
2905 46 483
2916 46 293
2927 46 787
2938 46 803
2949 46 700
2960 46 793
2971 46 365
2982 46 89
2993 46 501
3 47 438
14 47 840
25 47 902
36 47 900
47 47 429
58 47 567
69 47 599
80 47 869
91 47 217
102 47 409
113 47 790
124 47 558
135 47 763
146 47 461
157 47 879
168 47 169
179 47 973
190 47 425
201 47 526
212 47 548
223 47 277
234 47 982
245 47 400
256 47 653
267 47 949
278 47 449
289 47 507
300 47 328
311 47 358
322 47 441
333 47 610
344 47 136
355 47 754
366 47 873
377 47 751
388 47 547
399 47 631
410 47 233
421 47 379
432 47 657
443 47 24
454 47 358
465 47 496
476 47 761
487 47 128
498 47 560
509 47 144
520 47 275
531 47 792
542 47 448
553 47 674
564 47 40
575 47 802
586 47 60
597 47 576
608 47 1000
619 47 867
630 47 587
641 47 773
652 47 735
663 47 562
674 47 967
685 47 338
696 47 88
707 47 777
718 47 470
729 47 706
740 47 406
751 47 625
762 47 593
773 47 256
784 47 883
795 47 747
806 47 450
817 47 800
828 47 856
839 47 199
850 47 347
861 47 165
872 47 790
883 47 181
894 47 726
905 47 476
916 47 639
927 47 303
938 47 937
949 47 191
960 47 597
971 47 100
982 47 167
993 47 642
1004 47 409
1015 47 734
1026 47 281
1037 47 724
1048 47 439
1059 47 420
1070 47 88
1081 47 864
1092 47 672
1103 47 38
1114 47 701
1125 47 165
1136 47 949
1147 47 921
1158 47 674
1169 47 32
1180 47 957
1191 47 618
1202 47 987
1213 47 37
1224 47 567
1235 47 483
1246 47 480
1257 47 218
1268 47 76
1279 47 578
1290 47 438
1301 47 947
1312 47 747
1323 47 112
1334 47 375
1345 47 558
1356 47 717
1367 47 750
1378 47 41
1389 47 170
1400 47 57
1411 47 592
1422 47 274
1433 47 477
1444 47 298
1455 47 757
1466 47 553
1477 47 257
1488 47 32
1499 47 158
1510 47 184
1521 47 684
1532 47 192
1543 47 891
1554 47 917
1565 47 861
1576 47 732
1587 47 557
1598 47 405
1609 47 790
1620 47 125
1631 47 477
1642 47 464
1653 47 502
1664 47 284
1675 47 689
1686 47 2
1697 47 385
1708 47 712
1719 47 557
1730 47 701
1741 47 765
1752 47 184
1763 47 368
1774 47 161
1785 47 287
1796 47 683
1807 47 650
1818 47 103
1829 47 785
1840 47 260
1851 47 353
1862 47 781
1873 47 156
1884 47 842
1895 47 986
1906 47 78
1917 47 768
1928 47 816
1939 47 132
1950 47 29
1961 47 387
1972 47 979
1983 47 337
1994 47 928
2005 47 531
2016 47 362
2027 47 423
2038 47 572
2049 47 469
2060 47 915
2071 47 413
2082 47 197
2093 47 938
2104 47 248
2115 47 65
2126 47 542
2137 47 833
2148 47 975
2159 47 540
2170 47 402
2181 47 617
2192 47 39
2203 47 544
2214 47 174
2225 47 688
2236 47 614
2247 47 362
2258 47 95
2269 47 941
2280 47 760
2291 47 496
2302 47 809
2313 47 729
2324 47 936
2335 47 91
2346 47 525
2357 47 120
2368 47 100
2379 47 901
2390 47 373
2401 47 282
2412 47 779
2423 47 518
2434 47 982
2445 47 568
2456 47 469
2467 47 51
2478 47 263
2489 47 1000
2500 47 720
2511 47 56
2522 47 552
2533 47 156
2544 47 336
2555 47 462
2566 47 868
2577 47 810
2588 47 174
2599 47 152
2610 47 935
2621 47 286
2632 47 101
2643 47 110
2654 47 742
2665 47 300
2676 47 57
2687 47 795
2698 47 445
2709 47 196
2720 47 879
2731 47 364
2742 47 392
2753 47 891
2764 47 838
2775 47 862
2786 47 826
2797 47 732
2808 47 772
2819 47 130
2830 47 309
2841 47 8
2852 47 790
2863 47 416
2874 47 411
2885 47 502
2896 47 632
2907 47 527
2918 47 330
2929 47 352
2940 47 797
2951 47 305
2962 47 521
2973 47 346
2984 47 600
2995 47 153
5 48 961
16 48 436
27 48 138
38 48 581
49 48 196
60 48 498
71 48 511
82 48 780
93 48 400
104 48 330
115 48 774
126 48 835
137 48 804
148 48 243
159 48 878
170 48 938
181 48 975
192 48 959
203 48 133
214 48 106
225 48 785
236 48 197
247 48 980
258 48 858
269 48 639
280 48 900
291 48 891
302 48 574
313 48 467
324 48 573
335 48 194
346 48 2
357 48 501
368 48 687
379 48 427
390 48 113
401 48 149
412 48 455
423 48 479
434 48 666
445 48 793
456 48 712
467 48 13
478 48 77
489 48 505
500 48 679
511 48 104
522 48 127
533 48 91
544 48 3
555 48 120
566 48 302
577 48 85
588 48 678
599 48 664
610 48 944
621 48 870
632 48 871
643 48 176
654 48 365
665 48 26
676 48 710
687 48 508
698 48 545
709 48 573
720 48 986
731 48 682
742 48 279
753 48 894
764 48 263
775 48 743
786 48 335
797 48 503
808 48 331
819 48 75
830 48 985
841 48 967
852 48 778
863 48 676
874 48 288
885 48 577
896 48 215
907 48 703
918 48 566
929 48 729
940 48 176
951 48 402
962 48 7
973 48 738
984 48 648
995 48 39
1006 48 258
1017 48 273
1028 48 183
1039 48 89
1050 48 576
1061 48 800
1072 48 895
1083 48 360
1094 48 959
1105 48 569
1116 48 46
1127 48 657
1138 48 121
1149 48 766
1160 48 406
1171 48 926
1182 48 72
1193 48 917
1204 48 825
1215 48 806
1226 48 80
1237 48 569
1248 48 479
1259 48 538
1270 48 310
1281 48 872
1292 48 549
1303 48 661
1314 48 541
1325 48 721
1336 48 392
1347 48 179
1358 48 383
1369 48 458
1380 48 523
1391 48 492
1402 48 438
1413 48 271
1424 48 825
1435 48 913
1446 48 591
1457 48 882
1468 48 538
1479 48 547
1490 48 396
1501 48 266
1512 48 596
1523 48 310
1534 48 684
1545 48 704
1556 48 383
1567 48 228
1578 48 10
1589 48 275
1600 48 806
1611 48 102
1622 48 656
1633 48 49
1644 48 350
1655 48 9
1666 48 478
1677 48 101
1688 48 298
1699 48 755
1710 48 19
1721 48 858
1732 48 888
1743 48 1000
1754 48 821
1765 48 26
1776 48 327
1787 48 733
1798 48 3
1809 48 540
1820 48 18
1831 48 180
1842 48 262
1853 48 612
1864 48 469
1875 48 508
1886 48 168
1897 48 277
1908 48 876
1919 48 154
1930 48 296
1941 48 461
1952 48 129
1963 48 459
1974 48 718
1985 48 205
1996 48 856
2007 48 533
2018 48 400
2029 48 530
2040 48 479
2051 48 632
2062 48 199
2073 48 967
2084 48 704
2095 48 189
2106 48 62
2117 48 243
2128 48 202
2139 48 497
2150 48 161
2161 48 991
2172 48 898
2183 48 646
2194 48 140
2205 48 800
2216 48 53
2227 48 897
2238 48 432
2249 48 662
2260 48 550
2271 48 985
2282 48 91
2293 48 69
2304 48 421
2315 48 441
2326 48 275
2337 48 617
2348 48 830
2359 48 540
2370 48 879
2381 48 94
2392 48 502
2403 48 242
2414 48 924
2425 48 273
2436 48 127
2447 48 545
2458 48 96
2469 48 613
2480 48 121
2491 48 285
2502 48 923
2513 48 883
2524 48 438
2535 48 405
2546 48 723
2557 48 966
2568 48 24
2579 48 675
2590 48 111
2601 48 630
2612 48 837
2623 48 674
2634 48 776
2645 48 141
2656 48 945
2667 48 511
2678 48 818
2689 48 316
2700 48 63
2711 48 677
2722 48 590
2733 48 895
2744 48 875
2755 48 134
2766 48 882
2777 48 578
2788 48 399
2799 48 104
2810 48 363
2821 48 850
2832 48 173
2843 48 447
2854 48 796
2865 48 12
2876 48 545
2887 48 294
2898 48 408
2909 48 270
2920 48 640
2931 48 854
2942 48 915
2953 48 52
2964 48 878
2975 48 813
2986 48 923
2997 48 890
7 49 303
18 49 228
29 49 323
40 49 131
51 49 248
62 49 883
73 49 872
84 49 936
95 49 95
106 49 745
117 49 100
128 49 484
139 49 773
150 49 39
161 49 499
172 49 430
183 49 683
194 49 895
205 49 24
216 49 713
227 49 856
238 49 790
249 49 227
260 49 743
271 49 6
282 49 922
293 49 541
304 49 746
315 49 74
326 49 217
337 49 684
348 49 806
359 49 978
370 49 644
381 49 356
392 49 218
403 49 174
414 49 42
425 49 212
436 49 749
447 49 688
458 49 184
469 49 146
480 49 507
491 49 582
502 49 259
513 49 501
524 49 805
535 49 221
546 49 897
557 49 859
568 49 60
579 49 74
590 49 978
601 49 559
612 49 366
623 49 192
634 49 100
645 49 751
656 49 42
667 49 183
678 49 894
689 49 673
700 49 60
711 49 784
722 49 605
733 49 546
744 49 895
755 49 405
766 49 127
777 49 7
788 49 644
799 49 875
810 49 624
821 49 308
832 49 713
843 49 658
854 49 975
865 49 524
876 49 892
887 49 20
898 49 677
909 49 786
920 49 373
931 49 92
942 49 715
953 49 358
964 49 386
975 49 815
986 49 561
997 49 159
1008 49 82
1019 49 584
1030 49 504
1041 49 53
1052 49 369
1063 49 497
1074 49 97
1085 49 621
1096 49 746
1107 49 894
1118 49 498
1129 49 820
1140 49 114
1151 49 671
1162 49 181
1173 49 416
1184 49 172
1195 49 129
1206 49 89
1217 49 984
1228 49 576
1239 49 379
1250 49 871
1261 49 434
1272 49 363
1283 49 496
1294 49 979
1305 49 861
1316 49 331
1327 49 313
1338 49 728
1349 49 623
1360 49 190
1371 49 928
1382 49 105
1393 49 36
1404 49 458
1415 49 369
1426 49 823
1437 49 122
1448 49 883
1459 49 731
1470 49 196
1481 49 663
1492 49 248
1503 49 947
1514 49 64
1525 49 292
1536 49 506
1547 49 11
1558 49 258
1569 49 190
1580 49 373
1591 49 464
1602 49 311
1613 49 739
1624 49 766
1635 49 955
1646 49 93
1657 49 97
1668 49 51
1679 49 101
1690 49 196
1701 49 211
1712 49 544
1723 49 498
1734 49 929
1745 49 433
1756 49 990
1767 49 245
1778 49 193
1789 49 968
1800 49 440
1811 49 865
1822 49 91
1833 49 47
1844 49 702
1855 49 936
1866 49 999
1877 49 269
1888 49 95
1899 49 304
1910 49 898
1921 49 452
1932 49 616
1943 49 529
1954 49 204
1965 49 611
1976 49 254
1987 49 718
1998 49 153
2009 49 249
2020 49 579
2031 49 49
2042 49 592
2053 49 940
2064 49 251
2075 49 668
2086 49 964
2097 49 43
2108 49 110
2119 49 514
2130 49 252
2141 49 248
2152 49 146
2163 49 547
2174 49 187
2185 49 26
2196 49 284
2207 49 791
2218 49 916
2229 49 49
2240 49 504
2251 49 628
2262 49 522
2273 49 761
2284 49 938
2295 49 724
2306 49 910
2317 49 840
2328 49 288
2339 49 946
2350 49 333
2361 49 641
2372 49 344
2383 49 777
2394 49 551
2405 49 186
2416 49 656
2427 49 571
2438 49 709
2449 49 81
2460 49 298
2471 49 307
2482 49 542
2493 49 628
2504 49 66
2515 49 689
2526 49 132
2537 49 168
2548 49 970
2559 49 650
2570 49 596
2581 49 824
2592 49 343
2603 49 733
2614 49 846
2625 49 247
2636 49 847
2647 49 807
2658 49 35
2669 49 63
2680 49 94
2691 49 367
2702 49 872
2713 49 913
2724 49 263
2735 49 348
2746 49 567
2757 49 197
2768 49 217
2779 49 895
2790 49 264
2801 49 79
2812 49 466
2823 49 810
2834 49 916
2845 49 314
2856 49 900
2867 49 155
2878 49 248
2889 49 827
2900 49 175
2911 49 439
2922 49 963
2933 49 15
2944 49 408
2955 49 919
2966 49 229
2977 49 188
2988 49 71
2999 49 335
9 50 565
20 50 185
31 50 870
42 50 342
53 50 993
64 50 734
75 50 21
86 50 926
97 50 622
108 50 232
119 50 350
130 50 896
141 50 198
152 50 140
163 50 928
174 50 231
185 50 89
196 50 351
207 50 797
218 50 17
229 50 938
240 50 376
251 50 929
262 50 773
273 50 90
284 50 174
295 50 525
306 50 392
317 50 900
328 50 543
339 50 730
350 50 176
361 50 231
372 50 197
383 50 464
394 50 713
405 50 333
416 50 498
427 50 225
438 50 85
449 50 49
460 50 339
471 50 326
482 50 142
493 50 272
504 50 67
515 50 811
526 50 824
537 50 348
548 50 24
559 50 369
570 50 727
581 50 841
592 50 67
603 50 283
614 50 498
625 50 841
636 50 390
647 50 262
658 50 268
669 50 907
680 50 439
691 50 730
702 50 695
713 50 538
724 50 658
735 50 167
746 50 671
757 50 471
768 50 566
779 50 857
790 50 722
801 50 417
812 50 528
823 50 857
834 50 786
845 50 325
856 50 205
867 50 417
878 50 987
889 50 124
900 50 784
911 50 688
922 50 153
933 50 358
944 50 619
955 50 342
966 50 858
977 50 504
988 50 195
999 50 109
1010 50 624
1021 50 329
1032 50 64
1043 50 552
1054 50 998
1065 50 262
1076 50 712
1087 50 549
1098 50 491
1109 50 116
1120 50 708
1131 50 965
1142 50 784
1153 50 339
1164 50 350
1175 50 777
1186 50 487
1197 50 454
1208 50 713
1219 50 569
1230 50 367
1241 50 523
1252 50 141
1263 50 335
1274 50 817
1285 50 49
1296 50 705
1307 50 932
1318 50 801
1329 50 540
1340 50 553
1351 50 679
1362 50 918
1373 50 845
1384 50 957
1395 50 865
1406 50 826
1417 50 526
1428 50 370
1439 50 368
1450 50 603
1461 50 338
1472 50 483
1483 50 244
1494 50 532
1505 50 425
1516 50 862
1527 50 615
1538 50 182
1549 50 815
1560 50 201
1571 50 545
1582 50 159
1593 50 583
1604 50 931
1615 50 408
1626 50 433
1637 50 152
1648 50 787
1659 50 322
1670 50 443
1681 50 719
1692 50 158
1703 50 636
1714 50 402
1725 50 708
1736 50 146
1747 50 749
1758 50 678
1769 50 138
1780 50 221
1791 50 691
1802 50 184
1813 50 42
1824 50 410
1835 50 769
1846 50 198
1857 50 194
1868 50 115
1879 50 743
1890 50 596
1901 50 416
1912 50 655
1923 50 766
1934 50 731
1945 50 505
1956 50 224
1967 50 410
1978 50 543
1989 50 415
2000 50 515
2011 50 741
2022 50 540
2033 50 464
2044 50 239
2055 50 628
2066 50 798
2077 50 346
2088 50 460
2099 50 488
2110 50 524
2121 50 141
2132 50 92
2143 50 977
2154 50 855
2165 50 462
2176 50 519
2187 50 359
2198 50 716
2209 50 823
2220 50 687
2231 50 117
2242 50 543
2253 50 849
2264 50 559
2275 50 39
2286 50 714
2297 50 879
2308 50 58
2319 50 433
2330 50 122
2341 50 682
2352 50 766
2363 50 925
2374 50 946
2385 50 710
2396 50 424
2407 50 601
2418 50 337
2429 50 409
2440 50 809
2451 50 747
2462 50 880
2473 50 148
2484 50 698
2495 50 331
2506 50 883
2517 50 88
2528 50 990
2539 50 19
2550 50 163
2561 50 593
2572 50 704
2583 50 504
2594 50 518
2605 50 308
2616 50 211
2627 50 336
2638 50 148
2649 50 915
2660 50 467
2671 50 845
2682 50 512
2693 50 91
2704 50 733
2715 50 994
2726 50 353
2737 50 986
2748 50 307
2759 50 99
2770 50 377
2781 50 9
2792 50 365
2803 50 192
2814 50 180
2825 50 543
2836 50 57
2847 50 801
2858 50 87
2869 50 445
2880 50 891
2891 50 184
2902 50 771
2913 50 573
2924 50 145
2935 50 234
2946 50 487
2957 50 59
2968 50 516
2979 50 796
2990 50 763
0 51 396
11 51 688
22 51 587
33 51 517
44 51 624
55 51 475
66 51 725
77 51 122
88 51 592
99 51 487
110 51 877
121 51 811
132 51 282
143 51 970
154 51 608
165 51 295
176 51 574
187 51 313
198 51 767
209 51 200
220 51 359
231 51 271
242 51 16
253 51 451
264 51 703
275 51 737
286 51 495
297 51 768
308 51 248
319 51 556
330 51 897
341 51 804
352 51 188
363 51 981
374 51 982
385 51 271
396 51 876
407 51 419
418 51 523
429 51 952
440 51 433
451 51 111
462 51 270
473 51 951
484 51 414
495 51 358
506 51 829
517 51 72
528 51 439
539 51 452
550 51 510
561 51 680
572 51 905
583 51 959
594 51 634
605 51 393
616 51 819
627 51 613
638 51 312
649 51 447
660 51 60
671 51 979
682 51 278
693 51 104
704 51 244
715 51 655
726 51 851
737 51 974
748 51 826
759 51 907
770 51 388
781 51 378
792 51 945
803 51 834
814 51 185
825 51 744
836 51 283
847 51 117
858 51 30
869 51 610
880 51 325
891 51 10
902 51 564
913 51 789
924 51 267
935 51 718
946 51 43
957 51 521
968 51 100
979 51 99
990 51 472
1001 51 3
1012 51 166
1023 51 333
1034 51 43
1045 51 474
1056 51 623
1067 51 362
1078 51 779
1089 51 383
1100 51 971
1111 51 769
1122 51 813
1133 51 441
1144 51 412
1155 51 350
1166 51 703
1177 51 257
1188 51 562
1199 51 797
1210 51 238
1221 51 55
1232 51 232
1243 51 739
1254 51 360
1265 51 164
1276 51 312
1287 51 621
1298 51 642
1309 51 621
1320 51 734
1331 51 762
1342 51 270
1353 51 524
1364 51 144
1375 51 751
1386 51 171
1397 51 479
1408 51 266
1419 51 882
1430 51 484
1441 51 58
1452 51 389
1463 51 28
1474 51 199
1485 51 680
1496 51 191
1507 51 253
1518 51 94
1529 51 586
1540 51 267
1551 51 554
1562 51 348
1573 51 871
1584 51 115
1595 51 548
1606 51 47
1617 51 971
1628 51 704
1639 51 251
1650 51 995
1661 51 615
1672 51 756
1683 51 733
1694 51 264
1705 51 692
1716 51 372
1727 51 243
1738 51 331
1749 51 412
1760 51 913
1771 51 14
1782 51 345
1793 51 976
1804 51 327
1815 51 135
1826 51 870
1837 51 730
1848 51 704
1859 51 446
1870 51 472
1881 51 868
1892 51 387
1903 51 216
1914 51 763
1925 51 469
1936 51 74
1947 51 861
1958 51 531
1969 51 602
1980 51 239
1991 51 905
2002 51 875
2013 51 81
2024 51 896
2035 51 29
2046 51 495
2057 51 530
2068 51 853
2079 51 112
2090 51 499
2101 51 882
2112 51 69
2123 51 399
2134 51 681
2145 51 65
2156 51 790
2167 51 854
2178 51 82
2189 51 782
2200 51 924
2211 51 319
2222 51 885
2233 51 237
2244 51 205
2255 51 393
2266 51 648
2277 51 528
2288 51 269
2299 51 667
2310 51 906
2321 51 342
2332 51 624
2343 51 386
2354 51 396
2365 51 482
2376 51 359
2387 51 710
2398 51 664
2409 51 694
2420 51 900
2431 51 20
2442 51 213
2453 51 772
2464 51 799
2475 51 989
2486 51 200
2497 51 373
2508 51 297
2519 51 574
2530 51 623
2541 51 283
2552 51 623
2563 51 227
2574 51 523
2585 51 637
2596 51 147
2607 51 465
2618 51 267
2629 51 464
2640 51 754
2651 51 964
2662 51 436
2673 51 981
2684 51 530
2695 51 313
2706 51 577
2717 51 761
2728 51 999
2739 51 726
2750 51 382
2761 51 282
2772 51 496
2783 51 680
2794 51 704
2805 51 717
2816 51 953
2827 51 771
2838 51 133
2849 51 643
2860 51 949
2871 51 769
2882 51 447
2893 51 176
2904 51 682
2915 51 510
2926 51 870
2937 51 765
2948 51 509
2959 51 862
2970 51 243
2981 51 154
2992 51 218
2 52 706
13 52 762
24 52 717
35 52 278
46 52 247
57 52 405
68 52 726
79 52 146
90 52 55
101 52 832
112 52 49
123 52 506
134 52 799
145 52 807
156 52 966
167 52 386
178 52 999
189 52 546
200 52 625
211 52 212
222 52 765
233 52 82
244 52 183
255 52 74
266 52 610
277 52 63
288 52 704
299 52 165
310 52 402
321 52 493
332 52 834
343 52 708
354 52 48
365 52 985
376 52 362
387 52 186
398 52 937
409 52 867
420 52 31
431 52 51
442 52 19
453 52 548
464 52 519
475 52 844
486 52 24
497 52 659
508 52 113
519 52 42
530 52 717
541 52 927
552 52 28
563 52 834
574 52 472
585 52 174
596 52 120
607 52 375
618 52 135
629 52 203
640 52 193
651 52 132
662 52 44
673 52 732
684 52 589
695 52 790
706 52 882
717 52 798
728 52 575
739 52 65
750 52 557
761 52 904
772 52 722
783 52 837
794 52 790
805 52 307
816 52 107
827 52 62
838 52 962
849 52 100
860 52 717
871 52 354
882 52 911
893 52 673
904 52 270
915 52 975
926 52 77
937 52 478
948 52 929
959 52 460
970 52 827
981 52 882
992 52 108
1003 52 988
1014 52 604
1025 52 567
1036 52 162
1047 52 978
1058 52 171
1069 52 31
1080 52 368
1091 52 265
1102 52 202
1113 52 58
1124 52 483
1135 52 71
1146 52 903
1157 52 914
1168 52 145
1179 52 326
1190 52 941
1201 52 14
1212 52 550
1223 52 740
1234 52 637
1245 52 709
1256 52 839
1267 52 471
1278 52 69
1289 52 541
1300 52 766
1311 52 143
1322 52 396
1333 52 366
1344 52 179
1355 52 888
1366 52 573
1377 52 642
1388 52 939
1399 52 408
1410 52 364
1421 52 713
1432 52 904
1443 52 485
1454 52 727
1465 52 837
1476 52 946
1487 52 678
1498 52 477
1509 52 667
1520 52 854
1531 52 170
1542 52 105
1553 52 794
1564 52 46
1575 52 563
1586 52 190
1597 52 740
1608 52 787
1619 52 869
1630 52 229
1641 52 881
1652 52 394
1663 52 945
1674 52 45
1685 52 821
1696 52 955
1707 52 965
1718 52 221
1729 52 440
1740 52 876
1751 52 958
1762 52 37
1773 52 789
1784 52 108
1795 52 845
1806 52 699
1817 52 569
1828 52 248
1839 52 893
1850 52 469
1861 52 730
1872 52 417
1883 52 392
1894 52 658
1905 52 589
1916 52 172
1927 52 745
1938 52 887
1949 52 842
1960 52 703
1971 52 181
1982 52 978
1993 52 744
2004 52 168
2015 52 727
2026 52 786
2037 52 558
2048 52 911
2059 52 526
2070 52 534
2081 52 121
2092 52 407
2103 52 438
2114 52 376
2125 52 991
2136 52 1000
2147 52 701
2158 52 61
2169 52 170
2180 52 935
2191 52 720
2202 52 267
2213 52 470
2224 52 397
2235 52 95
2246 52 761
2257 52 315
2268 52 552
2279 52 846
2290 52 233
2301 52 703
2312 52 604
2323 52 426
2334 52 6
2345 52 644
2356 52 153
2367 52 868
2378 52 530
2389 52 217
2400 52 482
2411 52 461
2422 52 372
2433 52 69
2444 52 726
2455 52 954
2466 52 516
2477 52 478
2488 52 268
2499 52 686
2510 52 646
2521 52 29
2532 52 16
2543 52 200
2554 52 353
2565 52 443
2576 52 60
2587 52 863
2598 52 890
2609 52 763
2620 52 271
2631 52 568
2642 52 468
2653 52 715
2664 52 778
2675 52 78
2686 52 236
2697 52 931
2708 52 324
2719 52 600
2730 52 876
2741 52 287
2752 52 438
2763 52 560
2774 52 804
2785 52 930
2796 52 164
2807 52 295
2818 52 613
2829 52 860
2840 52 931
2851 52 934
2862 52 659
2873 52 695
2884 52 852
2895 52 295
2906 52 319
2917 52 65
2928 52 319
2939 52 528
2950 52 807
2961 52 712
2972 52 170
2983 52 744
2994 52 979
4 53 545
15 53 143
26 53 613
37 53 60
48 53 303
59 53 393
70 53 840
81 53 936
92 53 412
103 53 337
114 53 917
125 53 634
136 53 47
147 53 30
158 53 444
169 53 17
180 53 365
191 53 474
202 53 213
213 53 919
224 53 417
235 53 546
246 53 904
257 53 594
268 53 533
279 53 574
290 53 65
301 53 210
312 53 676
323 53 914
334 53 736
345 53 180
356 53 720
367 53 550
378 53 44
389 53 613
400 53 972
411 53 963
422 53 854
433 53 521
444 53 429
455 53 248
466 53 125
477 53 725
488 53 986
499 53 943
510 53 716
521 53 266
532 53 69
543 53 584
554 53 324
565 53 95
576 53 439
587 53 681
598 53 617
609 53 34
620 53 695
631 53 454
642 53 643
653 53 81
664 53 828
675 53 123
686 53 60
697 53 385
708 53 635
719 53 169
730 53 155
741 53 662
752 53 501
763 53 78
774 53 97
785 53 197
796 53 82
807 53 101
818 53 839
829 53 928
840 53 503
851 53 240
862 53 289
873 53 338
884 53 865
895 53 765
906 53 773
917 53 627
928 53 390
939 53 683
950 53 987
961 53 372
972 53 846
983 53 584
994 53 164
1005 53 802
1016 53 248
1027 53 111
1038 53 182
1049 53 454
1060 53 781
1071 53 877
1082 53 974
1093 53 615
1104 53 493
1115 53 652
1126 53 459
1137 53 184
1148 53 729
1159 53 815
1170 53 731
1181 53 946
1192 53 329
1203 53 735
1214 53 62
1225 53 960
1236 53 962
1247 53 855
1258 53 302
1269 53 677
1280 53 35
1291 53 52
1302 53 149
1313 53 928
1324 53 147
1335 53 87
1346 53 230
1357 53 452
1368 53 201
1379 53 493
1390 53 3
1401 53 88
1412 53 458
1423 53 795
1434 53 223
1445 53 428
1456 53 731
1467 53 935
1478 53 478
1489 53 480
1500 53 435
1511 53 82
1522 53 557
1533 53 348
1544 53 890
1555 53 696
1566 53 285
1577 53 948
1588 53 641
1599 53 818
1610 53 796
1621 53 545
1632 53 171
1643 53 574
1654 53 529
1665 53 585
1676 53 107
1687 53 93
1698 53 71
1709 53 376
1720 53 446
1731 53 397
1742 53 198
1753 53 776
1764 53 329
1775 53 792
1786 53 973
1797 53 511
1808 53 117
1819 53 468
1830 53 586
1841 53 18
1852 53 488
1863 53 352
1874 53 870
1885 53 31
1896 53 223
1907 53 788
1918 53 841
1929 53 387
1940 53 526
1951 53 947
1962 53 478
1973 53 477
1984 53 924
1995 53 250
2006 53 241
2017 53 303
2028 53 265
2039 53 906
2050 53 792
2061 53 722
2072 53 840
2083 53 587
2094 53 701
2105 53 309
2116 53 563
2127 53 148
2138 53 891
2149 53 145
2160 53 568
2171 53 899
2182 53 878
2193 53 905
2204 53 376
2215 53 510
2226 53 840
2237 53 648
2248 53 809
2259 53 351
2270 53 564
2281 53 951
2292 53 831
2303 53 980
2314 53 205
2325 53 301
2336 53 319
2347 53 10
2358 53 424
2369 53 327
2380 53 338
2391 53 255
2402 53 433
2413 53 732
2424 53 400
2435 53 889
2446 53 307
2457 53 267
2468 53 285
2479 53 16
2490 53 415
2501 53 394
2512 53 1
2523 53 824
2534 53 716
2545 53 362
2556 53 712
2567 53 634
2578 53 371
2589 53 612
2600 53 463
2611 53 160
2622 53 138
2633 53 2
2644 53 523
2655 53 884
2666 53 494
2677 53 536
2688 53 507
2699 53 714
2710 53 757
2721 53 808
2732 53 264
2743 53 592
2754 53 13
2765 53 600
2776 53 843
2787 53 736
2798 53 930
2809 53 445
2820 53 287
2831 53 163
2842 53 951
2853 53 552
2864 53 655
2875 53 691
2886 53 167
2897 53 161
2908 53 735
2919 53 481
2930 53 563
2941 53 367
2952 53 7
2963 53 812
2974 53 891
2985 53 901
2996 53 563
6 54 46
17 54 147
28 54 205
39 54 726
50 54 339
61 54 270
72 54 362
83 54 696
94 54 52
105 54 893
116 54 186
127 54 283
138 54 284
149 54 530
160 54 38
171 54 20
182 54 180
193 54 292
204 54 25
215 54 917
226 54 687
237 54 518
248 54 723
259 54 819
270 54 998
281 54 704
292 54 899
303 54 419
314 54 523
325 54 498
336 54 550
347 54 782
358 54 18
369 54 25
380 54 357
391 54 200
402 54 731
413 54 750
424 54 927
435 54 650
446 54 800
457 54 308
468 54 105
479 54 675
490 54 507
501 54 381
512 54 273
523 54 317
534 54 383
545 54 953
556 54 685
567 54 280
578 54 735
589 54 942
600 54 408
611 54 94
622 54 40
633 54 345
644 54 64
655 54 596
666 54 543
677 54 261
688 54 306
699 54 722
710 54 942
721 54 912
732 54 83
743 54 8
754 54 353
765 54 83
776 54 39
787 54 940
798 54 863
809 54 949
820 54 113
831 54 821
842 54 155
853 54 48
864 54 315
875 54 99
886 54 230
897 54 797
908 54 762
919 54 736
930 54 875
941 54 613
952 54 683
963 54 406
974 54 152
985 54 864
996 54 991
1007 54 75
1018 54 475
1029 54 805
1040 54 322
1051 54 117
1062 54 480
1073 54 628
1084 54 282
1095 54 426
1106 54 296
1117 54 606
1128 54 555
1139 54 348
1150 54 317
1161 54 984
1172 54 649
1183 54 77
1194 54 182
1205 54 34
1216 54 76
1227 54 422
1238 54 620
1249 54 217
1260 54 939
1271 54 60
1282 54 523
1293 54 146
1304 54 941
1315 54 823
1326 54 327
1337 54 363
1348 54 271
1359 54 14
1370 54 438
1381 54 63
1392 54 221
1403 54 363
1414 54 379
1425 54 219
1436 54 319
1447 54 684
1458 54 756
1469 54 411
1480 54 272
1491 54 528
1502 54 87
1513 54 531
1524 54 398
1535 54 335
1546 54 933
1557 54 784
1568 54 400
1579 54 909
1590 54 155
1601 54 780
1612 54 335
1623 54 787
1634 54 43
1645 54 835
1656 54 748
1667 54 965
1678 54 808
1689 54 28
1700 54 851
1711 54 81
1722 54 44
1733 54 658
1744 54 623
1755 54 443
1766 54 367
1777 54 662
1788 54 33
1799 54 869
1810 54 46
1821 54 243
1832 54 607
1843 54 518
1854 54 15
1865 54 584
1876 54 132
1887 54 795
1898 54 53
1909 54 462
1920 54 971
1931 54 466
1942 54 22
1953 54 429
1964 54 984
1975 54 703
1986 54 650
1997 54 278
2008 54 955
2019 54 915
2030 54 81
2041 54 116
2052 54 55
2063 54 125
2074 54 480
2085 54 15
2096 54 190
2107 54 568
2118 54 349
2129 54 778
2140 54 306
2151 54 566
2162 54 640
2173 54 888
2184 54 455
2195 54 619
2206 54 619
2217 54 77
2228 54 742
2239 54 538
2250 54 272
2261 54 142
2272 54 879
2283 54 457
2294 54 135
2305 54 972
2316 54 745
2327 54 980
2338 54 136
2349 54 54
2360 54 194
2371 54 189
2382 54 91
2393 54 911
2404 54 195
2415 54 941
2426 54 219
2437 54 631
2448 54 239
2459 54 688
2470 54 599
2481 54 416
2492 54 409
2503 54 923
2514 54 670
2525 54 858
2536 54 725
2547 54 215
2558 54 163
2569 54 526
2580 54 510
2591 54 849
2602 54 156
2613 54 832
2624 54 876
2635 54 395
2646 54 605
2657 54 4
2668 54 597
2679 54 702
2690 54 576
2701 54 407
2712 54 960
2723 54 135
2734 54 815
2745 54 321
2756 54 421
2767 54 992
2778 54 208
2789 54 803
2800 54 589
2811 54 869
2822 54 860
2833 54 37
2844 54 518
2855 54 541
2866 54 536
2877 54 543
2888 54 459
2899 54 571
2910 54 229
2921 54 515
2932 54 627
2943 54 697
2954 54 72
2965 54 526
2976 54 497
2987 54 671
2998 54 855
8 55 800
19 55 329
30 55 798
41 55 315
52 55 490
63 55 632
74 55 729
85 55 593
96 55 452
107 55 407
118 55 402
129 55 682
140 55 3
151 55 250
162 55 89
173 55 682
184 55 9
195 55 372
206 55 553
217 55 225
228 55 134
239 55 735
250 55 665
261 55 951
272 55 828
283 55 151
294 55 269
305 55 8
316 55 665
327 55 635
338 55 148
349 55 318
360 55 628
371 55 96
382 55 880
393 55 836
404 55 647
415 55 352
426 55 877
437 55 879
448 55 980
459 55 420
470 55 903
481 55 178
492 55 960
503 55 318
514 55 970
525 55 634
536 55 496
547 55 252
558 55 841
569 55 127
580 55 502
591 55 917
602 55 217
613 55 827
624 55 441
635 55 486
646 55 179
657 55 191
668 55 565
679 55 239
690 55 564
701 55 497
712 55 667
723 55 943
734 55 44
745 55 442
756 55 196
767 55 302
778 55 258
789 55 438
800 55 148
811 55 927
822 55 241
833 55 377
844 55 238
855 55 217
866 55 408
877 55 251
888 55 398
899 55 975
910 55 26
921 55 153
932 55 836
943 55 240
954 55 882
965 55 615
976 55 965
987 55 12
998 55 159
1009 55 170
1020 55 401
1031 55 101
1042 55 828
1053 55 857
1064 55 874
1075 55 567
1086 55 457
1097 55 389
1108 55 186
1119 55 935
1130 55 428
1141 55 595
1152 55 819
1163 55 358
1174 55 904
1185 55 18
1196 55 319
1207 55 433
1218 55 94
1229 55 634
1240 55 254
1251 55 610
1262 55 861
1273 55 505
1284 55 159
1295 55 692
1306 55 347
1317 55 519
1328 55 57
1339 55 114
1350 55 277
1361 55 173
1372 55 194
1383 55 926
1394 55 426
1405 55 823
1416 55 724
1427 55 250
1438 55 922
1449 55 39
1460 55 691
1471 55 639
1482 55 100
1493 55 143
1504 55 648
1515 55 926
1526 55 5
1537 55 156
1548 55 372
1559 55 889
1570 55 547
1581 55 823
1592 55 191
1603 55 108
1614 55 403
1625 55 516
1636 55 829
1647 55 497
1658 55 827
1669 55 4
1680 55 243
1691 55 762
1702 55 870
1713 55 113
1724 55 141
1735 55 20
1746 55 224
1757 55 692
1768 55 31
1779 55 792
1790 55 981
1801 55 856
1812 55 685
1823 55 366
1834 55 656
1845 55 629
1856 55 748
1867 55 852
1878 55 79
1889 55 268
1900 55 718
1911 55 537
1922 55 932
1933 55 474
1944 55 22
1955 55 839
1966 55 422
1977 55 216
1988 55 488
1999 55 163
2010 55 641
2021 55 536
2032 55 515
2043 55 944
2054 55 785
2065 55 314
2076 55 486
2087 55 198
2098 55 704
2109 55 423
2120 55 903
2131 55 564
2142 55 209
2153 55 725
2164 55 165
2175 55 152
2186 55 144
2197 55 784
2208 55 319
2219 55 730
2230 55 693
2241 55 953
2252 55 91
2263 55 3
2274 55 963
2285 55 830
2296 55 850
2307 55 134
2318 55 743
2329 55 488
2340 55 862
2351 55 268
2362 55 135
2373 55 864
2384 55 37
2395 55 126
2406 55 267
2417 55 763
2428 55 924
2439 55 293
2450 55 437
2461 55 779
2472 55 1
2483 55 986
2494 55 271
2505 55 526
2516 55 508
2527 55 532
2538 55 337
2549 55 553
2560 55 693
2571 55 953
2582 55 761
2593 55 665
2604 55 94
2615 55 686
2626 55 567
2637 55 661
2648 55 210
2659 55 755
2670 55 374
2681 55 421
2692 55 781
2703 55 830
2714 55 432
2725 55 480
2736 55 930
2747 55 901
2758 55 681
2769 55 87
2780 55 572
2791 55 389
2802 55 12
2813 55 960
2824 55 95
2835 55 938
2846 55 329
2857 55 640
2868 55 52
2879 55 822
2890 55 542
2901 55 759
2912 55 954
2923 55 110
2934 55 813
2945 55 731
2956 55 969
2967 55 273
2978 55 747
2989 55 879
10 56 868
21 56 158
32 56 192
43 56 163
54 56 233
65 56 41
76 56 690
87 56 904
98 56 496
109 56 409
120 56 589
131 56 303
142 56 404
153 56 319
164 56 751
175 56 127
186 56 663
197 56 978
208 56 238
219 56 483
230 56 537
241 56 395
252 56 695
263 56 60
274 56 833
285 56 77
296 56 495
307 56 142
318 56 738
329 56 705
340 56 357
351 56 721
362 56 854
373 56 460
384 56 882
395 56 702
406 56 624
417 56 111
428 56 137
439 56 572
450 56 859
461 56 908
472 56 414
483 56 890
494 56 835
505 56 830
516 56 641
527 56 822
538 56 504
549 56 738
560 56 682
571 56 120
582 56 92
593 56 682
604 56 168
615 56 546
626 56 702
637 56 787
648 56 14
659 56 355
670 56 834
681 56 770
692 56 416
703 56 891
714 56 399
725 56 77
736 56 460
747 56 801
758 56 889
769 56 947
780 56 340
791 56 864
802 56 359
813 56 666
824 56 921
835 56 3
846 56 327
857 56 739
868 56 74
879 56 892
890 56 521
901 56 73
912 56 337
923 56 179
934 56 52
945 56 529
956 56 94
967 56 943
978 56 438
989 56 610
1000 56 610
1011 56 746
1022 56 522
1033 56 72
1044 56 717
1055 56 125
1066 56 149
1077 56 606
1088 56 89
1099 56 916
1110 56 619
1121 56 615
1132 56 340
1143 56 408
1154 56 431
1165 56 842
1176 56 922
1187 56 756
1198 56 927
1209 56 380
1220 56 226
1231 56 684
1242 56 984
1253 56 37
1264 56 797
1275 56 523
1286 56 600
1297 56 593
1308 56 200
1319 56 108
1330 56 616
1341 56 745
1352 56 194
1363 56 834
1374 56 102
1385 56 503
1396 56 15
1407 56 774
1418 56 283
1429 56 647
1440 56 394
1451 56 508
1462 56 369
1473 56 263
1484 56 375
1495 56 777
1506 56 409
1517 56 391
1528 56 612
1539 56 946
1550 56 852
1561 56 175
1572 56 37
1583 56 378
1594 56 335
1605 56 973
1616 56 361
1627 56 678
1638 56 508
1649 56 452
1660 56 252
1671 56 71
1682 56 656
1693 56 775
1704 56 665
1715 56 513
1726 56 646
1737 56 889
1748 56 984
1759 56 523
1770 56 924
1781 56 370
1792 56 315
1803 56 200
1814 56 21
1825 56 576
1836 56 308
1847 56 634
1858 56 537
1869 56 303
1880 56 838
1891 56 335
1902 56 339
1913 56 354
1924 56 351
1935 56 968
1946 56 31
1957 56 217
1968 56 749
1979 56 659
1990 56 146
2001 56 409
2012 56 968
2023 56 320
2034 56 600
2045 56 869
2056 56 494
2067 56 320
2078 56 723
2089 56 145
2100 56 726
2111 56 544
2122 56 736
2133 56 738
2144 56 49
2155 56 606
2166 56 124
2177 56 845
2188 56 968
2199 56 679
2210 56 680
2221 56 228
2232 56 740
2243 56 884
2254 56 72
2265 56 304
2276 56 536
2287 56 572
2298 56 992
2309 56 699
2320 56 929
2331 56 683
2342 56 339
2353 56 115
2364 56 650
2375 56 950
2386 56 764
2397 56 974
2408 56 174
2419 56 815
2430 56 898
2441 56 813
2452 56 57
2463 56 250
2474 56 846
2485 56 269
2496 56 154
2507 56 891
2518 56 510
2529 56 509
2540 56 100
2551 56 289
2562 56 357
2573 56 409
2584 56 103
2595 56 480
2606 56 804
2617 56 263
2628 56 419
2639 56 728
2650 56 956
2661 56 963
2672 56 628
2683 56 11
2694 56 657
2705 56 183
2716 56 187
2727 56 520
2738 56 345
2749 56 613
2760 56 32
2771 56 694
2782 56 309
2793 56 708
2804 56 293
2815 56 30
2826 56 930
2837 56 629
2848 56 855
2859 56 543
2870 56 599
2881 56 332
2892 56 808
2903 56 300
2914 56 40
2925 56 195
2936 56 105
2947 56 341
2958 56 831
2969 56 578
2980 56 633
2991 56 416
1 57 315
12 57 854
23 57 533
34 57 395
45 57 17
56 57 880
67 57 525
78 57 657
89 57 522
100 57 790
111 57 904
122 57 327
133 57 661
144 57 861
155 57 475
166 57 61
177 57 462
188 57 70
199 57 523
210 57 381
221 57 851
232 57 991
243 57 873
254 57 663
265 57 969
276 57 94
287 57 642
298 57 362
309 57 303
320 57 227
331 57 190
342 57 274
353 57 717
364 57 270
375 57 165
386 57 28
397 57 765
408 57 62
419 57 298
430 57 641
441 57 858
452 57 108
463 57 482
474 57 3
485 57 904
496 57 691
507 57 669
518 57 364
529 57 389
540 57 410
551 57 61
562 57 801
573 57 780
584 57 130
595 57 395
606 57 382
617 57 775
628 57 521
639 57 693
650 57 797
661 57 923
672 57 56
683 57 560
694 57 490
705 57 754
716 57 192
727 57 181
738 57 21
749 57 79
760 57 310
771 57 137
782 57 886
793 57 723
804 57 576
815 57 189
826 57 610
837 57 192
848 57 243
859 57 614
870 57 494
881 57 334
892 57 285
903 57 905
914 57 110
925 57 594
936 57 708
947 57 550
958 57 435
969 57 175
980 57 836
991 57 689
1002 57 660
1013 57 748
1024 57 231
1035 57 646
1046 57 279
1057 57 680
1068 57 189
1079 57 34
1090 57 349
1101 57 177
1112 57 806
1123 57 168
1134 57 521
1145 57 107
1156 57 320
1167 57 768
1178 57 382
1189 57 253
1200 57 328
1211 57 836
1222 57 177
1233 57 624
1244 57 995
1255 57 569
1266 57 174
1277 57 43
1288 57 113
1299 57 800
1310 57 659
1321 57 712
1332 57 682
1343 57 378
1354 57 14
1365 57 402
1376 57 249
1387 57 284
1398 57 112
1409 57 747
1420 57 801
1431 57 43
1442 57 951
1453 57 43
1464 57 633
1475 57 792
1486 57 763
1497 57 549
1508 57 109
1519 57 703
1530 57 422
1541 57 247
1552 57 644
1563 57 703
1574 57 142
1585 57 353
1596 57 840
1607 57 448
1618 57 23
1629 57 144
1640 57 913
1651 57 798
1662 57 516
1673 57 829
1684 57 704
1695 57 654
1706 57 122
1717 57 793
1728 57 330
1739 57 625
1750 57 76
1761 57 311
1772 57 384
1783 57 341
1794 57 699
1805 57 140
1816 57 400
1827 57 926
1838 57 855
1849 57 703
1860 57 7
1871 57 530
1882 57 31
1893 57 446
1904 57 553
1915 57 522
1926 57 743
1937 57 669
1948 57 76
1959 57 479
1970 57 631
1981 57 541
1992 57 600
2003 57 788
2014 57 191
2025 57 606
2036 57 226
2047 57 138
2058 57 125
2069 57 568
2080 57 534
2091 57 681
2102 57 387
2113 57 348
2124 57 209
2135 57 781
2146 57 667
2157 57 680
2168 57 197
2179 57 351
2190 57 226
2201 57 30
2212 57 192
2223 57 120
2234 57 284
2245 57 36
2256 57 476
2267 57 784
2278 57 159
2289 57 180
2300 57 633
2311 57 56
2322 57 727
2333 57 158
2344 57 125
2355 57 16
2366 57 878
2377 57 693
2388 57 85
2399 57 624
2410 57 691
2421 57 237
2432 57 191
2443 57 111
2454 57 219
2465 57 725
2476 57 852
2487 57 446
2498 57 857
2509 57 700
2520 57 297
2531 57 718
2542 57 545
2553 57 61
2564 57 951
2575 57 220
2586 57 806
2597 57 881
2608 57 507
2619 57 556
2630 57 408
2641 57 304
2652 57 591
2663 57 933
2674 57 182
2685 57 498
2696 57 584
2707 57 679
2718 57 294
2729 57 104
2740 57 75
2751 57 511
2762 57 838
2773 57 642
2784 57 1000
2795 57 618
2806 57 130
2817 57 781
2828 57 926
2839 57 506
2850 57 508
2861 57 684
2872 57 182
2883 57 6
2894 57 220
2905 57 573
2916 57 466
2927 57 165
2938 57 932
2949 57 618
2960 57 335
2971 57 895
2982 57 71
2993 57 287
3 58 485
14 58 98
25 58 799
36 58 472
47 58 457
58 58 312
69 58 617
80 58 248
91 58 196
102 58 250
113 58 142
124 58 910
135 58 85
146 58 287
157 58 428
168 58 119
179 58 808
190 58 305
201 58 970
212 58 533
223 58 263
234 58 202
245 58 588
256 58 883
267 58 599
278 58 91
289 58 161
300 58 329
311 58 734
322 58 893
333 58 656
344 58 460
355 58 560
366 58 874
377 58 182
388 58 952
399 58 962
410 58 423
421 58 385
432 58 443
443 58 303
454 58 319
465 58 979
476 58 328
487 58 347
498 58 918
509 58 523
520 58 975
531 58 650
542 58 783
553 58 783
564 58 392
575 58 166
586 58 196
597 58 349
608 58 722
619 58 981
630 58 60
641 58 981
652 58 747
663 58 26
674 58 630
685 58 697
696 58 18
707 58 578
718 58 668
729 58 117
740 58 593
751 58 330
762 58 435
773 58 474
784 58 918
795 58 844
806 58 631
817 58 472
828 58 63
839 58 939
850 58 703
861 58 552
872 58 734
883 58 559
894 58 137
905 58 139
916 58 367
927 58 198
938 58 874
949 58 172
960 58 171
971 58 680
982 58 125
993 58 789
1004 58 192
1015 58 551
1026 58 892
1037 58 834
1048 58 426
1059 58 761
1070 58 222
1081 58 544
1092 58 756
1103 58 939
1114 58 653
1125 58 712
1136 58 333
1147 58 11
1158 58 354
1169 58 594
1180 58 803
1191 58 240
1202 58 337
1213 58 898
1224 58 660
1235 58 208
1246 58 537
1257 58 539
1268 58 173
1279 58 569
1290 58 452
1301 58 145
1312 58 128
1323 58 346
1334 58 851
1345 58 448
1356 58 165
1367 58 192
1378 58 274
1389 58 219
1400 58 962
1411 58 449
1422 58 498
1433 58 841
1444 58 799
1455 58 22
1466 58 753
1477 58 878
1488 58 227
1499 58 215
1510 58 127
1521 58 382
1532 58 42
1543 58 4
1554 58 358
1565 58 763
1576 58 830
1587 58 79
1598 58 947
1609 58 456
1620 58 865
1631 58 584
1642 58 672
1653 58 393
1664 58 233
1675 58 597
1686 58 169
1697 58 335
1708 58 675
1719 58 296
1730 58 238
1741 58 581
1752 58 574
1763 58 836
1774 58 327
1785 58 385
1796 58 160
1807 58 815
1818 58 110
1829 58 86
1840 58 678
1851 58 668
1862 58 352
1873 58 264
1884 58 764
1895 58 311
1906 58 361
1917 58 673
1928 58 897
1939 58 709
1950 58 561
1961 58 337
1972 58 810
1983 58 608
1994 58 89
2005 58 698
2016 58 701
2027 58 388
2038 58 445
2049 58 812
2060 58 954
2071 58 833
2082 58 687
2093 58 141
2104 58 948
2115 58 629
2126 58 879
2137 58 755
2148 58 757
2159 58 246
2170 58 984
2181 58 270
2192 58 992
2203 58 341
2214 58 493
2225 58 374
2236 58 598
2247 58 377
2258 58 480
2269 58 46
2280 58 927
2291 58 944
2302 58 155
2313 58 227
2324 58 300
2335 58 583
2346 58 617
2357 58 301
2368 58 323
2379 58 172
2390 58 318
2401 58 692
2412 58 514
2423 58 432
2434 58 528
2445 58 845
2456 58 506
2467 58 736
2478 58 886
2489 58 433
2500 58 851
2511 58 606
2522 58 908
2533 58 154
2544 58 393
2555 58 136
2566 58 694
2577 58 325
2588 58 19
2599 58 1
2610 58 447
2621 58 177
2632 58 597
2643 58 860
2654 58 660
2665 58 665
2676 58 44
2687 58 948
2698 58 581
2709 58 782
2720 58 444
2731 58 68
2742 58 592
2753 58 438
2764 58 519
2775 58 619
2786 58 474
2797 58 667
2808 58 474
2819 58 461
2830 58 920
2841 58 349
2852 58 68
2863 58 735
2874 58 995
2885 58 161
2896 58 744
2907 58 358
2918 58 925
2929 58 820
2940 58 382
2951 58 623
2962 58 455
2973 58 775
2984 58 978
2995 58 502
5 59 865
16 59 185
27 59 46
38 59 686
49 59 284
60 59 159
71 59 623
82 59 59
93 59 641
104 59 754
115 59 267
126 59 302
137 59 714
148 59 349
159 59 557
170 59 737
181 59 839
192 59 775
203 59 119
214 59 723
225 59 880
236 59 446
247 59 530
258 59 260
269 59 695
280 59 984
291 59 850
302 59 858
313 59 481
324 59 894
335 59 793
346 59 591
357 59 947
368 59 831
379 59 187
390 59 408
401 59 685
412 59 563
423 59 347
434 59 102
445 59 461
456 59 698
467 59 781
478 59 787
489 59 335
500 59 969
511 59 847
522 59 899
533 59 302
544 59 96
555 59 187
566 59 656
577 59 268
588 59 654
599 59 720
610 59 942
621 59 612
632 59 819
643 59 65
654 59 932
665 59 766
676 59 677
687 59 138
698 59 43
709 59 827
720 59 703
731 59 483
742 59 495
753 59 252
764 59 938
775 59 801
786 59 234
797 59 285
808 59 484
819 59 326
830 59 961
841 59 989
852 59 428
863 59 441
874 59 669
885 59 881
896 59 535
907 59 301
918 59 402
929 59 691
940 59 766
951 59 513
962 59 638
973 59 229
984 59 682
995 59 207
1006 59 236
1017 59 853
1028 59 231
1039 59 130
1050 59 639
1061 59 451
1072 59 924
1083 59 653
1094 59 623
1105 59 865
1116 59 675
1127 59 241
1138 59 63
1149 59 537
1160 59 751
1171 59 54
1182 59 241
1193 59 14
1204 59 640
1215 59 949
1226 59 154
1237 59 418
1248 59 793
1259 59 559
1270 59 242
1281 59 59
1292 59 185
1303 59 67
1314 59 84
1325 59 749
1336 59 964
1347 59 339
1358 59 578
1369 59 641
1380 59 80
1391 59 118
1402 59 127
1413 59 289
1424 59 127
1435 59 599
1446 59 763
1457 59 216
1468 59 99
1479 59 211
1490 59 294
1501 59 505
1512 59 38
1523 59 869
1534 59 202
1545 59 89
1556 59 136
1567 59 574
1578 59 298
1589 59 332
1600 59 787
1611 59 939
1622 59 33
1633 59 704
1644 59 378
1655 59 742
1666 59 56
1677 59 510
1688 59 896
1699 59 747
1710 59 815
1721 59 182
1732 59 401
1743 59 917
1754 59 143
1765 59 856
1776 59 957
1787 59 534
1798 59 165
1809 59 17
1820 59 646
1831 59 671
1842 59 472
1853 59 484
1864 59 711
1875 59 947
1886 59 651
1897 59 933
1908 59 282
1919 59 873
1930 59 279
1941 59 607
1952 59 769
1963 59 653
1974 59 869
1985 59 820
1996 59 208
2007 59 470
2018 59 583
2029 59 212
2040 59 234
2051 59 414
2062 59 175
2073 59 614
2084 59 51
2095 59 6
2106 59 596
2117 59 926
2128 59 419
2139 59 278
2150 59 655
2161 59 296
2172 59 885
2183 59 123
2194 59 282
2205 59 767
2216 59 865
2227 59 190
2238 59 410
2249 59 209
2260 59 532
2271 59 701
2282 59 840
2293 59 150
2304 59 781
2315 59 854
2326 59 696
2337 59 385
2348 59 496
2359 59 621
2370 59 392
2381 59 465
2392 59 590
2403 59 172
2414 59 85
2425 59 160
2436 59 35
2447 59 53
2458 59 979
2469 59 185
2480 59 377
2491 59 734
2502 59 32
2513 59 539
2524 59 399
2535 59 657
2546 59 31
2557 59 684
2568 59 245
2579 59 526
2590 59 671
2601 59 608
2612 59 877
2623 59 994
2634 59 452
2645 59 6
2656 59 719
2667 59 356
2678 59 658
2689 59 495
2700 59 619
2711 59 54
2722 59 696
2733 59 786
2744 59 816
2755 59 392
2766 59 861
2777 59 545
2788 59 694
2799 59 186
2810 59 984
2821 59 97
2832 59 737
2843 59 225
2854 59 650
2865 59 46
2876 59 602
2887 59 216
2898 59 496
2909 59 456
2920 59 645
2931 59 835
2942 59 398
2953 59 869
2964 59 411
2975 59 2
2986 59 476
2997 59 793
7 60 571
18 60 190
29 60 737
40 60 844
51 60 261
62 60 29
73 60 192
84 60 68
95 60 207
106 60 654
117 60 212
128 60 380
139 60 517
150 60 520
161 60 964
172 60 691
183 60 889
194 60 442
205 60 675
216 60 448
227 60 692
238 60 861
249 60 560
260 60 549
271 60 757
282 60 91
293 60 493
304 60 681
315 60 136
326 60 328
337 60 13
348 60 886
359 60 532
370 60 843
381 60 413
392 60 108
403 60 826
414 60 768
425 60 674
436 60 99
447 60 375
458 60 725
469 60 441
480 60 137
491 60 422
502 60 587
513 60 514
524 60 410
535 60 125
546 60 596
557 60 96
568 60 665
579 60 101
590 60 926
601 60 93
612 60 857
623 60 73
634 60 748
645 60 572
656 60 433
667 60 639
678 60 466
689 60 82
700 60 425
711 60 978
722 60 225
733 60 575
744 60 217
755 60 764
766 60 478
777 60 797
788 60 162
799 60 39
810 60 727
821 60 455
832 60 763
843 60 175
854 60 475
865 60 768
876 60 502
887 60 330
898 60 113
909 60 3
920 60 687
931 60 895
942 60 286
953 60 421
964 60 322
975 60 53
986 60 973
997 60 229
1008 60 158
1019 60 937
1030 60 993
1041 60 789
1052 60 966
1063 60 230
1074 60 918
1085 60 567
1096 60 16
1107 60 792
1118 60 200
1129 60 842
1140 60 821
1151 60 556
1162 60 801
1173 60 719
1184 60 326
1195 60 483
1206 60 197
1217 60 454
1228 60 362
1239 60 384
1250 60 121
1261 60 425
1272 60 792
1283 60 352
1294 60 234
1305 60 18
1316 60 760
1327 60 127
1338 60 979
1349 60 279
1360 60 206
1371 60 149
1382 60 371
1393 60 386
1404 60 352
1415 60 121
1426 60 365
1437 60 27
1448 60 323
1459 60 201
1470 60 930
1481 60 831
1492 60 607
1503 60 36
1514 60 203
1525 60 466
1536 60 250
1547 60 631
1558 60 511
1569 60 663
1580 60 860
1591 60 600
1602 60 351
1613 60 835
1624 60 379
1635 60 979
1646 60 762
1657 60 390
1668 60 527
1679 60 137
1690 60 902
1701 60 286
1712 60 37
1723 60 881
1734 60 743
1745 60 836
1756 60 638
1767 60 36
1778 60 583
1789 60 831
1800 60 241
1811 60 870
1822 60 797
1833 60 675
1844 60 522
1855 60 578
1866 60 964
1877 60 503
1888 60 748
1899 60 310
1910 60 70
1921 60 800
1932 60 842
1943 60 781
1954 60 982
1965 60 704
1976 60 391
1987 60 655
1998 60 348
2009 60 214
2020 60 165
2031 60 620
2042 60 910
2053 60 700
2064 60 54
2075 60 138
2086 60 81
2097 60 872
2108 60 130
2119 60 921
2130 60 999
2141 60 779
2152 60 746
2163 60 386
2174 60 40
2185 60 989
2196 60 929
2207 60 194
2218 60 464
2229 60 938
2240 60 798
2251 60 644
2262 60 544
2273 60 841
2284 60 251
2295 60 966
2306 60 818
2317 60 956
2328 60 6
2339 60 861
2350 60 927
2361 60 327
2372 60 282
2383 60 510
2394 60 723
2405 60 254
2416 60 96
2427 60 574
2438 60 395
2449 60 910
2460 60 313
2471 60 141
2482 60 85
2493 60 710
2504 60 973
2515 60 648
2526 60 414
2537 60 735
2548 60 101
2559 60 198
2570 60 677
2581 60 799
2592 60 180
2603 60 70
2614 60 435
2625 60 441
2636 60 677
2647 60 551
2658 60 41
2669 60 922
2680 60 985
2691 60 968
2702 60 827
2713 60 698
2724 60 911
2735 60 744
2746 60 11
2757 60 728
2768 60 831
2779 60 418
2790 60 49
2801 60 243
2812 60 600
2823 60 890
2834 60 386
2845 60 237
2856 60 109
2867 60 812
2878 60 90
2889 60 198
2900 60 45
2911 60 625
2922 60 38
2933 60 160
2944 60 255
2955 60 788
2966 60 673
2977 60 627
2988 60 433
2999 60 402
9 61 26
20 61 981
31 61 951
42 61 172
53 61 284
64 61 202
75 61 578
86 61 239
97 61 531
108 61 906
119 61 987
130 61 410
141 61 459
152 61 962
163 61 614
174 61 905
185 61 915
196 61 417
207 61 449
218 61 504
229 61 955
240 61 98
251 61 275
262 61 979
273 61 967
284 61 580
295 61 544
306 61 578
317 61 139
328 61 240
339 61 387
350 61 405
361 61 579
372 61 14
383 61 643
394 61 642
405 61 49
416 61 87
427 61 247
438 61 960
449 61 702
460 61 467
471 61 283
482 61 993
493 61 186
504 61 167
515 61 253
526 61 330
537 61 688
548 61 772
559 61 227
570 61 320
581 61 878
592 61 164
603 61 424
614 61 873
625 61 591
636 61 545
647 61 429
658 61 616
669 61 93
680 61 92
691 61 441
702 61 23
713 61 900
724 61 245
735 61 547
746 61 907
757 61 385
768 61 784
779 61 266
790 61 310
801 61 416
812 61 611
823 61 329
834 61 313
845 61 652
856 61 660
867 61 578
878 61 841
889 61 876
900 61 998
911 61 704
922 61 572
933 61 175
944 61 876
955 61 112
966 61 572
977 61 954
988 61 58
999 61 979
1010 61 10
1021 61 589
1032 61 442
1043 61 800
1054 61 300
1065 61 699
1076 61 911
1087 61 595
1098 61 896
1109 61 895
1120 61 465
1131 61 518
1142 61 788
1153 61 936
1164 61 870
1175 61 488
1186 61 465
1197 61 71
1208 61 80
1219 61 603
1230 61 703
1241 61 515
1252 61 930
1263 61 674
1274 61 452
1285 61 807
1296 61 145
1307 61 430
1318 61 443
1329 61 948
1340 61 441
1351 61 741
1362 61 634
1373 61 433
1384 61 991
1395 61 851
1406 61 358
1417 61 761
1428 61 680
1439 61 730
1450 61 898
1461 61 915
1472 61 240
1483 61 581
1494 61 841
1505 61 300
1516 61 363
1527 61 226
1538 61 87
1549 61 741
1560 61 21
1571 61 15
1582 61 963
1593 61 325
1604 61 732
1615 61 439
1626 61 982
1637 61 398
1648 61 759
1659 61 785
1670 61 691
1681 61 317
1692 61 307
1703 61 401
1714 61 187
1725 61 498
1736 61 742
1747 61 28
1758 61 882
1769 61 396
1780 61 155
1791 61 526
1802 61 912
1813 61 599
1824 61 682
1835 61 266
1846 61 392
1857 61 791
1868 61 596
1879 61 332
1890 61 922
1901 61 290
1912 61 294
1923 61 774
1934 61 397
1945 61 270
1956 61 581
1967 61 862
1978 61 613
1989 61 635
2000 61 800
2011 61 560
2022 61 704
2033 61 991
2044 61 591
2055 61 545
2066 61 802
2077 61 478
2088 61 327
2099 61 480
2110 61 419
2121 61 480
2132 61 773
2143 61 853
2154 61 220
2165 61 695
2176 61 243
2187 61 196
2198 61 403
2209 61 233
2220 61 306
2231 61 983
2242 61 61
2253 61 742
2264 61 127
2275 61 468
2286 61 494
2297 61 747
2308 61 653
2319 61 649
2330 61 595
2341 61 306
2352 61 108
2363 61 920
2374 61 348
2385 61 117
2396 61 988
2407 61 778
2418 61 151
2429 61 439
2440 61 508
2451 61 265
2462 61 14
2473 61 227
2484 61 150
2495 61 789
2506 61 391
2517 61 267
2528 61 779
2539 61 951
2550 61 163
2561 61 289
2572 61 684
2583 61 481
2594 61 801
2605 61 378
2616 61 260
2627 61 755
2638 61 816
2649 61 781
2660 61 54
2671 61 401
2682 61 671
2693 61 70
2704 61 142
2715 61 545
2726 61 50
2737 61 879
2748 61 593
2759 61 524
2770 61 499
2781 61 112
2792 61 731
2803 61 666
2814 61 192
2825 61 558
2836 61 558
2847 61 903
2858 61 994
2869 61 442
2880 61 855
2891 61 278
2902 61 488
2913 61 285
2924 61 529
2935 61 357
2946 61 699
2957 61 623
2968 61 843
2979 61 544
2990 61 233
0 62 618
11 62 684
22 62 656
33 62 534
44 62 95
55 62 575
66 62 485
77 62 547
88 62 957
99 62 995
110 62 391
121 62 65
132 62 187
143 62 514
154 62 968
165 62 245
176 62 228
187 62 580
198 62 990
209 62 886
220 62 118
231 62 119
242 62 786
253 62 761
264 62 443
275 62 152
286 62 206
297 62 869
308 62 181
319 62 111
330 62 383
341 62 482
352 62 321
363 62 152
374 62 279
385 62 443
396 62 774
407 62 450
418 62 364
429 62 230
440 62 565
451 62 232
462 62 462
473 62 903
484 62 545
495 62 653
506 62 315
517 62 292
528 62 499
539 62 333
550 62 592
561 62 743
572 62 677
583 62 269
594 62 182
605 62 583
616 62 66
627 62 112
638 62 613
649 62 834
660 62 100
671 62 202
682 62 573
693 62 36
704 62 243
715 62 279
726 62 668
737 62 20
748 62 415
759 62 468
770 62 295
781 62 187
792 62 993
803 62 778
814 62 87
825 62 13
836 62 431
847 62 96
858 62 598
869 62 741
880 62 944
891 62 728
902 62 391
913 62 686
924 62 753
935 62 246
946 62 301
957 62 532
968 62 427
979 62 93
990 62 517
1001 62 874
1012 62 515
1023 62 950
1034 62 819
1045 62 232
1056 62 520
1067 62 331
1078 62 867
1089 62 566
1100 62 485
1111 62 277
1122 62 95
1133 62 959
1144 62 577
1155 62 37
1166 62 366
1177 62 586
1188 62 351
1199 62 828
1210 62 62
1221 62 745
1232 62 573
1243 62 784
1254 62 87
1265 62 708
1276 62 22
1287 62 648
1298 62 949
1309 62 608
1320 62 811
1331 62 821
1342 62 19
1353 62 335
1364 62 60
1375 62 514
1386 62 345
1397 62 429
1408 62 474
1419 62 393
1430 62 692
1441 62 983
1452 62 490
1463 62 107
1474 62 925
1485 62 163
1496 62 145
1507 62 952
1518 62 919
1529 62 750
1540 62 405
1551 62 592
1562 62 11
1573 62 162
1584 62 652
1595 62 374
1606 62 553
1617 62 387
1628 62 963
1639 62 691
1650 62 683
1661 62 394
1672 62 295
1683 62 641
1694 62 928
1705 62 23
1716 62 443
1727 62 148
1738 62 851
1749 62 17
1760 62 182
1771 62 979
1782 62 187
1793 62 83
1804 62 174
1815 62 692
1826 62 594
1837 62 944
1848 62 774
1859 62 824
1870 62 770
1881 62 531
1892 62 995
1903 62 292
1914 62 416
1925 62 917
1936 62 669
1947 62 338
1958 62 7
1969 62 62
1980 62 272
1991 62 218
2002 62 196
2013 62 737
2024 62 573
2035 62 222
2046 62 178
2057 62 9
2068 62 723
2079 62 389
2090 62 688
2101 62 932
2112 62 59
2123 62 599
2134 62 973
2145 62 77
2156 62 876
2167 62 37
2178 62 659
2189 62 163
2200 62 390
2211 62 413
2222 62 509
2233 62 356
2244 62 535
2255 62 402
2266 62 459
2277 62 922
2288 62 239
2299 62 512
2310 62 958
2321 62 670
2332 62 809
2343 62 690
2354 62 699
2365 62 147
2376 62 582
2387 62 245
2398 62 418
2409 62 507
2420 62 132
2431 62 995
2442 62 229
2453 62 420
2464 62 320
2475 62 729
2486 62 156
2497 62 416
2508 62 954
2519 62 898
2530 62 197
2541 62 757
2552 62 815
2563 62 156
2574 62 485
2585 62 632
2596 62 152
2607 62 169
2618 62 759
2629 62 602
2640 62 154
2651 62 557
2662 62 504
2673 62 865
2684 62 65
2695 62 594
2706 62 374
2717 62 812
2728 62 102
2739 62 105
2750 62 729
2761 62 571
2772 62 679
2783 62 37
2794 62 322
2805 62 819
2816 62 821
2827 62 469
2838 62 15
2849 62 862
2860 62 919
2871 62 426
2882 62 76
2893 62 857
2904 62 912
2915 62 319
2926 62 503
2937 62 744
2948 62 371
2959 62 964
2970 62 743
2981 62 76
2992 62 636
2 63 796
13 63 930
24 63 395
35 63 659
46 63 207
57 63 928
68 63 670
79 63 669
90 63 963
101 63 587
112 63 474
123 63 973
134 63 272
145 63 908
156 63 172
167 63 121
178 63 53
189 63 340
200 63 806
211 63 20
222 63 985
233 63 104
244 63 881
255 63 47
266 63 500
277 63 389
288 63 327
299 63 236
310 63 815
321 63 728
332 63 682
343 63 320
354 63 635
365 63 880
376 63 632
387 63 561
398 63 906
409 63 107
420 63 981
431 63 690
442 63 881
453 63 804
464 63 942
475 63 735
486 63 710
497 63 499
508 63 823
519 63 412
530 63 566
541 63 181
552 63 587
563 63 400
574 63 168
585 63 302
596 63 892
607 63 463
618 63 796
629 63 196
640 63 979
651 63 837
662 63 24
673 63 711
684 63 487
695 63 487
706 63 477
717 63 691
728 63 613
739 63 458
750 63 46
761 63 729
772 63 449
783 63 765
794 63 815
805 63 120
816 63 474
827 63 603
838 63 29
849 63 89
860 63 60
871 63 865
882 63 155
893 63 873
904 63 686
915 63 351
926 63 658
937 63 22
948 63 60
959 63 161
970 63 954
981 63 882
992 63 258
1003 63 203
1014 63 850
1025 63 195
1036 63 769
1047 63 133
1058 63 600
1069 63 277
1080 63 680
1091 63 116
1102 63 379
1113 63 795
1124 63 631
1135 63 221
1146 63 481
1157 63 901
1168 63 160
1179 63 433
1190 63 797
1201 63 871
1212 63 91
1223 63 303
1234 63 705
1245 63 688
1256 63 140
1267 63 676
1278 63 83
1289 63 517
1300 63 923
1311 63 582
1322 63 179
1333 63 911
1344 63 809
1355 63 182
1366 63 13
1377 63 300
1388 63 60
1399 63 877
1410 63 36
1421 63 228
1432 63 864
1443 63 17
1454 63 837
1465 63 793
1476 63 157
1487 63 352
1498 63 571
1509 63 38
1520 63 235
1531 63 922
1542 63 157
1553 63 994
1564 63 977
1575 63 847
1586 63 707
1597 63 998
1608 63 713
1619 63 687
1630 63 186
1641 63 637
1652 63 480
1663 63 588
1674 63 550
1685 63 711
1696 63 64
1707 63 176
1718 63 959
1729 63 75
1740 63 915
1751 63 977
1762 63 891
1773 63 837
1784 63 890
1795 63 140
1806 63 889
1817 63 289
1828 63 22
1839 63 754
1850 63 104
1861 63 659
1872 63 720
1883 63 614
1894 63 570
1905 63 55
1916 63 497
1927 63 798
1938 63 315
1949 63 516
1960 63 217
1971 63 347
1982 63 890
1993 63 24
2004 63 293
2015 63 452
2026 63 939
2037 63 972
2048 63 511
2059 63 680
2070 63 917
2081 63 131
2092 63 185
2103 63 38
2114 63 73
2125 63 472
2136 63 151
2147 63 278
2158 63 873
2169 63 17
2180 63 266
2191 63 375
2202 63 579
2213 63 358
2224 63 984
2235 63 507
2246 63 524
2257 63 907
2268 63 688
2279 63 766
2290 63 109
2301 63 25
2312 63 900
2323 63 909
2334 63 477
2345 63 711
2356 63 108
2367 63 222
2378 63 16
2389 63 260
2400 63 950
2411 63 567
2422 63 951
2433 63 506
2444 63 421
2455 63 957
2466 63 698
2477 63 797
2488 63 571
2499 63 125
2510 63 790
2521 63 551
2532 63 33
2543 63 721
2554 63 210
2565 63 135
2576 63 172
2587 63 279
2598 63 432
2609 63 927
2620 63 54
2631 63 512
2642 63 366
2653 63 582
2664 63 990
2675 63 267
2686 63 395
2697 63 483
2708 63 79
2719 63 508
2730 63 253
2741 63 777
2752 63 76
2763 63 278
2774 63 270
2785 63 537
2796 63 907
2807 63 971
2818 63 715
2829 63 929
2840 63 938
2851 63 470
2862 63 768
2873 63 929
2884 63 57
2895 63 973
2906 63 425
2917 63 957
2928 63 30
2939 63 95
2950 63 554
2961 63 737
2972 63 298
2983 63 277
2994 63 908
4 64 271
15 64 445
26 64 975
37 64 431
48 64 843
59 64 776
70 64 315
81 64 138
92 64 864
103 64 766
114 64 848
125 64 595
136 64 166
147 64 797
158 64 792
169 64 40
180 64 766
191 64 639
202 64 576
213 64 891
224 64 731
235 64 974
246 64 488
257 64 862
268 64 162
279 64 547
290 64 308
301 64 434
312 64 54
323 64 757
334 64 687
345 64 932
356 64 995
367 64 963
378 64 195
389 64 484
400 64 52
411 64 231
422 64 575
433 64 641
444 64 812
455 64 971
466 64 459
477 64 686
488 64 865
499 64 916
510 64 6
521 64 956
532 64 106
543 64 394
554 64 755
565 64 757
576 64 156
587 64 712
598 64 954
609 64 672
620 64 360
631 64 432
642 64 158
653 64 40
664 64 738
675 64 747
686 64 381
697 64 246
708 64 855
719 64 909
730 64 26
741 64 196
752 64 600
763 64 816
774 64 368
785 64 250
796 64 693
807 64 661
818 64 849
829 64 541
840 64 491
851 64 574
862 64 774
873 64 598
884 64 246
895 64 926
906 64 114
917 64 717
928 64 636
939 64 767
950 64 299
961 64 732
972 64 382
983 64 268
994 64 752
1005 64 653
1016 64 978
1027 64 908
1038 64 578
1049 64 108
1060 64 525
1071 64 827
1082 64 873
1093 64 123
1104 64 647
1115 64 520
1126 64 159
1137 64 574
1148 64 762
1159 64 317
1170 64 310
1181 64 243
1192 64 143
1203 64 304
1214 64 562
1225 64 312
1236 64 937
1247 64 47
1258 64 604
1269 64 663
1280 64 504
1291 64 895
1302 64 618
1313 64 781
1324 64 848
1335 64 345
1346 64 858
1357 64 870
1368 64 119
1379 64 894
1390 64 548
1401 64 252
1412 64 507
1423 64 901
1434 64 834
1445 64 699
1456 64 699
1467 64 543
1478 64 761
1489 64 706
1500 64 255
1511 64 761
1522 64 613
1533 64 196
1544 64 396
1555 64 178
1566 64 432
1577 64 633
1588 64 401
1599 64 284
1610 64 856
1621 64 813
1632 64 450
1643 64 449
1654 64 375
1665 64 586
1676 64 443
1687 64 793
1698 64 259
1709 64 321
1720 64 599
1731 64 592
1742 64 120
1753 64 607
1764 64 947
1775 64 839
1786 64 917
1797 64 589
1808 64 569
1819 64 228
1830 64 205
1841 64 825
1852 64 5
1863 64 357
1874 64 52
1885 64 667
1896 64 103
1907 64 831
1918 64 999
1929 64 852
1940 64 478
1951 64 861
1962 64 887
1973 64 322
1984 64 222
1995 64 462
2006 64 184
2017 64 106
2028 64 368
2039 64 422
2050 64 93
2061 64 721
2072 64 199
2083 64 773
2094 64 349
2105 64 149
2116 64 119
2127 64 172
2138 64 343
2149 64 119
2160 64 192
2171 64 397
2182 64 873
2193 64 939
2204 64 706
2215 64 911
2226 64 980
2237 64 848
2248 64 519
2259 64 604
2270 64 665
2281 64 897
2292 64 296
2303 64 366
2314 64 20
2325 64 561
2336 64 529
2347 64 464
2358 64 549
2369 64 63
2380 64 600
2391 64 513
2402 64 643
2413 64 52
2424 64 989
2435 64 846
2446 64 925
2457 64 207
2468 64 533
2479 64 931
2490 64 159
2501 64 229
2512 64 901
2523 64 851
2534 64 587
2545 64 484
2556 64 271
2567 64 263
2578 64 370
2589 64 922
2600 64 340
2611 64 171
2622 64 284
2633 64 545
2644 64 510
2655 64 452
2666 64 717
2677 64 385
2688 64 607
2699 64 717
2710 64 391
2721 64 86
2732 64 162
2743 64 232
2754 64 112
2765 64 806
2776 64 292
2787 64 803
2798 64 181
2809 64 227
2820 64 777
2831 64 291
2842 64 864
2853 64 745
2864 64 596
2875 64 860
2886 64 720
2897 64 708
2908 64 627
2919 64 887
2930 64 535
2941 64 753
2952 64 245
2963 64 787
2974 64 460
2985 64 122
2996 64 5
6 65 954
17 65 638
28 65 804
39 65 564
50 65 313
61 65 984
72 65 427
83 65 597
94 65 966
105 65 63
116 65 702
127 65 231
138 65 24
149 65 987
160 65 523
171 65 116
182 65 7
193 65 867
204 65 584
215 65 317
226 65 631
237 65 540
248 65 246
259 65 881
270 65 828
281 65 966
292 65 396
303 65 719
314 65 20
325 65 20
336 65 430
347 65 515
358 65 953
369 65 516
380 65 505
391 65 514
402 65 112
413 65 637
424 65 42
435 65 817
446 65 339
457 65 261
468 65 677
479 65 161
490 65 902
501 65 607
512 65 211
523 65 337
534 65 153
545 65 477
556 65 698
567 65 908
578 65 174
589 65 655
600 65 606
611 65 283
622 65 785
633 65 716
644 65 894
655 65 292
666 65 59
677 65 741
688 65 305
699 65 591
710 65 953
721 65 942
732 65 870
743 65 365
754 65 98
765 65 714
776 65 408
787 65 389
798 65 187
809 65 471
820 65 879
831 65 631
842 65 558
853 65 837
864 65 366
875 65 36
886 65 492
897 65 856
908 65 279
919 65 743
930 65 816
941 65 137
952 65 42
963 65 133
974 65 174
985 65 425
996 65 191
1007 65 133
1018 65 634
1029 65 331
1040 65 211
1051 65 323
1062 65 522
1073 65 909
1084 65 508
1095 65 931
1106 65 117
1117 65 752
1128 65 695
1139 65 303
1150 65 890
1161 65 538
1172 65 110
1183 65 586
1194 65 977
1205 65 183
1216 65 332
1227 65 356
1238 65 318
1249 65 691
1260 65 874
1271 65 24
1282 65 179
1293 65 3
1304 65 54
1315 65 707
1326 65 598
1337 65 175
1348 65 977
1359 65 420
1370 65 649
1381 65 213
1392 65 115
1403 65 520
1414 65 43
1425 65 798
1436 65 33
1447 65 766
1458 65 121
1469 65 537
1480 65 490
1491 65 731
1502 65 29
1513 65 694
1524 65 504
1535 65 402
1546 65 935
1557 65 234
1568 65 699
1579 65 639
1590 65 993
1601 65 380
1612 65 459
1623 65 448
1634 65 547
1645 65 374
1656 65 984
1667 65 734
1678 65 181
1689 65 592
1700 65 974
1711 65 874
1722 65 258
1733 65 869
1744 65 942
1755 65 751
1766 65 602
1777 65 388
1788 65 691
1799 65 508
1810 65 759
1821 65 646
1832 65 331
1843 65 618
1854 65 768
1865 65 899
1876 65 732
1887 65 911
1898 65 544
1909 65 184
1920 65 902
1931 65 634
1942 65 799
1953 65 968
1964 65 12
1975 65 53
1986 65 112
1997 65 868
2008 65 468
2019 65 353
2030 65 75
2041 65 145
2052 65 478
2063 65 581
2074 65 967
2085 65 526
2096 65 715
2107 65 458
2118 65 829
2129 65 272
2140 65 269
2151 65 765
2162 65 368
2173 65 189
2184 65 882
2195 65 894
2206 65 110
2217 65 435
2228 65 989
2239 65 207
2250 65 838
2261 65 668
2272 65 378
2283 65 371
2294 65 178
2305 65 593
2316 65 138
2327 65 874
2338 65 109
2349 65 624
2360 65 139
2371 65 380
2382 65 559
2393 65 91
2404 65 298
2415 65 243
2426 65 34
2437 65 269
2448 65 435
2459 65 769
2470 65 648
2481 65 989
2492 65 350
2503 65 451
2514 65 900
2525 65 41
2536 65 229
2547 65 473
2558 65 548
2569 65 364
2580 65 645
2591 65 378
2602 65 13
2613 65 319
2624 65 632
2635 65 578
2646 65 811
2657 65 106
2668 65 635
2679 65 701
2690 65 10
2701 65 187
2712 65 586
2723 65 311
2734 65 785
2745 65 397
2756 65 412
2767 65 680
2778 65 510
2789 65 645
2800 65 848
2811 65 335
2822 65 372
2833 65 457
2844 65 678
2855 65 236
2866 65 362
2877 65 114
2888 65 805
2899 65 180
2910 65 190
2921 65 439
2932 65 772
2943 65 427
2954 65 691
2965 65 140
2976 65 747
2987 65 536
2998 65 199
8 66 210
19 66 347
30 66 586
41 66 885
52 66 200
63 66 812
74 66 463
85 66 625
96 66 257
107 66 326
118 66 669
129 66 980
140 66 431
151 66 841
162 66 619
173 66 52
184 66 703
195 66 948
206 66 728
217 66 821
228 66 447
239 66 835
250 66 997
261 66 632
272 66 224
283 66 190
294 66 216
305 66 81
316 66 79
327 66 757
338 66 721
349 66 330
360 66 374
371 66 547
382 66 1
393 66 888
404 66 842
415 66 651
426 66 754
437 66 529
448 66 676
459 66 222
470 66 473
481 66 830
492 66 36
503 66 220
514 66 262
525 66 130
536 66 597
547 66 437
558 66 535
569 66 961
580 66 601
591 66 110
602 66 149
613 66 377
624 66 43
635 66 49
646 66 725
657 66 427
668 66 931
679 66 269
690 66 444
701 66 31
712 66 135
723 66 766
734 66 662
745 66 483
756 66 914
767 66 456
778 66 125
789 66 273
800 66 632
811 66 856
822 66 979
833 66 531
844 66 276
855 66 636
866 66 152
877 66 926
888 66 968
899 66 85
910 66 56
921 66 725
932 66 477
943 66 343
954 66 683
965 66 955
976 66 478
987 66 96
998 66 718
1009 66 335
1020 66 202
1031 66 837
1042 66 413
1053 66 186
1064 66 256
1075 66 83
1086 66 903
1097 66 263
1108 66 840
1119 66 711
1130 66 133
1141 66 324
1152 66 930
1163 66 176
1174 66 845
1185 66 670
1196 66 658
1207 66 749
1218 66 329
1229 66 366
1240 66 460
1251 66 449
1262 66 957
1273 66 425
1284 66 383
1295 66 814
1306 66 853
1317 66 893
1328 66 551
1339 66 256
1350 66 589
1361 66 537
1372 66 966
1383 66 200
1394 66 366
1405 66 602
1416 66 174
1427 66 199
1438 66 978
1449 66 103
1460 66 998
1471 66 31
1482 66 717
1493 66 726
1504 66 770
1515 66 773
1526 66 60
1537 66 10
1548 66 551
1559 66 294
1570 66 144
1581 66 17
1592 66 688
1603 66 338
1614 66 211
1625 66 40
1636 66 899
1647 66 332
1658 66 981
1669 66 290
1680 66 516
1691 66 743
1702 66 519
1713 66 473
1724 66 849
1735 66 990
1746 66 60
1757 66 248
1768 66 154
1779 66 693
1790 66 751
1801 66 48
1812 66 205
1823 66 680
1834 66 926
1845 66 917
1856 66 65
1867 66 159
1878 66 398
1889 66 77
1900 66 421
1911 66 842
1922 66 984
1933 66 379
1944 66 978
1955 66 652
1966 66 81
1977 66 566
1988 66 547
1999 66 831
2010 66 701
2021 66 382
2032 66 999
2043 66 871
2054 66 806
2065 66 331
2076 66 109
2087 66 49
2098 66 86
2109 66 798
2120 66 860
2131 66 319
2142 66 653
2153 66 783
2164 66 387
2175 66 200
2186 66 753
2197 66 234
2208 66 669
2219 66 360
2230 66 664
2241 66 125
2252 66 987
2263 66 823
2274 66 418
2285 66 519
2296 66 165
2307 66 341
2318 66 325
2329 66 709
2340 66 568
2351 66 8
2362 66 579
2373 66 533
2384 66 778
2395 66 29
2406 66 498
2417 66 152
2428 66 570
2439 66 206
2450 66 384
2461 66 504
2472 66 387
2483 66 530
2494 66 818
2505 66 298
2516 66 214
2527 66 684
2538 66 957
2549 66 353
2560 66 167
2571 66 491
2582 66 749
2593 66 510
2604 66 954
2615 66 920
2626 66 106
2637 66 401
2648 66 776
2659 66 195
2670 66 464
2681 66 866
2692 66 793
2703 66 360
2714 66 849
2725 66 626
2736 66 433
2747 66 157
2758 66 749
2769 66 127
2780 66 396
2791 66 74
2802 66 897
2813 66 974
2824 66 105
2835 66 796
2846 66 497
2857 66 814
2868 66 27
2879 66 355
2890 66 69
2901 66 977
2912 66 843
2923 66 971
2934 66 110
2945 66 898
2956 66 823
2967 66 946
2978 66 852
2989 66 253
10 67 250
21 67 272
32 67 853
43 67 20
54 67 818
65 67 935
76 67 991
87 67 42
98 67 5
109 67 233
120 67 587
131 67 371
142 67 463
153 67 919
164 67 879
175 67 656
186 67 980
197 67 132
208 67 187
219 67 6
230 67 58
241 67 87
252 67 459
263 67 86
274 67 683
285 67 786
296 67 749
307 67 246
318 67 305
329 67 739
340 67 27
351 67 320
362 67 344
373 67 963
384 67 256
395 67 752
406 67 547
417 67 864
428 67 308
439 67 833
450 67 420
461 67 187
472 67 647
483 67 418
494 67 594
505 67 782
516 67 68
527 67 761
538 67 153
549 67 910
560 67 84
571 67 966
582 67 456
593 67 111
604 67 381
615 67 79
626 67 903
637 67 852
648 67 887
659 67 329
670 67 181
681 67 663
692 67 865
703 67 261
714 67 159
725 67 389
736 67 85
747 67 158
758 67 399
769 67 105
780 67 957
791 67 444
802 67 145
813 67 423
824 67 471
835 67 374
846 67 643
857 67 930
868 67 355
879 67 765
890 67 631
901 67 59
912 67 459
923 67 827
934 67 195
945 67 186
956 67 921
967 67 997
978 67 351
989 67 76
1000 67 388
1011 67 710
1022 67 668
1033 67 396
1044 67 362
1055 67 559
1066 67 748
1077 67 684
1088 67 703
1099 67 548
1110 67 392
1121 67 680
1132 67 258
1143 67 807
1154 67 168
1165 67 361
1176 67 322
1187 67 994
1198 67 338
1209 67 777
1220 67 280
1231 67 231
1242 67 46
1253 67 667
1264 67 104
1275 67 934
1286 67 136
1297 67 533
1308 67 88
1319 67 807
1330 67 975
1341 67 168
1352 67 271
1363 67 471
1374 67 415
1385 67 552
1396 67 150
1407 67 826
1418 67 621
1429 67 718
1440 67 983
1451 67 870
1462 67 738
1473 67 929
1484 67 352
1495 67 575
1506 67 354
1517 67 665
1528 67 40
1539 67 844
1550 67 837
1561 67 998
1572 67 556
1583 67 992
1594 67 879
1605 67 217
1616 67 625
1627 67 667
1638 67 449
1649 67 578
1660 67 375
1671 67 12
1682 67 627
1693 67 957
1704 67 53
1715 67 414
1726 67 374
1737 67 559
1748 67 545
1759 67 845
1770 67 715
1781 67 764
1792 67 709
1803 67 605
1814 67 594
1825 67 96
1836 67 837
1847 67 79
1858 67 70
1869 67 436
1880 67 397
1891 67 827
1902 67 647
1913 67 693
1924 67 26
1935 67 614
1946 67 63
1957 67 560
1968 67 116
1979 67 401
1990 67 579
2001 67 340
2012 67 796
2023 67 379
2034 67 830
2045 67 628
2056 67 27
2067 67 402
2078 67 711
2089 67 435
2100 67 45
2111 67 451
2122 67 939
2133 67 986
2144 67 147
2155 67 342
2166 67 553
2177 67 918
2188 67 252
2199 67 446
2210 67 247
2221 67 925
2232 67 397
2243 67 228
2254 67 406
2265 67 120
2276 67 340
2287 67 738
2298 67 524
2309 67 851
2320 67 618
2331 67 579
2342 67 865
2353 67 702
2364 67 625
2375 67 850
2386 67 805
2397 67 673
2408 67 842
2419 67 16
2430 67 568
2441 67 488
2452 67 483
2463 67 192
2474 67 530
2485 67 632
2496 67 353
2507 67 283
2518 67 628
2529 67 876
2540 67 701
2551 67 951
2562 67 638
2573 67 562
2584 67 248
2595 67 802
2606 67 20
2617 67 777
2628 67 411
2639 67 980
2650 67 302
2661 67 978
2672 67 532
2683 67 440
2694 67 271
2705 67 938
2716 67 910
2727 67 667
2738 67 708
2749 67 155
2760 67 849
2771 67 381
2782 67 307
2793 67 68
2804 67 360
2815 67 710
2826 67 67
2837 67 17
2848 67 299
2859 67 306
2870 67 545
2881 67 44
2892 67 788
2903 67 235
2914 67 435
2925 67 915
2936 67 691
2947 67 133
2958 67 821
2969 67 121
2980 67 949
2991 67 970
1 68 880
12 68 950
23 68 105
34 68 769
45 68 990
56 68 689
67 68 398
78 68 170
89 68 28
100 68 377
111 68 990
122 68 992
133 68 535
144 68 167
155 68 466
166 68 218
177 68 653
188 68 530
199 68 858
210 68 833
221 68 436
232 68 774
243 68 43
254 68 561
265 68 723
276 68 752
287 68 96
298 68 917
309 68 352
320 68 482
331 68 197
342 68 488
353 68 620
364 68 190
375 68 306
386 68 38
397 68 527
408 68 785
419 68 120
430 68 5
441 68 328
452 68 208
463 68 970
474 68 39
485 68 676
496 68 186
507 68 497
518 68 4
529 68 253
540 68 110
551 68 642
562 68 573
573 68 571
584 68 909
595 68 414
606 68 396
617 68 205
628 68 21
639 68 10
650 68 163
661 68 914
672 68 737
683 68 122
694 68 468
705 68 47
716 68 639
727 68 507
738 68 54
749 68 853
760 68 879
771 68 174
782 68 65
793 68 84
804 68 840
815 68 425
826 68 647
837 68 840
848 68 344
859 68 69
870 68 900
881 68 922
892 68 444
903 68 383
914 68 154
925 68 802
936 68 532
947 68 236
958 68 219
969 68 181
980 68 144
991 68 919
1002 68 648
1013 68 170
1024 68 157
1035 68 883
1046 68 415
1057 68 497
1068 68 334
1079 68 280
1090 68 55
1101 68 496
1112 68 803
1123 68 694
1134 68 887
1145 68 138
1156 68 557
1167 68 117
1178 68 380
1189 68 946
1200 68 729
1211 68 879
1222 68 362
1233 68 832
1244 68 500
1255 68 518
1266 68 526
1277 68 754
1288 68 101
1299 68 244
1310 68 158
1321 68 483
1332 68 677
1343 68 767
1354 68 816
1365 68 278
1376 68 774
1387 68 831
1398 68 531
1409 68 480
1420 68 654
1431 68 390
1442 68 761
1453 68 970
1464 68 655
1475 68 550
1486 68 882
1497 68 890
1508 68 790
1519 68 296
1530 68 386
1541 68 443
1552 68 298
1563 68 565
1574 68 884
1585 68 839
1596 68 331
1607 68 959
1618 68 246
1629 68 682
1640 68 171
1651 68 755
1662 68 792
1673 68 82
1684 68 327
1695 68 248
1706 68 100
1717 68 621
1728 68 725
1739 68 737
1750 68 266
1761 68 933
1772 68 422
1783 68 825
1794 68 751
1805 68 234
1816 68 297
1827 68 736
1838 68 596
1849 68 801
1860 68 144
1871 68 895
1882 68 193
1893 68 81
1904 68 227
1915 68 403
1926 68 47
1937 68 691
1948 68 742
1959 68 537
1970 68 431
1981 68 20
1992 68 910
2003 68 337
2014 68 680
2025 68 402
2036 68 478
2047 68 139
2058 68 727
2069 68 908
2080 68 896
2091 68 915
2102 68 162
2113 68 287
2124 68 810
2135 68 141
2146 68 948
2157 68 979
2168 68 114
2179 68 935
2190 68 530
2201 68 159
2212 68 726
2223 68 428
2234 68 790
2245 68 651
2256 68 11
2267 68 529
2278 68 204
2289 68 587
2300 68 971
2311 68 614
2322 68 550
2333 68 264
2344 68 301
2355 68 184
2366 68 543
2377 68 664
2388 68 112
2399 68 860
2410 68 878
2421 68 266
2432 68 589
2443 68 730
2454 68 656
2465 68 353
2476 68 426
2487 68 91
2498 68 526
2509 68 445
2520 68 931
2531 68 680
2542 68 537
2553 68 860
2564 68 72
2575 68 587
2586 68 340
2597 68 633
2608 68 750
2619 68 343
2630 68 181
2641 68 377
2652 68 365
2663 68 667
2674 68 886
2685 68 28
2696 68 505
2707 68 373
2718 68 73
2729 68 147
2740 68 71
2751 68 864
2762 68 325
2773 68 220
2784 68 180
2795 68 362
2806 68 781
2817 68 811
2828 68 650
2839 68 825
2850 68 463
2861 68 493
2872 68 892
2883 68 171
2894 68 871
2905 68 659
2916 68 33
2927 68 366
2938 68 715
2949 68 498
2960 68 314
2971 68 934
2982 68 443
2993 68 719
3 69 70
14 69 162
25 69 185
36 69 564
47 69 408
58 69 928
69 69 159
80 69 78
91 69 382
102 69 79
113 69 988
124 69 878
135 69 478
146 69 705
157 69 961
168 69 479
179 69 166
190 69 649
201 69 643
212 69 808
223 69 702
234 69 934
245 69 352
256 69 397
267 69 607
278 69 26
289 69 941
300 69 608
311 69 875
322 69 97
333 69 883
344 69 12
355 69 444
366 69 163
377 69 473
388 69 216
399 69 628
410 69 875
421 69 878
432 69 802
443 69 926
454 69 370
465 69 529
476 69 718
487 69 856
498 69 135
509 69 925
520 69 748
531 69 685
542 69 236
553 69 381
564 69 778
575 69 966
586 69 769
597 69 301
608 69 668
619 69 812
630 69 262
641 69 742
652 69 655
663 69 697
674 69 413
685 69 361
696 69 687
707 69 376
718 69 603
729 69 246
740 69 439
751 69 173
762 69 527
773 69 765
784 69 788
795 69 107
806 69 603
817 69 440
828 69 934
839 69 668
850 69 650
861 69 444
872 69 798
883 69 807
894 69 178
905 69 139
916 69 955
927 69 715
938 69 439
949 69 905
960 69 578
971 69 514
982 69 295
993 69 419
1004 69 229
1015 69 343
1026 69 296
1037 69 270
1048 69 307
1059 69 566
1070 69 294
1081 69 89
1092 69 98
1103 69 235
1114 69 455
1125 69 740
1136 69 38
1147 69 973
1158 69 22
1169 69 741
1180 69 572
1191 69 882
1202 69 677
1213 69 919
1224 69 230
1235 69 994
1246 69 183
1257 69 838
1268 69 17
1279 69 480
1290 69 396
1301 69 308
1312 69 495
1323 69 682
1334 69 546
1345 69 811
1356 69 3
1367 69 665
1378 69 493
1389 69 237
1400 69 7
1411 69 160
1422 69 589
1433 69 973
1444 69 736
1455 69 384
1466 69 523
1477 69 821
1488 69 644
1499 69 257
1510 69 574
1521 69 722
1532 69 240
1543 69 946
1554 69 10
1565 69 513
1576 69 253
1587 69 840
1598 69 411
1609 69 793
1620 69 784
1631 69 626
1642 69 997
1653 69 426
1664 69 224
1675 69 124
1686 69 411
1697 69 825
1708 69 510
1719 69 818
1730 69 172
1741 69 33
1752 69 614
1763 69 415
1774 69 248
1785 69 706
1796 69 35
1807 69 797
1818 69 237
1829 69 492
1840 69 462
1851 69 681
1862 69 318
1873 69 330
1884 69 423
1895 69 249
1906 69 332
1917 69 851
1928 69 121
1939 69 622
1950 69 937
1961 69 259
1972 69 826
1983 69 958
1994 69 796
2005 69 571
2016 69 701
2027 69 17
2038 69 387
2049 69 272
2060 69 610
2071 69 955
2082 69 134
2093 69 572
2104 69 494
2115 69 972
2126 69 397
2137 69 498
2148 69 177
2159 69 425
2170 69 808
2181 69 998
2192 69 490
2203 69 794
2214 69 684
2225 69 293
2236 69 220
2247 69 320
2258 69 680
2269 69 945
2280 69 117
2291 69 86
2302 69 759
2313 69 558
2324 69 657
2335 69 717
2346 69 252
2357 69 773
2368 69 703
2379 69 765
2390 69 606
2401 69 372
2412 69 362
2423 69 403
2434 69 631
2445 69 217
2456 69 443
2467 69 176
2478 69 406
2489 69 892
2500 69 946
2511 69 803
2522 69 4
2533 69 284
2544 69 812
2555 69 151
2566 69 773
2577 69 819
2588 69 859
2599 69 999
2610 69 99
2621 69 731
2632 69 4
2643 69 72
2654 69 584
2665 69 857
2676 69 289
2687 69 600
2698 69 269
2709 69 226
2720 69 546
2731 69 821
2742 69 911
2753 69 657
2764 69 441
2775 69 342
2786 69 292
2797 69 556
2808 69 483
2819 69 769
2830 69 805
2841 69 167
2852 69 372
2863 69 354
2874 69 744
2885 69 241
2896 69 776
2907 69 521
2918 69 407
2929 69 688
2940 69 676
2951 69 241
2962 69 107
2973 69 435
2984 69 246
2995 69 760
5 70 302
16 70 161
27 70 809
38 70 993
49 70 675
60 70 328
71 70 485
82 70 729
93 70 65
104 70 321
115 70 279
126 70 906
137 70 569
148 70 222
159 70 319
170 70 502
181 70 292
192 70 293
203 70 718
214 70 588
225 70 885
236 70 502
247 70 532
258 70 451
269 70 788
280 70 250
291 70 342
302 70 212
313 70 168
324 70 912
335 70 589
346 70 149
357 70 591
368 70 578
379 70 711
390 70 471
401 70 621
412 70 322
423 70 369
434 70 34
445 70 152
456 70 244
467 70 529
478 70 773
489 70 261
500 70 89
511 70 773
522 70 138
533 70 56
544 70 796
555 70 297
566 70 761
577 70 134
588 70 309
599 70 454
610 70 291
621 70 264
632 70 896
643 70 511
654 70 38
665 70 878
676 70 164
687 70 986
698 70 360
709 70 944
720 70 994
731 70 962
742 70 594
753 70 169
764 70 24
775 70 136
786 70 302
797 70 702
808 70 746
819 70 872
830 70 1000
841 70 377
852 70 769
863 70 967
874 70 935
885 70 31
896 70 693
907 70 229
918 70 764
929 70 637
940 70 937
951 70 640
962 70 182
973 70 691
984 70 615
995 70 83
1006 70 107
1017 70 45
1028 70 652
1039 70 929
1050 70 759
1061 70 988
1072 70 414
1083 70 507
1094 70 602
1105 70 601
1116 70 194
1127 70 361
1138 70 832
1149 70 160
1160 70 184
1171 70 466
1182 70 537
1193 70 947
1204 70 524
1215 70 408
1226 70 392
1237 70 64
1248 70 760
1259 70 765
1270 70 492
1281 70 999
1292 70 562
1303 70 933
1314 70 130
1325 70 162
1336 70 271
1347 70 768
1358 70 530
1369 70 514
1380 70 713
1391 70 84
1402 70 395
1413 70 343
1424 70 205
1435 70 738
1446 70 458
1457 70 97
1468 70 589
1479 70 44
1490 70 475
1501 70 996
1512 70 302
1523 70 514
1534 70 833
1545 70 754
1556 70 570
1567 70 313
1578 70 817
1589 70 34
1600 70 11
1611 70 109
1622 70 575
1633 70 596
1644 70 262
1655 70 500
1666 70 611
1677 70 60
1688 70 738
1699 70 921
1710 70 564
1721 70 826
1732 70 779
1743 70 67
1754 70 999
1765 70 286
1776 70 903
1787 70 425
1798 70 485
1809 70 404
1820 70 233
1831 70 293
1842 70 307
1853 70 409
1864 70 159
1875 70 734
1886 70 760
1897 70 45
1908 70 911
1919 70 363
1930 70 951
1941 70 935
1952 70 351
1963 70 932
1974 70 470
1985 70 414
1996 70 636
2007 70 175
2018 70 21
2029 70 528
2040 70 836
2051 70 653
2062 70 500
2073 70 636
2084 70 55
2095 70 45
2106 70 744
2117 70 762
2128 70 316
2139 70 235
2150 70 610
2161 70 628
2172 70 590
2183 70 726
2194 70 870
2205 70 621
2216 70 105
2227 70 680
2238 70 43
2249 70 381
2260 70 105
2271 70 495
2282 70 148
2293 70 250
2304 70 263
2315 70 251
2326 70 652
2337 70 937
2348 70 868
2359 70 533
2370 70 236
2381 70 208
2392 70 943
2403 70 298
2414 70 34
2425 70 61
2436 70 226
2447 70 233
2458 70 294
2469 70 185
2480 70 758
2491 70 997
2502 70 613
2513 70 760
2524 70 332
2535 70 38
2546 70 576
2557 70 174
2568 70 597
2579 70 277
2590 70 944
2601 70 460
2612 70 952
2623 70 187
2634 70 15
2645 70 526
2656 70 960
2667 70 261
2678 70 244
2689 70 15
2700 70 28
2711 70 143
2722 70 886
2733 70 51
2744 70 741
2755 70 401
2766 70 17
2777 70 792
2788 70 434
2799 70 144
2810 70 706
2821 70 182
2832 70 741
2843 70 991
2854 70 617
2865 70 42
2876 70 265
2887 70 554
2898 70 536
2909 70 630
2920 70 879
2931 70 12
2942 70 559
2953 70 290
2964 70 356
2975 70 776
2986 70 483
2997 70 764
7 71 947
18 71 365
29 71 551
40 71 514
51 71 907
62 71 555
73 71 504
84 71 611
95 71 230
106 71 90
117 71 391
128 71 899
139 71 994
150 71 840
161 71 2
172 71 141
183 71 966
194 71 565
205 71 439
216 71 52
227 71 271
238 71 352
249 71 446
260 71 905
271 71 35
282 71 132
293 71 810
304 71 33
315 71 778
326 71 270
337 71 887
348 71 726
359 71 928
370 71 802
381 71 193
392 71 782
403 71 144
414 71 582
425 71 959
436 71 823
447 71 433
458 71 214
469 71 540
480 71 588
491 71 813
502 71 506
513 71 575
524 71 748
535 71 177
546 71 649
557 71 90
568 71 593
579 71 824
590 71 853
601 71 256
612 71 87
623 71 330
634 71 11
645 71 877
656 71 427
667 71 32
678 71 423
689 71 81
700 71 601
711 71 516
722 71 125
733 71 513
744 71 328
755 71 692
766 71 493
777 71 286
788 71 240
799 71 170
810 71 289
821 71 345
832 71 522
843 71 499
854 71 978
865 71 300
876 71 488
887 71 161
898 71 496
909 71 981
920 71 967
931 71 375
942 71 493
953 71 318
964 71 763
975 71 108
986 71 690
997 71 642
1008 71 266
1019 71 365
1030 71 304
1041 71 256
1052 71 784
1063 71 462
1074 71 65
1085 71 929
1096 71 352
1107 71 420
1118 71 239
1129 71 106
1140 71 787
1151 71 784
1162 71 527
1173 71 179
1184 71 69
1195 71 486
1206 71 573
1217 71 650
1228 71 811
1239 71 100
1250 71 587
1261 71 625
1272 71 663
1283 71 61
1294 71 319
1305 71 452
1316 71 951
1327 71 821
1338 71 561
1349 71 34
1360 71 229
1371 71 307
1382 71 523
1393 71 118
1404 71 145
1415 71 179
1426 71 329
1437 71 813
1448 71 625
1459 71 930
1470 71 81
1481 71 128
1492 71 902
1503 71 944
1514 71 239
1525 71 114
1536 71 91
1547 71 958
1558 71 952
1569 71 783
1580 71 749
1591 71 987
1602 71 232
1613 71 998
1624 71 321
1635 71 765
1646 71 53
1657 71 222
1668 71 964
1679 71 742
1690 71 552
1701 71 524
1712 71 402
1723 71 636
1734 71 783
1745 71 12
1756 71 570
1767 71 323
1778 71 921
1789 71 181
1800 71 673
1811 71 388
1822 71 176
1833 71 63
1844 71 847
1855 71 325
1866 71 637
1877 71 449
1888 71 96
1899 71 103
1910 71 196
1921 71 789
1932 71 970
1943 71 452
1954 71 430
1965 71 315
1976 71 426
1987 71 442
1998 71 664
2009 71 292
2020 71 380
2031 71 593
2042 71 491
2053 71 351
2064 71 212
2075 71 244
2086 71 63
2097 71 898
2108 71 22
2119 71 711
2130 71 91
2141 71 46
2152 71 436
2163 71 966
2174 71 687
2185 71 222
2196 71 688
2207 71 946
2218 71 146
2229 71 507
2240 71 11
2251 71 398
2262 71 305
2273 71 704
2284 71 153
2295 71 854
2306 71 485
2317 71 228
2328 71 945
2339 71 485
2350 71 705
2361 71 936
2372 71 855
2383 71 341
2394 71 306
2405 71 236
2416 71 362
2427 71 528
2438 71 887
2449 71 796
2460 71 889
2471 71 381
2482 71 59
2493 71 804
2504 71 22
2515 71 998
2526 71 781
2537 71 529
2548 71 614
2559 71 196
2570 71 320
2581 71 201
2592 71 647
2603 71 529
2614 71 602
2625 71 841
2636 71 831
2647 71 21
2658 71 295
2669 71 334
2680 71 477
2691 71 552
2702 71 193
2713 71 73
2724 71 410
2735 71 389
2746 71 997
2757 71 516
2768 71 396
2779 71 731
2790 71 655
2801 71 697
2812 71 604
2823 71 949
2834 71 635
2845 71 553
2856 71 880
2867 71 687
2878 71 468
2889 71 984
2900 71 865
2911 71 565
2922 71 667
2933 71 868
2944 71 54
2955 71 122
2966 71 909
2977 71 482
2988 71 499
2999 71 115
9 72 452
20 72 200
31 72 301
42 72 62
53 72 439
64 72 142
75 72 443
86 72 915
97 72 263
108 72 861
119 72 334
130 72 151
141 72 687
152 72 528
163 72 997
174 72 486
185 72 714
196 72 697
207 72 733
218 72 441
229 72 910
240 72 769
251 72 963
262 72 120
273 72 941
284 72 656
295 72 327
306 72 765
317 72 944
328 72 54
339 72 559
350 72 228
361 72 174
372 72 351
383 72 992
394 72 473
405 72 200
416 72 462
427 72 522
438 72 631
449 72 826
460 72 793
471 72 40
482 72 859
493 72 206
504 72 482
515 72 12
526 72 994
537 72 162
548 72 118
559 72 937
570 72 232
581 72 900
592 72 781
603 72 592
614 72 395
625 72 505
636 72 609
647 72 738
658 72 465
669 72 791
680 72 621
691 72 515
702 72 517
713 72 374
724 72 271
735 72 621
746 72 949
757 72 945
768 72 289
779 72 487
790 72 869
801 72 812
812 72 486
823 72 30
834 72 720
845 72 9
856 72 42
867 72 513
878 72 928
889 72 868
900 72 436
911 72 580
922 72 882
933 72 252
944 72 478
955 72 805
966 72 310
977 72 269
988 72 219
999 72 71
1010 72 380
1021 72 572
1032 72 77
1043 72 375
1054 72 250
1065 72 537
1076 72 72
1087 72 954
1098 72 726
1109 72 171
1120 72 799
1131 72 691
1142 72 166
1153 72 992
1164 72 989
1175 72 366
1186 72 817
1197 72 229
1208 72 114
1219 72 353
1230 72 986
1241 72 71
1252 72 891
1263 72 33
1274 72 441
1285 72 556
1296 72 71
1307 72 491
1318 72 1000
1329 72 172
1340 72 564
1351 72 55
1362 72 25
1373 72 680
1384 72 982
1395 72 540
1406 72 211
1417 72 976
1428 72 874
1439 72 211
1450 72 248
1461 72 783
1472 72 578
1483 72 804
1494 72 176
1505 72 760
1516 72 991
1527 72 212
1538 72 160
1549 72 681
1560 72 842
1571 72 151
1582 72 719
1593 72 977
1604 72 883
1615 72 178
1626 72 318
1637 72 608
1648 72 210
1659 72 223
1670 72 17
1681 72 183
1692 72 307
1703 72 878
1714 72 645
1725 72 347
1736 72 819
1747 72 35
1758 72 680
1769 72 902
1780 72 837
1791 72 529
1802 72 18
1813 72 714
1824 72 787
1835 72 71
1846 72 124
1857 72 821
1868 72 839
1879 72 240
1890 72 653
1901 72 755
1912 72 498
1923 72 917
1934 72 885
1945 72 492
1956 72 774
1967 72 313
1978 72 697
1989 72 649
2000 72 352
2011 72 577
2022 72 663
2033 72 182
2044 72 637
2055 72 209
2066 72 418
2077 72 522
2088 72 84
2099 72 441
2110 72 544
2121 72 320
2132 72 599
2143 72 132
2154 72 135
2165 72 813
2176 72 749
2187 72 330
2198 72 851
2209 72 613
2220 72 536
2231 72 147
2242 72 998
2253 72 666
2264 72 386
2275 72 828
2286 72 877
2297 72 21
2308 72 747
2319 72 83
2330 72 11
2341 72 4
2352 72 765
2363 72 886
2374 72 679
2385 72 784
2396 72 711
2407 72 558
2418 72 66
2429 72 642
2440 72 821
2451 72 511
2462 72 69
2473 72 48
2484 72 854
2495 72 190
2506 72 597
2517 72 593
2528 72 416
2539 72 512
2550 72 515
2561 72 450
2572 72 803
2583 72 636
2594 72 156
2605 72 779
2616 72 369
2627 72 251
2638 72 889
2649 72 105
2660 72 113
2671 72 982
2682 72 89
2693 72 419
2704 72 437
2715 72 790
2726 72 226
2737 72 620
2748 72 320
2759 72 14
2770 72 559
2781 72 333
2792 72 502
2803 72 221
2814 72 708
2825 72 51
2836 72 142
2847 72 750
2858 72 207
2869 72 501
2880 72 111
2891 72 653
2902 72 963
2913 72 167
2924 72 395
2935 72 401
2946 72 13
2957 72 789
2968 72 748
2979 72 722
2990 72 138
0 73 105
11 73 736
22 73 278
33 73 449
44 73 461
55 73 258
66 73 60
77 73 193
88 73 934
99 73 977
110 73 450
121 73 765
132 73 716
143 73 616
154 73 969
165 73 196
176 73 940
187 73 229
198 73 888
209 73 175
220 73 236
231 73 617
242 73 420
253 73 986
264 73 318
275 73 379
286 73 919
297 73 147
308 73 357
319 73 1000
330 73 939
341 73 297
352 73 402
363 73 180
374 73 254
385 73 767
396 73 803
407 73 135
418 73 223
429 73 864
440 73 108
451 73 306
462 73 824
473 73 513
484 73 71
495 73 620
506 73 776
517 73 232
528 73 796
539 73 931
550 73 323
561 73 584
572 73 746
583 73 395
594 73 982
605 73 845
616 73 395
627 73 970
638 73 547
649 73 660
660 73 885
671 73 542
682 73 570
693 73 675
704 73 689
715 73 263
726 73 502
737 73 843
748 73 171
759 73 539
770 73 375
781 73 756
792 73 418
803 73 307
814 73 295
825 73 325
836 73 448
847 73 677
858 73 717
869 73 646
880 73 830
891 73 499
902 73 1000
913 73 924
924 73 679
935 73 618
946 73 371
957 73 618
968 73 669
979 73 679
990 73 249
1001 73 771
1012 73 823
1023 73 724
1034 73 551
1045 73 381
1056 73 7
1067 73 947
1078 73 119
1089 73 455
1100 73 236
1111 73 380
1122 73 502
1133 73 305
1144 73 522
1155 73 147
1166 73 160
1177 73 815
1188 73 915
1199 73 634
1210 73 557
1221 73 686
1232 73 792
1243 73 110
1254 73 913
1265 73 701
1276 73 355
1287 73 98
1298 73 216
1309 73 508
1320 73 798
1331 73 811
1342 73 118
1353 73 224
1364 73 20
1375 73 805
1386 73 778
1397 73 20
1408 73 161
1419 73 147
1430 73 700
1441 73 152
1452 73 896
1463 73 551
1474 73 270
1485 73 582
1496 73 33
1507 73 461
1518 73 916
1529 73 497
1540 73 840
1551 73 654
1562 73 208
1573 73 106
1584 73 438
1595 73 268
1606 73 652
1617 73 639
1628 73 880
1639 73 793
1650 73 129
1661 73 695
1672 73 964
1683 73 168
1694 73 110
1705 73 662
1716 73 403
1727 73 615
1738 73 77
1749 73 423
1760 73 360
1771 73 280
1782 73 328
1793 73 225
1804 73 338
1815 73 955
1826 73 131
1837 73 263
1848 73 2
1859 73 355
1870 73 98
1881 73 907
1892 73 385
1903 73 334
1914 73 331
1925 73 475
1936 73 882
1947 73 729
1958 73 173
1969 73 446
1980 73 932
1991 73 705
2002 73 376
2013 73 241
2024 73 413
2035 73 468
2046 73 711
2057 73 25
2068 73 905
2079 73 841
2090 73 979
2101 73 642
2112 73 556
2123 73 593
2134 73 695
2145 73 673
2156 73 70
2167 73 692
2178 73 164
2189 73 562
2200 73 497
2211 73 416
2222 73 954
2233 73 258
2244 73 923
2255 73 831
2266 73 413
2277 73 287
2288 73 957
2299 73 886
2310 73 718
2321 73 678
2332 73 338
2343 73 502
2354 73 299
2365 73 696
2376 73 554
2387 73 626
2398 73 505
2409 73 744
2420 73 905
2431 73 748
2442 73 962
2453 73 238
2464 73 661
2475 73 397
2486 73 449
2497 73 430
2508 73 167
2519 73 859
2530 73 849
2541 73 263
2552 73 579
2563 73 776
2574 73 276
2585 73 231
2596 73 726
2607 73 838
2618 73 748
2629 73 391
2640 73 491
2651 73 592
2662 73 99
2673 73 226
2684 73 269
2695 73 741
2706 73 587
2717 73 445
2728 73 436
2739 73 202
2750 73 758
2761 73 973
2772 73 556
2783 73 228
2794 73 745
2805 73 888
2816 73 15
2827 73 899
2838 73 843
2849 73 999
2860 73 445
2871 73 494
2882 73 626
2893 73 897
2904 73 90
2915 73 645
2926 73 66
2937 73 110
2948 73 5
2959 73 972
2970 73 265
2981 73 877
2992 73 195
2 74 232
13 74 730
24 74 222
35 74 720
46 74 790
57 74 461
68 74 651
79 74 779
90 74 363
101 74 921
112 74 479
123 74 775
134 74 824
145 74 727
156 74 984
167 74 738
178 74 665
189 74 490
200 74 650
211 74 804
222 74 218
233 74 234
244 74 239
255 74 215
266 74 918
277 74 413
288 74 454
299 74 568
310 74 69
321 74 557
332 74 791
343 74 235
354 74 2
365 74 799
376 74 897
387 74 865
398 74 857
409 74 889
420 74 849
431 74 835
442 74 904
453 74 406
464 74 619
475 74 970
486 74 944
497 74 352
508 74 541
519 74 149
530 74 607
541 74 615
552 74 505
563 74 869
574 74 927
585 74 328
596 74 855
607 74 414
618 74 879
629 74 120
640 74 143
651 74 456
662 74 190
673 74 319
684 74 341
695 74 339
706 74 338
717 74 670
728 74 343
739 74 159
750 74 421
761 74 301
772 74 526
783 74 163
794 74 27
805 74 512
816 74 750
827 74 93
838 74 921
849 74 677
860 74 997
871 74 256
882 74 549
893 74 477
904 74 66
915 74 174
926 74 273
937 74 777
948 74 622
959 74 762
970 74 830
981 74 661
992 74 603
1003 74 452
1014 74 733
1025 74 870
1036 74 786
1047 74 643
1058 74 632
1069 74 192
1080 74 494
1091 74 122
1102 74 570
1113 74 600
1124 74 43
1135 74 817
1146 74 786
1157 74 317
1168 74 567
1179 74 833
1190 74 976
1201 74 666
1212 74 645
1223 74 251
1234 74 805
1245 74 256
1256 74 253
1267 74 213
1278 74 709
1289 74 224
1300 74 916
1311 74 718
1322 74 353
1333 74 977
1344 74 665
1355 74 112
1366 74 360
1377 74 985
1388 74 835
1399 74 196
1410 74 594
1421 74 602
1432 74 197
1443 74 998
1454 74 187
1465 74 104
1476 74 28
1487 74 977
1498 74 666
1509 74 15
1520 74 678
1531 74 511
1542 74 967
1553 74 580
1564 74 771
1575 74 566
1586 74 797
1597 74 680
1608 74 709
1619 74 162
1630 74 131
1641 74 501
1652 74 351
1663 74 561
1674 74 782
1685 74 560
1696 74 578
1707 74 78
1718 74 269
1729 74 415
1740 74 75
1751 74 993
1762 74 542
1773 74 927
1784 74 185
1795 74 738
1806 74 873
1817 74 463
1828 74 174
1839 74 75
1850 74 707
1861 74 834
1872 74 395
1883 74 942
1894 74 764
1905 74 930
1916 74 284
1927 74 733
1938 74 131
1949 74 150
1960 74 509
1971 74 427
1982 74 719
1993 74 146
2004 74 119
2015 74 864
2026 74 213
2037 74 30
2048 74 928
2059 74 682
2070 74 39
2081 74 584
2092 74 868
2103 74 755
2114 74 450
2125 74 988
2136 74 795
2147 74 704
2158 74 328
2169 74 402
2180 74 338
2191 74 268
2202 74 258
2213 74 854
2224 74 364
2235 74 618
2246 74 760
2257 74 538
2268 74 734
2279 74 437
2290 74 419
2301 74 876
2312 74 788
2323 74 340
2334 74 437
2345 74 931
2356 74 99
2367 74 948
2378 74 951
2389 74 12
2400 74 651
2411 74 656
2422 74 243
2433 74 764
2444 74 535
2455 74 162
2466 74 741
2477 74 397
2488 74 606
2499 74 931
2510 74 387
2521 74 783
2532 74 332
2543 74 426
2554 74 404
2565 74 819
2576 74 724
2587 74 58
2598 74 541
2609 74 175
2620 74 103
2631 74 751
2642 74 691
2653 74 850
2664 74 785
2675 74 49
2686 74 163
2697 74 402
2708 74 105
2719 74 743
2730 74 671
2741 74 549
2752 74 988
2763 74 314
2774 74 147
2785 74 358
2796 74 602
2807 74 833
2818 74 769
2829 74 798
2840 74 799
2851 74 299
2862 74 884
2873 74 185
2884 74 127
2895 74 595
2906 74 776
2917 74 201
2928 74 434
2939 74 272
2950 74 777
2961 74 412
2972 74 997
2983 74 529
2994 74 631
4 75 242
15 75 183
26 75 961
37 75 417
48 75 473
59 75 30
70 75 842
81 75 536
92 75 221
103 75 99
114 75 300
125 75 547
136 75 874
147 75 804
158 75 853
169 75 933
180 75 389
191 75 949
202 75 935
213 75 326
224 75 261
235 75 248
246 75 774
257 75 177
268 75 452
279 75 588
290 75 849
301 75 465
312 75 749
323 75 517
334 75 504
345 75 429
356 75 244
367 75 997
378 75 595
389 75 167
400 75 586
411 75 167
422 75 407
433 75 432
444 75 320
455 75 837
466 75 233
477 75 345
488 75 642
499 75 701
510 75 390
521 75 234
532 75 701
543 75 741
554 75 250
565 75 786
576 75 802
587 75 467
598 75 869
609 75 324
620 75 598
631 75 636
642 75 80
653 75 748
664 75 223
675 75 415
686 75 51
697 75 139
708 75 560
719 75 557
730 75 559
741 75 589
752 75 456
763 75 109
774 75 342
785 75 50
796 75 680
807 75 113
818 75 223
829 75 114
840 75 963
851 75 244
862 75 975
873 75 645
884 75 246
895 75 686
906 75 500
917 75 210
928 75 291
939 75 52
950 75 746
961 75 126
972 75 431
983 75 594
994 75 988
1005 75 113
1016 75 651
1027 75 697
1038 75 660
1049 75 832
1060 75 26
1071 75 763
1082 75 217
1093 75 318
1104 75 764
1115 75 672
1126 75 662
1137 75 721
1148 75 86
1159 75 709
1170 75 934
1181 75 891
1192 75 794
1203 75 549
1214 75 924
1225 75 663
1236 75 45
1247 75 845
1258 75 946
1269 75 350
1280 75 308
1291 75 345
1302 75 400
1313 75 220
1324 75 773
1335 75 294
1346 75 734
1357 75 317
1368 75 692
1379 75 103
1390 75 668
1401 75 32
1412 75 223
1423 75 162
1434 75 632
1445 75 126
1456 75 842
1467 75 885
1478 75 404
1489 75 903
1500 75 671
1511 75 377
1522 75 727
1533 75 975
1544 75 944
1555 75 595
1566 75 357
1577 75 417
1588 75 505
1599 75 601
1610 75 912
1621 75 839
1632 75 481
1643 75 492
1654 75 819
1665 75 154
1676 75 123
1687 75 881
1698 75 318
1709 75 95
1720 75 392
1731 75 765
1742 75 266
1753 75 819
1764 75 504
1775 75 402
1786 75 768
1797 75 624
1808 75 459
1819 75 274
1830 75 828
1841 75 5
1852 75 737
1863 75 632
1874 75 79
1885 75 3
1896 75 175
1907 75 503
1918 75 255
1929 75 915
1940 75 137
1951 75 713
1962 75 61
1973 75 412
1984 75 479
1995 75 923
2006 75 917
2017 75 222
2028 75 529
2039 75 148
2050 75 72
2061 75 327
2072 75 75
2083 75 435
2094 75 355
2105 75 887
2116 75 119
2127 75 662
2138 75 177
2149 75 298
2160 75 535
2171 75 15
2182 75 534
2193 75 376
2204 75 718
2215 75 96
2226 75 910
2237 75 735
2248 75 902
2259 75 646
2270 75 141
2281 75 890
2292 75 217
2303 75 977
2314 75 506
2325 75 236
2336 75 294
2347 75 566
2358 75 162
2369 75 201
2380 75 6
2391 75 575
2402 75 560
2413 75 928
2424 75 45
2435 75 807
2446 75 625
2457 75 762
2468 75 548
2479 75 19
2490 75 413
2501 75 397
2512 75 191
2523 75 955
2534 75 833
2545 75 592
2556 75 917
2567 75 60
2578 75 608
2589 75 116
2600 75 389
2611 75 924
2622 75 535
2633 75 247
2644 75 475
2655 75 768
2666 75 485
2677 75 251
2688 75 806
2699 75 745
2710 75 272
2721 75 338
2732 75 943
2743 75 561
2754 75 181
2765 75 785
2776 75 768
2787 75 235
2798 75 117
2809 75 613
2820 75 309
2831 75 30
2842 75 695
2853 75 672
2864 75 65
2875 75 583
2886 75 631
2897 75 163
2908 75 651
2919 75 978
2930 75 235
2941 75 892
2952 75 577
2963 75 415
2974 75 589
2985 75 3
2996 75 577
6 76 136
17 76 884
28 76 577
39 76 403
50 76 321
61 76 454
72 76 157
83 76 111
94 76 302
105 76 553
116 76 618
127 76 231
138 76 410
149 76 294
160 76 806
171 76 259
182 76 904
193 76 304
204 76 174
215 76 316
226 76 487
237 76 88
248 76 914
259 76 503
270 76 130
281 76 470
292 76 70
303 76 566
314 76 84
325 76 2
336 76 884
347 76 763
358 76 339
369 76 290
380 76 841
391 76 121
402 76 853
413 76 960
424 76 40
435 76 524
446 76 731
457 76 380
468 76 841
479 76 815
490 76 134
501 76 616
512 76 78
523 76 970
534 76 215
545 76 409
556 76 250
567 76 200
578 76 78
589 76 694
600 76 564
611 76 79
622 76 919
633 76 126
644 76 635
655 76 19
666 76 69
677 76 569
688 76 49
699 76 351
710 76 808
721 76 738
732 76 328
743 76 855
754 76 374
765 76 472
776 76 124
787 76 622
798 76 230
809 76 606
820 76 94
831 76 87
842 76 841
853 76 417
864 76 149
875 76 191
886 76 343
897 76 996
908 76 898
919 76 290
930 76 356
941 76 978
952 76 796
963 76 297
974 76 3
985 76 333
996 76 691
1007 76 377
1018 76 529
1029 76 242
1040 76 89
1051 76 389
1062 76 263
1073 76 277
1084 76 638
1095 76 807
1106 76 795
1117 76 992
1128 76 904
1139 76 779
1150 76 452
1161 76 758
1172 76 774
1183 76 87
1194 76 496
1205 76 961
1216 76 668
1227 76 647
1238 76 269
1249 76 630
1260 76 537
1271 76 621
1282 76 627
1293 76 543
1304 76 567
1315 76 758
1326 76 938
1337 76 32
1348 76 417
1359 76 836
1370 76 23
1381 76 195
1392 76 43
1403 76 776
1414 76 242
1425 76 138
1436 76 688
1447 76 251
1458 76 423
1469 76 875
1480 76 624
1491 76 257
1502 76 91
1513 76 248
1524 76 659
1535 76 861
1546 76 322
1557 76 159
1568 76 573
1579 76 179
1590 76 85
1601 76 796
1612 76 937
1623 76 499
1634 76 259
1645 76 328
1656 76 680
1667 76 343
1678 76 749
1689 76 496
1700 76 706
1711 76 44
1722 76 179
1733 76 482
1744 76 738
1755 76 508
1766 76 218
1777 76 669
1788 76 497
1799 76 789
1810 76 378
1821 76 700
1832 76 204
1843 76 535
1854 76 727
1865 76 38
1876 76 644
1887 76 18
1898 76 224
1909 76 206
1920 76 394
1931 76 7
1942 76 167
1953 76 959
1964 76 767
1975 76 954
1986 76 993
1997 76 531
2008 76 877
2019 76 691
2030 76 989
2041 76 113
2052 76 899
2063 76 957
2074 76 116
2085 76 308
2096 76 988
2107 76 603
2118 76 700
2129 76 182
2140 76 246
2151 76 985
2162 76 873
2173 76 759
2184 76 738
2195 76 645
2206 76 677
2217 76 390
2228 76 124
2239 76 252
2250 76 48
2261 76 960
2272 76 137
2283 76 787
2294 76 926
2305 76 29
2316 76 811
2327 76 664
2338 76 581
2349 76 917
2360 76 477
2371 76 839
2382 76 945
2393 76 752
2404 76 951
2415 76 239
2426 76 347
2437 76 186
2448 76 295
2459 76 350
2470 76 106
2481 76 240
2492 76 279
2503 76 330
2514 76 169
2525 76 537
2536 76 801
2547 76 305
2558 76 390
2569 76 412
2580 76 899
2591 76 662
2602 76 357
2613 76 505
2624 76 114
2635 76 407
2646 76 245
2657 76 2
2668 76 979
2679 76 235
2690 76 883
2701 76 583
2712 76 766
2723 76 678
2734 76 11
2745 76 106
2756 76 985
2767 76 446
2778 76 180
2789 76 911
2800 76 634
2811 76 288
2822 76 637
2833 76 111
2844 76 65
2855 76 827
2866 76 943
2877 76 799
2888 76 778
2899 76 117
2910 76 219
2921 76 518
2932 76 879
2943 76 771
2954 76 962
2965 76 731
2976 76 699
2987 76 285
2998 76 795
8 77 252
19 77 307
30 77 591
41 77 378
52 77 47
63 77 561
74 77 121
85 77 252
96 77 116
107 77 1
118 77 777
129 77 887
140 77 9
151 77 833
162 77 546
173 77 962
184 77 91
195 77 479
206 77 345
217 77 567
228 77 589
239 77 116
250 77 513
261 77 582
272 77 733
283 77 913
294 77 83
305 77 826
316 77 604
327 77 623
338 77 234
349 77 638
360 77 810
371 77 43
382 77 672
393 77 860
404 77 503
415 77 615
426 77 120
437 77 231
448 77 282
459 77 695
470 77 31
481 77 191
492 77 478
503 77 783
514 77 862
525 77 277
536 77 993
547 77 221
558 77 659
569 77 529
580 77 520
591 77 685
602 77 101
613 77 277
624 77 603
635 77 239
646 77 618
657 77 721
668 77 914
679 77 340
690 77 643
701 77 778
712 77 303
723 77 874
734 77 694
745 77 78
756 77 454
767 77 377
778 77 15
789 77 744
800 77 840
811 77 218
822 77 306
833 77 687
844 77 644
855 77 87
866 77 817
877 77 382
888 77 961
899 77 413
910 77 86
921 77 936
932 77 488
943 77 132
954 77 552
965 77 295
976 77 923
987 77 848
998 77 441
1009 77 145
1020 77 607
1031 77 247
1042 77 456
1053 77 389
1064 77 978
1075 77 630
1086 77 601
1097 77 888
1108 77 788
1119 77 591
1130 77 423
1141 77 324
1152 77 772
1163 77 103
1174 77 260
1185 77 788
1196 77 998
1207 77 607
1218 77 642
1229 77 804
1240 77 447
1251 77 593
1262 77 536
1273 77 899
1284 77 720
1295 77 666
1306 77 88
1317 77 662
1328 77 627
1339 77 292
1350 77 365
1361 77 224
1372 77 117
1383 77 900
1394 77 212
1405 77 512
1416 77 871
1427 77 215
1438 77 218
1449 77 494
1460 77 899
1471 77 354
1482 77 913
1493 77 830
1504 77 352
1515 77 2
1526 77 41
1537 77 651
1548 77 991
1559 77 672
1570 77 755
1581 77 529
1592 77 853
1603 77 93
1614 77 967
1625 77 269
1636 77 776
1647 77 377
1658 77 344
1669 77 479
1680 77 990
1691 77 724
1702 77 305
1713 77 31
1724 77 487
1735 77 30
1746 77 946
1757 77 968
1768 77 782
1779 77 674
1790 77 473
1801 77 752
1812 77 600
1823 77 383
1834 77 506
1845 77 307
1856 77 780
1867 77 216
1878 77 977
1889 77 104
1900 77 324
1911 77 244
1922 77 374
1933 77 791
1944 77 64
1955 77 471
1966 77 319
1977 77 95
1988 77 962
1999 77 860
2010 77 951
2021 77 864
2032 77 332
2043 77 508
2054 77 474
2065 77 652
2076 77 563
2087 77 346
2098 77 9
2109 77 345
2120 77 193
2131 77 179
2142 77 602
2153 77 156
2164 77 877
2175 77 311
2186 77 768
2197 77 300
2208 77 849
2219 77 659
2230 77 515
2241 77 353
2252 77 793
2263 77 459
2274 77 443
2285 77 859
2296 77 125
2307 77 149
2318 77 854
2329 77 264
2340 77 86
2351 77 812
2362 77 438
2373 77 594
2384 77 635
2395 77 568
2406 77 89
2417 77 608
2428 77 188
2439 77 932
2450 77 511
2461 77 84
2472 77 829
2483 77 306
2494 77 299
2505 77 484
2516 77 512
2527 77 30
2538 77 862
2549 77 177
2560 77 185
2571 77 163
2582 77 775
2593 77 703
2604 77 22
2615 77 35
2626 77 646
2637 77 153
2648 77 411
2659 77 376
2670 77 19
2681 77 93
2692 77 519
2703 77 474
2714 77 708
2725 77 174
2736 77 530
2747 77 874
2758 77 662
2769 77 210
2780 77 842
2791 77 980
2802 77 866
2813 77 426
2824 77 838
2835 77 192
2846 77 825
2857 77 459
2868 77 419
2879 77 209
2890 77 493
2901 77 685
2912 77 863
2923 77 492
2934 77 25
2945 77 29
2956 77 703
2967 77 965
2978 77 690
2989 77 504
10 78 313
21 78 519
32 78 873
43 78 58
54 78 926
65 78 361
76 78 995
87 78 888
98 78 887
109 78 658
120 78 304
131 78 860
142 78 548
153 78 245
164 78 894
175 78 695
186 78 157
197 78 269
208 78 234
219 78 815
230 78 730
241 78 126
252 78 614
263 78 632
274 78 949
285 78 829
296 78 774
307 78 785
318 78 330
329 78 693
340 78 977
351 78 627
362 78 839
373 78 785
384 78 794
395 78 301
406 78 825
417 78 996
428 78 442
439 78 505
450 78 599
461 78 570
472 78 914
483 78 548
494 78 822
505 78 435
516 78 127
527 78 163
538 78 638
549 78 620
560 78 12
571 78 111
582 78 887
593 78 3
604 78 693
615 78 218
626 78 844
637 78 392
648 78 162
659 78 83
670 78 335
681 78 374
692 78 743
703 78 839
714 78 609
725 78 760
736 78 51
747 78 569
758 78 218
769 78 409
780 78 173
791 78 654
802 78 96
813 78 935
824 78 325
835 78 555
846 78 874
857 78 246
868 78 915
879 78 90
890 78 212
901 78 232
912 78 54
923 78 850
934 78 905
945 78 138
956 78 781
967 78 679
978 78 926
989 78 670
1000 78 896
1011 78 948
1022 78 270
1033 78 698
1044 78 510
1055 78 103
1066 78 31
1077 78 101
1088 78 624
1099 78 443
1110 78 951
1121 78 523
1132 78 101
1143 78 26
1154 78 337
1165 78 631
1176 78 658
1187 78 128
1198 78 199
1209 78 322
1220 78 665
1231 78 240
1242 78 539
1253 78 942
1264 78 949
1275 78 475
1286 78 164
1297 78 31
1308 78 813
1319 78 155
1330 78 650
1341 78 226
1352 78 113
1363 78 131
1374 78 511
1385 78 817
1396 78 999
1407 78 100
1418 78 945
1429 78 497
1440 78 927
1451 78 773
1462 78 286
1473 78 231
1484 78 273
1495 78 955
1506 78 480
1517 78 36
1528 78 309
1539 78 13
1550 78 296
1561 78 95
1572 78 198
1583 78 893
1594 78 240
1605 78 274
1616 78 494
1627 78 801
1638 78 258
1649 78 409
1660 78 40
1671 78 451
1682 78 869
1693 78 651
1704 78 722
1715 78 401
1726 78 373
1737 78 396
1748 78 572
1759 78 456
1770 78 98
1781 78 153
1792 78 92
1803 78 853
1814 78 936
1825 78 264
1836 78 366
1847 78 661
1858 78 246
1869 78 71
1880 78 903
1891 78 64
1902 78 515
1913 78 619
1924 78 74
1935 78 225
1946 78 537
1957 78 233
1968 78 369
1979 78 693
1990 78 920
2001 78 989
2012 78 544
2023 78 672
2034 78 666
2045 78 918
2056 78 512
2067 78 472
2078 78 520
2089 78 753
2100 78 431
2111 78 660
2122 78 75
2133 78 328
2144 78 595
2155 78 956
2166 78 945
2177 78 114
2188 78 529
2199 78 87
2210 78 509
2221 78 149
2232 78 802
2243 78 420
2254 78 653
2265 78 790
2276 78 902
2287 78 460
2298 78 178
2309 78 74
2320 78 43
2331 78 899
2342 78 840
2353 78 238
2364 78 848
2375 78 631
2386 78 150
2397 78 419
2408 78 501
2419 78 171
2430 78 57
2441 78 244
2452 78 942
2463 78 863
2474 78 942
2485 78 238
2496 78 680
2507 78 867
2518 78 524
2529 78 686
2540 78 788
2551 78 71
2562 78 371
2573 78 348
2584 78 773
2595 78 244
2606 78 374
2617 78 353
2628 78 417
2639 78 667
2650 78 899
2661 78 897
2672 78 560
2683 78 535
2694 78 287
2705 78 81
2716 78 251
2727 78 134
2738 78 757
2749 78 497
2760 78 37
2771 78 314
2782 78 281
2793 78 399
2804 78 344
2815 78 480
2826 78 181
2837 78 865
2848 78 702
2859 78 197
2870 78 603
2881 78 661
2892 78 526
2903 78 653
2914 78 267
2925 78 761
2936 78 238
2947 78 870
2958 78 790
2969 78 689
2980 78 145
2991 78 501
1 79 641
12 79 156
23 79 678
34 79 767
45 79 773
56 79 8
67 79 6
78 79 345
89 79 384
100 79 318
111 79 970
122 79 537
133 79 278
144 79 749
155 79 566
166 79 274
177 79 761
188 79 776
199 79 573
210 79 468
221 79 157
232 79 474
243 79 76
254 79 936
265 79 857
276 79 818
287 79 664
298 79 655
309 79 139
320 79 811
331 79 85
342 79 166
353 79 547
364 79 324
375 79 402
386 79 977
397 79 56
408 79 242
419 79 231
430 79 948
441 79 207
452 79 410
463 79 190
474 79 742
485 79 662
496 79 261
507 79 197
518 79 615
529 79 520
540 79 268
551 79 611
562 79 985
573 79 639
584 79 427
595 79 838
606 79 889
617 79 202
628 79 818
639 79 313
650 79 627
661 79 553
672 79 920
683 79 481
694 79 4
705 79 498
716 79 961
727 79 871
738 79 412
749 79 330
760 79 660
771 79 437
782 79 86
793 79 374
804 79 477
815 79 984
826 79 583
837 79 537
848 79 852
859 79 26
870 79 798
881 79 422
892 79 365
903 79 392
914 79 131
925 79 156
936 79 967
947 79 796
958 79 536
969 79 380
980 79 265
991 79 868
1002 79 27
1013 79 418
1024 79 536
1035 79 296
1046 79 129
1057 79 564
1068 79 894
1079 79 502
1090 79 474
1101 79 391
1112 79 267
1123 79 656
1134 79 902
1145 79 408
1156 79 192
1167 79 315
1178 79 133
1189 79 299
1200 79 35
1211 79 541
1222 79 150
1233 79 647
1244 79 343
1255 79 807
1266 79 865
1277 79 243
1288 79 275
1299 79 36
1310 79 670
1321 79 14
1332 79 66
1343 79 884
1354 79 423
1365 79 436
1376 79 577
1387 79 500
1398 79 513
1409 79 824
1420 79 308
1431 79 359
1442 79 11
1453 79 765
1464 79 215
1475 79 676
1486 79 582
1497 79 156
1508 79 626
1519 79 66
1530 79 288
1541 79 136
1552 79 151
1563 79 987
1574 79 458
1585 79 818
1596 79 946
1607 79 476
1618 79 654
1629 79 250
1640 79 335
1651 79 539
1662 79 118
1673 79 37
1684 79 832
1695 79 750
1706 79 740
1717 79 982
1728 79 890
1739 79 892
1750 79 201
1761 79 560
1772 79 524
1783 79 744
1794 79 406
1805 79 760
1816 79 907
1827 79 993
1838 79 429
1849 79 661
1860 79 804
1871 79 633
1882 79 315
1893 79 803
1904 79 980
1915 79 893
1926 79 440
1937 79 571
1948 79 612
1959 79 130
1970 79 923
1981 79 605
1992 79 278
2003 79 704
2014 79 578
2025 79 733
2036 79 565
2047 79 395
2058 79 559
2069 79 611
2080 79 696
2091 79 64
2102 79 334
2113 79 601
2124 79 883
2135 79 711
2146 79 951
2157 79 539
2168 79 997
2179 79 522
2190 79 269
2201 79 606
2212 79 920
2223 79 439
2234 79 25
2245 79 980
2256 79 166
2267 79 582
2278 79 511
2289 79 930
2300 79 726
2311 79 395
2322 79 532
2333 79 581
2344 79 203
2355 79 768
2366 79 485
2377 79 354
2388 79 877
2399 79 78
2410 79 262
2421 79 965
2432 79 359
2443 79 741
2454 79 306
2465 79 856
2476 79 134
2487 79 158
2498 79 162
2509 79 286
2520 79 360
2531 79 411
2542 79 361
2553 79 410
2564 79 75
2575 79 977
2586 79 609
2597 79 517
2608 79 837
2619 79 53
2630 79 691
2641 79 148
2652 79 446
2663 79 575
2674 79 528
2685 79 211
2696 79 16
2707 79 380
2718 79 949
2729 79 706
2740 79 550
2751 79 635
2762 79 989
2773 79 412
2784 79 665
2795 79 127
2806 79 803
2817 79 96
2828 79 165
2839 79 479
2850 79 642
2861 79 768
2872 79 224
2883 79 936
2894 79 172
2905 79 668
2916 79 860
2927 79 718
2938 79 800
2949 79 862
2960 79 964
2971 79 872
2982 79 335
2993 79 130