3000 80 54141 15 2000
187 438 215 161 373 217 319 67 394 361 77 330 93 311 488 483 442 339 158 239 76 128 299 213 112 100 388 316 78 396 194 359 307 340 178 86 14 24 167 131 445 339 353 140 298 182 49 489 500 211 45 140 350 453 287 472 47 403 321 438 27 64 129 134 82 272 259 130 65 321 110 446 258 173 235 47 125 253 132 250 216 178 390 141 79 405 430 273 483 80 145 95 27 176 388 462 436 311 399 336 326 312 265 21 423 75 135 393 23 173 170 155 366 445 290 87 128 322 111 472 310 397 419 308 409 163 428 135 474 130 418 36 480 341 150 461 210 208 220 283 84 459 453 493 89 226 224 64 34 360 307 477 291 231 53 313 484 479 498 328 129 181 343 141 133 362 294 326 135 156 473 278 220 268 309 319 480 98 411 403 36 165 91 224 388 271 443 227 451 401 188 458 338 84 487 124 250 337 249 299 416 451 479 433 82 442 95 316 476 305 181 487 317 385 387 385 31 107 376 102 214 385 299 116 326 398 203 475 374 288 124 334 152 301 303 81 178 408 490 54 473 82 405 73 281 160 327 237 336 314 422 35 196 205 31 488 111 455 304 470 54 326 407 68 233 84 242 97 498 86 498 265 464 357 487 491 157 198 441 106 98 364 336 270 38 372 44 160 349 189 143 197 161 148 292 482 126 407 279 411 148 375 50 179 488 213 72 482 352 129 190 32 242 299 443 444 320 264 178 473 394 201 93 17 119 364 154 436 334 170 195 273 30 307 411 139 279 295 212 491 187 208 19 162 488 241 251 201 500 96 153 54 346 488 29 132 498 209 32 373 389 295 91 340 459 380 447 445 113 137 239 296 484 67 75 26 264 146 353 320 262 275 424 88 485 459 115 331 385 466 63 57 281 414 140 298 65 348 383 395 146 121 412 38 426 261 237 281 339 264 178 358 97 197 34 181 257 465 324 206 135 66 274 177 418 210 48 439 454 100 473 351 408 60 473 335 411 410 297 81 210 249 265 477 78 203 281 243 113 133 70 354 151 172 54 52 359 471 469 19 460 111 294 154 190 477 107 95 188 177 219 297 319 116 476 312 199 176 336 411 294 45 96 388 81 141 211 127 450 41 74 115 285 139 277 220 238 205 409 257 249 357 441 338 429 138 116 241 346 365 253 101 311 55 377 476 373 409 305 173 326 420 101 57 346 182 359 105 152 74 475 458 185 290 112 260 173 452 169 113 213 140 470 32 366 258 250 322 252 12 131 295 314 486 461 106 392 467 270 88 170 199 133 227 270 178 221 335 497 89 81 485 157 65 108 474 410 346 224 340 295 237 373 373 329 99 437 181 327 60 118 51 357 457 414 317 336 21 317 347 153 144 271 85 138 114 125 307 64 408 172 26 282 253 13 196 478 387 373 131 133 32 411 442 364 405 319 445 377 20 320 31 384 423 216 65 325 316 371 99 412 85 336 211 56 312 303 155 94 245 182 316 457 469 118 33 69 263 115 323 452 439 363 124 322 255 278 399 217 149 147 336 48 282 496 387 478 373 259 387 228 414 343 384 321 341 68 207 446 259 471 406 308 198 266 99 105 169 98 110 64 373 427 272 31 46 387 176 139 192 334 12 167 20 181 75 407 226 308 81 467 88 331 469 234 20 219 320 43 43 103 166 311 279 430 199 483 445 428 395 226 172 90 302 301 465 294 355 403 270 401 442 98 322 100 307 325 45 318 155 238 310 311 489 132 43 129 290 70 129 258 262 472 152 171 83 383 400 462 449 238 457 435 77 216 144 403 61 280 432 491 419 81 98 156 304 205 236 129 385 277 495 238 18 457 210 270 209 63 336 51 375 291 324 159 14 387 479 34 14 27 116 411 388 72 399 98 232 258 320 439 396 11 369 232 487 21 186 169 171 267 340 164 85 368 238 254 60 423 12 108 430 423 200 194 257 111 303 250 90 451 410 42 376 344 61 131 343 159 215 282 95 235 304 192 299 142 276 322 412 152 364 497 327 304 226 315 358 130 461 368 248 273 478 323 328 231 148 133 479 431 401 84 481 444 125 358 485 102 137 165 215 481 80 10 201 300 226 150 318 356 58 259 475 220 98 62 82 170 446 82 418 69 198 294 196 333 338 376 461 214 191 341 454 203 387 427 467 125 24 132 444 435 227 122 99 430 150 397 215 26 152 94 425 449 101 115 27 473 127 442 294 45 366 485 328 11 463 156 166 442 96 39 41 434 414 81 375 50 123 267 284 33 347 441 419 138 463 237 295 311 425 129 465 312 462 233 284 454 37 342 313 244 146 226 98 445 50 343 10 67 232 218 395 287 341 234 241 263 206 251 306 410 205 68 173 120 414 443 103 280 368 477 37 225 189 255 77 110 32 215 163 127 441 360 331 388 78 151 451 300 333 144 135 247 442 184 13 98 43 190 394 351 66 339 307 260 426 478 213 216 216 466 60 217 418 357 373 454 376 288 427 313 330 442 466 316 345 493 63 291 188 42 422 283 197 246 32 327 185 15 74 279 90 308 35 125 328 102 14 334 109 468 84 232 37 210 395 223 462 178 323 177 401 430 253 147 308 229 427 403 91 228 317 323 340 277 198 298 61 237 449 391 154 371 141 498 109 35 215 90 214 484 145 83 47 354 237 419 296 435 167 297 271 97 239 460 67 386 140 228 124 421 297 406 394 174 68 186 383 295 54 284 277 444 227 225 138 433 33 100 198 383 205 363 103 219 404 39 44 190 246 62 299 200 329 279 32 490 249 206 111 498 330 14 114 286 145 109 341 181 222 331 227 47 185 240 369 194 232 221 58 388 222 418 434 244 294 115 156 233 175 29 474 380 456 454 159 204 410 463 58 312 198 171 260 121 283 460 72 109 100 397 441 156 234 206 402 393 184 234 28 66 390 111 481 302 130 481 170 281 96 181 115 448 445 409 13 371 413 82 135 76 485 307 91 106 263 474 93 86 453 174 319 227 133 450 392 427 262 306 212 356 316 409 381 13 48 104 168 40 51 121 199 241 478 348 461 459 103 199 385 378 317 165 480 449 249 49 500 458 215 87 180 328 250 367 235 57 336 144 283 181 214 53 64 434 246 144 427 484 470 40 296 97 156 52 475 38 53 149 241 204 140 470 26 485 216 29 163 174 485 206 335 392 145 137 415 459 318 33 57 489 500 189 129 304 308 367 312 397 280 18 160 334 34 105 51 68 117 43 453 301 461 313 12 45 65 457 497 319 254 424 481 333 419 173 211 54 50 275 379 481 205 115 351 98 331 292 265 227 207 86 299 106 35 422 361 316 233 126 427 418 295 252 416 433 29 178 101 108 411 257 26 86 161 212 367 493 388 194 250 88 358 463 56 231 113 419 441 27 65 382 329 187 51 11 400 461 311 376 77 425 49 291 196 484 100 309 256 53 480 362 456 170 121 434 211 127 259 323 313 156 454 79 155 279 13 306 334 232 239 268 487 415 288 39 141 113 453 174 223 466 91 75 267 418 444 482 96 159 291 298 494 24 109 55 226 495 399 482 80 324 65 472 140 189 377 103 348 131 284 219 63 244 461 432 57 107 414 355 191 129 51 64 400 125 356 279 90 470 499 205 461 258 247 157 25 264 110 349 75 206 32 466 206 289 239 225 133 410 493 306 175 275 136 100 239 127 312 147 78 92 333 310 73 347 422 20 12 471 120 464 43 418 496 362 57 204 257 41 271 146 469 453 358 50 26 361 256 290 232 184 227 382 25 430 257 284 492 274 398 443 224 370 185 292 352 388 36 82 145 378 118 369 406 40 164 106 419 170 13 135 344 263 472 423 323 312 214 115 325 474 43 464 214 394 269 115 228 290 293 228 390 209 21 93 207 256 43 469 449 357 198 396 440 247 197 242 410 52 276 33 337 21 241 78 30 345 251 390 268 418 322 408 285 314 143 442 252 251 153 478 140 335 351 174 76 288 227 238 144 415 118 295 246 479 362 17 461 410 145 295 219 366 154 307 395 69 409 29 75 492 448 474 318 450 263 288 421 279 154 58 93 407 452 276 470 251 90 193 401 22 14 472 462 78 199 425 388 131 213 360 186 132 177 432 264 90 17 496 41 444 147 175 478 160 461 460 340 145 51 10 45 402 246 451 446 415 120 72 286 437 206 498 206 61 250 415 169 101 71 159 346 260 35 378 439 371 193 152 325 29 101 404 331 383 401 260 56 343 317 474 446 236 284 449 217 407 193 49 408 236 357 46 353 364 238 37 83 348 35 462 472 128 303 134 144 378 425 403 384 201 303 203 445 114 28 406 464 290 165 248 439 248 442 154 220 313 65 340 46 273 89 326 406 404 160 111 428 157 380 396 256 66 370 197 287 32 495 332 447 255 36 41 461 481 215 447 320 117 457 195 407 477 478 211 453 75 252 169 30 140 317 419 257 88 183 479 367 92 363 410 328 230 89 265 109 225 211 57 68 18 479 477 453 36 426 62 438 223 463 340 242 253 494 441 185 11 44 35 96 418 310 13 142 246 472 93 236 491 402 335 352 36 133 462 53 24 257 319 57 82 145 383 128 14 256 193 311 380 331 447 430 382 20 275 275 98 32 210 256 54 276 243 252 53 341 419 399 366 215 71 438 234 144 123 375 444 450 230 317 73 118 426 44 399 322 155 160 99 85 157 398 458 313 333 200 457 208 375 154 208 73 257 487 266 242 16 71 74 342 418 339 98 352 351 381 123 17 86 355 386 50 44 496 356 448 99 260 374 383 392 335 268 456 195 393 449 203 133 250 152 376 318 452 385 293 135 401 106 206 412 429 179 167 206 458 38 334 181 472 307 301 97 289 456 465 320 496 206 268 51 339 374 497 348 72 281 168 452 179 366 420 34 277 209 299 261 281 460 370 208 213 419 188 58 189 426 401 439 63 450 59 414 352 203 56 307 85 159 339 17 163 103 57 452 488 240 167 161 140 355 211 394 465 439 293 280 123 180 92 474 371 80 299 332 452 470 128 130 335 34 334 159 393 122 198 132 488 263 267 304 45 38 420 381 144 273 140 444 370 459 150 324 197 401 216 419 201 190 344 235 364 345 172 444 181 288 328 18 41 90 66 411 103 346 352 271 287 368 185 14 452 296 267 433 309 30 476 339 188 468 164 435 74 359 231 373 455 85 12 435 324 111 102 82 151 268 207 497 181 11 304 27 292 173 459 176 120 409 251 389 479 200 452 328 414 366 163 254 256 269 142 224 340 343 216 491 488 296 492 192 96 25 335 308 274 23 42 191 30 435 319 191 198 312 451 61 468 56 247 214 339 70 260 412 378 59 314 297 480 384 169 49 125 152 321 24 341 185 475 77 280 165 292 410 488 414 127 15 289 130 331 13 242 309 93 193 195 277 181 64 244 177 49 180 100 181 483 499 449 433 17 42 272 491 220 211 467 335 407 241 444 179 358 327 114 308 97 404 47 329 160 435 254 466 392 223 356 464 325 146 170 300 465 103 67 191 64 41 191 164 126 23 51 418 419 396 230 235 403 326 240 446 220 259 143 358 160 411 124 175 181 125 212 104 184 303 59 116 18 27 98 83 81 405 36 213 126 32 190 457 76 346 192 373 272 226 152 311 442 424 314 164 227 384 468 96 210 105 498 134 128 155 457 11 46 241 21 71 248 232 275 60 441 77 335 85 91 269 72 135 369 27 83 85 64 490 370 481 441 46 51 258 322 329 244 396 310 291 343 71 245 260 379 248 154 124 454 89 441 382 381 443 59 164 368 297 481 255 246 149 406 72 458 290 398 77 500 276 58 300 230 298 462 408 444 153 185 333 175 44 228 371 495 452 440 286 180 240 171 314 381 393 126 383 384 327 216 339 83 437 113 139 189 293 292 130 310 71 250 255 64 238 189 174 79 401 348 80 295 349 10 154 148 81 123 392 463 190 149 144 370 292 67 455 286 51 264 161 279 97 435 82 498 448 189 261 234 371 157 113 382 20 329 460 189 226 117 460 276 287 164 59 167 90 327 96 178 322 306 256 441 151 482 276 322 467 65 44 318 186 459 323 240 109 494 342 103 43 199 287 72 483 460 241 479 166 371 55 76 71 142 459 276 499 109 124 269 198 244 160 106 68 470 312 331 254 324 441 132 288 469 299 54 63 372 130 262 477 78 116 142 133 430 54 306 206 359 397 283 256 389 275 77 119 225 355 421 31 359 387 387 481 83 462 133 379 460 54 359 98 170 395 295 216 69 349 254 107 231 15 309 266 487 435 415 422 156 395 159 21 500 453 132 154 97 417 136 263 14 371 31 288 368 432 68 386 218 82 370 88 75 296 217 92 72 119 280 397 49 227 146 211 210 300 50 277 375 468 353 163 295 275 412 68 47 267 225 186 283 484 341 26 167 178 288 475 12 10 148 488 195 65 416 320 268 297 75 28 103 126 401 95 213 306 163 447 337 454 144 114 130 193 141 447 117 353 426 261 284 442 221 29 213 453 480 238 147 12 80 104 49 489 160 202 210 362 162 216 336 353 483 348 35 74 51 455 208 108 150 242 116 423 418 296 428 216 301 412 228 123 239 404 53 386 393 341 445 489 327 195 451 369 128 129 243 174 401 454 298 114 230 328 337 460 437 131 113 214 148 45 459 330 444 393 16 276 436 185 346 242 320 135 94 499 184 304 277 86 353 313 202 205 479 25 296 468 420 126 10 325 52 210 78 192 451 265 310 132 116 288 297 199 284 398 244 441 57 452 374 151 192 177 185 147 275 457 401 493 149 462 403 75 31 194 202 54 193
341 11
1 316
2 216
4 265
5 127
7 63
9 81
10 65
11 98
12 309
13 172
14 165
126 12
0 82
1 123
3 111
4 69
5 96
7 104
8 67
9 26
10 4
11 82
13 23
14 72
383 10
0 205
2 304
6 336
7 154
8 32
9 275
10 292
11 174
13 49
14 141
574 13
0 213
1 456
2 179
3 269
4 150
5 476
6 89
7 304
8 252
9 336
10 380
13 286
14 420
378 11
0 48
1 96
2 282
3 106
5 48
6 124
8 342
9 300
10 43
12 151
13 97
654 9
0 436
1 271
2 66
8 104
9 192
10 345
11 193
12 270
14 233
342 13
1 198
2 213
3 263
4 94
5 189
6 47
7 274
8 303
9 126
10 74
11 324
13 337
14 103
201 14
0 146
1 156
2 191
3 193
4 42
5 4
6 166
8 191
9 104
10 103
11 101
12 23
13 195
14 79
384 14
0 197
1 281
2 60
3 171
4 191
5 377
6 143
7 153
8 320
9 15
10 307
11 239
13 332
14 292
468 11
0 275
2 60
3 280
5 354
7 143
8 69
9 261
11 62
12 97
13 433
14 147
225 12
0 68
1 120
3 86
4 107
5 29
6 152
7 15
8 81
9 18
11 83
12 123
13 168
144 12
0 24
1 137
2 72
3 3
4 140
5 1
7 63
8 121
11 103
12 29
13 37
14 52
446 12
1 163
3 120
4 138
5 269
6 55
7 266
8 421
9 406
10 345
12 287
13 8
14 90
349 14
0 238
1 348
3 174
4 183
5 13
6 24
7 162
8 266
9 77
10 206
11 180
12 41
13 113
14 224
271 13
0 266
1 147
2 167
3 217
4 221
5 178
6 171
8 219
9 200
10 231
12 230
13 29
14 9
317 11
0 268
1 50
3 270
4 9
7 152
8 222
9 293
10 76
11 79
13 27
14 196
278 12
0 248
1 157
2 54
4 252
5 14
6 13
7 247
8 177
9 44
10 268
11 192
14 140
835 11
0 125
1 421
2 404
3 206
4 266
6 266
7 264
9 133
10 228
12 40
14 113
584 13
1 140
2 151
3 119
4 334
5 115
6 229
7 396
8 493
9 3
10 496
11 71
12 396
14 180
253 12
0 156
1 242
3 114
5 229
6 153
7 29
8 181
10 197
11 4
12 48
13 58
14 78
453 10
0 185
2 113
3 357
5 111
6 78
7 143
8 177
9 222
12 44
14 75
574 14
0 105
1 381
2 370
3 275
4 375
5 297
6 115
7 53
8 194
9 195
11 46
12 222
13 372
14 371
102 14
0 36
1 71
2 99
3 82
4 43
5 99
6 97
7 40
8 99
9 92
10 29
12 83
13 67
14 3
131 14
0 26
1 81
2 88
3 80
4 99
5 61
6 15
8 79
9 120
10 77
11 123
12 107
13 26
14 3
569 13
0 299
1 452
2 83
3 6
5 307
6 186
8 80
9 369
10 97
11 127
12 354
13 49
14 130
787 11
0 139
2 320
3 330
4 463
6 396
7 426
8 169
9 179
11 455
12 404
14 242
696 12
0 218
1 3
2 354
3 390
4 117
6 496
7 16
9 145
10 134
12 442
13 226
14 181
550 11
1 395
2 27
3 5
4 68
5 189
7 61
8 493
9 318
12 211
13 316
14 214
396 15
0 59
1 64
2 6
3 256
4 331
5 372
6 58
7 299
8 288
9 14
10 182
11 288
12 167
13 392
14 53
467 13
0 463
1 335
2 360
3 242
4 235
5 441
6 185
7 135
8 393
10 112
11 54
12 281
13 313
546 10
0 313
2 148
4 106
5 258
6 211
8 14
9 355
10 167
11 139
13 203
384 12
1 235
2 256
3 340
4 9
5 276
6 331
7 132
8 310
10 283
11 42
12 228
13 85
421 10
1 8
2 47
3 279
4 64
6 350
7 366
8 197
9 163
12 168
14 25
344 12
0 262
1 313
2 297
3 332
5 258
6 313
7 93
8 66
10 340
11 132
13 95
14 207
640 12
0 487
1 191
2 276
3 437
4 207
6 67
7 468
8 85
10 287
12 25
13 173
14 296
731 12
0 436
1 258
2 91
3 219
4 308
6 132
7 175
8 146
9 435
12 260
13 457
14 156
558 11
0 300
3 350
4 252
5 326
6 85
8 228
9 120
10 125
12 300
13 307
14 347
427 10
0 14
2 14
5 164
6 370
7 241
8 325
9 161
11 342
12 162
14 143
988 14
0 457
1 99
2 452
3 433
4 278
5 431
6 187
7 231
8 189
9 112
10 31
11 172
13 358
14 148
151 14
0 62
1 79
2 112
3 130
5 110
6 101
7 77
8 45
9 59
10 37
11 66
12 143
13 28
14 134
686 13
0 144
1 275
2 445
3 159
5 345
7 260
8 4
9 303
10 43
11 396
12 285
13 281
14 229
478 12
0 378
1 27
2 249
3 133
4 158
5 50
7 474
9 96
10 414
11 385
12 107
13 260
572 12
0 273
3 194
4 367
5 440
6 220
8 478
9 105
10 9
11 363
12 438
13 259
14 22
856 13
0 398
1 400
2 86
3 127
4 149
5 154
6 100
7 205
8 153
9 55
10 306
11 35
12 176
930 15
0 154
1 347
2 456
3 482
4 70
5 401
6 74
7 113
8 249
9 395
10 241
11 121
12 44
13 110
14 116
238 13
0 128
1 53
3 24
4 182
5 161
6 186
7 66
8 150
9 149
10 8
12 229
13 6
14 48
887 11
0 448
1 183
2 103
4 63
5 207
6 260
8 7
9 225
10 173
11 182
13 187
822 12
0 95
1 12
2 493
3 493
5 260
6 128
7 488
8 352
9 55
10 212
12 374
14 139
544 11
0 182
1 280
3 299
4 193
5 230
6 236
7 396
8 249
9 139
13 114
14 70
388 14
0 291
1 78
2 79
3 197
4 295
5 7
7 158
8 342
9 254
10 298
11 131
12 97
13 15
14 203
304 13
0 160
1 147
2 199
3 292
4 231
5 260
6 215
7 130
8 45
9 296
11 103
12 152
14 39
724 13
0 429
1 105
2 76
3 46
4 231
7 289
8 474
9 439
10 123
11 410
12 248
13 182
14 402
874 9
0 398
2 234
3 249
4 411
6 214
9 312
10 90
12 118
14 31
576 12
1 61
3 278
4 53
5 229
6 180
8 184
9 389
10 356
11 307
12 287
13 415
14 22
214 13
0 20
1 23
2 126
4 164
5 168
6 213
8 66
9 107
10 3
11 66
12 113
13 73
14 78
989 14
1 329
2 421
3 62
4 256
5 288
6 450
7 144
8 260
9 285
10 227
11 451
12 482
13 141
14 178
818 12
0 481
1 300
2 58
3 322
4 351
5 25
8 175
9 32
10 469
11 456
12 472
14 300
402 14
1 27
2 13
3 142
4 109
5 160
6 159
7 136
8 197
9 349
10 314
11 314
12 272
13 26
14 145
138 13
0 82
1 64
2 79
3 27
4 109
5 123
6 7
7 88
8 57
10 37
11 48
12 114
13 64
220 11
0 120
1 77
3 98
4 27
6 106
7 201
8 87
10 184
11 161
12 129
13 170
440 12
0 105
1 421
2 16
4 342
5 109
6 410
9 372
10 79
11 251
12 46
13 11
14 180
833 12
0 423
2 467
3 325
4 297
5 179
7 205
8 21
9 155
10 16
11 186
12 215
13 173
646 11
0 111
1 366
3 418
4 197
5 238
7 484
8 142
10 268
11 266
12 191
14 366
334 13
0 176
1 134
2 193
3 72
4 260
5 115
6 82
8 81
9 278
10 229
12 134
13 64
14 73
356 13
0 80
1 177
2 130
3 70
4 95
5 269
6 177
7 247
9 65
10 245
11 246
12 268
14 37
424 12
0 387
1 244
3 289
4 184
6 61
7 157
9 268
10 274
11 187
12 422
13 82
14 61
871 15
0 456
1 202
2 27
3 227
4 318
5 282
6 165
7 495
8 3
9 394
10 152
11 418
12 265
13 441
14 388
695 11
0 280
1 286
3 226
4 448
5 93
6 33
8 9
9 66
12 381
13 217
14 77
931 13
0 240
2 336
3 219
4 476
5 449
6 166
7 21
8 60
9 198
10 384
12 378
13 267
14 190
880 10
0 129
1 87
3 52
4 347
6 191
7 112
8 75
9 181
11 9
13 496
386 13
0 187
1 6
3 259
4 174
5 72
6 33
7 336
8 156
9 192
10 332
12 166
13 362
14 354
734 12
0 344
1 167
2 139
3 250
4 377
5 88
6 216
7 79
8 62
9 26
12 229
14 392
350 9
1 216
2 324
3 332
4 292
6 63
7 245
8 135
11 309
14 48
319 15
0 296
1 176
2 101
3 206
4 112
5 212
6 103
7 218
8 287
9 120
10 126
11 172
12 266
13 65
14 120
658 10
0 275
4 170
5 402
6 156
7 44
8 383
9 86
10 345
11 163
14 92
605 14
0 12
1 214
2 232
3 313
4 184
6 294
7 65
8 157
9 13
10 197
11 158
12 136
13 459
14 210
921 12
2 392
3 456
4 421
5 308
6 312
8 115
9 356
10 74
11 300
12 354
13 127
14 372
632 14
0 122
1 117
2 51
3 483
4 171
5 495
7 394
8 450
9 500
10 187
11 46
12 65
13 243
14 279
699 11
0 171
1 446
3 465
4 175
5 11
6 31
8 262
9 9
10 78
11 104
13 423
132 11
1 20
2 89
3 59
5 27
6 82
9 112
10 42
11 91
12 105
13 131
14 2
0 0 294
3 0 292
6 0 281
9 0 275
10 0 284
11 0 308
14 0 298
15 0 304
17 0 278
21 0 323
23 0 299
25 0 330
26 0 304
33 0 298
34 0 311
36 0 298
38 0 291
40 0 296
41 0 280
42 0 320
43 0 295
48 0 305
51 0 298
56 0 303
57 0 294
59 0 282
61 0 304
63 0 289
71 0 284
74 0 289
75 0 276
82 0 269
83 0 274
84 0 285
86 0 292
88 0 274
89 0 296
91 0 293
94 0 275
95 0 308
96 0 278
98 0 311
101 0 317
103 0 318
104 0 282
106 0 270
110 0 280
111 0 255
114 0 255
115 0 279
118 0 288
119 0 284
121 0 281
123 0 274
126 0 260
128 0 288
130 0 287
132 0 291
134 0 271
137 0 302
139 0 287
141 0 257
142 0 251
143 0 274
147 0 282
149 0 282
151 0 251
153 0 283
156 0 270
157 0 265
163 0 292
165 0 242
166 0 292
170 0 277
176 0 284
179 0 280
182 0 236
183 0 274
187 0 270
188 0 254
189 0 292
194 0 278
195 0 253
196 0 246
197 0 257
201 0 261
204 0 233
205 0 283
209 0 262
212 0 236
220 0 235
221 0 246
223 0 265
225 0 250
226 0 250
229 0 264
232 0 278
236 0 273
238 0 252
239 0 248
242 0 235
243 0 255
247 0 221
248 0 236
249 0 261
253 0 256
255 0 262
257 0 264
258 0 247
262 0 254
264 0 276
265 0 267
266 0 234
267 0 248
268 0 249
270 0 240
273 0 232
276 0 250
279 0 248
283 0 242
285 0 238
286 0 214
287 0 253
289 0 227
290 0 237
293 0 221
296 0 252
298 0 261
310 0 256
312 0 254
314 0 256
315 0 255
316 0 207
317 0 255
320 0 267
322 0 257
323 0 248
324 0 261
329 0 235
330 0 249
331 0 252
332 0 227
334 0 229
335 0 225
339 0 247
340 0 270
341 0 230
352 0 246
353 0 231
354 0 242
355 0 250
358 0 230
359 0 247
364 0 237
367 0 239
369 0 221
373 0 229
384 0 237
385 0 228
386 0 223
387 0 234
389 0 206
390 0 217
393 0 213
396 0 209
398 0 242
399 0 227
401 0 241
403 0 263
407 0 222
409 0 218
410 0 200
414 0 202
417 0 208
420 0 237
422 0 225
425 0 195
426 0 204
428 0 214
431 0 220
440 0 222
442 0 223
444 0 231
447 0 230
448 0 214
449 0 200
451 0 202
453 0 209
455 0 200
456 0 218
458 0 207
459 0 215
460 0 207
464 0 198
469 0 218
471 0 233
472 0 203
473 0 199
474 0 230
477 0 216
479 0 211
481 0 195
485 0 236
489 0 212
494 0 211
496 0 219
497 0 216
499 0 210
505 0 197
507 0 218
510 0 200
512 0 210
513 0 215
514 0 183
515 0 211
518 0 204
520 0 191
523 0 198
529 0 208
532 0 195
536 0 215
538 0 198
540 0 214
548 0 207
553 0 188
557 0 211
563 0 198
564 0 206
566 0 208
575 0 192
577 0 200
579 0 198
580 0 233
581 0 214
584 0 185
585 0 181
586 0 197
588 0 204
589 0 199
590 0 206
591 0 206
595 0 194
597 0 191
599 0 202
601 0 191
602 0 184
606 0 181
609 0 193
611 0 189
619 0 207
622 0 187
626 0 197
627 0 201
628 0 165
632 0 205
634 0 185
636 0 205
638 0 209
639 0 189
642 0 157
646 0 213
651 0 191
652 0 180
654 0 184
656 0 187
657 0 183
659 0 175
660 0 203
662 0 184
663 0 199
668 0 192
669 0 185
670 0 205
673 0 187
674 0 188
675 0 160
678 0 181
683 0 183
689 0 183
690 0 190
693 0 188
694 0 162
709 0 189
712 0 168
714 0 176
715 0 185
722 0 185
724 0 179
725 0 179
732 0 164
739 0 181
741 0 157
744 0 150
746 0 180
747 0 190
754 0 152
755 0 188
757 0 180
759 0 142
760 0 191
761 0 155
769 0 167
770 0 142
772 0 167
778 0 156
782 0 179
784 0 182
786 0 178
791 0 131
792 0 148
795 0 144
798 0 161
800 0 169
801 0 155
803 0 160
804 0 178
809 0 172
810 0 141
811 0 155
815 0 173
817 0 183
823 0 144
824 0 139
827 0 160
830 0 144
832 0 159
840 0 166
842 0 142
847 0 162
850 0 157
851 0 161
852 0 162
853 0 146
862 0 145
864 0 148
865 0 160
867 0 152
869 0 158
871 0 161
873 0 135
875 0 157
876 0 161
881 0 155
883 0 144
888 0 164
891 0 143
893 0 175
894 0 169
895 0 142
898 0 158
905 0 145
906 0 151
913 0 185
924 0 150
925 0 133
929 0 158
942 0 130
944 0 135
948 0 141
950 0 144
953 0 137
954 0 134
959 0 131
960 0 134
964 0 138
967 0 144
970 0 171
975 0 150
976 0 134
982 0 134
983 0 140
985 0 146
987 0 128
992 0 152
994 0 125
1000 0 144
1002 0 135
1006 0 144
1014 0 122
1025 0 136
1026 0 145
1028 0 143
1031 0 136
1035 0 141
1036 0 141
1038 0 116
1040 0 136
1052 0 130
1053 0 116
1054 0 119
1056 0 129
1057 0 115
1062 0 116
1066 0 131
1076 0 119
1084 0 128
1085 0 128
1088 0 124
1097 0 131
1104 0 136
1120 0 137
1121 0 126
1122 0 110
1124 0 124
1126 0 101
1127 0 130
1130 0 117
1131 0 109
1134 0 119
1139 0 137
1150 0 110
1152 0 123
1153 0 124
1159 0 121
1162 0 109
1164 0 122
1173 0 109
1175 0 104
1177 0 104
1184 0 117
1185 0 111
1190 0 105
1195 0 105
1198 0 115
1200 0 128
1205 0 98
1206 0 112
1218 0 103
1223 0 109
1224 0 110
1225 0 104
1227 0 115
1230 0 114
1231 0 119
1234 0 118
1248 0 103
1252 0 120
1274 0 103
1277 0 101
1279 0 98
1284 0 126
1295 0 93
1297 0 98
1302 0 86
1303 0 108
1304 0 104
1310 0 99
1315 0 94
1318 0 91
1320 0 110
1322 0 87
1337 0 111
1338 0 93
1350 0 94
1357 0 76
1359 0 103
1360 0 94
1364 0 94
1373 0 105
1374 0 89
1384 0 82
1387 0 96
1389 0 99
1400 0 85
1402 0 82
1408 0 102
1411 0 77
1426 0 92
1430 0 85
1439 0 95
1445 0 88
1446 0 86
1454 0 84
1456 0 90
1464 0 73
1466 0 71
1471 0 83
1475 0 81
1490 0 87
1492 0 89
1497 0 84
1499 0 69
1506 0 84
1519 0 76
1524 0 88
1529 0 72
1542 0 69
1553 0 69
1559 0 68
1562 0 67
1567 0 78
1569 0 67
1570 0 68
1575 0 65
1576 0 77
1580 0 78
1591 0 60
1601 0 62
1606 0 69
1608 0 76
1615 0 63
1617 0 52
1619 0 82
1620 0 64
1621 0 71
1625 0 70
1633 0 66
1634 0 63
1645 0 81
1655 0 74
1661 0 66
1664 0 68
1665 0 52
1673 0 70
1677 0 51
1686 0 69
1688 0 64
1690 0 60
1697 0 50
1699 0 61
1706 0 55
1709 0 45
1712 0 51
1717 0 62
1730 0 49
1736 0 65
1741 0 52
1750 0 45
1754 0 65
1757 0 56
1761 0 63
1770 0 47
1778 0 45
1783 0 50
1788 0 60
1792 0 39
1799 0 53
1810 0 58
1813 0 53
1829 0 56
1830 0 51
1837 0 50
1839 0 45
1842 0 50
1843 0 49
1851 0 43
1853 0 49
1854 0 45
1866 0 45
1872 0 37
1873 0 49
1874 0 44
1876 0 46
1882 0 22
1887 0 43
1896 0 60
1897 0 42
1901 0 37
1909 0 38
1914 0 46
1916 0 43
1925 0 37
1934 0 40
1958 0 35
1970 0 38
1973 0 38
1985 0 31
1987 0 37
1990 0 35
1996 0 41
1998 0 38
2001 0 31
2013 0 39
2014 0 44
2020 0 29
2031 0 39
2036 0 37
2043 0 33
2072 0 32
2078 0 22
2084 0 29
2110 0 33
2113 0 37
2115 0 28
2116 0 33
2120 0 35
2121 0 39
2125 0 23
2128 0 24
2133 0 25
2145 0 30
2150 0 22
2155 0 21
2164 0 33
2167 0 25
2169 0 32
2174 0 29
2179 0 28
2206 0 23
2213 0 18
2220 0 20
2236 0 27
2250 0 28
2254 0 17
2255 0 24
2260 0 25
2265 0 34
2272 0 23
2285 0 15
2310 0 20
2315 0 26
2319 0 24
2331 0 20
2347 0 13
2350 0 13
2373 0 18
2376 0 14
2380 0 14
2383 0 8
2401 0 15
2416 0 15
2418 0 10
2435 0 19
2442 0 10
2447 0 19
2449 0 18
2465 0 5
2481 0 6
2485 0 17
2503 0 9
2504 0 9
2506 0 10
2507 0 13
2516 0 13
2520 0 2
2521 0 10
2526 0 9
2527 0 13
2545 0 11
2556 0 12
2575 0 11
2580 0 7
2581 0 4
2592 0 11
2594 0 9
2615 0 7
2626 0 9
2642 0 8
2651 0 4
2671 0 7
2678 0 2
2685 0 5
2695 0 5
2696 0 5
2719 0 5
2722 0 3
2726 0 3
2746 0 4
2750 0 3
2752 0 5
2760 0 4
2768 0 2
2777 0 3
2780 0 4
2783 0 1
2785 0 4
2794 0 2
2799 0 1
2812 0 2
2817 0 1
2822 0 4
2844 0 4
2848 0 4
2850 0 2
2868 0 1
2872 0 2
2874 0 4
2875 0 2
2909 0 2
2920 0 1
2923 0 1
2924 0 1
2929 0 1
2943 0 1
2958 0 1
2979 0 1
2987 0 1
2991 0 1
1 1 307
3 1 283
5 1 301
6 1 275
7 1 316
18 1 284
20 1 309
22 1 287
23 1 305
26 1 336
27 1 266
28 1 296
34 1 313
35 1 300
39 1 286
41 1 297
44 1 308
45 1 284
46 1 301
49 1 293
52 1 289
53 1 310
55 1 284
56 1 281
59 1 279
64 1 282
71 1 261
73 1 322
74 1 317
75 1 267
82 1 295
83 1 265
84 1 279
85 1 271
86 1 306
88 1 297
90 1 293
95 1 282
98 1 285
100 1 266
105 1 313
108 1 240
109 1 267
110 1 295
111 1 244
113 1 262
114 1 253
117 1 273
119 1 275
127 1 266
130 1 281
132 1 313
133 1 289
134 1 262
137 1 290
140 1 295
142 1 261
145 1 275
146 1 281
147 1 289
148 1 265
150 1 239
154 1 282
160 1 275
167 1 263
169 1 260
170 1 274
174 1 244
175 1 245
177 1 262
183 1 258
185 1 265
186 1 262
189 1 272
192 1 278
194 1 273
201 1 284
204 1 284
206 1 268
211 1 259
213 1 260
219 1 255
220 1 259
221 1 263
222 1 237
227 1 233
236 1 262
238 1 249
239 1 272
240 1 266
241 1 244
242 1 206
244 1 246
246 1 284
247 1 274
250 1 257
251 1 275
256 1 262
257 1 243
258 1 266
259 1 253
261 1 221
262 1 250
263 1 248
264 1 248
271 1 257
273 1 261
274 1 269
276 1 224
283 1 241
284 1 243
286 1 248
287 1 251
292 1 247
293 1 234
296 1 242
297 1 249
298 1 243
299 1 249
301 1 275
303 1 241
304 1 239
307 1 230
309 1 247
312 1 273
315 1 232
317 1 252
318 1 223
319 1 260
320 1 238
321 1 247
323 1 215
324 1 254
325 1 237
327 1 248
328 1 255
331 1 199
334 1 242
336 1 246
337 1 230
339 1 239
342 1 266
343 1 237
347 1 250
348 1 244
349 1 245
350 1 225
351 1 227
352 1 202
353 1 257
361 1 213
362 1 232
363 1 232
365 1 207
371 1 253
372 1 243
375 1 223
376 1 221
378 1 254
379 1 205
381 1 253
382 1 208
383 1 240
385 1 204
389 1 216
390 1 243
395 1 231
408 1 249
410 1 227
414 1 193
416 1 252
417 1 235
423 1 236
424 1 241
429 1 230
433 1 227
434 1 223
435 1 246
441 1 222
443 1 199
444 1 212
447 1 186
451 1 236
453 1 210
460 1 222
462 1 202
464 1 193
467 1 216
469 1 205
474 1 233
476 1 200
477 1 243
479 1 220
487 1 210
488 1 202
492 1 188
494 1 188
496 1 185
497 1 217
499 1 201
501 1 211
502 1 204
515 1 187
518 1 216
521 1 221
522 1 226
525 1 201
529 1 201
536 1 201
537 1 185
539 1 215
545 1 223
549 1 228
550 1 200
556 1 183
559 1 207
560 1 194
562 1 204
563 1 196
566 1 202
574 1 204
577 1 199
578 1 188
580 1 171
585 1 216
591 1 186
592 1 216
595 1 181
596 1 213
601 1 196
614 1 207
621 1 189
626 1 215
630 1 179
634 1 198
637 1 202
645 1 184
648 1 172
651 1 226
655 1 204
658 1 185
659 1 197
664 1 208
667 1 202
668 1 194
675 1 184
680 1 179
681 1 196
682 1 194
686 1 177
689 1 176
694 1 170
696 1 160
700 1 186
707 1 201
708 1 183
710 1 164
715 1 169
717 1 185
719 1 177
724 1 153
726 1 173
728 1 171
730 1 179
731 1 171
734 1 164
735 1 163
738 1 171
741 1 168
749 1 178
751 1 188
755 1 157
758 1 170
766 1 177
775 1 149
781 1 156
787 1 160
788 1 164
789 1 146
790 1 164
795 1 179
804 1 148
805 1 131
807 1 162
812 1 169
817 1 152
822 1 170
827 1 164
833 1 139
839 1 149
846 1 150
853 1 158
855 1 135
861 1 155
862 1 167
870 1 151
874 1 169
877 1 152
880 1 141
882 1 132
883 1 153
887 1 132
890 1 145
897 1 144
901 1 128
902 1 144
903 1 159
906 1 151
917 1 162
924 1 149
933 1 142
934 1 167
935 1 150
938 1 127
942 1 178
945 1 147
947 1 141
949 1 129
951 1 152
953 1 149
956 1 153
966 1 154
967 1 108
968 1 147
971 1 160
972 1 139
973 1 145
977 1 137
979 1 131
982 1 130
983 1 142
987 1 142
988 1 130
993 1 136
1004 1 142
1005 1 135
1009 1 128
1010 1 123
1011 1 137
1016 1 103
1019 1 133
1020 1 134
1029 1 143
1036 1 142
1041 1 132
1046 1 123
1049 1 137
1050 1 108
1053 1 129
1054 1 128
1055 1 141
1057 1 121
1059 1 125
1060 1 110
1062 1 121
1064 1 146
1068 1 130
1090 1 130
1091 1 134
1101 1 111
1105 1 102
1106 1 123
1111 1 105
1114 1 117
1117 1 112
1121 1 116
1135 1 92
1149 1 124
1153 1 120
1154 1 101
1163 1 117
1182 1 123
1183 1 105
1185 1 105
1197 1 114
1203 1 123
1206 1 102
1208 1 121
1209 1 99
1210 1 120
1213 1 107
1214 1 122
1215 1 103
1220 1 110
1222 1 126
1231 1 104
1237 1 86
1241 1 95
1242 1 120
1244 1 102
1247 1 94
1248 1 92
1260 1 107
1267 1 106
1268 1 102
1269 1 91
1274 1 92
1278 1 102
1279 1 105
1281 1 107
1291 1 103
1296 1 115
1299 1 110
1307 1 97
1309 1 103
1310 1 112
1316 1 82
1321 1 113
1323 1 99
1329 1 88
1331 1 81
1341 1 84
1345 1 94
1352 1 99
1366 1 103
1370 1 79
1373 1 98
1376 1 83
1377 1 108
1378 1 87
1392 1 73
1395 1 101
1397 1 103
1400 1 93
1402 1 85
1418 1 81
1422 1 95
1424 1 91
1425 1 84
1433 1 81
1442 1 81
1449 1 84
1458 1 84
1479 1 77
1480 1 66
1482 1 85
1493 1 78
1496 1 79
1498 1 71
1500 1 73
1503 1 89
1505 1 78
1506 1 62
1527 1 67
1528 1 69
1531 1 100
1532 1 84
1536 1 78
1538 1 72
1557 1 92
1561 1 86
1568 1 59
1583 1 80
1588 1 65
1590 1 68
1591 1 71
1593 1 79
1600 1 72
1603 1 62
1608 1 57
1611 1 85
1616 1 58
1623 1 76
1628 1 87
1639 1 51
1645 1 61
1651 1 50
1655 1 61
1659 1 55
1663 1 50
1665 1 63
1671 1 63
1672 1 55
1673 1 68
1678 1 52
1701 1 70
1711 1 56
1716 1 72
1719 1 38
1721 1 43
1729 1 69
1731 1 53
1742 1 59
1745 1 60
1747 1 58
1760 1 56
1762 1 46
1766 1 49
1767 1 65
1769 1 56
1780 1 67
1794 1 39
1796 1 52
1808 1 54
1810 1 52
1814 1 61
1820 1 54
1835 1 54
1838 1 45
1839 1 47
1854 1 53
1856 1 49
1857 1 33
1859 1 34
1864 1 45
1866 1 54
1876 1 46
1878 1 46
1883 1 47
1887 1 37
1889 1 51
1908 1 36
1912 1 44
1922 1 41
1931 1 29
1952 1 38
1954 1 51
1973 1 34
1980 1 37
1983 1 32
1984 1 33
1985 1 29
1998 1 35
2002 1 31
2011 1 34
2019 1 47
2035 1 31
2041 1 33
2049 1 27
2055 1 27
2068 1 31
2091 1 28
2095 1 26
2100 1 25
2106 1 24
2110 1 26
2113 1 32
2115 1 35
2120 1 31
2126 1 33
2129 1 39
2131 1 26
2133 1 22
2139 1 30
2143 1 31
2148 1 18
2154 1 25
2158 1 22
2177 1 35
2180 1 24
2182 1 30
2186 1 28
2203 1 25
2208 1 25
2231 1 21
2233 1 20
2234 1 19
2239 1 24
2241 1 26
2245 1 25
2247 1 24
2248 1 18
2252 1 20
2263 1 21
2266 1 20
2285 1 20
2287 1 16
2297 1 18
2299 1 18
2300 1 20
2306 1 19
2309 1 17
2319 1 14
2320 1 25
2322 1 16
2325 1 17
2329 1 19
2334 1 10
2349 1 15
2351 1 14
2359 1 18
2376 1 20
2380 1 14
2381 1 17
2383 1 13
2389 1 16
2390 1 12
2391 1 20
2398 1 18
2401 1 21
2408 1 11
2413 1 16
2416 1 19
2422 1 17
2435 1 18
2458 1 6
2471 1 6
2486 1 11
2499 1 10
2503 1 12
2508 1 14
2516 1 13
2534 1 6
2550 1 10
2571 1 10
2573 1 7
2583 1 6
2605 1 7
2609 1 6
2611 1 8
2614 1 3
2622 1 11
2647 1 10
2662 1 5
2675 1 4
2696 1 5
2697 1 3
2705 1 2
2718 1 6
2720 1 2
2723 1 7
2736 1 5
2750 1 2
2755 1 2
2761 1 5
2765 1 3
2792 1 4
2811 1 2
2815 1 4
2816 1 3
2817 1 2
2825 1 1
2826 1 1
2828 1 3
2831 1 3
2833 1 3
2851 1 2
2853 1 1
2857 1 4
2880 1 1
2883 1 1
2886 1 2
2893 1 1
2909 1 1
2910 1 1
2919 1 1
2928 1 1
2932 1 1
2933 1 1
2934 1 1
2940 1 1
2956 1 1
2959 1 1
2977 1 1
2981 1 1
2982 1 1
2992 1 1
0 2 248
1 2 294
4 2 313
5 2 314
9 2 318
16 2 286
19 2 286
20 2 275
21 2 293
23 2 321
24 2 298
25 2 320
28 2 283
29 2 276
30 2 309
31 2 299
36 2 311
40 2 315
41 2 296
43 2 282
50 2 283
51 2 267
53 2 279
54 2 290
56 2 286
63 2 277
64 2 293
68 2 290
70 2 306
72 2 261
73 2 282
79 2 294
85 2 295
87 2 260
88 2 276
89 2 256
97 2 300
98 2 283
103 2 279
105 2 280
106 2 261
107 2 268
111 2 267
117 2 263
120 2 283
123 2 309
124 2 260
129 2 259
134 2 294
135 2 299
136 2 288
137 2 268
143 2 289
148 2 260
149 2 249
153 2 280
155 2 251
159 2 285
169 2 282
171 2 290
172 2 262
173 2 263
174 2 274
177 2 234
178 2 270
183 2 283
184 2 251
185 2 271
191 2 253
194 2 249
195 2 277
197 2 238
199 2 262
200 2 275
205 2 287
206 2 267
208 2 285
210 2 245
212 2 255
213 2 244
214 2 263
216 2 246
219 2 230
224 2 242
226 2 242
227 2 216
228 2 259
235 2 241
237 2 264
238 2 238
239 2 253
240 2 265
243 2 255
244 2 243
247 2 272
248 2 243
249 2 264
250 2 240
254 2 241
256 2 244
258 2 239
259 2 259
261 2 249
269 2 251
270 2 256
272 2 259
273 2 224
274 2 239
281 2 225
284 2 250
287 2 231
288 2 248
289 2 245
290 2 242
295 2 269
297 2 236
298 2 257
304 2 263
305 2 271
308 2 225
309 2 285
311 2 244
312 2 261
313 2 246
315 2 237
316 2 234
318 2 222
321 2 258
322 2 255
323 2 221
326 2 269
329 2 247
330 2 241
331 2 239
335 2 210
336 2 245
349 2 239
359 2 251
360 2 244
361 2 241
367 2 234
375 2 208
376 2 214
377 2 221
378 2 230
379 2 238
380 2 204
381 2 224
387 2 226
390 2 225
391 2 188
392 2 240
396 2 257
404 2 219
409 2 238
411 2 233
413 2 229
417 2 198
420 2 208
422 2 216
423 2 229
426 2 226
427 2 249
432 2 196
433 2 214
437 2 237
438 2 212
442 2 234
446 2 219
447 2 216
448 2 212
449 2 198
450 2 190
451 2 228
453 2 204
461 2 205
463 2 224
464 2 225
465 2 209
477 2 197
479 2 209
482 2 229
483 2 185
494 2 221
502 2 206
503 2 216
504 2 216
505 2 201
511 2 210
514 2 206
515 2 190
517 2 181
521 2 203
524 2 218
525 2 204
534 2 216
537 2 217
547 2 225
549 2 207
550 2 236
556 2 209
557 2 197
558 2 196
560 2 212
561 2 215
563 2 199
564 2 182
565 2 195
579 2 220
580 2 191
583 2 193
592 2 207
600 2 201
607 2 207
610 2 170
612 2 220
614 2 196
615 2 198
618 2 186
619 2 182
624 2 181
626 2 168
633 2 192
635 2 202
643 2 193
647 2 179
655 2 174
658 2 183
659 2 184
663 2 174
664 2 159
671 2 188
676 2 181
680 2 154
682 2 211
684 2 206
686 2 199
688 2 186
690 2 186
691 2 158
692 2 176
693 2 140
698 2 176
701 2 168
702 2 162
712 2 170
713 2 194
722 2 173
724 2 163
727 2 174
729 2 163
736 2 172
737 2 179
748 2 161
749 2 161
758 2 167
764 2 163
769 2 161
771 2 144
775 2 174
776 2 189
779 2 172
789 2 156
796 2 146
797 2 163
799 2 176
801 2 167
804 2 131
805 2 148
806 2 193
808 2 149
812 2 162
814 2 151
816 2 165
817 2 166
820 2 155
824 2 160
825 2 142
840 2 137
842 2 161
850 2 153
866 2 161
870 2 139
874 2 154
876 2 158
880 2 155
883 2 141
884 2 138
886 2 136
887 2 175
894 2 140
904 2 152
907 2 154
911 2 153
915 2 148
919 2 148
921 2 138
923 2 142
924 2 138
928 2 143
929 2 141
930 2 132
932 2 160
933 2 131
934 2 138
937 2 133
940 2 136
944 2 158
949 2 132
955 2 138
961 2 146
962 2 119
963 2 147
981 2 152
982 2 140
994 2 130
1005 2 143
1006 2 138
1007 2 140
1009 2 134
1010 2 140
1012 2 119
1026 2 112
1027 2 123
1030 2 153
1038 2 144
1046 2 137
1049 2 124
1055 2 131
1060 2 121
1066 2 140
1071 2 118
1072 2 126
1082 2 115
1086 2 134
1093 2 130
1094 2 123
1104 2 121
1107 2 116
1113 2 130
1114 2 111
1115 2 126
1119 2 130
1124 2 126
1128 2 133
1139 2 108
1145 2 121
1147 2 127
1151 2 119
1153 2 102
1156 2 118
1158 2 95
1161 2 111
1171 2 113
1178 2 106
1180 2 115
1185 2 113
1186 2 95
1189 2 104
1192 2 112
1195 2 121
1197 2 100
1201 2 100
1202 2 108
1203 2 117
1204 2 125
1208 2 110
1209 2 89
1210 2 120
1214 2 113
1220 2 105
1225 2 113
1233 2 120
1234 2 128
1237 2 96
1255 2 114
1257 2 109
1259 2 102
1266 2 92
1269 2 111
1271 2 120
1273 2 89
1275 2 95
1278 2 106
1285 2 119
1294 2 114
1298 2 108
1310 2 94
1316 2 85
1319 2 98
1332 2 83
1333 2 90
1336 2 107
1339 2 117
1341 2 104
1342 2 89
1348 2 97
1363 2 101
1367 2 108
1371 2 81
1376 2 86
1377 2 80
1378 2 73
1381 2 99
1382 2 90
1388 2 100
1391 2 87
1392 2 83
1394 2 87
1397 2 76
1406 2 104
1410 2 84
1411 2 98
1414 2 92
1416 2 99
1441 2 98
1443 2 88
1452 2 82
1453 2 88
1458 2 77
1461 2 92
1462 2 87
1475 2 73
1476 2 81
1479 2 69
1481 2 82
1482 2 75
1484 2 77
1486 2 100
1488 2 75
1489 2 76
1490 2 84
1504 2 73
1509 2 71
1524 2 71
1525 2 74
1531 2 73
1532 2 77
1540 2 73
1544 2 81
1553 2 82
1569 2 64
1572 2 94
1579 2 71
1598 2 75
1601 2 80
1603 2 63
1606 2 63
1626 2 68
1649 2 54
1655 2 41
1661 2 55
1681 2 67
1684 2 58
1685 2 79
1690 2 79
1693 2 77
1694 2 53
1695 2 51
1700 2 68
1702 2 58
1707 2 53
1710 2 55
1711 2 57
1713 2 43
1715 2 64
1718 2 59
1734 2 47
1742 2 58
1744 2 61
1745 2 52
1749 2 49
1751 2 64
1758 2 56
1761 2 55
1763 2 68
1764 2 58
1776 2 63
1788 2 60
1789 2 49
1800 2 42
1801 2 44
1804 2 56
1805 2 52
1806 2 42
1819 2 46
1823 2 51
1824 2 50
1833 2 47
1838 2 47
1841 2 41
1854 2 45
1863 2 48
1866 2 45
1893 2 45
1910 2 46
1913 2 43
1920 2 54
1921 2 39
1924 2 36
1926 2 44
1936 2 48
1937 2 38
1942 2 39
1944 2 43
1949 2 44
1956 2 45
1958 2 42
1969 2 41
1977 2 32
1981 2 34
1998 2 27
2004 2 33
2006 2 30
2010 2 29
2012 2 35
2014 2 32
2018 2 35
2019 2 29
2033 2 29
2038 2 27
2040 2 39
2045 2 31
2052 2 19
2055 2 32
2060 2 37
2065 2 32
2075 2 34
2077 2 23
2085 2 44
2099 2 22
2103 2 31
2106 2 27
2110 2 27
2140 2 18
2146 2 18
2156 2 31
2157 2 24
2167 2 34
2178 2 23
2186 2 32
2187 2 18
2194 2 23
2196 2 28
2207 2 20
2214 2 27
2216 2 25
2220 2 20
2223 2 27
2226 2 24
2239 2 14
2246 2 25
2249 2 16
2250 2 25
2251 2 12
2255 2 28
2268 2 23
2271 2 16
2297 2 17
2301 2 17
2305 2 10
2326 2 18
2342 2 17
2350 2 26
2363 2 15
2366 2 15
2368 2 23
2371 2 10
2374 2 24
2376 2 20
2383 2 15
2405 2 16
2408 2 14
2411 2 14
2417 2 17
2418 2 12
2423 2 11
2425 2 12
2430 2 20
2433 2 10
2446 2 3
2448 2 12
2452 2 10
2455 2 11
2475 2 6
2482 2 10
2486 2 10
2496 2 13
2508 2 8
2516 2 9
2522 2 7
2543 2 7
2547 2 8
2571 2 7
2593 2 7
2595 2 7
2596 2 13
2605 2 6
2607 2 8
2609 2 7
2619 2 9
2622 2 8
2633 2 9
2637 2 3
2654 2 8
2655 2 9
2657 2 7
2659 2 7
2662 2 10
2666 2 1
2672 2 3
2683 2 5
2684 2 5
2700 2 3
2702 2 6
2730 2 5
2758 2 4
2759 2 4
2773 2 4
2788 2 2
2802 2 5
2816 2 2
2840 2 3
2856 2 2
2857 2 3
2870 2 4
2872 2 3
2884 2 1
2894 2 3
2896 2 1
2903 2 2
2904 2 2
2905 2 1
2934 2 3
2944 2 1
2962 2 1
2966 2 1
2970 2 1
2974 2 1
2976 2 1
2977 2 1
2979 2 1
2980 2 1
2995 2 1
2996 2 1
1 3 320
3 3 264
4 3 281
5 3 314
8 3 334
12 3 275
14 3 292
17 3 283
21 3 302
23 3 291
24 3 321
25 3 301
26 3 308
29 3 287
31 3 287
32 3 295
34 3 302
35 3 325
36 3 320
37 3 306
38 3 305
39 3 301
40 3 287
42 3 282
43 3 284
45 3 294
49 3 302
50 3 296
51 3 325
53 3 274
54 3 311
60 3 325
62 3 271
65 3 298
66 3 269
74 3 312
76 3 285
78 3 290
80 3 298
81 3 271
82 3 295
86 3 298
89 3 293
91 3 300
94 3 291
100 3 295
107 3 291
113 3 282
115 3 275
118 3 266
120 3 287
122 3 244
126 3 283
130 3 262
131 3 276
133 3 287
139 3 288
140 3 239
141 3 272
146 3 256
148 3 262
154 3 265
157 3 254
159 3 255
161 3 269
162 3 264
163 3 258
164 3 293
169 3 248
170 3 299
172 3 265
173 3 274
175 3 277
176 3 270
181 3 252
188 3 284
190 3 260
193 3 282
195 3 240
197 3 267
199 3 249
200 3 262
206 3 256
208 3 273
213 3 274
216 3 269
225 3 253
227 3 246
229 3 256
232 3 236
234 3 230
237 3 255
238 3 254
239 3 251
240 3 231
243 3 242
245 3 258
247 3 248
250 3 237
251 3 266
253 3 231
256 3 252
259 3 243
260 3 250
267 3 231
276 3 230
279 3 226
285 3 236
286 3 229
291 3 230
296 3 218
298 3 226
305 3 247
307 3 266
308 3 242
311 3 229
319 3 263
321 3 233
326 3 239
328 3 243
329 3 206
331 3 222
332 3 252
337 3 239
340 3 240
342 3 273
345 3 252
347 3 250
349 3 217
350 3 223
352 3 214
356 3 234
358 3 252
364 3 238
365 3 224
367 3 223
368 3 231
369 3 247
371 3 222
373 3 232
376 3 253
381 3 255
385 3 265
386 3 249
388 3 185
400 3 232
401 3 227
405 3 235
407 3 256
408 3 219
412 3 211
413 3 242
414 3 229
416 3 235
418 3 229
419 3 220
423 3 249
429 3 207
434 3 222
438 3 229
439 3 212
448 3 239
451 3 216
456 3 236
457 3 216
458 3 226
460 3 211
464 3 221
465 3 233
468 3 250
471 3 195
475 3 217
477 3 210
481 3 219
487 3 204
490 3 210
491 3 204
494 3 211
495 3 203
496 3 211
497 3 225
499 3 220
501 3 186
504 3 177
510 3 215
519 3 194
520 3 234
522 3 223
525 3 191
528 3 215
529 3 214
532 3 212
535 3 220
540 3 218
541 3 215
558 3 203
562 3 191
568 3 174
573 3 221
575 3 203
581 3 188
586 3 203
587 3 208
589 3 214
590 3 186
591 3 156
605 3 194
608 3 225
609 3 189
610 3 182
614 3 194
626 3 193
629 3 204
630 3 183
631 3 211
635 3 177
640 3 162
642 3 170
647 3 189
648 3 194
650 3 190
662 3 197
663 3 186
666 3 192
667 3 202
669 3 168
676 3 185
678 3 180
680 3 177
683 3 199
684 3 179
688 3 186
689 3 166
691 3 164
692 3 172
694 3 212
697 3 166
703 3 174
704 3 200
706 3 180
707 3 185
725 3 176
726 3 159
728 3 182
736 3 192
741 3 185
745 3 157
749 3 156
750 3 177
751 3 177
754 3 150
762 3 176
767 3 151
770 3 156
775 3 177
776 3 173
780 3 170
784 3 158
795 3 167
796 3 158
797 3 156
804 3 176
805 3 175
811 3 170
814 3 143
816 3 168
817 3 163
818 3 139
820 3 147
821 3 172
822 3 172
827 3 151
836 3 142
843 3 160
851 3 171
856 3 170
858 3 189
859 3 147
861 3 166
862 3 145
865 3 165
871 3 149
872 3 158
877 3 153
878 3 126
880 3 172
881 3 157
883 3 200
884 3 138
904 3 148
908 3 144
909 3 159
910 3 135
914 3 164
915 3 151
918 3 152
923 3 129
924 3 117
926 3 143
930 3 165
954 3 142
955 3 135
956 3 150
961 3 139
963 3 167
973 3 144
975 3 120
977 3 136
979 3 149
984 3 168
988 3 141
999 3 151
1007 3 122
1009 3 128
1017 3 158
1026 3 126
1033 3 134
1034 3 135
1036 3 155
1043 3 121
1048 3 128
1061 3 146
1063 3 120
1071 3 141
1079 3 147
1081 3 123
1086 3 154
1093 3 134
1094 3 113
1096 3 115
1097 3 137
1099 3 124
1100 3 104
1104 3 119
1110 3 121
1115 3 136
1119 3 111
1125 3 135
1126 3 112
1134 3 127
1141 3 106
1148 3 118
1154 3 105
1157 3 111
1162 3 100
1164 3 112
1171 3 114
1174 3 108
1178 3 105
1181 3 114
1185 3 116
1188 3 112
1190 3 105
1193 3 121
1204 3 116
1207 3 92
1213 3 103
1220 3 129
1228 3 103
1230 3 110
1232 3 121
1245 3 91
1247 3 102
1249 3 115
1260 3 87
1262 3 89
1265 3 96
1266 3 99
1268 3 105
1272 3 97
1274 3 106
1275 3 128
1276 3 101
1285 3 108
1287 3 101
1288 3 112
1292 3 85
1299 3 99
1303 3 107
1306 3 98
1308 3 92
1309 3 87
1310 3 82
1314 3 96
1317 3 90
1320 3 106
1321 3 92
1341 3 90
1343 3 107
1345 3 76
1346 3 95
1347 3 82
1353 3 91
1356 3 77
1357 3 100
1358 3 100
1360 3 89
1361 3 83
1367 3 86
1369 3 73
1379 3 95
1380 3 91
1384 3 79
1389 3 97
1394 3 93
1395 3 96
1404 3 73
1412 3 87
1414 3 87
1415 3 81
1417 3 101
1421 3 80
1425 3 81
1430 3 79
1434 3 97
1435 3 85
1439 3 77
1445 3 89
1446 3 61
1447 3 79
1451 3 75
1453 3 81
1454 3 71
1456 3 79
1458 3 76
1462 3 92
1467 3 87
1468 3 76
1470 3 69
1476 3 69
1479 3 98
1491 3 94
1495 3 86
1496 3 65
1507 3 87
1508 3 68
1515 3 75
1522 3 83
1524 3 77
1527 3 71
1530 3 76
1537 3 69
1540 3 57
1544 3 76
1546 3 73
1548 3 72
1552 3 61
1555 3 79
1565 3 68
1567 3 77
1576 3 59
1587 3 78
1594 3 69
1595 3 63
1596 3 63
1607 3 60
1610 3 88
1611 3 64
1612 3 69
1616 3 66
1620 3 52
1624 3 75
1630 3 61
1638 3 59
1648 3 75
1654 3 57
1657 3 64
1662 3 77
1681 3 66
1688 3 54
1692 3 66
1694 3 59
1702 3 68
1707 3 61
1718 3 64
1719 3 61
1720 3 51
1721 3 57
1724 3 66
1727 3 41
1730 3 76
1734 3 55
1741 3 51
1743 3 61
1752 3 58
1767 3 65
1770 3 66
1772 3 50
1780 3 41
1782 3 46
1797 3 48
1802 3 52
1803 3 59
1807 3 41
1809 3 35
1819 3 41
1820 3 35
1823 3 41
1829 3 45
1837 3 54
1838 3 53
1840 3 47
1845 3 42
1846 3 60
1859 3 53
1862 3 56
1872 3 43
1886 3 50
1902 3 36
1903 3 42
1918 3 33
1927 3 45
1931 3 44
1932 3 32
1937 3 37
1952 3 31
1982 3 40
1983 3 40
1990 3 37
1993 3 40
2001 3 32
2002 3 34
2009 3 33
2030 3 38
2037 3 41
2051 3 49
2053 3 28
2059 3 36
2066 3 29
2067 3 35
2085 3 34
2089 3 23
2094 3 25
2121 3 29
2125 3 22
2128 3 24
2157 3 27
2162 3 31
2166 3 20
2192 3 21
2198 3 25
2201 3 23
2211 3 25
2220 3 24
2223 3 23
2231 3 28
2240 3 18
2248 3 18
2250 3 23
2255 3 15
2262 3 15
2263 3 15
2264 3 22
2284 3 13
2288 3 16
2290 3 14
2292 3 20
2297 3 19
2310 3 18
2316 3 20
2325 3 10
2330 3 18
2331 3 15
2337 3 22
2338 3 14
2340 3 18
2344 3 10
2351 3 18
2366 3 15
2368 3 19
2387 3 11
2390 3 14
2393 3 12
2397 3 14
2404 3 18
2405 3 15
2424 3 10
2449 3 11
2455 3 14
2466 3 14
2476 3 7
2485 3 10
2492 3 10
2501 3 9
2510 3 11
2523 3 8
2532 3 8
2544 3 11
2555 3 11
2557 3 10
2558 3 8
2562 3 8
2564 3 6
2565 3 10
2584 3 6
2591 3 7
2593 3 13
2595 3 4
2618 3 7
2637 3 7
2651 3 3
2663 3 2
2669 3 5
2678 3 1
2694 3 6
2700 3 8
2707 3 4
2709 3 3
2713 3 4
2717 3 5
2721 3 4
2723 3 2
2742 3 3
2746 3 3
2747 3 4
2748 3 3
2755 3 3
2756 3 3
2764 3 3
2765 3 2
2768 3 4
2771 3 5
2778 3 5
2792 3 3
2793 3 3
2814 3 4
2821 3 4
2822 3 3
2831 3 2
2838 3 2
2840 3 2
2847 3 3
2854 3 2
2855 3 1
2871 3 2
2876 3 1
2888 3 2
2907 3 1
2913 3 1
2927 3 1
2955 3 1
2969 3 1
2971 3 1
2975 3 1
2980 3 1
2994 3 1
0 4 305
2 4 303
5 4 319
7 4 296
8 4 275
9 4 301
10 4 311
12 4 273
13 4 334
16 4 277
17 4 280
18 4 322
19 4 321
22 4 293
26 4 292
28 4 309
29 4 307
32 4 285
41 4 285
45 4 300
46 4 279
49 4 273
50 4 278
53 4 262
55 4 306
58 4 302
59 4 251
60 4 272
62 4 264
68 4 276
69 4 275
71 4 290
72 4 274
78 4 288
81 4 298
82 4 297
84 4 273
92 4 300
93 4 321
96 4 312
97 4 249
102 4 285
112 4 283
114 4 262
115 4 297
116 4 275
117 4 271
118 4 274
121 4 276
122 4 288
125 4 262
130 4 266
134 4 285
135 4 258
138 4 239
139 4 274
140 4 276
142 4 284
144 4 264
145 4 294
146 4 261
152 4 297
162 4 249
164 4 298
165 4 284
166 4 275
169 4 267
171 4 253
174 4 273
175 4 275
180 4 258
182 4 270
183 4 254
185 4 251
187 4 253
188 4 256
190 4 233
195 4 266
198 4 240
200 4 256
211 4 257
212 4 230
215 4 276
216 4 264
218 4 260
220 4 252
222 4 245
223 4 286
226 4 260
228 4 251
234 4 241
236 4 255
240 4 287
242 4 245
244 4 248
246 4 297
249 4 291
250 4 285
253 4 257
257 4 264
259 4 254
263 4 272
265 4 236
268 4 229
275 4 267
276 4 248
280 4 230
281 4 212
285 4 243
286 4 277
287 4 239
288 4 232
290 4 263
291 4 233
293 4 243
295 4 278
296 4 246
297 4 231
298 4 247
299 4 257
300 4 251
302 4 231
303 4 271
308 4 245
312 4 216
322 4 248
323 4 235
324 4 225
328 4 233
332 4 256
334 4 251
335 4 205
341 4 219
342 4 245
347 4 239
348 4 217
349 4 218
352 4 234
356 4 248
359 4 212
365 4 250
369 4 233
371 4 209
372 4 226
378 4 239
379 4 198
380 4 234
381 4 227
384 4 235
386 4 231
388 4 227
392 4 231
394 4 206
398 4 210
403 4 227
404 4 246
409 4 215
411 4 246
412 4 203
414 4 241
415 4 211
417 4 206
419 4 217
420 4 217
426 4 231
429 4 244
430 4 233
432 4 242
435 4 206
440 4 228
442 4 217
443 4 239
444 4 226
449 4 213
451 4 208
453 4 233
457 4 224
463 4 183
466 4 236
468 4 221
470 4 200
475 4 223
477 4 191
480 4 214
482 4 179
483 4 187
485 4 214
487 4 216
488 4 219
489 4 194
493 4 204
497 4 182
498 4 180
499 4 216
502 4 201
504 4 219
507 4 217
508 4 232
509 4 218
511 4 175
513 4 221
518 4 217
526 4 201
527 4 191
530 4 191
534 4 211
537 4 202
538 4 209
542 4 222
543 4 211
545 4 212
548 4 192
551 4 205
555 4 232
556 4 199
563 4 169
570 4 203
573 4 203
575 4 199
578 4 188
579 4 230
580 4 220
585 4 216
586 4 192
587 4 199
588 4 190
592 4 185
595 4 199
600 4 189
602 4 207
605 4 193
609 4 185
611 4 210
614 4 208
617 4 202
618 4 174
619 4 196
620 4 214
622 4 204
639 4 203
640 4 176
641 4 186
644 4 166
645 4 203
650 4 186
654 4 182
655 4 185
657 4 197
662 4 174
666 4 186
669 4 178
670 4 184
677 4 176
679 4 155
682 4 206
685 4 172
694 4 164
695 4 189
698 4 153
699 4 172
703 4 151
707 4 191
709 4 171
711 4 168
719 4 179
720 4 180
721 4 192
727 4 165
728 4 158
729 4 170
730 4 199
732 4 196
736 4 179
737 4 169
738 4 163
741 4 174
742 4 168
749 4 180
752 4 190
753 4 169
760 4 159
765 4 185
766 4 177
772 4 156
776 4 158
777 4 172
779 4 188
781 4 158
782 4 167
786 4 164
787 4 155
790 4 151
800 4 154
802 4 149
808 4 174
820 4 168
821 4 162
824 4 150
827 4 153
829 4 157
840 4 121
847 4 150
849 4 165
855 4 154
859 4 168
861 4 142
864 4 139
865 4 150
868 4 160
869 4 173
870 4 147
872 4 152
880 4 157
882 4 156
885 4 135
886 4 137
894 4 133
895 4 154
904 4 121
909 4 149
912 4 177
913 4 151
920 4 148
922 4 149
923 4 131
925 4 140
929 4 137
930 4 154
931 4 148
932 4 126
936 4 164
939 4 150
943 4 139
948 4 167
949 4 151
950 4 145
957 4 138
959 4 146
968 4 139
969 4 135
970 4 140
978 4 157
982 4 126
985 4 131
986 4 144
988 4 124
989 4 146
1000 4 124
1006 4 128
1007 4 129
1008 4 152
1009 4 129
1019 4 135
1020 4 126
1023 4 140
1030 4 136
1033 4 141
1034 4 121
1043 4 144
1051 4 115
1056 4 158
1061 4 131
1063 4 127
1067 4 133
1071 4 136
1075 4 124
1079 4 120
1081 4 121
1082 4 129
1092 4 133
1096 4 142
1098 4 128
1101 4 120
1104 4 130
1105 4 114
1109 4 154
1113 4 105
1114 4 129
1115 4 120
1117 4 113
1120 4 131
1126 4 123
1142 4 114
1144 4 114
1150 4 108
1153 4 105
1155 4 130
1159 4 109
1160 4 99
1162 4 93
1167 4 112
1169 4 106
1172 4 125
1179 4 128
1183 4 120
1187 4 107
1188 4 106
1190 4 92
1193 4 98
1198 4 115
1200 4 114
1206 4 108
1210 4 124
1213 4 125
1214 4 103
1215 4 114
1220 4 105
1223 4 115
1225 4 115
1226 4 109
1229 4 118
1233 4 107
1239 4 109
1241 4 116
1242 4 118
1243 4 89
1248 4 108
1253 4 129
1254 4 98
1259 4 104
1261 4 94
1263 4 106
1266 4 97
1271 4 99
1276 4 90
1283 4 111
1284 4 83
1301 4 99
1302 4 92
1305 4 95
1314 4 102
1325 4 92
1331 4 80
1334 4 87
1354 4 93
1365 4 88
1383 4 85
1390 4 96
1391 4 92
1392 4 74
1399 4 77
1404 4 106
1414 4 93
1416 4 78
1421 4 87
1423 4 96
1424 4 74
1427 4 81
1428 4 83
1434 4 76
1436 4 86
1447 4 71
1448 4 76
1453 4 81
1455 4 65
1456 4 89
1468 4 87
1481 4 86
1482 4 82
1487 4 91
1488 4 87
1501 4 74
1502 4 72
1513 4 71
1515 4 75
1524 4 79
1531 4 71
1532 4 74
1534 4 74
1537 4 70
1554 4 63
1555 4 67
1560 4 72
1565 4 70
1566 4 71
1567 4 74
1571 4 66
1572 4 63
1573 4 87
1580 4 96
1584 4 73
1599 4 62
1600 4 72
1602 4 67
1609 4 66
1617 4 70
1618 4 69
1620 4 64
1630 4 54
1631 4 62
1632 4 74
1633 4 83
1637 4 75
1642 4 64
1656 4 57
1661 4 65
1668 4 60
1671 4 57
1678 4 59
1679 4 60
1680 4 58
1686 4 60
1696 4 54
1705 4 46
1709 4 61
1712 4 48
1714 4 62
1729 4 54
1730 4 52
1732 4 67
1734 4 58
1740 4 57
1747 4 54
1749 4 51
1750 4 56
1753 4 49
1783 4 40
1787 4 50
1794 4 45
1798 4 41
1816 4 47
1818 4 39
1820 4 50
1822 4 52
1825 4 52
1826 4 43
1827 4 57
1828 4 42
1832 4 49
1833 4 50
1836 4 32
1839 4 50
1858 4 61
1862 4 41
1874 4 39
1875 4 50
1878 4 49
1881 4 49
1890 4 39
1897 4 46
1898 4 40
1906 4 46
1908 4 35
1919 4 35
1920 4 43
1940 4 26
1947 4 37
1950 4 45
1951 4 36
1953 4 40
1958 4 33
1959 4 49
1975 4 34
1982 4 27
1991 4 44
1994 4 45
1996 4 33
2024 4 36
2026 4 39
2044 4 30
2045 4 42
2052 4 37
2053 4 37
2054 4 36
2062 4 23
2064 4 27
2095 4 32
2098 4 39
2112 4 34
2113 4 23
2115 4 26
2123 4 18
2127 4 32
2147 4 20
2149 4 28
2151 4 32
2162 4 28
2163 4 20
2165 4 26
2166 4 26
2186 4 26
2192 4 17
2197 4 21
2199 4 16
2235 4 20
2237 4 25
2245 4 25
2248 4 21
2250 4 22
2256 4 22
2268 4 13
2289 4 16
2307 4 14
2310 4 27
2312 4 25
2321 4 12
2335 4 17
2336 4 15
2338 4 28
2340 4 19
2356 4 14
2364 4 15
2368 4 15
2373 4 15
2377 4 16
2385 4 10
2390 4 20
2397 4 14
2413 4 15
2419 4 10
2421 4 8
2424 4 14
2432 4 14
2434 4 11
2442 4 12
2464 4 7
2468 4 8
2508 4 5
2520 4 12
2522 4 10
2524 4 10
2535 4 7
2548 4 5
2555 4 9
2579 4 5
2580 4 8
2585 4 4
2587 4 3
2614 4 3
2632 4 6
2633 4 7
2638 4 7
2650 4 8
2677 4 4
2678 4 6
2689 4 3
2699 4 6
2726 4 5
2735 4 4
2737 4 3
2741 4 3
2746 4 3
2751 4 1
2752 4 2
2765 4 1
2769 4 2
2770 4 2
2775 4 3
2787 4 2
2792 4 4
2802 4 4
2810 4 2
2814 4 4
2826 4 4
2833 4 3
2836 4 7
2837 4 2
2844 4 2
2852 4 2
2870 4 2
2871 4 1
2877 4 1
2886 4 2
2898 4 1
2901 4 1
2902 4 1
2906 4 2
2913 4 1
2918 4 3
2923 4 1
2926 4 1
2961 4 1
2964 4 1
2972 4 1
2990 4 1
2 5 289
7 5 319
10 5 312
13 5 320
15 5 264
20 5 320
21 5 290
22 5 281
23 5 330
24 5 297
25 5 281
26 5 275
36 5 276
37 5 291
38 5 294
40 5 310
45 5 297
50 5 308
54 5 292
56 5 289
57 5 316
58 5 314
60 5 318
61 5 285
64 5 276
65 5 264
67 5 307
68 5 297
70 5 249
73 5 306
75 5 275
76 5 289
79 5 300
81 5 287
83 5 302
85 5 294
87 5 297
90 5 264
91 5 283
92 5 309
93 5 275
95 5 293
96 5 260
98 5 291
99 5 277
100 5 284
101 5 292
104 5 302
109 5 282
116 5 234
118 5 303
122 5 306
125 5 289
130 5 287
134 5 289
138 5 272
143 5 278
145 5 283
149 5 244
152 5 263
153 5 258
157 5 294
158 5 284
164 5 283
167 5 264
171 5 265
174 5 241
182 5 274
183 5 268
189 5 263
193 5 268
195 5 240
196 5 253
201 5 250
203 5 249
204 5 252
205 5 251
210 5 262
211 5 274
212 5 273
228 5 263
229 5 236
230 5 230
232 5 247
237 5 225
240 5 251
242 5 241
243 5 264
244 5 244
247 5 258
248 5 236
249 5 237
251 5 245
259 5 243
261 5 271
264 5 259
265 5 241
268 5 285
273 5 257
274 5 255
278 5 248
281 5 243
282 5 266
288 5 238
291 5 261
292 5 258
295 5 250
297 5 237
298 5 263
303 5 274
305 5 238
310 5 238
313 5 214
315 5 256
319 5 236
320 5 224
324 5 244
329 5 238
331 5 270
332 5 264
336 5 252
338 5 240
343 5 244
344 5 246
345 5 212
347 5 249
348 5 217
349 5 238
354 5 233
356 5 237
357 5 287
361 5 256
362 5 223
368 5 230
369 5 253
370 5 251
375 5 238
379 5 216
387 5 251
392 5 230
397 5 211
398 5 216
399 5 238
401 5 258
402 5 224
403 5 237
404 5 238
407 5 230
408 5 224
411 5 239
413 5 198
416 5 207
423 5 234
429 5 244
435 5 235
437 5 205
449 5 231
451 5 231
452 5 207
453 5 233
454 5 209
455 5 254
459 5 207
461 5 217
462 5 205
467 5 211
468 5 207
470 5 213
473 5 220
474 5 202
477 5 214
484 5 191
487 5 215
489 5 208
490 5 205
491 5 225
497 5 205
499 5 181
501 5 205
507 5 214
514 5 205
515 5 186
520 5 211
521 5 196
522 5 224
523 5 214
526 5 188
530 5 198
532 5 218
533 5 218
538 5 201
540 5 195
549 5 191
552 5 209
554 5 213
555 5 217
560 5 202
564 5 216
570 5 191
578 5 208
582 5 192
583 5 196
586 5 211
589 5 186
593 5 209
598 5 181
599 5 201
601 5 171
602 5 199
606 5 173
607 5 171
608 5 200
612 5 187
616 5 185
617 5 175
622 5 216
623 5 206
625 5 168
626 5 180
629 5 212
635 5 204
637 5 200
638 5 187
639 5 199
640 5 190
641 5 179
645 5 180
646 5 185
651 5 181
656 5 170
657 5 184
660 5 196
662 5 176
665 5 206
666 5 184
670 5 170
672 5 180
676 5 194
677 5 182
678 5 171
679 5 180
681 5 172
682 5 179
685 5 194
687 5 181
690 5 150
692 5 190
695 5 195
696 5 180
697 5 182
703 5 162
705 5 164
714 5 162
716 5 159
725 5 182
729 5 164
732 5 181
733 5 160
735 5 161
736 5 192
739 5 160
740 5 177
745 5 156
746 5 179
747 5 169
751 5 147
753 5 176
756 5 166
758 5 178
763 5 157
768 5 170
787 5 166
792 5 166
793 5 165
794 5 170
797 5 144
798 5 164
806 5 168
808 5 145
809 5 153
812 5 194
814 5 159
815 5 151
816 5 156
818 5 160
822 5 160
826 5 157
829 5 158
839 5 147
840 5 151
841 5 149
844 5 154
845 5 139
853 5 169
857 5 150
858 5 140
859 5 150
865 5 144
868 5 156
872 5 162
880 5 134
881 5 179
883 5 149
884 5 133
885 5 157
886 5 135
888 5 164
890 5 154
891 5 156
899 5 157
906 5 150
909 5 143
910 5 165
913 5 139
930 5 133
937 5 160
945 5 154
946 5 146
947 5 149
951 5 151
952 5 159
959 5 156
960 5 139
963 5 148
964 5 138
967 5 144
970 5 148
971 5 142
972 5 139
974 5 145
977 5 121
978 5 130
981 5 134
984 5 157
1006 5 125
1010 5 146
1013 5 138
1025 5 130
1032 5 139
1037 5 104
1044 5 137
1045 5 139
1051 5 126
1055 5 105
1058 5 110
1060 5 130
1062 5 132
1064 5 111
1065 5 142
1068 5 140
1069 5 144
1074 5 125
1080 5 143
1085 5 122
1090 5 129
1092 5 140
1093 5 122
1094 5 128
1101 5 127
1107 5 114
1110 5 138
1113 5 136
1114 5 116
1123 5 116
1126 5 111
1127 5 114
1131 5 129
1132 5 114
1133 5 124
1135 5 125
1145 5 106
1152 5 128
1157 5 101
1163 5 101
1168 5 101
1169 5 109
1172 5 101
1181 5 101
1182 5 139
1187 5 119
1188 5 124
1189 5 113
1190 5 122
1192 5 105
1196 5 122
1199 5 116
1200 5 114
1201 5 118
1202 5 109
1207 5 104
1209 5 93
1232 5 104
1242 5 112
1244 5 111
1245 5 103
1248 5 113
1252 5 111
1254 5 109
1258 5 106
1259 5 106
1272 5 90
1273 5 103
1279 5 95
1285 5 106
1299 5 101
1315 5 100
1316 5 103
1328 5 100
1340 5 102
1349 5 96
1350 5 93
1352 5 87
1355 5 93
1367 5 95
1369 5 97
1374 5 78
1388 5 90
1399 5 75
1406 5 91
1407 5 99
1410 5 89
1411 5 85
1416 5 102
1417 5 84
1419 5 76
1422 5 82
1426 5 88
1429 5 90
1431 5 71
1433 5 93
1447 5 82
1449 5 86
1463 5 71
1467 5 80
1472 5 93
1476 5 84
1477 5 84
1478 5 65
1483 5 73
1494 5 79
1497 5 76
1501 5 83
1504 5 79
1508 5 67
1511 5 88
1516 5 78
1517 5 72
1518 5 82
1526 5 77
1530 5 75
1532 5 86
1535 5 49
1536 5 94
1548 5 73
1551 5 74
1552 5 72
1555 5 73
1561 5 63
1571 5 66
1574 5 73
1581 5 76
1595 5 63
1608 5 56
1617 5 63
1633 5 79
1651 5 64
1652 5 62
1655 5 69
1663 5 62
1671 5 54
1674 5 65
1678 5 74
1681 5 50
1685 5 62
1687 5 53
1695 5 47
1696 5 55
1697 5 50
1711 5 47
1716 5 60
1720 5 57
1721 5 55
1736 5 49
1738 5 67
1739 5 46
1742 5 49
1743 5 53
1744 5 52
1756 5 51
1762 5 69
1766 5 55
1768 5 60
1773 5 59
1778 5 63
1790 5 51
1794 5 46
1805 5 44
1808 5 49
1813 5 37
1816 5 47
1836 5 45
1843 5 59
1847 5 45
1852 5 43
1856 5 41
1862 5 48
1868 5 41
1869 5 48
1875 5 46
1876 5 35
1879 5 43
1885 5 50
1897 5 34
1898 5 42
1905 5 39
1908 5 45
1910 5 47
1928 5 60
1929 5 40
1939 5 50
1947 5 42
1949 5 41
1955 5 47
1956 5 43
1957 5 40
1961 5 46
1967 5 39
1971 5 43
1975 5 39
1977 5 38
1980 5 33
1990 5 31
1993 5 44
2002 5 34
2003 5 39
2014 5 38
2022 5 32
2034 5 39
2035 5 33
2042 5 32
2043 5 44
2045 5 30
2048 5 32
2050 5 40
2053 5 32
2061 5 36
2062 5 27
2068 5 40
2072 5 28
2073 5 38
2078 5 32
2085 5 33
2089 5 33
2100 5 32
2102 5 34
2109 5 25
2112 5 20
2115 5 33
2121 5 38
2138 5 30
2139 5 17
2143 5 30
2152 5 30
2156 5 23
2164 5 24
2196 5 18
2197 5 15
2200 5 20
2208 5 18
2209 5 25
2210 5 17
2211 5 32
2219 5 29
2223 5 26
2226 5 20
2227 5 15
2230 5 23
2231 5 21
2235 5 18
2244 5 17
2245 5 16
2249 5 23
2256 5 23
2270 5 24
2292 5 16
2298 5 20
2302 5 8
2308 5 16
2315 5 18
2326 5 19
2329 5 14
2330 5 16
2336 5 19
2342 5 13
2366 5 15
2367 5 8
2374 5 9
2376 5 11
2379 5 14
2380 5 18
2384 5 15
2398 5 12
2405 5 15
2407 5 10
2418 5 15
2432 5 22
2435 5 12
2448 5 8
2450 5 12
2454 5 11
2461 5 11
2465 5 9
2467 5 17
2468 5 12
2489 5 18
2493 5 13
2499 5 12
2507 5 12
2519 5 12
2569 5 8
2578 5 12
2589 5 5
2593 5 10
2597 5 6
2598 5 8
2604 5 4
2608 5 5
2614 5 7
2618 5 8
2622 5 8
2630 5 3
2648 5 5
2649 5 6
2652 5 3
2670 5 2
2681 5 5
2687 5 6
2693 5 5
2696 5 4
2713 5 7
2717 5 2
2720 5 6
2739 5 3
2747 5 2
2758 5 6
2759 5 4
2760 5 7
2779 5 5
2785 5 1
2799 5 3
2803 5 2
2804 5 4
2815 5 3
2826 5 2
2847 5 3
2849 5 1
2864 5 2
2865 5 2
2866 5 2
2867 5 2
2875 5 1
2877 5 1
2896 5 1
2900 5 1
2910 5 1
2923 5 1
2925 5 2
2927 5 1
2928 5 2
2970 5 1
2974 5 1
2981 5 1
2983 5 1
2986 5 1
4 6 309
5 6 281
6 6 313
7 6 301
12 6 300
14 6 321
17 6 256
18 6 285
19 6 290
26 6 291
27 6 291
28 6 267
29 6 295
32 6 307
33 6 322
35 6 302
36 6 294
37 6 267
40 6 294
43 6 285
47 6 293
48 6 291
50 6 269
51 6 286
56 6 288
59 6 278
60 6 290
65 6 275
66 6 322
67 6 296
69 6 256
73 6 267
74 6 288
75 6 299
77 6 306
78 6 287
80 6 267
83 6 285
84 6 270
87 6 276
88 6 272
90 6 295
91 6 307
94 6 292
98 6 281
100 6 259
104 6 289
105 6 304
107 6 316
108 6 287
110 6 278
115 6 281
117 6 295
118 6 252
127 6 280
134 6 277
135 6 259
139 6 264
140 6 270
141 6 250
142 6 287
145 6 253
146 6 266
148 6 275
150 6 271
153 6 293
154 6 289
155 6 271
157 6 245
158 6 307
160 6 257
161 6 293
168 6 238
169 6 261
170 6 263
173 6 292
174 6 276
181 6 232
184 6 272
188 6 279
190 6 285
191 6 250
193 6 253
194 6 232
196 6 278
197 6 258
202 6 281
206 6 264
208 6 281
210 6 250
211 6 265
215 6 268
216 6 261
219 6 278
221 6 287
222 6 271
224 6 258
226 6 265
227 6 260
228 6 266
229 6 259
232 6 270
233 6 266
235 6 277
236 6 240
237 6 251
239 6 262
240 6 242
242 6 248
249 6 288
252 6 270
254 6 270
255 6 226
257 6 231
258 6 261
260 6 261
261 6 259
265 6 242
266 6 264
267 6 250
270 6 248
273 6 260
278 6 247
283 6 272
292 6 210
296 6 273
297 6 242
306 6 267
312 6 210
316 6 236
317 6 242
319 6 274
321 6 245
322 6 226
327 6 264
333 6 219
334 6 239
338 6 247
341 6 237
342 6 237
344 6 227
349 6 239
352 6 219
356 6 223
361 6 233
363 6 244
364 6 239
365 6 214
369 6 223
370 6 218
371 6 222
377 6 198
382 6 252
385 6 248
389 6 224
390 6 231
391 6 233
395 6 206
398 6 214
400 6 231
401 6 210
402 6 208
403 6 224
404 6 216
405 6 228
408 6 215
411 6 241
412 6 210
413 6 219
414 6 220
416 6 231
417 6 214
419 6 209
430 6 219
434 6 216
435 6 221
436 6 223
437 6 215
440 6 261
441 6 237
446 6 217
452 6 193
455 6 217
456 6 214
459 6 240
462 6 235
470 6 228
477 6 211
479 6 236
480 6 212
481 6 210
482 6 210
484 6 212
485 6 201
491 6 190
495 6 227
499 6 217
501 6 213
504 6 208
505 6 210
508 6 218
510 6 209
511 6 208
513 6 200
518 6 188
520 6 185
521 6 232
523 6 168
532 6 207
535 6 198
537 6 182
539 6 187
540 6 216
549 6 188
550 6 209
554 6 208
555 6 210
561 6 183
564 6 181
565 6 175
567 6 195
568 6 190
571 6 193
574 6 201
576 6 183
577 6 207
578 6 205
580 6 197
581 6 182
582 6 223
583 6 178
585 6 201
588 6 191
590 6 216
592 6 228
593 6 194
595 6 203
597 6 192
602 6 172
606 6 176
607 6 191
612 6 185
619 6 200
622 6 197
626 6 184
627 6 174
641 6 221
643 6 210
648 6 180
652 6 164
655 6 206
659 6 194
663 6 169
668 6 174
670 6 195
673 6 204
674 6 159
681 6 173
690 6 179
700 6 157
701 6 183
702 6 187
706 6 176
709 6 170
711 6 172
716 6 165
723 6 150
728 6 198
730 6 187
734 6 149
736 6 153
742 6 137
743 6 168
745 6 165
749 6 163
754 6 173
759 6 141
760 6 152
761 6 164
764 6 148
769 6 153
770 6 174
774 6 177
776 6 182
777 6 176
783 6 170
785 6 149
786 6 163
791 6 161
792 6 159
793 6 149
795 6 154
798 6 147
800 6 146
805 6 177
806 6 160
809 6 162
813 6 159
816 6 150
818 6 140
824 6 170
825 6 149
830 6 150
831 6 184
843 6 167
848 6 151
850 6 156
851 6 164
857 6 145
863 6 146
864 6 158
866 6 162
869 6 160
870 6 156
875 6 146
880 6 143
892 6 155
895 6 154
896 6 147
897 6 174
898 6 175
901 6 153
908 6 152
910 6 144
913 6 125
922 6 166
927 6 134
930 6 139
931 6 132
936 6 138
937 6 123
941 6 158
945 6 148
946 6 147
949 6 151
950 6 151
954 6 134
957 6 142
958 6 114
959 6 129
961 6 134
967 6 150
970 6 140
975 6 138
981 6 129
988 6 135
989 6 149
994 6 137
1001 6 146
1002 6 137
1005 6 126
1006 6 139
1008 6 125
1011 6 128
1012 6 143
1016 6 150
1017 6 135
1020 6 129
1029 6 132
1030 6 132
1033 6 115
1034 6 133
1037 6 128
1044 6 129
1048 6 136
1053 6 137
1054 6 136
1059 6 134
1060 6 122
1061 6 132
1063 6 120
1065 6 135
1073 6 131
1077 6 124
1086 6 138
1090 6 118
1091 6 117
1092 6 106
1097 6 133
1098 6 113
1102 6 102
1110 6 131
1120 6 116
1123 6 128
1128 6 114
1129 6 132
1132 6 123
1138 6 99
1144 6 120
1155 6 116
1157 6 118
1167 6 108
1169 6 111
1170 6 107
1172 6 107
1175 6 118
1176 6 113
1180 6 116
1182 6 108
1191 6 90
1197 6 85
1209 6 110
1213 6 98
1222 6 113
1225 6 121
1230 6 110
1231 6 114
1237 6 102
1240 6 107
1249 6 108
1252 6 98
1257 6 117
1274 6 95
1276 6 106
1280 6 96
1287 6 112
1298 6 106
1308 6 97
1310 6 99
1311 6 93
1312 6 108
1313 6 92
1317 6 98
1319 6 90
1323 6 101
1329 6 102
1330 6 88
1332 6 88
1340 6 112
1341 6 94
1342 6 95
1358 6 90
1368 6 103
1377 6 100
1378 6 77
1386 6 87
1398 6 81
1404 6 89
1405 6 78
1411 6 97
1420 6 81
1431 6 75
1434 6 75
1440 6 88
1449 6 66
1454 6 89
1455 6 82
1464 6 81
1476 6 72
1478 6 96
1484 6 65
1485 6 79
1490 6 72
1493 6 82
1497 6 72
1500 6 61
1507 6 79
1510 6 69
1519 6 74
1521 6 63
1532 6 75
1535 6 88
1544 6 67
1548 6 68
1550 6 71
1552 6 63
1557 6 62
1576 6 77
1577 6 77
1584 6 69
1587 6 72
1588 6 54
1593 6 64
1595 6 73
1596 6 53
1599 6 60
1613 6 55
1616 6 53
1620 6 75
1625 6 56
1630 6 62
1631 6 56
1642 6 62
1643 6 68
1649 6 65
1650 6 64
1655 6 58
1660 6 67
1663 6 66
1671 6 55
1684 6 66
1691 6 53
1706 6 52
1720 6 55
1731 6 61
1732 6 70
1734 6 61
1748 6 49
1751 6 51
1760 6 53
1763 6 73
1768 6 61
1770 6 41
1775 6 44
1780 6 66
1782 6 56
1793 6 52
1797 6 53
1811 6 62
1815 6 43
1816 6 63
1821 6 53
1839 6 45
1846 6 51
1856 6 41
1863 6 55
1866 6 63
1869 6 61
1879 6 55
1883 6 29
1884 6 34
1892 6 40
1896 6 46
1898 6 48
1903 6 47
1906 6 39
1917 6 37
1919 6 47
1921 6 50
1924 6 37
1931 6 39
1938 6 39
1942 6 30
1950 6 38
1952 6 29
1956 6 37
1964 6 33
1967 6 36
1968 6 30
1978 6 38
1980 6 40
1985 6 30
1991 6 42
1993 6 32
2007 6 39
2009 6 50
2017 6 25
2018 6 32
2020 6 38
2031 6 31
2032 6 37
2034 6 34
2042 6 37
2055 6 31
2058 6 47
2061 6 39
2064 6 25
2070 6 31
2072 6 21
2076 6 25
2094 6 17
2095 6 29
2107 6 39
2109 6 20
2122 6 35
2139 6 20
2140 6 27
2154 6 26
2163 6 27
2180 6 27
2197 6 27
2201 6 23
2205 6 21
2207 6 25
2216 6 19
2220 6 16
2232 6 24
2234 6 23
2239 6 20
2256 6 24
2269 6 20
2274 6 18
2276 6 22
2299 6 15
2302 6 24
2304 6 21
2308 6 26
2319 6 13
2322 6 16
2343 6 13
2362 6 21
2383 6 9
2385 6 12
2401 6 15
2408 6 18
2409 6 19
2412 6 15
2430 6 13
2433 6 11
2435 6 8
2444 6 12
2447 6 9
2469 6 9
2473 6 7
2476 6 12
2497 6 9
2499 6 7
2500 6 8
2503 6 6
2511 6 14
2523 6 14
2536 6 12
2541 6 7
2542 6 7
2543 6 8
2552 6 7
2574 6 6
2579 6 5
2591 6 10
2596 6 10
2605 6 7
2610 6 10
2616 6 11
2620 6 5
2628 6 4
2635 6 10
2636 6 3
2659 6 8
2666 6 4
2668 6 3
2677 6 9
2679 6 5
2688 6 4
2692 6 2
2708 6 5
2735 6 3
2736 6 5
2759 6 4
2764 6 2
2781 6 2
2782 6 2
2787 6 2
2790 6 1
2803 6 2
2812 6 3
2814 6 2
2823 6 1
2826 6 3
2829 6 1
2833 6 5
2835 6 2
2838 6 2
2842 6 4
2845 6 2
2849 6 2
2851 6 2
2854 6 1
2856 6 2
2866 6 3
2872 6 1
2883 6 2
2889 6 1
2910 6 1
2916 6 2
2919 6 2
2921 6 1
2925 6 1
2943 6 1
2951 6 1
2952 6 2
2999 6 1
0 7 312
1 7 314
2 7 300
7 7 306
9 7 303
11 7 283
12 7 283
14 7 299
15 7 303
16 7 284
17 7 299
21 7 299
26 7 309
28 7 266
29 7 287
30 7 310
35 7 288
36 7 284
37 7 323
38 7 288
39 7 312
41 7 286
44 7 306
45 7 281
46 7 313
56 7 329
57 7 287
58 7 294
67 7 284
70 7 310
71 7 287
75 7 271
79 7 291
81 7 288
82 7 276
84 7 268
86 7 313
93 7 274
94 7 276
95 7 262
96 7 275
97 7 285
101 7 265
102 7 250
108 7 301
111 7 274
114 7 268
115 7 312
116 7 313
117 7 286
118 7 260
121 7 281
123 7 278
124 7 284
127 7 284
131 7 294
133 7 275
134 7 290
135 7 282
139 7 260
140 7 299
142 7 284
143 7 281
144 7 273
153 7 265
155 7 270
156 7 270
163 7 249
168 7 263
169 7 279
170 7 281
171 7 284
175 7 267
176 7 272
177 7 271
186 7 271
189 7 254
191 7 285
194 7 240
197 7 272
198 7 247
202 7 286
204 7 278
205 7 267
206 7 257
207 7 262
211 7 266
212 7 288
213 7 266
220 7 290
226 7 254
228 7 260
235 7 235
237 7 255
239 7 259
243 7 251
247 7 246
248 7 253
249 7 253
251 7 285
252 7 254
254 7 260
256 7 236
257 7 248
259 7 250
260 7 247
261 7 247
265 7 259
267 7 256
271 7 257
272 7 241
274 7 277
275 7 265
282 7 247
284 7 248
286 7 252
287 7 249
288 7 274
291 7 236
293 7 227
294 7 246
295 7 232
296 7 255
298 7 248
300 7 242
302 7 257
304 7 219
306 7 250
308 7 252
310 7 241
312 7 249
314 7 230
315 7 244
318 7 254
320 7 233
321 7 254
322 7 236
326 7 249
327 7 246
329 7 238
330 7 250
333 7 247
336 7 250
337 7 243
338 7 245
340 7 231
342 7 261
343 7 232
345 7 207
350 7 239
351 7 252
355 7 252
364 7 227
368 7 239
371 7 211
374 7 235
376 7 231
377 7 234
378 7 231
381 7 204
384 7 212
389 7 194
392 7 242
395 7 231
398 7 212
404 7 210
407 7 211
410 7 221
414 7 233
417 7 227
421 7 195
424 7 209
425 7 204
428 7 220
429 7 210
431 7 192
433 7 208
434 7 247
440 7 205
442 7 239
443 7 224
446 7 225
447 7 269
448 7 218
454 7 206
455 7 218
456 7 209
457 7 232
458 7 220
460 7 234
461 7 194
464 7 229
467 7 225
468 7 219
470 7 201
471 7 214
474 7 219
477 7 230
484 7 222
485 7 238
486 7 223
491 7 195
492 7 206
494 7 237
495 7 183
499 7 189
507 7 193
512 7 218
518 7 186
522 7 163
526 7 169
528 7 246
531 7 209
534 7 218
540 7 205
543 7 196
549 7 214
554 7 213
556 7 197
561 7 177
563 7 235
566 7 163
567 7 212
573 7 168
574 7 215
578 7 186
579 7 204
581 7 201
582 7 186
585 7 199
587 7 222
588 7 203
594 7 187
598 7 211
599 7 197
603 7 186
604 7 216
605 7 195
607 7 199
616 7 211
619 7 175
621 7 165
622 7 177
628 7 205
634 7 180
635 7 184
636 7 210
637 7 165
639 7 191
640 7 172
643 7 192
644 7 186
645 7 193
650 7 188
651 7 198
652 7 188
659 7 158
660 7 177
663 7 168
664 7 190
666 7 156
677 7 183
679 7 203
680 7 174
686 7 190
702 7 153
706 7 169
711 7 180
712 7 163
724 7 149
726 7 185
729 7 187
734 7 185
744 7 173
748 7 161
757 7 163
758 7 170
759 7 173
760 7 168
761 7 185
762 7 173
765 7 183
772 7 162
774 7 177
777 7 175
780 7 168
781 7 170
783 7 176
787 7 170
788 7 174
790 7 164
795 7 145
796 7 159
804 7 157
805 7 175
809 7 151
810 7 156
813 7 179
821 7 160
824 7 153
826 7 154
827 7 181
828 7 167
830 7 175
833 7 163
837 7 148
840 7 160
841 7 158
843 7 156
844 7 169
845 7 155
849 7 151
855 7 172
856 7 148
858 7 163
860 7 137
862 7 144
864 7 147
866 7 160
869 7 149
870 7 167
875 7 161
878 7 151
879 7 161
880 7 142
883 7 136
884 7 145
885 7 136
886 7 121
894 7 145
897 7 135
903 7 123
906 7 145
909 7 139
912 7 141
914 7 132
915 7 162
921 7 136
923 7 150
924 7 152
927 7 131
934 7 158
938 7 122
941 7 115
943 7 144
944 7 133
945 7 151
948 7 130
960 7 131
961 7 116
962 7 131
966 7 142
978 7 140
979 7 134
983 7 139
986 7 147
992 7 151
993 7 133
996 7 143
999 7 127
1001 7 142
1002 7 114
1011 7 147
1013 7 147
1015 7 135
1018 7 127
1023 7 127
1026 7 124
1033 7 119
1035 7 133
1036 7 126
1037 7 125
1038 7 136
1043 7 121
1044 7 112
1046 7 147
1048 7 125
1055 7 141
1059 7 146
1062 7 146
1063 7 119
1065 7 164
1066 7 112
1072 7 143
1077 7 143
1080 7 133
1081 7 128
1088 7 132
1091 7 135
1098 7 118
1104 7 124
1106 7 124
1107 7 121
1108 7 107
1111 7 113
1115 7 121
1120 7 123
1133 7 121
1134 7 104
1135 7 112
1138 7 107
1144 7 144
1146 7 116
1147 7 116
1148 7 99
1149 7 115
1150 7 86
1155 7 112
1160 7 106
1165 7 100
1175 7 120
1180 7 108
1182 7 115
1189 7 108
1191 7 112
1193 7 127
1197 7 99
1203 7 106
1210 7 106
1213 7 105
1221 7 106
1225 7 102
1234 7 121
1236 7 94
1237 7 109
1241 7 119
1244 7 122
1250 7 108
1260 7 99
1263 7 103
1264 7 97
1267 7 92
1269 7 90
1270 7 94
1271 7 92
1273 7 105
1279 7 105
1283 7 86
1284 7 107
1289 7 116
1293 7 102
1296 7 96
1298 7 101
1304 7 79
1306 7 100
1310 7 78
1315 7 92
1321 7 90
1326 7 104
1335 7 110
1337 7 100
1338 7 93
1339 7 100
1343 7 95
1344 7 77
1348 7 86
1357 7 83
1359 7 101
1365 7 90
1366 7 99
1369 7 102
1374 7 94
1378 7 91
1380 7 87
1383 7 81
1387 7 83
1388 7 99
1389 7 82
1393 7 107
1408 7 95
1409 7 88
1416 7 89
1417 7 74
1425 7 66
1426 7 81
1428 7 96
1431 7 103
1437 7 80
1441 7 84
1443 7 105
1451 7 76
1456 7 81
1466 7 88
1468 7 73
1472 7 63
1480 7 84
1485 7 85
1490 7 72
1492 7 73
1494 7 76
1495 7 83
1498 7 75
1503 7 75
1505 7 91
1508 7 76
1511 7 75
1513 7 70
1514 7 60
1515 7 70
1516 7 80
1518 7 74
1538 7 77
1559 7 81
1565 7 63
1567 7 79
1573 7 64
1574 7 81
1576 7 73
1578 7 62
1584 7 65
1588 7 57
1593 7 68
1594 7 65
1595 7 61
1596 7 76
1612 7 66
1616 7 58
1623 7 52
1628 7 55
1631 7 60
1641 7 70
1658 7 61
1666 7 55
1668 7 52
1669 7 54
1674 7 58
1675 7 46
1681 7 52
1685 7 63
1691 7 55
1700 7 68
1702 7 56
1703 7 59
1707 7 54
1710 7 57
1714 7 63
1717 7 69
1721 7 62
1724 7 56
1732 7 75
1735 7 48
1736 7 52
1737 7 55
1742 7 50
1748 7 53
1753 7 51
1754 7 61
1755 7 47
1778 7 39
1785 7 56
1788 7 55
1792 7 42
1814 7 54
1825 7 37
1844 7 49
1866 7 39
1869 7 46
1870 7 55
1890 7 35
1891 7 44
1894 7 47
1895 7 54
1902 7 46
1904 7 37
1905 7 39
1907 7 41
1914 7 37
1919 7 40
1928 7 43
1929 7 44
1930 7 39
1938 7 50
1943 7 37
1945 7 47
1946 7 26
1954 7 29
1955 7 37
1956 7 25
1961 7 43
1962 7 38
1964 7 37
1971 7 44
1972 7 46
2004 7 44
2005 7 29
2007 7 35
2009 7 37
2035 7 27
2045 7 34
2053 7 32
2054 7 34
2057 7 31
2060 7 35
2065 7 36
2073 7 34
2091 7 29
2093 7 32
2106 7 29
2113 7 30
2123 7 26
2129 7 24
2145 7 34
2147 7 26
2156 7 35
2180 7 20
2181 7 25
2184 7 20
2190 7 14
2195 7 22
2196 7 21
2207 7 20
2208 7 27
2221 7 26
2222 7 33
2224 7 26
2232 7 18
2235 7 16
2243 7 20
2251 7 21
2255 7 21
2280 7 12
2282 7 15
2299 7 17
2324 7 26
2338 7 15
2340 7 16
2341 7 19
2343 7 19
2344 7 21
2365 7 15
2375 7 16
2384 7 13
2391 7 18
2396 7 10
2399 7 9
2400 7 15
2405 7 10
2408 7 10
2412 7 17
2441 7 13
2445 7 13
2454 7 13
2455 7 18
2475 7 7
2480 7 12
2485 7 9
2499 7 11
2501 7 15
2506 7 12
2513 7 10
2519 7 8
2529 7 7
2541 7 13
2554 7 11
2561 7 13
2573 7 6
2576 7 6
2579 7 7
2586 7 5
2591 7 7
2595 7 5
2605 7 10
2612 7 9
2617 7 9
2647 7 6
2666 7 7
2668 7 6
2675 7 4
2687 7 4
2706 7 4
2708 7 6
2724 7 5
2732 7 2
2740 7 2
2748 7 4
2750 7 1
2755 7 2
2763 7 3
2765 7 3
2793 7 4
2794 7 1
2814 7 2
2819 7 3
2838 7 1
2844 7 1
2860 7 2
2868 7 2
2873 7 1
2881 7 4
2885 7 2
2902 7 1
2910 7 2
2923 7 2
2933 7 1
2938 7 1
2942 7 1
2943 7 1
2962 7 2
2990 7 2
1 8 323
2 8 291
3 8 292
4 8 283
8 8 301
12 8 309
17 8 287
20 8 309
22 8 276
24 8 301
27 8 291
30 8 310
31 8 287
35 8 284
36 8 306
37 8 292
38 8 279
40 8 301
47 8 284
52 8 290
54 8 300
56 8 307
57 8 270
60 8 303
62 8 279
63 8 264
67 8 312
68 8 281
72 8 263
76 8 304
78 8 281
79 8 256
82 8 280
83 8 314
98 8 299
100 8 285
104 8 263
106 8 307
110 8 272
112 8 290
116 8 297
117 8 263
119 8 287
120 8 271
121 8 298
122 8 270
126 8 269
128 8 250
136 8 281
137 8 284
140 8 289
148 8 301
149 8 287
155 8 295
156 8 256
157 8 259
159 8 240
168 8 283
175 8 256
176 8 255
177 8 266
179 8 245
185 8 253
186 8 300
188 8 260
189 8 263
191 8 258
193 8 268
194 8 276
195 8 226
199 8 281
202 8 256
203 8 283
204 8 243
208 8 225
209 8 261
210 8 256
214 8 246
216 8 272
217 8 261
218 8 281
221 8 267
222 8 254
225 8 261
227 8 264
228 8 257
232 8 247
237 8 239
238 8 284
239 8 248
242 8 259
246 8 261
247 8 261
251 8 260
255 8 236
259 8 258
262 8 254
263 8 245
265 8 256
267 8 239
268 8 237
270 8 225
275 8 238
278 8 243
279 8 234
280 8 247
283 8 250
286 8 231
287 8 273
289 8 250
290 8 251
300 8 273
301 8 264
302 8 234
305 8 244
306 8 210
307 8 234
308 8 237
315 8 249
317 8 251
319 8 236
321 8 250
322 8 289
324 8 243
327 8 205
329 8 250
334 8 221
335 8 220
337 8 223
340 8 243
343 8 229
344 8 204
347 8 256
348 8 212
349 8 241
355 8 219
358 8 239
362 8 233
366 8 243
368 8 236
373 8 233
379 8 257
384 8 249
385 8 218
386 8 229
389 8 212
395 8 229
398 8 229
400 8 228
401 8 219
410 8 254
412 8 216
413 8 224
415 8 225
420 8 239
421 8 230
425 8 217
428 8 240
430 8 202
436 8 232
437 8 230
439 8 214
444 8 221
445 8 207
448 8 233
455 8 223
457 8 202
459 8 222
460 8 193
461 8 204
462 8 217
464 8 234
471 8 221
472 8 226
474 8 209
475 8 214
478 8 231
480 8 235
482 8 196
484 8 190
490 8 181
492 8 234
494 8 226
495 8 218
499 8 209
501 8 216
504 8 217
506 8 212
510 8 225
511 8 207
512 8 230
513 8 184
516 8 205
517 8 187
518 8 198
520 8 206
521 8 194
522 8 194
524 8 202
525 8 215
527 8 236
531 8 206
532 8 178
538 8 218
541 8 189
543 8 181
544 8 185
545 8 178
546 8 192
547 8 210
549 8 194
552 8 210
553 8 185
555 8 212
556 8 180
563 8 188
564 8 187
576 8 189
580 8 187
581 8 185
584 8 206
588 8 159
590 8 188
592 8 189
596 8 173
597 8 186
598 8 192
599 8 201
602 8 198
605 8 199
607 8 184
615 8 206
616 8 174
619 8 192
625 8 188
627 8 182
628 8 192
634 8 180
635 8 167
638 8 198
639 8 195
642 8 188
647 8 208
649 8 193
664 8 166
668 8 181
671 8 175
674 8 174
676 8 174
680 8 183
682 8 177
683 8 201
687 8 193
696 8 165
699 8 203
701 8 177
706 8 170
708 8 153
712 8 150
721 8 185
726 8 183
730 8 169
732 8 189
735 8 182
736 8 150
737 8 178
738 8 154
741 8 179
745 8 168
747 8 133
748 8 188
752 8 165
753 8 184
759 8 162
774 8 171
788 8 187
793 8 154
794 8 142
795 8 165
798 8 155
802 8 156
813 8 172
815 8 143
818 8 145
829 8 153
830 8 152
848 8 158
856 8 145
858 8 141
859 8 176
860 8 151
861 8 141
871 8 160
873 8 172
878 8 143
881 8 172
883 8 154
887 8 165
889 8 123
894 8 180
897 8 140
899 8 146
905 8 150
908 8 155
912 8 173
913 8 141
914 8 139
923 8 137
926 8 137
927 8 137
931 8 151
934 8 146
937 8 148
939 8 125
941 8 149
943 8 133
944 8 146
948 8 157
949 8 127
953 8 147
955 8 141
957 8 136
958 8 133
961 8 120
966 8 135
972 8 161
975 8 152
976 8 152
981 8 127
982 8 152
984 8 135
985 8 173
987 8 143
995 8 134
999 8 140
1000 8 150
1006 8 142
1008 8 140
1009 8 136
1011 8 143
1012 8 141
1014 8 128
1017 8 139
1020 8 123
1021 8 126
1024 8 128
1026 8 128
1031 8 125
1033 8 127
1038 8 121
1040 8 132
1044 8 128
1049 8 131
1050 8 128
1052 8 148
1056 8 137
1058 8 117
1060 8 155
1066 8 113
1068 8 125
1069 8 144
1091 8 105
1092 8 131
1104 8 121
1112 8 118
1118 8 121
1120 8 119
1131 8 111
1133 8 120
1139 8 118
1140 8 121
1141 8 112
1142 8 130
1148 8 115
1149 8 116
1155 8 105
1156 8 101
1159 8 147
1168 8 126
1170 8 98
1173 8 111
1178 8 113
1179 8 132
1182 8 109
1186 8 103
1188 8 96
1190 8 99
1192 8 126
1196 8 116
1197 8 129
1206 8 98
1207 8 91
1208 8 120
1211 8 113
1216 8 120
1221 8 121
1226 8 94
1242 8 105
1246 8 114
1247 8 107
1252 8 89
1253 8 121
1256 8 101
1261 8 97
1262 8 103
1276 8 106
1280 8 114
1291 8 85
1292 8 89
1300 8 107
1310 8 93
1319 8 103
1322 8 98
1326 8 102
1327 8 90
1328 8 89
1332 8 111
1341 8 92
1351 8 99
1352 8 83
1354 8 84
1361 8 99
1366 8 94
1367 8 63
1374 8 96
1376 8 103
1379 8 90
1382 8 97
1383 8 99
1394 8 83
1407 8 90
1408 8 91
1413 8 82
1414 8 103
1415 8 86
1419 8 84
1421 8 90
1425 8 83
1427 8 84
1441 8 87
1444 8 81
1447 8 81
1448 8 93
1451 8 81
1453 8 74
1470 8 80
1471 8 78
1472 8 66
1475 8 61
1482 8 79
1489 8 83
1494 8 80
1507 8 76
1511 8 75
1513 8 63
1516 8 70
1521 8 85
1524 8 73
1528 8 71
1530 8 77
1531 8 76
1539 8 63
1540 8 73
1543 8 80
1550 8 62
1566 8 71
1568 8 81
1569 8 62
1576 8 64
1578 8 66
1589 8 71
1601 8 67
1606 8 78
1617 8 79
1622 8 61
1623 8 68
1633 8 58
1639 8 84
1645 8 51
1663 8 71
1667 8 75
1673 8 66
1675 8 66
1680 8 50
1685 8 63
1688 8 60
1694 8 55
1714 8 46
1759 8 48
1760 8 72
1770 8 55
1772 8 46
1775 8 59
1780 8 60
1786 8 49
1788 8 43
1796 8 55
1808 8 52
1809 8 49
1818 8 45
1820 8 49
1823 8 42
1827 8 48
1833 8 42
1834 8 42
1836 8 42
1839 8 49
1841 8 44
1849 8 52
1850 8 31
1856 8 54
1857 8 39
1859 8 46
1862 8 46
1866 8 41
1871 8 34
1875 8 44
1881 8 43
1883 8 47
1891 8 40
1894 8 39
1897 8 45
1904 8 34
1917 8 33
1923 8 48
1925 8 34
1935 8 31
1937 8 37
1940 8 48
1945 8 38
1949 8 41
1951 8 34
1968 8 44
1978 8 23
1979 8 34
1982 8 44
1983 8 45
1994 8 36
2004 8 33
2009 8 23
2028 8 28
2033 8 37
2040 8 36
2087 8 30
2092 8 38
2102 8 24
2107 8 33
2110 8 31
2116 8 29
2117 8 27
2121 8 35
2138 8 27
2156 8 26
2157 8 29
2160 8 28
2165 8 21
2173 8 18
2180 8 21
2194 8 30
2207 8 26
2215 8 18
2226 8 25
2231 8 24
2236 8 21
2238 8 18
2253 8 19
2254 8 27
2265 8 20
2281 8 15
2284 8 26
2286 8 18
2294 8 20
2297 8 21
2303 8 6
2312 8 16
2318 8 23
2322 8 17
2327 8 25
2333 8 19
2343 8 16
2345 8 15
2360 8 17
2386 8 18
2396 8 25
2399 8 14
2415 8 18
2429 8 13
2437 8 8
2442 8 9
2453 8 16
2455 8 16
2458 8 14
2461 8 8
2469 8 9
2470 8 22
2483 8 12
2486 8 9
2510 8 9
2511 8 9
2524 8 8
2530 8 10
2534 8 9
2540 8 11
2548 8 8
2572 8 6
2576 8 7
2589 8 3
2596 8 9
2599 8 9
2605 8 9
2609 8 9
2617 8 6
2620 8 11
2623 8 6
2627 8 6
2630 8 2
2641 8 4
2644 8 5
2655 8 8
2663 8 3
2676 8 4
2677 8 3
2678 8 4
2682 8 3
2686 8 6
2697 8 4
2702 8 6
2709 8 6
2711 8 4
2714 8 4
2739 8 2
2754 8 3
2766 8 3
2769 8 4
2775 8 6
2795 8 3
2810 8 2
2818 8 2
2831 8 3
2843 8 2
2847 8 1
2850 8 1
2870 8 1
2877 8 2
2891 8 1
2895 8 1
2896 8 1
2900 8 2
2901 8 2
2912 8 1
2913 8 1
2923 8 2
2926 8 2
2935 8 1
2945 8 2
2950 8 1
2958 8 1
2963 8 1
2969 8 1
2973 8 1
2981 8 1
2987 8 1
2994 8 1
2997 8 2
1 9 292
3 9 270
4 9 295
5 9 309
6 9 267
8 9 297
10 9 316
13 9 268
15 9 297
16 9 300
20 9 287
21 9 319
23 9 274
24 9 308
29 9 326
31 9 312
32 9 287
33 9 293
34 9 316
35 9 308
37 9 279
43 9 283
44 9 273
46 9 323
47 9 284
49 9 330
50 9 285
53 9 290
54 9 281
55 9 292
56 9 339
58 9 271
59 9 292
60 9 305
66 9 329
72 9 261
73 9 270
75 9 312
77 9 287
78 9 288
83 9 274
89 9 272
90 9 301
93 9 280
95 9 272
98 9 262
103 9 256
105 9 265
106 9 247
109 9 259
110 9 293
113 9 262
118 9 275
119 9 259
120 9 273
121 9 309
124 9 272
128 9 304
129 9 276
130 9 276
131 9 259
134 9 251
137 9 297
140 9 235
141 9 258
144 9 270
145 9 270
146 9 275
147 9 265
148 9 289
151 9 247
153 9 267
156 9 289
157 9 274
160 9 262
162 9 298
164 9 263
170 9 262
176 9 257
179 9 241
181 9 253
192 9 274
194 9 251
196 9 234
200 9 250
202 9 265
208 9 263
213 9 262
214 9 266
215 9 255
216 9 224
217 9 240
219 9 259
220 9 265
222 9 238
224 9 238
228 9 234
230 9 244
233 9 255
235 9 274
236 9 242
248 9 233
249 9 256
250 9 271
253 9 212
255 9 251
258 9 240
261 9 241
262 9 280
264 9 266
273 9 250
275 9 264
277 9 241
278 9 214
280 9 242
291 9 245
297 9 226
298 9 230
300 9 273
303 9 242
304 9 246
308 9 232
313 9 267
315 9 218
317 9 223
318 9 258
321 9 240
323 9 257
324 9 237
325 9 249
326 9 260
327 9 241
329 9 223
331 9 216
332 9 258
335 9 213
336 9 227
345 9 216
349 9 235
359 9 233
369 9 249
374 9 230
375 9 234
380 9 219
385 9 215
386 9 219
387 9 248
391 9 217
392 9 245
393 9 234
396 9 224
399 9 226
400 9 223
401 9 234
404 9 247
405 9 237
407 9 194
415 9 220
416 9 223
419 9 226
421 9 195
422 9 228
423 9 228
424 9 227
426 9 242
433 9 212
435 9 199
440 9 220
444 9 229
449 9 225
450 9 233
453 9 219
456 9 231
458 9 221
459 9 233
461 9 218
462 9 212
464 9 210
466 9 203
467 9 226
468 9 212
469 9 220
473 9 231
479 9 231
482 9 233
486 9 195
487 9 198
489 9 210
493 9 219
495 9 186
497 9 194
501 9 213
504 9 240
507 9 190
509 9 218
511 9 230
517 9 214
521 9 219
522 9 190
524 9 180
525 9 195
528 9 201
534 9 214
539 9 191
545 9 193
546 9 209
552 9 197
557 9 224
560 9 192
561 9 190
564 9 180
565 9 204
566 9 201
572 9 196
577 9 196
580 9 178
582 9 202
584 9 204
588 9 202
590 9 188
595 9 189
596 9 201
598 9 209
602 9 198
605 9 197
609 9 174
613 9 191
614 9 184
615 9 196
617 9 185
618 9 198
619 9 217
621 9 211
622 9 187
623 9 172
626 9 176
629 9 220
630 9 185
632 9 180
639 9 173
640 9 197
647 9 196
648 9 181
651 9 180
652 9 197
653 9 195
658 9 177
661 9 154
664 9 171
665 9 212
666 9 192
667 9 176
670 9 193
672 9 213
676 9 197
677 9 168
678 9 211
679 9 180
682 9 182
684 9 187
694 9 182
696 9 180
699 9 168
700 9 163
707 9 186
708 9 184
714 9 184
715 9 184
719 9 180
723 9 163
724 9 160
729 9 182
736 9 179
738 9 172
739 9 179
755 9 164
759 9 138
762 9 194
763 9 171
765 9 163
773 9 167
775 9 184
777 9 181
782 9 169
784 9 163
789 9 144
790 9 182
792 9 157
796 9 161
801 9 158
805 9 175
807 9 162
812 9 165
819 9 171
828 9 147
836 9 149
841 9 166
842 9 167
854 9 169
855 9 145
862 9 164
876 9 149
877 9 168
878 9 173
885 9 153
890 9 167
898 9 149
902 9 153
904 9 145
905 9 158
909 9 158
919 9 117
921 9 156
922 9 161
923 9 143
927 9 142
928 9 167
930 9 152
932 9 154
936 9 156
937 9 141
941 9 156
942 9 130
945 9 137
946 9 147
952 9 131
955 9 153
965 9 122
973 9 141
974 9 117
979 9 151
980 9 145
981 9 123
1003 9 133
1007 9 155
1008 9 144
1010 9 153
1013 9 131
1015 9 111
1019 9 144
1030 9 140
1039 9 125
1043 9 134
1047 9 121
1049 9 136
1051 9 136
1053 9 133
1056 9 113
1057 9 139
1059 9 128
1064 9 143
1065 9 121
1073 9 112
1074 9 122
1076 9 114
1080 9 123
1082 9 105
1083 9 128
1085 9 105
1086 9 133
1088 9 98
1089 9 130
1095 9 110
1098 9 112
1099 9 140
1103 9 120
1109 9 114
1123 9 98
1134 9 110
1138 9 101
1139 9 114
1142 9 111
1146 9 102
1148 9 115
1149 9 96
1152 9 137
1157 9 105
1160 9 93
1172 9 115
1174 9 112
1176 9 101
1181 9 116
1183 9 143
1186 9 125
1190 9 88
1191 9 89
1197 9 103
1199 9 99
1202 9 100
1211 9 87
1212 9 105
1219 9 105
1225 9 119
1229 9 103
1231 9 129
1234 9 96
1240 9 126
1242 9 106
1244 9 98
1246 9 91
1247 9 109
1248 9 100
1249 9 107
1251 9 103
1253 9 103
1260 9 110
1264 9 82
1266 9 138
1267 9 105
1270 9 90
1272 9 97
1274 9 102
1279 9 110
1283 9 102
1287 9 88
1293 9 115
1294 9 114
1300 9 100
1302 9 110
1303 9 96
1305 9 82
1308 9 101
1314 9 94
1315 9 91
1316 9 116
1318 9 95
1321 9 81
1322 9 90
1323 9 93
1324 9 86
1326 9 121
1334 9 76
1335 9 85
1341 9 91
1342 9 82
1352 9 88
1353 9 97
1366 9 100
1368 9 88
1375 9 104
1377 9 97
1378 9 92
1380 9 94
1381 9 85
1384 9 89
1390 9 78
1406 9 89
1411 9 85
1413 9 78
1425 9 92
1426 9 73
1434 9 92
1437 9 76
1438 9 77
1446 9 72
1450 9 77
1457 9 84
1464 9 84
1468 9 67
1473 9 80
1474 9 86
1475 9 94
1479 9 81
1483 9 84
1486 9 90
1487 9 87
1497 9 86
1499 9 87
1501 9 76
1516 9 76
1518 9 65
1522 9 60
1525 9 80
1526 9 77
1540 9 79
1542 9 68
1545 9 71
1546 9 81
1549 9 77
1553 9 63
1560 9 69
1563 9 75
1575 9 76
1593 9 76
1595 9 76
1596 9 73
1599 9 58
1600 9 63
1607 9 73
1612 9 65
1613 9 70
1621 9 69
1624 9 58
1626 9 65
1633 9 54
1642 9 62
1644 9 59
1647 9 55
1657 9 63
1658 9 62
1659 9 57
1670 9 59
1676 9 56
1691 9 60
1693 9 61
1694 9 56
1696 9 60
1704 9 68
1707 9 51
1711 9 66
1713 9 56
1721 9 67
1726 9 51
1730 9 56
1746 9 57
1750 9 59
1761 9 60
1762 9 67
1763 9 52
1767 9 53
1776 9 55
1777 9 56
1785 9 52
1786 9 55
1787 9 54
1790 9 53
1800 9 59
1808 9 55
1812 9 37
1813 9 70
1818 9 40
1820 9 59
1828 9 45
1829 9 50
1831 9 52
1833 9 55
1836 9 53
1840 9 65
1842 9 47
1854 9 48
1856 9 52
1857 9 50
1865 9 60
1869 9 33
1871 9 34
1872 9 42
1874 9 54
1875 9 50
1896 9 52
1897 9 42
1900 9 39
1909 9 38
1910 9 59
1913 9 35
1932 9 55
1936 9 37
1937 9 41
1940 9 43
1953 9 35
1958 9 37
1959 9 34
1977 9 41
1978 9 38
1984 9 24
1995 9 36
1998 9 33
2020 9 35
2023 9 35
2025 9 34
2030 9 38
2034 9 35
2057 9 33
2058 9 35
2060 9 26
2064 9 34
2078 9 25
2084 9 27
2089 9 33
2099 9 36
2102 9 21
2103 9 30
2108 9 30
2131 9 29
2139 9 26
2142 9 26
2150 9 24
2158 9 23
2159 9 28
2161 9 26
2185 9 15
2187 9 27
2190 9 32
2198 9 18
2203 9 25
2223 9 12
2236 9 17
2237 9 22
2248 9 26
2263 9 24
2267 9 21
2275 9 16
2298 9 23
2308 9 18
2318 9 16
2322 9 14
2330 9 20
2333 9 8
2335 9 11
2360 9 11
2377 9 16
2393 9 15
2399 9 9
2400 9 17
2414 9 17
2419 9 5
2436 9 16
2439 9 8
2441 9 9
2462 9 8
2464 9 12
2465 9 7
2480 9 11
2482 9 9
2486 9 17
2496 9 7
2515 9 6
2517 9 11
2520 9 11
2525 9 9
2534 9 11
2542 9 4
2543 9 12
2565 9 10
2567 9 5
2571 9 4
2573 9 4
2581 9 4
2583 9 11
2587 9 9
2596 9 6
2610 9 7
2632 9 7
2633 9 8
2636 9 5
2655 9 8
2656 9 5
2669 9 1
2672 9 4
2682 9 6
2691 9 5
2705 9 3
2708 9 7
2709 9 3
2716 9 6
2723 9 2
2729 9 3
2732 9 4
2746 9 4
2758 9 2
2763 9 5
2765 9 3
2790 9 2
2791 9 2
2794 9 3
2812 9 2
2814 9 4
2825 9 6
2840 9 1
2861 9 1
2862 9 3
2893 9 2
2896 9 1
2906 9 1
2907 9 1
2910 9 1
2918 9 1
2945 9 1
2951 9 1
2954 9 1
2959 9 1
2960 9 2
2980 9 1
1 10 313
3 10 325
4 10 299
9 10 296
11 10 299
13 10 320
14 10 277
18 10 285
21 10 308
24 10 336
26 10 289
29 10 300
30 10 267
31 10 302
32 10 291
33 10 297
34 10 281
36 10 314
39 10 294
40 10 296
42 10 289
46 10 303
51 10 289
53 10 291
55 10 302
57 10 281
59 10 255
60 10 320
61 10 299
63 10 306
64 10 292
66 10 276
67 10 293
68 10 258
69 10 326
70 10 259
72 10 272
73 10 277
74 10 249
76 10 289
77 10 256
80 10 284
82 10 275
86 10 271
88 10 281
90 10 281
92 10 282
93 10 290
94 10 258
96 10 303
97 10 292
99 10 281
101 10 303
106 10 261
108 10 290
111 10 261
114 10 269
121 10 293
124 10 296
130 10 275
131 10 280
132 10 294
135 10 255
136 10 235
137 10 275
141 10 285
144 10 275
148 10 257
149 10 298
151 10 272
153 10 269
155 10 294
159 10 278
165 10 233
166 10 296
167 10 287
168 10 292
170 10 273
171 10 253
175 10 286
177 10 297
181 10 266
183 10 242
186 10 279
187 10 252
188 10 258
190 10 287
191 10 249
197 10 278
198 10 281
202 10 282
203 10 250
204 10 263
206 10 255
208 10 275
209 10 277
211 10 258
212 10 286
215 10 262
217 10 281
224 10 256
225 10 247
226 10 267
233 10 247
235 10 273
237 10 277
240 10 273
241 10 244
243 10 256
248 10 250
249 10 279
251 10 260
252 10 248
254 10 235
257 10 274
258 10 269
259 10 249
265 10 265
271 10 250
274 10 243
279 10 233
281 10 241
282 10 253
283 10 278
284 10 269
286 10 260
287 10 230
290 10 272
291 10 243
295 10 221
297 10 256
302 10 200
307 10 236
308 10 230
312 10 246
313 10 255
314 10 259
315 10 224
319 10 247
320 10 258
321 10 276
324 10 241
326 10 273
328 10 252
329 10 225
330 10 239
331 10 235
332 10 218
335 10 247
336 10 262
337 10 233
338 10 241
339 10 235
346 10 243
348 10 222
349 10 257
352 10 275
355 10 249
367 10 206
368 10 228
369 10 231
370 10 250
372 10 228
373 10 201
374 10 257
376 10 242
383 10 200
386 10 242
387 10 250
389 10 222
391 10 201
393 10 236
397 10 246
403 10 255
408 10 187
409 10 222
413 10 211
415 10 222
416 10 225
417 10 231
418 10 239
421 10 217
423 10 234
424 10 252
426 10 227
432 10 220
440 10 196
443 10 227
446 10 250
448 10 215
454 10 207
455 10 232
457 10 215
458 10 218
459 10 193
466 10 215
469 10 210
470 10 200
474 10 221
475 10 190
477 10 192
478 10 198
479 10 209
480 10 212
482 10 206
486 10 230
489 10 229
491 10 239
492 10 204
493 10 212
496 10 186
501 10 240
506 10 211
507 10 205
509 10 209
510 10 224
511 10 189
513 10 222
514 10 214
517 10 208
522 10 205
523 10 223
533 10 193
534 10 217
537 10 229
538 10 217
539 10 200
540 10 182
541 10 208
542 10 214
543 10 202
548 10 213
550 10 210
551 10 198
555 10 205
560 10 220
563 10 196
567 10 206
571 10 222
572 10 208
576 10 197
581 10 194
582 10 199
584 10 195
587 10 210
589 10 185
595 10 212
599 10 206
600 10 211
601 10 201
602 10 196
604 10 210
605 10 182
611 10 184
613 10 206
622 10 196
627 10 219
628 10 202
633 10 176
634 10 208
641 10 186
653 10 165
658 10 178
660 10 170
662 10 192
663 10 209
665 10 194
671 10 183
673 10 184
674 10 175
675 10 187
678 10 200
683 10 185
684 10 175
686 10 164
690 10 167
697 10 204
704 10 202
711 10 193
713 10 160
714 10 178
721 10 181
724 10 176
727 10 175
728 10 162
730 10 184
734 10 173
737 10 183
740 10 187
743 10 202
750 10 186
751 10 166
754 10 167
756 10 153
757 10 154
759 10 182
762 10 172
763 10 169
764 10 168
766 10 180
768 10 146
770 10 181
772 10 169
773 10 179
774 10 152
777 10 177
780 10 160
783 10 150
784 10 160
785 10 157
788 10 168
794 10 143
796 10 174
800 10 178
801 10 158
807 10 163
813 10 170
815 10 163
822 10 155
824 10 169
826 10 150
827 10 162
831 10 175
836 10 162
840 10 165
841 10 151
844 10 142
846 10 165
848 10 167
849 10 145
852 10 169
853 10 178
855 10 148
867 10 162
869 10 121
873 10 159
875 10 147
878 10 137
879 10 159
880 10 158
883 10 158
887 10 149
892 10 142
895 10 149
896 10 151
897 10 164
900 10 183
905 10 142
909 10 145
912 10 149
923 10 141
924 10 166
925 10 151
926 10 135
935 10 135
936 10 136
937 10 152
939 10 144
944 10 142
948 10 145
951 10 140
952 10 163
956 10 130
958 10 152
962 10 151
967 10 146
975 10 136
977 10 135
978 10 149
988 10 138
991 10 143
992 10 146
996 10 128
1001 10 127
1010 10 144
1012 10 147
1023 10 130
1025 10 124
1028 10 142
1045 10 150
1046 10 148
1050 10 123
1053 10 141
1054 10 110
1055 10 145
1058 10 121
1059 10 137
1060 10 140
1066 10 111
1074 10 119
1076 10 136
1077 10 127
1078 10 119
1079 10 119
1106 10 129
1129 10 120
1132 10 123
1135 10 133
1143 10 113
1144 10 132
1146 10 129
1148 10 132
1151 10 129
1153 10 122
1154 10 124
1156 10 127
1157 10 122
1162 10 122
1166 10 112
1167 10 124
1170 10 132
1173 10 113
1175 10 120
1176 10 115
1177 10 115
1178 10 116
1179 10 126
1182 10 101
1184 10 108
1198 10 102
1202 10 115
1203 10 101
1206 10 98
1208 10 116
1216 10 125
1220 10 101
1234 10 89
1239 10 98
1244 10 96
1246 10 101
1248 10 86
1260 10 117
1262 10 115
1263 10 92
1271 10 109
1278 10 98
1286 10 101
1288 10 107
1295 10 105
1304 10 112
1305 10 101
1306 10 99
1308 10 94
1311 10 89
1315 10 85
1317 10 82
1324 10 98
1328 10 98
1335 10 103
1337 10 114
1348 10 111
1351 10 101
1352 10 99
1359 10 84
1367 10 97
1368 10 77
1371 10 90
1382 10 106
1385 10 93
1386 10 91
1391 10 95
1399 10 82
1400 10 82
1406 10 86
1413 10 83
1422 10 92
1426 10 102
1430 10 105
1434 10 86
1435 10 78
1440 10 76
1449 10 83
1455 10 87
1457 10 91
1458 10 71
1459 10 82
1460 10 79
1467 10 77
1471 10 70
1481 10 90
1488 10 73
1490 10 69
1492 10 83
1493 10 88
1494 10 76
1500 10 77
1504 10 76
1509 10 63
1521 10 73
1523 10 74
1527 10 66
1531 10 76
1533 10 65
1535 10 82
1539 10 74
1540 10 64
1549 10 64
1551 10 85
1563 10 86
1565 10 70
1580 10 72
1584 10 62
1593 10 62
1606 10 63
1611 10 70
1613 10 68
1615 10 71
1616 10 61
1632 10 63
1635 10 60
1636 10 79
1649 10 58
1655 10 59
1657 10 81
1660 10 59
1663 10 60
1664 10 68
1665 10 61
1675 10 61
1679 10 67
1691 10 59
1693 10 54
1696 10 57
1704 10 53
1708 10 55
1709 10 51
1710 10 52
1715 10 58
1722 10 60
1730 10 57
1735 10 53
1740 10 61
1745 10 58
1750 10 56
1753 10 52
1754 10 49
1755 10 57
1768 10 53
1771 10 52
1779 10 69
1786 10 47
1795 10 49
1812 10 46
1813 10 42
1845 10 56
1852 10 48
1860 10 42
1876 10 48
1878 10 38
1882 10 38
1884 10 48
1886 10 46
1893 10 43
1895 10 41
1906 10 38
1907 10 44
1909 10 40
1926 10 46
1930 10 44
1932 10 37
1937 10 40
1938 10 32
1939 10 30
1942 10 40
1945 10 43
1948 10 47
1950 10 46
1952 10 37
1953 10 45
1955 10 35
1959 10 32
1962 10 49
1965 10 43
1977 10 40
1981 10 45
1983 10 40
1987 10 42
2015 10 34
2019 10 33
2028 10 38
2031 10 28
2033 10 35
2037 10 38
2043 10 27
2058 10 37
2060 10 22
2073 10 35
2075 10 37
2090 10 28
2094 10 30
2096 10 25
2107 10 30
2142 10 31
2165 10 17
2176 10 22
2178 10 22
2181 10 25
2192 10 30
2200 10 34
2206 10 20
2215 10 20
2222 10 23
2227 10 19
2236 10 18
2237 10 25
2239 10 21
2249 10 24
2252 10 25
2273 10 19
2280 10 17
2283 10 18
2299 10 18
2303 10 18
2305 10 25
2323 10 23
2333 10 13
2334 10 19
2342 10 21
2350 10 16
2370 10 19
2388 10 11
2392 10 14
2405 10 16
2411 10 20
2413 10 13
2414 10 12
2426 10 13
2438 10 8
2458 10 9
2463 10 8
2482 10 14
2488 10 14
2491 10 8
2495 10 7
2503 10 7
2507 10 7
2530 10 10
2536 10 8
2539 10 7
2543 10 4
2558 10 13
2565 10 9
2573 10 8
2578 10 4
2583 10 8
2587 10 8
2588 10 12
2596 10 5
2603 10 10
2611 10 6
2618 10 6
2646 10 3
2652 10 3
2656 10 6
2676 10 5
2683 10 3
2689 10 6
2695 10 3
2706 10 4
2713 10 4
2715 10 7
2720 10 5
2723 10 2
2729 10 3
2732 10 6
2733 10 4
2773 10 4
2781 10 5
2788 10 2
2804 10 3
2809 10 4
2822 10 2
2823 10 4
2828 10 2
2831 10 3
2838 10 3
2842 10 4
2844 10 3
2851 10 2
2867 10 2
2875 10 2
2883 10 2
2896 10 1
2914 10 2
2937 10 1
2939 10 2
2946 10 1
2948 10 2
2954 10 1
2961 10 1
2981 10 1
2982 10 1
2995 10 1
2997 10 1
2998 10 1
0 11 307
6 11 297
7 11 275
12 11 302
14 11 277
17 11 316
18 11 331
20 11 332
22 11 297
24 11 317
26 11 252
33 11 286
36 11 271
37 11 284
38 11 294
40 11 312
45 11 290
48 11 282
49 11 309
54 11 322
55 11 288
56 11 276
60 11 275
64 11 296
67 11 271
68 11 283
69 11 280
71 11 293
73 11 280
76 11 301
79 11 299
80 11 298
83 11 293
84 11 322
85 11 251
89 11 290
97 11 261
103 11 253
104 11 279
108 11 306
109 11 285
113 11 287
118 11 265
119 11 255
120 11 288
122 11 282
125 11 273
126 11 283
130 11 293
132 11 284
133 11 275
135 11 313
137 11 265
138 11 267
139 11 281
140 11 256
143 11 259
144 11 300
149 11 275
150 11 285
151 11 278
153 11 231
159 11 291
162 11 285
165 11 272
167 11 255
168 11 263
170 11 291
171 11 274
172 11 260
173 11 271
175 11 281
181 11 271
186 11 296
187 11 262
188 11 248
189 11 253
190 11 249
191 11 263
195 11 260
200 11 280
201 11 269
203 11 255
205 11 258
212 11 256
214 11 251
215 11 247
221 11 279
222 11 242
223 11 254
224 11 250
226 11 258
232 11 270
240 11 261
244 11 229
245 11 248
248 11 243
249 11 261
250 11 226
253 11 276
255 11 256
258 11 232
259 11 266
260 11 266
262 11 238
265 11 257
266 11 244
267 11 258
268 11 268
270 11 247
272 11 245
273 11 226
277 11 227
278 11 221
280 11 246
281 11 282
286 11 257
287 11 259
288 11 217
291 11 261
295 11 249
301 11 248
308 11 238
309 11 232
311 11 242
317 11 242
319 11 242
320 11 223
321 11 246
322 11 222
325 11 276
327 11 245
330 11 264
333 11 229
335 11 220
341 11 247
344 11 241
348 11 217
350 11 244
352 11 223
353 11 257
356 11 236
359 11 207
361 11 218
364 11 242
367 11 244
368 11 221
370 11 223
373 11 216
374 11 218
378 11 232
379 11 229
380 11 231
385 11 240
388 11 226
390 11 209
392 11 235
394 11 236
395 11 242
397 11 219
398 11 232
402 11 218
405 11 212
407 11 192
408 11 225
413 11 221
415 11 230
416 11 251
419 11 209
420 11 219
422 11 210
424 11 185
429 11 210
431 11 214
433 11 211
434 11 214
438 11 219
441 11 202
446 11 215
449 11 199
452 11 211
453 11 227
459 11 228
463 11 233
471 11 191
475 11 214
476 11 210
479 11 218
480 11 218
482 11 216
483 11 216
484 11 209
485 11 210
487 11 228
496 11 193
499 11 222
500 11 218
505 11 188
506 11 204
507 11 238
512 11 234
514 11 197
516 11 216
523 11 216
526 11 203
528 11 200
532 11 218
533 11 185
534 11 183
536 11 183
544 11 188
546 11 194
548 11 196
550 11 183
554 11 186
555 11 184
557 11 206
558 11 205
563 11 216
567 11 190
568 11 187
570 11 198
573 11 199
577 11 195
579 11 193
580 11 190
582 11 196
586 11 195
593 11 196
595 11 180
599 11 186
603 11 172
604 11 195
605 11 192
612 11 211
613 11 212
616 11 186
618 11 193
621 11 178
622 11 201
623 11 195
626 11 185
628 11 179
629 11 181
631 11 175
636 11 187
642 11 223
647 11 204
649 11 146
658 11 172
661 11 181
662 11 174
664 11 190
667 11 191
670 11 177
672 11 173
687 11 200
696 11 183
705 11 189
708 11 175
711 11 188
712 11 190
715 11 184
719 11 167
724 11 169
725 11 177
726 11 164
731 11 176
732 11 194
734 11 157
735 11 169
739 11 200
740 11 188
744 11 162
746 11 177
751 11 178
753 11 181
756 11 191
760 11 177
765 11 153
769 11 178
770 11 176
774 11 153
775 11 172
777 11 160
783 11 162
790 11 149
798 11 161
801 11 158
806 11 155
807 11 174
816 11 150
817 11 190
824 11 172
826 11 151
828 11 157
830 11 167
833 11 157
838 11 151
839 11 165
846 11 165
855 11 149
856 11 170
860 11 154
865 11 155
866 11 172
872 11 136
877 11 155
882 11 170
884 11 142
886 11 150
889 11 155
891 11 133
893 11 166
909 11 150
910 11 158
911 11 148
917 11 135
923 11 167
924 11 130
931 11 149
934 11 134
939 11 134
942 11 139
943 11 141
944 11 155
945 11 147
947 11 138
950 11 161
951 11 144
954 11 134
955 11 123
964 11 136
965 11 142
969 11 125
972 11 123
973 11 135
977 11 139
979 11 129
984 11 141
986 11 134
990 11 132
992 11 130
999 11 134
1000 11 150
1003 11 124
1007 11 154
1010 11 128
1011 11 141
1016 11 146
1025 11 146
1027 11 132
1028 11 132
1030 11 118
1031 11 119
1032 11 119
1038 11 126
1040 11 140
1041 11 124
1046 11 133
1048 11 115
1051 11 130
1065 11 124
1066 11 132
1068 11 104
1079 11 124
1082 11 120
1086 11 121
1088 11 127
1089 11 127
1090 11 117
1093 11 132
1098 11 117
1103 11 117
1108 11 119
1112 11 127
1113 11 93
1123 11 100
1131 11 120
1132 11 110
1133 11 142
1134 11 119
1135 11 121
1139 11 112
1144 11 135
1147 11 97
1148 11 121
1149 11 135
1152 11 122
1164 11 137
1172 11 113
1181 11 104
1183 11 106
1184 11 111
1195 11 112
1201 11 93
1202 11 103
1207 11 111
1214 11 105
1218 11 90
1241 11 112
1248 11 91
1263 11 111
1268 11 108
1271 11 77
1277 11 112
1278 11 105
1279 11 104
1286 11 98
1287 11 102
1288 11 100
1294 11 100
1301 11 99
1311 11 108
1312 11 92
1327 11 111
1332 11 99
1335 11 85
1338 11 85
1343 11 98
1346 11 91
1350 11 94
1359 11 114
1364 11 87
1366 11 87
1368 11 85
1378 11 88
1379 11 76
1381 11 81
1382 11 101
1383 11 103
1394 11 90
1410 11 96
1416 11 75
1418 11 81
1428 11 75
1442 11 85
1464 11 74
1469 11 74
1476 11 69
1477 11 93
1479 11 84
1486 11 80
1490 11 73
1495 11 68
1501 11 73
1513 11 78
1527 11 83
1528 11 69
1530 11 78
1532 11 82
1533 11 86
1536 11 82
1543 11 81
1553 11 81
1556 11 78
1563 11 70
1568 11 61
1570 11 77
1574 11 72
1581 11 70
1584 11 95
1592 11 60
1594 11 75
1595 11 66
1596 11 64
1598 11 63
1607 11 49
1609 11 71
1614 11 71
1622 11 73
1623 11 64
1631 11 75
1635 11 60
1646 11 52
1656 11 57
1659 11 47
1661 11 65
1670 11 71
1678 11 53
1679 11 67
1687 11 51
1692 11 61
1696 11 62
1698 11 66
1716 11 57
1724 11 64
1739 11 48
1740 11 64
1744 11 44
1752 11 46
1760 11 52
1771 11 50
1787 11 52
1798 11 43
1807 11 48
1811 11 40
1815 11 58
1817 11 61
1822 11 40
1838 11 49
1849 11 45
1853 11 37
1860 11 41
1865 11 37
1875 11 35
1882 11 59
1883 11 56
1892 11 38
1897 11 46
1901 11 33
1903 11 40
1904 11 37
1905 11 33
1910 11 49
1915 11 37
1922 11 38
1929 11 39
1933 11 43
1936 11 38
1956 11 45
1966 11 33
1969 11 35
1974 11 44
1984 11 39
2019 11 33
2027 11 47
2034 11 35
2041 11 28
2045 11 33
2054 11 29
2056 11 36
2057 11 31
2059 11 34
2074 11 35
2075 11 37
2090 11 24
2096 11 28
2098 11 37
2108 11 34
2111 11 23
2112 11 29
2119 11 40
2125 11 24
2130 11 27
2131 11 30
2153 11 21
2157 11 28
2161 11 25
2164 11 25
2172 11 29
2190 11 16
2194 11 21
2196 11 29
2201 11 20
2202 11 18
2205 11 18
2206 11 20
2209 11 24
2211 11 20
2212 11 15
2222 11 22
2228 11 26
2230 11 22
2240 11 16
2243 11 22
2244 11 22
2246 11 28
2263 11 17
2269 11 25
2276 11 18
2281 11 24
2285 11 18
2286 11 20
2296 11 14
2311 11 19
2323 11 16
2327 11 15
2329 11 13
2347 11 14
2354 11 21
2358 11 19
2359 11 16
2367 11 19
2388 11 16
2389 11 19
2393 11 16
2403 11 24
2418 11 22
2443 11 10
2453 11 8
2455 11 8
2467 11 14
2471 11 11
2473 11 10
2474 11 7
2480 11 13
2508 11 12
2511 11 4
2530 11 7
2538 11 7
2543 11 7
2547 11 9
2571 11 9
2574 11 8
2578 11 9
2587 11 2
2591 11 11
2593 11 5
2606 11 5
2607 11 9
2623 11 8
2626 11 9
2628 11 2
2629 11 4
2634 11 11
2636 11 3
2644 11 8
2646 11 5
2666 11 3
2694 11 4
2704 11 6
2721 11 5
2727 11 3
2743 11 4
2771 11 2
2773 11 3
2778 11 7
2780 11 5
2783 11 2
2786 11 1
2805 11 2
2809 11 2
2827 11 2
2831 11 2
2839 11 3
2846 11 2
2879 11 1
2880 11 1
2882 11 3
2883 11 2
2888 11 1
2896 11 1
2907 11 1
2910 11 3
2914 11 1
2921 11 2
2925 11 1
2928 11 1
2932 11 1
2934 11 2
2937 11 1
2938 11 1
2940 11 1
2949 11 1
2963 11 1
2970 11 1
2974 11 1
2985 11 1
2987 11 1
2988 11 1
0 12 345
5 12 285
7 12 305
8 12 295
9 12 290
11 12 276
12 12 298
13 12 262
15 12 295
17 12 288
23 12 332
26 12 312
27 12 293
32 12 315
33 12 302
34 12 282
35 12 289
37 12 282
38 12 283
41 12 317
46 12 309
49 12 306
50 12 283
51 12 308
57 12 275
58 12 269
61 12 281
62 12 283
66 12 280
68 12 305
69 12 273
70 12 279
71 12 292
72 12 249
75 12 243
76 12 276
79 12 291
81 12 274
83 12 263
84 12 285
85 12 284
88 12 287
91 12 271
92 12 276
94 12 275
95 12 274
97 12 302
99 12 278
101 12 266
111 12 243
113 12 268
116 12 276
117 12 279
122 12 285
123 12 269
127 12 254
129 12 312
133 12 271
134 12 285
137 12 291
139 12 287
146 12 278
147 12 256
148 12 279
150 12 303
153 12 229
154 12 245
155 12 292
156 12 262
157 12 254
158 12 274
159 12 286
161 12 291
165 12 287
167 12 294
170 12 259
174 12 252
176 12 283
177 12 261
178 12 266
179 12 257
184 12 283
185 12 289
187 12 262
188 12 263
190 12 269
191 12 273
193 12 264
196 12 285
197 12 249
198 12 294
200 12 265
203 12 260
204 12 243
215 12 256
217 12 275
219 12 247
221 12 231
224 12 268
225 12 251
226 12 241
231 12 233
232 12 274
236 12 262
237 12 284
239 12 261
240 12 233
241 12 242
242 12 257
246 12 246
251 12 229
256 12 221
264 12 239
268 12 247
269 12 256
273 12 264
274 12 224
275 12 223
277 12 272
282 12 263
283 12 274
285 12 278
286 12 252
290 12 236
293 12 242
294 12 249
297 12 259
301 12 221
302 12 252
303 12 253
309 12 245
311 12 266
316 12 224
317 12 250
319 12 243
321 12 220
327 12 226
331 12 234
332 12 229
333 12 227
334 12 226
336 12 277
337 12 230
338 12 244
339 12 235
341 12 223
343 12 221
345 12 235
347 12 247
350 12 261
351 12 231
352 12 255
363 12 234
364 12 237
365 12 218
366 12 214
367 12 246
368 12 230
371 12 218
373 12 228
376 12 212
382 12 219
383 12 245
385 12 225
389 12 208
390 12 230
391 12 214
392 12 211
394 12 236
397 12 219
402 12 236
405 12 224
407 12 250
409 12 253
413 12 214
426 12 222
431 12 223
433 12 202
435 12 212
438 12 191
441 12 235
444 12 225
446 12 225
447 12 218
448 12 218
452 12 250
455 12 226
459 12 212
460 12 210
463 12 201
469 12 200
477 12 229
480 12 190
483 12 211
486 12 204
487 12 200
489 12 197
490 12 210
492 12 221
493 12 202
495 12 228
500 12 204
501 12 208
509 12 227
518 12 217
520 12 213
523 12 210
526 12 213
527 12 212
534 12 218
539 12 204
549 12 184
550 12 211
559 12 204
560 12 212
564 12 205
565 12 211
566 12 175
569 12 197
570 12 226
572 12 192
580 12 195
588 12 205
589 12 197
596 12 210
597 12 191
599 12 178
600 12 200
608 12 203
611 12 226
613 12 184
619 12 202
620 12 186
621 12 207
622 12 189
626 12 172
627 12 199
628 12 194
632 12 215
634 12 181
636 12 179
640 12 183
652 12 183
656 12 185
657 12 186
658 12 198
659 12 172
668 12 181
670 12 179
675 12 198
681 12 174
683 12 172
685 12 177
686 12 191
689 12 174
690 12 172
691 12 181
692 12 187
697 12 175
698 12 194
700 12 179
703 12 189
707 12 168
709 12 176
717 12 177
724 12 152
725 12 171
726 12 172
727 12 198
730 12 184
733 12 174
736 12 186
738 12 170
742 12 163
745 12 153
754 12 167
759 12 176
764 12 159
766 12 176
768 12 181
769 12 162
771 12 176
772 12 156
773 12 180
779 12 155
781 12 166
785 12 171
786 12 157
788 12 169
789 12 168
794 12 155
795 12 158
797 12 153
804 12 156
808 12 171
813 12 146
818 12 145
819 12 154
820 12 166
821 12 146
823 12 155
824 12 175
825 12 163
826 12 143
828 12 182
830 12 165
832 12 183
834 12 164
844 12 171
845 12 155
847 12 156
848 12 156
854 12 146
859 12 140
860 12 160
869 12 171
874 12 152
876 12 143
880 12 163
886 12 155
895 12 136
896 12 152
897 12 144
898 12 147
900 12 149
903 12 150
906 12 149
909 12 150
910 12 140
914 12 147
919 12 142
920 12 142
926 12 153
930 12 144
936 12 134
937 12 141
943 12 149
953 12 130
955 12 141
962 12 136
968 12 153
970 12 160
972 12 149
973 12 127
980 12 129
1004 12 129
1005 12 127
1007 12 115
1008 12 154
1014 12 125
1015 12 128
1024 12 149
1026 12 128
1027 12 138
1028 12 123
1040 12 135
1049 12 155
1051 12 124
1052 12 127
1054 12 123
1058 12 124
1061 12 140
1067 12 121
1070 12 110
1071 12 141
1073 12 122
1074 12 124
1077 12 131
1078 12 144
1079 12 141
1084 12 121
1092 12 123
1093 12 117
1098 12 127
1099 12 119
1100 12 112
1101 12 134
1103 12 121
1104 12 133
1105 12 145
1109 12 149
1121 12 111
1124 12 119
1134 12 107
1143 12 147
1146 12 117
1151 12 121
1152 12 131
1157 12 127
1166 12 128
1174 12 105
1177 12 101
1182 12 109
1190 12 106
1195 12 101
1196 12 106
1197 12 103
1198 12 125
1202 12 97
1203 12 111
1213 12 106
1226 12 84
1228 12 110
1233 12 125
1235 12 108
1236 12 101
1248 12 102
1254 12 100
1267 12 105
1269 12 100
1271 12 107
1272 12 105
1273 12 94
1285 12 93
1291 12 108
1302 12 103
1307 12 87
1310 12 99
1312 12 73
1315 12 98
1320 12 109
1328 12 106
1331 12 85
1334 12 109
1336 12 100
1337 12 96
1338 12 92
1351 12 90
1352 12 86
1363 12 100
1368 12 104
1377 12 93
1381 12 85
1390 12 85
1393 12 75
1394 12 82
1396 12 91
1397 12 87
1399 12 91
1410 12 86
1411 12 81
1412 12 97
1416 12 76
1430 12 89
1437 12 75
1438 12 85
1443 12 84
1460 12 74
1471 12 95
1475 12 90
1484 12 74
1507 12 91
1509 12 71
1515 12 82
1517 12 74
1528 12 84
1538 12 76
1539 12 65
1546 12 58
1552 12 72
1556 12 74
1557 12 58
1563 12 69
1567 12 75
1576 12 70
1579 12 65
1596 12 64
1597 12 54
1611 12 69
1621 12 60
1623 12 67
1632 12 64
1633 12 69
1635 12 77
1639 12 60
1646 12 69
1647 12 67
1649 12 70
1651 12 72
1652 12 61
1661 12 69
1663 12 67
1664 12 66
1677 12 68
1678 12 68
1685 12 48
1690 12 62
1694 12 66
1695 12 57
1697 12 77
1699 12 58
1707 12 59
1711 12 55
1712 12 64
1716 12 52
1718 12 72
1729 12 59
1733 12 53
1740 12 55
1750 12 46
1753 12 57
1764 12 56
1765 12 49
1771 12 38
1773 12 46
1776 12 54
1782 12 52
1784 12 60
1790 12 53
1791 12 54
1802 12 57
1810 12 42
1812 12 58
1819 12 50
1825 12 49
1827 12 64
1838 12 54
1844 12 43
1854 12 46
1864 12 35
1876 12 33
1888 12 40
1896 12 45
1897 12 48
1902 12 56
1906 12 43
1922 12 43
1928 12 34
1945 12 44
1951 12 43
1956 12 33
1962 12 37
1973 12 39
1979 12 30
1980 12 46
1993 12 39
1996 12 28
2003 12 30
2006 12 39
2025 12 42
2035 12 24
2042 12 38
2045 12 30
2063 12 29
2088 12 40
2091 12 30
2098 12 36
2106 12 28
2113 12 24
2121 12 19
2125 12 23
2130 12 32
2146 12 26
2156 12 28
2159 12 24
2165 12 25
2172 12 26
2174 12 29
2181 12 25
2183 12 28
2187 12 22
2188 12 24
2193 12 26
2199 12 26
2200 12 16
2202 12 20
2203 12 31
2241 12 25
2249 12 26
2281 12 9
2285 12 19
2292 12 34
2301 12 17
2304 12 19
2312 12 22
2320 12 23
2327 12 17
2331 12 20
2336 12 21
2345 12 11
2349 12 19
2355 12 13
2361 12 16
2363 12 10
2369 12 18
2373 12 14
2375 12 7
2380 12 20
2392 12 12
2399 12 12
2402 12 9
2419 12 18
2434 12 14
2439 12 13
2443 12 7
2453 12 14
2464 12 16
2478 12 11
2480 12 10
2482 12 9
2491 12 10
2494 12 10
2507 12 9
2508 12 8
2515 12 9
2527 12 15
2529 12 6
2530 12 8
2532 12 5
2533 12 9
2551 12 13
2564 12 11
2576 12 5
2580 12 3
2582 12 6
2585 12 7
2592 12 9
2610 12 9
2615 12 5
2622 12 10
2630 12 3
2645 12 3
2667 12 3
2669 12 6
2674 12 3
2677 12 3
2683 12 3
2687 12 4
2690 12 6
2711 12 4
2747 12 3
2785 12 3
2786 12 2
2790 12 2
2804 12 5
2805 12 2
2808 12 3
2818 12 2
2830 12 1
2834 12 5
2839 12 2
2857 12 2
2866 12 3
2872 12 4
2899 12 1
2900 12 1
2916 12 3
2923 12 1
2928 12 2
2955 12 2
2958 12 1
2959 12 1
2975 12 1
2984 12 1
2994 12 1
1 13 291
4 13 297
8 13 322
11 13 296
12 13 272
14 13 275
15 13 260
17 13 275
19 13 266
20 13 272
22 13 310
26 13 299
28 13 326
34 13 290
35 13 292
37 13 302
40 13 299
42 13 317
43 13 275
44 13 290
48 13 290
51 13 279
52 13 284
55 13 268
56 13 317
59 13 326
63 13 271
64 13 319
69 13 278
74 13 288
76 13 302
77 13 274
79 13 290
81 13 269
83 13 275
86 13 292
87 13 291
88 13 268
89 13 268
90 13 293
91 13 275
97 13 288
98 13 287
104 13 297
110 13 251
111 13 304
113 13 293
114 13 247
119 13 283
121 13 264
131 13 295
132 13 277
133 13 260
137 13 283
138 13 252
139 13 253
141 13 256
144 13 321
148 13 281
153 13 258
154 13 245
161 13 257
162 13 278
163 13 266
164 13 258
165 13 284
168 13 266
171 13 253
172 13 276
175 13 283
184 13 281
185 13 274
192 13 275
194 13 243
196 13 266
197 13 282
199 13 256
201 13 256
205 13 274
208 13 277
212 13 222
215 13 269
221 13 237
223 13 259
230 13 259
233 13 240
237 13 260
239 13 267
242 13 252
243 13 267
244 13 274
247 13 281
248 13 268
249 13 240
250 13 240
251 13 243
253 13 230
255 13 233
257 13 254
259 13 251
263 13 289
265 13 278
267 13 261
268 13 267
269 13 248
270 13 269
273 13 254
277 13 240
282 13 256
283 13 273
284 13 228
291 13 291
295 13 238
301 13 260
302 13 279
303 13 282
305 13 255
308 13 230
310 13 212
313 13 232
317 13 224
318 13 220
319 13 240
322 13 254
324 13 256
334 13 229
337 13 267
338 13 211
341 13 232
344 13 215
345 13 262
349 13 225
350 13 250
351 13 201
352 13 232
356 13 236
359 13 231
362 13 239
364 13 253
365 13 203
368 13 254
374 13 242
377 13 233
378 13 224
384 13 208
385 13 237
390 13 224
392 13 204
393 13 243
394 13 231
398 13 205
399 13 258
402 13 240
404 13 215
405 13 231
409 13 223
412 13 241
413 13 247
419 13 212
421 13 221
422 13 219
429 13 218
430 13 248
432 13 215
436 13 226
437 13 241
439 13 233
442 13 215
448 13 214
449 13 267
451 13 227
453 13 225
455 13 236
464 13 202
465 13 192
466 13 198
468 13 211
471 13 228
476 13 217
478 13 217
482 13 207
483 13 227
490 13 220
494 13 226
497 13 217
498 13 237
504 13 203
505 13 219
509 13 184
511 13 199
515 13 198
517 13 199
518 13 203
520 13 194
521 13 209
527 13 201
528 13 192
532 13 202
533 13 211
535 13 184
538 13 212
542 13 206
543 13 190
545 13 203
550 13 200
554 13 192
557 13 206
559 13 191
561 13 208
562 13 189
566 13 208
567 13 205
568 13 218
572 13 189
579 13 183
582 13 189
584 13 179
585 13 194
586 13 164
587 13 185
589 13 186
592 13 220
597 13 180
600 13 204
603 13 172
608 13 219
609 13 174
610 13 195
612 13 195
619 13 168
620 13 184
629 13 189
631 13 176
637 13 168
643 13 169
644 13 186
648 13 192
649 13 187
650 13 179
652 13 171
654 13 191
658 13 177
663 13 169
676 13 202
677 13 160
678 13 173
679 13 167
680 13 188
682 13 176
683 13 171
686 13 189
700 13 182
705 13 183
713 13 159
715 13 165
716 13 138
719 13 154
720 13 176
729 13 175
730 13 198
731 13 167
734 13 186
740 13 171
742 13 197
752 13 165
753 13 166
754 13 175
755 13 168
756 13 164
760 13 172
761 13 162
763 13 169
765 13 153
766 13 186
768 13 168
770 13 162
781 13 163
785 13 163
786 13 161
788 13 182
790 13 168
792 13 183
800 13 149
801 13 181
802 13 158
803 13 158
804 13 158
806 13 170
808 13 185
813 13 161
818 13 148
822 13 169
832 13 148
834 13 156
835 13 154
837 13 165
842 13 137
843 13 157
846 13 157
848 13 180
852 13 139
855 13 172
856 13 139
858 13 153
859 13 160
862 13 148
869 13 166
873 13 196
874 13 153
875 13 180
877 13 149
879 13 184
894 13 159
899 13 149
901 13 166
902 13 157
908 13 151
911 13 162
912 13 156
921 13 149
931 13 151
932 13 146
936 13 148
944 13 147
945 13 158
951 13 158
956 13 113
960 13 150
962 13 154
966 13 130
967 13 141
971 13 139
976 13 115
981 13 155
984 13 109
985 13 134
988 13 130
991 13 152
996 13 102
1000 13 136
1008 13 134
1015 13 130
1016 13 133
1018 13 133
1019 13 130
1028 13 140
1033 13 144
1034 13 137
1036 13 146
1037 13 122
1041 13 115
1055 13 129
1056 13 136
1057 13 138
1060 13 143
1063 13 106
1065 13 126
1068 13 135
1070 13 117
1073 13 122
1075 13 145
1076 13 133
1079 13 114
1087 13 137
1090 13 130
1093 13 127
1096 13 138
1099 13 131
1101 13 115
1104 13 115
1105 13 120
1106 13 137
1110 13 113
1121 13 145
1123 13 128
1124 13 116
1127 13 124
1128 13 118
1130 13 119
1133 13 127
1145 13 88
1152 13 129
1153 13 122
1167 13 122
1169 13 111
1173 13 122
1176 13 106
1179 13 116
1188 13 113
1196 13 115
1199 13 129
1203 13 92
1223 13 100
1224 13 112
1227 13 105
1229 13 101
1232 13 112
1233 13 104
1235 13 102
1239 13 118
1241 13 93
1242 13 110
1244 13 99
1245 13 102
1247 13 128
1252 13 96
1263 13 98
1268 13 103
1271 13 115
1274 13 109
1284 13 102
1286 13 101
1290 13 101
1300 13 101
1301 13 92
1302 13 116
1303 13 100
1306 13 100
1309 13 96
1320 13 91
1321 13 91
1328 13 87
1330 13 93
1339 13 96
1343 13 86
1344 13 91
1346 13 87
1356 13 83
1357 13 84
1368 13 112
1370 13 95
1374 13 82
1375 13 79
1381 13 99
1385 13 84
1390 13 73
1391 13 76
1401 13 87
1404 13 89
1411 13 85
1413 13 80
1418 13 93
1419 13 88
1422 13 97
1423 13 94
1430 13 80
1432 13 88
1434 13 78
1440 13 81
1449 13 80
1452 13 75
1455 13 81
1456 13 81
1461 13 81
1469 13 88
1478 13 75
1479 13 77
1488 13 73
1489 13 80
1494 13 77
1497 13 73
1502 13 71
1508 13 88
1514 13 72
1515 13 77
1523 13 76
1528 13 81
1536 13 93
1541 13 74
1542 13 84
1546 13 66
1547 13 70
1552 13 61
1553 13 70
1557 13 72
1563 13 79
1564 13 74
1565 13 88
1572 13 74
1580 13 78
1581 13 86
1604 13 81
1606 13 60
1607 13 67
1609 13 69
1613 13 77
1614 13 69
1617 13 51
1620 13 67
1621 13 66
1624 13 64
1626 13 67
1630 13 66
1647 13 60
1654 13 63
1666 13 54
1672 13 55
1673 13 59
1678 13 75
1681 13 67
1686 13 75
1687 13 59
1698 13 60
1701 13 50
1705 13 68
1707 13 56
1711 13 49
1714 13 60
1717 13 58
1719 13 49
1721 13 43
1723 13 46
1724 13 58
1726 13 62
1729 13 56
1739 13 57
1753 13 66
1755 13 45
1756 13 54
1765 13 58
1768 13 54
1770 13 54
1778 13 58
1787 13 47
1793 13 49
1822 13 45
1823 13 50
1824 13 40
1832 13 45
1834 13 50
1839 13 47
1841 13 42
1842 13 49
1843 13 44
1855 13 41
1857 13 36
1868 13 43
1881 13 42
1883 13 54
1892 13 50
1911 13 43
1912 13 39
1918 13 34
1923 13 40
1931 13 46
1935 13 37
1944 13 37
1952 13 45
1954 13 34
1956 13 40
1960 13 39
1974 13 51
1975 13 33
1991 13 36
1993 13 27
2001 13 41
2005 13 44
2014 13 39
2017 13 31
2019 13 29
2026 13 32
2042 13 24
2045 13 35
2058 13 32
2061 13 30
2069 13 36
2072 13 36
2083 13 35
2102 13 31
2105 13 34
2106 13 27
2108 13 29
2110 13 34
2116 13 29
2149 13 31
2154 13 30
2155 13 21
2157 13 24
2173 13 23
2185 13 24
2186 13 33
2191 13 16
2195 13 21
2200 13 18
2207 13 30
2236 13 17
2238 13 27
2260 13 26
2264 13 16
2282 13 15
2305 13 27
2311 13 28
2312 13 10
2313 13 11
2325 13 23
2329 13 19
2350 13 14
2353 13 16
2354 13 17
2359 13 18
2360 13 19
2361 13 22
2371 13 16
2377 13 16
2386 13 17
2401 13 11
2404 13 14
2409 13 16
2410 13 13
2429 13 14
2433 13 5
2437 13 14
2441 13 10
2444 13 10
2460 13 11
2476 13 9
2481 13 10
2499 13 8
2506 13 14
2518 13 6
2523 13 13
2541 13 9
2558 13 12
2562 13 11
2565 13 4
2576 13 14
2577 13 7
2585 13 5
2586 13 5
2596 13 13
2607 13 12
2610 13 8
2614 13 5
2633 13 9
2641 13 7
2678 13 7
2686 13 5
2697 13 5
2702 13 6
2712 13 6
2719 13 6
2721 13 5
2732 13 3
2741 13 2
2743 13 2
2745 13 2
2747 13 4
2752 13 2
2773 13 3
2776 13 4
2785 13 3
2788 13 3
2795 13 2
2804 13 2
2805 13 1
2830 13 2
2834 13 4
2835 13 3
2863 13 1
2872 13 1
2889 13 2
2893 13 1
2940 13 1
2949 13 1
2950 13 3
2963 13 1
2968 13 1
2970 13 3
2971 13 1
2975 13 1
2984 13 1
2989 13 1
2995 13 1
2998 13 1
2 14 297
7 14 305
8 14 319
10 14 307
11 14 304
14 14 307
15 14 296
17 14 284
19 14 302
20 14 312
27 14 314
28 14 264
29 14 336
30 14 279
34 14 289
35 14 283
36 14 307
37 14 285
38 14 314
39 14 263
41 14 317
42 14 314
43 14 286
45 14 286
48 14 254
51 14 307
52 14 300
53 14 287
55 14 256
58 14 303
60 14 280
61 14 275
62 14 276
63 14 279
70 14 296
76 14 294
87 14 280
88 14 307
91 14 305
92 14 258
97 14 288
98 14 319
99 14 247
100 14 294
102 14 266
111 14 271
112 14 303
116 14 231
118 14 281
125 14 307
127 14 270
134 14 252
137 14 292
139 14 262
141 14 283
148 14 292
150 14 275
151 14 247
152 14 265
153 14 303
155 14 259
161 14 269
164 14 270
165 14 242
166 14 271
168 14 286
172 14 263
180 14 290
183 14 259
184 14 253
188 14 250
190 14 257
192 14 267
194 14 268
195 14 288
198 14 278
199 14 264
202 14 250
203 14 218
205 14 249
206 14 247
208 14 279
212 14 239
214 14 225
217 14 289
218 14 257
221 14 237
222 14 244
224 14 285
227 14 260
228 14 246
230 14 259
231 14 240
233 14 251
234 14 275
237 14 266
240 14 284
242 14 249
245 14 251
248 14 277
249 14 249
251 14 243
253 14 264
254 14 243
255 14 265
257 14 257
258 14 268
259 14 267
269 14 271
271 14 284
275 14 256
276 14 239
279 14 254
282 14 233
285 14 235
289 14 269
291 14 228
293 14 254
296 14 212
311 14 255
312 14 239
317 14 231
324 14 253
325 14 251
326 14 213
329 14 240
333 14 249
335 14 241
338 14 259
341 14 250
342 14 244
344 14 231
346 14 228
349 14 208
350 14 242
351 14 245
352 14 233
353 14 244
357 14 216
359 14 233
364 14 224
365 14 244
366 14 237
367 14 244
368 14 222
369 14 226
371 14 257
373 14 223
378 14 214
380 14 232
387 14 218
388 14 237
392 14 221
394 14 227
397 14 232
399 14 224
400 14 224
408 14 210
412 14 211
413 14 215
418 14 254
422 14 220
427 14 240
432 14 197
437 14 215
438 14 226
439 14 243
440 14 234
441 14 208
447 14 180
448 14 217
449 14 224
452 14 217
453 14 214
457 14 248
460 14 227
461 14 241
463 14 221
468 14 199
470 14 197
471 14 220
480 14 220
485 14 243
487 14 209
490 14 218
492 14 224
497 14 227
502 14 209
504 14 213
509 14 221
512 14 219
527 14 206
532 14 219
534 14 203
536 14 213
540 14 198
541 14 195
546 14 186
549 14 204
550 14 217
552 14 225
558 14 203
559 14 230
562 14 210
564 14 214
566 14 187
568 14 198
569 14 191
571 14 217
573 14 187
574 14 204
575 14 195
577 14 220
578 14 182
579 14 193
584 14 174
585 14 209
590 14 203
592 14 184
593 14 208
596 14 214
597 14 198
599 14 207
603 14 192
604 14 201
606 14 196
610 14 207
613 14 202
619 14 201
621 14 217
622 14 211
623 14 195
626 14 229
627 14 190
632 14 194
643 14 187
644 14 177
645 14 201
646 14 181
656 14 198
657 14 192
659 14 188
661 14 179
670 14 203
673 14 203
677 14 190
678 14 164
680 14 180
683 14 207
685 14 215
692 14 194
694 14 157
699 14 151
704 14 172
705 14 180
714 14 184
716 14 172
723 14 172
728 14 180
730 14 171
733 14 182
735 14 158
736 14 177
739 14 171
740 14 178
742 14 162
743 14 151
749 14 168
755 14 184
757 14 180
760 14 163
765 14 161
772 14 164
773 14 175
777 14 172
778 14 166
780 14 159
785 14 176
788 14 170
796 14 176
801 14 158
812 14 189
813 14 155
815 14 197
818 14 167
823 14 167
827 14 161
831 14 164
837 14 155
838 14 166
839 14 133
841 14 133
842 14 152
844 14 159
851 14 158
857 14 163
861 14 141
862 14 155
863 14 170
867 14 159
869 14 164
875 14 166
881 14 145
883 14 173
884 14 134
892 14 174
902 14 139
907 14 157
908 14 138
909 14 132
913 14 176
915 14 139
919 14 140
920 14 142
935 14 159
937 14 134
938 14 156
939 14 146
940 14 146
942 14 134
947 14 142
949 14 157
954 14 155
962 14 137
965 14 126
970 14 156
973 14 158
977 14 134
979 14 138
982 14 140
990 14 166
993 14 145
997 14 131
1004 14 120
1007 14 129
1008 14 139
1010 14 115
1019 14 136
1026 14 145
1027 14 124
1029 14 150
1032 14 132
1050 14 133
1053 14 144
1057 14 130
1058 14 122
1062 14 119
1064 14 134
1065 14 125
1068 14 131
1072 14 147
1080 14 131
1086 14 116
1097 14 135
1101 14 119
1115 14 105
1121 14 107
1124 14 115
1131 14 108
1132 14 137
1140 14 127
1142 14 114
1156 14 108
1158 14 121
1163 14 110
1164 14 108
1165 14 119
1171 14 117
1177 14 117
1179 14 122
1182 14 111
1186 14 102
1187 14 135
1189 14 102
1192 14 108
1193 14 107
1196 14 96
1199 14 108
1209 14 118
1213 14 88
1214 14 115
1216 14 82
1218 14 123
1220 14 92
1225 14 107
1229 14 103
1234 14 115
1238 14 107
1240 14 108
1242 14 120
1247 14 100
1260 14 84
1277 14 115
1283 14 92
1285 14 90
1287 14 76
1292 14 116
1295 14 112
1302 14 100
1304 14 106
1310 14 98
1311 14 92
1313 14 99
1316 14 105
1326 14 95
1328 14 101
1333 14 116
1337 14 96
1338 14 89
1340 14 92
1350 14 108
1360 14 97
1362 14 83
1369 14 80
1370 14 98
1371 14 84
1372 14 90
1382 14 97
1386 14 102
1388 14 92
1390 14 108
1392 14 61
1399 14 77
1401 14 81
1406 14 82
1408 14 77
1410 14 102
1412 14 87
1420 14 81
1456 14 79
1466 14 80
1474 14 77
1479 14 72
1488 14 81
1493 14 83
1494 14 80
1499 14 75
1500 14 72
1510 14 74
1512 14 73
1531 14 72
1535 14 82
1538 14 80
1539 14 75
1541 14 65
1543 14 71
1556 14 75
1557 14 73
1558 14 67
1565 14 59
1567 14 76
1574 14 85
1575 14 71
1580 14 62
1583 14 72
1593 14 68
1603 14 81
1608 14 75
1609 14 52
1614 14 63
1619 14 70
1623 14 55
1650 14 72
1653 14 61
1657 14 68
1659 14 67
1679 14 59
1687 14 49
1702 14 59
1708 14 42
1711 14 62
1712 14 51
1715 14 54
1717 14 47
1727 14 67
1735 14 53
1752 14 62
1754 14 63
1756 14 63
1759 14 54
1764 14 53
1769 14 46
1777 14 53
1783 14 45
1786 14 57
1802 14 51
1810 14 50
1811 14 37
1816 14 46
1817 14 55
1837 14 60
1840 14 49
1841 14 44
1842 14 47
1856 14 42
1858 14 40
1860 14 43
1862 14 51
1864 14 39
1875 14 46
1877 14 54
1881 14 44
1890 14 43
1891 14 51
1902 14 33
1917 14 39
1921 14 34
1926 14 27
1927 14 43
1929 14 40
1937 14 35
1943 14 35
1944 14 40
1953 14 53
1963 14 37
1966 14 38
1983 14 40
1990 14 31
2001 14 36
2007 14 32
2009 14 34
2017 14 38
2022 14 34
2031 14 34
2037 14 44
2039 14 35
2058 14 27
2062 14 31
2065 14 33
2078 14 25
2082 14 28
2089 14 30
2115 14 32
2146 14 35
2154 14 20
2158 14 25
2164 14 16
2169 14 19
2173 14 27
2186 14 18
2194 14 20
2199 14 20
2230 14 17
2241 14 19
2255 14 23
2259 14 21
2275 14 17
2276 14 16
2283 14 18
2295 14 15
2296 14 15
2297 14 23
2307 14 13
2315 14 27
2319 14 10
2323 14 22
2330 14 17
2337 14 17
2338 14 16
2339 14 12
2341 14 16
2346 14 23
2347 14 22
2354 14 19
2355 14 17
2361 14 20
2364 14 14
2365 14 23
2374 14 23
2398 14 18
2408 14 14
2410 14 14
2423 14 12
2430 14 13
2434 14 16
2435 14 15
2437 14 10
2447 14 10
2468 14 13
2470 14 13
2488 14 9
2490 14 7
2491 14 8
2502 14 9
2511 14 7
2518 14 7
2530 14 10
2535 14 9
2540 14 10
2547 14 11
2549 14 10
2552 14 12
2553 14 10
2567 14 8
2573 14 12
2574 14 8
2576 14 5
2582 14 4
2593 14 6
2596 14 6
2602 14 9
2603 14 9
2607 14 8
2609 14 4
2634 14 9
2639 14 6
2644 14 5
2659 14 3
2681 14 6
2685 14 4
2691 14 3
2693 14 2
2744 14 4
2752 14 2
2757 14 2
2759 14 7
2785 14 3
2796 14 3
2800 14 3
2814 14 2
2835 14 1
2836 14 3
2841 14 3
2844 14 2
2852 14 3
2859 14 2
2867 14 3
2883 14 1
2887 14 2
2889 14 3
2908 14 2
2913 14 1
2926 14 1
2928 14 1
2931 14 2
2940 14 1
2943 14 1
2959 14 1
2980 14 1
2989 14 1
2991 14 1
2992 14 1
2999 14 1
1 15 312
3 15 284
5 15 311
8 15 256
9 15 295
11 15 297
14 15 273
15 15 304
16 15 303
21 15 331
23 15 309
28 15 270
29 15 327
30 15 286
32 15 287
33 15 312
36 15 293
38 15 296
41 15 288
45 15 299
48 15 283
51 15 312
52 15 309
53 15 300
54 15 306
55 15 271
59 15 289
62 15 286
63 15 269
67 15 263
69 15 307
71 15 289
73 15 274
74 15 299
76 15 256
78 15 299
80 15 281
82 15 289
83 15 283
88 15 297
89 15 323
91 15 280
92 15 281
97 15 266
98 15 289
99 15 270
100 15 285
102 15 281
104 15 269
107 15 292
108 15 258
110 15 292
111 15 276
113 15 279
114 15 275
116 15 291
117 15 259
118 15 271
123 15 247
128 15 296
135 15 256
136 15 272
137 15 283
139 15 273
140 15 263
141 15 271
142 15 298
143 15 272
147 15 272
151 15 253
152 15 260
154 15 265
156 15 267
160 15 278
162 15 249
163 15 252
165 15 273
166 15 253
168 15 273
174 15 247
175 15 299
178 15 254
184 15 244
186 15 264
188 15 265
190 15 279
191 15 253
198 15 280
207 15 265
208 15 249
210 15 240
214 15 254
215 15 286
217 15 263
218 15 268
220 15 243
221 15 238
222 15 244
227 15 244
229 15 253
230 15 301
231 15 238
241 15 236
242 15 250
247 15 234
254 15 223
261 15 260
264 15 258
266 15 261
267 15 247
268 15 236
270 15 232
271 15 268
272 15 272
273 15 233
277 15 249
280 15 260
283 15 247
287 15 239
289 15 258
291 15 255
293 15 262
295 15 243
298 15 256
302 15 265
303 15 269
305 15 251
306 15 225
309 15 224
311 15 251
312 15 258
313 15 246
318 15 252
322 15 243
323 15 249
325 15 260
327 15 234
333 15 249
335 15 236
338 15 230
343 15 237
346 15 237
348 15 218
349 15 258
353 15 242
354 15 237
355 15 249
357 15 222
358 15 219
360 15 237
367 15 250
368 15 230
373 15 205
376 15 253
377 15 225
379 15 215
380 15 228
382 15 236
388 15 229
392 15 260
393 15 210
397 15 227
401 15 206
406 15 213
411 15 243
418 15 219
420 15 225
423 15 203
426 15 231
434 15 245
435 15 236
436 15 221
441 15 220
445 15 213
447 15 235
449 15 198
452 15 197
453 15 246
454 15 226
455 15 236
456 15 215
457 15 239
459 15 219
461 15 204
463 15 188
465 15 216
467 15 210
469 15 232
470 15 218
472 15 226
474 15 216
475 15 229
479 15 215
480 15 233
484 15 239
490 15 226
493 15 226
495 15 189
496 15 216
509 15 218
510 15 188
511 15 218
514 15 210
516 15 218
527 15 178
530 15 192
533 15 224
535 15 198
538 15 198
540 15 191
541 15 214
555 15 206
557 15 204
561 15 213
562 15 187
565 15 185
570 15 213
571 15 182
575 15 194
576 15 189
578 15 228
580 15 195
581 15 208
582 15 206
587 15 195
592 15 182
601 15 191
602 15 176
608 15 200
610 15 177
611 15 176
612 15 196
616 15 195
624 15 207
626 15 203
628 15 217
635 15 178
636 15 171
639 15 158
640 15 170
649 15 201
651 15 166
655 15 194
656 15 171
660 15 204
664 15 178
668 15 189
674 15 193
679 15 179
680 15 178
681 15 180
682 15 184
684 15 181
687 15 172
689 15 172
691 15 189
694 15 178
706 15 187
707 15 196
708 15 194
711 15 165
718 15 172
722 15 185
724 15 171
726 15 203
727 15 177
728 15 181
729 15 198
733 15 178
734 15 170
735 15 161
736 15 218
741 15 206
746 15 180
749 15 177
751 15 184
754 15 167
762 15 177
763 15 160
766 15 158
772 15 172
774 15 174
777 15 138
778 15 151
781 15 169
788 15 177
791 15 161
793 15 197
802 15 164
804 15 143
809 15 152
811 15 155
820 15 150
823 15 185
824 15 196
830 15 146
837 15 149
839 15 169
840 15 177
841 15 156
844 15 144
846 15 158
847 15 176
854 15 147
858 15 160
861 15 143
865 15 180
867 15 148
869 15 152
870 15 132
871 15 128
872 15 157
874 15 156
876 15 148
885 15 131
886 15 149
888 15 149
889 15 169
893 15 157
897 15 163
898 15 155
906 15 163
907 15 150
909 15 155
915 15 132
918 15 144
923 15 125
925 15 157
928 15 145
930 15 134
931 15 145
935 15 162
940 15 149
941 15 126
944 15 155
946 15 155
952 15 132
955 15 139
956 15 138
962 15 154
964 15 158
965 15 139
978 15 168
982 15 134
989 15 126
996 15 141
1000 15 131
1004 15 141
1005 15 132
1008 15 126
1009 15 111
1012 15 127
1017 15 132
1019 15 112
1022 15 157
1025 15 121
1027 15 139
1031 15 145
1032 15 124
1033 15 124
1038 15 141
1039 15 137
1042 15 127
1045 15 134
1046 15 147
1048 15 119
1050 15 145
1053 15 119
1057 15 106
1059 15 131
1060 15 140
1063 15 113
1068 15 124
1069 15 126
1070 15 156
1071 15 127
1072 15 128
1074 15 107
1075 15 131
1077 15 132
1079 15 129
1080 15 125
1081 15 102
1083 15 124
1090 15 138
1093 15 132
1095 15 120
1097 15 111
1098 15 113
1099 15 127
1111 15 123
1114 15 113
1115 15 128
1116 15 131
1117 15 126
1119 15 104
1133 15 118
1136 15 117
1140 15 120
1150 15 120
1152 15 115
1154 15 126
1159 15 134
1160 15 107
1168 15 107
1170 15 138
1173 15 108
1175 15 114
1191 15 113
1197 15 114
1198 15 112
1211 15 126
1215 15 106
1219 15 107
1227 15 120
1230 15 119
1231 15 110
1234 15 119
1239 15 106
1241 15 100
1248 15 118
1252 15 94
1268 15 110
1273 15 106
1277 15 104
1280 15 93
1286 15 93
1287 15 100
1296 15 113
1297 15 83
1302 15 93
1304 15 88
1311 15 106
1323 15 96
1333 15 99
1335 15 105
1336 15 75
1337 15 106
1338 15 110
1339 15 88
1343 15 91
1349 15 75
1351 15 102
1352 15 89
1353 15 87
1357 15 95
1359 15 101
1360 15 100
1361 15 88
1363 15 109
1371 15 89
1377 15 91
1381 15 115
1383 15 92
1387 15 88
1393 15 103
1407 15 76
1409 15 78
1428 15 88
1429 15 73
1432 15 84
1437 15 96
1439 15 107
1442 15 94
1464 15 73
1468 15 79
1473 15 66
1475 15 95
1481 15 84
1484 15 76
1486 15 87
1490 15 72
1491 15 73
1492 15 84
1493 15 79
1500 15 68
1502 15 70
1510 15 78
1519 15 85
1520 15 78
1523 15 77
1537 15 73
1542 15 82
1543 15 70
1546 15 72
1547 15 85
1548 15 89
1571 15 75
1577 15 70
1586 15 68
1605 15 69
1606 15 59
1613 15 64
1616 15 72
1617 15 67
1619 15 66
1623 15 73
1628 15 62
1631 15 55
1632 15 67
1647 15 63
1650 15 80
1671 15 67
1674 15 73
1676 15 75
1678 15 71
1681 15 57
1686 15 68
1696 15 57
1702 15 50
1703 15 62
1708 15 45
1713 15 68
1716 15 60
1731 15 52
1732 15 60
1735 15 46
1737 15 65
1743 15 61
1747 15 68
1757 15 55
1764 15 47
1771 15 40
1775 15 50
1778 15 50
1779 15 56
1787 15 46
1793 15 53
1795 15 67
1796 15 52
1798 15 48
1814 15 57
1817 15 41
1820 15 59
1824 15 45
1826 15 49
1842 15 43
1843 15 37
1845 15 53
1846 15 58
1847 15 35
1849 15 40
1853 15 36
1856 15 48
1861 15 44
1864 15 51
1868 15 44
1884 15 33
1885 15 54
1887 15 37
1893 15 54
1901 15 53
1907 15 42
1910 15 43
1916 15 32
1937 15 36
1938 15 42
1942 15 48
1952 15 33
1964 15 40
1973 15 38
1978 15 39
1989 15 35
2019 15 40
2021 15 38
2030 15 38
2036 15 31
2044 15 40
2046 15 44
2049 15 32
2063 15 21
2069 15 29
2071 15 24
2077 15 37
2079 15 16
2088 15 35
2091 15 32
2122 15 23
2125 15 17
2140 15 32
2156 15 22
2157 15 29
2158 15 27
2170 15 20
2172 15 23
2182 15 24
2184 15 29
2185 15 17
2186 15 18
2187 15 24
2190 15 23
2191 15 20
2199 15 21
2201 15 30
2209 15 17
2224 15 19
2226 15 23
2233 15 17
2246 15 22
2249 15 22
2251 15 17
2266 15 18
2281 15 18
2301 15 14
2312 15 16
2323 15 14
2324 15 12
2345 15 21
2351 15 18
2363 15 8
2364 15 17
2366 15 14
2387 15 10
2390 15 19
2394 15 8
2404 15 17
2406 15 17
2408 15 11
2417 15 17
2424 15 11
2426 15 11
2427 15 11
2437 15 12
2446 15 13
2460 15 15
2467 15 12
2469 15 8
2475 15 7
2478 15 9
2479 15 8
2492 15 7
2495 15 9
2498 15 14
2500 15 13
2503 15 14
2504 15 10
2512 15 8
2526 15 10
2535 15 8
2548 15 6
2550 15 8
2557 15 4
2559 15 8
2562 15 9
2569 15 10
2573 15 8
2596 15 10
2598 15 7
2609 15 5
2620 15 5
2645 15 4
2649 15 8
2670 15 6
2673 15 5
2683 15 7
2693 15 3
2708 15 2
2712 15 4
2747 15 3
2751 15 3
2754 15 4
2756 15 1
2770 15 2
2780 15 1
2781 15 3
2784 15 1
2789 15 5
2790 15 5
2794 15 2
2820 15 4
2824 15 3
2828 15 1
2832 15 2
2835 15 3
2853 15 2
2863 15 1
2872 15 1
2880 15 4
2890 15 1
2894 15 2
2905 15 2
2916 15 1
2937 15 2
2940 15 1
2941 15 1
2959 15 1
2975 15 2
1 16 313
2 16 315
5 16 324
6 16 314
7 16 316
11 16 298
12 16 307
15 16 318
19 16 290
20 16 288
21 16 333
24 16 278
25 16 283
26 16 296
29 16 305
33 16 304
34 16 332
35 16 317
37 16 266
38 16 296
41 16 272
45 16 309
50 16 278
51 16 282
52 16 261
54 16 304
55 16 245
58 16 301
60 16 303
62 16 316
63 16 278
64 16 289
65 16 283
68 16 298
69 16 322
70 16 284
73 16 283
74 16 308
75 16 280
76 16 293
91 16 280
95 16 266
96 16 261
97 16 279
100 16 321
104 16 278
107 16 282
109 16 282
113 16 290
114 16 286
116 16 281
118 16 296
119 16 296
120 16 257
123 16 229
124 16 270
125 16 306
130 16 281
132 16 255
133 16 280
137 16 278
138 16 275
139 16 287
143 16 284
144 16 311
153 16 278
154 16 256
157 16 277
158 16 282
160 16 282
163 16 282
164 16 274
170 16 276
171 16 256
172 16 287
174 16 251
175 16 272
176 16 260
177 16 278
179 16 253
180 16 284
181 16 243
182 16 279
183 16 266
187 16 314
192 16 270
193 16 254
195 16 282
196 16 287
197 16 273
198 16 256
199 16 241
200 16 281
203 16 245
205 16 290
206 16 261
208 16 262
214 16 241
216 16 263
217 16 285
219 16 281
220 16 265
221 16 281
228 16 256
232 16 265
233 16 242
235 16 261
236 16 248
239 16 239
241 16 281
247 16 242
248 16 291
250 16 273
251 16 222
252 16 244
253 16 272
256 16 268
258 16 242
262 16 252
264 16 235
269 16 224
270 16 235
276 16 275
281 16 239
283 16 236
284 16 237
285 16 270
286 16 271
291 16 274
292 16 255
293 16 233
302 16 241
303 16 241
304 16 266
310 16 237
311 16 224
313 16 254
317 16 229
320 16 236
322 16 262
323 16 240
324 16 279
325 16 252
326 16 218
327 16 230
329 16 247
332 16 242
333 16 240
340 16 209
348 16 217
362 16 229
363 16 243
365 16 243
367 16 211
369 16 232
370 16 220
374 16 244
375 16 187
381 16 242
383 16 221
384 16 230
390 16 207
396 16 251
401 16 207
402 16 213
404 16 215
405 16 230
406 16 231
410 16 260
411 16 215
414 16 220
415 16 241
417 16 218
419 16 224
420 16 218
422 16 221
423 16 234
426 16 216
427 16 227
428 16 216
436 16 198
439 16 194
444 16 227
446 16 244
448 16 212
451 16 206
455 16 231
457 16 205
459 16 208
461 16 247
462 16 210
463 16 170
464 16 228
465 16 223
469 16 202
470 16 211
473 16 210
475 16 223
481 16 209
486 16 218
487 16 209
489 16 224
490 16 180
491 16 198
492 16 218
494 16 211
495 16 216
501 16 210
502 16 184
503 16 183
505 16 208
509 16 219
510 16 206
511 16 206
513 16 200
514 16 219
518 16 208
524 16 194
527 16 236
531 16 167
535 16 225
539 16 197
541 16 203
545 16 210
547 16 198
551 16 220
552 16 218
554 16 195
555 16 175
557 16 174
572 16 198
573 16 195
578 16 211
584 16 164
589 16 191
593 16 199
603 16 213
607 16 206
609 16 192
611 16 194
613 16 188
615 16 190
616 16 197
618 16 172
625 16 191
626 16 195
628 16 177
632 16 169
633 16 208
642 16 186
647 16 184
655 16 206
661 16 164
663 16 191
669 16 175
675 16 176
685 16 185
686 16 181
689 16 171
691 16 197
692 16 202
694 16 148
695 16 172
696 16 179
698 16 164
701 16 163
705 16 199
709 16 168
710 16 201
716 16 173
718 16 173
727 16 188
728 16 186
730 16 186
732 16 169
736 16 171
737 16 166
741 16 135
742 16 162
745 16 169
748 16 166
753 16 155
757 16 171
759 16 162
761 16 180
763 16 169
765 16 177
767 16 193
773 16 163
775 16 182
777 16 153
779 16 178
780 16 163
783 16 176
784 16 174
785 16 144
787 16 170
790 16 167
794 16 168
796 16 141
797 16 159
798 16 195
804 16 170
806 16 157
808 16 173
809 16 173
811 16 161
812 16 155
825 16 156
830 16 146
836 16 159
837 16 143
838 16 133
842 16 156
844 16 161
849 16 161
859 16 134
862 16 149
864 16 141
868 16 173
871 16 161
873 16 172
875 16 146
876 16 172
877 16 152
881 16 141
882 16 167
884 16 159
891 16 145
912 16 134
917 16 127
921 16 141
925 16 161
933 16 159
942 16 143
947 16 130
950 16 154
956 16 124
962 16 141
965 16 134
968 16 161
969 16 131
976 16 118
981 16 125
988 16 143
990 16 134
994 16 116
999 16 147
1002 16 125
1024 16 133
1025 16 126
1029 16 126
1034 16 144
1035 16 135
1039 16 134
1040 16 129
1046 16 136
1048 16 124
1061 16 135
1063 16 144
1065 16 116
1070 16 136
1075 16 132
1081 16 118
1087 16 139
1096 16 145
1097 16 121
1105 16 119
1108 16 125
1110 16 113
1114 16 124
1118 16 107
1120 16 113
1122 16 118
1129 16 113
1134 16 118
1136 16 110
1142 16 119
1143 16 132
1144 16 110
1145 16 119
1146 16 112
1151 16 112
1152 16 110
1154 16 96
1155 16 125
1158 16 128
1159 16 108
1163 16 142
1164 16 99
1182 16 98
1184 16 120
1185 16 137
1192 16 99
1194 16 117
1203 16 130
1205 16 108
1223 16 106
1225 16 116
1233 16 96
1235 16 94
1243 16 100
1244 16 104
1248 16 105
1250 16 99
1253 16 111
1256 16 110
1264 16 105
1266 16 98
1270 16 99
1274 16 99
1276 16 98
1280 16 95
1283 16 105
1285 16 111
1286 16 100
1290 16 101
1291 16 103
1298 16 98
1300 16 99
1304 16 109
1316 16 83
1318 16 134
1323 16 116
1324 16 80
1327 16 102
1330 16 91
1332 16 88
1334 16 82
1338 16 92
1340 16 91
1350 16 92
1352 16 103
1353 16 91
1354 16 84
1357 16 89
1359 16 102
1365 16 95
1368 16 71
1372 16 74
1374 16 95
1376 16 80
1381 16 76
1382 16 87
1383 16 106
1412 16 95
1432 16 97
1435 16 108
1446 16 73
1447 16 116
1450 16 93
1454 16 80
1456 16 97
1460 16 79
1464 16 82
1465 16 78
1467 16 78
1469 16 77
1475 16 84
1478 16 90
1484 16 77
1490 16 82
1496 16 79
1497 16 77
1508 16 86
1510 16 68
1511 16 70
1518 16 80
1520 16 74
1521 16 68
1525 16 64
1530 16 67
1532 16 80
1540 16 72
1545 16 75
1547 16 80
1552 16 77
1559 16 67
1563 16 62
1569 16 69
1572 16 77
1576 16 75
1579 16 59
1580 16 85
1586 16 68
1587 16 79
1589 16 63
1600 16 61
1601 16 56
1604 16 71
1608 16 65
1610 16 60
1611 16 70
1612 16 62
1616 16 75
1627 16 59
1634 16 59
1639 16 55
1651 16 59
1669 16 49
1676 16 77
1685 16 63
1694 16 46
1700 16 46
1702 16 57
1731 16 50
1735 16 59
1737 16 59
1745 16 58
1762 16 51
1773 16 61
1778 16 43
1783 16 50
1784 16 49
1790 16 67
1793 16 47
1800 16 52
1806 16 53
1807 16 58
1809 16 46
1823 16 45
1824 16 59
1828 16 50
1835 16 48
1836 16 48
1837 16 42
1845 16 42
1851 16 47
1865 16 42
1869 16 54
1878 16 52
1879 16 49
1887 16 38
1889 16 40
1895 16 38
1896 16 41
1913 16 37
1918 16 42
1922 16 40
1925 16 31
1931 16 35
1938 16 49
1940 16 41
1943 16 42
1962 16 35
1974 16 40
1975 16 31
1977 16 39
1986 16 21
1987 16 35
1989 16 40
1996 16 30
2005 16 35
2009 16 38
2019 16 43
2020 16 34
2021 16 32
2028 16 39
2030 16 35
2034 16 37
2038 16 19
2048 16 31
2051 16 38
2056 16 37
2062 16 27
2066 16 28
2077 16 25
2081 16 36
2083 16 30
2089 16 28
2112 16 23
2114 16 30
2118 16 32
2119 16 33
2131 16 32
2137 16 33
2152 16 21
2160 16 30
2168 16 30
2171 16 21
2183 16 19
2188 16 30
2197 16 24
2198 16 25
2201 16 31
2208 16 14
2215 16 18
2219 16 24
2220 16 22
2262 16 19
2277 16 12
2281 16 16
2286 16 21
2287 16 13
2289 16 24
2292 16 21
2299 16 25
2305 16 20
2314 16 17
2322 16 22
2330 16 20
2331 16 12
2336 16 14
2342 16 18
2349 16 13
2358 16 18
2362 16 14
2366 16 14
2368 16 17
2369 16 14
2376 16 10
2381 16 12
2385 16 15
2391 16 21
2396 16 10
2414 16 4
2420 16 10
2423 16 12
2424 16 15
2428 16 11
2431 16 16
2444 16 16
2447 16 14
2456 16 11
2458 16 9
2461 16 11
2474 16 7
2477 16 13
2478 16 8
2479 16 10
2483 16 15
2485 16 14
2487 16 12
2490 16 8
2492 16 10
2493 16 10
2519 16 9
2522 16 11
2546 16 9
2550 16 8
2557 16 6
2559 16 10
2568 16 8
2570 16 5
2575 16 10
2578 16 8
2582 16 3
2584 16 7
2597 16 7
2601 16 5
2602 16 9
2613 16 5
2619 16 6
2631 16 6
2644 16 10
2658 16 4
2662 16 2
2669 16 1
2689 16 5
2699 16 5
2705 16 5
2708 16 4
2709 16 4
2714 16 7
2723 16 3
2728 16 7
2736 16 3
2737 16 5
2739 16 3
2747 16 3
2755 16 2
2762 16 3
2777 16 5
2778 16 5
2780 16 2
2795 16 3
2811 16 2
2826 16 1
2831 16 2
2834 16 1
2838 16 4
2839 16 1
2844 16 2
2849 16 2
2851 16 4
2853 16 3
2857 16 2
2859 16 3
2877 16 1
2883 16 1
2894 16 1
2919 16 1
2930 16 2
2940 16 1
2950 16 1
2951 16 1
2956 16 1
2962 16 1
2964 16 1
2965 16 1
2968 16 1
2971 16 1
2986 16 1
2995 16 1
1 17 296
4 17 279
5 17 290
6 17 294
9 17 299
11 17 305
16 17 328
17 17 303
21 17 303
22 17 320
25 17 300
30 17 328
31 17 279
32 17 281
34 17 282
35 17 277
38 17 300
40 17 321
41 17 318
42 17 294
47 17 271
48 17 294
50 17 293
52 17 289
53 17 299
54 17 307
55 17 293
56 17 279
61 17 312
66 17 284
67 17 312
68 17 282
71 17 252
73 17 290
74 17 288
76 17 287
77 17 278
79 17 289
80 17 302
81 17 305
83 17 310
84 17 289
85 17 282
87 17 298
89 17 241
90 17 252
96 17 302
98 17 286
99 17 247
101 17 286
102 17 312
104 17 285
105 17 279
107 17 294
110 17 292
111 17 285
117 17 260
118 17 275
120 17 269
123 17 276
127 17 293
133 17 283
135 17 298
137 17 265
138 17 292
139 17 279
141 17 258
143 17 286
146 17 297
147 17 275
148 17 280
149 17 274
151 17 277
152 17 254
155 17 275
159 17 286
160 17 261
171 17 261
177 17 272
178 17 268
179 17 274
181 17 275
182 17 314
183 17 258
186 17 267
187 17 282
190 17 238
191 17 289
192 17 287
194 17 260
195 17 270
199 17 258
200 17 233
209 17 260
210 17 276
211 17 230
215 17 248
218 17 296
219 17 258
220 17 268
222 17 249
223 17 242
228 17 250
230 17 269
231 17 241
234 17 249
237 17 281
239 17 258
243 17 272
245 17 262
250 17 270
251 17 251
256 17 259
257 17 249
258 17 265
261 17 223
263 17 245
266 17 275
268 17 247
269 17 256
270 17 221
271 17 288
274 17 263
275 17 251
280 17 261
281 17 268
282 17 265
284 17 233
289 17 229
290 17 258
294 17 268
296 17 244
297 17 231
298 17 224
311 17 249
314 17 257
316 17 248
317 17 234
318 17 253
320 17 240
323 17 215
326 17 239
327 17 253
328 17 235
330 17 267
341 17 248
346 17 237
347 17 245
349 17 223
351 17 222
354 17 237
355 17 220
357 17 275
358 17 228
368 17 228
370 17 193
371 17 225
376 17 241
377 17 231
380 17 222
386 17 222
388 17 229
392 17 229
394 17 238
395 17 200
396 17 225
399 17 233
401 17 207
405 17 217
406 17 213
413 17 236
416 17 209
417 17 218
418 17 205
420 17 219
422 17 254
423 17 241
424 17 208
428 17 215
430 17 240
436 17 246
438 17 238
439 17 227
442 17 211
444 17 227
453 17 259
454 17 221
455 17 228
467 17 192
473 17 211
475 17 202
477 17 230
479 17 204
480 17 216
481 17 197
484 17 217
485 17 225
486 17 220
487 17 229
488 17 217
490 17 201
498 17 185
499 17 213
504 17 225
510 17 229
518 17 224
521 17 228
522 17 201
524 17 205
525 17 191
528 17 208
535 17 202
538 17 199
540 17 185
542 17 206
543 17 224
544 17 183
545 17 216
548 17 208
553 17 200
554 17 191
556 17 192
563 17 205
565 17 211
575 17 195
582 17 188
583 17 208
590 17 192
592 17 195
594 17 178
595 17 193
597 17 184
598 17 203
601 17 189
602 17 194
605 17 163
606 17 186
612 17 179
616 17 189
619 17 200
623 17 206
627 17 197
629 17 190
630 17 181
633 17 158
634 17 182
635 17 197
637 17 195
641 17 180
646 17 202
649 17 188
650 17 184
651 17 183
653 17 186
656 17 204
658 17 196
663 17 193
666 17 172
667 17 198
670 17 179
674 17 203
677 17 183
678 17 177
682 17 187
683 17 165
690 17 168
692 17 198
702 17 177
706 17 174
719 17 170
720 17 184
722 17 160
727 17 144
729 17 162
733 17 183
734 17 144
738 17 187
741 17 157
749 17 163
751 17 154
754 17 190
756 17 173
765 17 182
771 17 151
776 17 157
778 17 155
779 17 149
780 17 132
784 17 180
792 17 157
796 17 163
797 17 154
802 17 176
809 17 166
811 17 160
821 17 166
825 17 161
827 17 141
830 17 168
831 17 167
832 17 140
833 17 153
844 17 141
845 17 147
848 17 143
853 17 162
856 17 141
858 17 141
860 17 164
864 17 152
866 17 158
870 17 161
871 17 154
872 17 141
875 17 133
880 17 145
881 17 151
883 17 153
884 17 160
885 17 147
893 17 166
895 17 168
908 17 152
913 17 161
921 17 153
923 17 172
935 17 139
938 17 143
940 17 153
946 17 153
947 17 131
949 17 154
954 17 128
955 17 134
957 17 131
958 17 147
961 17 145
962 17 145
967 17 146
968 17 134
973 17 139
976 17 117
977 17 146
982 17 121
991 17 142
992 17 137
994 17 151
997 17 126
999 17 142
1002 17 156
1007 17 115
1015 17 155
1016 17 143
1019 17 137
1020 17 128
1025 17 119
1027 17 136
1028 17 118
1032 17 119
1035 17 131
1044 17 135
1046 17 133
1052 17 114
1058 17 119
1066 17 113
1068 17 124
1071 17 130
1078 17 128
1086 17 102
1090 17 118
1091 17 121
1092 17 130
1094 17 126
1096 17 141
1099 17 123
1102 17 116
1112 17 115
1116 17 104
1117 17 139
1119 17 123
1120 17 108
1121 17 133
1123 17 119
1124 17 116
1132 17 115
1134 17 117
1135 17 107
1140 17 124
1142 17 117
1144 17 119
1145 17 104
1146 17 117
1148 17 122
1153 17 87
1156 17 117
1158 17 107
1160 17 102
1168 17 111
1170 17 106
1175 17 125
1179 17 93
1180 17 90
1182 17 95
1187 17 82
1188 17 118
1189 17 139
1193 17 125
1201 17 127
1202 17 102
1203 17 116
1215 17 100
1218 17 106
1221 17 116
1237 17 111
1246 17 99
1251 17 115
1252 17 102
1258 17 99
1261 17 111
1271 17 116
1278 17 97
1287 17 87
1295 17 93
1296 17 101
1300 17 102
1304 17 83
1305 17 93
1306 17 87
1308 17 99
1309 17 91
1311 17 124
1312 17 110
1315 17 96
1318 17 95
1324 17 87
1325 17 88
1331 17 101
1335 17 97
1336 17 87
1337 17 103
1340 17 82
1342 17 106
1343 17 102
1345 17 98
1350 17 95
1357 17 112
1358 17 96
1361 17 91
1365 17 84
1372 17 101
1373 17 88
1374 17 92
1379 17 95
1382 17 98
1385 17 78
1390 17 90
1403 17 77
1404 17 91
1405 17 86
1409 17 82
1410 17 99
1411 17 101
1414 17 86
1415 17 88
1418 17 86
1434 17 81
1438 17 81
1441 17 94
1447 17 82
1450 17 79
1454 17 85
1464 17 94
1468 17 94
1471 17 86
1472 17 78
1473 17 80
1475 17 86
1484 17 88
1485 17 91
1499 17 78
1504 17 78
1508 17 80
1511 17 89
1517 17 69
1519 17 75
1536 17 62
1537 17 75
1538 17 79
1547 17 73
1548 17 71
1549 17 85
1553 17 44
1554 17 58
1557 17 82
1561 17 69
1562 17 69
1567 17 78
1582 17 62
1589 17 67
1595 17 73
1598 17 64
1609 17 77
1628 17 65
1629 17 61
1640 17 71
1644 17 70
1646 17 66
1654 17 51
1655 17 46
1659 17 55
1665 17 58
1673 17 71
1675 17 76
1681 17 64
1687 17 56
1697 17 44
1699 17 48
1700 17 59
1710 17 51
1711 17 65
1712 17 65
1715 17 63
1732 17 70
1734 17 51
1737 17 49
1739 17 57
1740 17 57
1742 17 53
1750 17 68
1752 17 56
1764 17 52
1790 17 56
1807 17 48
1809 17 50
1827 17 45
1831 17 50
1836 17 41
1849 17 51
1858 17 41
1871 17 33
1872 17 47
1876 17 45
1888 17 39
1891 17 48
1893 17 46
1901 17 52
1912 17 43
1914 17 41
1919 17 48
1923 17 46
1928 17 41
1940 17 49
1942 17 32
1949 17 30
1951 17 39
1952 17 45
1956 17 47
1962 17 40
1971 17 35
1974 17 47
1984 17 49
1998 17 34
2006 17 44
2008 17 38
2013 17 34
2020 17 36
2027 17 24
2042 17 36
2044 17 29
2048 17 33
2064 17 38
2068 17 26
2069 17 38
2072 17 27
2089 17 31
2097 17 37
2100 17 33
2110 17 29
2113 17 31
2114 17 24
2123 17 31
2125 17 24
2126 17 21
2129 17 24
2131 17 21
2140 17 28
2141 17 26
2146 17 20
2149 17 19
2154 17 32
2157 17 21
2160 17 19
2167 17 24
2171 17 23
2174 17 27
2185 17 22
2193 17 22
2195 17 23
2210 17 30
2220 17 20
2226 17 19
2231 17 14
2238 17 25
2240 17 23
2272 17 11
2275 17 24
2282 17 14
2294 17 19
2304 17 18
2305 17 21
2309 17 21
2310 17 19
2319 17 22
2321 17 15
2385 17 14
2386 17 13
2395 17 10
2405 17 9
2407 17 11
2408 17 10
2416 17 11
2421 17 17
2424 17 16
2428 17 15
2449 17 13
2450 17 11
2451 17 14
2455 17 10
2457 17 13
2469 17 11
2475 17 5
2476 17 12
2500 17 8
2502 17 8
2503 17 8
2513 17 7
2517 17 10
2523 17 8
2527 17 8
2538 17 11
2540 17 14
2542 17 14
2548 17 8
2552 17 10
2566 17 7
2567 17 3
2573 17 3
2576 17 12
2578 17 7
2579 17 11
2583 17 7
2587 17 9
2589 17 10
2602 17 7
2609 17 8
2612 17 12
2619 17 6
2621 17 7
2627 17 8
2630 17 10
2638 17 8
2656 17 4
2663 17 4
2667 17 5
2681 17 7
2683 17 3
2685 17 7
2686 17 5
2700 17 1
2703 17 5
2711 17 8
2721 17 2
2723 17 5
2724 17 5
2726 17 4
2738 17 8
2743 17 3
2751 17 2
2780 17 1
2782 17 4
2799 17 4
2818 17 1
2825 17 3
2826 17 4
2833 17 2
2841 17 3
2842 17 1
2858 17 1
2860 17 1
2868 17 2
2870 17 1
2879 17 3
2911 17 2
2921 17 1
2929 17 1
2931 17 1
2942 17 1
2945 17 1
2948 17 1
2957 17 1
2962 17 1
2993 17 1
2997 17 1
2 18 321
3 18 293
4 18 307
6 18 308
7 18 306
8 18 299
9 18 311
10 18 287
11 18 297
12 18 303
13 18 309
15 18 330
17 18 313
19 18 298
21 18 300
24 18 288
25 18 285
27 18 301
28 18 295
30 18 299
33 18 302
35 18 264
38 18 286
39 18 317
41 18 311
45 18 295
46 18 304
49 18 304
51 18 299
54 18 296
56 18 299
59 18 296
61 18 287
62 18 294
65 18 327
70 18 278
71 18 287
73 18 284
76 18 283
77 18 252
80 18 316
86 18 273
88 18 241
89 18 295
94 18 269
95 18 292
96 18 290
98 18 277
102 18 251
103 18 281
106 18 250
109 18 277
111 18 264
112 18 274
114 18 252
116 18 293
117 18 281
121 18 269
122 18 269
124 18 266
126 18 294
127 18 264
128 18 261
132 18 295
135 18 247
140 18 278
141 18 272
143 18 275
144 18 254
146 18 255
148 18 268
150 18 279
152 18 223
155 18 266
156 18 252
157 18 306
159 18 288
162 18 264
164 18 298
165 18 303
166 18 249
168 18 251
170 18 256
171 18 272
172 18 254
174 18 253
176 18 267
178 18 258
179 18 284
180 18 280
182 18 254
183 18 292
184 18 272
186 18 265
188 18 285
198 18 238
200 18 280
205 18 249
207 18 253
208 18 273
209 18 261
210 18 266
211 18 287
214 18 255
217 18 260
220 18 253
221 18 262
222 18 243
225 18 261
226 18 270
229 18 283
231 18 243
235 18 262
237 18 231
240 18 269
241 18 257
246 18 256
248 18 246
249 18 266
251 18 223
252 18 276
255 18 265
260 18 257
263 18 241
266 18 244
267 18 255
270 18 245
271 18 232
272 18 266
275 18 310
277 18 256
279 18 209
282 18 234
283 18 256
284 18 259
289 18 231
290 18 265
292 18 237
294 18 262
297 18 240
299 18 236
303 18 256
304 18 233
305 18 238
307 18 251
310 18 218
311 18 216
316 18 225
321 18 231
326 18 240
330 18 252
332 18 221
334 18 254
336 18 247
337 18 248
339 18 201
345 18 232
346 18 221
348 18 237
350 18 235
354 18 230
357 18 210
358 18 223
361 18 258
368 18 228
369 18 239
374 18 243
376 18 217
381 18 223
385 18 225
386 18 218
387 18 230
394 18 228
399 18 225
401 18 219
402 18 235
407 18 215
410 18 266
414 18 245
415 18 229
420 18 247
424 18 218
426 18 207
427 18 215
428 18 212
434 18 227
438 18 197
445 18 223
446 18 241
447 18 238
448 18 228
450 18 239
455 18 199
456 18 205
457 18 234
458 18 209
461 18 206
465 18 201
472 18 227
473 18 236
474 18 209
477 18 186
478 18 211
480 18 243
482 18 237
485 18 209
490 18 243
493 18 223
494 18 194
504 18 210
505 18 206
506 18 213
508 18 206
513 18 210
519 18 195
520 18 190
524 18 186
529 18 183
534 18 204
538 18 194
540 18 215
542 18 192
543 18 189
545 18 212
550 18 190
551 18 205
569 18 220
571 18 218
576 18 204
580 18 197
583 18 211
585 18 182
587 18 217
590 18 196
594 18 216
595 18 187
601 18 194
604 18 199
605 18 189
606 18 191
608 18 192
611 18 177
613 18 196
614 18 216
616 18 188
620 18 201
621 18 179
622 18 191
623 18 201
626 18 183
628 18 204
629 18 203
630 18 173
633 18 182
641 18 185
645 18 177
646 18 176
647 18 178
651 18 198
652 18 190
653 18 179
658 18 196
662 18 170
664 18 184
666 18 188
680 18 209
683 18 195
690 18 193
699 18 176
700 18 169
702 18 190
708 18 186
710 18 147
712 18 173
713 18 174
714 18 176
722 18 155
724 18 174
727 18 190
736 18 165
740 18 167
741 18 184
743 18 173
746 18 163
750 18 193
753 18 190
754 18 183
757 18 170
761 18 174
770 18 163
771 18 190
773 18 181
776 18 156
783 18 159
794 18 167
800 18 174
801 18 177
809 18 155
810 18 139
811 18 153
814 18 156
815 18 177
821 18 157
822 18 169
829 18 160
831 18 163
833 18 163
839 18 165
842 18 167
843 18 163
844 18 166
845 18 165
852 18 145
854 18 158
856 18 180
859 18 153
860 18 172
862 18 163
864 18 142
867 18 147
870 18 150
873 18 151
876 18 174
881 18 134
882 18 164
886 18 173
887 18 156
889 18 143
892 18 128
895 18 118
903 18 163
904 18 141
908 18 161
910 18 120
913 18 135
917 18 122
919 18 125
921 18 144
931 18 132
935 18 139
939 18 150
941 18 156
951 18 143
959 18 134
960 18 135
971 18 152
980 18 124
982 18 132
989 18 129
990 18 137
992 18 131
995 18 150
998 18 133
1002 18 141
1006 18 121
1010 18 130
1018 18 134
1026 18 120
1027 18 130
1028 18 153
1030 18 126
1034 18 122
1044 18 134
1049 18 140
1055 18 144
1063 18 146
1064 18 134
1066 18 127
1075 18 108
1076 18 141
1078 18 116
1085 18 136
1088 18 123
1094 18 130
1095 18 132
1097 18 106
1100 18 128
1101 18 112
1104 18 121
1107 18 120
1111 18 122
1112 18 110
1113 18 110
1114 18 111
1116 18 130
1124 18 100
1126 18 116
1135 18 121
1136 18 113
1138 18 110
1147 18 130
1150 18 120
1158 18 127
1159 18 109
1163 18 116
1164 18 108
1167 18 108
1168 18 109
1171 18 127
1172 18 114
1178 18 109
1180 18 102
1181 18 109
1183 18 108
1184 18 124
1186 18 112
1192 18 122
1193 18 102
1197 18 128
1200 18 98
1210 18 101
1214 18 116
1217 18 121
1224 18 122
1231 18 113
1245 18 98
1246 18 108
1251 18 95
1253 18 84
1263 18 105
1266 18 106
1268 18 87
1281 18 99
1284 18 87
1291 18 102
1303 18 94
1309 18 97
1311 18 100
1312 18 89
1316 18 89
1333 18 97
1337 18 92
1338 18 107
1342 18 113
1343 18 84
1349 18 97
1353 18 91
1358 18 109
1360 18 86
1365 18 84
1366 18 96
1369 18 107
1375 18 84
1378 18 89
1389 18 100
1395 18 87
1396 18 90
1397 18 87
1398 18 70
1399 18 91
1401 18 82
1404 18 77
1407 18 94
1411 18 69
1413 18 82
1417 18 92
1419 18 87
1423 18 80
1427 18 93
1428 18 81
1436 18 92
1438 18 85
1450 18 87
1452 18 94
1460 18 93
1461 18 73
1466 18 76
1468 18 56
1472 18 101
1475 18 82
1478 18 78
1480 18 90
1482 18 82
1483 18 72
1484 18 85
1488 18 88
1491 18 74
1492 18 86
1494 18 74
1495 18 87
1507 18 68
1513 18 65
1514 18 74
1517 18 78
1523 18 92
1526 18 75
1536 18 71
1539 18 77
1540 18 70
1542 18 80
1545 18 70
1548 18 69
1553 18 67
1560 18 80
1569 18 69
1570 18 60
1571 18 65
1577 18 69
1578 18 69
1579 18 60
1584 18 57
1590 18 67
1601 18 75
1625 18 64
1631 18 75
1634 18 61
1635 18 81
1641 18 55
1649 18 67
1651 18 42
1652 18 63
1655 18 63
1661 18 64
1662 18 68
1664 18 51
1672 18 79
1675 18 61
1686 18 57
1687 18 45
1692 18 50
1702 18 66
1703 18 59
1712 18 65
1719 18 63
1727 18 49
1735 18 65
1737 18 49
1744 18 53
1748 18 61
1749 18 51
1750 18 59
1753 18 58
1756 18 61
1762 18 47
1770 18 59
1779 18 60
1783 18 51
1784 18 41
1787 18 58
1791 18 48
1794 18 57
1798 18 34
1801 18 47
1809 18 40
1818 18 49
1833 18 48
1841 18 58
1842 18 38
1844 18 54
1847 18 52
1848 18 37
1849 18 41
1863 18 44
1865 18 39
1866 18 45
1871 18 51
1878 18 47
1880 18 48
1892 18 52
1901 18 43
1914 18 49
1937 18 48
1945 18 45
1946 18 38
1952 18 45
1957 18 42
1961 18 31
1973 18 39
1976 18 41
1979 18 39
1981 18 30
1985 18 42
1988 18 55
1991 18 38
2000 18 31
2001 18 36
2004 18 26
2005 18 35
2008 18 33
2015 18 37
2017 18 38
2028 18 43
2032 18 32
2034 18 41
2038 18 30
2063 18 26
2071 18 40
2073 18 35
2079 18 37
2085 18 38
2090 18 27
2096 18 28
2103 18 38
2120 18 28
2125 18 28
2127 18 33
2137 18 25
2151 18 29
2163 18 34
2177 18 23
2179 18 27
2180 18 25
2202 18 20
2213 18 23
2220 18 24
2224 18 24
2225 18 14
2237 18 21
2270 18 20
2274 18 24
2285 18 17
2302 18 19
2318 18 14
2340 18 17
2344 18 21
2351 18 17
2359 18 15
2365 18 13
2368 18 16
2391 18 18
2392 18 11
2417 18 14
2419 18 15
2425 18 19
2447 18 15
2450 18 11
2452 18 8
2457 18 12
2460 18 6
2478 18 12
2480 18 9
2499 18 13
2508 18 9
2510 18 11
2512 18 9
2522 18 8
2527 18 12
2534 18 8
2536 18 5
2538 18 9
2539 18 8
2553 18 14
2574 18 10
2581 18 11
2584 18 7
2585 18 10
2594 18 8
2595 18 6
2620 18 6
2630 18 4
2633 18 7
2635 18 3
2637 18 6
2661 18 4
2679 18 3
2684 18 4
2695 18 6
2721 18 5
2723 18 3
2724 18 2
2726 18 5
2731 18 4
2739 18 3
2753 18 2
2772 18 4
2777 18 4
2778 18 2
2788 18 3
2794 18 4
2798 18 1
2816 18 4
2823 18 2
2826 18 2
2836 18 1
2843 18 1
2853 18 4
2862 18 3
2863 18 1
2875 18 2
2878 18 3
2886 18 1
2891 18 1
2900 18 1
2904 18 1
2906 18 3
2908 18 1
2911 18 2
2913 18 1
2914 18 1
2920 18 2
2929 18 1
2931 18 1
2932 18 1
2948 18 1
2954 18 1
2958 18 1
2968 18 1
2981 18 1
2988 18 1
1 19 310
3 19 293
6 19 271
8 19 318
10 19 305
13 19 283
14 19 295
17 19 273
18 19 305
19 19 310
20 19 278
21 19 289
22 19 310
23 19 248
24 19 314
29 19 291
30 19 321
32 19 284
33 19 279
34 19 293
35 19 271
37 19 302
41 19 297
42 19 284
43 19 305
44 19 316
46 19 289
47 19 294
49 19 299
50 19 304
53 19 273
55 19 286
58 19 295
60 19 280
61 19 286
67 19 293
69 19 307
71 19 306
72 19 314
73 19 281
75 19 292
77 19 312
85 19 316
87 19 284
89 19 264
90 19 270
94 19 283
97 19 301
100 19 314
101 19 256
103 19 311
104 19 255
106 19 309
107 19 260
109 19 247
110 19 273
111 19 270
116 19 278
118 19 276
119 19 280
124 19 278
126 19 282
129 19 285
130 19 288
131 19 298
133 19 273
134 19 284
136 19 259
139 19 261
141 19 259
144 19 260
145 19 262
147 19 291
148 19 227
154 19 247
156 19 293
159 19 279
160 19 275
161 19 284
168 19 257
171 19 281
174 19 230
175 19 259
177 19 264
179 19 252
181 19 275
182 19 266
183 19 260
184 19 276
188 19 269
193 19 261
194 19 275
195 19 294
196 19 283
197 19 220
198 19 249
202 19 253
203 19 254
206 19 246
207 19 248
208 19 278
213 19 286
214 19 286
215 19 267
218 19 264
219 19 241
224 19 284
228 19 230
230 19 268
232 19 271
233 19 276
238 19 254
240 19 250
241 19 257
242 19 274
243 19 225
245 19 251
250 19 237
253 19 261
254 19 238
259 19 227
260 19 258
261 19 243
262 19 246
263 19 235
264 19 265
265 19 235
268 19 250
271 19 301
273 19 250
274 19 255
275 19 235
277 19 278
286 19 263
287 19 234
293 19 246
294 19 232
295 19 229
296 19 250
297 19 238
302 19 242
304 19 215
311 19 245
314 19 256
315 19 238
319 19 255
320 19 244
324 19 260
325 19 234
326 19 241
329 19 224
339 19 237
340 19 240
341 19 253
342 19 266
343 19 223
344 19 247
352 19 225
357 19 235
365 19 239
368 19 242
370 19 242
371 19 221
372 19 226
379 19 224
380 19 265
383 19 215
384 19 213
385 19 248
388 19 225
389 19 243
392 19 223
395 19 239
397 19 217
399 19 241
400 19 238
402 19 220
407 19 233
411 19 238
412 19 212
418 19 207
421 19 239
428 19 211
429 19 208
432 19 265
435 19 201
437 19 197
441 19 191
443 19 243
444 19 198
446 19 199
448 19 232
454 19 225
462 19 219
464 19 207
467 19 217
468 19 235
470 19 203
472 19 208
473 19 218
480 19 203
483 19 185
484 19 229
490 19 195
492 19 204
499 19 212
507 19 215
509 19 207
510 19 199
512 19 216
520 19 187
521 19 198
525 19 224
527 19 202
530 19 194
533 19 194
535 19 184
537 19 208
544 19 208
547 19 181
548 19 196
549 19 200
555 19 192
556 19 192
559 19 192
564 19 227
569 19 187
574 19 216
575 19 175
576 19 186
580 19 206
582 19 171
584 19 185
590 19 208
594 19 195
596 19 185
598 19 191
602 19 192
604 19 196
610 19 197
612 19 190
613 19 195
614 19 189
617 19 193
619 19 189
626 19 186
629 19 192
630 19 181
631 19 184
634 19 170
636 19 200
637 19 213
638 19 193
642 19 196
645 19 191
648 19 190
649 19 186
651 19 180
653 19 176
659 19 208
663 19 191
664 19 188
666 19 197
672 19 203
673 19 179
674 19 170
679 19 198
680 19 196
683 19 167
687 19 173
689 19 159
690 19 188
694 19 159
697 19 171
701 19 178
702 19 139
706 19 160
707 19 182
711 19 186
712 19 161
713 19 165
723 19 173
725 19 166
726 19 166
727 19 176
728 19 177
732 19 173
736 19 161
739 19 176
740 19 183
741 19 181
744 19 152
748 19 178
749 19 178
750 19 158
751 19 178
754 19 157
757 19 170
758 19 176
762 19 167
763 19 166
768 19 166
769 19 171
773 19 174
775 19 176
776 19 160
778 19 166
779 19 159
781 19 177
783 19 179
788 19 164
790 19 167
792 19 159
800 19 164
801 19 170
805 19 195
807 19 177
809 19 157
810 19 177
812 19 157
813 19 170
814 19 166
815 19 144
817 19 149
819 19 161
821 19 155
822 19 152
828 19 158
832 19 176
834 19 181
836 19 145
838 19 167
841 19 146
845 19 172
848 19 165
850 19 152
863 19 142
873 19 148
875 19 144
876 19 142
879 19 164
881 19 141
883 19 156
884 19 134
885 19 168
887 19 155
888 19 145
891 19 176
893 19 147
894 19 153
898 19 140
903 19 162
905 19 157
909 19 131
910 19 161
916 19 134
920 19 152
925 19 146
927 19 126
933 19 145
935 19 150
938 19 132
944 19 132
947 19 140
953 19 137
956 19 132
964 19 150
970 19 132
971 19 145
973 19 132
974 19 167
975 19 142
977 19 116
978 19 128
979 19 140
992 19 129
999 19 127
1000 19 140
1002 19 123
1008 19 131
1013 19 146
1015 19 118
1016 19 139
1017 19 124
1019 19 120
1026 19 127
1027 19 135
1028 19 120
1030 19 125
1033 19 117
1035 19 133
1047 19 135
1049 19 126
1050 19 119
1051 19 130
1055 19 136
1071 19 123
1073 19 124
1074 19 129
1076 19 120
1078 19 127
1086 19 106
1088 19 108
1089 19 129
1093 19 139
1094 19 112
1099 19 109
1101 19 114
1102 19 133
1103 19 119
1105 19 112
1106 19 115
1107 19 110
1113 19 126
1115 19 116
1121 19 110
1123 19 110
1129 19 115
1139 19 122
1140 19 122
1143 19 102
1150 19 108
1155 19 124
1159 19 110
1161 19 117
1171 19 95
1175 19 129
1196 19 125
1197 19 119
1198 19 111
1205 19 123
1207 19 118
1210 19 93
1217 19 94
1219 19 93
1236 19 115
1243 19 102
1245 19 100
1249 19 102
1250 19 105
1252 19 93
1260 19 89
1263 19 106
1265 19 123
1271 19 89
1275 19 83
1280 19 98
1281 19 111
1284 19 120
1293 19 101
1297 19 98
1298 19 85
1299 19 105
1305 19 98
1306 19 100
1307 19 105
1312 19 84
1319 19 91
1320 19 106
1323 19 110
1332 19 107
1333 19 90
1335 19 81
1354 19 89
1358 19 88
1359 19 86
1361 19 101
1364 19 70
1366 19 81
1368 19 85
1373 19 95
1376 19 92
1379 19 93
1380 19 92
1383 19 92
1388 19 105
1389 19 92
1392 19 72
1394 19 94
1412 19 98
1413 19 77
1418 19 100
1420 19 84
1429 19 85
1431 19 69
1433 19 88
1437 19 87
1448 19 91
1454 19 88
1464 19 79
1468 19 80
1478 19 83
1482 19 89
1483 19 76
1486 19 61
1494 19 69
1502 19 81
1503 19 70
1516 19 75
1518 19 77
1519 19 93
1520 19 92
1526 19 70
1532 19 81
1536 19 74
1545 19 74
1550 19 77
1557 19 68
1573 19 81
1575 19 80
1576 19 87
1581 19 64
1582 19 60
1587 19 88
1602 19 55
1614 19 78
1615 19 57
1623 19 51
1627 19 60
1628 19 68
1629 19 61
1647 19 70
1651 19 65
1654 19 60
1661 19 51
1663 19 67
1666 19 75
1676 19 53
1681 19 53
1683 19 62
1689 19 60
1690 19 61
1693 19 70
1694 19 51
1702 19 56
1703 19 55
1704 19 52
1717 19 54
1720 19 62
1731 19 49
1732 19 49
1733 19 56
1735 19 51
1740 19 68
1745 19 55
1747 19 59
1748 19 59
1759 19 54
1761 19 53
1763 19 66
1764 19 55
1766 19 49
1774 19 49
1777 19 65
1781 19 54
1795 19 52
1797 19 55
1804 19 56
1805 19 52
1821 19 48
1822 19 56
1825 19 42
1828 19 46
1832 19 45
1833 19 50
1835 19 44
1837 19 50
1838 19 41
1843 19 52
1845 19 48
1855 19 40
1866 19 62
1874 19 48
1884 19 42
1888 19 53
1904 19 38
1908 19 46
1916 19 39
1931 19 28
1939 19 37
1942 19 47
1949 19 41
1950 19 37
1954 19 46
1958 19 27
1959 19 33
1968 19 32
1970 19 38
1974 19 40
1977 19 34
1978 19 35
2001 19 38
2005 19 24
2019 19 27
2020 19 21
2024 19 36
2031 19 30
2038 19 28
2054 19 30
2055 19 30
2056 19 46
2077 19 33
2090 19 28
2102 19 26
2112 19 34
2151 19 19
2175 19 25
2192 19 19
2219 19 23
2240 19 19
2259 19 20
2262 19 22
2263 19 21
2265 19 16
2283 19 15
2318 19 17
2337 19 14
2345 19 14
2350 19 12
2375 19 13
2385 19 14
2389 19 12
2401 19 15
2404 19 11
2427 19 17
2430 19 9
2432 19 9
2433 19 11
2458 19 16
2463 19 11
2466 19 10
2467 19 21
2471 19 11
2485 19 12
2489 19 10
2510 19 7
2520 19 10
2528 19 6
2530 19 13
2533 19 9
2543 19 9
2544 19 11
2557 19 14
2567 19 10
2587 19 5
2595 19 7
2601 19 6
2606 19 5
2607 19 5
2612 19 6
2614 19 2
2629 19 8
2630 19 7
2638 19 5
2642 19 3
2645 19 6
2651 19 3
2656 19 3
2662 19 4
2666 19 9
2688 19 5
2689 19 3
2705 19 4
2711 19 5
2720 19 4
2729 19 2
2736 19 8
2740 19 2
2751 19 2
2755 19 3
2766 19 2
2770 19 1
2785 19 6
2791 19 5
2807 19 1
2811 19 2
2814 19 3
2816 19 1
2821 19 1
2823 19 3
2831 19 3
2836 19 2
2840 19 1
2850 19 2
2851 19 4
2852 19 1
2858 19 2
2862 19 1
2863 19 4
2867 19 1
2873 19 1
2877 19 1
2883 19 1
2903 19 1
2906 19 1
2941 19 2
2954 19 1
2966 19 2
2975 19 1
2978 19 2
2998 19 1
2 20 285
5 20 307
6 20 303
10 20 284
11 20 298
16 20 336
19 20 277
21 20 293
26 20 298
29 20 310
30 20 317
34 20 298
36 20 308
40 20 279
42 20 325
45 20 283
46 20 296
48 20 303
49 20 291
50 20 280
52 20 322
53 20 293
57 20 287
58 20 288
59 20 314
60 20 294
64 20 292
65 20 289
67 20 301
73 20 304
74 20 278
75 20 318
76 20 298
78 20 252
81 20 260
82 20 314
86 20 278
89 20 290
90 20 294
91 20 274
93 20 266
95 20 270
96 20 264
99 20 298
100 20 258
106 20 242
110 20 280
111 20 284
114 20 281
119 20 285
122 20 309
124 20 272
125 20 281
126 20 270
128 20 281
131 20 283
132 20 263
133 20 273
135 20 278
136 20 286
140 20 276
141 20 243
142 20 272
144 20 271
145 20 280
149 20 282
151 20 287
154 20 264
155 20 284
159 20 281
161 20 260
162 20 276
163 20 282
167 20 271
168 20 253
174 20 291
177 20 284
178 20 264
179 20 262
180 20 259
183 20 269
185 20 248
186 20 267
188 20 276
190 20 262
192 20 250
193 20 275
201 20 264
206 20 250
213 20 278
214 20 278
217 20 221
225 20 265
226 20 248
227 20 249
230 20 244
231 20 258
233 20 277
235 20 277
237 20 278
238 20 242
242 20 231
244 20 262
249 20 257
250 20 253
253 20 254
254 20 256
255 20 234
256 20 241
257 20 245
259 20 237
263 20 269
264 20 236
267 20 260
271 20 241
272 20 254
275 20 242
276 20 227
279 20 241
280 20 264
283 20 239
284 20 224
286 20 258
289 20 268
290 20 249
293 20 257
298 20 252
300 20 210
304 20 242
306 20 240
310 20 209
311 20 235
313 20 243
320 20 272
326 20 228
327 20 223
328 20 231
330 20 216
331 20 236
332 20 263
339 20 262
342 20 244
343 20 253
345 20 240
347 20 235
348 20 239
349 20 220
351 20 211
354 20 231
357 20 240
362 20 251
363 20 244
366 20 242
367 20 222
372 20 223
374 20 247
375 20 208
383 20 205
384 20 244
385 20 251
386 20 227
392 20 222
394 20 224
395 20 226
398 20 195
399 20 233
405 20 252
406 20 232
414 20 217
415 20 224
417 20 223
418 20 223
419 20 228
424 20 239
426 20 206
427 20 213
432 20 255
437 20 247
440 20 222
443 20 248
447 20 226
452 20 219
456 20 224
461 20 216
462 20 218
466 20 217
467 20 234
468 20 213
472 20 206
476 20 205
477 20 205
478 20 219
484 20 222
485 20 202
486 20 221
489 20 231
490 20 217
492 20 205
504 20 212
508 20 249
514 20 192
515 20 192
517 20 217
518 20 218
521 20 202
524 20 197
528 20 194
529 20 233
530 20 197
531 20 203
534 20 217
535 20 201
536 20 197
538 20 209
539 20 215
541 20 216
543 20 198
546 20 193
549 20 186
550 20 193
561 20 194
562 20 205
563 20 222
564 20 180
569 20 196
574 20 195
581 20 221
582 20 184
583 20 201
584 20 172
589 20 219
593 20 223
601 20 182
605 20 200
609 20 192
610 20 184
614 20 194
616 20 192
618 20 199
624 20 193
629 20 192
630 20 191
633 20 210
634 20 189
635 20 166
636 20 197
637 20 191
639 20 181
640 20 195
644 20 183
645 20 178
653 20 186
654 20 184
657 20 186
661 20 173
662 20 163
663 20 185
665 20 163
669 20 161
676 20 210
677 20 158
680 20 178
682 20 166
691 20 203
693 20 166
695 20 182
697 20 179
702 20 159
703 20 168
705 20 189
707 20 172
708 20 179
711 20 170
717 20 182
719 20 188
723 20 174
724 20 185
726 20 185
729 20 154
735 20 174
738 20 168
739 20 141
740 20 161
741 20 174
742 20 164
743 20 166
745 20 172
750 20 165
752 20 171
756 20 163
759 20 160
761 20 169
768 20 187
771 20 161
776 20 188
777 20 171
780 20 177
781 20 179
782 20 151
785 20 183
786 20 158
789 20 155
790 20 167
793 20 167
794 20 183
795 20 161
796 20 149
800 20 188
805 20 154
822 20 143
824 20 155
825 20 152
828 20 146
832 20 147
842 20 148
843 20 138
849 20 142
856 20 156
859 20 148
866 20 165
870 20 166
880 20 135
883 20 145
892 20 161
893 20 156
899 20 174
907 20 153
908 20 169
925 20 139
930 20 125
931 20 157
932 20 151
933 20 162
934 20 150
937 20 150
941 20 129
944 20 157
949 20 135
952 20 159
956 20 127
957 20 147
960 20 148
961 20 133
962 20 129
963 20 155
965 20 156
967 20 143
971 20 133
974 20 151
975 20 131
976 20 154
982 20 165
985 20 124
988 20 124
991 20 148
992 20 156
995 20 138
996 20 135
1000 20 138
1008 20 122
1010 20 103
1012 20 132
1017 20 132
1021 20 129
1024 20 125
1026 20 126
1027 20 112
1031 20 133
1034 20 136
1038 20 125
1044 20 126
1047 20 130
1049 20 110
1056 20 121
1057 20 122
1059 20 145
1073 20 114
1074 20 135
1075 20 115
1076 20 128
1077 20 125
1079 20 122
1086 20 134
1087 20 145
1096 20 118
1097 20 126
1111 20 131
1115 20 133
1118 20 122
1121 20 115
1127 20 117
1130 20 126
1137 20 104
1146 20 103
1158 20 116
1162 20 109
1174 20 101
1177 20 96
1179 20 112
1184 20 105
1185 20 110
1187 20 117
1191 20 117
1193 20 125
1194 20 123
1202 20 108
1207 20 97
1212 20 120
1216 20 114
1223 20 109
1229 20 105
1240 20 121
1242 20 92
1244 20 107
1249 20 108
1251 20 97
1252 20 103
1255 20 114
1257 20 94
1264 20 90
1266 20 127
1267 20 102
1268 20 112
1269 20 98
1271 20 109
1273 20 112
1279 20 96
1283 20 96
1284 20 98
1295 20 96
1297 20 90
1298 20 107
1314 20 104
1319 20 89
1321 20 94
1322 20 91
1335 20 110
1340 20 95
1342 20 82
1343 20 110
1344 20 92
1346 20 100
1348 20 103
1354 20 93
1355 20 89
1357 20 93
1372 20 90
1374 20 96
1377 20 97
1379 20 97
1380 20 101
1382 20 92
1390 20 84
1402 20 102
1404 20 86
1409 20 99
1411 20 90
1418 20 86
1420 20 93
1429 20 80
1431 20 67
1466 20 69
1467 20 88
1468 20 90
1470 20 77
1472 20 68
1474 20 81
1476 20 83
1477 20 88
1480 20 92
1483 20 73
1485 20 72
1488 20 70
1492 20 64
1499 20 66
1502 20 67
1506 20 75
1513 20 85
1514 20 67
1516 20 71
1517 20 78
1528 20 68
1530 20 73
1531 20 85
1535 20 65
1537 20 65
1551 20 67
1552 20 71
1554 20 78
1561 20 72
1562 20 68
1563 20 69
1573 20 70
1574 20 62
1575 20 77
1579 20 58
1585 20 80
1592 20 56
1606 20 56
1611 20 66
1618 20 58
1619 20 62
1625 20 67
1649 20 64
1651 20 63
1658 20 66
1665 20 60
1671 20 61
1676 20 62
1679 20 67
1687 20 65
1691 20 48
1696 20 73
1697 20 65
1699 20 65
1702 20 80
1707 20 57
1726 20 51
1740 20 62
1741 20 55
1748 20 56
1750 20 52
1758 20 54
1759 20 56
1761 20 46
1765 20 64
1769 20 45
1772 20 52
1781 20 59
1784 20 47
1793 20 44
1797 20 47
1803 20 49
1808 20 48
1818 20 51
1823 20 47
1831 20 54
1845 20 53
1846 20 46
1847 20 48
1848 20 43
1850 20 55
1851 20 64
1857 20 51
1860 20 48
1864 20 41
1867 20 43
1871 20 43
1879 20 42
1906 20 39
1916 20 41
1919 20 39
1922 20 30
1924 20 42
1927 20 34
1928 20 37
1934 20 36
1943 20 41
1957 20 31
1965 20 32
1968 20 34
1989 20 37
1999 20 40
2014 20 39
2016 20 25
2028 20 38
2035 20 39
2048 20 29
2062 20 33
2068 20 25
2089 20 29
2090 20 20
2096 20 30
2097 20 35
2111 20 33
2114 20 32
2124 20 27
2132 20 23
2134 20 28
2136 20 30
2167 20 31
2168 20 23
2173 20 26
2183 20 15
2188 20 24
2192 20 32
2197 20 23
2201 20 23
2204 20 27
2211 20 26
2214 20 30
2239 20 20
2241 20 24
2253 20 24
2262 20 12
2264 20 15
2273 20 24
2283 20 23
2290 20 11
2294 20 20
2310 20 18
2316 20 19
2332 20 14
2343 20 18
2345 20 16
2349 20 20
2354 20 13
2378 20 18
2381 20 12
2383 20 12
2401 20 20
2405 20 9
2420 20 15
2423 20 12
2424 20 15
2427 20 14
2440 20 14
2441 20 16
2444 20 12
2449 20 9
2460 20 11
2472 20 18
2482 20 11
2485 20 10
2492 20 17
2494 20 11
2495 20 8
2499 20 17
2501 20 7
2518 20 16
2527 20 11
2535 20 6
2536 20 8
2545 20 9
2556 20 12
2577 20 6
2585 20 5
2593 20 6
2612 20 4
2614 20 10
2616 20 7
2617 20 3
2630 20 4
2631 20 6
2641 20 8
2645 20 6
2647 20 5
2648 20 6
2658 20 3
2664 20 8
2676 20 5
2680 20 5
2689 20 4
2702 20 6
2705 20 2
2712 20 6
2713 20 3
2718 20 4
2719 20 5
2722 20 3
2724 20 4
2739 20 1
2745 20 7
2774 20 3
2779 20 3
2783 20 4
2788 20 4
2791 20 3
2819 20 2
2837 20 1
2849 20 1
2850 20 3
2855 20 1
2859 20 1
2862 20 3
2866 20 2
2873 20 1
2876 20 1
2886 20 1
2893 20 1
2896 20 3
2899 20 1
2912 20 3
2914 20 2
2917 20 1
2920 20 2
2925 20 1
2938 20 1
2939 20 1
2949 20 1
2950 20 1
2969 20 1
2978 20 1
2981 20 1
2987 20 1
2988 20 1
0 21 287
1 21 311
2 21 296
3 21 305
6 21 296
7 21 304
14 21 307
18 21 321
19 21 286
20 21 283
22 21 284
24 21 293
25 21 319
28 21 310
29 21 290
32 21 307
33 21 293
34 21 306
35 21 287
43 21 318
44 21 267
46 21 277
47 21 299
49 21 329
52 21 307
53 21 280
54 21 274
56 21 288
61 21 310
71 21 289
73 21 292
74 21 270
78 21 306
79 21 280
80 21 284
85 21 304
87 21 267
89 21 281
92 21 313
93 21 270
94 21 295
97 21 290
98 21 268
102 21 273
103 21 256
104 21 287
106 21 279
113 21 282
114 21 306
115 21 284
116 21 302
118 21 269
119 21 266
120 21 272
121 21 285
127 21 270
136 21 275
140 21 247
141 21 273
142 21 245
143 21 273
147 21 280
148 21 246
154 21 290
155 21 271
157 21 272
160 21 261
164 21 305
167 21 255
168 21 261
169 21 258
170 21 275
171 21 244
172 21 255
174 21 258
179 21 246
181 21 263
182 21 269
185 21 262
194 21 243
196 21 245
199 21 262
200 21 280
205 21 254
208 21 266
210 21 249
211 21 243
212 21 254
218 21 281
220 21 268
225 21 228
226 21 267
227 21 237
229 21 244
235 21 273
238 21 251
240 21 268
241 21 266
242 21 230
248 21 247
249 21 262
251 21 241
252 21 283
255 21 233
259 21 248
263 21 248
266 21 265
269 21 251
271 21 271
274 21 240
275 21 239
276 21 271
280 21 230
281 21 237
282 21 229
291 21 252
295 21 248
296 21 232
297 21 268
303 21 259
306 21 248
310 21 231
311 21 251
312 21 244
319 21 238
321 21 223
322 21 264
330 21 220
334 21 243
337 21 227
341 21 266
351 21 244
357 21 240
358 21 250
369 21 227
376 21 232
379 21 239
380 21 211
383 21 229
385 21 214
386 21 228
390 21 258
391 21 218
395 21 231
399 21 228
400 21 198
402 21 216
404 21 205
408 21 243
412 21 229
413 21 197
416 21 225
417 21 218
420 21 216
424 21 214
425 21 222
430 21 221
433 21 226
435 21 199
441 21 231
443 21 203
444 21 219
447 21 206
455 21 251
456 21 227
459 21 214
463 21 220
464 21 211
467 21 211
471 21 220
472 21 216
474 21 220
475 21 207
477 21 213
481 21 219
485 21 193
489 21 223
491 21 214
492 21 210
494 21 227
495 21 223
497 21 217
498 21 232
500 21 203
501 21 210
504 21 204
509 21 207
510 21 190
511 21 215
514 21 199
519 21 198
523 21 191
528 21 223
529 21 195
532 21 213
533 21 192
542 21 204
547 21 191
550 21 224
551 21 221
552 21 226
553 21 195
555 21 184
556 21 183
557 21 186
561 21 186
563 21 213
564 21 193
565 21 207
569 21 191
571 21 189
580 21 200
583 21 195
584 21 201
588 21 192
591 21 216
592 21 197
595 21 162
599 21 176
600 21 224
601 21 192
602 21 187
604 21 213
605 21 193
606 21 214
607 21 211
616 21 198
621 21 183
622 21 162
623 21 199
624 21 192
625 21 203
633 21 188
639 21 191
642 21 180
647 21 186
649 21 185
652 21 217
653 21 188
656 21 172
660 21 201
666 21 186
670 21 186
677 21 175
681 21 182
682 21 191
683 21 176
684 21 188
690 21 173
698 21 179
703 21 180
705 21 166
707 21 192
708 21 196
712 21 181
716 21 180
719 21 186
722 21 168
724 21 189
725 21 161
727 21 168
728 21 182
731 21 190
736 21 191
737 21 163
738 21 178
739 21 176
740 21 156
747 21 180
750 21 173
754 21 165
756 21 159
757 21 191
761 21 190
765 21 165
772 21 136
774 21 149
777 21 167
781 21 164
782 21 142
783 21 171
787 21 163
792 21 188
797 21 173
800 21 166
810 21 157
817 21 162
821 21 149
832 21 168
834 21 182
835 21 169
838 21 159
842 21 176
843 21 169
846 21 136
851 21 126
853 21 169
860 21 143
862 21 151
863 21 172
867 21 167
868 21 143
869 21 154
872 21 169
873 21 160
875 21 166
878 21 153
879 21 163
880 21 163
885 21 135
887 21 146
888 21 152
890 21 147
891 21 149
897 21 135
901 21 159
902 21 125
904 21 150
906 21 154
908 21 149
909 21 144
910 21 139
913 21 136
914 21 155
915 21 139
918 21 129
919 21 142
922 21 163
929 21 148
935 21 164
940 21 142
943 21 149
944 21 148
951 21 131
952 21 148
957 21 136
958 21 139
961 21 132
968 21 124
969 21 146
972 21 150
973 21 127
979 21 174
981 21 154
983 21 144
984 21 151
985 21 143
988 21 136
991 21 134
993 21 154
997 21 118
998 21 142
999 21 143
1000 21 145
1001 21 146
1003 21 132
1004 21 126
1011 21 130
1012 21 122
1017 21 128
1018 21 152
1023 21 128
1024 21 126
1029 21 120
1031 21 121
1035 21 135
1039 21 120
1040 21 123
1042 21 118
1043 21 118
1044 21 138
1045 21 122
1048 21 126
1058 21 125
1059 21 126
1061 21 121
1063 21 128
1067 21 124
1068 21 103
1071 21 115
1073 21 125
1074 21 130
1082 21 127
1089 21 138
1097 21 129
1105 21 124
1110 21 108
1122 21 124
1124 21 134
1125 21 140
1127 21 102
1132 21 113
1133 21 117
1144 21 100
1151 21 114
1154 21 110
1163 21 106
1166 21 109
1168 21 123
1174 21 125
1178 21 110
1179 21 129
1188 21 99
1190 21 105
1193 21 107
1194 21 92
1197 21 117
1198 21 102
1213 21 114
1218 21 87
1219 21 116
1222 21 112
1223 21 109
1226 21 123
1233 21 101
1237 21 105
1239 21 92
1245 21 115
1246 21 96
1252 21 94
1253 21 122
1255 21 96
1258 21 95
1261 21 108
1264 21 106
1265 21 89
1266 21 92
1271 21 108
1272 21 103
1273 21 90
1278 21 105
1279 21 129
1287 21 92
1292 21 105
1297 21 98
1298 21 112
1300 21 93
1302 21 98
1314 21 100
1315 21 106
1317 21 99
1319 21 103
1320 21 114
1325 21 99
1333 21 97
1337 21 100
1340 21 101
1356 21 91
1357 21 85
1362 21 94
1363 21 94
1370 21 85
1381 21 102
1385 21 96
1398 21 115
1403 21 77
1405 21 97
1415 21 82
1416 21 83
1422 21 101
1425 21 72
1433 21 98
1446 21 69
1449 21 104
1450 21 86
1452 21 72
1455 21 77
1457 21 99
1459 21 93
1461 21 86
1471 21 73
1472 21 79
1475 21 85
1478 21 74
1481 21 87
1483 21 67
1484 21 68
1487 21 83
1488 21 86
1491 21 62
1500 21 70
1504 21 84
1520 21 68
1521 21 74
1529 21 56
1546 21 70
1548 21 75
1550 21 79
1553 21 74
1555 21 83
1556 21 71
1557 21 62
1562 21 53
1564 21 77
1565 21 66
1578 21 76
1580 21 77
1582 21 74
1584 21 60
1587 21 70
1592 21 62
1609 21 75
1614 21 72
1623 21 69
1626 21 79
1627 21 53
1632 21 60
1637 21 57
1641 21 64
1652 21 67
1663 21 72
1675 21 66
1676 21 74
1681 21 63
1684 21 56
1691 21 77
1694 21 60
1697 21 59
1701 21 57
1703 21 64
1704 21 51
1705 21 60
1711 21 55
1720 21 51
1722 21 57
1723 21 61
1727 21 45
1732 21 58
1739 21 57
1741 21 47
1744 21 56
1745 21 64
1747 21 44
1750 21 49
1762 21 45
1768 21 72
1771 21 50
1772 21 47
1779 21 47
1788 21 48
1792 21 52
1799 21 37
1801 21 49
1805 21 69
1806 21 62
1807 21 43
1808 21 57
1813 21 57
1816 21 41
1820 21 49
1824 21 52
1830 21 48
1838 21 36
1840 21 35
1842 21 39
1843 21 50
1866 21 40
1871 21 39
1876 21 51
1887 21 52
1890 21 39
1892 21 42
1896 21 51
1899 21 46
1900 21 39
1909 21 32
1925 21 37
1928 21 46
1940 21 40
1942 21 46
1948 21 39
1969 21 52
1971 21 37
1974 21 39
1980 21 35
1985 21 42
1987 21 27
1989 21 32
1993 21 33
1994 21 37
1995 21 28
1997 21 39
2002 21 51
2014 21 40
2027 21 23
2034 21 26
2040 21 41
2043 21 36
2045 21 32
2064 21 29
2076 21 32
2087 21 26
2104 21 27
2107 21 17
2117 21 23
2121 21 27
2125 21 35
2127 21 35
2128 21 30
2129 21 17
2155 21 25
2159 21 38
2177 21 27
2189 21 22
2190 21 28
2200 21 27
2201 21 24
2208 21 22
2211 21 27
2232 21 30
2240 21 12
2246 21 16
2250 21 20
2255 21 27
2263 21 23
2265 21 20
2269 21 16
2291 21 18
2300 21 20
2308 21 13
2327 21 17
2343 21 20
2352 21 15
2359 21 17
2366 21 21
2380 21 20
2381 21 19
2395 21 15
2398 21 14
2399 21 21
2401 21 6
2417 21 14
2418 21 15
2422 21 12
2438 21 6
2447 21 11
2460 21 14
2465 21 11
2476 21 4
2478 21 6
2486 21 10
2492 21 10
2493 21 6
2512 21 5
2523 21 13
2540 21 12
2541 21 8
2550 21 7
2558 21 9
2577 21 6
2578 21 10
2591 21 7
2597 21 11
2607 21 6
2612 21 6
2620 21 8
2621 21 9
2622 21 3
2648 21 5
2655 21 5
2656 21 4
2658 21 4
2695 21 5
2701 21 7
2711 21 4
2743 21 3
2747 21 3
2749 21 4
2751 21 4
2757 21 5
2758 21 8
2771 21 5
2773 21 3
2778 21 3
2786 21 3
2797 21 3
2800 21 4
2803 21 3
2818 21 3
2842 21 3
2847 21 2
2863 21 1
2864 21 1
2870 21 3
2883 21 2
2897 21 1
2899 21 1
2911 21 1
2915 21 1
2927 21 1
2928 21 1
2937 21 2
2979 21 1
2981 21 1
2987 21 1
2999 21 1
5 22 308
6 22 316
8 22 290
11 22 299
12 22 302
13 22 315
14 22 269
16 22 279
18 22 289
20 22 321
21 22 281
24 22 309
25 22 298
26 22 297
27 22 287
28 22 301
31 22 302
35 22 311
39 22 310
41 22 286
42 22 282
43 22 284
45 22 275
46 22 294
51 22 301
55 22 297
57 22 277
63 22 285
70 22 313
74 22 274
75 22 260
78 22 296
80 22 282
81 22 291
88 22 294
91 22 279
96 22 313
97 22 283
100 22 306
101 22 276
102 22 250
103 22 288
104 22 299
106 22 309
107 22 297
108 22 278
110 22 253
114 22 295
116 22 286
118 22 277
120 22 277
124 22 279
127 22 275
128 22 302
130 22 280
131 22 308
134 22 247
138 22 296
139 22 258
145 22 274
148 22 296
149 22 273
151 22 270
152 22 260
153 22 277
157 22 300
158 22 299
160 22 302
161 22 245
162 22 270
169 22 270
173 22 264
178 22 250
179 22 282
180 22 295
182 22 296
184 22 252
186 22 264
189 22 266
190 22 262
191 22 236
192 22 232
193 22 244
194 22 274
196 22 238
197 22 236
201 22 262
202 22 253
203 22 284
205 22 245
206 22 225
207 22 268
210 22 263
211 22 241
214 22 233
219 22 270
221 22 257
222 22 239
223 22 266
227 22 266
228 22 258
236 22 256
237 22 263
241 22 252
243 22 251
244 22 259
246 22 253
250 22 238
253 22 268
257 22 249
259 22 241
261 22 240
262 22 269
263 22 252
264 22 251
266 22 257
268 22 262
269 22 265
271 22 234
273 22 266
276 22 240
277 22 232
278 22 243
280 22 261
282 22 222
283 22 255
284 22 236
288 22 266
290 22 247
292 22 265
294 22 250
296 22 250
298 22 272
301 22 245
302 22 231
303 22 233
306 22 243
308 22 209
312 22 241
313 22 220
314 22 243
320 22 257
323 22 247
324 22 225
325 22 232
334 22 245
336 22 217
337 22 238
346 22 224
347 22 247
349 22 245
350 22 223
353 22 287
355 22 219
359 22 244
366 22 257
367 22 230
368 22 254
369 22 215
371 22 209
373 22 233
375 22 228
377 22 247
378 22 213
379 22 220
381 22 217
384 22 215
386 22 225
389 22 222
391 22 210
393 22 246
398 22 234
402 22 214
403 22 212
404 22 210
405 22 233
406 22 234
407 22 217
409 22 225
415 22 213
416 22 217
417 22 216
420 22 217
421 22 234
423 22 218
427 22 222
428 22 236
431 22 226
432 22 226
434 22 246
435 22 226
440 22 243
443 22 235
446 22 221
448 22 209
450 22 249
457 22 205
462 22 225
464 22 194
467 22 224
469 22 207
471 22 220
472 22 215
473 22 212
474 22 230
476 22 199
477 22 213
481 22 217
482 22 195
483 22 214
485 22 187
487 22 197
488 22 230
490 22 213
492 22 208
494 22 180
498 22 212
500 22 226
501 22 206
502 22 208
504 22 229
511 22 212
512 22 227
517 22 197
520 22 213
521 22 179
522 22 185
523 22 200
525 22 201
527 22 226
529 22 202
532 22 183
535 22 218
543 22 215
545 22 216
547 22 200
552 22 224
554 22 195
557 22 198
559 22 202
565 22 200
571 22 183
572 22 206
580 22 192
583 22 208
587 22 201
591 22 187
594 22 190
597 22 191
599 22 184
606 22 181
608 22 198
611 22 186
613 22 185
614 22 179
616 22 186
619 22 175
620 22 175
622 22 189
623 22 191
624 22 205
626 22 176
628 22 201
632 22 202
633 22 157
634 22 232
635 22 190
636 22 199
637 22 175
638 22 186
639 22 183
641 22 173
652 22 190
654 22 189
656 22 194
657 22 189
659 22 178
660 22 185
661 22 177
663 22 197
665 22 164
671 22 217
676 22 186
682 22 185
683 22 175
686 22 200
687 22 190
690 22 169
692 22 171
693 22 196
698 22 177
699 22 181
704 22 157
706 22 180
712 22 182
713 22 139
715 22 162
717 22 180
721 22 175
722 22 164
737 22 164
750 22 191
757 22 171
760 22 157
761 22 168
762 22 162
763 22 165
764 22 156
771 22 171
774 22 177
776 22 163
783 22 175
785 22 153
790 22 157
794 22 182
798 22 174
799 22 157
800 22 154
803 22 167
806 22 173
807 22 167
808 22 140
810 22 183
813 22 144
816 22 169
818 22 150
819 22 157
824 22 154
827 22 166
830 22 144
831 22 189
834 22 147
837 22 173
842 22 162
846 22 171
849 22 175
857 22 145
860 22 150
863 22 146
870 22 148
871 22 147
879 22 156
882 22 152
884 22 173
890 22 161
891 22 167
894 22 174
895 22 163
908 22 151
919 22 145
928 22 147
931 22 127
932 22 156
938 22 140
942 22 147
943 22 134
944 22 134
946 22 138
948 22 161
949 22 143
950 22 126
951 22 125
959 22 135
964 22 131
972 22 150
977 22 135
981 22 118
984 22 130
985 22 134
988 22 141
990 22 139
1001 22 153
1004 22 138
1005 22 153
1006 22 153
1012 22 118
1017 22 160
1018 22 136
1020 22 114
1023 22 134
1025 22 129
1029 22 122
1037 22 151
1038 22 138
1040 22 130
1046 22 143
1049 22 139
1053 22 146
1058 22 132
1060 22 109
1062 22 147
1063 22 133
1064 22 125
1065 22 126
1068 22 127
1074 22 111
1077 22 125
1080 22 143
1081 22 129
1085 22 139
1092 22 133
1095 22 132
1096 22 127
1101 22 141
1108 22 129
1109 22 111
1111 22 101
1114 22 117
1117 22 112
1122 22 127
1131 22 100
1133 22 147
1135 22 111
1139 22 96
1142 22 122
1145 22 113
1146 22 125
1157 22 122
1159 22 104
1161 22 125
1164 22 114
1167 22 121
1170 22 118
1174 22 112
1187 22 120
1190 22 122
1191 22 107
1192 22 114
1194 22 109
1197 22 113
1202 22 113
1208 22 104
1216 22 111
1217 22 109
1218 22 115
1222 22 110
1224 22 95
1225 22 108
1229 22 124
1230 22 122
1233 22 90
1234 22 106
1239 22 101
1243 22 105
1247 22 118
1261 22 120
1266 22 82
1268 22 102
1275 22 99
1279 22 94
1282 22 105
1284 22 106
1291 22 92
1292 22 97
1294 22 87
1295 22 101
1297 22 109
1298 22 109
1300 22 100
1301 22 99
1302 22 85
1306 22 97
1309 22 97
1313 22 99
1319 22 103
1323 22 101
1330 22 76
1333 22 89
1355 22 104
1359 22 86
1360 22 77
1363 22 82
1369 22 84
1377 22 92
1382 22 93
1386 22 81
1396 22 84
1399 22 98
1400 22 78
1402 22 85
1408 22 85
1409 22 84
1413 22 92
1416 22 81
1424 22 85
1425 22 88
1430 22 86
1432 22 82
1439 22 89
1440 22 90
1441 22 83
1447 22 79
1451 22 81
1452 22 95
1467 22 83
1468 22 83
1493 22 86
1494 22 78
1496 22 58
1498 22 81
1499 22 67
1505 22 74
1511 22 70
1519 22 73
1523 22 55
1534 22 62
1537 22 93
1540 22 67
1544 22 75
1546 22 77
1551 22 70
1553 22 82
1558 22 74
1564 22 76
1569 22 82
1572 22 95
1577 22 75
1579 22 68
1584 22 73
1589 22 66
1596 22 62
1610 22 60
1623 22 63
1625 22 67
1627 22 65
1633 22 46
1638 22 50
1643 22 61
1644 22 62
1647 22 75
1664 22 69
1670 22 59
1671 22 72
1672 22 69
1676 22 70
1678 22 54
1685 22 56
1689 22 57
1699 22 64
1706 22 55
1707 22 64
1717 22 50
1727 22 56
1734 22 52
1737 22 45
1746 22 56
1766 22 68
1771 22 37
1790 22 63
1796 22 49
1798 22 44
1801 22 50
1810 22 47
1814 22 47
1817 22 43
1820 22 43
1821 22 54
1823 22 49
1840 22 47
1854 22 40
1874 22 46
1876 22 34
1882 22 37
1884 22 39
1885 22 46
1887 22 53
1889 22 39
1891 22 53
1902 22 35
1909 22 38
1917 22 41
1919 22 37
1924 22 40
1932 22 41
1943 22 35
1946 22 36
1948 22 47
1950 22 42
1957 22 48
1959 22 36
1960 22 34
1968 22 35
1980 22 40
1988 22 32
1989 22 35
1993 22 46
1997 22 39
2003 22 31
2012 22 35
2019 22 21
2023 22 37
2026 22 39
2027 22 42
2033 22 39
2055 22 30
2058 22 29
2062 22 40
2085 22 31
2086 22 29
2097 22 32
2107 22 24
2113 22 26
2125 22 29
2127 22 34
2132 22 28
2135 22 27
2138 22 23
2148 22 24
2152 22 36
2161 22 33
2163 22 28
2164 22 28
2168 22 34
2175 22 25
2180 22 19
2210 22 12
2214 22 19
2215 22 23
2218 22 19
2239 22 15
2256 22 26
2258 22 15
2261 22 27
2262 22 22
2266 22 16
2299 22 23
2302 22 17
2323 22 20
2328 22 19
2346 22 18
2359 22 17
2361 22 19
2368 22 13
2369 22 9
2373 22 15
2374 22 18
2379 22 19
2387 22 16
2402 22 15
2408 22 20
2409 22 14
2422 22 10
2431 22 15
2456 22 11
2473 22 14
2474 22 5
2478 22 7
2481 22 12
2483 22 12
2488 22 12
2489 22 16
2499 22 8
2500 22 12
2514 22 12
2518 22 12
2528 22 5
2529 22 9
2532 22 9
2536 22 9
2541 22 13
2561 22 10
2591 22 10
2593 22 2
2594 22 8
2612 22 8
2631 22 7
2650 22 4
2663 22 4
2671 22 6
2672 22 7
2676 22 3
2679 22 3
2688 22 3
2698 22 5
2710 22 8
2712 22 6
2713 22 5
2715 22 7
2721 22 5
2745 22 1
2750 22 3
2757 22 6
2764 22 5
2772 22 1
2782 22 3
2789 22 4
2790 22 3
2796 22 3
2802 22 2
2816 22 2
2831 22 2
2839 22 3
2842 22 2
2845 22 4
2847 22 1
2854 22 1
2855 22 1
2863 22 2
2868 22 2
2882 22 2
2902 22 1
2903 22 2
2912 22 3
2918 22 1
2920 22 2
2927 22 2
2937 22 1
2943 22 1
2949 22 1
2955 22 1
2971 22 1
2981 22 1
2984 22 1
1 23 284
2 23 325
3 23 307
5 23 281
10 23 304
11 23 327
12 23 305
13 23 279
17 23 277
18 23 318
19 23 312
22 23 298
23 23 278
28 23 305
29 23 294
33 23 287
35 23 293
37 23 281
38 23 312
39 23 267
42 23 266
48 23 300
50 23 284
51 23 281
54 23 295
59 23 301
60 23 286
69 23 295
70 23 285
74 23 292
77 23 310
79 23 259
81 23 266
82 23 263
84 23 308
86 23 290
89 23 269
90 23 276
92 23 275
95 23 317
98 23 286
99 23 270
100 23 267
101 23 239
102 23 264
103 23 285
104 23 295
109 23 278
112 23 266
114 23 256
116 23 279
118 23 267
120 23 278
122 23 277
125 23 293
126 23 284
129 23 266
131 23 288
132 23 280
144 23 277
146 23 273
148 23 240
152 23 282
155 23 267
158 23 271
160 23 254
161 23 280
165 23 278
167 23 260
168 23 238
169 23 271
175 23 261
176 23 254
177 23 272
178 23 250
179 23 251
182 23 245
184 23 258
185 23 291
189 23 279
191 23 275
192 23 248
194 23 244
195 23 269
197 23 268
199 23 274
200 23 274
206 23 290
208 23 247
212 23 247
214 23 243
219 23 286
222 23 262
223 23 254
224 23 257
225 23 252
226 23 254
228 23 231
234 23 263
236 23 248
243 23 272
245 23 247
246 23 257
249 23 233
252 23 237
253 23 238
254 23 236
259 23 243
263 23 245
266 23 225
267 23 251
269 23 258
284 23 259
285 23 269
288 23 276
292 23 251
294 23 260
295 23 275
296 23 251
298 23 233
299 23 268
302 23 231
303 23 241
306 23 252
307 23 250
312 23 239
313 23 233
314 23 209
318 23 258
319 23 227
321 23 256
323 23 256
325 23 260
329 23 251
330 23 237
331 23 255
334 23 239
339 23 237
340 23 240
345 23 248
348 23 251
349 23 236
350 23 259
353 23 228
356 23 269
360 23 238
361 23 211
362 23 259
365 23 198
370 23 229
372 23 266
377 23 277
379 23 230
384 23 232
387 23 228
389 23 239
395 23 242
397 23 216
399 23 245
400 23 221
402 23 208
404 23 259
411 23 220
413 23 216
414 23 240
416 23 238
419 23 224
420 23 218
423 23 248
427 23 222
431 23 206
439 23 217
442 23 233
446 23 214
447 23 226
455 23 232
459 23 211
463 23 214
465 23 223
466 23 236
468 23 223
469 23 209
471 23 191
478 23 210
481 23 202
483 23 209
491 23 204
493 23 208
494 23 227
495 23 216
500 23 184
504 23 202
506 23 218
509 23 202
511 23 212
512 23 212
520 23 221
521 23 197
523 23 195
525 23 179
526 23 215
528 23 233
529 23 214
530 23 204
532 23 202
541 23 200
545 23 184
546 23 201
547 23 218
549 23 204
551 23 205
559 23 210
560 23 195
561 23 188
562 23 191
574 23 190
575 23 204
577 23 184
578 23 208
579 23 187
580 23 196
581 23 191
587 23 200
589 23 189
591 23 186
594 23 213
597 23 176
601 23 198
603 23 173
604 23 195
605 23 224
607 23 182
613 23 203
619 23 162
621 23 195
630 23 204
631 23 210
632 23 193
633 23 184
637 23 190
640 23 189
643 23 197
649 23 161
651 23 192
654 23 185
657 23 173
660 23 183
661 23 170
662 23 173
663 23 190
666 23 193
667 23 193
673 23 195
674 23 180
675 23 193
684 23 167
687 23 206
688 23 159
696 23 174
698 23 188
699 23 187
715 23 178
719 23 163
728 23 133
730 23 165
732 23 175
733 23 190
735 23 202
736 23 163
738 23 161
743 23 171
745 23 164
747 23 191
751 23 173
754 23 170
755 23 171
759 23 185
765 23 154
769 23 171
777 23 156
782 23 162
789 23 171
791 23 173
796 23 172
802 23 139
803 23 157
804 23 161
806 23 169
807 23 180
808 23 166
819 23 147
821 23 159
823 23 148
832 23 142
834 23 175
835 23 171
837 23 160
840 23 156
849 23 138
851 23 159
855 23 152
862 23 151
866 23 151
869 23 161
870 23 144
872 23 146
874 23 133
878 23 164
885 23 159
887 23 152
889 23 161
890 23 139
892 23 168
895 23 152
905 23 160
907 23 128
910 23 148
917 23 136
919 23 150
929 23 152
932 23 152
952 23 156
954 23 174
955 23 141
958 23 124
966 23 146
971 23 119
972 23 144
974 23 151
980 23 124
984 23 129
988 23 136
994 23 140
998 23 123
1001 23 133
1002 23 142
1004 23 133
1008 23 126
1010 23 146
1014 23 128
1016 23 141
1020 23 131
1027 23 146
1028 23 128
1031 23 135
1032 23 120
1039 23 144
1046 23 132
1047 23 127
1051 23 119
1054 23 122
1055 23 130
1057 23 118
1058 23 124
1072 23 123
1077 23 129
1081 23 105
1082 23 141
1091 23 116
1094 23 130
1108 23 133
1110 23 105
1112 23 114
1117 23 140
1123 23 94
1124 23 113
1126 23 115
1128 23 107
1131 23 111
1138 23 120
1143 23 113
1144 23 113
1149 23 99
1151 23 129
1159 23 114
1161 23 119
1169 23 124
1175 23 118
1178 23 112
1180 23 106
1183 23 127
1184 23 95
1186 23 108
1191 23 127
1197 23 106
1205 23 123
1206 23 126
1207 23 101
1209 23 124
1210 23 114
1211 23 109
1215 23 99
1217 23 109
1219 23 101
1223 23 90
1241 23 108
1243 23 109
1250 23 95
1275 23 100
1277 23 101
1278 23 123
1283 23 93
1289 23 107
1293 23 110
1300 23 96
1303 23 104
1309 23 114
1310 23 122
1311 23 113
1312 23 115
1315 23 102
1320 23 107
1328 23 95
1339 23 83
1341 23 94
1342 23 115
1343 23 95
1348 23 108
1349 23 112
1352 23 89
1353 23 90
1358 23 99
1365 23 92
1367 23 77
1374 23 72
1380 23 91
1381 23 96
1384 23 72
1386 23 97
1392 23 85
1398 23 86
1400 23 97
1409 23 103
1415 23 95
1422 23 75
1424 23 87
1434 23 92
1441 23 90
1444 23 81
1452 23 79
1455 23 92
1458 23 72
1462 23 83
1463 23 80
1464 23 103
1472 23 80
1473 23 75
1475 23 66
1492 23 77
1493 23 85
1495 23 73
1496 23 69
1497 23 70
1499 23 70
1512 23 78
1513 23 72
1514 23 66
1519 23 76
1522 23 71
1525 23 70
1528 23 89
1531 23 69
1540 23 74
1541 23 59
1543 23 91
1554 23 85
1556 23 64
1558 23 58
1559 23 96
1561 23 65
1569 23 69
1583 23 58
1584 23 60
1590 23 72
1592 23 59
1594 23 58
1598 23 78
1607 23 72
1611 23 80
1612 23 62
1616 23 52
1633 23 58
1635 23 62
1637 23 66
1638 23 57
1641 23 74
1649 23 59
1657 23 69
1668 23 55
1669 23 64
1675 23 69
1684 23 77
1690 23 56
1693 23 71
1696 23 56
1700 23 54
1718 23 65
1719 23 71
1728 23 40
1731 23 58
1740 23 57
1747 23 61
1749 23 48
1751 23 54
1761 23 30
1765 23 52
1775 23 52
1788 23 40
1791 23 49
1813 23 39
1818 23 51
1823 23 53
1831 23 48
1838 23 33
1841 23 54
1842 23 48
1851 23 54
1859 23 37
1868 23 50
1877 23 64
1879 23 35
1893 23 41
1895 23 38
1913 23 38
1932 23 50
1939 23 38
1940 23 36
1955 23 40
1963 23 35
1964 23 41
1982 23 35
1984 23 36
1986 23 36
1994 23 35
2006 23 19
2027 23 29
2028 23 41
2031 23 29
2043 23 40
2044 23 38
2051 23 36
2058 23 32
2062 23 39
2070 23 32
2071 23 37
2072 23 22
2076 23 17
2077 23 25
2086 23 23
2092 23 42
2094 23 28
2096 23 26
2123 23 27
2132 23 30
2144 23 25
2145 23 25
2147 23 27
2153 23 21
2184 23 19
2193 23 23
2204 23 17
2208 23 29
2223 23 23
2226 23 28
2227 23 20
2231 23 22
2235 23 18
2238 23 24
2239 23 21
2241 23 24
2242 23 25
2246 23 31
2258 23 15
2261 23 15
2265 23 21
2274 23 17
2275 23 18
2297 23 18
2303 23 17
2314 23 15
2316 23 15
2317 23 10
2321 23 13
2329 23 15
2347 23 12
2355 23 16
2369 23 14
2370 23 13
2375 23 21
2384 23 18
2389 23 11
2394 23 10
2399 23 20
2407 23 16
2411 23 13
2423 23 11
2427 23 13
2435 23 13
2452 23 8
2454 23 7
2464 23 8
2470 23 11
2480 23 6
2487 23 13
2505 23 8
2530 23 10
2550 23 7
2551 23 8
2558 23 8
2564 23 10
2579 23 7
2583 23 3
2600 23 8
2602 23 5
2603 23 5
2604 23 9
2605 23 6
2616 23 6
2618 23 7
2619 23 7
2632 23 7
2652 23 3
2653 23 9
2667 23 3
2676 23 8
2680 23 9
2685 23 3
2686 23 6
2705 23 6
2711 23 5
2713 23 2
2714 23 9
2737 23 4
2738 23 4
2740 23 3
2766 23 3
2768 23 3
2774 23 4
2798 23 1
2804 23 1
2821 23 3
2836 23 1
2847 23 1
2860 23 3
2864 23 1
2871 23 2
2873 23 2
2875 23 2
2876 23 2
2884 23 2
2897 23 1
2919 23 2
2925 23 2
2945 23 1
2946 23 1
2964 23 1
2972 23 1
2993 23 1
2996 23 1
8 24 297
9 24 267
12 24 290
14 24 323
17 24 294
19 24 286
22 24 318
23 24 292
25 24 317
32 24 324
34 24 279
37 24 301
38 24 289
41 24 295
42 24 302
45 24 289
48 24 317
49 24 284
50 24 302
51 24 286
59 24 300
60 24 256
63 24 242
65 24 265
66 24 286
68 24 293
72 24 301
73 24 281
74 24 298
75 24 298
77 24 291
80 24 268
82 24 316
85 24 306
86 24 291
87 24 267
88 24 279
89 24 313
91 24 281
95 24 295
98 24 297
99 24 281
100 24 279
104 24 306
105 24 263
109 24 261
112 24 268
113 24 294
114 24 315
115 24 303
116 24 279
118 24 311
120 24 298
121 24 299
123 24 270
124 24 280
125 24 259
131 24 252
132 24 285
139 24 269
144 24 252
146 24 282
147 24 280
148 24 259
149 24 293
150 24 265
154 24 265
156 24 254
157 24 261
160 24 280
162 24 269
166 24 251
167 24 267
169 24 264
174 24 287
177 24 263
180 24 238
184 24 292
185 24 252
186 24 279
188 24 293
192 24 280
196 24 271
197 24 255
198 24 251
200 24 272
201 24 288
202 24 273
205 24 267
207 24 266
211 24 241
212 24 293
216 24 284
218 24 262
223 24 264
225 24 241
226 24 234
231 24 270
234 24 292
235 24 222
237 24 274
240 24 242
241 24 268
244 24 250
245 24 260
246 24 233
247 24 229
251 24 249
254 24 274
255 24 252
256 24 278
258 24 246
259 24 270
268 24 258
272 24 242
274 24 216
277 24 242
278 24 253
281 24 243
282 24 236
283 24 256
284 24 244
285 24 243
286 24 256
291 24 266
299 24 235
300 24 220
302 24 234
306 24 261
307 24 245
311 24 216
313 24 244
314 24 232
315 24 257
316 24 221
318 24 212
319 24 244
331 24 225
333 24 258
335 24 243
339 24 242
345 24 241
346 24 248
347 24 238
348 24 249
349 24 228
352 24 228
353 24 215
354 24 230
357 24 232
358 24 219
359 24 223
366 24 223
367 24 233
372 24 244
373 24 223
380 24 207
383 24 197
386 24 217
392 24 221
393 24 208
396 24 242
398 24 234
402 24 240
405 24 238
408 24 252
409 24 219
412 24 211
417 24 238
423 24 243
426 24 254
427 24 231
430 24 211
431 24 197
438 24 206
441 24 223
444 24 223
445 24 241
448 24 195
449 24 188
450 24 240
453 24 204
460 24 235
461 24 251
462 24 217
463 24 217
466 24 208
467 24 214
468 24 232
475 24 222
483 24 208
485 24 226
488 24 213
492 24 210
493 24 219
499 24 204
500 24 216
503 24 207
512 24 194
513 24 205
521 24 179
523 24 196
524 24 197
530 24 172
531 24 210
533 24 195
534 24 196
535 24 211
536 24 197
540 24 217
541 24 205
542 24 207
551 24 217
556 24 183
561 24 226
562 24 186
563 24 194
566 24 188
570 24 189
571 24 181
572 24 199
578 24 216
580 24 196
581 24 185
583 24 179
588 24 194
589 24 187
600 24 194
604 24 208
608 24 210
612 24 197
613 24 202
625 24 163
630 24 202
634 24 152
636 24 201
640 24 196
647 24 197
650 24 174
651 24 168
654 24 191
660 24 188
661 24 192
666 24 182
670 24 192
674 24 198
677 24 217
681 24 201
682 24 172
683 24 180
685 24 182
687 24 192
689 24 170
691 24 190
694 24 160
695 24 188
698 24 183
699 24 193
707 24 188
708 24 186
715 24 188
718 24 162
720 24 189
724 24 188
729 24 200
731 24 176
735 24 175
742 24 169
743 24 170
754 24 182
759 24 171
760 24 163
761 24 167
762 24 166
764 24 191
769 24 150
773 24 154
777 24 170
779 24 178
780 24 164
781 24 163
782 24 167
785 24 151
792 24 171
795 24 178
800 24 181
802 24 139
804 24 154
806 24 176
807 24 155
810 24 153
816 24 149
817 24 168
820 24 161
822 24 185
831 24 161
835 24 157
837 24 147
838 24 147
842 24 144
846 24 154
849 24 133
854 24 151
855 24 164
860 24 148
863 24 150
866 24 158
877 24 182
882 24 153
885 24 163
888 24 145
889 24 185
890 24 156
897 24 156
899 24 145
902 24 163
903 24 142
905 24 145
906 24 123
909 24 161
910 24 132
912 24 159
918 24 160
919 24 139
921 24 140
928 24 151
931 24 126
952 24 136
955 24 150
956 24 159
960 24 147
965 24 137
967 24 136
969 24 164
970 24 126
975 24 159
982 24 130
985 24 148
987 24 130
991 24 120
992 24 151
993 24 149
994 24 140
998 24 136
1005 24 146
1016 24 128
1018 24 139
1019 24 138
1030 24 145
1034 24 137
1036 24 126
1037 24 126
1045 24 113
1053 24 151
1055 24 131
1058 24 108
1061 24 134
1062 24 118
1064 24 134
1066 24 125
1070 24 132
1076 24 121
1084 24 120
1091 24 137
1092 24 132
1094 24 133
1096 24 112
1097 24 141
1100 24 115
1101 24 114
1112 24 113
1119 24 124
1121 24 123
1123 24 121
1125 24 106
1127 24 111
1128 24 112
1130 24 134
1139 24 121
1141 24 102
1142 24 111
1147 24 117
1149 24 106
1150 24 118
1155 24 116
1159 24 107
1161 24 122
1170 24 132
1172 24 95
1174 24 100
1175 24 110
1178 24 118
1183 24 121
1187 24 114
1188 24 101
1192 24 116
1203 24 86
1207 24 114
1215 24 110
1218 24 101
1224 24 87
1229 24 110
1234 24 109
1236 24 112
1238 24 122
1240 24 107
1247 24 96
1248 24 102
1251 24 101
1254 24 115
1260 24 133
1262 24 99
1266 24 103
1268 24 114
1273 24 97
1279 24 103
1285 24 111
1287 24 105
1288 24 100
1297 24 93
1304 24 90
1306 24 85
1309 24 95
1330 24 97
1331 24 88
1333 24 94
1335 24 111
1339 24 81
1346 24 90
1348 24 93
1350 24 101
1361 24 97
1362 24 92
1372 24 100
1373 24 81
1378 24 77
1379 24 89
1383 24 89
1384 24 94
1390 24 84
1392 24 90
1398 24 73
1401 24 88
1416 24 85
1417 24 75
1437 24 87
1444 24 82
1449 24 94
1453 24 78
1455 24 89
1459 24 73
1466 24 79
1467 24 90
1469 24 80
1471 24 83
1473 24 81
1477 24 84
1479 24 83
1483 24 80
1488 24 90
1497 24 88
1499 24 87
1500 24 85
1506 24 81
1507 24 77
1508 24 80
1510 24 75
1525 24 56
1528 24 68
1530 24 89
1534 24 102
1538 24 73
1547 24 71
1549 24 75
1554 24 75
1568 24 67
1569 24 70
1570 24 61
1571 24 80
1573 24 58
1577 24 75
1581 24 78
1585 24 80
1588 24 67
1593 24 70
1601 24 69
1602 24 67
1603 24 63
1612 24 54
1620 24 72
1628 24 69
1632 24 77
1635 24 49
1637 24 68
1638 24 67
1641 24 67
1642 24 82
1650 24 61
1658 24 76
1662 24 51
1663 24 69
1670 24 63
1679 24 65
1690 24 52
1694 24 54
1702 24 57
1704 24 45
1705 24 54
1710 24 68
1713 24 66
1717 24 54
1718 24 50
1719 24 52
1728 24 59
1731 24 54
1732 24 59
1736 24 54
1744 24 42
1751 24 58
1753 24 58
1763 24 51
1764 24 55
1774 24 64
1780 24 53
1784 24 52
1791 24 56
1792 24 39
1794 24 42
1799 24 46
1800 24 53
1819 24 49
1820 24 49
1822 24 52
1824 24 44
1826 24 64
1836 24 49
1839 24 43
1852 24 47
1854 24 47
1855 24 47
1863 24 55
1866 24 28
1869 24 48
1879 24 42
1893 24 45
1905 24 34
1911 24 47
1920 24 35
1925 24 36
1929 24 45
1938 24 34
1939 24 34
1944 24 31
1948 24 37
1951 24 41
1963 24 46
1974 24 35
1976 24 44
1985 24 32
1986 24 36
1990 24 30
1994 24 35
1998 24 36
2004 24 30
2006 24 34
2021 24 44
2028 24 31
2031 24 38
2042 24 42
2047 24 24
2049 24 44
2054 24 36
2065 24 36
2068 24 22
2098 24 23
2101 24 26
2106 24 38
2108 24 35
2134 24 28
2140 24 36
2143 24 26
2144 24 22
2195 24 27
2206 24 26
2208 24 24
2226 24 22
2227 24 20
2228 24 20
2236 24 20
2242 24 23
2246 24 20
2255 24 20
2260 24 21
2261 24 14
2267 24 24
2273 24 16
2278 24 17
2288 24 19
2289 24 22
2290 24 18
2292 24 15
2309 24 17
2311 24 18
2326 24 14
2337 24 21
2347 24 11
2349 24 10
2357 24 19
2359 24 16
2366 24 19
2373 24 18
2376 24 11
2381 24 15
2388 24 19
2392 24 16
2397 24 10
2426 24 7
2431 24 11
2449 24 7
2452 24 12
2457 24 11
2470 24 11
2472 24 16
2493 24 12
2498 24 7
2499 24 12
2521 24 13
2529 24 12
2532 24 8
2548 24 9
2549 24 8
2561 24 7
2575 24 6
2576 24 6
2597 24 10
2600 24 12
2605 24 4
2621 24 12
2634 24 6
2638 24 6
2640 24 6
2643 24 4
2656 24 2
2669 24 8
2678 24 8
2698 24 3
2703 24 4
2705 24 5
2759 24 3
2786 24 2
2794 24 2
2817 24 3
2820 24 2
2822 24 2
2832 24 4
2839 24 1
2865 24 1
2869 24 3
2872 24 2
2897 24 1
2903 24 1
2908 24 1
2911 24 2
2913 24 1
2924 24 2
2926 24 1
2928 24 2
2945 24 1
2959 24 1
2968 24 1
2971 24 1
2974 24 1
2983 24 1
0 25 291
2 25 300
3 25 289
4 25 303
8 25 312
9 25 287
13 25 310
14 25 293
19 25 308
21 25 287
23 25 301
24 25 301
28 25 303
30 25 269
33 25 292
35 25 300
36 25 259
38 25 307
43 25 334
45 25 307
49 25 284
50 25 288
52 25 307
56 25 278
60 25 282
68 25 288
69 25 289
71 25 292
78 25 291
79 25 280
82 25 289
83 25 302
86 25 265
87 25 290
88 25 278
93 25 275
94 25 325
100 25 257
102 25 236
103 25 275
104 25 284
107 25 272
108 25 251
110 25 264
112 25 262
116 25 287
117 25 300
120 25 277
122 25 281
127 25 309
128 25 242
130 25 263
132 25 276
133 25 283
136 25 303
137 25 276
139 25 262
141 25 271
142 25 271
143 25 288
144 25 259
148 25 277
149 25 248
150 25 298
151 25 242
152 25 291
153 25 288
156 25 267
157 25 282
163 25 278
169 25 264
171 25 317
174 25 256
175 25 272
176 25 260
179 25 261
182 25 258
183 25 260
184 25 265
186 25 270
187 25 293
188 25 262
191 25 255
198 25 284
201 25 251
206 25 290
207 25 271
209 25 264
210 25 249
211 25 275
212 25 271
214 25 263
215 25 251
217 25 273
221 25 249
224 25 252
227 25 277
230 25 223
231 25 263
232 25 251
233 25 261
237 25 247
240 25 224
241 25 246
243 25 275
245 25 233
247 25 214
249 25 238
251 25 262
256 25 259
257 25 252
259 25 234
260 25 232
261 25 234
263 25 247
265 25 275
270 25 241
271 25 261
274 25 262
276 25 282
279 25 256
280 25 251
282 25 261
283 25 233
285 25 241
286 25 256
290 25 244
292 25 230
293 25 262
294 25 242
295 25 253
296 25 239
297 25 228
298 25 226
301 25 253
303 25 225
305 25 229
307 25 257
311 25 255
312 25 245
313 25 262
315 25 258
316 25 262
318 25 228
322 25 225
324 25 245
329 25 252
330 25 245
331 25 219
333 25 258
336 25 277
337 25 258
339 25 236
342 25 214
344 25 266
349 25 236
353 25 201
354 25 251
357 25 237
358 25 226
366 25 236
367 25 229
369 25 221
372 25 217
382 25 226
385 25 235
388 25 235
390 25 223
394 25 266
396 25 220
397 25 228
399 25 212
404 25 239
405 25 235
407 25 220
410 25 236
412 25 219
414 25 228
415 25 224
416 25 226
418 25 193
420 25 231
422 25 242
423 25 223
424 25 206
427 25 226
428 25 238
432 25 207
433 25 218
436 25 214
437 25 242
440 25 231
442 25 200
444 25 208
452 25 221
453 25 189
455 25 196
456 25 199
459 25 217
460 25 228
464 25 216
465 25 216
468 25 203
473 25 207
475 25 212
478 25 199
483 25 213
488 25 218
494 25 206
499 25 222
500 25 188
503 25 199
504 25 203
507 25 202
508 25 184
510 25 207
513 25 207
515 25 227
516 25 233
519 25 202
524 25 211
527 25 209
529 25 216
534 25 238
544 25 215
561 25 228
565 25 215
567 25 205
568 25 209
572 25 199
576 25 210
578 25 197
579 25 195
584 25 202
591 25 185
594 25 192
595 25 193
596 25 186
600 25 206
603 25 179
605 25 188
608 25 185
611 25 173
612 25 204
613 25 198
619 25 204
622 25 194
623 25 190
624 25 194
625 25 160
626 25 214
634 25 196
640 25 222
646 25 190
650 25 201
651 25 181
652 25 187
657 25 181
659 25 190
663 25 192
664 25 190
666 25 169
667 25 184
674 25 164
676 25 192
681 25 196
682 25 169
683 25 203
684 25 160
690 25 190
693 25 163
694 25 176
695 25 162
701 25 174
706 25 174
710 25 192
712 25 165
713 25 169
718 25 157
722 25 181
726 25 202
737 25 167
738 25 157
744 25 190
746 25 179
747 25 191
748 25 168
757 25 169
761 25 156
762 25 167
764 25 164
765 25 168
768 25 161
769 25 177
770 25 164
772 25 164
774 25 156
776 25 193
780 25 162
783 25 165
784 25 159
789 25 170
793 25 185
794 25 163
796 25 134
798 25 147
802 25 177
813 25 154
814 25 172
815 25 163
819 25 170
823 25 155
826 25 163
827 25 154
828 25 170
834 25 165
848 25 170
850 25 163
854 25 142
857 25 163
867 25 140
874 25 135
878 25 148
888 25 161
892 25 152
893 25 128
896 25 131
897 25 159
898 25 143
901 25 155
906 25 167
919 25 145
922 25 150
930 25 163
939 25 144
940 25 183
946 25 147
948 25 156
949 25 129
951 25 148
953 25 151
955 25 149
959 25 137
961 25 136
965 25 134
966 25 154
968 25 155
974 25 140
976 25 140
980 25 134
986 25 138
987 25 127
992 25 125
993 25 140
997 25 134
999 25 121
1001 25 123
1010 25 122
1011 25 144
1013 25 138
1015 25 126
1019 25 140
1021 25 132
1028 25 135
1038 25 138
1039 25 130
1041 25 131
1045 25 133
1055 25 120
1058 25 110
1060 25 125
1065 25 114
1080 25 144
1082 25 94
1086 25 131
1087 25 133
1093 25 128
1095 25 136
1098 25 124
1105 25 120
1106 25 136
1108 25 117
1109 25 132
1114 25 110
1115 25 118
1125 25 121
1133 25 123
1135 25 122
1139 25 136
1140 25 118
1150 25 109
1156 25 128
1157 25 113
1161 25 126
1162 25 112
1166 25 107
1170 25 110
1171 25 104
1178 25 102
1183 25 119
1185 25 115
1190 25 124
1193 25 123
1198 25 111
1200 25 100
1201 25 107
1203 25 115
1209 25 127
1212 25 121
1223 25 111
1226 25 102
1232 25 95
1240 25 88
1244 25 95
1252 25 99
1258 25 102
1265 25 90
1266 25 102
1268 25 97
1271 25 94
1273 25 88
1278 25 95
1280 25 108
1283 25 108
1285 25 96
1289 25 95
1297 25 109
1302 25 83
1307 25 102
1312 25 77
1318 25 93
1321 25 97
1324 25 87
1338 25 104
1339 25 100
1340 25 84
1344 25 91
1346 25 95
1348 25 95
1356 25 73
1361 25 89
1363 25 114
1376 25 99
1380 25 89
1384 25 95
1389 25 78
1390 25 89
1394 25 112
1396 25 103
1398 25 108
1399 25 76
1405 25 86
1406 25 80
1424 25 107
1433 25 83
1438 25 88
1439 25 85
1443 25 91
1452 25 76
1454 25 81
1455 25 82
1459 25 79
1460 25 86
1464 25 81
1472 25 82
1475 25 64
1481 25 76
1487 25 85
1490 25 79
1495 25 94
1497 25 84
1500 25 83
1501 25 77
1502 25 67
1512 25 78
1514 25 80
1516 25 77
1517 25 84
1542 25 75
1543 25 72
1545 25 67
1558 25 83
1561 25 64
1565 25 58
1572 25 60
1573 25 75
1574 25 71
1575 25 66
1577 25 78
1582 25 70
1591 25 66
1598 25 77
1603 25 78
1604 25 66
1608 25 75
1629 25 55
1633 25 64
1635 25 72
1637 25 61
1649 25 58
1650 25 67
1653 25 89
1661 25 62
1667 25 74
1673 25 51
1676 25 56
1682 25 52
1690 25 57
1715 25 63
1720 25 48
1727 25 42
1731 25 45
1745 25 57
1749 25 48
1752 25 56
1754 25 52
1763 25 49
1768 25 43
1780 25 64
1781 25 46
1784 25 48
1792 25 57
1799 25 43
1809 25 42
1821 25 51
1839 25 49
1845 25 50
1850 25 50
1852 25 53
1856 25 51
1858 25 46
1859 25 42
1866 25 47
1871 25 39
1874 25 32
1889 25 33
1891 25 40
1900 25 54
1902 25 47
1906 25 40
1913 25 50
1917 25 42
1920 25 44
1923 25 44
1927 25 52
1928 25 52
1930 25 38
1949 25 29
1957 25 38
1967 25 41
1982 25 29
1984 25 33
1990 25 42
1993 25 42
2005 25 37
2008 25 35
2014 25 33
2022 25 27
2023 25 30
2027 25 26
2028 25 29
2039 25 28
2041 25 36
2054 25 24
2057 25 36
2062 25 30
2064 25 30
2070 25 29
2083 25 26
2097 25 43
2099 25 34
2102 25 18
2127 25 30
2130 25 30
2135 25 26
2139 25 33
2144 25 26
2155 25 23
2157 25 25
2163 25 27
2174 25 28
2175 25 25
2182 25 12
2193 25 19
2200 25 25
2214 25 30
2248 25 12
2263 25 27
2266 25 23
2270 25 22
2275 25 17
2284 25 15
2293 25 21
2298 25 19
2304 25 23
2309 25 21
2312 25 12
2344 25 9
2356 25 13
2357 25 18
2358 25 7
2364 25 17
2371 25 14
2372 25 23
2381 25 11
2388 25 12
2405 25 13
2409 25 15
2414 25 7
2418 25 9
2420 25 13
2423 25 13
2426 25 10
2437 25 15
2445 25 7
2489 25 10
2501 25 8
2502 25 10
2507 25 6
2511 25 8
2513 25 9
2517 25 8
2525 25 10
2529 25 9
2536 25 8
2549 25 8
2565 25 7
2571 25 4
2577 25 9
2584 25 7
2637 25 4
2641 25 7
2650 25 10
2651 25 5
2660 25 5
2667 25 7
2672 25 3
2675 25 7
2680 25 9
2682 25 5
2699 25 4
2711 25 1
2712 25 6
2715 25 5
2719 25 3
2723 25 3
2742 25 5
2743 25 4
2753 25 3
2758 25 2
2766 25 5
2769 25 3
2776 25 4
2778 25 3
2789 25 4
2791 25 3
2794 25 4
2808 25 3
2809 25 1
2810 25 3
2811 25 3
2827 25 1
2828 25 3
2832 25 1
2842 25 1
2844 25 2
2847 25 3
2848 25 2
2851 25 2
2856 25 1
2874 25 1
2877 25 1
2888 25 3
2906 25 1
2919 25 1
2920 25 1
2922 25 1
2929 25 1
2946 25 1
2967 25 1
2978 25 1
2985 25 1
2986 25 1
2987 25 1
2996 25 1
2 26 306
4 26 302
6 26 305
8 26 293
11 26 276
12 26 296
13 26 299
16 26 279
19 26 281
21 26 296
22 26 301
26 26 265
27 26 284
28 26 287
30 26 286
32 26 290
33 26 294
35 26 312
36 26 293
37 26 289
39 26 281
40 26 273
44 26 301
45 26 303
46 26 312
49 26 290
51 26 322
52 26 349
61 26 289
64 26 305
65 26 276
67 26 275
69 26 279
70 26 296
71 26 253
75 26 289
77 26 304
78 26 285
80 26 257
82 26 297
83 26 260
86 26 275
87 26 309
88 26 307
91 26 283
92 26 262
94 26 247
96 26 275
97 26 279
98 26 278
104 26 275
106 26 279
108 26 277
110 26 287
113 26 305
114 26 282
115 26 298
116 26 303
117 26 278
121 26 282
122 26 292
125 26 294
127 26 269
128 26 275
129 26 265
130 26 280
133 26 277
136 26 280
137 26 291
138 26 276
140 26 266
144 26 261
149 26 269
151 26 278
152 26 271
154 26 285
156 26 279
160 26 270
169 26 296
171 26 259
173 26 259
174 26 260
178 26 253
181 26 253
187 26 260
192 26 273
193 26 300
197 26 256
199 26 222
201 26 246
207 26 259
210 26 265
211 26 257
212 26 286
214 26 282
217 26 241
218 26 253
219 26 242
220 26 253
222 26 259
227 26 258
229 26 249
230 26 291
233 26 268
234 26 239
235 26 254
236 26 256
238 26 262
243 26 230
244 26 247
246 26 241
248 26 270
251 26 256
254 26 275
257 26 281
258 26 246
260 26 236
268 26 249
272 26 244
273 26 235
274 26 229
276 26 243
277 26 246
279 26 248
280 26 252
283 26 246
286 26 261
287 26 264
289 26 267
293 26 254
299 26 246
302 26 260
303 26 217
304 26 260
308 26 243
313 26 238
314 26 219
315 26 247
316 26 247
318 26 232
323 26 236
324 26 251
325 26 253
329 26 230
330 26 257
332 26 266
334 26 250
340 26 241
341 26 217
347 26 226
348 26 229
355 26 233
356 26 235
357 26 250
360 26 213
361 26 246
363 26 226
365 26 243
366 26 242
367 26 241
368 26 270
370 26 227
372 26 232
373 26 244
379 26 258
380 26 221
381 26 210
388 26 255
390 26 254
391 26 242
395 26 235
398 26 228
400 26 218
407 26 225
415 26 224
420 26 209
421 26 221
423 26 235
425 26 200
426 26 195
427 26 230
431 26 247
432 26 229
435 26 253
444 26 215
445 26 212
449 26 223
456 26 231
459 26 238
467 26 224
468 26 195
469 26 222
472 26 226
473 26 214
475 26 227
476 26 236
478 26 215
482 26 231
483 26 192
485 26 209
488 26 201
490 26 173
494 26 219
496 26 204
502 26 189
505 26 219
509 26 214
513 26 207
514 26 191
517 26 201
523 26 231
532 26 209
535 26 200
542 26 185
544 26 203
548 26 200
551 26 199
552 26 177
557 26 194
561 26 205
563 26 214
564 26 208
565 26 194
571 26 182
573 26 202
575 26 220
578 26 189
579 26 239
583 26 181
590 26 212
594 26 238
596 26 213
602 26 205
607 26 192
615 26 181
617 26 177
626 26 230
630 26 181
632 26 191
634 26 201
635 26 189
637 26 189
639 26 174
640 26 190
641 26 173
651 26 183
652 26 195
654 26 201
663 26 200
664 26 183
667 26 189
677 26 176
680 26 198
683 26 203
684 26 195
686 26 174
688 26 159
691 26 199
693 26 170
694 26 185
696 26 182
699 26 176
705 26 168
708 26 177
710 26 180
711 26 160
712 26 175
718 26 163
720 26 183
723 26 156
727 26 171
730 26 180
732 26 186
733 26 193
734 26 190
738 26 159
740 26 169
741 26 185
743 26 190
746 26 189
751 26 181
753 26 146
756 26 178
757 26 155
760 26 152
764 26 184
765 26 182
770 26 164
771 26 161
773 26 164
774 26 168
776 26 196
779 26 150
781 26 178
785 26 162
786 26 196
790 26 202
795 26 185
796 26 159
797 26 175
802 26 179
805 26 145
809 26 153
814 26 155
815 26 171
816 26 174
820 26 163
821 26 155
825 26 135
827 26 159
832 26 149
836 26 176
837 26 152
848 26 135
850 26 172
851 26 156
852 26 173
858 26 171
860 26 163
864 26 150
865 26 172
867 26 158
879 26 177
881 26 150
888 26 137
890 26 156
892 26 135
894 26 140
897 26 151
899 26 148
901 26 134
902 26 151
904 26 157
905 26 135
909 26 151
911 26 133
918 26 145
921 26 161
924 26 151
925 26 148
939 26 169
940 26 113
944 26 150
945 26 128
946 26 156
949 26 141
955 26 142
958 26 125
961 26 144
963 26 134
970 26 156
985 26 146
987 26 109
992 26 138
993 26 132
994 26 135
997 26 138
1000 26 135
1001 26 138
1009 26 129
1011 26 126
1012 26 145
1014 26 150
1016 26 109
1017 26 147
1022 26 145
1026 26 114
1027 26 150
1028 26 131
1030 26 155
1039 26 141
1045 26 149
1046 26 130
1051 26 130
1052 26 121
1058 26 111
1059 26 118
1062 26 117
1069 26 134
1070 26 134
1071 26 122
1073 26 127
1084 26 128
1086 26 109
1093 26 131
1096 26 139
1097 26 117
1113 26 135
1115 26 116
1116 26 117
1119 26 123
1135 26 128
1137 26 116
1143 26 125
1145 26 111
1146 26 129
1157 26 115
1158 26 92
1161 26 95
1162 26 117
1164 26 129
1167 26 113
1170 26 115
1172 26 134
1174 26 99
1176 26 105
1186 26 114
1190 26 106
1201 26 111
1202 26 128
1206 26 111
1208 26 114
1210 26 83
1216 26 107
1219 26 116
1223 26 104
1225 26 95
1231 26 124
1232 26 118
1234 26 104
1235 26 93
1236 26 122
1237 26 94
1242 26 108
1246 26 92
1247 26 104
1251 26 97
1262 26 101
1273 26 92
1286 26 74
1290 26 82
1296 26 111
1298 26 121
1301 26 91
1314 26 100
1316 26 98
1317 26 94
1336 26 97
1337 26 100
1341 26 97
1347 26 92
1349 26 95
1350 26 97
1358 26 84
1360 26 93
1368 26 70
1370 26 101
1371 26 97
1372 26 96
1374 26 89
1376 26 84
1377 26 95
1383 26 76
1386 26 117
1388 26 77
1391 26 95
1392 26 99
1401 26 89
1406 26 77
1407 26 90
1411 26 87
1413 26 99
1433 26 105
1438 26 89
1440 26 62
1444 26 100
1446 26 77
1447 26 74
1451 26 74
1455 26 86
1468 26 75
1469 26 80
1476 26 80
1484 26 77
1485 26 82
1493 26 83
1497 26 76
1500 26 65
1509 26 76
1511 26 75
1512 26 84
1516 26 76
1517 26 79
1526 26 66
1527 26 75
1529 26 71
1530 26 76
1531 26 71
1534 26 74
1539 26 61
1552 26 93
1560 26 66
1566 26 85
1567 26 75
1576 26 80
1578 26 60
1579 26 60
1600 26 69
1608 26 54
1610 26 67
1616 26 62
1637 26 62
1642 26 62
1651 26 52
1662 26 55
1671 26 46
1678 26 66
1686 26 53
1696 26 59
1698 26 43
1703 26 45
1710 26 41
1718 26 58
1720 26 52
1725 26 52
1732 26 56
1735 26 57
1740 26 47
1741 26 53
1742 26 45
1745 26 55
1748 26 72
1750 26 52
1762 26 40
1764 26 56
1772 26 47
1775 26 50
1778 26 68
1786 26 50
1794 26 38
1797 26 44
1801 26 50
1803 26 52
1804 26 61
1806 26 56
1809 26 35
1810 26 36
1820 26 62
1825 26 62
1836 26 56
1838 26 39
1843 26 39
1859 26 39
1861 26 64
1865 26 48
1868 26 44
1876 26 41
1889 26 31
1890 26 35
1891 26 51
1896 26 40
1898 26 43
1910 26 34
1911 26 51
1916 26 34
1924 26 35
1934 26 44
1936 26 33
1954 26 39
1958 26 32
1984 26 29
1992 26 47
1997 26 35
2010 26 27
2011 26 41
2012 26 36
2018 26 38
2024 26 31
2025 26 45
2028 26 43
2038 26 21
2040 26 36
2055 26 31
2056 26 34
2059 26 29
2067 26 21
2087 26 27
2088 26 26
2090 26 28
2106 26 38
2126 26 30
2127 26 26
2135 26 20
2141 26 19
2159 26 31
2165 26 21
2170 26 28
2172 26 24
2180 26 23
2183 26 25
2192 26 23
2206 26 29
2213 26 24
2226 26 31
2227 26 19
2229 26 22
2237 26 21
2240 26 24
2248 26 21
2250 26 24
2268 26 26
2270 26 22
2271 26 18
2278 26 24
2280 26 16
2281 26 23
2304 26 20
2306 26 23
2308 26 11
2312 26 15
2317 26 18
2318 26 20
2319 26 14
2337 26 13
2362 26 11
2367 26 16
2395 26 13
2396 26 8
2409 26 15
2416 26 17
2424 26 13
2431 26 9
2440 26 20
2442 26 14
2446 26 15
2467 26 10
2478 26 8
2480 26 11
2487 26 11
2492 26 4
2496 26 12
2499 26 9
2500 26 13
2501 26 14
2522 26 6
2526 26 10
2527 26 5
2538 26 4
2551 26 11
2552 26 7
2560 26 11
2569 26 6
2583 26 7
2590 26 5
2613 26 3
2622 26 7
2643 26 6
2645 26 5
2656 26 4
2660 26 7
2665 26 6
2672 26 3
2683 26 7
2687 26 6
2689 26 5
2693 26 6
2698 26 3
2703 26 6
2715 26 4
2720 26 5
2721 26 1
2735 26 3
2741 26 3
2748 26 5
2749 26 6
2750 26 3
2765 26 3
2773 26 2
2778 26 2
2781 26 1
2794 26 2
2801 26 5
2808 26 3
2809 26 1
2828 26 1
2839 26 1
2861 26 5
2864 26 3
2870 26 1
2879 26 1
2881 26 2
2885 26 2
2889 26 3
2894 26 1
2901 26 1
2904 26 2
2907 26 2
2911 26 2
2912 26 2
2921 26 1
2922 26 1
2927 26 1
2934 26 1
2935 26 1
2948 26 2
2952 26 1
2975 26 1
2985 26 1
2987 26 1
2992 26 1
2994 26 1
2998 26 1
0 27 301
2 27 302
7 27 313
9 27 319
10 27 279
11 27 320
15 27 302
16 27 285
20 27 327
22 27 290
24 27 312
26 27 290
27 27 307
28 27 286
32 27 288
34 27 304
37 27 321
39 27 262
43 27 275
48 27 288
49 27 321
51 27 284
54 27 289
56 27 289
59 27 289
60 27 332
62 27 295
63 27 266
64 27 276
67 27 297
74 27 295
77 27 294
81 27 258
87 27 275
88 27 297
93 27 303
94 27 286
98 27 289
99 27 262
103 27 271
104 27 296
106 27 307
111 27 262
112 27 266
113 27 273
114 27 270
115 27 311
117 27 282
118 27 289
121 27 254
122 27 296
134 27 286
138 27 287
139 27 309
140 27 289
141 27 255
142 27 291
145 27 276
148 27 269
149 27 226
152 27 226
154 27 268
156 27 283
159 27 252
160 27 271
163 27 253
164 27 257
165 27 251
166 27 248
167 27 260
169 27 293
171 27 289
172 27 268
175 27 291
177 27 265
180 27 256
183 27 260
200 27 280
202 27 251
204 27 252
206 27 287
209 27 255
210 27 255
220 27 271
221 27 230
223 27 248
224 27 251
228 27 270
231 27 269
234 27 256
237 27 286
238 27 268
239 27 254
240 27 266
244 27 246
246 27 286
249 27 269
258 27 266
263 27 243
267 27 252
268 27 240
273 27 282
274 27 265
280 27 246
286 27 241
287 27 251
288 27 231
289 27 256
292 27 243
294 27 262
296 27 272
304 27 210
309 27 262
310 27 244
315 27 247
319 27 283
323 27 239
324 27 243
325 27 231
328 27 241
331 27 243
333 27 199
341 27 236
347 27 238
348 27 228
350 27 223
351 27 252
352 27 232
356 27 257
357 27 221
361 27 214
366 27 222
367 27 231
371 27 251
378 27 227
379 27 244
383 27 218
384 27 227
387 27 229
389 27 236
391 27 223
397 27 239
398 27 248
400 27 217
406 27 212
408 27 234
411 27 253
413 27 229
421 27 223
422 27 233
423 27 234
424 27 245
425 27 230
428 27 224
432 27 235
433 27 235
435 27 215
437 27 232
443 27 227
446 27 226
448 27 210
449 27 222
450 27 220
452 27 230
453 27 233
456 27 200
460 27 230
464 27 214
467 27 204
468 27 187
469 27 219
472 27 195
475 27 228
476 27 223
480 27 196
481 27 221
482 27 245
483 27 235
484 27 208
485 27 229
487 27 204
489 27 197
494 27 214
495 27 198
502 27 197
504 27 193
506 27 187
510 27 183
516 27 212
517 27 216
519 27 224
520 27 214
524 27 216
525 27 197
528 27 215
529 27 198
531 27 225
535 27 200
536 27 193
537 27 201
538 27 195
541 27 181
544 27 200
546 27 218
549 27 212
553 27 202
555 27 211
557 27 207
558 27 199
562 27 188
569 27 189
572 27 205
575 27 186
580 27 220
584 27 187
585 27 193
586 27 209
592 27 200
594 27 214
596 27 187
597 27 193
601 27 191
604 27 172
606 27 186
607 27 197
609 27 189
619 27 186
622 27 221
623 27 226
625 27 200
629 27 189
632 27 193
639 27 200
640 27 201
641 27 204
653 27 184
656 27 205
657 27 180
658 27 175
659 27 156
663 27 187
664 27 185
666 27 171
668 27 200
669 27 189
671 27 205
672 27 203
675 27 181
679 27 177
680 27 192
682 27 194
691 27 178
694 27 200
698 27 166
702 27 167
703 27 184
705 27 155
706 27 177
715 27 188
717 27 165
718 27 182
722 27 178
728 27 177
733 27 195
734 27 159
738 27 180
740 27 171
742 27 182
744 27 180
745 27 152
746 27 180
757 27 164
762 27 158
763 27 171
766 27 174
767 27 154
768 27 156
770 27 172
775 27 175
776 27 147
784 27 167
785 27 146
787 27 192
788 27 170
791 27 160
793 27 164
795 27 164
796 27 180
797 27 174
801 27 183
802 27 147
805 27 167
806 27 174
816 27 170
820 27 182
833 27 185
840 27 149
843 27 166
844 27 156
847 27 169
848 27 164
854 27 151
855 27 168
856 27 155
857 27 146
865 27 151
869 27 149
871 27 162
877 27 155
879 27 163
881 27 156
884 27 133
885 27 140
887 27 161
888 27 164
890 27 166
891 27 149
903 27 149
904 27 128
908 27 157
909 27 157
911 27 135
913 27 121
915 27 135
916 27 162
935 27 127
937 27 144
938 27 131
947 27 135
950 27 144
951 27 139
960 27 145
963 27 129
969 27 146
972 27 149
975 27 124
983 27 151
985 27 124
990 27 131
996 27 119
998 27 152
1006 27 130
1007 27 145
1013 27 151
1016 27 117
1027 27 131
1028 27 145
1029 27 142
1031 27 126
1032 27 122
1033 27 111
1035 27 139
1037 27 148
1039 27 128
1042 27 116
1044 27 139
1048 27 122
1051 27 125
1052 27 138
1053 27 129
1056 27 147
1057 27 138
1061 27 119
1067 27 137
1069 27 126
1070 27 133
1073 27 107
1077 27 145
1082 27 126
1083 27 105
1085 27 113
1087 27 116
1088 27 121
1089 27 111
1091 27 128
1092 27 100
1099 27 117
1108 27 129
1115 27 123
1136 27 121
1139 27 112
1143 27 123
1144 27 96
1146 27 116
1150 27 129
1155 27 117
1163 27 94
1169 27 124
1182 27 110
1184 27 123
1188 27 109
1207 27 97
1212 27 115
1213 27 103
1214 27 90
1229 27 104
1236 27 115
1237 27 100
1238 27 93
1239 27 107
1242 27 117
1245 27 101
1249 27 102
1266 27 95
1269 27 100
1272 27 128
1273 27 99
1277 27 116
1280 27 82
1281 27 88
1283 27 91
1287 27 89
1290 27 99
1297 27 95
1300 27 91
1308 27 103
1314 27 92
1317 27 87
1319 27 99
1325 27 91
1326 27 90
1327 27 84
1329 27 97
1331 27 89
1336 27 83
1339 27 93
1345 27 94
1351 27 97
1356 27 83
1372 27 106
1373 27 90
1376 27 88
1377 27 98
1381 27 87
1396 27 96
1397 27 109
1425 27 79
1439 27 73
1440 27 94
1452 27 74
1460 27 77
1461 27 76
1462 27 69
1463 27 88
1469 27 92
1472 27 80
1473 27 86
1495 27 82
1496 27 92
1501 27 71
1505 27 82
1507 27 96
1508 27 72
1509 27 71
1512 27 90
1515 27 93
1526 27 69
1527 27 69
1531 27 89
1534 27 75
1535 27 74
1539 27 72
1545 27 67
1546 27 56
1548 27 73
1551 27 71
1555 27 71
1556 27 79
1564 27 54
1566 27 71
1568 27 73
1574 27 63
1580 27 56
1581 27 68
1587 27 75
1596 27 80
1607 27 76
1608 27 74
1619 27 63
1636 27 40
1646 27 60
1647 27 60
1651 27 70
1668 27 64
1670 27 63
1671 27 65
1672 27 55
1678 27 54
1681 27 76
1682 27 53
1683 27 61
1689 27 53
1695 27 59
1697 27 52
1702 27 59
1707 27 60
1708 27 54
1711 27 65
1741 27 45
1742 27 59
1750 27 51
1757 27 52
1766 27 66
1774 27 55
1776 27 55
1785 27 39
1786 27 38
1795 27 54
1798 27 44
1815 27 47
1820 27 45
1823 27 51
1839 27 48
1843 27 48
1846 27 47
1848 27 56
1852 27 57
1857 27 36
1875 27 43
1879 27 50
1884 27 44
1894 27 50
1907 27 33
1916 27 36
1924 27 40
1934 27 49
1937 27 52
1939 27 35
1946 27 46
1948 27 43
1951 27 36
1954 27 36
1975 27 40
1980 27 37
1998 27 32
2013 27 29
2017 27 34
2022 27 40
2026 27 32
2030 27 39
2033 27 26
2043 27 25
2052 27 41
2055 27 27
2057 27 32
2059 27 26
2093 27 36
2095 27 27
2114 27 31
2116 27 23
2121 27 27
2122 27 29
2123 27 30
2125 27 28
2129 27 23
2141 27 25
2144 27 28
2149 27 24
2156 27 24
2166 27 21
2176 27 18
2181 27 29
2186 27 29
2189 27 18
2190 27 22
2196 27 26
2203 27 13
2211 27 31
2216 27 15
2222 27 31
2225 27 22
2231 27 32
2233 27 26
2249 27 20
2254 27 19
2261 27 16
2266 27 22
2269 27 15
2271 27 14
2278 27 19
2279 27 15
2283 27 17
2293 27 20
2323 27 15
2331 27 17
2334 27 19
2349 27 8
2350 27 11
2352 27 8
2365 27 17
2370 27 20
2371 27 17
2377 27 17
2383 27 16
2384 27 8
2390 27 18
2392 27 11
2393 27 10
2404 27 10
2417 27 16
2422 27 11
2425 27 12
2427 27 14
2443 27 9
2450 27 13
2451 27 11
2455 27 8
2470 27 9
2480 27 9
2484 27 6
2489 27 8
2490 27 11
2493 27 10
2494 27 12
2514 27 10
2516 27 8
2517 27 12
2522 27 8
2524 27 10
2539 27 6
2552 27 10
2561 27 16
2578 27 8
2585 27 5
2616 27 7
2618 27 1
2622 27 4
2623 27 6
2626 27 4
2638 27 7
2650 27 8
2665 27 5
2684 27 5
2685 27 4
2686 27 5
2689 27 4
2701 27 3
2712 27 3
2716 27 1
2729 27 3
2731 27 6
2741 27 1
2759 27 6
2761 27 4
2762 27 3
2772 27 5
2778 27 2
2793 27 6
2796 27 4
2802 27 4
2803 27 1
2813 27 1
2820 27 3
2836 27 2
2847 27 1
2858 27 2
2860 27 3
2869 27 1
2879 27 3
2895 27 1
2901 27 3
2903 27 1
2920 27 1
2928 27 2
2939 27 1
2944 27 1
2951 27 1
2954 27 1
2965 27 1
2992 27 1
0 28 290
3 28 327
4 28 296
8 28 291
13 28 292
16 28 280
18 28 298
19 28 305
20 28 335
22 28 308
23 28 303
25 28 268
26 28 291
27 28 267
28 28 299
29 28 319
32 28 320
34 28 324
39 28 284
41 28 275
44 28 330
47 28 284
48 28 321
50 28 286
51 28 315
53 28 312
55 28 291
58 28 282
60 28 256
61 28 282
62 28 273
63 28 328
66 28 274
67 28 260
68 28 305
70 28 318
75 28 308
78 28 283
82 28 268
86 28 285
87 28 300
89 28 299
92 28 289
94 28 291
95 28 307
96 28 290
98 28 268
99 28 283
101 28 260
102 28 300
103 28 273
105 28 280
108 28 285
114 28 268
115 28 303
116 28 256
123 28 269
124 28 291
125 28 276
126 28 268
127 28 241
128 28 309
129 28 249
130 28 294
132 28 277
138 28 280
139 28 289
144 28 282
145 28 288
147 28 285
153 28 264
156 28 253
157 28 268
159 28 281
162 28 288
163 28 275
165 28 262
167 28 308
171 28 286
177 28 283
178 28 284
182 28 259
184 28 277
185 28 244
188 28 298
189 28 266
192 28 269
194 28 257
195 28 257
199 28 283
202 28 276
204 28 271
205 28 258
206 28 261
207 28 261
211 28 253
212 28 283
213 28 239
215 28 282
217 28 259
218 28 233
220 28 277
221 28 269
222 28 250
223 28 264
224 28 270
227 28 274
229 28 243
230 28 268
232 28 254
233 28 245
235 28 270
238 28 272
239 28 253
240 28 260
241 28 244
242 28 263
250 28 241
252 28 252
253 28 259
254 28 245
255 28 275
258 28 249
261 28 227
263 28 252
264 28 246
271 28 237
275 28 249
277 28 238
279 28 246
280 28 257
282 28 234
284 28 235
288 28 239
293 28 247
295 28 248
296 28 252
297 28 262
298 28 237
301 28 277
303 28 246
306 28 252
308 28 245
312 28 230
313 28 229
318 28 242
323 28 251
325 28 229
327 28 231
330 28 246
331 28 232
333 28 235
336 28 250
341 28 258
342 28 234
344 28 248
345 28 235
348 28 251
349 28 234
351 28 240
352 28 232
355 28 227
358 28 215
364 28 220
365 28 225
366 28 229
371 28 236
373 28 244
374 28 226
375 28 226
385 28 235
386 28 244
387 28 220
389 28 237
390 28 240
392 28 218
393 28 212
395 28 240
400 28 219
403 28 214
405 28 227
406 28 222
409 28 227
410 28 234
412 28 199
415 28 224
416 28 229
417 28 238
418 28 204
419 28 216
435 28 226
436 28 246
441 28 233
445 28 234
450 28 220
451 28 228
454 28 210
455 28 220
459 28 196
462 28 241
464 28 243
467 28 218
468 28 212
470 28 214
477 28 208
479 28 230
483 28 254
485 28 203
486 28 213
488 28 213
490 28 212
492 28 198
493 28 210
497 28 197
502 28 184
505 28 203
508 28 204
509 28 209
510 28 212
512 28 185
513 28 228
519 28 188
528 28 196
530 28 193
535 28 208
537 28 208
544 28 191
546 28 219
547 28 208
549 28 197
550 28 208
551 28 217
554 28 196
566 28 211
567 28 197
568 28 208
571 28 186
573 28 191
579 28 230
584 28 169
587 28 179
591 28 204
593 28 178
595 28 198
597 28 191
600 28 178
602 28 202
603 28 186
604 28 196
605 28 203
606 28 181
607 28 195
611 28 207
612 28 169
615 28 174
619 28 188
621 28 194
622 28 211
629 28 187
632 28 194
636 28 182
646 28 188
647 28 181
651 28 176
655 28 208
656 28 196
658 28 186
660 28 180
661 28 196
670 28 193
673 28 173
679 28 176
681 28 197
688 28 166
692 28 174
693 28 152
694 28 189
695 28 176
702 28 175
704 28 140
707 28 178
710 28 169
711 28 185
713 28 185
714 28 181
715 28 156
718 28 185
720 28 186
726 28 173
727 28 175
728 28 184
730 28 169
731 28 186
735 28 185
737 28 201
738 28 167
746 28 189
751 28 205
756 28 165
758 28 141
762 28 177
765 28 158
766 28 165
769 28 161
775 28 155
780 28 160
783 28 160
784 28 176
792 28 169
793 28 158
796 28 180
799 28 178
804 28 159
805 28 156
811 28 139
812 28 147
814 28 146
817 28 213
818 28 138
820 28 155
823 28 161
824 28 145
827 28 166
834 28 161
835 28 155
836 28 183
838 28 194
839 28 169
843 28 144
846 28 149
853 28 134
854 28 121
861 28 147
863 28 183
866 28 138
871 28 160
873 28 175
883 28 138
892 28 139
894 28 134
900 28 136
904 28 155
906 28 141
907 28 162
910 28 144
913 28 138
916 28 164
917 28 168
921 28 156
922 28 161
928 28 149
930 28 170
933 28 140
935 28 133
937 28 127
940 28 142
941 28 155
948 28 156
950 28 150
957 28 147
963 28 159
964 28 127
965 28 120
971 28 155
973 28 137
982 28 116
984 28 131
1001 28 119
1002 28 142
1008 28 145
1017 28 129
1023 28 148
1026 28 132
1030 28 123
1031 28 127
1034 28 155
1041 28 128
1056 28 127
1059 28 110
1060 28 148
1065 28 113
1066 28 140
1068 28 151
1069 28 121
1072 28 125
1077 28 124
1081 28 127
1087 28 134
1090 28 136
1091 28 118
1110 28 118
1127 28 123
1128 28 109
1130 28 107
1132 28 126
1134 28 121
1137 28 113
1140 28 117
1142 28 112
1147 28 115
1148 28 119
1152 28 122
1153 28 117
1168 28 131
1187 28 119
1193 28 98
1201 28 101
1205 28 93
1206 28 106
1208 28 117
1212 28 97
1216 28 106
1235 28 102
1247 28 102
1249 28 111
1252 28 92
1253 28 105
1257 28 104
1261 28 114
1262 28 99
1263 28 106
1274 28 96
1276 28 98
1279 28 92
1281 28 111
1287 28 98
1288 28 92
1290 28 99
1291 28 110
1292 28 112
1294 28 100
1295 28 99
1298 28 108
1300 28 100
1302 28 103
1304 28 110
1306 28 87
1312 28 103
1320 28 97
1321 28 95
1325 28 97
1331 28 102
1334 28 90
1338 28 107
1339 28 120
1342 28 101
1345 28 72
1350 28 102
1354 28 82
1363 28 86
1371 28 82
1375 28 94
1377 28 84
1379 28 109
1385 28 98
1387 28 84
1389 28 106
1393 28 104
1397 28 80
1399 28 86
1406 28 83
1412 28 82
1421 28 90
1422 28 109
1423 28 78
1427 28 92
1435 28 84
1436 28 78
1438 28 101
1445 28 79
1469 28 88
1470 28 83
1474 28 72
1495 28 77
1499 28 74
1502 28 65
1510 28 77
1513 28 80
1514 28 73
1521 28 80
1526 28 81
1536 28 79
1539 28 84
1542 28 75
1547 28 76
1548 28 57
1552 28 62
1568 28 69
1569 28 48
1573 28 78
1577 28 67
1580 28 65
1582 28 63
1588 28 77
1590 28 77
1592 28 66
1597 28 78
1599 28 54
1602 28 55
1603 28 73
1605 28 63
1621 28 77
1623 28 74
1627 28 81
1634 28 64
1635 28 73
1636 28 58
1638 28 57
1645 28 61
1649 28 71
1655 28 62
1658 28 77
1661 28 56
1666 28 54
1668 28 53
1672 28 72
1676 28 57
1678 28 64
1686 28 61
1688 28 59
1690 28 57
1691 28 56
1694 28 55
1696 28 56
1700 28 59
1706 28 57
1712 28 61
1724 28 41
1725 28 54
1726 28 59
1729 28 48
1734 28 69
1736 28 39
1741 28 66
1744 28 37
1747 28 62
1768 28 48
1772 28 57
1776 28 52
1778 28 58
1781 28 44
1785 28 67
1796 28 57
1799 28 46
1812 28 52
1813 28 50
1815 28 51
1826 28 48
1828 28 44
1829 28 46
1836 28 45
1840 28 39
1850 28 48
1861 28 54
1862 28 47
1864 28 59
1884 28 47
1892 28 38
1905 28 31
1906 28 58
1924 28 40
1930 28 58
1943 28 45
1946 28 44
1951 28 38
1955 28 35
1968 28 44
1977 28 38
1983 28 34
1988 28 52
2006 28 37
2010 28 36
2012 28 47
2019 28 37
2038 28 36
2042 28 40
2044 28 40
2046 28 42
2060 28 29
2065 28 23
2070 28 34
2072 28 21
2074 28 31
2075 28 31
2092 28 29
2101 28 27
2107 28 33
2109 28 33
2112 28 31
2114 28 19
2124 28 26
2137 28 28
2140 28 39
2142 28 28
2144 28 28
2147 28 23
2153 28 36
2165 28 26
2176 28 27
2182 28 30
2184 28 23
2190 28 27
2199 28 17
2203 28 25
2210 28 31
2211 28 28
2213 28 22
2214 28 18
2235 28 27
2253 28 30
2262 28 26
2279 28 26
2315 28 15
2325 28 25
2337 28 17
2345 28 11
2349 28 18
2368 28 18
2375 28 14
2379 28 15
2382 28 14
2385 28 14
2388 28 15
2394 28 8
2397 28 9
2403 28 18
2416 28 10
2421 28 12
2423 28 13
2432 28 13
2436 28 10
2448 28 14
2451 28 12
2458 28 15
2459 28 14
2478 28 6
2491 28 15
2494 28 15
2503 28 14
2504 28 14
2516 28 13
2517 28 12
2519 28 5
2533 28 12
2538 28 11
2550 28 11
2569 28 9
2582 28 11
2640 28 6
2650 28 4
2654 28 6
2659 28 5
2661 28 9
2672 28 5
2679 28 6
2684 28 9
2687 28 3
2704 28 2
2710 28 3
2714 28 4
2726 28 4
2733 28 5
2742 28 7
2752 28 1
2784 28 4
2789 28 2
2795 28 3
2798 28 3
2811 28 1
2816 28 3
2828 28 3
2842 28 1
2851 28 3
2854 28 4
2861 28 2
2867 28 2
2872 28 2
2882 28 2
2895 28 2
2904 28 2
2907 28 4
2911 28 3
2913 28 1
2915 28 1
2921 28 2
2927 28 2
2930 28 2
2931 28 1
2936 28 1
2937 28 1
2939 28 1
2940 28 1
2945 28 1
2956 28 1
2967 28 1
2990 28 1
1 29 313
3 29 281
5 29 341
9 29 294
11 29 290
13 29 308
14 29 293
17 29 310
18 29 293
19 29 302
20 29 289
28 29 283
29 29 260
30 29 313
39 29 315
40 29 281
45 29 315
49 29 286
50 29 315
52 29 291
53 29 302
54 29 307
56 29 282
58 29 311
59 29 278
63 29 308
66 29 282
67 29 298
68 29 272
69 29 311
70 29 284
73 29 254
74 29 293
75 29 302
76 29 271
77 29 286
79 29 283
80 29 303
81 29 279
82 29 290
84 29 274
87 29 285
89 29 264
92 29 306
96 29 284
97 29 269
104 29 256
105 29 286
109 29 277
110 29 267
112 29 262
115 29 274
117 29 291
123 29 292
124 29 303
127 29 274
128 29 292
132 29 257
133 29 267
134 29 276
140 29 259
147 29 247
149 29 263
150 29 285
152 29 278
153 29 247
155 29 277
156 29 299
160 29 287
162 29 282
168 29 270
171 29 260
175 29 269
177 29 253
180 29 253
186 29 248
189 29 272
190 29 272
192 29 278
194 29 281
196 29 274
198 29 280
199 29 252
200 29 251
201 29 256
204 29 250
209 29 225
213 29 247
214 29 296
218 29 245
219 29 256
220 29 244
226 29 268
227 29 271
228 29 287
230 29 257
234 29 304
238 29 257
244 29 291
245 29 242
246 29 251
248 29 248
249 29 246
250 29 229
252 29 263
256 29 245
260 29 248
267 29 277
269 29 276
271 29 240
274 29 239
280 29 257
282 29 245
285 29 267
287 29 236
292 29 250
295 29 252
296 29 213
298 29 233
300 29 258
301 29 250
307 29 253
308 29 252
310 29 240
311 29 226
313 29 246
316 29 243
317 29 265
320 29 236
322 29 235
324 29 237
333 29 223
335 29 221
337 29 239
338 29 235
341 29 219
343 29 259
345 29 210
348 29 208
349 29 236
351 29 206
352 29 238
362 29 249
367 29 229
368 29 234
370 29 241
372 29 262
377 29 236
378 29 226
380 29 210
383 29 241
386 29 243
391 29 250
392 29 204
394 29 232
395 29 232
396 29 236
398 29 266
399 29 267
402 29 226
403 29 230
409 29 233
418 29 219
420 29 228
421 29 221
422 29 235
423 29 188
426 29 240
429 29 209
430 29 235
432 29 239
438 29 214
439 29 218
440 29 259
444 29 254
446 29 239
452 29 229
453 29 222
455 29 200
463 29 223
470 29 250
475 29 194
481 29 195
483 29 219
489 29 235
490 29 206
495 29 205
498 29 204
501 29 203
504 29 210
505 29 231
508 29 237
512 29 188
513 29 211
516 29 226
518 29 182
524 29 214
526 29 183
529 29 201
532 29 215
533 29 210
535 29 172
536 29 190
539 29 204
541 29 187
544 29 189
545 29 238
551 29 194
552 29 185
554 29 207
559 29 208
560 29 206
561 29 183
562 29 193
568 29 220
573 29 229
574 29 197
575 29 194
576 29 214
577 29 221
578 29 176
579 29 216
583 29 193
590 29 209
591 29 188
596 29 211
598 29 186
601 29 184
604 29 179
605 29 199
607 29 194
609 29 213
610 29 213
614 29 206
615 29 194
616 29 194
617 29 202
619 29 183
628 29 185
632 29 193
642 29 180
649 29 169
651 29 190
653 29 158
654 29 182
656 29 179
659 29 202
660 29 181
661 29 163
664 29 180
668 29 191
675 29 189
679 29 186
681 29 171
682 29 181
684 29 185
687 29 165
689 29 179
690 29 201
691 29 176
692 29 191
694 29 173
695 29 211
698 29 180
700 29 173
702 29 152
707 29 187
709 29 186
711 29 177
713 29 182
719 29 170
721 29 199
726 29 203
727 29 182
729 29 197
730 29 167
736 29 181
737 29 166
743 29 171
745 29 174
747 29 183
753 29 174
756 29 175
759 29 163
760 29 173
762 29 164
766 29 152
770 29 170
783 29 163
791 29 147
795 29 170
800 29 143
801 29 173
810 29 147
812 29 166
814 29 164
815 29 160
818 29 159
820 29 165
821 29 169
838 29 161
842 29 152
845 29 163
846 29 151
849 29 159
852 29 160
855 29 164
858 29 128
861 29 137
868 29 169
877 29 145
886 29 162
889 29 151
893 29 147
896 29 141
904 29 129
907 29 146
908 29 136
911 29 154
912 29 175
913 29 144
914 29 169
917 29 154
926 29 144
929 29 147
932 29 136
940 29 155
942 29 138
943 29 141
947 29 134
955 29 149
956 29 124
959 29 133
964 29 158
975 29 133
976 29 128
979 29 123
981 29 143
984 29 169
987 29 142
990 29 126
996 29 131
997 29 104
1001 29 136
1002 29 140
1005 29 160
1006 29 139
1013 29 124
1014 29 112
1018 29 124
1019 29 131
1029 29 138
1032 29 111
1036 29 128
1037 29 135
1038 29 125
1041 29 122
1050 29 152
1063 29 119
1064 29 120
1065 29 122
1075 29 112
1079 29 110
1084 29 133
1085 29 109
1086 29 128
1089 29 137
1092 29 98
1096 29 117
1102 29 119
1105 29 122
1110 29 118
1116 29 115
1118 29 125
1119 29 129
1123 29 122
1127 29 135
1135 29 111
1137 29 112
1138 29 131
1139 29 125
1143 29 122
1155 29 111
1157 29 105
1161 29 101
1163 29 108
1165 29 113
1168 29 116
1173 29 114
1174 29 123
1178 29 116
1181 29 110
1186 29 117
1192 29 141
1198 29 106
1206 29 116
1208 29 96
1210 29 98
1211 29 108
1215 29 106
1216 29 103
1217 29 97
1225 29 129
1229 29 109
1235 29 120
1237 29 127
1246 29 103
1256 29 84
1257 29 90
1262 29 98
1274 29 98
1277 29 94
1278 29 110
1280 29 96
1281 29 91
1283 29 97
1290 29 85
1293 29 110
1298 29 96
1308 29 93
1309 29 92
1311 29 96
1318 29 104
1324 29 104
1327 29 96
1328 29 103
1334 29 96
1339 29 84
1341 29 83
1350 29 90
1354 29 100
1358 29 105
1360 29 92
1362 29 117
1366 29 84
1372 29 98
1378 29 105
1390 29 85
1392 29 70
1398 29 68
1405 29 87
1425 29 89
1427 29 104
1429 29 80
1433 29 102
1436 29 76
1438 29 86
1444 29 71
1455 29 82
1464 29 81
1480 29 89
1487 29 67
1491 29 79
1495 29 68
1497 29 81
1509 29 63
1516 29 72
1518 29 84
1524 29 81
1533 29 70
1552 29 86
1559 29 74
1561 29 75
1562 29 67
1567 29 79
1589 29 54
1592 29 60
1601 29 77
1607 29 76
1610 29 62
1615 29 62
1621 29 56
1622 29 66
1627 29 55
1634 29 63
1638 29 65
1639 29 40
1647 29 57
1653 29 64
1656 29 67
1662 29 57
1667 29 48
1679 29 60
1681 29 60
1690 29 73
1706 29 62
1707 29 48
1721 29 61
1724 29 58
1725 29 49
1726 29 60
1734 29 53
1759 29 57
1760 29 52
1772 29 49
1773 29 60
1776 29 52
1782 29 45
1788 29 53
1791 29 49
1797 29 46
1819 29 46
1831 29 43
1833 29 40
1838 29 44
1841 29 47
1852 29 43
1856 29 45
1869 29 56
1873 29 44
1883 29 52
1887 29 41
1890 29 45
1904 29 45
1908 29 42
1930 29 40
1931 29 45
1945 29 30
1951 29 39
1955 29 42
1956 29 43
1976 29 39
1978 29 27
1980 29 31
1982 29 30
1994 29 37
2001 29 45
2014 29 28
2021 29 44
2022 29 27
2025 29 45
2027 29 30
2036 29 27
2037 29 47
2039 29 36
2044 29 40
2051 29 34
2055 29 30
2062 29 27
2071 29 38
2073 29 26
2077 29 26
2080 29 32
2083 29 36
2087 29 35
2110 29 24
2114 29 28
2116 29 26
2118 29 27
2135 29 20
2149 29 27
2150 29 21
2151 29 22
2157 29 35
2170 29 28
2173 29 21
2176 29 33
2177 29 26
2180 29 26
2182 29 22
2200 29 23
2204 29 30
2207 29 26
2212 29 24
2215 29 21
2232 29 23
2237 29 22
2244 29 14
2246 29 23
2252 29 23
2253 29 20
2262 29 18
2266 29 19
2276 29 14
2279 29 19
2297 29 20
2302 29 17
2305 29 19
2318 29 23
2320 29 21
2321 29 21
2327 29 16
2329 29 23
2332 29 15
2335 29 18
2338 29 20
2341 29 20
2386 29 19
2390 29 19
2391 29 22
2393 29 16
2402 29 11
2417 29 10
2426 29 9
2432 29 11
2444 29 13
2446 29 15
2452 29 15
2453 29 11
2462 29 19
2463 29 12
2464 29 6
2465 29 8
2477 29 15
2482 29 8
2495 29 15
2508 29 10
2517 29 9
2523 29 11
2529 29 10
2539 29 7
2540 29 9
2542 29 9
2547 29 10
2551 29 4
2555 29 6
2564 29 5
2565 29 10
2572 29 7
2575 29 9
2581 29 11
2589 29 4
2592 29 7
2599 29 9
2600 29 3
2602 29 8
2617 29 4
2619 29 6
2620 29 3
2625 29 4
2628 29 7
2639 29 7
2648 29 5
2652 29 1
2656 29 6
2657 29 7
2664 29 6
2682 29 2
2684 29 7
2691 29 3
2703 29 4
2710 29 10
2714 29 1
2715 29 6
2719 29 3
2721 29 3
2727 29 4
2732 29 5
2751 29 2
2756 29 3
2767 29 2
2777 29 3
2778 29 3
2787 29 5
2790 29 1
2796 29 3
2799 29 5
2804 29 1
2805 29 6
2806 29 2
2809 29 3
2819 29 4
2827 29 3
2832 29 1
2841 29 3
2856 29 3
2858 29 2
2871 29 2
2875 29 2
2880 29 2
2896 29 2
2898 29 1
2903 29 2
2911 29 1
2931 29 1
2932 29 1
2939 29 1
2955 29 1
2960 29 1
2966 29 1
2979 29 2
2980 29 1
2983 29 1
2987 29 1
2989 29 1
2990 29 1
2993 29 1
1 30 287
2 30 283
3 30 313
5 30 306
7 30 265
9 30 291
14 30 283
15 30 279
17 30 307
26 30 272
27 30 303
28 30 276
30 30 263
31 30 290
32 30 318
35 30 295
36 30 292
41 30 291
45 30 323
48 30 295
50 30 273
51 30 276
52 30 291
53 30 289
55 30 301
56 30 282
58 30 290
60 30 285
66 30 298
70 30 290
71 30 306
73 30 303
79 30 276
80 30 298
81 30 287
85 30 294
89 30 301
90 30 293
92 30 291
93 30 267
95 30 289
97 30 294
98 30 304
101 30 311
102 30 282
106 30 270
107 30 304
109 30 272
111 30 304
112 30 264
116 30 273
119 30 293
120 30 253
121 30 275
122 30 250
123 30 267
125 30 241
128 30 306
130 30 280
132 30 244
133 30 285
137 30 258
138 30 269
141 30 262
142 30 279
143 30 289
145 30 276
147 30 248
148 30 268
149 30 277
151 30 267
152 30 290
153 30 271
154 30 288
160 30 261
161 30 274
162 30 271
164 30 266
165 30 284
168 30 285
169 30 233
170 30 276
172 30 289
173 30 260
175 30 260
176 30 260
180 30 296
181 30 243
182 30 247
186 30 248
188 30 252
189 30 281
200 30 263
202 30 250
210 30 248
213 30 274
215 30 269
216 30 263
218 30 277
222 30 251
223 30 254
225 30 235
227 30 260
229 30 280
231 30 250
234 30 250
237 30 245
238 30 291
242 30 257
243 30 238
244 30 279
247 30 278
250 30 277
251 30 268
253 30 255
254 30 252
261 30 244
262 30 253
265 30 230
266 30 242
268 30 257
270 30 213
271 30 265
272 30 240
273 30 242
274 30 257
279 30 236
280 30 227
284 30 228
285 30 239
286 30 230
289 30 214
291 30 244
297 30 254
301 30 249
302 30 260
305 30 239
306 30 241
308 30 275
311 30 253
312 30 252
320 30 272
324 30 279
328 30 226
329 30 262
333 30 248
338 30 257
340 30 238
341 30 257
343 30 227
346 30 256
348 30 238
351 30 222
353 30 209
354 30 219
357 30 254
358 30 247
366 30 238
367 30 231
369 30 269
370 30 241
374 30 219
375 30 235
377 30 195
378 30 251
379 30 239
380 30 230
381 30 259
383 30 227
385 30 221
387 30 227
388 30 234
390 30 233
391 30 217
402 30 227
405 30 235
414 30 246
416 30 237
419 30 206
420 30 215
423 30 208
424 30 227
425 30 207
427 30 196
428 30 215
430 30 213
433 30 221
434 30 216
437 30 219
439 30 215
444 30 237
446 30 244
450 30 196
452 30 229
453 30 232
455 30 217
457 30 207
459 30 196
461 30 230
465 30 213
469 30 208
475 30 207
481 30 184
482 30 211
484 30 195
487 30 205
489 30 227
492 30 214
495 30 205
497 30 205
500 30 211
501 30 203
502 30 200
503 30 188
516 30 224
517 30 215
518 30 179
522 30 224
524 30 220
525 30 206
529 30 216
530 30 236
534 30 177
536 30 214
538 30 210
539 30 207
540 30 216
541 30 186
545 30 207
546 30 209
547 30 226
555 30 188
557 30 224
561 30 201
563 30 208
565 30 186
568 30 194
570 30 194
571 30 183
575 30 199
579 30 206
586 30 223
587 30 197
589 30 196
593 30 176
595 30 189
597 30 189
603 30 220
605 30 199
612 30 168
615 30 208
617 30 197
630 30 186
631 30 169
638 30 188
641 30 198
642 30 167
648 30 192
653 30 209
654 30 185
655 30 200
660 30 166
661 30 189
662 30 172
663 30 176
664 30 201
666 30 201
673 30 163
677 30 205
679 30 184
686 30 190
688 30 185
690 30 170
693 30 183
697 30 193
698 30 180
701 30 151
702 30 169
703 30 173
704 30 163
709 30 170
711 30 204
712 30 198
715 30 180
718 30 156
724 30 186
728 30 172
732 30 188
733 30 163
734 30 145
736 30 171
749 30 187
755 30 168
761 30 181
764 30 184
767 30 172
768 30 157
777 30 147
778 30 177
779 30 165
782 30 164
786 30 191
793 30 172
799 30 171
802 30 170
804 30 150
808 30 167
815 30 166
816 30 158
822 30 170
827 30 169
830 30 154
834 30 166
835 30 149
840 30 166
842 30 148
845 30 155
853 30 162
854 30 166
856 30 143
858 30 157
860 30 147
863 30 147
864 30 132
866 30 139
868 30 156
874 30 146
875 30 142
879 30 166
882 30 138
886 30 139
894 30 154
895 30 165
905 30 142
908 30 166
912 30 147
914 30 151
916 30 169
918 30 140
919 30 147
924 30 142
927 30 141
928 30 164
931 30 167
934 30 147
940 30 141
951 30 146
956 30 132
957 30 133
961 30 123
963 30 146
970 30 139
975 30 120
976 30 177
977 30 140
978 30 159
979 30 146
983 30 150
994 30 124
998 30 122
1000 30 129
1001 30 119
1005 30 125
1012 30 147
1014 30 139
1016 30 109
1017 30 151
1020 30 132
1021 30 139
1023 30 126
1025 30 130
1033 30 143
1037 30 118
1041 30 131
1049 30 127
1050 30 127
1052 30 119
1059 30 101
1060 30 132
1061 30 107
1062 30 120
1063 30 146
1065 30 116
1071 30 149
1073 30 128
1074 30 145
1075 30 130
1088 30 113
1095 30 133
1098 30 110
1108 30 119
1111 30 147
1114 30 110
1124 30 130
1130 30 107
1140 30 122
1144 30 110
1151 30 107
1153 30 128
1160 30 99
1162 30 110
1164 30 106
1173 30 109
1174 30 122
1181 30 106
1190 30 108
1195 30 99
1196 30 98
1202 30 106
1205 30 102
1209 30 116
1217 30 104
1218 30 106
1225 30 111
1240 30 104
1241 30 116
1244 30 117
1247 30 96
1258 30 93
1260 30 106
1262 30 109
1264 30 96
1271 30 101
1282 30 101
1284 30 94
1290 30 83
1294 30 102
1304 30 86
1306 30 118
1309 30 104
1310 30 97
1312 30 111
1317 30 112
1319 30 83
1326 30 89
1334 30 93
1339 30 85
1341 30 111
1343 30 104
1362 30 72
1368 30 88
1373 30 101
1378 30 97
1379 30 96
1381 30 85
1383 30 90
1391 30 106
1395 30 86
1400 30 93
1406 30 112
1407 30 86
1412 30 89
1419 30 85
1422 30 78
1431 30 93
1438 30 93
1439 30 76
1440 30 81
1444 30 84
1445 30 88
1446 30 87
1453 30 69
1457 30 73
1458 30 92
1467 30 76
1475 30 73
1478 30 81
1488 30 72
1497 30 81
1499 30 82
1500 30 71
1521 30 72
1523 30 83
1527 30 74
1537 30 73
1551 30 59
1552 30 79
1555 30 64
1558 30 71
1566 30 56
1568 30 67
1569 30 63
1573 30 69
1576 30 65
1586 30 64
1591 30 68
1603 30 70
1604 30 80
1610 30 60
1616 30 80
1626 30 78
1632 30 68
1639 30 70
1640 30 77
1680 30 71
1685 30 61
1688 30 55
1689 30 68
1693 30 58
1698 30 55
1704 30 55
1705 30 61
1710 30 62
1715 30 56
1717 30 45
1718 30 53
1721 30 70
1724 30 52
1726 30 61
1727 30 60
1739 30 53
1750 30 64
1754 30 50
1768 30 61
1774 30 58
1786 30 44
1798 30 58
1810 30 53
1816 30 47
1840 30 50
1858 30 50
1874 30 36
1893 30 51
1898 30 54
1902 30 41
1913 30 35
1914 30 40
1923 30 44
1932 30 32
1934 30 32
1935 30 32
1953 30 43
1956 30 37
1959 30 41
1978 30 40
1983 30 41
1986 30 31
1997 30 30
2001 30 38
2007 30 38
2017 30 30
2025 30 38
2030 30 35
2032 30 29
2036 30 29
2042 30 40
2045 30 30
2046 30 37
2060 30 28
2062 30 36
2077 30 30
2079 30 30
2080 30 33
2092 30 25
2095 30 33
2111 30 37
2112 30 30
2114 30 30
2115 30 32
2124 30 23
2130 30 29
2134 30 21
2144 30 19
2145 30 27
2159 30 20
2162 30 36
2172 30 26
2181 30 31
2185 30 24
2192 30 20
2198 30 28
2200 30 25
2204 30 23
2205 30 17
2208 30 20
2212 30 22
2213 30 19
2214 30 22
2221 30 23
2222 30 16
2245 30 26
2246 30 15
2261 30 15
2271 30 21
2275 30 22
2276 30 20
2292 30 17
2306 30 14
2323 30 11
2328 30 19
2358 30 19
2367 30 14
2368 30 16
2369 30 13
2378 30 18
2385 30 8
2402 30 17
2432 30 6
2433 30 9
2443 30 14
2448 30 7
2473 30 5
2474 30 18
2486 30 9
2492 30 11
2493 30 11
2497 30 10
2500 30 7
2502 30 9
2509 30 7
2515 30 7
2521 30 15
2528 30 13
2532 30 9
2533 30 7
2534 30 11
2537 30 14
2552 30 9
2554 30 7
2560 30 5
2567 30 11
2575 30 4
2580 30 6
2591 30 8
2602 30 4
2604 30 11
2623 30 9
2639 30 3
2660 30 5
2668 30 4
2682 30 8
2687 30 3
2692 30 11
2717 30 2
2722 30 1
2739 30 3
2750 30 5
2770 30 3
2771 30 5
2774 30 1
2790 30 2
2791 30 2
2792 30 4
2796 30 3
2799 30 3
2804 30 2
2821 30 2
2823 30 2
2832 30 1
2837 30 2
2848 30 1
2849 30 2
2850 30 1
2851 30 2
2853 30 1
2857 30 2
2862 30 1
2865 30 2
2869 30 3
2871 30 2
2878 30 1
2903 30 2
2909 30 2
2934 30 1
2970 30 1
2972 30 1
2974 30 1
2984 30 1
2991 30 1
0 31 312
9 31 287
11 31 287
14 31 302
15 31 293
16 31 294
17 31 313
21 31 297
25 31 263
27 31 307
30 31 295
31 31 278
33 31 284
34 31 279
36 31 281
38 31 294
42 31 271
44 31 324
45 31 328
46 31 315
48 31 277
51 31 277
52 31 330
53 31 256
54 31 287
56 31 272
57 31 308
58 31 297
62 31 265
63 31 311
64 31 321
66 31 273
69 31 297
71 31 274
77 31 265
78 31 279
83 31 279
84 31 280
86 31 281
87 31 259
88 31 272
89 31 293
95 31 275
101 31 279
103 31 297
108 31 253
109 31 279
110 31 289
113 31 300
114 31 314
115 31 293
116 31 266
119 31 284
124 31 247
128 31 288
129 31 276
130 31 265
134 31 285
135 31 254
136 31 261
142 31 280
143 31 289
146 31 278
149 31 296
152 31 249
153 31 267
154 31 293
158 31 302
160 31 269
166 31 270
167 31 265
170 31 283
172 31 277
178 31 272
180 31 267
183 31 269
185 31 266
188 31 238
193 31 257
197 31 260
198 31 261
200 31 282
202 31 254
204 31 252
206 31 260
207 31 241
210 31 248
212 31 249
214 31 244
216 31 252
217 31 242
218 31 258
223 31 246
224 31 262
228 31 261
235 31 245
236 31 242
239 31 215
240 31 271
242 31 273
243 31 266
246 31 242
249 31 260
250 31 255
252 31 248
263 31 240
267 31 259
272 31 245
275 31 233
277 31 225
278 31 253
279 31 256
281 31 250
282 31 240
284 31 252
289 31 277
291 31 232
294 31 248
299 31 230
300 31 235
306 31 252
310 31 196
311 31 241
312 31 219
313 31 227
317 31 244
319 31 231
320 31 236
322 31 255
323 31 258
325 31 237
326 31 224
327 31 257
328 31 215
330 31 228
332 31 247
333 31 244
335 31 226
336 31 253
339 31 238
340 31 214
345 31 245
346 31 245
347 31 238
348 31 230
353 31 259
354 31 257
355 31 240
357 31 234
363 31 223
367 31 251
376 31 234
377 31 238
384 31 212
386 31 236
391 31 219
392 31 214
393 31 223
395 31 242
396 31 226
399 31 176
401 31 217
404 31 238
410 31 222
414 31 200
416 31 190
417 31 241
420 31 240
421 31 232
423 31 218
425 31 215
426 31 233
427 31 207
428 31 217
430 31 228
431 31 247
436 31 236
437 31 231
438 31 209
446 31 218
447 31 230
450 31 215
457 31 226
459 31 201
465 31 214
466 31 217
469 31 211
472 31 225
475 31 185
476 31 219
483 31 203
485 31 214
487 31 211
489 31 228
492 31 194
493 31 222
494 31 216
495 31 213
496 31 224
500 31 221
501 31 210
502 31 194
504 31 242
506 31 202
511 31 218
514 31 205
515 31 214
518 31 209
522 31 208
525 31 215
526 31 227
528 31 220
531 31 218
532 31 207
536 31 210
537 31 227
538 31 201
539 31 213
542 31 188
543 31 175
546 31 190
549 31 191
552 31 171
559 31 175
560 31 199
562 31 202
569 31 182
570 31 189
572 31 213
573 31 188
574 31 197
576 31 176
579 31 196
581 31 160
582 31 201
584 31 205
589 31 196
590 31 202
592 31 217
594 31 200
596 31 186
598 31 193
602 31 175
608 31 177
611 31 195
613 31 191
616 31 190
620 31 182
623 31 196
625 31 159
626 31 183
629 31 171
632 31 183
633 31 200
637 31 181
639 31 172
643 31 181
646 31 183
648 31 176
650 31 187
657 31 210
660 31 179
667 31 191
672 31 193
674 31 180
676 31 193
684 31 173
685 31 167
686 31 173
691 31 183
694 31 193
695 31 186
698 31 191
699 31 176
703 31 162
704 31 172
707 31 165
709 31 186
713 31 178
716 31 161
722 31 177
723 31 182
724 31 156
727 31 155
732 31 171
733 31 178
735 31 194
736 31 216
740 31 197
741 31 186
742 31 165
745 31 180
748 31 172
750 31 175
753 31 164
755 31 180
756 31 161
757 31 171
758 31 182
761 31 158
763 31 178
764 31 171
767 31 163
769 31 159
774 31 158
783 31 169
784 31 172
790 31 188
791 31 141
798 31 154
802 31 170
803 31 160
810 31 175
812 31 157
813 31 164
814 31 152
815 31 138
819 31 208
820 31 122
826 31 159
827 31 150
828 31 156
832 31 142
833 31 159
834 31 136
835 31 149
836 31 166
839 31 138
840 31 153
841 31 145
842 31 169
845 31 171
861 31 144
863 31 163
869 31 163
877 31 150
882 31 142
883 31 139
884 31 148
888 31 152
894 31 142
903 31 132
908 31 160
910 31 149
912 31 162
914 31 132
918 31 152
920 31 131
925 31 139
930 31 132
954 31 124
955 31 154
957 31 131
958 31 122
959 31 113
960 31 168
963 31 156
966 31 133
969 31 136
970 31 127
972 31 136
983 31 133
992 31 110
994 31 127
998 31 154
1002 31 136
1004 31 147
1006 31 149
1018 31 145
1019 31 119
1027 31 137
1028 31 124
1030 31 130
1032 31 127
1037 31 124
1041 31 130
1044 31 115
1050 31 126
1051 31 122
1055 31 119
1059 31 121
1063 31 148
1073 31 114
1074 31 126
1076 31 127
1077 31 131
1081 31 120
1083 31 118
1084 31 143
1095 31 124
1102 31 106
1104 31 137
1106 31 123
1109 31 120
1111 31 131
1113 31 117
1116 31 137
1120 31 111
1123 31 130
1124 31 129
1126 31 138
1132 31 92
1142 31 95
1146 31 151
1149 31 117
1153 31 109
1161 31 101
1165 31 105
1166 31 109
1167 31 132
1169 31 105
1171 31 113
1172 31 103
1174 31 121
1176 31 122
1184 31 94
1185 31 107
1192 31 115
1194 31 109
1196 31 129
1199 31 97
1202 31 96
1216 31 105
1227 31 104
1237 31 98
1250 31 100
1252 31 112
1253 31 106
1256 31 122
1258 31 95
1259 31 100
1261 31 101
1270 31 96
1276 31 93
1280 31 102
1281 31 117
1282 31 115
1283 31 86
1292 31 88
1294 31 103
1301 31 97
1303 31 97
1312 31 99
1314 31 110
1316 31 91
1317 31 92
1323 31 115
1327 31 89
1334 31 102
1335 31 97
1336 31 104
1343 31 75
1362 31 80
1363 31 89
1365 31 81
1370 31 97
1371 31 82
1372 31 77
1373 31 82
1374 31 77
1378 31 97
1382 31 87
1394 31 92
1410 31 71
1416 31 80
1423 31 78
1426 31 82
1428 31 60
1431 31 94
1436 31 82
1437 31 65
1446 31 75
1454 31 95
1457 31 78
1467 31 92
1475 31 91
1476 31 79
1477 31 79
1478 31 57
1480 31 69
1494 31 85
1508 31 82
1510 31 84
1514 31 67
1522 31 88
1525 31 71
1528 31 68
1531 31 68
1538 31 92
1541 31 75
1553 31 83
1555 31 80
1557 31 65
1566 31 57
1573 31 81
1574 31 67
1583 31 79
1587 31 87
1599 31 61
1603 31 72
1623 31 61
1634 31 75
1636 31 52
1640 31 67
1642 31 60
1656 31 70
1661 31 55
1665 31 54
1679 31 58
1685 31 52
1686 31 63
1707 31 54
1714 31 62
1724 31 55
1727 31 65
1733 31 49
1746 31 63
1755 31 49
1765 31 45
1769 31 51
1774 31 59
1775 31 51
1793 31 46
1812 31 52
1824 31 45
1825 31 57
1839 31 45
1859 31 43
1860 31 46
1869 31 52
1873 31 49
1874 31 33
1878 31 38
1880 31 38
1882 31 52
1884 31 51
1890 31 48
1892 31 46
1893 31 44
1897 31 45
1898 31 30
1899 31 45
1904 31 53
1907 31 41
1912 31 34
1920 31 37
1922 31 44
1935 31 34
1937 31 42
1956 31 46
1970 31 33
1972 31 22
1975 31 37
1995 31 36
1998 31 36
2002 31 38
2003 31 33
2026 31 42
2028 31 30
2031 31 39
2033 31 27
2045 31 36
2049 31 35
2052 31 40
2054 31 35
2058 31 34
2060 31 35
2079 31 36
2080 31 28
2091 31 34
2097 31 25
2109 31 28
2128 31 36
2132 31 32
2142 31 32
2147 31 26
2152 31 29
2153 31 28
2175 31 30
2191 31 28
2197 31 27
2204 31 25
2209 31 23
2216 31 21
2220 31 15
2231 31 29
2249 31 20
2250 31 21
2259 31 13
2260 31 21
2266 31 21
2281 31 15
2290 31 20
2292 31 18
2300 31 22
2304 31 18
2306 31 22
2333 31 11
2362 31 10
2365 31 13
2393 31 14
2414 31 11
2415 31 14
2419 31 17
2421 31 12
2444 31 8
2451 31 11
2452 31 21
2454 31 14
2456 31 15
2463 31 11
2464 31 12
2474 31 9
2475 31 10
2484 31 10
2492 31 9
2495 31 14
2499 31 12
2500 31 13
2501 31 12
2514 31 8
2524 31 7
2525 31 6
2531 31 15
2543 31 7
2552 31 8
2559 31 6
2562 31 6
2566 31 6
2576 31 13
2582 31 10
2600 31 6
2609 31 5
2611 31 7
2621 31 8
2632 31 2
2643 31 13
2644 31 5
2655 31 5
2667 31 3
2670 31 4
2673 31 3
2674 31 8
2705 31 3
2731 31 7
2754 31 2
2763 31 3
2770 31 3
2799 31 2
2804 31 3
2840 31 5
2847 31 1
2855 31 3
2860 31 1
2862 31 2
2864 31 1
2869 31 2
2876 31 2
2895 31 1
2900 31 2
2906 31 3
2907 31 1
2910 31 1
2914 31 1
2922 31 3
2923 31 4
2934 31 1
2935 31 1
2940 31 1
2947 31 1
2965 31 1
2980 31 1
3 32 305
6 32 299
7 32 286
11 32 285
12 32 310
13 32 305
15 32 296
16 32 337
17 32 274
18 32 295
20 32 305
21 32 289
22 32 300
24 32 336
25 32 289
26 32 324
27 32 296
30 32 291
31 32 292
32 32 321
34 32 285
35 32 275
40 32 299
44 32 310
45 32 295
52 32 280
54 32 308
60 32 274
62 32 262
68 32 296
70 32 291
72 32 296
75 32 290
76 32 309
78 32 302
82 32 289
86 32 277
87 32 293
92 32 282
94 32 270
96 32 316
97 32 288
98 32 274
99 32 281
101 32 290
102 32 296
103 32 285
105 32 285
106 32 278
108 32 268
109 32 297
110 32 244
114 32 286
115 32 274
117 32 271
120 32 295
123 32 272
124 32 261
125 32 291
127 32 312
131 32 266
132 32 280
138 32 271
139 32 272
140 32 241
149 32 285
150 32 281
151 32 281
152 32 277
155 32 244
156 32 267
162 32 261
163 32 262
168 32 263
170 32 279
172 32 295
176 32 267
179 32 289
180 32 253
182 32 280
187 32 259
188 32 249
190 32 297
193 32 279
194 32 269
200 32 275
208 32 275
209 32 248
211 32 270
213 32 258
214 32 270
216 32 278
223 32 263
224 32 256
225 32 247
226 32 275
227 32 247
229 32 282
232 32 273
234 32 261
235 32 253
238 32 272
239 32 257
243 32 280
244 32 274
245 32 250
246 32 251
248 32 248
250 32 245
256 32 261
257 32 245
259 32 237
264 32 256
265 32 268
266 32 268
268 32 244
276 32 271
280 32 276
281 32 239
291 32 271
292 32 242
294 32 219
307 32 249
313 32 253
314 32 259
315 32 273
322 32 218
324 32 241
325 32 269
327 32 241
329 32 239
344 32 253
345 32 233
349 32 218
351 32 239
352 32 227
353 32 247
354 32 216
362 32 223
369 32 215
372 32 241
374 32 237
376 32 247
377 32 235
380 32 227
381 32 224
382 32 225
384 32 234
385 32 243
389 32 210
390 32 240
393 32 246
401 32 206
405 32 223
406 32 223
408 32 233
411 32 217
414 32 219
415 32 235
417 32 231
418 32 264
421 32 228
423 32 217
425 32 230
430 32 205
438 32 205
441 32 232
443 32 238
445 32 217
447 32 228
449 32 223
452 32 213
455 32 224
456 32 229
458 32 247
459 32 220
460 32 246
462 32 210
465 32 199
466 32 198
469 32 199
472 32 204
474 32 221
475 32 206
478 32 227
481 32 220
486 32 227
489 32 212
493 32 191
496 32 200
498 32 215
503 32 205
504 32 221
506 32 210
507 32 198
513 32 205
514 32 203
518 32 212
519 32 224
520 32 199
521 32 224
531 32 211
535 32 203
539 32 213
540 32 181
544 32 170
548 32 217
551 32 185
552 32 182
556 32 203
558 32 206
565 32 221
567 32 214
568 32 207
572 32 201
575 32 196
578 32 202
583 32 208
585 32 215
586 32 183
588 32 204
589 32 182
591 32 206
595 32 215
596 32 187
599 32 198
609 32 212
610 32 202
614 32 188
617 32 168
621 32 200
624 32 189
625 32 175
627 32 206
629 32 180
630 32 182
631 32 191
632 32 201
636 32 186
637 32 182
638 32 195
639 32 182
641 32 187
642 32 186
648 32 210
650 32 186
651 32 185
655 32 179
656 32 172
657 32 182
660 32 194
661 32 203
663 32 181
664 32 182
665 32 175
668 32 200
670 32 202
673 32 187
674 32 194
677 32 196
685 32 157
686 32 170
687 32 181
690 32 193
692 32 183
693 32 195
699 32 166
700 32 183
702 32 173
705 32 185
706 32 162
707 32 203
709 32 166
714 32 178
725 32 194
727 32 168
729 32 206
730 32 160
731 32 160
734 32 185
742 32 192
744 32 181
746 32 185
751 32 152
758 32 167
760 32 178
763 32 172
766 32 152
769 32 193
771 32 185
773 32 165
778 32 157
782 32 171
784 32 157
792 32 162
795 32 156
799 32 170
802 32 162
805 32 148
806 32 154
810 32 183
813 32 186
817 32 161
819 32 181
827 32 154
829 32 168
830 32 135
832 32 187
835 32 187
844 32 154
852 32 169
854 32 162
855 32 132
857 32 146
859 32 161
860 32 153
861 32 153
866 32 141
870 32 147
871 32 142
873 32 178
875 32 160
877 32 139
882 32 154
883 32 135
887 32 140
888 32 170
892 32 151
893 32 119
896 32 157
910 32 170
913 32 121
921 32 150
923 32 166
924 32 140
930 32 143
931 32 159
932 32 137
934 32 153
945 32 120
949 32 149
952 32 151
959 32 137
961 32 138
962 32 144
966 32 131
967 32 149
971 32 141
972 32 138
977 32 135
984 32 134
990 32 138
1009 32 144
1011 32 125
1017 32 153
1022 32 142
1030 32 146
1033 32 130
1035 32 133
1040 32 120
1041 32 132
1046 32 118
1051 32 114
1057 32 133
1058 32 131
1064 32 135
1067 32 133
1068 32 123
1070 32 134
1082 32 120
1083 32 118
1088 32 132
1092 32 121
1093 32 115
1095 32 118
1098 32 122
1103 32 137
1105 32 130
1110 32 120
1114 32 107
1117 32 118
1118 32 110
1133 32 140
1140 32 125
1144 32 121
1147 32 114
1149 32 129
1151 32 109
1156 32 140
1157 32 112
1164 32 123
1169 32 109
1172 32 97
1181 32 114
1188 32 113
1194 32 116
1197 32 111
1203 32 104
1207 32 104
1209 32 122
1216 32 105
1219 32 113
1232 32 102
1241 32 125
1242 32 100
1244 32 93
1247 32 112
1255 32 93
1258 32 83
1261 32 97
1263 32 102
1269 32 106
1279 32 106
1283 32 110
1287 32 94
1293 32 98
1303 32 91
1307 32 106
1319 32 103
1321 32 105
1332 32 83
1340 32 84
1345 32 82
1352 32 98
1358 32 87
1360 32 94
1362 32 91
1363 32 88
1367 32 97
1369 32 85
1371 32 89
1373 32 90
1387 32 94
1392 32 94
1394 32 93
1401 32 86
1402 32 101
1403 32 87
1404 32 81
1408 32 78
1412 32 75
1414 32 71
1429 32 96
1431 32 89
1433 32 86
1440 32 87
1445 32 74
1446 32 84
1449 32 74
1451 32 83
1456 32 83
1463 32 89
1464 32 75
1476 32 92
1479 32 81
1482 32 86
1483 32 74
1486 32 78
1510 32 63
1520 32 76
1521 32 81
1524 32 81
1537 32 81
1541 32 51
1544 32 80
1546 32 74
1547 32 68
1550 32 79
1554 32 69
1564 32 78
1565 32 75
1568 32 61
1576 32 76
1584 32 63
1588 32 58
1598 32 72
1605 32 64
1606 32 73
1608 32 69
1621 32 57
1624 32 71
1627 32 62
1639 32 63
1647 32 62
1648 32 53
1653 32 62
1658 32 71
1661 32 68
1666 32 53
1672 32 71
1675 32 71
1681 32 66
1684 32 65
1708 32 64
1712 32 59
1725 32 53
1731 32 50
1732 32 39
1743 32 47
1744 32 61
1754 32 47
1756 32 54
1765 32 57
1776 32 58
1779 32 60
1780 32 53
1808 32 38
1812 32 55
1819 32 42
1838 32 58
1850 32 48
1858 32 60
1864 32 43
1867 32 42
1873 32 41
1875 32 45
1881 32 41
1892 32 38
1898 32 55
1904 32 38
1915 32 42
1916 32 44
1932 32 51
1933 32 40
1938 32 48
1946 32 36
1948 32 33
1955 32 39
1960 32 30
1968 32 37
1991 32 42
1997 32 34
2011 32 35
2021 32 39
2023 32 34
2033 32 43
2035 32 42
2037 32 36
2041 32 37
2053 32 29
2069 32 32
2076 32 29
2086 32 32
2089 32 38
2094 32 33
2103 32 32
2113 32 30
2126 32 30
2127 32 36
2145 32 23
2148 32 34
2157 32 23
2166 32 26
2178 32 24
2189 32 26
2192 32 25
2198 32 26
2202 32 25
2204 32 30
2205 32 22
2206 32 26
2223 32 16
2235 32 37
2265 32 19
2267 32 24
2273 32 17
2276 32 19
2285 32 21
2290 32 17
2296 32 13
2305 32 15
2315 32 24
2316 32 13
2333 32 20
2334 32 14
2348 32 15
2360 32 23
2369 32 11
2371 32 7
2372 32 14
2373 32 21
2395 32 9
2398 32 8
2411 32 17
2416 32 20
2423 32 14
2430 32 11
2439 32 10
2441 32 13
2444 32 12
2445 32 14
2447 32 21
2449 32 11
2450 32 14
2453 32 9
2472 32 10
2476 32 8
2496 32 6
2503 32 8
2523 32 12
2532 32 10
2535 32 7
2544 32 8
2547 32 11
2557 32 8
2568 32 9
2573 32 7
2576 32 8
2584 32 8
2587 32 6
2594 32 7
2600 32 6
2601 32 7
2602 32 9
2616 32 9
2617 32 2
2629 32 5
2638 32 5
2639 32 8
2654 32 7
2657 32 5
2684 32 4
2693 32 4
2698 32 4
2699 32 1
2700 32 2
2722 32 5
2731 32 4
2797 32 5
2817 32 3
2821 32 3
2822 32 4
2829 32 2
2840 32 2
2848 32 2
2850 32 3
2863 32 2
2865 32 5
2867 32 1
2870 32 1
2877 32 1
2896 32 1
2915 32 1
2925 32 1
2929 32 1
2933 32 2
2940 32 1
2955 32 2
2964 32 1
2969 32 1
2973 32 1
2982 32 2
0 33 279
1 33 325
5 33 336
6 33 283
7 33 271
10 33 297
12 33 313
13 33 294
14 33 279
15 33 270
16 33 279
17 33 312
18 33 320
23 33 317
29 33 316
31 33 319
33 33 275
36 33 315
37 33 259
40 33 312
43 33 269
44 33 269
48 33 321
50 33 294
51 33 303
52 33 302
59 33 298
60 33 290
61 33 284
62 33 284
64 33 275
65 33 300
67 33 298
74 33 273
76 33 309
77 33 244
79 33 292
80 33 283
82 33 289
83 33 300
84 33 282
86 33 288
87 33 266
91 33 282
92 33 271
93 33 299
94 33 294
100 33 268
101 33 293
102 33 299
105 33 275
106 33 276
108 33 299
110 33 317
111 33 287
112 33 294
114 33 269
115 33 316
118 33 293
121 33 284
131 33 259
132 33 265
134 33 304
136 33 293
138 33 255
142 33 278
148 33 302
149 33 268
150 33 305
154 33 301
157 33 268
158 33 273
159 33 286
160 33 252
161 33 252
164 33 274
166 33 280
167 33 267
170 33 238
171 33 247
173 33 274
174 33 279
177 33 258
180 33 265
181 33 245
182 33 259
184 33 291
192 33 270
193 33 249
194 33 269
196 33 253
198 33 238
199 33 268
203 33 258
210 33 250
214 33 258
219 33 275
222 33 251
223 33 248
225 33 278
226 33 268
228 33 265
230 33 255
231 33 228
232 33 252
234 33 292
235 33 238
237 33 252
240 33 240
244 33 289
247 33 264
256 33 245
257 33 248
258 33 249
260 33 254
261 33 259
264 33 256
265 33 245
269 33 240
272 33 262
273 33 245
275 33 271
276 33 253
277 33 257
278 33 248
279 33 235
281 33 246
286 33 241
287 33 243
288 33 248
292 33 240
294 33 222
296 33 244
299 33 238
301 33 248
305 33 234
309 33 253
312 33 226
316 33 218
319 33 259
321 33 260
323 33 248
324 33 250
329 33 263
342 33 232
343 33 222
344 33 232
345 33 223
348 33 230
349 33 205
352 33 236
353 33 252
354 33 223
362 33 216
365 33 225
366 33 250
373 33 242
375 33 247
376 33 234
378 33 236
379 33 225
381 33 259
383 33 227
385 33 235
388 33 238
397 33 222
398 33 219
404 33 228
405 33 232
410 33 230
411 33 222
413 33 206
415 33 228
417 33 242
418 33 238
419 33 215
426 33 216
429 33 203
431 33 232
432 33 195
435 33 230
437 33 246
444 33 222
456 33 204
459 33 217
460 33 229
464 33 217
466 33 203
468 33 211
469 33 202
471 33 178
472 33 237
477 33 245
480 33 211
484 33 218
485 33 226
493 33 218
495 33 207
496 33 201
498 33 206
501 33 233
504 33 203
506 33 216
510 33 226
511 33 213
515 33 225
516 33 216
518 33 204
523 33 195
524 33 227
533 33 187
536 33 213
538 33 193
539 33 228
541 33 211
547 33 198
555 33 184
556 33 209
558 33 202
561 33 187
562 33 218
567 33 215
569 33 178
571 33 222
572 33 213
575 33 236
576 33 187
577 33 198
578 33 204
590 33 169
594 33 180
595 33 189
596 33 204
597 33 192
603 33 177
606 33 191
607 33 206
608 33 188
609 33 202
610 33 182
611 33 185
613 33 184
614 33 170
617 33 173
619 33 191
623 33 189
624 33 196
630 33 175
642 33 188
643 33 187
649 33 182
663 33 196
668 33 188
670 33 195
674 33 162
677 33 190
678 33 183
679 33 180
680 33 159
681 33 183
682 33 162
683 33 181
688 33 167
691 33 168
700 33 188
702 33 184
703 33 192
704 33 180
706 33 187
708 33 194
710 33 194
715 33 167
716 33 156
717 33 173
719 33 172
725 33 151
731 33 197
732 33 165
734 33 189
735 33 173
739 33 168
740 33 154
741 33 164
748 33 169
752 33 171
754 33 159
762 33 181
764 33 182
766 33 176
767 33 163
775 33 172
779 33 185
780 33 175
782 33 171
783 33 180
786 33 185
789 33 166
799 33 151
802 33 168
803 33 159
806 33 164
808 33 172
812 33 175
817 33 169
821 33 167
822 33 177
830 33 136
831 33 149
832 33 167
833 33 147
834 33 162
836 33 154
838 33 156
846 33 162
849 33 134
850 33 153
852 33 148
855 33 168
856 33 155
857 33 120
858 33 162
862 33 160
865 33 148
877 33 150
878 33 161
879 33 158
884 33 150
886 33 154
888 33 160
894 33 156
896 33 152
898 33 155
903 33 156
905 33 157
906 33 132
925 33 137
926 33 146
929 33 137
934 33 159
937 33 144
938 33 150
941 33 133
947 33 136
949 33 120
951 33 132
952 33 151
954 33 140
960 33 145
961 33 136
966 33 145
970 33 126
972 33 133
973 33 115
974 33 141
976 33 137
978 33 142
979 33 148
990 33 132
991 33 138
992 33 145
995 33 153
997 33 135
999 33 124
1003 33 113
1004 33 146
1006 33 121
1007 33 130
1009 33 130
1021 33 114
1027 33 134
1034 33 123
1036 33 138
1037 33 116
1047 33 115
1050 33 146
1053 33 153
1059 33 143
1060 33 117
1066 33 138
1068 33 132
1076 33 129
1080 33 125
1089 33 118
1092 33 101
1095 33 132
1096 33 111
1097 33 128
1101 33 127
1115 33 124
1118 33 138
1125 33 122
1127 33 112
1129 33 133
1130 33 116
1137 33 119
1138 33 129
1139 33 114
1140 33 124
1142 33 131
1152 33 109
1154 33 100
1164 33 107
1165 33 102
1169 33 113
1170 33 114
1181 33 113
1182 33 114
1187 33 113
1193 33 131
1198 33 100
1216 33 102
1218 33 132
1219 33 109
1222 33 121
1229 33 115
1231 33 108
1233 33 106
1236 33 106
1239 33 91
1241 33 129
1251 33 91
1252 33 113
1260 33 103
1263 33 118
1264 33 121
1265 33 101
1267 33 115
1273 33 116
1274 33 103
1275 33 101
1278 33 112
1286 33 109
1288 33 112
1292 33 100
1293 33 81
1297 33 99
1310 33 101
1311 33 80
1312 33 101
1314 33 102
1315 33 97
1345 33 94
1357 33 82
1358 33 98
1366 33 100
1368 33 97
1369 33 80
1372 33 94
1373 33 98
1377 33 101
1378 33 121
1380 33 106
1388 33 78
1390 33 78
1397 33 96
1400 33 91
1420 33 83
1421 33 97
1424 33 83
1428 33 86
1429 33 93
1431 33 87
1448 33 100
1464 33 79
1469 33 79
1472 33 81
1479 33 66
1487 33 87
1491 33 62
1492 33 90
1493 33 71
1499 33 72
1518 33 79
1523 33 78
1531 33 69
1544 33 73
1548 33 68
1550 33 83
1554 33 72
1559 33 77
1563 33 63
1576 33 87
1581 33 66
1590 33 66
1594 33 64
1595 33 59
1598 33 78
1605 33 63
1611 33 65
1613 33 60
1614 33 69
1618 33 73
1622 33 69
1626 33 73
1632 33 66
1648 33 69
1651 33 58
1658 33 62
1662 33 58
1676 33 76
1685 33 60
1688 33 67
1689 33 74
1693 33 45
1698 33 49
1701 33 60
1703 33 66
1705 33 49
1717 33 59
1721 33 56
1731 33 50
1732 33 49
1734 33 60
1736 33 51
1739 33 48
1742 33 61
1752 33 56
1753 33 64
1761 33 47
1768 33 44
1782 33 60
1785 33 52
1796 33 69
1798 33 54
1799 33 42
1814 33 52
1817 33 55
1826 33 50
1830 33 47
1833 33 49
1836 33 51
1842 33 51
1855 33 55
1859 33 52
1860 33 46
1861 33 43
1874 33 48
1876 33 51
1879 33 44
1883 33 50
1889 33 45
1893 33 43
1895 33 45
1897 33 52
1902 33 50
1904 33 40
1909 33 50
1923 33 36
1925 33 46
1935 33 34
1939 33 40
1940 33 38
1943 33 38
1945 33 43
1957 33 39
1959 33 44
1963 33 33
1970 33 39
1977 33 55
1978 33 37
1979 33 34
1988 33 37
1997 33 26
1998 33 41
1999 33 52
2005 33 37
2006 33 25
2027 33 40
2030 33 27
2041 33 23
2045 33 36
2048 33 26
2050 33 42
2051 33 35
2054 33 37
2056 33 21
2057 33 31
2066 33 27
2068 33 31
2075 33 26
2087 33 34
2089 33 30
2090 33 23
2092 33 33
2094 33 33
2095 33 22
2101 33 25
2103 33 32
2104 33 28
2114 33 27
2155 33 14
2160 33 23
2166 33 30
2172 33 32
2193 33 24
2201 33 16
2206 33 23
2208 33 22
2213 33 24
2228 33 23
2229 33 26
2236 33 25
2240 33 27
2244 33 20
2258 33 20
2265 33 18
2267 33 25
2271 33 15
2281 33 20
2290 33 15
2292 33 18
2295 33 19
2300 33 25
2309 33 23
2318 33 18
2324 33 12
2328 33 17
2329 33 17
2334 33 29
2340 33 12
2348 33 22
2350 33 11
2351 33 22
2352 33 14
2357 33 18
2364 33 15
2369 33 15
2372 33 11
2373 33 10
2374 33 15
2381 33 17
2415 33 14
2431 33 12
2433 33 13
2449 33 15
2461 33 12
2487 33 5
2490 33 7
2496 33 14
2503 33 13
2512 33 9
2529 33 5
2566 33 5
2571 33 8
2580 33 10
2588 33 5
2596 33 6
2600 33 8
2607 33 10
2613 33 5
2619 33 6
2630 33 5
2636 33 8
2643 33 5
2648 33 6
2650 33 6
2657 33 4
2659 33 3
2664 33 6
2670 33 4
2671 33 5
2672 33 7
2678 33 7
2680 33 5
2682 33 2
2683 33 4
2687 33 5
2691 33 6
2695 33 3
2704 33 5
2707 33 5
2712 33 1
2716 33 5
2726 33 5
2739 33 5
2741 33 5
2742 33 4
2762 33 6
2777 33 3
2781 33 2
2786 33 1
2803 33 1
2804 33 1
2805 33 3
2809 33 6
2815 33 5
2816 33 4
2842 33 1
2866 33 2
2869 33 4
2873 33 1
2878 33 2
2888 33 3
2897 33 1
2915 33 1
2936 33 1
2937 33 2
2944 33 1
2945 33 1
2954 33 2
2963 33 1
2967 33 2
2985 33 1
2988 33 1
2 34 321
3 34 312
6 34 299
7 34 315
11 34 308
12 34 314
13 34 296
14 34 298
15 34 278
16 34 283
17 34 285
18 34 277
24 34 260
31 34 274
35 34 281
38 34 280
40 34 316
42 34 291
45 34 274
46 34 286
47 34 311
53 34 297
55 34 297
56 34 317
58 34 309
60 34 281
61 34 313
62 34 293
63 34 306
64 34 285
65 34 284
67 34 294
71 34 291
72 34 269
74 34 292
76 34 278
81 34 301
82 34 309
85 34 290
87 34 256
89 34 277
91 34 270
93 34 268
95 34 287
100 34 277
102 34 271
103 34 280
105 34 275
111 34 267
114 34 264
115 34 282
118 34 262
120 34 266
124 34 248
125 34 254
127 34 266
136 34 271
138 34 294
139 34 283
140 34 279
142 34 279
144 34 251
146 34 274
149 34 288
151 34 298
152 34 256
162 34 277
164 34 277
171 34 257
172 34 274
177 34 260
178 34 278
186 34 276
187 34 263
190 34 254
192 34 279
197 34 266
198 34 276
200 34 276
201 34 252
202 34 284
205 34 280
206 34 275
207 34 259
209 34 255
211 34 252
212 34 261
213 34 245
216 34 237
218 34 256
220 34 278
221 34 246
225 34 271
227 34 240
233 34 265
234 34 269
237 34 273
239 34 255
243 34 258
246 34 252
248 34 267
250 34 247
252 34 213
255 34 275
259 34 262
261 34 271
263 34 242
266 34 252
269 34 260
270 34 257
271 34 242
273 34 235
275 34 244
281 34 272
283 34 223
284 34 232
289 34 263
290 34 267
291 34 246
294 34 236
299 34 239
301 34 252
307 34 249
309 34 255
312 34 226
317 34 228
321 34 210
324 34 235
326 34 229
328 34 225
329 34 238
330 34 220
331 34 225
343 34 220
346 34 235
348 34 235
349 34 243
352 34 214
353 34 215
358 34 254
360 34 235
364 34 243
365 34 221
368 34 246
372 34 215
373 34 238
375 34 240
376 34 210
378 34 218
379 34 258
382 34 216
384 34 244
398 34 226
400 34 222
401 34 219
404 34 211
408 34 211
410 34 217
412 34 257
414 34 279
415 34 209
416 34 246
420 34 218
421 34 216
424 34 233
430 34 205
436 34 230
439 34 256
441 34 211
444 34 224
448 34 205
449 34 220
460 34 226
463 34 190
467 34 220
469 34 218
472 34 222
473 34 217
476 34 217
478 34 229
479 34 214
481 34 237
482 34 211
483 34 194
484 34 200
486 34 227
490 34 215
492 34 239
493 34 205
500 34 194
503 34 218
507 34 230
513 34 224
515 34 194
517 34 218
520 34 198
527 34 213
528 34 202
530 34 206
531 34 210
533 34 187
534 34 213
537 34 205
538 34 198
540 34 187
541 34 194
550 34 193
551 34 210
552 34 205
555 34 214
558 34 188
561 34 216
563 34 200
564 34 210
571 34 203
582 34 180
584 34 216
589 34 199
590 34 196
591 34 183
592 34 202
594 34 184
598 34 196
599 34 173
600 34 199
606 34 178
607 34 183
609 34 188
610 34 166
615 34 209
617 34 178
623 34 196
625 34 195
627 34 202
628 34 196
629 34 191
637 34 187
647 34 149
652 34 206
654 34 174
658 34 190
659 34 185
664 34 199
665 34 179
667 34 197
668 34 186
677 34 180
680 34 189
683 34 185
687 34 187
690 34 183
701 34 174
703 34 185
704 34 162
713 34 178
723 34 185
724 34 186
727 34 155
740 34 170
742 34 167
744 34 166
753 34 152
758 34 172
759 34 164
761 34 150
763 34 153
764 34 164
766 34 162
770 34 161
771 34 161
773 34 161
774 34 162
775 34 185
779 34 165
780 34 150
781 34 166
784 34 197
790 34 154
791 34 169
793 34 159
796 34 166
799 34 165
803 34 163
804 34 177
806 34 148
810 34 141
815 34 159
820 34 168
827 34 160
834 34 151
837 34 168
838 34 143
844 34 147
851 34 150
856 34 150
859 34 138
861 34 155
865 34 147
868 34 188
884 34 150
891 34 162
896 34 165
901 34 142
904 34 150
908 34 147
911 34 149
926 34 128
927 34 144
929 34 165
934 34 125
935 34 154
943 34 146
948 34 151
954 34 135
955 34 149
956 34 159
957 34 150
959 34 147
966 34 140
967 34 131
968 34 134
974 34 113
978 34 142
979 34 129
982 34 144
988 34 144
989 34 130
991 34 141
1001 34 142
1002 34 146
1006 34 133
1012 34 121
1016 34 151
1017 34 122
1021 34 137
1023 34 121
1030 34 138
1039 34 143
1040 34 122
1041 34 115
1049 34 137
1058 34 123
1061 34 118
1063 34 130
1066 34 124
1067 34 115
1083 34 136
1088 34 135
1091 34 149
1092 34 135
1095 34 118
1108 34 130
1112 34 122
1125 34 128
1126 34 121
1131 34 97
1135 34 122
1139 34 126
1145 34 104
1147 34 129
1150 34 115
1158 34 119
1159 34 101
1165 34 111
1169 34 113
1173 34 118
1175 34 110
1183 34 126
1186 34 102
1193 34 94
1194 34 101
1198 34 121
1202 34 119
1203 34 115
1209 34 89
1213 34 95
1214 34 105
1219 34 111
1227 34 99
1230 34 98
1236 34 118
1239 34 96
1241 34 104
1251 34 99
1258 34 115
1261 34 102
1274 34 103
1280 34 104
1282 34 93
1284 34 108
1288 34 92
1289 34 96
1291 34 103
1297 34 99
1310 34 95
1313 34 102
1315 34 96
1323 34 118
1330 34 96
1331 34 102
1332 34 107
1335 34 109
1336 34 90
1338 34 97
1352 34 107
1355 34 80
1360 34 83
1366 34 94
1369 34 88
1375 34 68
1378 34 95
1380 34 97
1412 34 76
1416 34 77
1419 34 81
1423 34 88
1428 34 89
1432 34 84
1434 34 89
1435 34 88
1438 34 78
1446 34 80
1448 34 86
1461 34 78
1462 34 78
1463 34 78
1464 34 90
1468 34 72
1469 34 88
1477 34 67
1478 34 76
1483 34 77
1490 34 70
1494 34 76
1495 34 77
1497 34 82
1502 34 81
1503 34 72
1507 34 78
1508 34 86
1520 34 75
1522 34 80
1523 34 72
1528 34 68
1536 34 89
1538 34 70
1540 34 59
1546 34 68
1547 34 74
1551 34 81
1553 34 65
1565 34 81
1567 34 68
1570 34 56
1575 34 78
1576 34 67
1588 34 83
1595 34 72
1601 34 68
1602 34 69
1606 34 68
1622 34 82
1633 34 76
1635 34 61
1637 34 59
1641 34 49
1648 34 58
1654 34 64
1658 34 63
1670 34 77
1684 34 56
1687 34 58
1690 34 64
1706 34 53
1709 34 63
1715 34 57
1719 34 52
1726 34 47
1728 34 59
1729 34 63
1732 34 50
1740 34 65
1743 34 55
1745 34 58
1749 34 44
1750 34 40
1755 34 45
1757 34 54
1762 34 43
1765 34 53
1766 34 49
1771 34 64
1773 34 45
1774 34 40
1777 34 58
1780 34 55
1785 34 55
1786 34 46
1790 34 49
1793 34 50
1798 34 45
1803 34 48
1807 34 56
1815 34 55
1819 34 47
1835 34 56
1842 34 56
1847 34 49
1859 34 54
1878 34 41
1880 34 44
1883 34 53
1889 34 56
1901 34 39
1902 34 47
1907 34 44
1910 34 33
1914 34 46
1922 34 49
1923 34 43
1934 34 49
1937 34 49
1940 34 40
1943 34 31
1944 34 49
1948 34 36
1953 34 38
1954 34 37
1957 34 42
1958 34 43
1962 34 33
1979 34 30
1983 34 47
1993 34 40
2000 34 33
2012 34 33
2021 34 24
2026 34 33
2027 34 46
2041 34 33
2044 34 40
2055 34 29
2060 34 35
2061 34 21
2065 34 35
2069 34 35
2070 34 32
2076 34 26
2089 34 26
2093 34 40
2099 34 33
2101 34 33
2103 34 41
2106 34 26
2109 34 34
2112 34 29
2113 34 30
2118 34 34
2119 34 27
2122 34 30
2125 34 37
2139 34 36
2150 34 22
2162 34 28
2164 34 19
2171 34 26
2181 34 24
2194 34 20
2205 34 32
2214 34 18
2229 34 28
2232 34 28
2237 34 27
2238 34 18
2244 34 23
2247 34 21
2254 34 20
2265 34 29
2268 34 20
2273 34 20
2276 34 20
2292 34 22
2304 34 17
2306 34 18
2310 34 15
2317 34 21
2320 34 19
2327 34 8
2328 34 14
2354 34 14
2361 34 11
2365 34 16
2366 34 17
2372 34 16
2374 34 21
2382 34 12
2383 34 12
2396 34 19
2398 34 11
2400 34 12
2402 34 12
2405 34 9
2416 34 14
2420 34 11
2422 34 10
2437 34 13
2441 34 7
2445 34 12
2446 34 11
2448 34 21
2453 34 10
2456 34 14
2458 34 8
2461 34 12
2470 34 13
2479 34 11
2481 34 14
2482 34 11
2483 34 9
2498 34 11
2501 34 16
2504 34 6
2509 34 11
2518 34 11
2520 34 12
2528 34 12
2537 34 11
2542 34 9
2546 34 7
2554 34 10
2555 34 8
2560 34 10
2583 34 11
2615 34 2
2619 34 3
2628 34 3
2640 34 4
2642 34 8
2644 34 5
2654 34 5
2669 34 6
2673 34 6
2682 34 2
2688 34 6
2703 34 1
2706 34 2
2709 34 2
2722 34 4
2726 34 6
2731 34 3
2755 34 2
2762 34 4
2764 34 5
2770 34 1
2777 34 3
2780 34 2
2782 34 4
2784 34 4
2794 34 3
2798 34 4
2799 34 3
2822 34 1
2823 34 2
2829 34 2
2830 34 4
2839 34 1
2851 34 1
2852 34 4
2884 34 3
2913 34 2
2918 34 1
2919 34 1
2924 34 1
2933 34 1
2959 34 1
2960 34 1
2965 34 1
2989 34 1
1 35 301
2 35 313
4 35 322
9 35 338
10 35 348
13 35 318
14 35 301
15 35 294
17 35 274
19 35 278
20 35 285
21 35 280
22 35 245
23 35 302
26 35 309
31 35 301
32 35 281
35 35 285
38 35 307
41 35 300
43 35 277
44 35 297
46 35 314
47 35 284
49 35 261
51 35 282
52 35 299
54 35 272
61 35 270
62 35 311
63 35 315
69 35 302
71 35 275
72 35 300
73 35 329
75 35 264
76 35 275
79 35 259
86 35 273
87 35 264
89 35 267
92 35 286
94 35 301
95 35 299
98 35 274
99 35 277
100 35 302
106 35 283
108 35 294
111 35 298
116 35 252
120 35 281
123 35 285
125 35 303
128 35 268
132 35 297
133 35 267
137 35 276
138 35 276
141 35 270
145 35 287
147 35 273
148 35 269
149 35 247
150 35 277
152 35 302
159 35 288
160 35 274
167 35 282
169 35 289
171 35 254
172 35 252
176 35 255
180 35 284
181 35 261
183 35 262
185 35 261
186 35 283
187 35 277
188 35 257
189 35 258
191 35 254
210 35 289
211 35 263
212 35 264
213 35 243
215 35 265
218 35 292
227 35 274
230 35 259
231 35 260
232 35 262
249 35 258
250 35 245
255 35 250
259 35 237
262 35 255
265 35 271
267 35 264
268 35 247
269 35 258
270 35 233
273 35 251
274 35 248
278 35 212
279 35 258
280 35 244
281 35 275
282 35 249
285 35 238
291 35 234
292 35 231
295 35 236
298 35 240
302 35 226
303 35 231
305 35 237
307 35 235
308 35 221
309 35 219
312 35 267
314 35 276
317 35 249
318 35 245
319 35 274
320 35 237
321 35 237
326 35 227
329 35 253
331 35 275
332 35 234
333 35 249
336 35 223
343 35 233
346 35 212
348 35 229
349 35 258
354 35 237
358 35 259
362 35 249
364 35 231
367 35 219
372 35 229
373 35 237
376 35 212
378 35 221
379 35 237
383 35 220
386 35 222
387 35 214
393 35 221
396 35 212
397 35 236
399 35 225
400 35 206
402 35 252
406 35 207
407 35 228
411 35 223
414 35 217
415 35 182
418 35 214
419 35 218
423 35 229
425 35 243
427 35 238
428 35 199
430 35 236
431 35 227
433 35 228
435 35 198
440 35 214
445 35 239
449 35 241
451 35 236
453 35 241
456 35 236
459 35 226
460 35 222
461 35 207
469 35 198
470 35 205
476 35 242
481 35 205
482 35 191
484 35 196
488 35 194
489 35 223
490 35 209
491 35 216
492 35 189
493 35 235
496 35 221
500 35 205
504 35 210
506 35 208
507 35 219
508 35 219
509 35 218
513 35 204
521 35 207
529 35 198
533 35 208
536 35 187
537 35 204
538 35 205
543 35 201
544 35 194
550 35 215
551 35 198
559 35 202
561 35 200
569 35 203
571 35 192
573 35 209
587 35 199
589 35 172
594 35 181
595 35 177
598 35 187
604 35 210
623 35 173
630 35 186
636 35 180
643 35 204
647 35 172
649 35 198
653 35 203
654 35 182
655 35 168
657 35 186
662 35 179
663 35 206
667 35 174
674 35 168
676 35 184
678 35 167
681 35 177
682 35 176
683 35 172
689 35 179
697 35 182
699 35 193
701 35 137
705 35 160
709 35 196
711 35 198
719 35 195
720 35 204
721 35 170
731 35 173
734 35 157
735 35 170
742 35 154
743 35 194
746 35 143
749 35 183
751 35 170
755 35 172
756 35 174
760 35 161
767 35 183
774 35 170
782 35 179
785 35 174
795 35 151
801 35 152
804 35 134
809 35 156
813 35 150
816 35 185
817 35 167
820 35 153
832 35 140
833 35 182
840 35 138
844 35 140
846 35 151
851 35 158
854 35 162
859 35 136
860 35 161
868 35 174
869 35 138
874 35 161
879 35 157
883 35 159
884 35 161
888 35 165
908 35 150
913 35 143
914 35 127
923 35 141
926 35 150
927 35 140
931 35 148
933 35 141
937 35 148
943 35 141
945 35 143
949 35 147
958 35 143
966 35 138
970 35 134
973 35 124
983 35 122
986 35 148
995 35 116
996 35 137
1004 35 134
1006 35 134
1009 35 121
1018 35 127
1028 35 124
1037 35 136
1043 35 125
1046 35 151
1055 35 148
1058 35 109
1059 35 124
1060 35 125
1070 35 157
1071 35 143
1079 35 134
1084 35 120
1088 35 120
1092 35 115
1097 35 127
1099 35 145
1103 35 126
1109 35 111
1110 35 124
1113 35 150
1114 35 110
1117 35 133
1120 35 126
1122 35 131
1136 35 126
1140 35 124
1145 35 126
1152 35 111
1155 35 118
1156 35 116
1158 35 126
1163 35 113
1164 35 102
1166 35 113
1184 35 113
1188 35 132
1190 35 114
1192 35 139
1194 35 120
1197 35 115
1198 35 128
1205 35 106
1209 35 111
1211 35 118
1217 35 101
1223 35 119
1224 35 95
1230 35 109
1234 35 100
1238 35 111
1246 35 101
1253 35 108
1257 35 100
1258 35 95
1260 35 108
1265 35 119
1269 35 106
1271 35 110
1272 35 119
1277 35 117
1278 35 109
1281 35 102
1287 35 122
1289 35 91
1290 35 108
1300 35 117
1302 35 102
1306 35 102
1315 35 94
1319 35 110
1320 35 90
1324 35 94
1328 35 105
1330 35 95
1336 35 106
1337 35 111
1340 35 95
1341 35 112
1342 35 109
1348 35 94
1350 35 88
1352 35 92
1360 35 99
1363 35 99
1366 35 90
1378 35 105
1388 35 98
1389 35 98
1391 35 105
1392 35 90
1395 35 75
1398 35 88
1406 35 92
1411 35 99
1417 35 82
1432 35 70
1437 35 84
1447 35 69
1451 35 89
1466 35 91
1489 35 76
1493 35 87
1495 35 99
1496 35 75
1502 35 70
1505 35 74
1516 35 70
1518 35 57
1521 35 73
1526 35 60
1529 35 89
1533 35 74
1534 35 72
1541 35 83
1545 35 70
1547 35 81
1548 35 75
1555 35 77
1558 35 89
1563 35 69
1567 35 81
1575 35 66
1586 35 68
1590 35 67
1593 35 60
1600 35 63
1606 35 51
1608 35 65
1612 35 55
1616 35 65
1626 35 69
1634 35 57
1640 35 62
1645 35 72
1684 35 66
1686 35 63
1687 35 62
1689 35 56
1693 35 44
1702 35 58
1715 35 50
1717 35 53
1722 35 62
1729 35 55
1737 35 57
1740 35 51
1745 35 53
1756 35 59
1757 35 56
1767 35 53
1775 35 44
1779 35 46
1782 35 55
1789 35 47
1799 35 47
1803 35 52
1808 35 61
1809 35 52
1814 35 52
1823 35 44
1824 35 48
1826 35 52
1830 35 40
1834 35 65
1842 35 52
1844 35 36
1848 35 37
1853 35 48
1861 35 43
1862 35 41
1872 35 40
1873 35 38
1876 35 39
1881 35 45
1883 35 47
1891 35 46
1893 35 54
1897 35 48
1904 35 38
1907 35 41
1908 35 48
1910 35 40
1911 35 48
1927 35 52
1930 35 47
1945 35 35
1947 35 33
1956 35 42
1964 35 25
1966 35 35
1970 35 36
1973 35 34
1976 35 39
1985 35 49
1993 35 43
2010 35 33
2032 35 28
2038 35 31
2044 35 31
2045 35 30
2048 35 19
2054 35 33
2058 35 31
2061 35 23
2069 35 37
2078 35 28
2094 35 21
2109 35 26
2112 35 30
2116 35 19
2121 35 22
2134 35 24
2135 35 33
2141 35 30
2160 35 24
2167 35 22
2177 35 20
2179 35 26
2185 35 26
2187 35 26
2211 35 21
2213 35 14
2220 35 22
2227 35 26
2235 35 15
2236 35 20
2237 35 13
2257 35 18
2259 35 21
2264 35 19
2266 35 16
2267 35 18
2285 35 16
2290 35 20
2294 35 21
2299 35 15
2312 35 16
2321 35 19
2344 35 16
2347 35 22
2349 35 18
2364 35 14
2367 35 16
2371 35 11
2376 35 16
2377 35 18
2384 35 13
2399 35 18
2410 35 16
2411 35 17
2433 35 12
2435 35 15
2437 35 17
2439 35 9
2442 35 6
2451 35 13
2457 35 11
2466 35 18
2482 35 12
2489 35 12
2501 35 17
2509 35 12
2511 35 13
2514 35 11
2534 35 12
2535 35 14
2539 35 10
2540 35 7
2557 35 8
2561 35 14
2568 35 8
2572 35 6
2575 35 7
2587 35 9
2594 35 8
2595 35 11
2613 35 5
2618 35 8
2626 35 5
2628 35 7
2661 35 6
2674 35 7
2676 35 6
2691 35 4
2700 35 3
2704 35 6
2723 35 5
2725 35 3
2738 35 2
2742 35 3
2749 35 4
2764 35 2
2777 35 3
2797 35 2
2825 35 2
2830 35 2
2831 35 1
2832 35 1
2857 35 2
2861 35 1
2884 35 2
2890 35 1
2901 35 1
2906 35 1
2911 35 1
2931 35 1
2960 35 1
2971 35 1
2975 35 1
2980 35 1
2982 35 3
2991 35 1
2992 35 1
2996 35 1
2998 35 1
7 36 286
9 36 292
10 36 271
16 36 340
17 36 308
20 36 317
22 36 281
23 36 322
25 36 280
26 36 285
27 36 281
29 36 323
30 36 290
31 36 286
32 36 302
33 36 273
34 36 306
38 36 276
43 36 284
45 36 289
47 36 296
49 36 266
51 36 289
53 36 285
54 36 281
59 36 274
66 36 277
68 36 333
70 36 277
71 36 296
72 36 301
73 36 292
74 36 310
75 36 289
77 36 299
79 36 304
82 36 251
83 36 291
87 36 265
91 36 314
92 36 297
93 36 283
94 36 281
96 36 304
99 36 306
103 36 277
104 36 264
107 36 285
108 36 263
112 36 232
115 36 248
116 36 284
119 36 286
122 36 284
123 36 300
124 36 265
125 36 265
130 36 285
131 36 253
132 36 301
136 36 276
140 36 294
142 36 278
143 36 262
144 36 249
147 36 293
151 36 287
152 36 289
153 36 255
154 36 253
155 36 266
159 36 260
161 36 295
162 36 282
164 36 276
165 36 258
169 36 270
171 36 277
173 36 267
176 36 260
181 36 276
184 36 251
185 36 248
187 36 253
189 36 272
193 36 258
194 36 254
197 36 260
198 36 291
202 36 277
206 36 266
209 36 262
212 36 277
215 36 263
216 36 249
217 36 246
219 36 278
220 36 231
223 36 262
225 36 234
227 36 254
229 36 245
231 36 261
233 36 262
234 36 266
240 36 249
248 36 242
249 36 214
252 36 235
253 36 248
254 36 293
256 36 260
263 36 255
265 36 242
271 36 240
272 36 235
276 36 245
277 36 242
279 36 233
283 36 234
285 36 223
287 36 246
289 36 251
290 36 223
291 36 240
292 36 265
294 36 255
296 36 243
299 36 263
300 36 252
303 36 244
307 36 256
309 36 239
315 36 251
318 36 234
319 36 241
326 36 228
329 36 254
330 36 240
333 36 257
343 36 229
344 36 237
345 36 223
346 36 242
350 36 237
355 36 214
356 36 263
358 36 239
373 36 243
376 36 236
377 36 194
381 36 261
384 36 234
386 36 216
391 36 235
395 36 224
396 36 248
401 36 215
402 36 218
407 36 219
408 36 205
415 36 247
417 36 213
418 36 215
419 36 224
424 36 237
426 36 226
427 36 214
429 36 237
433 36 220
434 36 220
436 36 227
438 36 221
439 36 232
441 36 210
442 36 214
443 36 264
444 36 235
450 36 204
453 36 225
463 36 227
467 36 229
469 36 218
473 36 224
476 36 196
485 36 187
487 36 204
496 36 202
497 36 211
498 36 206
500 36 240
502 36 227
504 36 190
506 36 203
512 36 188
514 36 231
516 36 191
517 36 199
526 36 233
528 36 191
529 36 193
532 36 208
534 36 178
535 36 227
538 36 205
541 36 217
543 36 216
544 36 199
546 36 198
547 36 202
548 36 203
550 36 204
551 36 221
552 36 211
556 36 197
557 36 206
559 36 188
560 36 203
561 36 222
562 36 206
563 36 185
565 36 193
568 36 198
569 36 200
571 36 208
573 36 194
574 36 179
576 36 206
580 36 201
582 36 192
585 36 189
588 36 185
596 36 193
597 36 206
598 36 196
599 36 201
601 36 182
602 36 192
605 36 217
606 36 190
611 36 181
622 36 196
623 36 200
624 36 181
627 36 205
629 36 190
630 36 179
631 36 176
635 36 199
636 36 179
637 36 207
638 36 195
644 36 210
650 36 186
651 36 183
654 36 200
655 36 183
657 36 162
661 36 178
665 36 208
666 36 179
667 36 175
669 36 164
674 36 185
676 36 187
677 36 170
679 36 196
682 36 176
684 36 184
686 36 176
688 36 180
693 36 206
696 36 170
697 36 174
699 36 178
702 36 166
704 36 178
706 36 162
712 36 182
713 36 179
716 36 181
720 36 169
722 36 164
723 36 186
724 36 171
726 36 162
729 36 202
732 36 151
734 36 189
737 36 171
741 36 184
743 36 199
750 36 145
757 36 156
761 36 165
763 36 151
770 36 177
772 36 169
786 36 154
788 36 163
790 36 161
794 36 167
796 36 171
807 36 152
808 36 156
809 36 165
812 36 148
818 36 160
822 36 154
831 36 147
832 36 198
846 36 128
854 36 167
859 36 152
869 36 155
874 36 130
876 36 158
877 36 168
883 36 148
884 36 162
887 36 167
889 36 159
891 36 142
896 36 169
897 36 136
900 36 182
901 36 152
904 36 138
910 36 137
912 36 169
913 36 139
917 36 142
919 36 146
920 36 132
923 36 118
927 36 136
928 36 143
931 36 173
940 36 153
945 36 148
948 36 142
951 36 153
952 36 137
953 36 150
955 36 141
958 36 130
960 36 132
965 36 140
969 36 158
974 36 126
976 36 156
978 36 130
982 36 130
983 36 137
989 36 153
998 36 129
1000 36 127
1001 36 125
1003 36 118
1005 36 119
1009 36 128
1012 36 119
1016 36 121
1017 36 130
1027 36 130
1031 36 123
1033 36 110
1037 36 141
1051 36 114
1052 36 120
1068 36 137
1069 36 124
1080 36 150
1083 36 109
1088 36 125
1092 36 96
1095 36 112
1096 36 126
1107 36 117
1109 36 137
1114 36 99
1116 36 121
1117 36 123
1119 36 117
1125 36 115
1132 36 106
1133 36 135
1136 36 142
1137 36 130
1142 36 116
1152 36 104
1153 36 121
1155 36 119
1157 36 102
1158 36 113
1159 36 118
1160 36 115
1164 36 100
1168 36 115
1171 36 120
1172 36 122
1179 36 115
1180 36 96
1183 36 121
1186 36 99
1194 36 106
1196 36 108
1197 36 114
1199 36 127
1203 36 126
1207 36 100
1210 36 117
1215 36 97
1226 36 98
1227 36 101
1241 36 119
1242 36 109
1247 36 94
1249 36 98
1251 36 100
1255 36 107
1256 36 108
1260 36 87
1261 36 110
1265 36 103
1273 36 93
1275 36 103
1280 36 104
1286 36 83
1301 36 117
1304 36 99
1310 36 98
1312 36 92
1314 36 102
1316 36 118
1322 36 80
1324 36 105
1329 36 112
1332 36 97
1333 36 84
1337 36 80
1344 36 94
1345 36 91
1352 36 105
1360 36 99
1361 36 92
1363 36 82
1367 36 82
1368 36 86
1372 36 100
1377 36 86
1383 36 92
1384 36 91
1390 36 100
1396 36 92
1399 36 70
1401 36 92
1414 36 97
1423 36 90
1424 36 96
1425 36 111
1427 36 87
1428 36 84
1437 36 94
1438 36 107
1444 36 93
1457 36 74
1460 36 68
1463 36 72
1465 36 70
1466 36 87
1472 36 72
1479 36 80
1482 36 82
1486 36 80
1488 36 67
1493 36 87
1496 36 81
1500 36 75
1502 36 63
1505 36 75
1510 36 70
1526 36 71
1539 36 77
1540 36 84
1550 36 71
1555 36 76
1556 36 80
1557 36 82
1558 36 63
1561 36 76
1562 36 67
1575 36 70
1579 36 84
1590 36 66
1593 36 59
1600 36 64
1602 36 67
1608 36 65
1613 36 71
1622 36 59
1630 36 70
1637 36 76
1639 36 79
1641 36 58
1647 36 55
1660 36 63
1682 36 77
1689 36 61
1700 36 52
1702 36 69
1704 36 70
1706 36 63
1707 36 57
1709 36 60
1717 36 71
1721 36 55
1726 36 47
1730 36 65
1734 36 49
1741 36 63
1749 36 50
1760 36 47
1761 36 47
1764 36 53
1765 36 44
1766 36 46
1769 36 52
1777 36 67
1786 36 42
1791 36 48
1794 36 50
1795 36 48
1796 36 50
1810 36 52
1812 36 60
1820 36 56
1842 36 42
1846 36 47
1853 36 46
1861 36 38
1865 36 36
1866 36 33
1870 36 47
1871 36 45
1883 36 45
1884 36 48
1886 36 50
1888 36 41
1893 36 41
1910 36 29
1912 36 43
1925 36 41
1931 36 44
1933 36 40
1936 36 42
1938 36 25
1948 36 38
1949 36 40
1950 36 46
1954 36 47
1961 36 38
1963 36 47
1967 36 31
1968 36 44
1980 36 42
1981 36 40
1984 36 39
1992 36 39
1994 36 33
2003 36 35
2008 36 34
2019 36 26
2028 36 30
2038 36 34
2042 36 39
2053 36 31
2058 36 33
2067 36 26
2072 36 31
2077 36 28
2079 36 31
2082 36 26
2094 36 32
2106 36 26
2110 36 23
2134 36 23
2139 36 27
2144 36 27
2148 36 28
2155 36 27
2156 36 29
2157 36 25
2159 36 27
2160 36 24
2162 36 28
2192 36 19
2196 36 21
2197 36 32
2204 36 20
2206 36 25
2221 36 24
2223 36 16
2232 36 30
2251 36 23
2283 36 15
2304 36 16
2305 36 11
2320 36 15
2334 36 13
2349 36 21
2365 36 19
2388 36 11
2399 36 14
2406 36 10
2416 36 12
2419 36 13
2426 36 11
2435 36 11
2436 36 13
2438 36 16
2440 36 14
2456 36 13
2464 36 10
2476 36 12
2483 36 8
2486 36 7
2490 36 10
2497 36 12
2500 36 18
2506 36 8
2521 36 9
2540 36 7
2541 36 9
2542 36 9
2551 36 10
2556 36 12
2563 36 8
2579 36 5
2586 36 10
2589 36 8
2595 36 6
2628 36 10
2636 36 3
2669 36 5
2673 36 4
2681 36 7
2697 36 6
2700 36 5
2702 36 7
2711 36 5
2728 36 4
2736 36 2
2745 36 5
2747 36 3
2780 36 2
2792 36 3
2797 36 3
2804 36 5
2816 36 3
2818 36 3
2836 36 1
2838 36 3
2840 36 2
2845 36 4
2847 36 2
2859 36 2
2862 36 1
2869 36 3
2875 36 4
2877 36 1
2890 36 1
2897 36 2
2925 36 1
2935 36 2
2942 36 2
2961 36 2
2962 36 1
2964 36 1
2965 36 1
2971 36 1
2976 36 1
2994 36 1
4 37 286
6 37 315
10 37 293
11 37 297
12 37 280
13 37 279
15 37 313
19 37 321
21 37 290
22 37 291
23 37 277
25 37 253
26 37 318
27 37 306
31 37 325
35 37 310
38 37 270
40 37 304
41 37 297
42 37 286
43 37 280
48 37 271
51 37 270
52 37 297
53 37 314
54 37 282
58 37 289
60 37 285
63 37 277
69 37 271
72 37 296
73 37 256
74 37 288
75 37 276
78 37 292
81 37 282
89 37 294
91 37 261
93 37 267
101 37 295
103 37 267
104 37 281
107 37 279
108 37 314
111 37 283
112 37 282
113 37 315
114 37 296
117 37 305
121 37 280
124 37 253
126 37 274
131 37 308
132 37 245
134 37 275
136 37 280
137 37 270
142 37 270
144 37 274
145 37 275
150 37 270
151 37 274
153 37 263
154 37 271
156 37 281
157 37 282
158 37 253
159 37 280
163 37 246
164 37 269
165 37 265
168 37 315
169 37 260
170 37 260
171 37 275
173 37 308
180 37 259
186 37 271
187 37 249
192 37 279
193 37 266
197 37 239
198 37 249
199 37 267
203 37 273
204 37 269
205 37 262
210 37 258
215 37 260
227 37 255
232 37 245
233 37 249
240 37 249
242 37 246
244 37 263
246 37 263
249 37 263
253 37 250
256 37 239
257 37 274
259 37 269
271 37 261
273 37 256
275 37 263
278 37 255
283 37 240
287 37 232
289 37 235
291 37 265
295 37 264
297 37 242
299 37 243
301 37 239
303 37 243
305 37 229
306 37 251
308 37 239
309 37 264
310 37 262
311 37 222
319 37 261
320 37 238
321 37 215
325 37 248
326 37 231
330 37 212
333 37 228
339 37 243
342 37 227
343 37 218
346 37 219
348 37 247
358 37 226
360 37 239
361 37 238
363 37 238
370 37 224
371 37 219
374 37 230
381 37 226
384 37 213
385 37 236
389 37 239
391 37 223
394 37 233
397 37 206
399 37 203
402 37 222
403 37 229
404 37 225
406 37 239
408 37 221
409 37 250
413 37 226
421 37 243
424 37 207
427 37 232
428 37 234
429 37 213
430 37 228
433 37 240
440 37 215
445 37 235
449 37 210
453 37 212
454 37 200
457 37 186
460 37 212
462 37 230
466 37 216
469 37 231
470 37 222
473 37 218
477 37 214
486 37 201
489 37 199
490 37 227
493 37 185
494 37 210
495 37 200
497 37 230
499 37 209
500 37 186
501 37 212
505 37 215
509 37 187
513 37 197
517 37 205
519 37 206
521 37 221
522 37 195
523 37 198
527 37 212
528 37 196
529 37 180
530 37 189
533 37 211
535 37 211
537 37 218
540 37 214
542 37 197
549 37 185
558 37 241
560 37 193
562 37 195
571 37 195
573 37 191
574 37 177
575 37 208
577 37 218
580 37 180
582 37 184
584 37 185
590 37 199
593 37 192
594 37 180
596 37 182
598 37 193
602 37 188
603 37 207
606 37 208
612 37 198
614 37 188
619 37 220
621 37 181
622 37 182
626 37 179
627 37 174
629 37 188
637 37 187
638 37 197
640 37 208
641 37 179
642 37 192
646 37 177
647 37 184
649 37 212
650 37 155
652 37 186
654 37 184
655 37 155
659 37 191
660 37 181
664 37 173
667 37 168
669 37 200
674 37 178
676 37 179
677 37 200
681 37 178
682 37 164
688 37 201
690 37 191
711 37 191
712 37 210
717 37 174
718 37 175
719 37 183
720 37 202
721 37 164
722 37 188
724 37 192
728 37 176
740 37 155
742 37 169
743 37 173
745 37 174
746 37 177
748 37 164
753 37 160
754 37 192
756 37 177
761 37 185
766 37 160
768 37 157
776 37 203
777 37 183
778 37 170
784 37 170
786 37 178
787 37 176
788 37 145
794 37 190
799 37 167
801 37 171
803 37 146
804 37 185
805 37 164
810 37 161
812 37 187
815 37 174
822 37 170
827 37 169
829 37 160
831 37 172
832 37 173
833 37 144
835 37 137
839 37 160
840 37 192
841 37 152
844 37 161
846 37 156
853 37 150
856 37 147
857 37 139
858 37 136
861 37 163
867 37 182
869 37 158
873 37 152
874 37 129
876 37 156
878 37 156
880 37 165
886 37 160
889 37 136
893 37 161
905 37 144
907 37 142
909 37 146
911 37 134
914 37 135
921 37 161
922 37 145
927 37 137
932 37 149
941 37 141
943 37 132
945 37 135
949 37 148
950 37 136
953 37 136
955 37 143
956 37 134
961 37 143
962 37 125
972 37 150
974 37 142
977 37 120
981 37 137
983 37 153
986 37 137
991 37 126
992 37 126
993 37 130
994 37 124
996 37 132
997 37 138
998 37 128
1003 37 143
1004 37 166
1006 37 139
1007 37 134
1011 37 130
1012 37 135
1014 37 121
1017 37 143
1018 37 149
1019 37 116
1021 37 124
1030 37 140
1052 37 141
1056 37 130
1057 37 135
1058 37 137
1065 37 118
1071 37 123
1076 37 133
1097 37 146
1100 37 119
1111 37 138
1114 37 126
1115 37 103
1116 37 111
1120 37 126
1122 37 116
1124 37 109
1129 37 109
1130 37 108
1134 37 130
1137 37 128
1145 37 97
1148 37 107
1164 37 123
1166 37 112
1169 37 115
1173 37 107
1177 37 108
1180 37 86
1181 37 113
1183 37 108
1190 37 106
1194 37 96
1196 37 116
1197 37 99
1200 37 111
1211 37 110
1213 37 88
1214 37 119
1220 37 99
1228 37 108
1230 37 94
1233 37 106
1235 37 97
1246 37 117
1250 37 93
1257 37 114
1262 37 115
1273 37 92
1276 37 89
1277 37 108
1279 37 100
1280 37 93
1282 37 114
1294 37 98
1300 37 95
1313 37 88
1314 37 108
1317 37 96
1324 37 89
1329 37 89
1333 37 97
1338 37 89
1341 37 75
1347 37 74
1352 37 84
1353 37 93
1356 37 97
1357 37 76
1369 37 86
1377 37 71
1382 37 106
1385 37 76
1398 37 96
1423 37 96
1428 37 87
1435 37 79
1437 37 72
1438 37 85
1442 37 86
1444 37 90
1450 37 83
1451 37 73
1458 37 83
1459 37 88
1462 37 86
1463 37 81
1470 37 81
1478 37 76
1482 37 75
1483 37 80
1484 37 91
1486 37 83
1487 37 93
1488 37 80
1489 37 95
1500 37 80
1501 37 87
1502 37 78
1503 37 70
1506 37 81
1525 37 69
1526 37 76
1529 37 87
1545 37 69
1551 37 66
1554 37 73
1557 37 82
1561 37 65
1565 37 65
1568 37 67
1579 37 60
1580 37 83
1583 37 88
1596 37 66
1613 37 61
1614 37 72
1615 37 60
1620 37 69
1631 37 53
1640 37 69
1644 37 81
1657 37 69
1661 37 72
1665 37 56
1670 37 64
1671 37 65
1674 37 60
1683 37 74
1685 37 67
1687 37 68
1694 37 58
1698 37 53
1701 37 53
1705 37 71
1710 37 51
1714 37 63
1715 37 45
1720 37 66
1721 37 67
1728 37 52
1732 37 62
1733 37 63
1736 37 67
1737 37 65
1740 37 67
1753 37 51
1756 37 45
1758 37 49
1766 37 35
1772 37 50
1773 37 50
1774 37 52
1775 37 59
1776 37 57
1778 37 44
1793 37 46
1804 37 47
1805 37 50
1807 37 49
1826 37 45
1833 37 45
1845 37 52
1847 37 47
1856 37 42
1862 37 37
1864 37 42
1867 37 44
1870 37 58
1874 37 43
1876 37 43
1877 37 43
1880 37 38
1882 37 47
1883 37 51
1886 37 40
1895 37 53
1903 37 38
1907 37 43
1908 37 30
1915 37 37
1916 37 39
1921 37 39
1924 37 46
1925 37 46
1926 37 42
1932 37 34
1949 37 51
1953 37 41
1968 37 27
1970 37 42
1971 37 31
1972 37 33
1977 37 43
1978 37 36
1982 37 39
1985 37 28
1989 37 33
1992 37 40
1998 37 39
2004 37 35
2007 37 30
2008 37 40
2012 37 26
2019 37 37
2023 37 39
2027 37 40
2034 37 37
2035 37 41
2036 37 44
2051 37 32
2054 37 29
2077 37 29
2097 37 33
2104 37 26
2119 37 34
2120 37 28
2128 37 27
2145 37 34
2171 37 28
2185 37 28
2187 37 28
2189 37 24
2193 37 26
2196 37 27
2203 37 26
2209 37 24
2215 37 22
2230 37 16
2234 37 17
2248 37 26
2261 37 28
2263 37 20
2275 37 12
2278 37 16
2293 37 18
2294 37 17
2299 37 20
2304 37 13
2318 37 18
2327 37 20
2344 37 14
2345 37 16
2355 37 20
2377 37 11
2381 37 12
2390 37 16
2391 37 17
2407 37 10
2412 37 15
2419 37 12
2424 37 13
2433 37 11
2437 37 15
2457 37 10
2458 37 10
2463 37 10
2464 37 10
2471 37 8
2474 37 12
2502 37 10
2534 37 6
2545 37 13
2560 37 9
2571 37 6
2578 37 9
2585 37 6
2592 37 7
2611 37 6
2633 37 5
2651 37 7
2652 37 5
2654 37 3
2659 37 7
2665 37 7
2671 37 5
2676 37 6
2677 37 4
2682 37 5
2688 37 5
2697 37 6
2701 37 8
2713 37 7
2726 37 6
2757 37 8
2759 37 3
2763 37 4
2766 37 5
2767 37 5
2768 37 3
2775 37 3
2787 37 3
2796 37 1
2801 37 5
2802 37 4
2804 37 3
2833 37 2
2842 37 2
2844 37 1
2849 37 2
2852 37 4
2859 37 2
2873 37 1
2875 37 3
2876 37 2
2892 37 2
2902 37 1
2905 37 1
2909 37 2
2911 37 1
2929 37 2
2932 37 1
2934 37 3
2948 37 1
2951 37 1
2975 37 1
2976 37 1
2978 37 1
2980 37 1
2983 37 1
2985 37 1
2999 37 1
0 38 301
2 38 283
6 38 292
7 38 293
9 38 309
18 38 248
19 38 314
22 38 290
23 38 287
26 38 335
27 38 291
30 38 259
32 38 320
35 38 261
37 38 293
44 38 278
51 38 277
52 38 285
54 38 271
56 38 296
57 38 308
58 38 277
59 38 297
61 38 318
65 38 287
67 38 293
70 38 269
72 38 310
74 38 279
77 38 292
78 38 279
82 38 292
86 38 285
87 38 281
91 38 280
92 38 281
93 38 277
94 38 315
96 38 262
99 38 296
101 38 305
108 38 261
109 38 287
113 38 282
114 38 270
116 38 281
120 38 278
124 38 262
126 38 282
127 38 278
128 38 299
129 38 281
130 38 275
133 38 280
134 38 279
135 38 271
137 38 267
140 38 271
147 38 275
150 38 247
154 38 259
155 38 265
159 38 257
163 38 231
164 38 259
168 38 303
170 38 267
171 38 257
172 38 259
173 38 279
174 38 284
175 38 280
176 38 284
178 38 270
180 38 279
181 38 282
185 38 283
186 38 269
187 38 277
188 38 273
191 38 295
192 38 283
194 38 268
195 38 256
196 38 264
198 38 249
200 38 287
203 38 232
204 38 306
210 38 268
212 38 248
219 38 254
221 38 246
223 38 245
225 38 237
227 38 242
230 38 281
233 38 265
240 38 250
241 38 255
243 38 251
246 38 275
247 38 236
250 38 250
251 38 239
253 38 247
258 38 277
259 38 261
261 38 252
266 38 250
273 38 262
274 38 268
275 38 268
284 38 239
285 38 224
286 38 279
289 38 230
292 38 255
294 38 249
295 38 252
297 38 236
302 38 242
303 38 231
306 38 238
308 38 239
309 38 222
312 38 222
314 38 247
315 38 256
319 38 245
324 38 253
325 38 240
328 38 223
329 38 253
330 38 233
334 38 210
335 38 239
337 38 236
341 38 228
342 38 242
343 38 232
344 38 242
345 38 220
346 38 240
347 38 265
348 38 227
349 38 234
354 38 228
356 38 220
357 38 212
359 38 254
361 38 234
362 38 239
364 38 223
366 38 232
367 38 222
368 38 214
372 38 243
373 38 200
374 38 228
377 38 224
379 38 266
386 38 216
387 38 232
389 38 230
392 38 212
393 38 229
394 38 218
395 38 231
397 38 214
400 38 209
401 38 225
402 38 240
405 38 227
407 38 225
410 38 219
412 38 266
415 38 246
418 38 189
425 38 232
426 38 218
430 38 227
431 38 244
432 38 229
435 38 217
436 38 240
437 38 217
441 38 238
448 38 215
450 38 205
459 38 205
461 38 209
465 38 235
469 38 234
471 38 198
472 38 213
474 38 230
475 38 172
479 38 208
482 38 198
487 38 207
493 38 211
494 38 212
496 38 199
498 38 225
499 38 198
500 38 210
503 38 209
505 38 191
507 38 226
511 38 207
514 38 186
516 38 202
518 38 198
520 38 203
521 38 215
524 38 228
528 38 200
531 38 206
532 38 206
533 38 217
535 38 188
541 38 196
544 38 201
546 38 218
556 38 194
559 38 199
560 38 199
567 38 185
568 38 197
570 38 196
572 38 191
585 38 183
586 38 193
587 38 159
590 38 207
593 38 199
597 38 195
601 38 201
603 38 208
608 38 201
609 38 187
611 38 179
613 38 189
614 38 191
617 38 180
619 38 192
622 38 190
625 38 194
628 38 190
630 38 200
633 38 201
635 38 191
636 38 169
637 38 198
642 38 201
644 38 205
645 38 225
648 38 175
649 38 183
652 38 172
653 38 188
654 38 173
656 38 182
663 38 163
668 38 203
670 38 204
671 38 187
672 38 161
673 38 154
674 38 201
677 38 185
679 38 189
680 38 185
681 38 160
685 38 155
686 38 169
691 38 195
695 38 181
700 38 180
701 38 195
703 38 171
707 38 184
711 38 165
713 38 158
716 38 198
717 38 164
718 38 156
725 38 164
727 38 179
730 38 170
735 38 187
744 38 169
745 38 141
746 38 188
750 38 158
753 38 177
757 38 172
758 38 165
762 38 150
763 38 188
770 38 155
773 38 179
776 38 162
778 38 204
785 38 144
788 38 189
804 38 152
805 38 165
806 38 155
809 38 157
811 38 195
812 38 146
817 38 157
820 38 174
822 38 155
826 38 154
837 38 153
841 38 165
843 38 159
847 38 155
850 38 154
856 38 152
863 38 151
866 38 154
868 38 143
872 38 151
873 38 161
874 38 134
875 38 169
877 38 139
879 38 153
888 38 140
901 38 155
905 38 157
909 38 156
910 38 138
912 38 133
915 38 145
917 38 128
922 38 164
923 38 134
928 38 151
940 38 145
947 38 149
954 38 140
955 38 140
957 38 154
969 38 132
971 38 151
975 38 135
981 38 170
985 38 137
986 38 143
991 38 132
994 38 141
995 38 128
1000 38 128
1002 38 125
1011 38 148
1017 38 135
1019 38 128
1023 38 146
1031 38 125
1035 38 136
1040 38 165
1048 38 123
1049 38 107
1054 38 130
1058 38 135
1062 38 139
1065 38 137
1066 38 131
1067 38 140
1072 38 142
1075 38 145
1076 38 124
1080 38 113
1082 38 106
1084 38 129
1092 38 123
1094 38 125
1101 38 127
1105 38 113
1109 38 108
1113 38 112
1122 38 124
1123 38 127
1133 38 112
1137 38 125
1140 38 130
1146 38 107
1149 38 122
1158 38 132
1160 38 90
1162 38 127
1163 38 116
1164 38 118
1165 38 115
1167 38 106
1173 38 108
1174 38 111
1177 38 120
1179 38 118
1184 38 112
1195 38 111
1198 38 119
1209 38 121
1211 38 124
1215 38 98
1222 38 106
1227 38 102
1233 38 117
1236 38 119
1237 38 89
1238 38 104
1253 38 106
1262 38 99
1264 38 109
1269 38 98
1271 38 95
1274 38 112
1282 38 99
1285 38 100
1288 38 103
1289 38 100
1298 38 92
1301 38 93
1307 38 97
1312 38 93
1318 38 99
1320 38 108
1322 38 114
1323 38 84
1333 38 95
1339 38 93
1340 38 85
1342 38 88
1344 38 108
1345 38 80
1346 38 108
1354 38 97
1364 38 76
1365 38 91
1367 38 99
1374 38 81
1379 38 74
1382 38 96
1389 38 97
1390 38 94
1409 38 91
1412 38 74
1413 38 81
1420 38 81
1424 38 106
1445 38 83
1446 38 79
1464 38 81
1466 38 79
1470 38 80
1471 38 84
1479 38 85
1484 38 89
1485 38 80
1487 38 76
1504 38 78
1512 38 73
1513 38 77
1521 38 83
1528 38 76
1536 38 74
1545 38 57
1546 38 68
1555 38 78
1559 38 77
1573 38 62
1574 38 74
1576 38 74
1578 38 71
1580 38 69
1582 38 87
1598 38 84
1601 38 73
1602 38 65
1604 38 70
1608 38 63
1610 38 62
1616 38 64
1617 38 65
1619 38 69
1626 38 64
1628 38 64
1633 38 65
1639 38 58
1679 38 61
1691 38 47
1700 38 48
1710 38 52
1712 38 58
1718 38 62
1724 38 48
1734 38 55
1747 38 63
1761 38 58
1772 38 49
1776 38 51
1779 38 49
1781 38 52
1787 38 60
1792 38 59
1796 38 53
1818 38 54
1819 38 38
1821 38 44
1828 38 65
1834 38 43
1841 38 41
1842 38 45
1860 38 52
1862 38 39
1873 38 60
1884 38 56
1895 38 32
1903 38 46
1904 38 30
1907 38 46
1927 38 47
1948 38 37
1964 38 48
1975 38 34
1978 38 36
1979 38 38
1982 38 41
1988 38 34
1992 38 30
1996 38 41
2001 38 42
2005 38 41
2014 38 39
2016 38 30
2020 38 37
2023 38 32
2031 38 34
2033 38 31
2035 38 38
2040 38 30
2044 38 35
2058 38 30
2059 38 35
2075 38 33
2078 38 30
2087 38 31
2089 38 37
2096 38 25
2097 38 28
2101 38 30
2119 38 25
2120 38 30
2123 38 24
2125 38 23
2137 38 26
2154 38 28
2155 38 36
2162 38 29
2166 38 35
2177 38 25
2180 38 20
2184 38 20
2186 38 18
2210 38 24
2214 38 26
2233 38 20
2235 38 28
2237 38 29
2238 38 17
2243 38 19
2251 38 29
2254 38 17
2264 38 23
2265 38 15
2291 38 18
2294 38 21
2296 38 21
2300 38 23
2308 38 16
2319 38 16
2325 38 21
2335 38 12
2339 38 21
2347 38 22
2362 38 15
2363 38 14
2365 38 19
2375 38 19
2382 38 20
2393 38 13
2397 38 9
2398 38 14
2409 38 14
2411 38 19
2412 38 13
2418 38 12
2427 38 11
2434 38 17
2447 38 11
2452 38 11
2468 38 6
2479 38 14
2496 38 11
2525 38 8
2529 38 12
2531 38 9
2536 38 6
2540 38 4
2542 38 10
2546 38 7
2578 38 7
2579 38 7
2599 38 6
2602 38 7
2606 38 10
2607 38 1
2614 38 5
2624 38 2
2625 38 8
2640 38 5
2654 38 6
2655 38 5
2670 38 7
2673 38 2
2686 38 8
2696 38 3
2700 38 2
2704 38 3
2713 38 4
2717 38 3
2718 38 6
2719 38 4
2720 38 7
2735 38 7
2736 38 2
2743 38 1
2745 38 1
2782 38 2
2783 38 4
2804 38 2
2819 38 2
2823 38 4
2830 38 2
2836 38 2
2838 38 1
2839 38 3
2845 38 5
2846 38 2
2848 38 2
2861 38 4
2868 38 3
2876 38 2
2909 38 1
2913 38 1
2915 38 1
2916 38 1
2924 38 3
2951 38 1
2953 38 2
2971 38 1
2979 38 2
2980 38 1
2995 38 1
2996 38 1
1 39 315
2 39 302
5 39 292
6 39 299
7 39 333
8 39 294
11 39 310
12 39 276
13 39 333
22 39 314
24 39 288
25 39 314
29 39 297
31 39 268
32 39 290
33 39 311
36 39 322
39 39 303
40 39 291
43 39 292
45 39 303
46 39 267
48 39 260
49 39 279
52 39 302
53 39 309
55 39 281
58 39 273
63 39 297
64 39 259
66 39 267
71 39 308
81 39 307
84 39 290
85 39 300
86 39 277
88 39 290
89 39 270
92 39 289
98 39 275
99 39 255
102 39 272
104 39 306
105 39 259
107 39 300
108 39 281
109 39 261
110 39 290
115 39 257
116 39 254
118 39 304
121 39 266
125 39 254
126 39 268
127 39 283
129 39 296
131 39 263
132 39 277
134 39 269
138 39 277
139 39 275
143 39 290
146 39 261
153 39 270
154 39 268
156 39 258
158 39 263
159 39 275
161 39 282
163 39 298
164 39 270
165 39 246
166 39 280
167 39 289
168 39 261
169 39 246
172 39 253
173 39 260
174 39 262
175 39 265
176 39 266
180 39 273
183 39 246
188 39 259
193 39 240
194 39 272
196 39 262
197 39 273
198 39 271
199 39 260
200 39 265
201 39 265
203 39 237
204 39 226
206 39 266
207 39 267
208 39 257
212 39 285
213 39 235
215 39 262
218 39 261
220 39 263
223 39 255
224 39 247
233 39 240
234 39 256
237 39 244
239 39 270
242 39 259
245 39 243
247 39 252
250 39 267
253 39 232
255 39 268
262 39 227
263 39 271
267 39 253
268 39 240
271 39 243
275 39 239
278 39 237
281 39 236
283 39 246
284 39 244
285 39 250
286 39 235
290 39 236
297 39 243
298 39 249
300 39 261
305 39 238
306 39 240
309 39 230
314 39 243
319 39 235
322 39 220
323 39 249
331 39 223
333 39 233
341 39 248
344 39 224
349 39 245
351 39 243
357 39 244
359 39 225
361 39 247
364 39 234
368 39 248
370 39 232
372 39 239
375 39 240
377 39 245
381 39 224
382 39 247
383 39 201
387 39 225
388 39 229
390 39 227
392 39 198
396 39 196
398 39 233
407 39 210
408 39 209
409 39 214
413 39 191
415 39 223
417 39 225
418 39 202
421 39 221
427 39 216
429 39 252
438 39 225
440 39 223
443 39 219
449 39 207
462 39 217
464 39 221
465 39 227
466 39 219
469 39 223
471 39 206
480 39 186
482 39 204
484 39 216
486 39 191
488 39 227
489 39 218
493 39 199
495 39 214
496 39 203
498 39 191
502 39 217
505 39 223
506 39 197
508 39 194
509 39 199
510 39 202
511 39 222
513 39 181
514 39 215
518 39 208
522 39 218
523 39 214
525 39 199
528 39 205
534 39 177
537 39 197
538 39 187
542 39 217
546 39 223
547 39 207
548 39 207
551 39 226
554 39 221
559 39 162
566 39 191
569 39 206
572 39 197
580 39 185
583 39 189
584 39 193
585 39 199
586 39 192
587 39 203
590 39 212
591 39 198
597 39 205
598 39 162
603 39 171
619 39 210
621 39 212
625 39 205
628 39 200
629 39 180
630 39 197
632 39 173
633 39 190
634 39 195
639 39 178
641 39 170
644 39 185
650 39 194
651 39 183
653 39 191
655 39 183
656 39 199
659 39 183
662 39 179
669 39 167
673 39 202
681 39 192
688 39 192
689 39 172
693 39 166
698 39 179
701 39 184
708 39 190
712 39 154
716 39 151
719 39 185
720 39 191
724 39 165
726 39 174
729 39 182
733 39 177
735 39 181
737 39 162
739 39 179
741 39 154
743 39 177
745 39 177
746 39 176
748 39 189
750 39 183
757 39 171
758 39 182
764 39 175
767 39 169
771 39 181
776 39 164
782 39 171
785 39 161
787 39 165
788 39 130
790 39 139
792 39 175
797 39 154
805 39 136
809 39 164
812 39 155
819 39 150
824 39 146
828 39 161
829 39 157
835 39 176
842 39 161
843 39 170
852 39 169
858 39 176
861 39 160
862 39 160
863 39 184
864 39 154
865 39 169
871 39 168
872 39 144
878 39 144
879 39 148
881 39 160
883 39 160
887 39 143
889 39 141
890 39 156
903 39 149
904 39 166
909 39 166
911 39 157
912 39 154
913 39 119
914 39 141
917 39 150
918 39 138
921 39 168
931 39 135
937 39 148
939 39 155
949 39 131
950 39 141
951 39 141
952 39 146
954 39 144
956 39 118
959 39 126
970 39 130
975 39 129
977 39 132
979 39 139
986 39 129
987 39 139
994 39 127
996 39 127
999 39 140
1003 39 116
1004 39 121
1005 39 141
1006 39 147
1009 39 137
1015 39 136
1018 39 126
1020 39 141
1024 39 136
1026 39 103
1038 39 131
1043 39 142
1045 39 125
1047 39 134
1053 39 128
1055 39 148
1058 39 106
1059 39 150
1063 39 129
1069 39 140
1074 39 122
1078 39 124
1083 39 132
1086 39 121
1093 39 126
1095 39 127
1096 39 146
1107 39 134
1119 39 113
1126 39 122
1129 39 128
1131 39 132
1137 39 120
1139 39 115
1141 39 104
1143 39 117
1145 39 121
1147 39 135
1149 39 120
1154 39 103
1158 39 103
1161 39 104
1181 39 115
1184 39 123
1192 39 115
1204 39 98
1205 39 119
1206 39 85
1207 39 108
1211 39 101
1215 39 105
1217 39 105
1218 39 104
1219 39 111
1222 39 109
1224 39 106
1228 39 111
1229 39 101
1230 39 118
1234 39 110
1250 39 89
1252 39 119
1253 39 86
1261 39 89
1268 39 89
1273 39 102
1274 39 96
1276 39 116
1282 39 93
1284 39 95
1295 39 86
1298 39 92
1305 39 92
1308 39 109
1312 39 109
1318 39 93
1322 39 119
1325 39 88
1326 39 103
1330 39 86
1334 39 106
1346 39 98
1358 39 94
1367 39 96
1370 39 91
1373 39 89
1374 39 97
1381 39 86
1387 39 99
1388 39 106
1398 39 93
1399 39 87
1420 39 83
1429 39 94
1431 39 87
1432 39 70
1433 39 82
1439 39 88
1441 39 72
1445 39 89
1449 39 83
1453 39 72
1454 39 86
1458 39 77
1459 39 76
1460 39 75
1472 39 74
1474 39 91
1485 39 87
1490 39 96
1493 39 71
1500 39 77
1501 39 74
1507 39 100
1514 39 78
1515 39 63
1519 39 89
1521 39 82
1526 39 80
1535 39 70
1544 39 71
1550 39 62
1551 39 64
1552 39 78
1559 39 73
1563 39 69
1564 39 75
1566 39 66
1570 39 65
1577 39 60
1581 39 58
1619 39 70
1621 39 66
1627 39 55
1630 39 52
1635 39 68
1636 39 63
1643 39 80
1645 39 77
1647 39 58
1656 39 53
1662 39 49
1666 39 51
1667 39 59
1669 39 51
1673 39 68
1684 39 50
1688 39 76
1689 39 57
1707 39 53
1709 39 66
1713 39 55
1714 39 48
1717 39 57
1719 39 52
1722 39 52
1723 39 54
1724 39 68
1732 39 42
1751 39 57
1756 39 66
1767 39 62
1772 39 51
1792 39 48
1796 39 46
1813 39 30
1815 39 42
1817 39 58
1819 39 58
1822 39 52
1824 39 50
1826 39 50
1832 39 47
1845 39 54
1847 39 46
1848 39 57
1855 39 38
1856 39 34
1858 39 50
1872 39 49
1878 39 52
1884 39 46
1885 39 41
1886 39 47
1888 39 39
1898 39 40
1902 39 43
1904 39 42
1907 39 47
1914 39 44
1919 39 38
1921 39 50
1939 39 27
1947 39 46
1950 39 25
1968 39 42
1994 39 31
1997 39 37
2010 39 36
2028 39 33
2029 39 28
2030 39 31
2044 39 22
2055 39 35
2059 39 38
2074 39 36
2078 39 25
2095 39 33
2102 39 26
2103 39 31
2111 39 24
2113 39 36
2114 39 34
2118 39 32
2119 39 23
2126 39 26
2149 39 22
2151 39 29
2154 39 29
2159 39 35
2171 39 26
2172 39 28
2176 39 26
2192 39 18
2194 39 24
2202 39 21
2212 39 25
2215 39 30
2229 39 13
2240 39 21
2244 39 12
2256 39 25
2261 39 19
2265 39 20
2268 39 21
2272 39 21
2275 39 24
2311 39 10
2318 39 18
2324 39 15
2335 39 14
2353 39 14
2355 39 20
2357 39 14
2361 39 12
2372 39 14
2376 39 15
2380 39 19
2386 39 13
2397 39 12
2425 39 13
2427 39 7
2431 39 14
2433 39 11
2436 39 13
2440 39 10
2453 39 17
2460 39 13
2474 39 11
2480 39 11
2487 39 9
2488 39 9
2496 39 15
2497 39 13
2506 39 9
2523 39 7
2527 39 8
2539 39 10
2543 39 10
2548 39 7
2550 39 17
2562 39 9
2568 39 7
2573 39 6
2575 39 9
2580 39 6
2596 39 7
2599 39 6
2603 39 5
2609 39 10
2610 39 7
2613 39 7
2614 39 6
2616 39 6
2640 39 8
2662 39 10
2679 39 5
2684 39 7
2685 39 2
2707 39 7
2716 39 2
2721 39 5
2745 39 4
2748 39 3
2759 39 5
2773 39 3
2785 39 3
2789 39 2
2791 39 4
2793 39 3
2795 39 3
2806 39 2
2812 39 2
2816 39 3
2821 39 2
2832 39 2
2850 39 2
2861 39 1
2862 39 1
2879 39 2
2885 39 2
2886 39 2
2890 39 1
2898 39 2
2910 39 1
2920 39 2
2924 39 2
2935 39 1
2936 39 1
2938 39 1
2939 39 1
2940 39 1
2964 39 1
2967 39 1
2984 39 1
2988 39 1
2992 39 1
1 40 322
2 40 304
4 40 315
8 40 277
13 40 280
14 40 322
17 40 297
18 40 286
20 40 317
21 40 297
23 40 278
27 40 279
33 40 287
37 40 325
38 40 304
41 40 314
43 40 277
45 40 267
48 40 277
51 40 311
52 40 298
54 40 294
58 40 285
61 40 281
62 40 280
69 40 338
70 40 289
75 40 275
83 40 320
88 40 279
93 40 266
96 40 301
97 40 274
100 40 290
101 40 292
104 40 299
105 40 267
107 40 270
109 40 256
110 40 280
111 40 288
112 40 303
117 40 295
118 40 285
119 40 287
121 40 271
122 40 263
127 40 271
129 40 267
135 40 274
136 40 258
138 40 277
139 40 281
140 40 260
143 40 289
146 40 275
148 40 267
149 40 290
155 40 282
160 40 249
162 40 273
164 40 278
165 40 274
167 40 245
169 40 294
170 40 251
173 40 265
174 40 287
175 40 264
176 40 266
177 40 280
178 40 267
180 40 268
191 40 220
195 40 236
198 40 259
202 40 253
203 40 228
204 40 249
205 40 254
208 40 296
214 40 255
215 40 262
216 40 272
217 40 284
218 40 243
219 40 239
220 40 265
223 40 255
225 40 260
227 40 254
229 40 281
230 40 279
236 40 255
237 40 250
238 40 232
241 40 228
246 40 290
248 40 233
250 40 257
251 40 252
256 40 259
258 40 253
261 40 245
266 40 262
267 40 249
268 40 255
270 40 231
272 40 269
274 40 264
276 40 261
280 40 234
281 40 245
284 40 239
287 40 239
290 40 250
291 40 269
292 40 240
293 40 227
294 40 230
296 40 251
297 40 259
299 40 242
306 40 255
314 40 230
315 40 248
316 40 242
325 40 253
328 40 263
331 40 230
332 40 253
335 40 227
344 40 256
347 40 230
348 40 223
349 40 253
350 40 237
351 40 228
354 40 249
356 40 219
358 40 250
359 40 226
362 40 230
365 40 230
369 40 201
370 40 254
371 40 244
375 40 227
377 40 246
379 40 215
381 40 234
382 40 258
383 40 239
386 40 220
390 40 224
392 40 203
396 40 265
397 40 233
401 40 215
404 40 219
405 40 241
407 40 227
408 40 222
409 40 211
410 40 234
414 40 244
416 40 234
420 40 236
425 40 209
427 40 230
428 40 186
433 40 259
437 40 209
438 40 231
440 40 240
441 40 208
447 40 201
448 40 240
449 40 230
453 40 232
454 40 195
455 40 209
459 40 253
460 40 188
461 40 233
467 40 181
468 40 220
473 40 234
479 40 203
484 40 217
486 40 219
489 40 196
490 40 232
499 40 192
501 40 232
509 40 218
514 40 212
522 40 193
539 40 207
543 40 219
555 40 204
556 40 203
557 40 202
559 40 214
561 40 182
562 40 233
566 40 183
567 40 187
570 40 203
573 40 208
584 40 194
586 40 178
588 40 192
590 40 197
594 40 193
595 40 191
596 40 227
599 40 175
605 40 203
608 40 185
610 40 196
620 40 203
623 40 178
624 40 182
625 40 210
626 40 194
627 40 177
630 40 190
632 40 179
635 40 174
636 40 183
639 40 186
642 40 197
645 40 198
647 40 190
649 40 190
653 40 171
661 40 213
665 40 177
668 40 180
672 40 166
678 40 213
681 40 196
684 40 181
686 40 185
687 40 189
691 40 186
692 40 176
700 40 184
710 40 178
711 40 175
713 40 178
717 40 186
721 40 184
724 40 176
726 40 171
728 40 161
730 40 188
733 40 161
735 40 177
737 40 168
738 40 175
739 40 188
740 40 171
741 40 172
742 40 148
748 40 175
753 40 180
754 40 164
758 40 170
760 40 183
765 40 172
766 40 203
769 40 165
775 40 154
776 40 166
777 40 185
785 40 150
787 40 161
792 40 157
794 40 155
802 40 157
804 40 158
805 40 170
806 40 157
811 40 152
812 40 176
816 40 148
819 40 136
821 40 160
824 40 169
830 40 176
832 40 152
834 40 161
836 40 151
841 40 145
849 40 156
852 40 146
854 40 149
855 40 155
862 40 167
865 40 141
869 40 154
872 40 149
873 40 142
874 40 159
876 40 164
885 40 159
887 40 169
888 40 150
893 40 148
894 40 134
897 40 158
902 40 157
905 40 147
906 40 128
910 40 128
912 40 159
914 40 148
916 40 121
921 40 198
925 40 162
927 40 154
933 40 144
941 40 140
944 40 137
947 40 121
948 40 143
949 40 152
950 40 133
953 40 136
962 40 138
967 40 139
972 40 153
978 40 126
979 40 128
983 40 130
986 40 156
993 40 140
999 40 132
1000 40 133
1002 40 137
1007 40 123
1013 40 128
1014 40 131
1015 40 157
1017 40 148
1022 40 121
1033 40 131
1034 40 169
1035 40 110
1036 40 141
1037 40 127
1042 40 140
1043 40 115
1044 40 167
1046 40 148
1049 40 119
1050 40 119
1052 40 105
1055 40 129
1059 40 115
1062 40 123
1068 40 139
1071 40 131
1073 40 125
1074 40 137
1075 40 114
1076 40 116
1078 40 155
1080 40 122
1083 40 111
1084 40 116
1085 40 125
1089 40 131
1091 40 103
1096 40 117
1097 40 135
1102 40 117
1104 40 124
1106 40 117
1111 40 130
1115 40 129
1117 40 123
1118 40 91
1120 40 113
1122 40 119
1124 40 110
1125 40 112
1126 40 125
1127 40 108
1129 40 109
1130 40 106
1131 40 125
1144 40 120
1153 40 113
1155 40 113
1158 40 101
1161 40 109
1164 40 97
1169 40 106
1171 40 116
1180 40 106
1182 40 119
1190 40 119
1191 40 105
1195 40 109
1196 40 116
1204 40 113
1207 40 119
1208 40 116
1210 40 103
1216 40 108
1221 40 87
1224 40 104
1225 40 107
1227 40 105
1230 40 105
1239 40 110
1246 40 100
1247 40 100
1250 40 112
1260 40 102
1265 40 114
1270 40 106
1273 40 93
1276 40 106
1283 40 102
1285 40 102
1287 40 89
1288 40 82
1298 40 94
1299 40 112
1307 40 84
1316 40 91
1317 40 86
1321 40 91
1331 40 93
1347 40 89
1361 40 82
1363 40 80
1365 40 81
1366 40 88
1374 40 78
1375 40 99
1381 40 101
1396 40 76
1399 40 95
1402 40 79
1403 40 76
1408 40 97
1412 40 99
1419 40 95
1426 40 71
1427 40 78
1429 40 77
1438 40 96
1452 40 73
1455 40 112
1456 40 102
1457 40 96
1458 40 84
1466 40 88
1467 40 73
1475 40 67
1476 40 72
1482 40 78
1489 40 66
1492 40 97
1498 40 60
1500 40 64
1507 40 65
1509 40 85
1511 40 69
1517 40 59
1520 40 60
1523 40 68
1524 40 71
1526 40 70
1528 40 73
1532 40 74
1535 40 62
1540 40 63
1548 40 72
1550 40 74
1554 40 71
1572 40 64
1576 40 69
1587 40 70
1594 40 69
1598 40 57
1606 40 76
1607 40 71
1621 40 62
1628 40 77
1630 40 65
1631 40 54
1638 40 69
1655 40 72
1656 40 53
1676 40 46
1679 40 50
1688 40 73
1690 40 49
1698 40 71
1699 40 48
1700 40 58
1703 40 61
1724 40 57
1726 40 53
1738 40 47
1769 40 59
1776 40 52
1796 40 62
1805 40 36
1816 40 51
1820 40 44
1830 40 41
1834 40 43
1835 40 44
1836 40 57
1837 40 45
1841 40 57
1854 40 36
1860 40 50
1864 40 52
1868 40 43
1870 40 49
1887 40 47
1895 40 53
1897 40 35
1905 40 38
1907 40 46
1920 40 33
1921 40 50
1924 40 38
1934 40 36
1943 40 36
1948 40 31
1964 40 42
1972 40 32
1985 40 32
1989 40 42
1990 40 40
1992 40 32
2002 40 32
2004 40 29
2017 40 31
2020 40 27
2041 40 38
2049 40 30
2051 40 45
2052 40 31
2059 40 32
2080 40 33
2081 40 26
2083 40 29
2089 40 26
2101 40 32
2122 40 19
2135 40 41
2138 40 26
2140 40 31
2145 40 32
2150 40 27
2158 40 32
2179 40 20
2196 40 11
2209 40 25
2219 40 21
2225 40 14
2237 40 20
2241 40 23
2251 40 18
2257 40 20
2262 40 25
2264 40 19
2279 40 17
2289 40 16
2293 40 21
2296 40 18
2305 40 21
2314 40 25
2334 40 18
2336 40 18
2341 40 20
2346 40 13
2352 40 17
2357 40 13
2365 40 16
2373 40 18
2375 40 14
2378 40 14
2382 40 11
2385 40 12
2398 40 15
2433 40 6
2439 40 13
2458 40 18
2466 40 7
2490 40 8
2500 40 8
2522 40 6
2524 40 10
2540 40 6
2560 40 9
2561 40 13
2565 40 12
2567 40 12
2581 40 7
2603 40 11
2607 40 8
2611 40 9
2612 40 6
2615 40 6
2628 40 3
2636 40 6
2644 40 7
2649 40 5
2659 40 1
2661 40 7
2668 40 6
2677 40 5
2711 40 4
2714 40 5
2716 40 6
2728 40 4
2736 40 1
2740 40 3
2749 40 3
2784 40 2
2801 40 2
2802 40 3
2805 40 3
2809 40 3
2815 40 2
2830 40 2
2832 40 3
2836 40 4
2880 40 2
2889 40 2
2906 40 2
2913 40 2
2928 40 1
2929 40 3
2944 40 1
2958 40 1
2960 40 1
2973 40 1
2979 40 1
2986 40 1
2994 40 1
2995 40 1
2996 40 1
2998 40 1
0 41 293
3 41 308
6 41 328
7 41 292
9 41 304
11 41 295
14 41 302
15 41 309
18 41 289
22 41 324
24 41 297
27 41 296
29 41 264
30 41 330
31 41 284
34 41 306
35 41 291
37 41 294
40 41 285
41 41 304
46 41 298
48 41 262
50 41 290
52 41 260
53 41 294
57 41 256
59 41 302
60 41 290
63 41 278
65 41 301
67 41 304
68 41 316
70 41 306
72 41 293
73 41 297
79 41 286
81 41 281
82 41 260
83 41 260
85 41 297
90 41 279
92 41 274
93 41 264
94 41 280
96 41 275
102 41 286
104 41 306
108 41 246
109 41 277
110 41 292
113 41 272
115 41 299
117 41 293
119 41 282
120 41 261
123 41 264
127 41 251
130 41 269
132 41 271
133 41 265
135 41 280
136 41 252
137 41 264
140 41 279
142 41 281
143 41 262
145 41 281
147 41 233
149 41 269
150 41 273
153 41 258
156 41 285
157 41 278
159 41 281
160 41 274
161 41 244
162 41 276
165 41 261
166 41 290
169 41 269
170 41 278
172 41 262
173 41 285
174 41 278
175 41 287
176 41 287
177 41 241
178 41 244
179 41 284
180 41 267
182 41 256
185 41 271
187 41 231
188 41 248
189 41 261
190 41 256
191 41 268
194 41 235
195 41 269
196 41 235
197 41 272
199 41 265
201 41 247
204 41 275
206 41 233
207 41 275
208 41 276
210 41 274
214 41 266
215 41 258
218 41 262
219 41 253
220 41 278
221 41 260
222 41 229
223 41 257
224 41 287
226 41 249
228 41 273
231 41 262
235 41 232
237 41 280
238 41 237
239 41 267
243 41 251
244 41 257
245 41 229
246 41 251
251 41 267
253 41 270
254 41 238
256 41 279
259 41 269
264 41 270
266 41 258
270 41 285
272 41 244
273 41 258
275 41 235
276 41 258
277 41 271
278 41 254
280 41 257
282 41 239
286 41 282
287 41 235
288 41 240
291 41 245
292 41 233
293 41 227
295 41 232
299 41 225
301 41 260
303 41 239
307 41 273
309 41 254
311 41 234
312 41 248
313 41 259
317 41 228
318 41 252
321 41 242
327 41 244
329 41 218
330 41 238
331 41 258
333 41 231
335 41 224
340 41 231
342 41 226
346 41 250
349 41 235
350 41 236
355 41 234
358 41 242
359 41 237
364 41 215
365 41 239
369 41 249
371 41 229
372 41 258
374 41 205
375 41 250
376 41 222
379 41 233
386 41 228
396 41 242
401 41 248
402 41 241
403 41 252
404 41 244
408 41 229
409 41 255
412 41 231
413 41 203
416 41 213
418 41 210
419 41 238
421 41 206
424 41 244
425 41 226
426 41 229
432 41 228
433 41 240
435 41 220
436 41 202
437 41 225
438 41 206
443 41 211
445 41 237
447 41 232
449 41 221
450 41 221
453 41 227
468 41 246
471 41 202
476 41 216
480 41 206
482 41 210
486 41 215
487 41 177
492 41 236
493 41 217
495 41 215
496 41 193
498 41 201
502 41 197
504 41 207
506 41 227
507 41 221
510 41 215
511 41 228
515 41 203
519 41 190
523 41 222
527 41 187
529 41 218
533 41 226
534 41 191
536 41 239
537 41 172
539 41 203
547 41 208
554 41 214
559 41 203
560 41 213
561 41 191
563 41 182
566 41 221
570 41 187
576 41 218
579 41 222
583 41 203
587 41 197
588 41 188
594 41 183
595 41 199
596 41 164
600 41 203
601 41 182
605 41 186
608 41 200
609 41 193
612 41 174
613 41 183
616 41 183
618 41 181
619 41 195
621 41 206
624 41 197
626 41 200
628 41 201
630 41 196
633 41 191
637 41 177
642 41 171
645 41 167
650 41 166
652 41 201
653 41 187
657 41 179
662 41 175
664 41 182
669 41 175
670 41 191
671 41 173
674 41 216
676 41 193
677 41 157
680 41 180
684 41 166
690 41 172
691 41 183
692 41 148
694 41 169
696 41 179
698 41 187
699 41 198
704 41 168
705 41 152
706 41 185
708 41 173
709 41 175
714 41 179
717 41 159
721 41 184
723 41 172
730 41 162
734 41 198
741 41 176
748 41 159
758 41 169
766 41 153
772 41 154
774 41 159
776 41 160
779 41 162
780 41 174
786 41 154
788 41 156
790 41 133
798 41 160
799 41 147
809 41 148
811 41 162
813 41 173
814 41 169
821 41 160
830 41 175
832 41 160
836 41 163
837 41 165
838 41 170
839 41 143
840 41 174
842 41 170
843 41 139
844 41 147
845 41 178
847 41 189
848 41 165
850 41 153
853 41 168
855 41 169
858 41 152
859 41 162
867 41 153
869 41 174
872 41 156
879 41 133
883 41 152
889 41 145
891 41 161
898 41 162
900 41 154
901 41 154
911 41 154
913 41 143
914 41 132
915 41 132
916 41 139
921 41 148
922 41 142
923 41 153
926 41 138
933 41 152
934 41 156
944 41 150
946 41 151
947 41 183
954 41 154
971 41 149
972 41 123
973 41 129
979 41 122
982 41 125
983 41 130
985 41 137
989 41 130
994 41 157
996 41 149
997 41 124
999 41 118
1003 41 128
1005 41 130
1007 41 115
1008 41 118
1019 41 136
1023 41 118
1028 41 124
1037 41 110
1039 41 123
1041 41 120
1045 41 136
1048 41 142
1050 41 134
1052 41 122
1056 41 113
1057 41 109
1058 41 128
1060 41 117
1063 41 144
1065 41 123
1068 41 145
1069 41 143
1070 41 118
1084 41 100
1094 41 124
1097 41 132
1099 41 109
1100 41 126
1102 41 132
1106 41 109
1109 41 121
1111 41 118
1121 41 130
1124 41 130
1129 41 103
1131 41 124
1137 41 121
1138 41 131
1154 41 107
1157 41 95
1158 41 113
1162 41 101
1165 41 115
1178 41 93
1183 41 132
1186 41 115
1192 41 121
1194 41 109
1206 41 89
1210 41 96
1213 41 108
1215 41 102
1217 41 97
1225 41 110
1241 41 106
1242 41 88
1244 41 98
1250 41 108
1252 41 110
1259 41 98
1262 41 95
1267 41 109
1269 41 93
1274 41 97
1275 41 96
1284 41 101
1285 41 86
1287 41 95
1288 41 92
1290 41 112
1298 41 98
1303 41 94
1309 41 94
1311 41 96
1314 41 93
1324 41 85
1332 41 95
1333 41 85
1339 41 87
1343 41 79
1345 41 103
1346 41 80
1355 41 94
1357 41 89
1358 41 83
1360 41 90
1362 41 94
1369 41 95
1370 41 87
1372 41 72
1377 41 90
1393 41 82
1408 41 89
1422 41 89
1424 41 92
1425 41 87
1426 41 74
1431 41 94
1443 41 85
1446 41 72
1448 41 65
1458 41 64
1464 41 84
1475 41 77
1476 41 84
1490 41 72
1493 41 83
1494 41 69
1496 41 96
1497 41 59
1501 41 78
1503 41 64
1531 41 69
1533 41 66
1537 41 68
1539 41 72
1542 41 75
1549 41 64
1550 41 58
1552 41 84
1558 41 68
1559 41 70
1561 41 59
1567 41 63
1574 41 75
1576 41 63
1588 41 78
1590 41 64
1598 41 55
1600 41 85
1602 41 63
1605 41 64
1616 41 61
1622 41 55
1623 41 72
1626 41 62
1654 41 68
1657 41 57
1661 41 68
1667 41 64
1669 41 73
1675 41 68
1681 41 62
1684 41 69
1685 41 57
1690 41 51
1694 41 59
1698 41 73
1702 41 49
1712 41 59
1720 41 52
1722 41 44
1731 41 70
1738 41 67
1743 41 57
1744 41 60
1746 41 51
1762 41 42
1767 41 51
1771 41 54
1779 41 50
1781 41 57
1811 41 48
1813 41 59
1815 41 55
1817 41 43
1820 41 43
1824 41 53
1829 41 48
1838 41 57
1843 41 41
1847 41 46
1848 41 49
1852 41 51
1853 41 57
1858 41 42
1859 41 44
1870 41 41
1871 41 55
1875 41 43
1885 41 53
1889 41 54
1890 41 53
1894 41 53
1899 41 48
1900 41 41
1909 41 37
1914 41 46
1921 41 35
1928 41 47
1929 41 39
1933 41 34
1944 41 34
1952 41 40
1954 41 33
1955 41 38
1965 41 28
1975 41 41
1976 41 38
1979 41 37
1992 41 36
1993 41 42
2005 41 30
2023 41 17
2036 41 29
2038 41 31
2039 41 39
2053 41 32
2062 41 34
2085 41 26
2103 41 38
2118 41 26
2124 41 32
2134 41 35
2139 41 28
2141 41 27
2159 41 27
2165 41 24
2171 41 33
2185 41 26
2189 41 18
2201 41 27
2214 41 28
2224 41 24
2232 41 15
2239 41 25
2244 41 18
2246 41 24
2255 41 24
2256 41 21
2264 41 17
2273 41 16
2278 41 15
2285 41 17
2286 41 21
2295 41 16
2302 41 28
2319 41 15
2320 41 27
2323 41 26
2325 41 16
2327 41 14
2332 41 21
2336 41 12
2341 41 15
2344 41 11
2348 41 25
2349 41 14
2350 41 11
2351 41 12
2373 41 16
2387 41 13
2391 41 11
2398 41 13
2399 41 19
2404 41 11
2406 41 17
2407 41 11
2425 41 15
2440 41 16
2441 41 10
2442 41 12
2450 41 11
2456 41 6
2465 41 10
2467 41 9
2470 41 13
2473 41 11
2481 41 9
2489 41 14
2490 41 12
2498 41 10
2518 41 14
2521 41 12
2522 41 9
2545 41 6
2549 41 7
2550 41 10
2553 41 6
2555 41 7
2563 41 12
2570 41 4
2573 41 13
2583 41 9
2584 41 14
2596 41 6
2602 41 3
2605 41 5
2611 41 6
2620 41 9
2644 41 4
2653 41 2
2658 41 5
2685 41 7
2703 41 3
2704 41 4
2713 41 5
2722 41 6
2723 41 6
2732 41 5
2744 41 5
2779 41 4
2783 41 2
2785 41 2
2796 41 5
2798 41 2
2804 41 1
2805 41 1
2816 41 1
2829 41 3
2838 41 2
2842 41 1
2843 41 1
2855 41 3
2860 41 2
2864 41 2
2870 41 2
2885 41 3
2893 41 3
2895 41 1
2899 41 2
2913 41 2
2914 41 1
2916 41 2
2924 41 1
2938 41 1
2942 41 2
2947 41 1
2948 41 1
2951 41 1
2956 41 1
2963 41 1
2965 41 1
2976 41 1
2980 41 1
1 42 278
8 42 306
10 42 320
11 42 289
13 42 256
17 42 322
18 42 300
32 42 326
38 42 280
42 42 290
46 42 294
50 42 280
51 42 271
52 42 289
54 42 279
55 42 305
56 42 270
59 42 303
63 42 312
65 42 298
68 42 285
69 42 272
70 42 270
72 42 298
74 42 313
77 42 286
78 42 264
82 42 292
85 42 295
89 42 297
91 42 289
94 42 277
96 42 283
98 42 249
99 42 290
103 42 276
104 42 277
109 42 288
110 42 260
111 42 301
113 42 275
114 42 270
115 42 282
118 42 263
121 42 271
123 42 291
124 42 273
127 42 283
128 42 266
130 42 257
133 42 282
134 42 286
140 42 274
144 42 258
150 42 283
151 42 317
153 42 276
157 42 270
160 42 272
161 42 252
166 42 285
167 42 267
169 42 245
173 42 284
174 42 253
175 42 248
178 42 251
180 42 263
181 42 267
193 42 259
195 42 265
196 42 270
197 42 257
203 42 259
204 42 280
207 42 260
208 42 264
210 42 284
211 42 243
212 42 251
215 42 262
216 42 269
218 42 253
219 42 266
224 42 270
228 42 255
229 42 241
232 42 269
235 42 223
236 42 292
239 42 285
242 42 226
250 42 257
257 42 267
258 42 297
261 42 299
263 42 245
264 42 253
265 42 232
269 42 275
270 42 245
272 42 251
277 42 246
279 42 251
282 42 249
283 42 241
286 42 220
287 42 263
288 42 246
289 42 252
292 42 232
294 42 221
295 42 223
302 42 246
307 42 247
308 42 257
310 42 241
311 42 251
317 42 234
319 42 218
322 42 236
329 42 217
331 42 202
333 42 270
334 42 226
337 42 257
340 42 249
341 42 251
343 42 234
348 42 250
352 42 230
355 42 254
357 42 209
359 42 220
361 42 233
362 42 240
363 42 221
365 42 243
371 42 219
373 42 233
374 42 246
377 42 214
384 42 250
385 42 229
388 42 209
394 42 227
395 42 234
396 42 218
399 42 209
402 42 220
403 42 224
404 42 227
405 42 198
407 42 204
409 42 232
418 42 205
424 42 222
425 42 215
426 42 228
427 42 249
428 42 240
430 42 262
432 42 245
433 42 222
434 42 210
435 42 233
437 42 235
441 42 200
442 42 216
443 42 202
445 42 195
446 42 206
454 42 235
462 42 205
463 42 196
466 42 228
475 42 234
476 42 221
481 42 213
482 42 211
485 42 237
486 42 227
488 42 180
491 42 199
492 42 224
493 42 220
494 42 224
502 42 223
504 42 201
505 42 229
514 42 229
516 42 207
517 42 215
519 42 225
520 42 231
521 42 201
523 42 207
524 42 223
527 42 217
528 42 226
533 42 215
540 42 191
541 42 178
543 42 214
552 42 198
557 42 211
558 42 197
560 42 206
561 42 205
563 42 208
565 42 173
566 42 193
567 42 231
570 42 196
577 42 224
578 42 193
579 42 194
589 42 170
593 42 187
594 42 181
597 42 200
599 42 196
601 42 195
603 42 183
608 42 173
609 42 184
613 42 192
614 42 191
621 42 194
623 42 178
627 42 189
632 42 205
633 42 199
642 42 169
644 42 182
645 42 187
647 42 179
649 42 198
654 42 174
660 42 190
665 42 180
666 42 187
667 42 222
670 42 174
671 42 167
682 42 206
686 42 174
689 42 209
694 42 172
695 42 179
696 42 164
698 42 182
702 42 193
707 42 174
712 42 173
713 42 190
715 42 176
717 42 167
722 42 170
730 42 161
732 42 167
734 42 158
735 42 178
736 42 168
739 42 164
743 42 157
753 42 184
754 42 160
755 42 173
757 42 162
761 42 147
762 42 170
768 42 176
772 42 189
785 42 167
787 42 144
792 42 161
795 42 161
798 42 166
801 42 145
814 42 145
816 42 175
833 42 170
834 42 151
839 42 148
841 42 132
843 42 164
845 42 180
847 42 169
852 42 168
855 42 149
856 42 159
862 42 162
863 42 181
866 42 165
869 42 162
874 42 168
879 42 137
881 42 159
882 42 159
884 42 158
885 42 145
897 42 137
898 42 157
905 42 150
906 42 158
907 42 158
908 42 159
909 42 152
913 42 158
914 42 136
916 42 155
917 42 157
918 42 142
924 42 123
927 42 154
929 42 146
930 42 165
932 42 147
933 42 131
935 42 127
939 42 138
942 42 138
944 42 147
947 42 122
949 42 157
953 42 153
961 42 163
963 42 169
967 42 147
970 42 135
974 42 132
983 42 143
987 42 143
991 42 114
995 42 140
998 42 124
1004 42 137
1010 42 133
1011 42 124
1013 42 126
1022 42 148
1024 42 139
1025 42 148
1027 42 151
1029 42 135
1032 42 138
1037 42 144
1040 42 128
1042 42 139
1044 42 125
1045 42 134
1051 42 123
1052 42 122
1053 42 128
1057 42 136
1058 42 121
1063 42 121
1066 42 113
1067 42 129
1076 42 118
1081 42 136
1084 42 123
1085 42 106
1088 42 125
1093 42 116
1095 42 123
1097 42 114
1099 42 116
1101 42 140
1106 42 119
1113 42 129
1121 42 107
1122 42 120
1129 42 114
1137 42 121
1138 42 123
1140 42 116
1141 42 119
1143 42 96
1148 42 119
1152 42 130
1158 42 120
1159 42 100
1164 42 134
1168 42 116
1189 42 128
1195 42 106
1201 42 104
1206 42 115
1207 42 117
1209 42 106
1211 42 109
1212 42 124
1213 42 119
1220 42 111
1223 42 92
1233 42 112
1234 42 107
1238 42 102
1251 42 117
1252 42 94
1257 42 106
1258 42 100
1265 42 100
1266 42 107
1272 42 104
1287 42 94
1291 42 109
1298 42 115
1302 42 102
1308 42 91
1315 42 109
1318 42 107
1322 42 86
1328 42 99
1330 42 87
1333 42 101
1336 42 98
1343 42 89
1348 42 108
1350 42 94
1362 42 101
1372 42 91
1381 42 90
1389 42 92
1391 42 89
1392 42 95
1393 42 77
1394 42 84
1397 42 93
1398 42 96
1400 42 71
1408 42 77
1418 42 94
1421 42 85
1422 42 86
1427 42 75
1434 42 83
1437 42 99
1438 42 94
1439 42 100
1444 42 78
1445 42 84
1454 42 91
1457 42 76
1459 42 89
1463 42 69
1465 42 86
1482 42 69
1483 42 81
1487 42 76
1493 42 76
1494 42 81
1496 42 88
1498 42 78
1499 42 79
1501 42 82
1504 42 72
1510 42 72
1517 42 77
1521 42 72
1522 42 85
1529 42 67
1542 42 75
1543 42 67
1545 42 65
1550 42 66
1565 42 67
1566 42 55
1569 42 77
1578 42 73
1581 42 71
1584 42 75
1600 42 76
1602 42 84
1630 42 75
1636 42 64
1639 42 64
1642 42 80
1645 42 56
1652 42 61
1653 42 55
1657 42 55
1664 42 55
1669 42 57
1672 42 69
1678 42 72
1679 42 69
1684 42 62
1690 42 63
1699 42 47
1717 42 57
1721 42 54
1730 42 56
1736 42 53
1746 42 61
1747 42 50
1748 42 49
1751 42 53
1758 42 70
1761 42 51
1768 42 51
1774 42 41
1778 42 50
1786 42 62
1788 42 58
1789 42 51
1791 42 45
1798 42 46
1799 42 57
1800 42 47
1805 42 54
1822 42 57
1824 42 53
1825 42 51
1827 42 54
1831 42 41
1854 42 50
1861 42 52
1875 42 40
1880 42 49
1889 42 34
1893 42 43
1907 42 30
1917 42 46
1922 42 38
1923 42 36
1924 42 51
1930 42 33
1932 42 46
1945 42 39
1949 42 37
1951 42 42
1959 42 44
1962 42 45
1981 42 33
1985 42 40
1989 42 40
2002 42 34
2035 42 25
2037 42 39
2045 42 36
2052 42 24
2068 42 35
2083 42 37
2086 42 34
2090 42 34
2095 42 27
2104 42 25
2115 42 28
2119 42 22
2136 42 28
2146 42 33
2147 42 28
2151 42 25
2154 42 28
2158 42 39
2161 42 29
2170 42 27
2171 42 23
2177 42 14
2196 42 17
2207 42 21
2215 42 19
2222 42 18
2228 42 14
2234 42 22
2259 42 13
2267 42 20
2271 42 19
2275 42 30
2279 42 21
2283 42 16
2285 42 19
2294 42 17
2295 42 15
2297 42 14
2314 42 12
2323 42 18
2326 42 13
2327 42 18
2337 42 18
2339 42 16
2358 42 19
2367 42 18
2373 42 7
2375 42 13
2389 42 8
2390 42 8
2394 42 17
2398 42 16
2403 42 13
2406 42 13
2409 42 11
2422 42 14
2430 42 11
2443 42 11
2444 42 17
2446 42 9
2448 42 13
2450 42 7
2451 42 10
2458 42 12
2488 42 11
2495 42 6
2496 42 12
2500 42 12
2501 42 9
2504 42 8
2515 42 7
2519 42 7
2529 42 13
2551 42 9
2571 42 10
2576 42 9
2578 42 7
2583 42 5
2589 42 5
2594 42 12
2599 42 5
2603 42 7
2615 42 2
2617 42 5
2623 42 7
2634 42 6
2639 42 6
2655 42 7
2660 42 8
2668 42 5
2689 42 7
2694 42 5
2708 42 6
2709 42 11
2745 42 6
2746 42 4
2751 42 6
2753 42 3
2756 42 3
2758 42 2
2764 42 3
2771 42 1
2774 42 2
2782 42 2
2783 42 4
2784 42 4
2818 42 4
2819 42 5
2822 42 1
2839 42 3
2865 42 1
2866 42 2
2873 42 1
2882 42 1
2883 42 3
2905 42 1
2910 42 1
2913 42 1
2914 42 2
2916 42 3
2920 42 2
2927 42 1
2928 42 2
2933 42 1
2937 42 1
2944 42 2
2945 42 1
2946 42 2
2966 42 1
2986 42 1
2991 42 1
2996 42 1
1 43 299
4 43 288
6 43 305
7 43 312
8 43 310
10 43 274
11 43 288
14 43 289
16 43 294
18 43 303
19 43 290
21 43 287
23 43 314
26 43 309
27 43 286
28 43 285
33 43 268
34 43 289
37 43 268
43 43 344
44 43 294
45 43 274
46 43 293
53 43 344
54 43 280
56 43 278
57 43 304
60 43 266
62 43 296
63 43 322
65 43 265
67 43 281
72 43 305
73 43 273
77 43 264
80 43 269
81 43 290
82 43 250
84 43 273
85 43 289
87 43 274
90 43 301
92 43 294
95 43 256
96 43 288
100 43 260
102 43 281
104 43 286
105 43 244
106 43 286
107 43 310
108 43 257
112 43 273
113 43 259
115 43 301
122 43 278
124 43 263
126 43 278
127 43 281
128 43 289
131 43 294
132 43 260
134 43 281
136 43 301
139 43 252
142 43 289
143 43 274
144 43 285
145 43 270
146 43 253
148 43 270
150 43 279
152 43 274
155 43 257
156 43 276
159 43 295
161 43 271
163 43 284
165 43 296
168 43 249
171 43 288
173 43 254
176 43 262
178 43 312
182 43 269
185 43 276
187 43 254
188 43 276
189 43 265
190 43 282
192 43 253
199 43 252
201 43 300
202 43 272
203 43 244
205 43 269
214 43 260
215 43 261
218 43 282
219 43 252
222 43 249
223 43 270
225 43 237
231 43 251
233 43 247
234 43 253
235 43 264
240 43 247
241 43 235
242 43 269
253 43 279
256 43 255
257 43 260
262 43 255
263 43 240
268 43 263
270 43 219
271 43 268
272 43 246
275 43 232
276 43 253
277 43 242
281 43 266
284 43 263
285 43 207
290 43 249
291 43 256
295 43 233
300 43 271
301 43 264
305 43 231
307 43 240
308 43 250
310 43 234
311 43 251
316 43 218
317 43 241
318 43 257
326 43 242
328 43 240
329 43 274
330 43 229
332 43 226
334 43 223
338 43 244
339 43 239
346 43 245
348 43 243
351 43 209
353 43 220
357 43 233
359 43 239
363 43 251
365 43 259
366 43 226
367 43 220
383 43 197
392 43 213
393 43 224
396 43 239
397 43 223
401 43 216
409 43 216
411 43 245
413 43 224
417 43 198
418 43 220
423 43 218
426 43 238
430 43 207
432 43 209
447 43 216
449 43 206
451 43 216
452 43 204
454 43 232
456 43 224
457 43 221
461 43 212
465 43 216
468 43 201
476 43 212
479 43 220
484 43 194
492 43 192
493 43 213
495 43 219
498 43 207
501 43 199
504 43 192
507 43 199
511 43 234
514 43 200
516 43 203
520 43 218
522 43 198
524 43 187
533 43 194
537 43 192
541 43 211
544 43 208
545 43 193
547 43 201
558 43 192
560 43 182
566 43 222
567 43 199
572 43 188
574 43 217
577 43 191
579 43 215
580 43 188
592 43 187
594 43 192
599 43 205
602 43 189
603 43 153
605 43 172
606 43 202
617 43 178
619 43 196
620 43 205
621 43 195
625 43 192
629 43 189
630 43 186
634 43 195
635 43 177
636 43 182
641 43 195
645 43 181
648 43 194
651 43 180
654 43 176
655 43 177
657 43 186
659 43 198
662 43 188
665 43 197
667 43 163
670 43 181
672 43 182
673 43 185
675 43 177
677 43 178
678 43 179
682 43 184
683 43 174
687 43 171
688 43 171
689 43 175
690 43 170
694 43 196
698 43 184
699 43 178
703 43 157
705 43 187
706 43 188
707 43 157
709 43 188
713 43 195
714 43 180
724 43 182
727 43 164
729 43 158
731 43 176
732 43 183
739 43 175
747 43 153
748 43 144
754 43 186
766 43 166
768 43 167
772 43 175
773 43 169
775 43 159
777 43 156
784 43 164
786 43 162
790 43 148
796 43 147
797 43 166
798 43 178
801 43 170
803 43 170
805 43 184
806 43 156
807 43 140
809 43 149
814 43 170
820 43 158
821 43 176
827 43 137
829 43 143
830 43 183
834 43 181
840 43 152
846 43 164
847 43 152
848 43 149
852 43 153
857 43 144
858 43 148
864 43 155
865 43 157
866 43 140
868 43 148
869 43 140
872 43 157
876 43 157
881 43 182
883 43 171
884 43 187
889 43 147
890 43 149
896 43 166
897 43 149
899 43 168
900 43 157
901 43 143
904 43 129
906 43 133
907 43 155
910 43 138
911 43 144
913 43 149
916 43 143
918 43 138
919 43 150
923 43 135
937 43 129
941 43 162
942 43 138
943 43 153
946 43 137
952 43 153
953 43 151
959 43 106
960 43 129
965 43 153
969 43 130
973 43 134
976 43 135
977 43 149
978 43 130
980 43 138
984 43 152
986 43 137
990 43 118
992 43 118
993 43 139
996 43 141
1001 43 117
1002 43 132
1005 43 136
1009 43 143
1013 43 150
1016 43 147
1017 43 125
1026 43 130
1027 43 139
1029 43 122
1030 43 124
1031 43 114
1033 43 145
1046 43 128
1049 43 134
1050 43 126
1052 43 122
1067 43 145
1072 43 135
1075 43 128
1076 43 137
1086 43 129
1087 43 129
1088 43 124
1099 43 129
1108 43 140
1126 43 104
1131 43 132
1134 43 112
1137 43 134
1142 43 131
1164 43 109
1176 43 105
1179 43 125
1185 43 108
1187 43 96
1197 43 97
1199 43 116
1207 43 102
1212 43 116
1213 43 114
1214 43 107
1216 43 101
1218 43 97
1222 43 124
1223 43 112
1225 43 102
1230 43 102
1234 43 94
1235 43 91
1251 43 113
1253 43 100
1255 43 117
1262 43 108
1264 43 112
1267 43 96
1268 43 117
1269 43 93
1272 43 105
1273 43 95
1285 43 86
1287 43 95
1290 43 96
1293 43 97
1303 43 98
1304 43 92
1314 43 92
1318 43 113
1327 43 110
1330 43 98
1344 43 88
1346 43 74
1347 43 103
1348 43 108
1351 43 86
1361 43 107
1362 43 102
1363 43 75
1367 43 92
1376 43 88
1377 43 85
1390 43 84
1391 43 88
1398 43 88
1405 43 86
1411 43 115
1412 43 92
1424 43 80
1438 43 82
1442 43 80
1444 43 90
1447 43 105
1452 43 74
1457 43 104
1463 43 89
1467 43 67
1471 43 87
1478 43 71
1483 43 84
1485 43 84
1491 43 78
1494 43 80
1496 43 83
1500 43 70
1502 43 67
1504 43 72
1505 43 83
1507 43 70
1518 43 73
1535 43 70
1536 43 79
1546 43 73
1550 43 77
1556 43 75
1558 43 70
1568 43 57
1570 43 68
1578 43 59
1580 43 67
1594 43 71
1596 43 74
1611 43 58
1624 43 60
1627 43 68
1629 43 85
1631 43 59
1632 43 68
1635 43 60
1644 43 53
1645 43 47
1654 43 69
1656 43 50
1668 43 63
1673 43 75
1676 43 50
1689 43 54
1703 43 64
1710 43 52
1712 43 62
1714 43 39
1721 43 48
1727 43 58
1729 43 70
1730 43 63
1731 43 62
1742 43 43
1746 43 53
1752 43 53
1755 43 62
1758 43 48
1761 43 64
1764 43 45
1766 43 54
1779 43 51
1786 43 49
1787 43 57
1790 43 43
1799 43 57
1824 43 41
1827 43 51
1838 43 61
1840 43 55
1845 43 52
1848 43 43
1851 43 39
1852 43 46
1858 43 38
1862 43 56
1865 43 39
1866 43 46
1868 43 39
1885 43 47
1893 43 50
1910 43 29
1916 43 35
1931 43 32
1934 43 47
1940 43 39
1942 43 40
1944 43 42
1947 43 33
1952 43 32
1954 43 44
1955 43 40
1969 43 35
1976 43 39
1977 43 29
1978 43 39
1989 43 38
1991 43 32
1999 43 32
2022 43 29
2025 43 41
2033 43 41
2034 43 33
2038 43 29
2046 43 33
2061 43 23
2065 43 35
2074 43 27
2080 43 24
2086 43 37
2087 43 21
2098 43 29
2102 43 41
2104 43 27
2108 43 36
2110 43 30
2138 43 24
2145 43 25
2148 43 30
2167 43 31
2168 43 31
2185 43 18
2193 43 17
2195 43 19
2209 43 23
2213 43 22
2220 43 19
2223 43 22
2226 43 14
2241 43 23
2242 43 18
2244 43 18
2246 43 24
2264 43 19
2266 43 20
2279 43 23
2283 43 17
2285 43 17
2292 43 20
2298 43 19
2309 43 22
2318 43 15
2322 43 13
2330 43 17
2341 43 19
2342 43 23
2343 43 13
2354 43 14
2355 43 17
2360 43 20
2366 43 16
2369 43 11
2383 43 16
2386 43 19
2390 43 14
2403 43 7
2416 43 12
2417 43 16
2418 43 13
2421 43 14
2422 43 15
2429 43 18
2439 43 8
2440 43 15
2450 43 17
2452 43 11
2458 43 9
2459 43 7
2472 43 10
2473 43 12
2483 43 11
2493 43 11
2496 43 11
2500 43 9
2508 43 7
2514 43 6
2546 43 9
2548 43 6
2550 43 11
2561 43 9
2563 43 6
2564 43 5
2566 43 10
2582 43 11
2585 43 7
2587 43 13
2591 43 4
2600 43 4
2606 43 4
2612 43 6
2632 43 8
2653 43 3
2661 43 8
2665 43 4
2682 43 6
2694 43 5
2699 43 8
2706 43 4
2709 43 7
2718 43 4
2728 43 11
2752 43 2
2757 43 4
2762 43 5
2763 43 4
2767 43 3
2773 43 4
2775 43 5
2778 43 6
2779 43 1
2782 43 1
2787 43 5
2789 43 1
2794 43 1
2805 43 1
2815 43 5
2828 43 4
2829 43 2
2833 43 4
2840 43 1
2845 43 2
2846 43 2
2847 43 2
2851 43 1
2852 43 3
2853 43 2
2866 43 1
2872 43 6
2882 43 3
2886 43 3
2905 43 2
2907 43 2
2909 43 1
2929 43 2
2936 43 2
2940 43 1
2945 43 1
2950 43 1
2958 43 2
2972 43 1
2991 43 1
0 44 280
3 44 296
4 44 292
8 44 297
11 44 304
14 44 312
17 44 311
19 44 298
22 44 268
25 44 335
27 44 296
28 44 329
35 44 276
36 44 325
37 44 261
42 44 274
44 44 300
49 44 304
50 44 328
53 44 301
56 44 283
58 44 300
59 44 275
62 44 286
68 44 282
73 44 323
76 44 281
78 44 270
80 44 277
82 44 298
85 44 272
86 44 267
87 44 288
88 44 289
89 44 271
91 44 249
93 44 279
95 44 306
97 44 290
98 44 284
101 44 321
102 44 298
103 44 268
105 44 304
114 44 269
117 44 292
123 44 298
125 44 248
126 44 271
127 44 262
131 44 234
133 44 300
135 44 269
141 44 237
142 44 263
144 44 276
145 44 287
147 44 258
149 44 254
150 44 243
153 44 285
155 44 280
161 44 252
171 44 248
172 44 239
174 44 247
178 44 248
180 44 260
184 44 261
185 44 238
186 44 252
187 44 265
189 44 265
190 44 260
196 44 252
197 44 245
201 44 263
204 44 275
205 44 270
206 44 241
207 44 271
209 44 256
212 44 279
213 44 274
214 44 248
219 44 304
220 44 248
235 44 274
236 44 273
245 44 263
246 44 260
247 44 260
250 44 234
251 44 266
256 44 284
257 44 262
265 44 249
273 44 267
275 44 229
276 44 209
281 44 259
282 44 249
283 44 259
284 44 270
290 44 254
294 44 256
295 44 236
296 44 258
301 44 234
304 44 243
305 44 239
310 44 247
314 44 260
315 44 245
316 44 244
319 44 245
324 44 254
325 44 242
326 44 212
330 44 230
333 44 217
341 44 251
348 44 261
349 44 235
350 44 248
357 44 223
358 44 256
359 44 250
363 44 241
367 44 250
369 44 210
370 44 220
374 44 278
376 44 224
377 44 233
383 44 242
386 44 227
387 44 222
388 44 228
391 44 227
394 44 235
395 44 213
396 44 205
402 44 212
404 44 245
405 44 224
408 44 241
409 44 251
416 44 210
417 44 236
419 44 226
420 44 208
425 44 220
426 44 227
427 44 226
429 44 202
434 44 255
435 44 232
437 44 223
439 44 252
442 44 201
445 44 224
448 44 213
450 44 214
453 44 211
456 44 213
457 44 229
459 44 198
462 44 238
470 44 219
473 44 229
474 44 215
475 44 206
476 44 207
482 44 208
486 44 196
487 44 207
488 44 198
490 44 204
491 44 179
492 44 202
495 44 208
497 44 231
505 44 216
506 44 189
509 44 223
510 44 192
512 44 210
515 44 227
517 44 190
518 44 196
519 44 198
527 44 201
528 44 202
530 44 194
536 44 209
537 44 213
539 44 203
541 44 228
551 44 226
557 44 173
558 44 205
562 44 219
565 44 197
567 44 205
569 44 211
571 44 184
572 44 207
576 44 193
583 44 199
585 44 183
586 44 194
594 44 182
596 44 197
597 44 193
598 44 197
599 44 193
606 44 183
608 44 200
613 44 183
618 44 193
623 44 209
625 44 176
628 44 175
632 44 195
641 44 220
644 44 166
645 44 168
650 44 184
657 44 175
658 44 177
659 44 175
661 44 187
662 44 171
664 44 198
668 44 172
671 44 188
674 44 175
676 44 184
679 44 199
680 44 180
682 44 170
683 44 180
684 44 169
686 44 202
692 44 202
699 44 181
704 44 187
706 44 193
710 44 181
713 44 184
714 44 194
722 44 191
725 44 195
726 44 185
733 44 179
735 44 181
737 44 170
739 44 171
740 44 164
741 44 170
742 44 188
749 44 163
754 44 154
756 44 179
758 44 167
759 44 144
771 44 176
774 44 139
777 44 143
784 44 166
785 44 151
787 44 157
788 44 191
793 44 187
797 44 179
800 44 147
801 44 156
802 44 161
806 44 139
807 44 171
808 44 150
819 44 164
825 44 134
827 44 159
829 44 158
849 44 151
852 44 155
865 44 160
869 44 143
870 44 164
878 44 159
882 44 141
885 44 137
886 44 150
888 44 140
892 44 142
898 44 158
907 44 160
910 44 148
913 44 141
914 44 156
918 44 140
924 44 161
928 44 146
931 44 143
932 44 134
938 44 167
941 44 162
943 44 140
951 44 134
955 44 156
956 44 135
963 44 144
964 44 141
965 44 144
970 44 139
982 44 129
983 44 117
987 44 107
988 44 132
991 44 134
994 44 132
1001 44 132
1003 44 149
1012 44 125
1016 44 128
1017 44 125
1019 44 121
1025 44 119
1027 44 141
1029 44 140
1030 44 131
1032 44 124
1050 44 125
1052 44 140
1053 44 125
1061 44 130
1071 44 117
1074 44 109
1075 44 128
1076 44 127
1079 44 105
1082 44 101
1086 44 138
1091 44 122
1092 44 119
1096 44 115
1100 44 127
1103 44 117
1104 44 135
1110 44 131
1123 44 144
1125 44 102
1135 44 138
1137 44 112
1139 44 136
1140 44 122
1152 44 106
1159 44 110
1161 44 143
1168 44 118
1176 44 128
1179 44 112
1182 44 108
1183 44 89
1184 44 138
1187 44 112
1189 44 98
1194 44 122
1196 44 106
1198 44 136
1206 44 105
1216 44 107
1219 44 133
1220 44 111
1224 44 93
1225 44 102
1226 44 96
1229 44 119
1231 44 97
1233 44 110
1239 44 110
1246 44 116
1248 44 117
1250 44 93
1255 44 116
1261 44 96
1262 44 125
1274 44 102
1278 44 114
1279 44 99
1281 44 81
1296 44 84
1297 44 93
1298 44 101
1301 44 97
1303 44 101
1305 44 93
1312 44 103
1313 44 111
1330 44 96
1332 44 101
1340 44 112
1341 44 80
1344 44 84
1347 44 105
1353 44 100
1364 44 88
1366 44 109
1367 44 81
1368 44 109
1382 44 89
1386 44 81
1394 44 94
1401 44 72
1410 44 95
1411 44 78
1412 44 94
1417 44 82
1421 44 69
1422 44 84
1436 44 74
1437 44 85
1438 44 66
1441 44 96
1448 44 83
1452 44 75
1453 44 90
1458 44 77
1459 44 99
1465 44 74
1474 44 99
1475 44 72
1476 44 77
1478 44 92
1490 44 81
1494 44 91
1497 44 93
1517 44 81
1520 44 54
1523 44 68
1531 44 77
1535 44 76
1544 44 78
1545 44 85
1546 44 81
1551 44 75
1556 44 66
1559 44 62
1560 44 74
1561 44 67
1564 44 52
1571 44 60
1577 44 66
1584 44 76
1589 44 64
1594 44 69
1596 44 56
1600 44 59
1603 44 68
1606 44 68
1611 44 70
1619 44 74
1629 44 56
1634 44 67
1635 44 54
1642 44 61
1648 44 79
1649 44 74
1652 44 53
1655 44 54
1667 44 70
1670 44 70
1674 44 69
1690 44 57
1691 44 62
1693 44 56
1732 44 65
1734 44 52
1736 44 51
1737 44 56
1747 44 46
1749 44 56
1755 44 48
1772 44 55
1774 44 44
1777 44 45
1778 44 47
1780 44 53
1781 44 60
1786 44 59
1794 44 38
1795 44 53
1797 44 47
1807 44 40
1811 44 42
1815 44 58
1830 44 53
1834 44 54
1835 44 34
1841 44 47
1849 44 37
1857 44 55
1859 44 41
1862 44 42
1872 44 38
1880 44 53
1881 44 43
1884 44 36
1886 44 39
1897 44 47
1902 44 42
1906 44 48
1909 44 37
1910 44 32
1914 44 35
1917 44 37
1920 44 36
1930 44 56
1932 44 48
1933 44 40
1943 44 38
1945 44 53
1947 44 42
1951 44 39
1968 44 40
1974 44 38
1977 44 43
1980 44 33
1981 44 41
1989 44 44
1994 44 34
2001 44 24
2002 44 36
2006 44 36
2019 44 32
2032 44 28
2050 44 39
2066 44 28
2070 44 30
2074 44 31
2082 44 30
2105 44 28
2108 44 30
2132 44 33
2142 44 24
2148 44 27
2159 44 28
2168 44 23
2178 44 23
2181 44 21
2188 44 25
2193 44 25
2224 44 20
2236 44 22
2238 44 17
2242 44 15
2245 44 16
2253 44 24
2256 44 18
2259 44 19
2266 44 26
2286 44 17
2294 44 21
2300 44 16
2305 44 11
2311 44 20
2321 44 17
2322 44 21
2349 44 19
2351 44 12
2353 44 16
2354 44 20
2356 44 16
2376 44 19
2396 44 14
2398 44 11
2400 44 14
2401 44 14
2420 44 11
2427 44 14
2430 44 17
2436 44 13
2440 44 12
2447 44 12
2460 44 8
2462 44 14
2464 44 8
2466 44 7
2468 44 15
2470 44 7
2496 44 11
2509 44 8
2510 44 6
2511 44 8
2527 44 6
2539 44 5
2553 44 9
2555 44 10
2564 44 4
2579 44 14
2582 44 6
2596 44 10
2617 44 11
2619 44 6
2624 44 6
2625 44 3
2655 44 5
2656 44 4
2664 44 2
2669 44 5
2674 44 4
2680 44 7
2689 44 4
2690 44 6
2692 44 6
2693 44 4
2704 44 7
2706 44 4
2715 44 5
2731 44 4
2736 44 5
2740 44 2
2741 44 3
2746 44 2
2750 44 5
2776 44 4
2780 44 2
2785 44 4
2791 44 2
2806 44 2
2842 44 4
2858 44 1
2864 44 1
2877 44 1
2878 44 2
2879 44 2
2884 44 2
2902 44 2
2906 44 1
2911 44 1
2932 44 2
2938 44 1
2944 44 1
2955 44 1
2963 44 1
2968 44 1
2970 44 1
2971 44 1
3 45 304
5 45 293
6 45 315
8 45 269
10 45 310
11 45 303
12 45 275
13 45 287
14 45 302
15 45 313
17 45 302
18 45 263
20 45 292
22 45 287
23 45 298
25 45 308
29 45 306
31 45 298
32 45 303
35 45 276
40 45 324
41 45 267
42 45 271
44 45 300
50 45 302
52 45 306
53 45 310
54 45 289
55 45 289
56 45 263
58 45 304
59 45 316
60 45 280
61 45 274
63 45 291
67 45 297
72 45 276
75 45 285
77 45 313
79 45 294
80 45 275
81 45 267
83 45 275
85 45 266
87 45 269
93 45 281
98 45 283
101 45 292
104 45 289
105 45 291
107 45 291
115 45 277
116 45 260
120 45 303
121 45 291
124 45 247
125 45 284
129 45 268
130 45 283
131 45 280
132 45 262
136 45 267
137 45 269
140 45 289
144 45 287
149 45 268
151 45 295
155 45 283
157 45 271
158 45 277
163 45 270
164 45 264
166 45 258
169 45 261
170 45 270
171 45 265
177 45 276
180 45 244
182 45 276
183 45 272
186 45 268
187 45 294
190 45 272
192 45 245
193 45 243
194 45 260
195 45 267
197 45 271
199 45 250
202 45 260
203 45 287
205 45 288
208 45 261
210 45 241
211 45 232
215 45 234
219 45 257
221 45 268
230 45 253
231 45 255
235 45 259
236 45 263
237 45 259
238 45 274
240 45 270
241 45 257
242 45 237
246 45 223
247 45 273
248 45 247
254 45 251
255 45 226
256 45 259
257 45 224
265 45 265
268 45 231
270 45 251
276 45 249
279 45 231
282 45 263
287 45 254
291 45 244
292 45 266
295 45 243
296 45 250
299 45 231
300 45 225
305 45 239
306 45 239
308 45 260
314 45 240
315 45 229
316 45 223
319 45 253
321 45 233
322 45 232
323 45 237
327 45 241
335 45 268
339 45 218
346 45 232
353 45 214
354 45 218
355 45 204
356 45 250
357 45 251
367 45 212
372 45 241
373 45 232
375 45 224
377 45 229
380 45 234
381 45 249
383 45 210
387 45 243
389 45 206
390 45 231
391 45 231
392 45 228
393 45 218
397 45 246
398 45 231
399 45 239
401 45 243
402 45 223
403 45 248
404 45 208
405 45 220
408 45 225
411 45 236
414 45 224
420 45 233
424 45 204
425 45 226
426 45 250
427 45 228
431 45 224
441 45 224
442 45 218
443 45 248
444 45 225
445 45 238
452 45 231
453 45 205
455 45 212
456 45 201
462 45 241
463 45 200
464 45 218
465 45 213
467 45 237
469 45 214
472 45 201
473 45 217
474 45 206
479 45 198
482 45 208
485 45 221
491 45 187
500 45 203
503 45 228
504 45 239
506 45 202
511 45 222
513 45 201
518 45 226
519 45 191
521 45 198
525 45 225
528 45 205
529 45 201
531 45 200
534 45 217
535 45 187
538 45 200
539 45 204
543 45 204
544 45 197
548 45 197
549 45 221
551 45 170
557 45 213
563 45 196
564 45 195
566 45 188
567 45 184
568 45 193
569 45 205
576 45 199
580 45 219
586 45 197
587 45 200
593 45 204
596 45 163
597 45 194
599 45 204
600 45 191
601 45 210
603 45 189
606 45 186
608 45 204
609 45 184
610 45 191
612 45 174
613 45 193
615 45 169
620 45 188
622 45 186
626 45 208
630 45 172
636 45 215
637 45 204
639 45 191
641 45 183
642 45 186
644 45 189
645 45 191
651 45 202
655 45 207
656 45 191
658 45 172
665 45 213
666 45 179
668 45 200
671 45 159
673 45 182
674 45 182
676 45 179
684 45 173
697 45 170
701 45 174
703 45 162
706 45 177
707 45 162
710 45 173
711 45 170
715 45 191
730 45 177
737 45 187
738 45 159
739 45 176
741 45 155
744 45 158
748 45 188
749 45 159
752 45 176
756 45 172
757 45 145
759 45 163
760 45 167
762 45 172
766 45 155
767 45 160
768 45 176
772 45 168
775 45 173
786 45 166
790 45 153
793 45 171
803 45 152
804 45 178
816 45 157
819 45 189
826 45 151
829 45 154
841 45 166
842 45 172
843 45 148
853 45 185
856 45 169
860 45 156
861 45 168
865 45 149
870 45 152
876 45 161
880 45 168
881 45 138
882 45 150
887 45 149
891 45 155
892 45 124
894 45 144
897 45 122
898 45 154
899 45 182
902 45 120
904 45 148
906 45 136
909 45 153
910 45 135
918 45 180
920 45 151
927 45 155
929 45 150
930 45 160
932 45 116
934 45 145
936 45 145
940 45 157
942 45 132
944 45 124
946 45 154
948 45 142
951 45 144
952 45 143
960 45 148
961 45 146
963 45 133
964 45 133
967 45 120
969 45 123
970 45 126
971 45 158
975 45 131
983 45 119
985 45 137
992 45 146
993 45 163
1001 45 139
1006 45 129
1007 45 124
1012 45 126
1015 45 118
1018 45 140
1019 45 150
1021 45 152
1031 45 126
1036 45 122
1038 45 124
1039 45 138
1048 45 127
1049 45 130
1055 45 112
1062 45 127
1067 45 152
1074 45 147
1077 45 121
1082 45 122
1084 45 147
1091 45 113
1093 45 125
1095 45 118
1097 45 158
1098 45 127
1105 45 125
1106 45 124
1110 45 112
1116 45 122
1122 45 95
1127 45 116
1128 45 108
1130 45 124
1134 45 112
1137 45 132
1139 45 109
1140 45 123
1141 45 122
1143 45 103
1154 45 125
1158 45 124
1160 45 111
1167 45 114
1173 45 112
1175 45 113
1180 45 105
1185 45 111
1197 45 105
1201 45 113
1202 45 115
1205 45 106
1225 45 115
1236 45 131
1237 45 100
1238 45 106
1241 45 100
1243 45 94
1244 45 116
1245 45 114
1250 45 107
1260 45 97
1262 45 102
1263 45 119
1273 45 98
1275 45 86
1276 45 120
1280 45 112
1288 45 109
1290 45 87
1294 45 90
1295 45 111
1297 45 95
1302 45 108
1303 45 104
1305 45 118
1328 45 100
1331 45 122
1339 45 96
1345 45 92
1347 45 89
1351 45 104
1357 45 85
1358 45 78
1359 45 93
1366 45 101
1381 45 100
1392 45 86
1401 45 99
1406 45 83
1408 45 90
1414 45 104
1417 45 72
1418 45 94
1421 45 87
1422 45 79
1432 45 67
1433 45 91
1434 45 83
1435 45 100
1439 45 76
1451 45 74
1453 45 80
1456 45 86
1459 45 88
1472 45 76
1478 45 99
1480 45 87
1482 45 76
1488 45 84
1489 45 70
1497 45 96
1500 45 77
1506 45 72
1510 45 72
1515 45 63
1531 45 64
1532 45 84
1533 45 74
1534 45 74
1537 45 72
1542 45 69
1543 45 73
1546 45 58
1550 45 64
1551 45 68
1555 45 82
1563 45 73
1567 45 68
1568 45 72
1569 45 64
1572 45 72
1576 45 57
1586 45 73
1594 45 65
1597 45 61
1599 45 75
1600 45 76
1603 45 60
1604 45 82
1608 45 66
1614 45 75
1617 45 61
1618 45 61
1621 45 71
1632 45 77
1646 45 61
1656 45 67
1657 45 70
1662 45 63
1665 45 66
1674 45 65
1675 45 75
1678 45 61
1681 45 58
1685 45 65
1686 45 49
1687 45 58
1698 45 67
1703 45 66
1708 45 53
1712 45 55
1716 45 59
1751 45 66
1757 45 53
1759 45 59
1762 45 38
1777 45 50
1795 45 51
1808 45 38
1814 45 53
1816 45 33
1820 45 52
1823 45 51
1826 45 48
1827 45 47
1852 45 43
1853 45 45
1858 45 43
1865 45 41
1866 45 38
1868 45 56
1869 45 38
1876 45 44
1879 45 32
1881 45 52
1882 45 44
1889 45 39
1891 45 39
1898 45 36
1925 45 37
1926 45 45
1927 45 31
1931 45 44
1940 45 43
1947 45 48
1950 45 42
1971 45 37
1978 45 47
1995 45 23
2002 45 32
2012 45 36
2019 45 26
2022 45 33
2033 45 34
2034 45 25
2042 45 40
2055 45 34
2064 45 40
2076 45 37
2089 45 41
2098 45 41
2109 45 26
2110 45 32
2114 45 28
2115 45 28
2123 45 25
2131 45 23
2134 45 25
2144 45 23
2146 45 28
2147 45 24
2163 45 25
2177 45 19
2184 45 23
2186 45 19
2195 45 26
2199 45 17
2202 45 30
2224 45 22
2236 45 17
2238 45 24
2241 45 23
2242 45 30
2253 45 17
2254 45 31
2257 45 25
2277 45 22
2293 45 27
2296 45 19
2310 45 23
2317 45 12
2320 45 12
2326 45 15
2327 45 16
2344 45 21
2359 45 18
2360 45 19
2363 45 13
2366 45 16
2375 45 14
2376 45 18
2379 45 19
2381 45 9
2394 45 17
2402 45 6
2405 45 12
2407 45 13
2409 45 9
2414 45 15
2420 45 13
2429 45 10
2441 45 19
2444 45 12
2445 45 20
2451 45 12
2458 45 5
2467 45 14
2478 45 9
2485 45 9
2489 45 8
2500 45 6
2504 45 9
2510 45 11
2522 45 11
2524 45 6
2531 45 9
2532 45 9
2538 45 8
2540 45 17
2545 45 6
2548 45 7
2550 45 8
2556 45 5
2561 45 5
2562 45 8
2574 45 5
2580 45 12
2584 45 8
2587 45 11
2588 45 7
2593 45 8
2596 45 9
2616 45 7
2631 45 2
2651 45 9
2678 45 9
2680 45 6
2685 45 5
2707 45 3
2709 45 5
2732 45 4
2733 45 2
2737 45 3
2785 45 3
2787 45 5
2788 45 4
2798 45 2
2799 45 3
2810 45 5
2825 45 1
2848 45 3
2854 45 2
2874 45 1
2880 45 1
2882 45 1
2889 45 1
2906 45 1
2909 45 1
2917 45 1
2925 45 1
2926 45 2
2930 45 1
2937 45 2
2943 45 1
2987 45 1
2990 45 1
2996 45 1
2998 45 1
0 46 313
4 46 311
6 46 320
12 46 303
13 46 314
16 46 301
17 46 298
18 46 271
22 46 278
25 46 302
26 46 290
32 46 313
35 46 274
39 46 328
44 46 306
46 46 277
49 46 242
51 46 311
55 46 297
58 46 298
62 46 276
64 46 258
69 46 299
70 46 278
71 46 298
73 46 294
74 46 260
79 46 296
80 46 316
81 46 281
83 46 264
90 46 326
92 46 277
94 46 279
95 46 291
96 46 284
97 46 276
98 46 270
99 46 288
101 46 272
103 46 272
104 46 254
105 46 248
106 46 265
111 46 284
115 46 265
118 46 267
119 46 269
120 46 257
121 46 282
127 46 301
129 46 319
130 46 279
133 46 274
140 46 270
141 46 271
143 46 287
145 46 288
146 46 297
148 46 287
149 46 233
151 46 251
155 46 241
156 46 264
160 46 275
167 46 252
169 46 250
172 46 245
181 46 260
182 46 234
183 46 283
184 46 296
185 46 244
191 46 251
195 46 247
198 46 260
200 46 292
204 46 273
205 46 277
209 46 259
212 46 253
214 46 250
215 46 244
218 46 247
221 46 266
222 46 254
223 46 258
226 46 280
228 46 255
229 46 254
234 46 269
237 46 277
238 46 244
242 46 273
243 46 262
244 46 256
245 46 252
246 46 244
249 46 254
256 46 236
260 46 245
261 46 264
263 46 269
264 46 265
267 46 235
269 46 266
279 46 289
283 46 246
284 46 235
285 46 254
287 46 253
294 46 240
302 46 246
303 46 256
304 46 235
307 46 223
309 46 231
310 46 241
312 46 249
313 46 257
314 46 227
318 46 219
319 46 228
321 46 238
322 46 264
328 46 248
330 46 241
332 46 249
333 46 224
334 46 240
337 46 258
339 46 229
340 46 234
344 46 238
345 46 208
348 46 246
351 46 249
352 46 250
353 46 223
355 46 220
359 46 252
361 46 258
364 46 234
365 46 213
371 46 228
372 46 226
378 46 226
380 46 229
381 46 205
387 46 230
390 46 214
396 46 221
400 46 219
402 46 197
404 46 227
405 46 230
408 46 234
410 46 219
412 46 238
416 46 262
417 46 234
418 46 222
419 46 228
422 46 191
425 46 227
426 46 222
427 46 236
428 46 221
429 46 221
430 46 226
436 46 210
440 46 210
446 46 214
448 46 215
450 46 239
452 46 243
455 46 233
456 46 208
462 46 205
465 46 204
466 46 230
467 46 225
472 46 200
474 46 234
477 46 212
481 46 213
483 46 204
487 46 212
493 46 197
502 46 208
509 46 193
510 46 213
514 46 202
517 46 199
522 46 222
523 46 222
527 46 175
530 46 190
534 46 213
537 46 207
538 46 209
539 46 195
542 46 194
544 46 225
546 46 186
550 46 201
551 46 201
556 46 214
561 46 198
563 46 198
572 46 190
579 46 186
584 46 201
585 46 219
591 46 201
592 46 211
593 46 194
594 46 173
598 46 228
599 46 208
601 46 201
603 46 179
606 46 175
607 46 174
609 46 203
612 46 194
613 46 183
617 46 181
622 46 180
623 46 199
628 46 189
631 46 226
638 46 177
639 46 201
640 46 179
641 46 160
649 46 195
652 46 196
653 46 185
664 46 196
668 46 198
669 46 182
670 46 205
673 46 192
676 46 171
689 46 185
691 46 187
698 46 155
703 46 177
705 46 191
706 46 202
708 46 195
711 46 150
713 46 175
716 46 158
721 46 185
722 46 182
723 46 162
729 46 173
734 46 183
737 46 170
740 46 172
745 46 165
747 46 162
749 46 189
751 46 192
756 46 168
758 46 167
763 46 159
766 46 181
770 46 187
772 46 185
777 46 177
786 46 180
789 46 152
791 46 178
794 46 177
797 46 164
798 46 177
799 46 163
802 46 173
806 46 168
808 46 176
811 46 166
812 46 167
814 46 174
816 46 151
817 46 152
819 46 170
821 46 160
823 46 168
825 46 143
827 46 137
835 46 150
837 46 141
838 46 148
840 46 157
844 46 152
846 46 149
853 46 171
857 46 160
861 46 155
863 46 146
875 46 154
882 46 151
892 46 141
896 46 169
897 46 166
898 46 133
904 46 145
906 46 134
919 46 135
920 46 135
927 46 129
928 46 116
930 46 130
931 46 147
944 46 154
951 46 154
956 46 141
959 46 117
963 46 125
965 46 124
967 46 138
972 46 130
976 46 111
984 46 139
987 46 143
989 46 139
995 46 146
999 46 112
1006 46 155
1009 46 135
1011 46 129
1018 46 125
1025 46 125
1031 46 152
1036 46 135
1047 46 115
1049 46 119
1054 46 131
1059 46 118
1062 46 123
1064 46 148
1069 46 113
1074 46 130
1079 46 115
1082 46 149
1084 46 128
1085 46 117
1086 46 140
1087 46 132
1091 46 105
1092 46 123
1093 46 128
1095 46 126
1100 46 132
1106 46 105
1107 46 126
1108 46 122
1109 46 115
1114 46 123
1131 46 122
1133 46 112
1137 46 124
1143 46 105
1145 46 108
1146 46 101
1147 46 118
1151 46 115
1159 46 105
1162 46 113
1163 46 124
1170 46 106
1182 46 113
1183 46 105
1196 46 125
1200 46 116
1205 46 113
1210 46 89
1218 46 110
1226 46 99
1231 46 109
1242 46 126
1245 46 100
1252 46 103
1253 46 96
1255 46 101
1256 46 107
1257 46 104
1258 46 114
1262 46 108
1263 46 96
1270 46 97
1282 46 96
1283 46 106
1285 46 105
1289 46 85
1290 46 124
1293 46 102
1301 46 115
1306 46 82
1307 46 103
1312 46 94
1313 46 99
1314 46 96
1315 46 103
1316 46 82
1317 46 96
1330 46 87
1344 46 92
1353 46 94
1360 46 89
1363 46 101
1365 46 89
1366 46 88
1368 46 95
1380 46 93
1382 46 98
1386 46 109
1390 46 93
1403 46 95
1409 46 87
1410 46 84
1411 46 95
1426 46 86
1428 46 88
1430 46 81
1434 46 89
1435 46 73
1438 46 89
1445 46 96
1448 46 83
1454 46 76
1457 46 71
1458 46 96
1468 46 93
1475 46 79
1490 46 71
1494 46 88
1499 46 83
1504 46 72
1507 46 63
1509 46 79
1512 46 68
1524 46 76
1540 46 82
1542 46 60
1550 46 79
1556 46 57
1560 46 63
1565 46 81
1572 46 78
1574 46 75
1577 46 70
1590 46 75
1591 46 87
1594 46 65
1597 46 64
1598 46 68
1601 46 69
1603 46 70
1613 46 72
1620 46 80
1625 46 70
1630 46 53
1635 46 72
1640 46 66
1651 46 58
1655 46 64
1663 46 68
1669 46 60
1670 46 60
1675 46 56
1681 46 70
1683 46 56
1685 46 61
1686 46 57
1687 46 65
1689 46 57
1695 46 50
1697 46 64
1700 46 68
1703 46 49
1705 46 42
1707 46 66
1708 46 38
1709 46 54
1711 46 67
1722 46 50
1726 46 51
1738 46 54
1743 46 61
1750 46 54
1751 46 48
1760 46 64
1761 46 61
1767 46 70
1770 46 43
1771 46 47
1773 46 55
1777 46 42
1779 46 48
1790 46 53
1794 46 45
1808 46 49
1810 46 42
1812 46 46
1839 46 50
1854 46 52
1857 46 45
1859 46 39
1865 46 42
1874 46 49
1878 46 35
1883 46 45
1894 46 40
1900 46 26
1902 46 52
1911 46 37
1913 46 33
1915 46 45
1931 46 49
1938 46 34
1941 46 37
1957 46 35
1965 46 24
1976 46 60
1981 46 35
1987 46 45
1989 46 37
1995 46 33
1998 46 22
2025 46 31
2037 46 29
2041 46 32
2044 46 30
2047 46 35
2048 46 24
2051 46 23
2075 46 27
2076 46 32
2079 46 27
2087 46 30
2091 46 20
2092 46 32
2101 46 28
2111 46 25
2112 46 35
2113 46 26
2118 46 28
2126 46 23
2131 46 32
2139 46 29
2140 46 27
2144 46 25
2153 46 21
2166 46 27
2168 46 20
2173 46 31
2190 46 31
2200 46 18
2206 46 18
2216 46 21
2221 46 35
2222 46 31
2231 46 28
2246 46 16
2252 46 19
2254 46 14
2259 46 18
2272 46 12
2289 46 14
2297 46 20
2303 46 19
2308 46 24
2310 46 17
2311 46 24
2313 46 15
2316 46 19
2320 46 18
2339 46 16
2366 46 18
2374 46 22
2375 46 12
2388 46 18
2403 46 18
2404 46 7
2413 46 16
2416 46 12
2423 46 7
2426 46 18
2431 46 20
2456 46 10
2472 46 11
2474 46 7
2476 46 11
2481 46 10
2487 46 8
2491 46 10
2495 46 11
2500 46 7
2510 46 8
2511 46 11
2525 46 11
2555 46 4
2560 46 8
2567 46 11
2586 46 4
2591 46 7
2596 46 6
2610 46 9
2635 46 2
2636 46 9
2640 46 2
2660 46 7
2671 46 4
2676 46 2
2682 46 2
2685 46 7
2707 46 8
2712 46 2
2729 46 5
2738 46 5
2754 46 3
2761 46 4
2767 46 3
2768 46 3
2772 46 2
2777 46 2
2783 46 3
2787 46 4
2795 46 3
2817 46 1
2818 46 3
2827 46 3
2850 46 1
2855 46 3
2866 46 1
2871 46 1
2892 46 1
2895 46 2
2900 46 1
2906 46 3
2923 46 2
2925 46 1
2936 46 2
2943 46 1
2953 46 1
2954 46 1
2960 46 1
2965 46 1
2981 46 1
0 47 297
2 47 294
5 47 299
6 47 294
7 47 291
8 47 274
10 47 301
11 47 282
12 47 288
13 47 290
20 47 307
21 47 318
22 47 267
23 47 276
24 47 299
25 47 275
26 47 291
30 47 313
33 47 265
34 47 273
41 47 273
44 47 306
47 47 291
48 47 273
51 47 293
53 47 281
54 47 289
56 47 303
57 47 295
60 47 277
61 47 280
62 47 295
63 47 304
64 47 302
68 47 300
72 47 282
73 47 293
75 47 322
77 47 300
79 47 295
80 47 296
85 47 286
90 47 282
91 47 305
92 47 312
93 47 294
94 47 270
100 47 253
102 47 252
104 47 284
105 47 273
106 47 316
107 47 267
109 47 287
111 47 288
113 47 274
115 47 279
117 47 264
121 47 279
123 47 269
125 47 300
130 47 284
135 47 267
139 47 277
141 47 258
144 47 280
146 47 281
149 47 229
150 47 262
156 47 273
159 47 267
162 47 292
164 47 255
165 47 262
167 47 266
168 47 289
171 47 252
172 47 259
173 47 258
174 47 244
176 47 275
178 47 269
183 47 256
185 47 228
191 47 242
192 47 280
194 47 263
199 47 267
200 47 247
205 47 239
209 47 256
213 47 243
215 47 281
216 47 321
219 47 243
220 47 240
221 47 245
222 47 224
223 47 293
227 47 235
228 47 293
229 47 258
230 47 244
233 47 249
234 47 258
236 47 236
237 47 236
243 47 282
250 47 255
251 47 255
253 47 275
254 47 241
256 47 221
258 47 246
268 47 244
270 47 256
273 47 222
278 47 228
280 47 240
283 47 294
284 47 258
286 47 243
287 47 221
290 47 255
292 47 237
294 47 218
296 47 239
297 47 252
298 47 241
300 47 260
302 47 261
303 47 259
308 47 258
309 47 240
311 47 236
318 47 218
321 47 256
323 47 216
324 47 216
325 47 230
326 47 236
328 47 203
329 47 232
331 47 248
333 47 244
335 47 203
336 47 235
337 47 257
338 47 235
339 47 261
341 47 225
345 47 248
347 47 258
348 47 224
352 47 215
355 47 246
358 47 234
360 47 258
362 47 237
365 47 253
370 47 249
371 47 240
373 47 236
376 47 222
377 47 231
381 47 249
382 47 228
383 47 238
384 47 189
386 47 224
389 47 241
391 47 241
394 47 204
397 47 215
399 47 229
401 47 249
402 47 209
405 47 215
406 47 223
407 47 239
413 47 236
415 47 239
420 47 213
426 47 205
434 47 213
437 47 239
440 47 211
448 47 233
449 47 240
450 47 222
451 47 237
452 47 185
461 47 192
462 47 212
467 47 229
470 47 200
471 47 226
472 47 228
474 47 214
477 47 193
481 47 208
489 47 210
501 47 195
503 47 209
506 47 202
507 47 226
522 47 219
523 47 194
525 47 173
527 47 200
529 47 224
531 47 191
538 47 237
539 47 203
541 47 207
542 47 212
545 47 183
550 47 216
555 47 186
558 47 190
559 47 215
562 47 214
563 47 202
564 47 211
572 47 200
576 47 217
577 47 230
578 47 199
581 47 214
586 47 224
592 47 190
593 47 190
594 47 170
596 47 175
599 47 166
604 47 193
608 47 234
609 47 212
610 47 213
611 47 189
612 47 189
614 47 189
615 47 184
617 47 209
618 47 180
625 47 185
629 47 176
635 47 215
641 47 197
643 47 203
652 47 168
661 47 162
665 47 180
672 47 179
673 47 195
681 47 190
685 47 164
688 47 189
690 47 203
698 47 154
699 47 192
704 47 170
707 47 187
708 47 170
717 47 208
724 47 169
726 47 173
730 47 179
732 47 184
738 47 176
754 47 143
756 47 137
757 47 155
759 47 170
760 47 166
774 47 159
778 47 180
782 47 196
785 47 170
789 47 171
794 47 156
795 47 162
796 47 164
800 47 161
809 47 160
810 47 192
812 47 171
813 47 146
814 47 161
817 47 146
818 47 175
819 47 154
828 47 157
832 47 155
836 47 160
837 47 157
839 47 119
840 47 165
845 47 183
848 47 138
851 47 149
855 47 170
858 47 164
868 47 153
871 47 166
874 47 129
876 47 153
885 47 167
888 47 163
891 47 142
896 47 150
897 47 133
904 47 145
905 47 163
906 47 142
910 47 132
915 47 168
916 47 146
918 47 132
921 47 144
923 47 150
936 47 144
944 47 136
945 47 140
949 47 145
950 47 130
953 47 166
966 47 145
980 47 136
983 47 149
994 47 135
996 47 133
1002 47 130
1004 47 134
1007 47 140
1010 47 119
1013 47 139
1014 47 126
1027 47 142
1038 47 130
1039 47 122
1040 47 127
1041 47 126
1044 47 105
1045 47 129
1051 47 130
1052 47 139
1054 47 146
1057 47 121
1058 47 141
1061 47 120
1063 47 146
1064 47 146
1067 47 118
1068 47 140
1069 47 141
1075 47 140
1079 47 124
1082 47 123
1085 47 132
1087 47 144
1092 47 115
1109 47 121
1111 47 124
1114 47 103
1115 47 131
1117 47 117
1119 47 125
1121 47 128
1126 47 128
1129 47 123
1133 47 114
1139 47 118
1141 47 126
1144 47 108
1145 47 124
1147 47 124
1153 47 120
1159 47 132
1160 47 112
1169 47 127
1173 47 87
1175 47 107
1183 47 107
1184 47 117
1189 47 99
1194 47 124
1195 47 107
1197 47 106
1205 47 96
1214 47 98
1218 47 92
1223 47 117
1228 47 101
1233 47 111
1237 47 110
1241 47 109
1242 47 110
1243 47 115
1253 47 116
1255 47 99
1263 47 100
1264 47 115
1274 47 98
1275 47 95
1276 47 107
1277 47 93
1284 47 98
1287 47 97
1292 47 93
1293 47 96
1294 47 112
1301 47 99
1303 47 89
1304 47 109
1307 47 99
1308 47 105
1310 47 99
1312 47 99
1313 47 106
1317 47 107
1323 47 107
1328 47 87
1330 47 101
1332 47 81
1333 47 76
1341 47 99
1346 47 90
1349 47 84
1350 47 106
1361 47 107
1363 47 91
1365 47 90
1368 47 88
1369 47 78
1370 47 93
1379 47 82
1385 47 90
1388 47 83
1391 47 79
1397 47 88
1399 47 82
1400 47 70
1403 47 104
1405 47 91
1415 47 89
1418 47 82
1421 47 96
1423 47 89
1426 47 83
1431 47 81
1436 47 85
1437 47 93
1438 47 74
1447 47 84
1452 47 78
1457 47 88
1458 47 77
1460 47 87
1464 47 89
1467 47 67
1468 47 69
1473 47 77
1474 47 77
1481 47 76
1496 47 86
1502 47 80
1504 47 84
1510 47 84
1514 47 64
1515 47 75
1518 47 77
1519 47 74
1525 47 81
1526 47 71
1546 47 88
1550 47 77
1556 47 73
1557 47 78
1573 47 78
1578 47 69
1582 47 87
1587 47 79
1594 47 69
1596 47 52
1601 47 79
1604 47 70
1608 47 75
1616 47 62
1621 47 73
1628 47 80
1631 47 61
1636 47 70
1640 47 51
1643 47 56
1650 47 54
1655 47 54
1662 47 63
1663 47 54
1684 47 79
1688 47 56
1703 47 52
1710 47 57
1716 47 58
1719 47 48
1720 47 61
1722 47 63
1726 47 52
1731 47 58
1736 47 59
1737 47 68
1740 47 58
1741 47 51
1745 47 66
1752 47 58
1761 47 45
1767 47 46
1768 47 57
1772 47 57
1778 47 48
1784 47 60
1793 47 54
1800 47 48
1801 47 43
1802 47 49
1803 47 59
1813 47 58
1819 47 47
1832 47 55
1841 47 49
1850 47 47
1870 47 54
1873 47 28
1885 47 36
1887 47 47
1894 47 39
1896 47 36
1900 47 42
1906 47 42
1913 47 41
1923 47 42
1931 47 47
1948 47 45
1979 47 36
1981 47 33
1997 47 20
2006 47 32
2041 47 41
2047 47 38
2050 47 38
2054 47 25
2059 47 23
2064 47 31
2068 47 28
2074 47 26
2075 47 29
2084 47 27
2085 47 29
2094 47 27
2102 47 36
2103 47 29
2111 47 25
2138 47 24
2140 47 27
2142 47 30
2149 47 20
2153 47 22
2155 47 26
2156 47 27
2164 47 19
2179 47 27
2193 47 23
2201 47 27
2214 47 20
2228 47 17
2229 47 14
2230 47 19
2232 47 26
2255 47 18
2264 47 15
2266 47 24
2272 47 24
2279 47 16
2281 47 16
2283 47 19
2290 47 20
2308 47 16
2323 47 20
2351 47 18
2353 47 16
2405 47 7
2409 47 12
2418 47 15
2420 47 19
2434 47 17
2442 47 16
2443 47 16
2444 47 12
2448 47 15
2449 47 16
2451 47 9
2470 47 9
2475 47 5
2482 47 14
2489 47 13
2493 47 15
2499 47 12
2501 47 14
2505 47 10
2508 47 7
2528 47 11
2531 47 14
2533 47 11
2535 47 9
2544 47 3
2549 47 13
2550 47 8
2557 47 9
2581 47 4
2587 47 6
2590 47 7
2598 47 7
2602 47 4
2605 47 4
2621 47 5
2622 47 6
2624 47 10
2636 47 6
2637 47 6
2644 47 1
2652 47 7
2656 47 3
2657 47 4
2659 47 4
2665 47 5
2675 47 5
2685 47 6
2689 47 6
2690 47 4
2691 47 3
2697 47 1
2700 47 3
2702 47 8
2708 47 5
2714 47 3
2732 47 6
2735 47 1
2743 47 5
2751 47 5
2762 47 2
2778 47 3
2794 47 4
2807 47 1
2809 47 2
2825 47 3
2832 47 1
2836 47 2
2844 47 1
2846 47 1
2850 47 1
2852 47 3
2891 47 1
2899 47 2
2901 47 1
2920 47 1
2926 47 1
2931 47 2
2940 47 1
2971 47 1
2972 47 1
2996 47 1
0 48 281
1 48 303
2 48 327
5 48 336
7 48 296
9 48 294
12 48 279
13 48 294
15 48 309
17 48 279
18 48 291
21 48 287
24 48 299
25 48 286
26 48 278
27 48 275
29 48 289
33 48 273
35 48 272
36 48 282
37 48 276
42 48 292
46 48 274
47 48 287
48 48 300
52 48 268
58 48 307
60 48 298
63 48 319
64 48 295
65 48 277
70 48 278
75 48 241
76 48 261
77 48 299
78 48 297
83 48 285
90 48 256
91 48 290
92 48 272
93 48 281
94 48 268
95 48 262
96 48 236
97 48 279
98 48 268
99 48 266
100 48 267
101 48 280
102 48 287
103 48 266
106 48 318
111 48 286
112 48 287
113 48 288
114 48 268
118 48 260
125 48 307
132 48 266
133 48 262
136 48 259
139 48 305
141 48 286
142 48 274
144 48 274
149 48 301
150 48 290
151 48 247
152 48 288
160 48 274
165 48 275
173 48 279
180 48 274
183 48 292
185 48 277
188 48 254
190 48 286
191 48 285
192 48 293
198 48 261
202 48 264
203 48 265
207 48 253
209 48 262
210 48 264
212 48 274
215 48 264
216 48 231
217 48 271
219 48 243
220 48 252
222 48 263
224 48 264
228 48 258
229 48 249
230 48 245
242 48 241
243 48 256
244 48 262
247 48 282
248 48 289
250 48 257
252 48 257
255 48 252
256 48 257
257 48 258
261 48 267
262 48 246
263 48 271
264 48 245
266 48 224
267 48 264
269 48 222
270 48 225
271 48 268
274 48 265
276 48 267
277 48 257
278 48 279
281 48 227
282 48 245
283 48 252
286 48 236
288 48 255
289 48 249
290 48 248
299 48 244
301 48 233
303 48 228
313 48 251
315 48 257
318 48 229
319 48 261
321 48 241
323 48 253
326 48 262
327 48 264
328 48 243
331 48 210
332 48 220
334 48 229
338 48 214
341 48 243
342 48 228
345 48 236
346 48 234
349 48 276
352 48 242
355 48 232
356 48 236
358 48 240
365 48 209
366 48 248
368 48 246
370 48 211
375 48 223
377 48 278
381 48 227
386 48 256
389 48 243
397 48 252
401 48 221
404 48 210
405 48 258
407 48 197
408 48 225
409 48 231
410 48 213
411 48 241
414 48 200
417 48 218
418 48 200
424 48 217
427 48 255
430 48 224
431 48 204
434 48 213
437 48 204
442 48 220
445 48 230
449 48 230
452 48 214
453 48 234
454 48 208
460 48 205
462 48 214
463 48 227
464 48 226
465 48 220
470 48 187
476 48 220
478 48 219
485 48 214
489 48 213
496 48 218
498 48 192
501 48 239
502 48 223
504 48 193
507 48 226
510 48 206
513 48 208
514 48 222
515 48 211
516 48 221
517 48 196
519 48 184
522 48 214
524 48 215
525 48 203
527 48 200
529 48 176
530 48 178
531 48 184
536 48 216
537 48 187
539 48 217
541 48 212
543 48 195
546 48 201
548 48 213
549 48 200
550 48 203
552 48 203
558 48 193
560 48 216
562 48 212
565 48 214
566 48 236
567 48 185
575 48 189
579 48 174
582 48 182
583 48 203
586 48 202
596 48 166
597 48 214
598 48 184
602 48 190
605 48 188
607 48 201
608 48 210
618 48 180
622 48 207
624 48 189
630 48 205
632 48 166
634 48 186
635 48 204
637 48 201
640 48 197
643 48 164
654 48 214
661 48 188
662 48 188
663 48 179
666 48 161
667 48 173
676 48 191
679 48 175
680 48 183
684 48 177
685 48 150
688 48 187
691 48 181
693 48 177
695 48 190
702 48 205
713 48 198
721 48 179
723 48 163
725 48 182
726 48 171
727 48 176
733 48 173
734 48 191
736 48 181
741 48 167
743 48 166
744 48 183
745 48 176
748 48 188
753 48 176
755 48 146
757 48 166
763 48 161
764 48 160
768 48 160
772 48 178
774 48 158
776 48 163
783 48 163
785 48 159
788 48 175
793 48 156
796 48 175
798 48 158
805 48 153
810 48 158
811 48 175
812 48 163
817 48 170
821 48 168
826 48 167
837 48 158
843 48 156
855 48 161
859 48 141
860 48 167
861 48 156
867 48 152
878 48 172
885 48 143
887 48 155
891 48 144
897 48 148
898 48 157
899 48 172
900 48 146
916 48 132
921 48 160
923 48 152
924 48 152
926 48 128
931 48 138
934 48 120
936 48 161
937 48 139
938 48 141
944 48 142
945 48 136
946 48 144
947 48 150
957 48 142
960 48 142
962 48 129
964 48 149
968 48 124
969 48 140
975 48 118
977 48 144
978 48 169
984 48 137
986 48 109
992 48 133
994 48 140
1003 48 132
1006 48 134
1007 48 149
1009 48 144
1010 48 132
1011 48 139
1013 48 129
1015 48 121
1020 48 146
1023 48 141
1031 48 119
1038 48 125
1042 48 143
1043 48 129
1053 48 115
1058 48 133
1065 48 133
1068 48 130
1071 48 137
1072 48 136
1075 48 141
1078 48 97
1085 48 124
1093 48 149
1094 48 113
1098 48 131
1101 48 103
1108 48 128
1113 48 127
1114 48 108
1116 48 123
1119 48 141
1120 48 144
1133 48 114
1136 48 121
1137 48 121
1139 48 115
1141 48 122
1142 48 115
1143 48 105
1148 48 121
1153 48 101
1155 48 124
1157 48 115
1159 48 104
1160 48 95
1161 48 111
1162 48 137
1165 48 109
1167 48 111
1174 48 120
1178 48 110
1189 48 119
1194 48 118
1197 48 110
1203 48 117
1207 48 125
1210 48 97
1218 48 108
1221 48 100
1222 48 106
1236 48 106
1239 48 105
1240 48 115
1252 48 126
1255 48 114
1265 48 115
1266 48 114
1267 48 108
1271 48 96
1274 48 98
1280 48 81
1298 48 113
1300 48 92
1303 48 85
1304 48 114
1306 48 95
1316 48 96
1325 48 89
1335 48 98
1341 48 102
1342 48 110
1343 48 104
1352 48 90
1356 48 93
1363 48 108
1368 48 87
1373 48 106
1374 48 82
1382 48 87
1385 48 88
1386 48 75
1388 48 82
1393 48 103
1398 48 90
1404 48 98
1409 48 97
1412 48 96
1415 48 67
1430 48 88
1432 48 80
1435 48 87
1437 48 71
1440 48 88
1458 48 76
1462 48 77
1466 48 86
1478 48 84
1489 48 81
1491 48 81
1494 48 78
1504 48 67
1507 48 85
1510 48 74
1513 48 70
1516 48 76
1520 48 64
1522 48 77
1525 48 89
1534 48 76
1535 48 73
1540 48 76
1544 48 74
1547 48 69
1548 48 63
1560 48 78
1569 48 66
1575 48 72
1580 48 65
1584 48 75
1605 48 73
1606 48 69
1613 48 69
1617 48 56
1625 48 66
1626 48 77
1630 48 63
1644 48 53
1646 48 63
1649 48 58
1650 48 70
1654 48 60
1663 48 59
1674 48 63
1689 48 47
1714 48 54
1717 48 58
1721 48 61
1726 48 58
1730 48 65
1744 48 57
1750 48 54
1756 48 49
1758 48 49
1759 48 51
1762 48 68
1764 48 61
1769 48 50
1773 48 49
1781 48 46
1788 48 33
1790 48 51
1791 48 54
1800 48 40
1808 48 47
1809 48 48
1817 48 45
1820 48 57
1838 48 34
1861 48 60
1876 48 41
1894 48 40
1897 48 40
1899 48 31
1901 48 43
1902 48 42
1903 48 41
1907 48 35
1914 48 38
1926 48 47
1938 48 40
1947 48 47
1948 48 40
1953 48 43
1956 48 41
1962 48 28
1963 48 35
1973 48 36
1983 48 37
1986 48 33
1989 48 36
1990 48 35
1995 48 36
2005 48 34
2009 48 40
2010 48 28
2013 48 31
2017 48 25
2018 48 27
2037 48 34
2047 48 31
2053 48 31
2056 48 35
2074 48 28
2082 48 26
2092 48 36
2094 48 27
2108 48 24
2111 48 28
2112 48 25
2118 48 23
2119 48 24
2124 48 24
2133 48 33
2153 48 19
2156 48 29
2158 48 24
2173 48 22
2175 48 34
2177 48 26
2184 48 21
2187 48 29
2196 48 24
2203 48 30
2212 48 31
2227 48 18
2242 48 22
2243 48 17
2249 48 21
2259 48 23
2269 48 26
2278 48 19
2280 48 22
2289 48 26
2295 48 12
2301 48 18
2320 48 19
2325 48 18
2328 48 15
2329 48 13
2332 48 15
2358 48 17
2375 48 22
2378 48 19
2381 48 10
2383 48 13
2385 48 14
2390 48 17
2393 48 16
2395 48 7
2400 48 12
2405 48 8
2407 48 13
2408 48 11
2409 48 12
2410 48 8
2412 48 15
2415 48 12
2416 48 16
2418 48 11
2430 48 14
2431 48 4
2439 48 8
2467 48 11
2468 48 8
2470 48 12
2473 48 13
2474 48 10
2494 48 14
2509 48 6
2514 48 10
2516 48 13
2518 48 11
2534 48 5
2551 48 8
2576 48 10
2579 48 7
2582 48 8
2584 48 8
2605 48 5
2614 48 8
2616 48 9
2622 48 6
2627 48 6
2632 48 10
2641 48 3
2666 48 5
2667 48 9
2670 48 5
2685 48 11
2699 48 4
2701 48 2
2721 48 6
2746 48 5
2757 48 6
2767 48 2
2776 48 2
2780 48 2
2799 48 8
2805 48 2
2806 48 3
2811 48 2
2812 48 1
2814 48 3
2823 48 2
2829 48 2
2832 48 2
2835 48 2
2846 48 2
2857 48 2
2860 48 1
2867 48 2
2868 48 1
2878 48 2
2884 48 2
2886 48 1
2891 48 2
2901 48 2
2906 48 2
2925 48 1
2929 48 1
2946 48 2
2955 48 1
2984 48 2
2986 48 1
2988 48 1
5 49 291
8 49 299
9 49 313
11 49 300
12 49 271
13 49 296
15 49 297
16 49 306
18 49 295
19 49 308
20 49 306
24 49 317
25 49 284
26 49 277
27 49 303
28 49 312
31 49 325
35 49 304
36 49 298
37 49 282
38 49 302
39 49 273
40 49 279
41 49 286
42 49 279
44 49 304
45 49 317
47 49 297
48 49 295
49 49 286
51 49 269
54 49 290
55 49 322
56 49 304
58 49 296
60 49 285
63 49 276
64 49 281
67 49 270
70 49 288
74 49 288
78 49 275
80 49 271
82 49 279
86 49 289
87 49 282
88 49 289
89 49 273
90 49 284
92 49 259
95 49 256
100 49 287
103 49 280
105 49 284
114 49 269
121 49 278
122 49 285
123 49 269
124 49 271
125 49 250
126 49 248
127 49 274
133 49 298
134 49 271
135 49 266
138 49 301
139 49 294
141 49 294
149 49 288
150 49 254
152 49 261
153 49 268
156 49 260
157 49 278
159 49 277
161 49 280
163 49 259
165 49 257
168 49 253
171 49 293
173 49 289
175 49 251
178 49 278
179 49 268
184 49 276
185 49 264
187 49 270
190 49 278
192 49 282
193 49 251
195 49 295
199 49 256
200 49 275
201 49 285
203 49 285
204 49 279
212 49 253
216 49 269
221 49 295
223 49 244
229 49 289
233 49 244
236 49 278
239 49 263
240 49 248
243 49 262
245 49 283
246 49 279
248 49 260
250 49 252
256 49 261
258 49 239
259 49 245
264 49 267
269 49 265
272 49 251
274 49 264
278 49 244
279 49 242
280 49 243
284 49 225
285 49 236
286 49 229
290 49 252
292 49 223
293 49 215
295 49 243
296 49 246
297 49 255
298 49 245
299 49 263
304 49 226
305 49 214
306 49 236
308 49 232
310 49 238
311 49 234
315 49 246
323 49 240
327 49 244
329 49 236
331 49 233
334 49 231
336 49 238
337 49 213
342 49 260
348 49 263
349 49 225
351 49 252
352 49 233
353 49 234
356 49 239
357 49 216
360 49 229
363 49 225
364 49 236
365 49 220
366 49 236
370 49 210
377 49 246
379 49 223
380 49 240
385 49 230
388 49 236
391 49 240
392 49 227
402 49 208
405 49 237
408 49 221
410 49 202
421 49 211
424 49 246
429 49 228
431 49 232
432 49 215
433 49 219
436 49 224
442 49 242
446 49 209
449 49 215
454 49 208
455 49 219
457 49 238
459 49 225
461 49 233
462 49 214
466 49 227
469 49 216
470 49 219
472 49 213
475 49 209
478 49 222
479 49 215
480 49 232
481 49 226
484 49 232
485 49 229
488 49 203
491 49 223
495 49 216
503 49 213
506 49 230
509 49 214
510 49 192
512 49 185
513 49 213
515 49 213
517 49 221
520 49 228
523 49 211
524 49 215
525 49 187
528 49 214
530 49 199
535 49 193
538 49 214
541 49 220
543 49 210
544 49 202
545 49 201
546 49 203
549 49 193
550 49 193
551 49 182
552 49 232
553 49 202
555 49 200
559 49 197
561 49 217
568 49 223
570 49 206
572 49 213
573 49 222
575 49 194
577 49 200
578 49 212
582 49 185
591 49 168
595 49 179
596 49 176
597 49 188
598 49 193
601 49 177
603 49 193
604 49 184
605 49 180
606 49 169
608 49 196
609 49 206
612 49 163
615 49 182
618 49 216
619 49 201
620 49 204
625 49 195
628 49 195
629 49 194
634 49 189
636 49 194
639 49 170
644 49 198
645 49 181
647 49 186
648 49 197
650 49 167
651 49 192
653 49 196
660 49 161
661 49 197
662 49 193
663 49 178
667 49 162
672 49 193
678 49 196
679 49 192
680 49 152
681 49 188
682 49 187
683 49 198
685 49 185
691 49 173
695 49 166
696 49 152
703 49 182
708 49 179
709 49 196
725 49 183
731 49 198
733 49 170
739 49 153
740 49 150
741 49 164
749 49 167
752 49 170
756 49 167
762 49 167
766 49 158
767 49 168
773 49 184
774 49 176
775 49 185
777 49 167
780 49 166
790 49 141
791 49 166
794 49 166
795 49 164
799 49 159
800 49 152
803 49 163
806 49 179
807 49 154
809 49 169
812 49 164
816 49 169
836 49 167
851 49 165
855 49 158
857 49 150
864 49 168
869 49 145
870 49 134
873 49 128
876 49 158
886 49 158
897 49 136
899 49 152
902 49 159
904 49 128
905 49 140
909 49 138
916 49 171
917 49 159
918 49 152
922 49 161
928 49 132
929 49 155
931 49 158
937 49 148
940 49 159
948 49 153
955 49 140
960 49 163
966 49 132
968 49 134
969 49 136
971 49 128
972 49 145
974 49 139
977 49 139
981 49 112
984 49 132
985 49 127
987 49 152
994 49 141
997 49 130
998 49 144
1006 49 123
1008 49 106
1011 49 154
1013 49 138
1014 49 117
1019 49 143
1020 49 148
1023 49 136
1024 49 133
1033 49 130
1034 49 121
1035 49 141
1036 49 139
1041 49 116
1048 49 115
1049 49 161
1050 49 137
1055 49 134
1057 49 138
1058 49 115
1082 49 108
1084 49 133
1092 49 124
1098 49 116
1101 49 108
1104 49 112
1123 49 107
1127 49 128
1131 49 121
1132 49 118
1135 49 104
1139 49 117
1144 49 130
1146 49 143
1148 49 104
1150 49 104
1151 49 111
1153 49 101
1154 49 117
1160 49 111
1161 49 129
1166 49 99
1167 49 118
1168 49 115
1184 49 109
1186 49 125
1193 49 107
1200 49 103
1204 49 116
1205 49 120
1220 49 109
1223 49 102
1229 49 82
1232 49 104
1239 49 98
1243 49 93
1245 49 102
1255 49 125
1256 49 101
1258 49 115
1259 49 97
1262 49 107
1267 49 90
1268 49 100
1280 49 92
1281 49 113
1282 49 93
1283 49 107
1284 49 126
1296 49 115
1303 49 102
1307 49 86
1308 49 90
1312 49 92
1321 49 102
1323 49 90
1325 49 95
1330 49 87
1333 49 108
1336 49 75
1338 49 98
1342 49 111
1348 49 91
1349 49 101
1357 49 107
1358 49 101
1359 49 89
1361 49 91
1362 49 109
1370 49 87
1371 49 89
1372 49 89
1376 49 81
1377 49 98
1387 49 96
1390 49 83
1391 49 99
1393 49 98
1394 49 79
1403 49 75
1404 49 76
1406 49 85
1409 49 88
1415 49 90
1421 49 77
1429 49 71
1435 49 95
1446 49 88
1447 49 98
1448 49 94
1460 49 74
1463 49 77
1464 49 69
1466 49 80
1468 49 95
1470 49 85
1475 49 75
1483 49 90
1489 49 77
1494 49 76
1499 49 77
1505 49 69
1509 49 79
1527 49 79
1528 49 58
1531 49 67
1536 49 75
1546 49 87
1551 49 64
1564 49 78
1579 49 56
1587 49 66
1589 49 84
1592 49 71
1598 49 64
1600 49 58
1601 49 58
1607 49 66
1611 49 74
1621 49 83
1625 49 88
1630 49 53
1636 49 62
1640 49 68
1642 49 57
1644 49 60
1651 49 74
1667 49 72
1668 49 66
1671 49 75
1676 49 55
1683 49 54
1685 49 52
1688 49 61
1693 49 63
1704 49 52
1713 49 50
1723 49 51
1737 49 60
1738 49 63
1743 49 63
1745 49 52
1751 49 49
1756 49 51
1757 49 56
1769 49 63
1776 49 44
1780 49 62
1787 49 39
1805 49 49
1807 49 53
1808 49 41
1810 49 56
1813 49 54
1814 49 53
1819 49 42
1827 49 44
1841 49 55
1846 49 40
1854 49 48
1862 49 46
1867 49 40
1869 49 48
1875 49 37
1882 49 31
1885 49 44
1903 49 47
1910 49 56
1917 49 48
1920 49 52
1921 49 44
1925 49 29
1933 49 32
1940 49 46
1946 49 37
1958 49 41
1972 49 36
1976 49 39
1979 49 33
1985 49 45
1991 49 27
1994 49 39
2004 49 35
2014 49 30
2016 49 40
2018 49 32
2022 49 36
2029 49 25
2040 49 42
2042 49 33
2046 49 39
2052 49 35
2059 49 34
2065 49 19
2070 49 37
2072 49 37
2073 49 29
2074 49 32
2084 49 32
2085 49 28
2096 49 31
2101 49 29
2102 49 33
2108 49 23
2116 49 32
2118 49 22
2120 49 34
2123 49 22
2134 49 34
2138 49 30
2141 49 17
2160 49 25
2167 49 25
2171 49 27
2172 49 24
2180 49 32
2189 49 23
2214 49 22
2245 49 15
2247 49 19
2250 49 26
2251 49 20
2253 49 27
2273 49 24
2287 49 17
2299 49 20
2327 49 23
2331 49 19
2344 49 14
2348 49 16
2349 49 18
2353 49 15
2356 49 11
2368 49 18
2382 49 20
2394 49 20
2400 49 16
2404 49 19
2416 49 13
2419 49 20
2421 49 13
2422 49 14
2425 49 13
2431 49 11
2434 49 11
2441 49 4
2448 49 13
2453 49 6
2456 49 7
2466 49 16
2490 49 13
2510 49 9
2518 49 9
2538 49 11
2544 49 11
2545 49 11
2559 49 11
2563 49 8
2578 49 8
2582 49 6
2585 49 6
2622 49 6
2637 49 6
2639 49 6
2643 49 5
2644 49 6
2646 49 5
2650 49 4
2652 49 8
2655 49 7
2662 49 3
2671 49 6
2675 49 5
2679 49 3
2682 49 2
2727 49 3
2754 49 4
2763 49 5
2769 49 5
2778 49 5
2786 49 2
2804 49 3
2811 49 2
2812 49 2
2814 49 2
2829 49 5
2839 49 1
2850 49 1
2877 49 2
2883 49 1
2889 49 1
2895 49 2
2901 49 1
2910 49 3
2912 49 1
2920 49 1
2936 49 1
2943 49 1
2944 49 1
2947 49 1
2954 49 1
2955 49 3
2967 49 1
2968 49 1
2990 49 1
2996 49 1
0 50 336
4 50 288
6 50 299
12 50 268
15 50 289
16 50 285
17 50 297
18 50 320
22 50 282
23 50 289
26 50 291
28 50 299
31 50 316
32 50 284
33 50 289
35 50 270
40 50 235
44 50 302
46 50 276
47 50 276
49 50 283
50 50 285
51 50 296
54 50 289
56 50 270
57 50 288
58 50 286
59 50 278
60 50 262
62 50 308
67 50 311
69 50 288
72 50 285
75 50 322
77 50 309
82 50 259
84 50 306
88 50 273
89 50 286
94 50 319
95 50 292
99 50 303
102 50 264
104 50 263
108 50 269
109 50 295
112 50 298
113 50 276
115 50 269
117 50 248
119 50 293
120 50 282
122 50 285
126 50 311
127 50 286
128 50 275
131 50 286
132 50 279
136 50 281
140 50 279
141 50 245
142 50 273
144 50 277
145 50 271
146 50 285
147 50 274
149 50 275
151 50 308
152 50 267
155 50 292
157 50 287
159 50 262
160 50 281
161 50 276
168 50 261
169 50 280
176 50 264
179 50 262
184 50 236
186 50 264
187 50 293
188 50 293
189 50 229
190 50 280
194 50 266
196 50 273
197 50 268
198 50 271
199 50 261
203 50 253
204 50 290
205 50 262
208 50 250
211 50 272
213 50 243
217 50 269
218 50 240
219 50 238
221 50 272
222 50 249
226 50 266
228 50 258
229 50 253
231 50 301
232 50 276
233 50 247
237 50 251
238 50 269
239 50 257
241 50 273
242 50 250
245 50 246
248 50 235
250 50 259
251 50 258
252 50 225
254 50 255
255 50 252
256 50 243
257 50 260
258 50 255
260 50 274
267 50 273
269 50 240
270 50 263
272 50 267
273 50 258
274 50 203
278 50 215
282 50 249
284 50 240
287 50 239
288 50 250
293 50 231
295 50 275
297 50 259
298 50 243
302 50 235
305 50 232
306 50 261
312 50 232
323 50 275
330 50 243
333 50 250
337 50 230
338 50 264
341 50 216
344 50 223
345 50 238
347 50 245
350 50 239
353 50 244
356 50 212
358 50 239
360 50 224
362 50 231
366 50 242
368 50 247
370 50 250
372 50 250
373 50 216
374 50 211
376 50 236
379 50 207
380 50 233
381 50 235
389 50 230
390 50 234
394 50 240
395 50 224
399 50 248
400 50 246
403 50 246
408 50 205
411 50 228
412 50 204
413 50 198
414 50 205
419 50 234
420 50 217
425 50 236
429 50 184
431 50 215
433 50 223
437 50 210
441 50 234
446 50 230
449 50 221
453 50 196
454 50 237
455 50 220
457 50 207
463 50 216
464 50 205
465 50 227
467 50 195
472 50 208
476 50 215
481 50 233
483 50 231
485 50 211
491 50 197
495 50 200
499 50 207
501 50 229
505 50 185
506 50 217
511 50 200
515 50 209
522 50 209
523 50 220
527 50 195
529 50 187
530 50 193
531 50 186
533 50 210
535 50 210
539 50 196
540 50 205
544 50 185
545 50 173
546 50 201
551 50 178
552 50 193
555 50 207
558 50 175
562 50 194
564 50 231
566 50 196
567 50 181
568 50 192
570 50 209
574 50 204
576 50 240
578 50 165
580 50 203
581 50 215
583 50 201
585 50 246
587 50 215
593 50 209
595 50 195
596 50 193
598 50 220
599 50 190
601 50 201
602 50 201
604 50 180
608 50 187
609 50 197
615 50 202
619 50 185
623 50 186
631 50 180
632 50 167
634 50 206
636 50 176
644 50 201
648 50 186
650 50 177
651 50 161
652 50 213
653 50 196
654 50 190
655 50 176
656 50 193
668 50 199
675 50 184
676 50 200
679 50 174
680 50 166
681 50 170
688 50 189
689 50 176
704 50 171
705 50 181
709 50 179
711 50 168
719 50 198
722 50 168
724 50 150
727 50 180
729 50 182
730 50 161
731 50 163
732 50 158
734 50 156
735 50 178
739 50 155
745 50 152
748 50 155
751 50 206
756 50 173
758 50 162
759 50 169
760 50 176
763 50 189
766 50 173
767 50 187
768 50 194
772 50 164
777 50 172
788 50 155
792 50 167
793 50 163
794 50 147
800 50 178
802 50 158
806 50 161
810 50 152
813 50 175
815 50 162
821 50 177
825 50 154
827 50 176
829 50 146
831 50 137
834 50 142
835 50 156
839 50 166
840 50 154
841 50 144
848 50 159
849 50 134
856 50 137
860 50 158
861 50 161
862 50 165
868 50 158
870 50 168
871 50 145
872 50 151
879 50 157
882 50 164
883 50 146
886 50 130
888 50 165
892 50 164
893 50 157
896 50 184
897 50 144
898 50 131
903 50 134
913 50 150
914 50 135
917 50 126
924 50 148
931 50 170
932 50 142
941 50 138
943 50 133
948 50 163
949 50 138
951 50 145
956 50 128
964 50 124
968 50 129
974 50 143
975 50 143
976 50 128
977 50 136
980 50 140
996 50 131
1004 50 157
1005 50 139
1008 50 131
1009 50 136
1011 50 136
1012 50 138
1017 50 121
1024 50 122
1027 50 145
1038 50 142
1043 50 110
1044 50 113
1049 50 147
1053 50 133
1057 50 135
1058 50 127
1064 50 132
1066 50 137
1071 50 104
1074 50 111
1080 50 114
1089 50 126
1090 50 110
1094 50 129
1097 50 131
1105 50 127
1107 50 111
1108 50 118
1111 50 114
1118 50 130
1119 50 134
1126 50 121
1128 50 109
1131 50 121
1136 50 116
1138 50 95
1150 50 132
1160 50 116
1164 50 94
1167 50 121
1168 50 113
1171 50 131
1174 50 104
1176 50 131
1180 50 117
1182 50 115
1192 50 125
1198 50 99
1199 50 97
1200 50 99
1201 50 101
1205 50 117
1208 50 106
1209 50 101
1211 50 114
1212 50 120
1227 50 103
1246 50 99
1249 50 99
1257 50 118
1258 50 91
1260 50 123
1262 50 99
1263 50 98
1265 50 113
1267 50 111
1271 50 97
1273 50 105
1282 50 101
1283 50 106
1284 50 95
1286 50 107
1287 50 94
1294 50 112
1298 50 105
1299 50 108
1300 50 95
1302 50 111
1303 50 114
1315 50 98
1316 50 109
1317 50 89
1319 50 90
1320 50 92
1332 50 111
1337 50 77
1351 50 87
1355 50 104
1358 50 115
1364 50 97
1366 50 93
1370 50 88
1372 50 84
1377 50 88
1379 50 81
1380 50 85
1395 50 92
1396 50 79
1402 50 89
1405 50 89
1408 50 84
1414 50 101
1425 50 90
1426 50 99
1427 50 84
1433 50 93
1434 50 92
1441 50 79
1447 50 64
1458 50 89
1460 50 69
1463 50 83
1464 50 81
1468 50 80
1472 50 92
1473 50 83
1481 50 90
1484 50 81
1485 50 78
1489 50 68
1494 50 74
1495 50 71
1504 50 75
1505 50 84
1510 50 77
1511 50 70
1515 50 74
1520 50 81
1523 50 69
1527 50 66
1531 50 66
1532 50 68
1541 50 76
1542 50 89
1544 50 77
1549 50 56
1566 50 86
1572 50 65
1574 50 69
1581 50 70
1587 50 76
1592 50 65
1594 50 82
1600 50 68
1601 50 68
1604 50 61
1609 50 59
1610 50 57
1613 50 62
1617 50 74
1619 50 66
1621 50 73
1624 50 49
1626 50 71
1631 50 70
1640 50 49
1654 50 77
1661 50 51
1670 50 61
1672 50 48
1678 50 51
1689 50 57
1695 50 57
1705 50 72
1710 50 48
1711 50 56
1726 50 66
1730 50 57
1734 50 47
1744 50 48
1748 50 69
1752 50 61
1756 50 51
1761 50 30
1765 50 57
1766 50 57
1772 50 52
1773 50 54
1774 50 59
1779 50 64
1780 50 35
1788 50 49
1793 50 58
1799 50 64
1817 50 46
1819 50 50
1824 50 64
1827 50 57
1841 50 42
1844 50 53
1846 50 40
1852 50 40
1872 50 42
1876 50 37
1878 50 44
1880 50 46
1883 50 36
1889 50 45
1895 50 41
1897 50 38
1905 50 35
1908 50 45
1909 50 39
1925 50 32
1929 50 56
1942 50 51
1946 50 52
1947 50 33
1955 50 34
1964 50 27
1968 50 42
1972 50 34
1974 50 42
1985 50 24
1996 50 34
2003 50 30
2005 50 42
2006 50 26
2013 50 34
2015 50 40
2018 50 38
2030 50 29
2032 50 34
2033 50 30
2040 50 32
2047 50 36
2053 50 29
2054 50 32
2059 50 30
2060 50 32
2070 50 29
2085 50 31
2087 50 38
2104 50 19
2112 50 18
2122 50 28
2127 50 39
2138 50 28
2139 50 32
2150 50 26
2153 50 30
2161 50 23
2164 50 29
2169 50 18
2176 50 21
2177 50 22
2183 50 18
2188 50 34
2189 50 28
2197 50 24
2203 50 25
2222 50 29
2231 50 24
2234 50 18
2237 50 18
2243 50 24
2250 50 14
2259 50 15
2275 50 21
2276 50 21
2295 50 16
2311 50 14
2313 50 17
2314 50 23
2321 50 8
2329 50 17
2340 50 19
2352 50 14
2353 50 14
2360 50 19
2378 50 14
2379 50 13
2383 50 17
2387 50 14
2391 50 17
2392 50 12
2402 50 9
2409 50 13
2416 50 14
2422 50 21
2429 50 10
2438 50 14
2444 50 13
2445 50 13
2469 50 26
2475 50 14
2488 50 11
2491 50 9
2506 50 7
2519 50 6
2520 50 8
2526 50 10
2536 50 14
2558 50 8
2563 50 3
2587 50 6
2595 50 7
2599 50 6
2607 50 7
2611 50 14
2614 50 6
2618 50 8
2629 50 4
2644 50 4
2664 50 6
2675 50 6
2676 50 6
2677 50 6
2680 50 4
2696 50 3
2705 50 4
2708 50 4
2717 50 4
2729 50 5
2730 50 5
2731 50 4
2732 50 3
2734 50 6
2737 50 7
2738 50 2
2747 50 4
2763 50 2
2765 50 3
2767 50 2
2772 50 5
2787 50 2
2793 50 1
2794 50 3
2811 50 2
2825 50 2
2827 50 1
2848 50 1
2849 50 2
2856 50 1
2874 50 2
2894 50 1
2910 50 1
2914 50 2
2918 50 1
2925 50 2
2928 50 1
2938 50 2
2939 50 2
2944 50 1
2971 50 1
2980 50 2
2991 50 1
1 51 318
6 51 318
7 51 292
9 51 296
11 51 304
13 51 289
14 51 301
17 51 309
18 51 321
19 51 278
21 51 302
24 51 269
26 51 276
28 51 278
29 51 275
30 51 293
31 51 306
35 51 288
37 51 303
39 51 289
43 51 349
45 51 264
46 51 337
50 51 322
52 51 285
53 51 269
59 51 276
60 51 256
61 51 291
62 51 260
63 51 273
64 51 263
65 51 302
66 51 264
67 51 299
68 51 258
70 51 284
74 51 288
75 51 279
79 51 312
83 51 311
84 51 272
87 51 267
90 51 261
91 51 287
93 51 297
94 51 299
95 51 281
101 51 271
107 51 288
110 51 253
115 51 269
119 51 279
122 51 275
123 51 301
124 51 267
129 51 266
132 51 262
141 51 250
143 51 267
146 51 232
149 51 289
151 51 238
152 51 252
156 51 269
158 51 277
159 51 254
163 51 282
164 51 280
167 51 270
169 51 240
171 51 234
173 51 244
174 51 273
177 51 297
178 51 292
180 51 272
185 51 263
190 51 254
191 51 262
193 51 260
194 51 261
195 51 275
196 51 255
199 51 254
200 51 271
201 51 293
204 51 236
205 51 278
209 51 263
215 51 263
216 51 253
217 51 269
221 51 282
222 51 276
223 51 270
224 51 264
227 51 236
229 51 255
231 51 265
233 51 227
234 51 247
237 51 247
239 51 216
241 51 270
242 51 273
245 51 253
246 51 237
252 51 258
253 51 247
256 51 250
257 51 248
258 51 251
259 51 269
260 51 236
262 51 246
271 51 223
276 51 237
280 51 259
281 51 250
283 51 265
284 51 229
287 51 263
288 51 242
297 51 229
298 51 285
299 51 251
301 51 247
304 51 251
306 51 263
308 51 236
309 51 238
311 51 264
313 51 258
316 51 238
317 51 249
319 51 232
320 51 251
321 51 220
328 51 245
329 51 265
331 51 239
332 51 258
333 51 242
339 51 218
342 51 206
345 51 219
347 51 214
348 51 231
354 51 267
355 51 219
356 51 239
357 51 226
359 51 202
361 51 212
363 51 241
364 51 219
365 51 189
370 51 232
372 51 200
375 51 247
376 51 248
380 51 202
382 51 216
385 51 236
386 51 234
387 51 195
397 51 211
399 51 261
400 51 215
401 51 220
406 51 227
408 51 235
409 51 224
411 51 245
413 51 230
419 51 233
424 51 197
428 51 224
432 51 229
433 51 214
435 51 228
438 51 241
440 51 247
441 51 230
444 51 228
445 51 203
446 51 200
448 51 218
449 51 219
450 51 179
455 51 208
458 51 212
459 51 176
460 51 200
465 51 207
466 51 222
472 51 196
473 51 213
474 51 199
478 51 208
480 51 216
481 51 216
487 51 209
491 51 215
493 51 223
494 51 215
495 51 213
501 51 192
503 51 184
504 51 199
505 51 192
508 51 191
511 51 220
512 51 214
514 51 203
515 51 197
516 51 195
518 51 202
519 51 200
527 51 222
535 51 235
536 51 196
538 51 202
539 51 164
540 51 219
541 51 193
550 51 204
551 51 191
552 51 203
557 51 205
564 51 183
565 51 207
568 51 190
569 51 190
570 51 196
572 51 168
573 51 196
577 51 187
584 51 181
585 51 207
586 51 198
593 51 190
595 51 210
597 51 205
598 51 190
599 51 192
602 51 185
603 51 184
605 51 178
606 51 194
609 51 183
613 51 192
615 51 198
620 51 180
636 51 205
639 51 207
644 51 194
645 51 210
648 51 186
649 51 191
650 51 197
653 51 189
654 51 162
655 51 176
658 51 189
663 51 195
666 51 197
668 51 183
670 51 191
676 51 177
684 51 167
686 51 178
687 51 187
689 51 186
691 51 195
693 51 203
700 51 177
705 51 194
710 51 162
711 51 186
712 51 191
713 51 152
715 51 164
716 51 161
717 51 185
724 51 159
725 51 152
731 51 168
734 51 174
741 51 180
743 51 172
752 51 169
753 51 159
754 51 173
755 51 154
759 51 168
760 51 172
764 51 168
765 51 172
778 51 177
779 51 141
783 51 170
786 51 157
789 51 172
793 51 171
795 51 177
802 51 184
806 51 161
809 51 155
811 51 167
813 51 165
819 51 155
820 51 160
825 51 160
831 51 182
834 51 157
837 51 171
841 51 144
843 51 148
848 51 150
854 51 152
855 51 165
856 51 178
860 51 165
862 51 163
864 51 142
865 51 165
866 51 160
871 51 162
873 51 149
878 51 160
883 51 136
888 51 159
890 51 129
900 51 125
904 51 142
907 51 135
912 51 151
920 51 150
922 51 124
923 51 136
926 51 168
927 51 155
928 51 163
929 51 113
930 51 128
934 51 151
939 51 142
941 51 153
944 51 134
951 51 155
958 51 132
962 51 150
967 51 141
973 51 136
974 51 140
977 51 153
983 51 155
986 51 147
987 51 141
993 51 108
994 51 128
995 51 127
998 51 134
1002 51 131
1007 51 127
1008 51 141
1011 51 129
1012 51 139
1013 51 132
1024 51 123
1037 51 123
1042 51 117
1043 51 132
1049 51 172
1058 51 100
1061 51 124
1062 51 141
1064 51 127
1067 51 120
1078 51 119
1084 51 111
1086 51 133
1092 51 146
1094 51 128
1097 51 105
1101 51 119
1111 51 122
1117 51 112
1122 51 139
1125 51 122
1128 51 123
1133 51 106
1137 51 110
1139 51 112
1146 51 106
1147 51 123
1149 51 113
1158 51 112
1163 51 132
1176 51 115
1181 51 100
1195 51 115
1197 51 128
1201 51 116
1206 51 125
1218 51 103
1221 51 115
1230 51 88
1231 51 109
1240 51 119
1244 51 113
1246 51 97
1251 51 115
1258 51 104
1259 51 114
1270 51 90
1278 51 85
1282 51 91
1284 51 111
1288 51 92
1295 51 96
1297 51 85
1305 51 92
1312 51 97
1315 51 117
1321 51 104
1329 51 97
1352 51 89
1353 51 80
1357 51 103
1362 51 99
1363 51 82
1365 51 96
1366 51 100
1368 51 100
1370 51 85
1371 51 102
1372 51 96
1384 51 84
1386 51 91
1388 51 90
1394 51 76
1413 51 81
1417 51 85
1420 51 94
1422 51 73
1424 51 83
1425 51 81
1426 51 64
1427 51 105
1439 51 71
1469 51 81
1489 51 70
1499 51 74
1503 51 75
1504 51 82
1516 51 60
1526 51 77
1532 51 91
1537 51 70
1542 51 60
1554 51 84
1560 51 77
1565 51 65
1566 51 68
1568 51 73
1570 51 61
1578 51 73
1586 51 69
1597 51 69
1599 51 70
1614 51 54
1619 51 92
1622 51 73
1629 51 65
1636 51 70
1654 51 53
1655 51 65
1658 51 62
1666 51 74
1673 51 57
1676 51 54
1678 51 78
1679 51 57
1680 51 64
1689 51 60
1690 51 60
1696 51 61
1703 51 55
1706 51 62
1717 51 54
1729 51 49
1734 51 54
1745 51 67
1758 51 60
1761 51 44
1767 51 53
1771 51 59
1773 51 49
1777 51 39
1778 51 47
1779 51 43
1783 51 49
1787 51 48
1796 51 49
1797 51 49
1802 51 37
1820 51 38
1821 51 43
1826 51 53
1836 51 50
1837 51 52
1847 51 48
1855 51 45
1871 51 41
1874 51 44
1878 51 50
1880 51 42
1884 51 50
1894 51 41
1900 51 48
1917 51 37
1931 51 28
1939 51 35
1945 51 45
1953 51 36
1960 51 31
1975 51 34
1978 51 34
1992 51 25
1993 51 34
2000 51 41
2002 51 34
2005 51 35
2008 51 33
2011 51 33
2038 51 25
2045 51 36
2052 51 30
2056 51 38
2065 51 37
2069 51 40
2071 51 35
2080 51 37
2083 51 29
2085 51 31
2095 51 37
2104 51 25
2112 51 31
2120 51 29
2132 51 36
2137 51 27
2143 51 29
2145 51 23
2148 51 33
2157 51 16
2165 51 26
2166 51 35
2167 51 24
2189 51 21
2191 51 19
2208 51 28
2216 51 25
2234 51 20
2241 51 23
2252 51 19
2254 51 23
2257 51 12
2264 51 15
2274 51 15
2315 51 26
2318 51 16
2330 51 13
2333 51 19
2342 51 19
2346 51 12
2363 51 16
2364 51 19
2376 51 11
2381 51 12
2385 51 14
2404 51 14
2409 51 17
2415 51 17
2418 51 17
2421 51 16
2456 51 12
2458 51 9
2471 51 10
2499 51 10
2505 51 10
2532 51 5
2549 51 11
2551 51 7
2556 51 10
2557 51 9
2561 51 10
2566 51 14
2568 51 11
2572 51 8
2577 51 11
2580 51 5
2588 51 6
2591 51 12
2593 51 8
2610 51 5
2612 51 6
2613 51 4
2620 51 6
2637 51 5
2661 51 4
2662 51 8
2679 51 3
2690 51 6
2702 51 3
2713 51 5
2724 51 4
2743 51 3
2745 51 4
2749 51 6
2752 51 5
2766 51 2
2784 51 4
2799 51 2
2801 51 2
2804 51 4
2810 51 3
2823 51 3
2824 51 1
2833 51 3
2885 51 2
2903 51 3
2911 51 1
2918 51 1
2920 51 1
2921 51 1
2934 51 1
2939 51 2
2949 51 1
2954 51 1
2965 51 1
2970 51 1
2977 51 1
2983 51 1
2986 51 1
2993 51 1
0 52 300
2 52 323
3 52 294
4 52 311
8 52 268
9 52 305
11 52 290
12 52 347
13 52 298
16 52 300
17 52 311
18 52 278
23 52 313
26 52 295
27 52 310
32 52 317
35 52 301
36 52 316
37 52 313
38 52 280
41 52 304
42 52 276
43 52 288
44 52 291
45 52 310
51 52 280
52 52 329
54 52 300
55 52 291
57 52 306
59 52 323
62 52 274
64 52 284
67 52 271
72 52 309
73 52 311
74 52 246
76 52 274
81 52 260
83 52 277
84 52 291
86 52 263
89 52 285
91 52 263
94 52 308
96 52 263
99 52 263
103 52 306
107 52 308
108 52 290
114 52 305
119 52 268
120 52 280
121 52 286
122 52 258
124 52 271
127 52 297
132 52 280
137 52 256
140 52 281
142 52 270
143 52 316
144 52 254
145 52 257
146 52 303
149 52 265
151 52 258
154 52 285
155 52 289
156 52 278
158 52 269
165 52 250
167 52 254
168 52 272
173 52 281
174 52 242
175 52 266
177 52 244
179 52 237
180 52 279
183 52 270
187 52 283
188 52 269
190 52 252
191 52 267
192 52 262
193 52 254
195 52 265
196 52 271
198 52 262
199 52 279
201 52 245
204 52 254
206 52 234
209 52 262
210 52 242
211 52 264
212 52 269
213 52 275
218 52 245
220 52 216
223 52 283
224 52 220
228 52 261
229 52 231
233 52 265
234 52 249
235 52 244
240 52 262
242 52 254
244 52 249
252 52 287
253 52 211
254 52 253
260 52 228
262 52 252
263 52 233
269 52 268
271 52 254
273 52 243
284 52 226
285 52 237
287 52 212
291 52 237
295 52 253
296 52 263
298 52 266
299 52 237
302 52 249
303 52 234
307 52 239
308 52 267
310 52 249
313 52 267
316 52 233
319 52 254
320 52 261
321 52 250
323 52 226
324 52 226
325 52 229
326 52 228
327 52 246
331 52 256
332 52 250
335 52 257
336 52 238
338 52 243
344 52 231
345 52 236
346 52 262
349 52 230
352 52 238
353 52 237
358 52 218
359 52 222
360 52 246
361 52 229
362 52 237
363 52 225
366 52 230
368 52 223
369 52 236
371 52 227
372 52 236
380 52 228
381 52 224
383 52 238
384 52 263
385 52 247
388 52 256
389 52 245
390 52 211
393 52 246
396 52 232
399 52 258
400 52 203
401 52 214
403 52 223
410 52 226
411 52 206
413 52 212
416 52 208
417 52 229
419 52 271
422 52 230
423 52 234
424 52 227
428 52 226
430 52 219
432 52 217
433 52 222
439 52 207
444 52 206
450 52 202
458 52 198
459 52 203
460 52 211
462 52 185
463 52 221
466 52 230
472 52 218
473 52 239
476 52 234
478 52 208
479 52 208
480 52 214
481 52 190
486 52 214
493 52 202
497 52 203
498 52 186
499 52 199
500 52 215
501 52 198
503 52 201
504 52 225
507 52 218
508 52 195
516 52 225
518 52 224
522 52 198
523 52 215
524 52 217
525 52 202
527 52 194
528 52 186
531 52 208
532 52 199
533 52 209
537 52 200
538 52 179
543 52 182
551 52 191
556 52 197
558 52 212
560 52 239
562 52 198
563 52 182
567 52 199
569 52 199
571 52 232
574 52 185
575 52 181
577 52 172
581 52 186
582 52 223
599 52 205
601 52 190
602 52 188
607 52 176
609 52 203
611 52 200
615 52 187
618 52 184
624 52 184
627 52 189
628 52 162
629 52 184
634 52 183
636 52 197
637 52 170
640 52 168
641 52 237
645 52 193
646 52 207
647 52 191
653 52 184
655 52 186
659 52 173
668 52 191
671 52 178
672 52 167
677 52 217
684 52 162
685 52 163
695 52 199
696 52 202
698 52 184
700 52 200
709 52 182
710 52 178
711 52 176
716 52 185
717 52 200
721 52 176
730 52 171
732 52 192
734 52 172
737 52 163
741 52 182
748 52 154
751 52 171
754 52 170
759 52 165
762 52 163
766 52 161
768 52 174
770 52 156
771 52 183
774 52 170
778 52 161
779 52 164
780 52 171
781 52 174
782 52 152
783 52 174
784 52 162
787 52 151
788 52 176
794 52 199
798 52 168
800 52 179
801 52 153
803 52 163
807 52 149
808 52 180
815 52 163
816 52 161
818 52 153
822 52 151
824 52 166
825 52 167
827 52 159
829 52 141
836 52 151
839 52 159
843 52 154
844 52 186
847 52 165
852 52 170
856 52 151
858 52 171
867 52 155
869 52 139
878 52 148
882 52 158
884 52 166
888 52 144
893 52 140
894 52 137
896 52 162
898 52 161
901 52 153
903 52 145
906 52 160
909 52 132
918 52 159
919 52 130
926 52 168
930 52 139
931 52 151
936 52 156
944 52 141
945 52 137
953 52 146
956 52 141
957 52 141
961 52 121
964 52 149
969 52 151
977 52 155
978 52 134
980 52 125
981 52 137
997 52 132
999 52 150
1008 52 105
1012 52 142
1013 52 123
1017 52 150
1018 52 127
1019 52 134
1026 52 149
1029 52 127
1030 52 120
1031 52 121
1049 52 104
1052 52 119
1054 52 129
1057 52 108
1059 52 116
1060 52 120
1062 52 130
1065 52 107
1066 52 134
1073 52 111
1079 52 117
1083 52 108
1084 52 126
1088 52 108
1093 52 129
1095 52 142
1096 52 132
1097 52 119
1108 52 110
1114 52 110
1115 52 140
1116 52 133
1121 52 128
1123 52 113
1125 52 122
1129 52 124
1130 52 104
1136 52 122
1148 52 121
1153 52 132
1159 52 104
1161 52 105
1167 52 103
1168 52 115
1169 52 111
1171 52 123
1172 52 98
1173 52 106
1174 52 128
1176 52 105
1178 52 112
1179 52 126
1183 52 139
1184 52 90
1186 52 119
1198 52 113
1203 52 108
1204 52 119
1209 52 108
1210 52 106
1211 52 107
1220 52 112
1221 52 109
1222 52 128
1226 52 118
1227 52 117
1228 52 88
1247 52 88
1248 52 112
1250 52 101
1257 52 114
1258 52 99
1259 52 98
1263 52 105
1264 52 106
1266 52 107
1269 52 95
1276 52 109
1281 52 85
1282 52 103
1287 52 103
1289 52 107
1291 52 92
1299 52 97
1307 52 100
1309 52 89
1311 52 96
1316 52 99
1328 52 99
1331 52 100
1332 52 88
1335 52 93
1340 52 93
1346 52 90
1351 52 99
1354 52 79
1356 52 95
1364 52 72
1372 52 101
1376 52 105
1378 52 99
1388 52 95
1393 52 77
1399 52 83
1404 52 78
1407 52 105
1410 52 84
1411 52 82
1418 52 92
1421 52 103
1434 52 93
1440 52 80
1442 52 91
1446 52 98
1448 52 76
1456 52 74
1458 52 91
1460 52 72
1461 52 77
1464 52 72
1467 52 80
1473 52 65
1475 52 80
1477 52 91
1481 52 74
1484 52 81
1487 52 79
1489 52 95
1491 52 79
1492 52 91
1493 52 86
1498 52 71
1499 52 68
1502 52 76
1505 52 93
1510 52 75
1513 52 86
1514 52 77
1518 52 74
1524 52 75
1529 52 72
1539 52 84
1542 52 87
1550 52 92
1551 52 79
1560 52 56
1564 52 60
1566 52 78
1585 52 70
1586 52 67
1590 52 59
1596 52 81
1602 52 72
1604 52 69
1605 52 59
1609 52 67
1618 52 61
1621 52 72
1622 52 60
1633 52 75
1639 52 68
1643 52 67
1644 52 62
1648 52 63
1649 52 53
1654 52 68
1664 52 63
1667 52 66
1677 52 57
1680 52 69
1682 52 56
1683 52 66
1684 52 57
1693 52 68
1694 52 69
1700 52 58
1702 52 68
1716 52 59
1723 52 62
1728 52 42
1739 52 47
1756 52 60
1763 52 59
1771 52 61
1773 52 43
1782 52 61
1783 52 49
1811 52 46
1819 52 60
1826 52 62
1827 52 74
1829 52 53
1838 52 43
1856 52 36
1859 52 40
1867 52 50
1871 52 36
1884 52 39
1889 52 44
1899 52 37
1902 52 36
1907 52 43
1912 52 41
1927 52 47
1937 52 42
1939 52 35
1944 52 52
1945 52 26
1946 52 49
1948 52 33
1957 52 39
1960 52 33
1961 52 38
1968 52 43
1987 52 47
1990 52 42
1998 52 37
2001 52 50
2007 52 31
2031 52 34
2043 52 30
2058 52 32
2074 52 20
2075 52 26
2077 52 34
2089 52 27
2095 52 36
2104 52 26
2106 52 30
2110 52 28
2112 52 25
2115 52 23
2123 52 19
2126 52 31
2127 52 26
2137 52 26
2141 52 18
2145 52 28
2169 52 17
2186 52 25
2204 52 24
2215 52 14
2223 52 21
2233 52 16
2234 52 22
2240 52 20
2241 52 29
2244 52 22
2266 52 19
2268 52 18
2274 52 21
2282 52 26
2288 52 18
2291 52 23
2299 52 19
2303 52 19
2304 52 18
2310 52 17
2311 52 18
2317 52 17
2320 52 22
2321 52 17
2322 52 18
2326 52 22
2331 52 13
2337 52 15
2351 52 17
2360 52 15
2366 52 14
2378 52 16
2380 52 12
2389 52 15
2403 52 10
2408 52 13
2416 52 11
2421 52 11
2428 52 7
2431 52 12
2440 52 11
2443 52 11
2449 52 16
2453 52 11
2456 52 12
2485 52 9
2489 52 11
2490 52 14
2504 52 8
2509 52 12
2517 52 8
2518 52 10
2549 52 9
2554 52 2
2558 52 8
2582 52 4
2592 52 7
2593 52 6
2598 52 8
2614 52 7
2617 52 10
2620 52 6
2621 52 13
2624 52 4
2647 52 6
2663 52 7
2664 52 6
2692 52 2
2697 52 4
2701 52 6
2708 52 4
2750 52 3
2769 52 3
2777 52 4
2780 52 3
2797 52 1
2805 52 3
2806 52 3
2809 52 3
2819 52 1
2829 52 2
2833 52 3
2834 52 2
2854 52 1
2857 52 2
2858 52 2
2880 52 1
2881 52 3
2883 52 1
2898 52 1
2905 52 3
2911 52 2
2912 52 2
2916 52 2
2917 52 1
2918 52 1
2934 52 1
2938 52 1
2965 52 1
2981 52 1
2988 52 1
2990 52 1
2997 52 1
1 53 305
2 53 295
3 53 302
6 53 310
10 53 305
14 53 294
16 53 294
17 53 271
18 53 329
20 53 297
22 53 338
23 53 300
25 53 274
26 53 271
27 53 313
30 53 306
35 53 305
36 53 312
38 53 316
39 53 284
40 53 309
41 53 265
43 53 301
46 53 285
49 53 265
50 53 312
51 53 309
52 53 300
53 53 251
54 53 312
55 53 309
56 53 277
58 53 313
59 53 308
60 53 289
61 53 327
62 53 278
64 53 286
66 53 300
68 53 304
70 53 268
71 53 251
73 53 283
77 53 275
78 53 278
80 53 275
82 53 260
83 53 300
85 53 295
86 53 285
87 53 290
88 53 285
92 53 289
94 53 272
95 53 252
96 53 254
97 53 287
98 53 271
99 53 280
101 53 258
103 53 289
109 53 267
111 53 313
112 53 282
113 53 283
114 53 274
115 53 279
118 53 300
120 53 261
121 53 283
131 53 263
136 53 267
139 53 255
141 53 294
144 53 299
145 53 273
146 53 275
147 53 257
149 53 275
151 53 269
154 53 251
155 53 264
157 53 259
158 53 272
165 53 244
169 53 259
170 53 234
172 53 265
173 53 301
174 53 253
176 53 270
181 53 268
185 53 271
186 53 256
188 53 236
189 53 272
191 53 260
192 53 257
194 53 260
195 53 258
198 53 304
202 53 242
206 53 258
209 53 245
214 53 266
218 53 270
219 53 250
220 53 233
222 53 263
223 53 255
224 53 269
226 53 261
228 53 249
229 53 250
231 53 261
232 53 239
233 53 262
234 53 267
235 53 263
236 53 276
240 53 247
242 53 249
245 53 279
246 53 278
248 53 256
251 53 268
252 53 253
253 53 275
255 53 242
260 53 264
261 53 251
263 53 260
264 53 245
265 53 245
266 53 231
270 53 250
279 53 256
281 53 242
282 53 255
286 53 259
290 53 275
292 53 235
300 53 232
301 53 241
303 53 260
306 53 245
307 53 241
308 53 253
311 53 221
312 53 241
315 53 261
316 53 266
318 53 248
320 53 227
321 53 268
322 53 247
325 53 225
326 53 247
331 53 219
334 53 259
338 53 239
339 53 248
340 53 237
341 53 235
343 53 271
345 53 243
346 53 235
350 53 207
352 53 216
353 53 205
355 53 230
359 53 220
360 53 208
364 53 231
365 53 204
368 53 222
369 53 211
373 53 242
376 53 232
378 53 203
382 53 233
383 53 216
384 53 240
389 53 224
390 53 228
391 53 224
393 53 199
394 53 246
395 53 231
403 53 224
406 53 198
407 53 228
412 53 240
413 53 205
414 53 215
416 53 249
423 53 218
431 53 219
433 53 195
435 53 220
437 53 232
439 53 225
442 53 217
443 53 246
444 53 213
445 53 227
449 53 224
450 53 224
456 53 207
464 53 210
465 53 189
471 53 220
472 53 225
477 53 191
478 53 207
480 53 218
483 53 232
485 53 235
493 53 176
494 53 210
497 53 204
504 53 213
507 53 206
509 53 215
510 53 225
516 53 208
519 53 234
521 53 208
523 53 212
524 53 206
526 53 199
527 53 203
528 53 216
529 53 197
531 53 197
532 53 192
534 53 206
543 53 202
544 53 209
546 53 185
548 53 214
550 53 192
552 53 196
554 53 193
555 53 192
561 53 211
562 53 189
567 53 188
569 53 203
570 53 205
573 53 208
578 53 204
579 53 183
585 53 188
589 53 209
590 53 201
594 53 211
595 53 207
597 53 207
604 53 188
605 53 177
609 53 200
610 53 181
612 53 200
618 53 183
621 53 198
624 53 190
633 53 193
636 53 202
640 53 186
644 53 196
646 53 187
647 53 183
650 53 204
655 53 208
663 53 155
664 53 171
667 53 174
668 53 184
669 53 199
670 53 185
671 53 161
673 53 193
674 53 181
675 53 189
683 53 182
685 53 179
687 53 196
690 53 166
692 53 186
695 53 159
697 53 149
698 53 180
707 53 170
708 53 181
709 53 195
711 53 181
714 53 181
720 53 179
722 53 187
727 53 161
730 53 171
731 53 165
732 53 163
733 53 191
739 53 156
745 53 156
747 53 173
750 53 152
752 53 171
753 53 161
755 53 172
757 53 159
760 53 157
762 53 166
764 53 163
771 53 175
772 53 178
773 53 189
777 53 175
779 53 167
784 53 161
785 53 180
786 53 185
792 53 192
794 53 174
795 53 169
796 53 162
798 53 154
801 53 149
804 53 151
812 53 153
814 53 167
816 53 175
820 53 159
825 53 131
832 53 159
834 53 151
840 53 151
844 53 157
848 53 164
849 53 149
850 53 148
853 53 194
861 53 157
862 53 168
876 53 160
879 53 131
882 53 140
887 53 132
889 53 137
891 53 149
898 53 158
899 53 143
907 53 156
913 53 141
915 53 165
921 53 153
922 53 146
923 53 149
927 53 138
930 53 119
936 53 135
939 53 120
940 53 133
942 53 158
944 53 155
951 53 146
965 53 149
969 53 135
973 53 132
974 53 149
975 53 140
976 53 145
978 53 137
982 53 137
987 53 126
992 53 140
996 53 162
998 53 112
1000 53 147
1018 53 145
1021 53 142
1024 53 125
1025 53 121
1026 53 113
1028 53 154
1032 53 144
1033 53 118
1037 53 112
1041 53 126
1048 53 122
1050 53 147
1052 53 142
1059 53 137
1061 53 150
1066 53 127
1069 53 125
1073 53 145
1074 53 122
1077 53 112
1091 53 112
1100 53 143
1109 53 130
1112 53 131
1114 53 117
1116 53 117
1118 53 132
1120 53 144
1121 53 104
1132 53 126
1134 53 121
1139 53 95
1141 53 124
1143 53 127
1145 53 119
1152 53 98
1153 53 112
1154 53 125
1157 53 120
1162 53 110
1166 53 113
1177 53 101
1184 53 110
1189 53 97
1190 53 101
1191 53 104
1193 53 115
1195 53 94
1197 53 103
1199 53 116
1208 53 117
1212 53 120
1214 53 109
1217 53 121
1222 53 119
1224 53 113
1226 53 101
1229 53 101
1230 53 103
1237 53 96
1242 53 108
1244 53 99
1251 53 100
1258 53 105
1261 53 98
1263 53 110
1265 53 114
1270 53 89
1276 53 105
1277 53 90
1286 53 101
1287 53 103
1288 53 119
1292 53 105
1302 53 87
1306 53 93
1307 53 105
1308 53 89
1309 53 98
1322 53 85
1324 53 97
1337 53 83
1341 53 98
1342 53 99
1347 53 96
1351 53 99
1353 53 85
1369 53 82
1371 53 89
1373 53 89
1378 53 86
1385 53 93
1387 53 93
1388 53 89
1390 53 92
1391 53 80
1396 53 98
1407 53 93
1414 53 90
1415 53 93
1422 53 84
1427 53 78
1430 53 96
1433 53 75
1434 53 75
1436 53 80
1437 53 103
1445 53 82
1452 53 78
1456 53 78
1457 53 66
1470 53 73
1473 53 56
1475 53 61
1476 53 67
1477 53 82
1482 53 79
1483 53 85
1484 53 67
1487 53 71
1491 53 87
1493 53 68
1502 53 88
1504 53 79
1505 53 78
1520 53 75
1521 53 77
1525 53 79
1526 53 83
1528 53 72
1529 53 87
1535 53 73
1537 53 72
1545 53 64
1554 53 60
1560 53 91
1564 53 71
1570 53 90
1572 53 72
1576 53 60
1577 53 59
1580 53 59
1587 53 76
1592 53 58
1602 53 68
1613 53 62
1617 53 73
1621 53 57
1625 53 71
1630 53 63
1632 53 65
1634 53 67
1637 53 55
1643 53 76
1648 53 47
1656 53 57
1659 53 55
1660 53 60
1661 53 50
1665 53 57
1667 53 65
1670 53 69
1675 53 76
1682 53 73
1686 53 48
1695 53 60
1697 53 49
1727 53 55
1735 53 54
1757 53 46
1764 53 56
1773 53 53
1775 53 54
1779 53 54
1784 53 52
1790 53 41
1798 53 42
1799 53 47
1800 53 48
1801 53 55
1804 53 53
1806 53 50
1816 53 61
1823 53 43
1830 53 48
1841 53 41
1844 53 45
1847 53 47
1852 53 40
1868 53 42
1870 53 38
1873 53 38
1875 53 61
1877 53 33
1879 53 47
1880 53 47
1882 53 34
1887 53 33
1891 53 34
1893 53 45
1896 53 61
1904 53 44
1911 53 45
1915 53 42
1931 53 47
1932 53 36
1942 53 33
1951 53 42
1956 53 40
1957 53 46
1966 53 33
1992 53 29
1993 53 36
1999 53 29
2007 53 38
2013 53 40
2021 53 29
2025 53 47
2026 53 33
2031 53 37
2038 53 23
2049 53 37
2053 53 35
2075 53 36
2083 53 36
2085 53 31
2099 53 28
2106 53 36
2115 53 37
2129 53 28
2157 53 30
2160 53 18
2169 53 31
2175 53 31
2186 53 23
2193 53 20
2194 53 27
2197 53 34
2214 53 26
2215 53 25
2220 53 24
2222 53 22
2238 53 22
2239 53 19
2241 53 24
2244 53 22
2256 53 21
2274 53 19
2280 53 28
2289 53 22
2317 53 28
2320 53 19
2334 53 10
2348 53 16
2355 53 11
2363 53 20
2365 53 23
2368 53 21
2369 53 8
2370 53 18
2372 53 14
2373 53 20
2392 53 8
2438 53 10
2440 53 8
2455 53 11
2467 53 7
2477 53 14
2492 53 13
2494 53 16
2507 53 12
2511 53 11
2529 53 5
2535 53 6
2545 53 3
2559 53 5
2564 53 8
2581 53 7
2592 53 5
2593 53 6
2599 53 2
2603 53 6
2629 53 4
2633 53 8
2646 53 5
2647 53 7
2654 53 11
2665 53 7
2668 53 4
2671 53 5
2672 53 3
2675 53 8
2682 53 3
2687 53 5
2707 53 3
2723 53 2
2728 53 4
2733 53 5
2742 53 1
2753 53 3
2754 53 4
2766 53 3
2771 53 3
2775 53 2
2789 53 4
2790 53 4
2796 53 2
2805 53 2
2815 53 1
2816 53 5
2822 53 2
2832 53 1
2843 53 1
2847 53 3
2862 53 3
2880 53 2
2885 53 1
2891 53 3
2905 53 1
2910 53 1
2916 53 2
2942 53 2
2948 53 1
2958 53 1
2959 53 2
2969 53 1
2978 53 1
2986 53 1
2994 53 1
2999 53 1
0 54 284
2 54 304
3 54 307
5 54 298
6 54 309
7 54 308
8 54 297
20 54 283
21 54 312
23 54 297
27 54 284
28 54 312
32 54 309
34 54 283
35 54 311
36 54 287
37 54 304
40 54 294
43 54 287
48 54 305
49 54 279
51 54 299
52 54 300
55 54 320
65 54 286
66 54 330
67 54 277
70 54 281
73 54 314
74 54 324
77 54 274
78 54 291
79 54 311
89 54 281
95 54 256
97 54 266
101 54 274
102 54 244
103 54 298
104 54 278
106 54 280
108 54 237
109 54 301
110 54 291
112 54 289
114 54 269
115 54 284
118 54 307
119 54 286
120 54 272
124 54 241
125 54 263
126 54 293
127 54 277
129 54 294
131 54 286
132 54 264
134 54 295
137 54 295
138 54 245
139 54 267
141 54 285
142 54 242
144 54 276
146 54 264
148 54 270
151 54 282
154 54 259
155 54 324
156 54 252
157 54 278
159 54 286
160 54 258
161 54 265
164 54 294
165 54 270
171 54 265
174 54 292
175 54 275
176 54 239
179 54 254
182 54 247
186 54 250
187 54 262
188 54 248
192 54 278
193 54 267
194 54 227
195 54 268
199 54 281
205 54 262
207 54 249
208 54 265
211 54 298
212 54 254
218 54 249
219 54 278
220 54 280
221 54 246
234 54 240
235 54 262
237 54 238
240 54 255
243 54 243
244 54 262
245 54 234
246 54 244
248 54 267
251 54 257
253 54 250
257 54 241
265 54 232
268 54 292
270 54 238
271 54 238
276 54 224
278 54 241
282 54 238
284 54 254
285 54 220
286 54 267
293 54 262
294 54 239
296 54 250
298 54 254
301 54 224
306 54 251
307 54 239
312 54 256
313 54 231
314 54 226
315 54 247
318 54 288
320 54 242
323 54 237
324 54 224
326 54 236
327 54 250
333 54 240
334 54 226
335 54 248
341 54 248
344 54 224
348 54 233
349 54 234
354 54 221
355 54 226
356 54 214
367 54 245
370 54 236
375 54 217
381 54 235
383 54 216
384 54 223
386 54 235
387 54 221
388 54 225
389 54 235
390 54 225
395 54 206
397 54 207
402 54 231
403 54 224
404 54 233
405 54 218
406 54 228
412 54 218
416 54 216
417 54 220
421 54 262
423 54 215
425 54 250
427 54 240
429 54 225
432 54 204
433 54 254
435 54 226
436 54 215
445 54 229
446 54 203
447 54 213
448 54 220
455 54 204
456 54 210
458 54 208
461 54 189
462 54 215
465 54 222
467 54 212
468 54 208
470 54 231
471 54 216
472 54 228
473 54 215
475 54 219
476 54 224
477 54 252
481 54 237
482 54 199
483 54 231
484 54 206
488 54 234
496 54 194
498 54 201
502 54 213
504 54 207
505 54 218
507 54 211
509 54 212
511 54 208
512 54 241
514 54 216
518 54 200
519 54 202
523 54 232
524 54 219
526 54 199
528 54 194
529 54 209
531 54 167
534 54 231
535 54 180
536 54 190
538 54 212
545 54 189
546 54 217
550 54 247
551 54 200
553 54 221
555 54 213
556 54 186
560 54 178
561 54 198
562 54 216
571 54 217
572 54 229
573 54 218
576 54 176
583 54 185
585 54 200
586 54 196
588 54 222
593 54 226
594 54 204
596 54 205
599 54 202
602 54 188
604 54 195
607 54 198
609 54 201
610 54 188
615 54 197
620 54 201
624 54 190
625 54 178
630 54 187
632 54 205
635 54 181
640 54 171
641 54 182
642 54 162
643 54 186
645 54 199
646 54 193
648 54 209
651 54 215
661 54 181
666 54 172
668 54 180
671 54 183
674 54 163
675 54 170
677 54 215
679 54 176
682 54 167
683 54 188
688 54 182
692 54 186
694 54 185
695 54 172
697 54 195
698 54 192
700 54 186
702 54 160
705 54 188
708 54 156
714 54 181
717 54 182
719 54 151
726 54 194
736 54 169
737 54 178
742 54 184
743 54 155
744 54 171
746 54 177
748 54 167
752 54 161
755 54 171
757 54 179
763 54 177
765 54 176
768 54 169
769 54 174
773 54 175
774 54 185
775 54 152
778 54 156
784 54 161
786 54 157
795 54 141
797 54 150
798 54 174
803 54 141
805 54 151
809 54 169
810 54 164
811 54 162
817 54 151
825 54 176
826 54 161
828 54 194
830 54 134
831 54 144
835 54 155
838 54 151
840 54 135
844 54 154
848 54 162
853 54 164
854 54 155
855 54 171
857 54 156
859 54 154
861 54 156
862 54 144
864 54 140
866 54 159
873 54 157
875 54 144
877 54 159
883 54 157
885 54 161
888 54 149
895 54 155
896 54 135
901 54 132
903 54 143
913 54 144
914 54 166
916 54 155
917 54 148
921 54 151
924 54 142
925 54 137
931 54 160
932 54 144
938 54 154
940 54 163
942 54 158
943 54 133
948 54 142
954 54 136
958 54 181
962 54 126
972 54 138
974 54 155
980 54 120
981 54 148
982 54 131
984 54 125
987 54 139
993 54 143
995 54 119
996 54 136
999 54 129
1001 54 157
1007 54 145
1008 54 113
1009 54 131
1013 54 131
1016 54 153
1017 54 141
1018 54 124
1025 54 128
1026 54 130
1031 54 136
1038 54 120
1041 54 122
1043 54 128
1049 54 109
1057 54 140
1059 54 134
1070 54 143
1074 54 111
1082 54 118
1104 54 117
1105 54 116
1106 54 126
1107 54 104
1116 54 126
1122 54 115
1127 54 108
1134 54 125
1136 54 117
1137 54 135
1149 54 123
1152 54 113
1158 54 128
1160 54 117
1161 54 111
1168 54 130
1171 54 112
1173 54 120
1177 54 123
1179 54 125
1192 54 114
1197 54 121
1198 54 104
1199 54 88
1203 54 106
1213 54 110
1224 54 105
1228 54 101
1235 54 105
1240 54 95
1247 54 109
1249 54 83
1251 54 109
1254 54 112
1256 54 119
1257 54 102
1258 54 97
1269 54 103
1270 54 120
1287 54 103
1289 54 105
1290 54 93
1294 54 112
1307 54 105
1313 54 95
1315 54 106
1320 54 95
1321 54 105
1323 54 111
1328 54 96
1342 54 82
1352 54 83
1353 54 107
1358 54 108
1360 54 90
1361 54 89
1370 54 84
1377 54 103
1390 54 88
1408 54 93
1416 54 75
1431 54 84
1439 54 84
1442 54 96
1444 54 90
1453 54 81
1454 54 103
1469 54 88
1472 54 61
1473 54 76
1478 54 85
1479 54 79
1486 54 74
1489 54 86
1490 54 81
1495 54 71
1496 54 84
1505 54 83
1509 54 84
1524 54 76
1527 54 80
1535 54 82
1537 54 78
1546 54 70
1548 54 65
1552 54 62
1555 54 56
1558 54 63
1566 54 71
1570 54 76
1579 54 70
1583 54 69
1593 54 63
1607 54 61
1608 54 63
1617 54 77
1619 54 60
1626 54 74
1631 54 68
1634 54 63
1637 54 72
1640 54 52
1642 54 69
1644 54 68
1652 54 68
1654 54 70
1657 54 66
1666 54 70
1667 54 57
1674 54 58
1678 54 51
1680 54 65
1681 54 58
1685 54 64
1686 54 71
1687 54 39
1689 54 68
1690 54 77
1698 54 50
1699 54 57
1703 54 57
1708 54 55
1710 54 67
1723 54 46
1727 54 42
1731 54 62
1732 54 58
1750 54 50
1754 54 45
1756 54 64
1760 54 48
1762 54 44
1768 54 37
1780 54 72
1781 54 36
1786 54 58
1789 54 50
1792 54 47
1793 54 59
1810 54 45
1812 54 37
1823 54 43
1824 54 52
1845 54 39
1848 54 49
1861 54 44
1869 54 35
1875 54 41
1891 54 46
1894 54 46
1899 54 43
1907 54 47
1908 54 43
1916 54 33
1917 54 41
1945 54 32
1951 54 49
1964 54 40
1966 54 34
1976 54 37
1989 54 32
1998 54 35
1999 54 33
2001 54 36
2005 54 32
2016 54 35
2023 54 33
2026 54 33
2029 54 40
2037 54 36
2042 54 34
2043 54 29
2045 54 28
2054 54 32
2060 54 38
2061 54 32
2072 54 28
2079 54 27
2088 54 28
2090 54 24
2091 54 42
2117 54 26
2122 54 35
2127 54 28
2137 54 26
2148 54 29
2155 54 24
2156 54 27
2178 54 20
2188 54 21
2190 54 21
2207 54 16
2214 54 27
2231 54 29
2237 54 29
2257 54 21
2258 54 17
2270 54 21
2273 54 26
2282 54 16
2291 54 20
2293 54 24
2301 54 24
2303 54 19
2308 54 17
2316 54 20
2327 54 14
2343 54 17
2348 54 18
2350 54 16
2354 54 11
2373 54 19
2396 54 14
2398 54 15
2403 54 9
2405 54 12
2449 54 20
2451 54 10
2455 54 19
2473 54 16
2478 54 12
2511 54 11
2518 54 7
2519 54 7
2533 54 14
2534 54 10
2555 54 8
2575 54 5
2585 54 4
2586 54 13
2600 54 6
2608 54 4
2624 54 8
2627 54 5
2642 54 7
2658 54 8
2659 54 6
2666 54 10
2685 54 8
2698 54 4
2702 54 4
2717 54 5
2723 54 2
2732 54 3
2738 54 3
2745 54 4
2752 54 3
2753 54 3
2782 54 2
2784 54 5
2787 54 3
2821 54 5
2823 54 2
2830 54 1
2849 54 3
2864 54 2
2882 54 1
2888 54 2
2893 54 3
2894 54 1
2898 54 3
2900 54 1
2927 54 1
2935 54 1
2937 54 2
2942 54 1
2944 54 1
2955 54 1
2968 54 2
2971 54 1
2986 54 1
2998 54 1
0 55 316
4 55 313
7 55 303
12 55 296
14 55 293
15 55 320
19 55 292
20 55 298
21 55 255
22 55 282
23 55 292
26 55 283
30 55 299
31 55 283
32 55 318
34 55 298
35 55 291
38 55 309
39 55 308
40 55 298
41 55 296
43 55 312
47 55 290
48 55 295
49 55 280
51 55 282
58 55 288
62 55 266
63 55 293
65 55 285
66 55 283
67 55 285
69 55 300
72 55 303
73 55 283
75 55 311
77 55 314
78 55 297
81 55 262
87 55 288
88 55 293
89 55 294
93 55 303
95 55 272
96 55 275
98 55 308
100 55 264
102 55 287
103 55 277
104 55 246
105 55 263
108 55 280
110 55 273
111 55 281
112 55 283
113 55 295
114 55 256
120 55 256
124 55 269
125 55 263
126 55 290
128 55 266
130 55 266
132 55 309
133 55 270
134 55 257
136 55 304
137 55 266
138 55 264
139 55 277
142 55 285
144 55 296
150 55 271
151 55 275
155 55 254
156 55 264
157 55 272
158 55 282
159 55 275
163 55 265
165 55 265
168 55 252
174 55 276
175 55 255
176 55 284
178 55 279
179 55 254
180 55 284
184 55 256
187 55 259
188 55 257
191 55 293
195 55 285
197 55 273
201 55 281
202 55 264
206 55 239
209 55 278
212 55 254
214 55 301
218 55 234
221 55 268
223 55 282
225 55 245
226 55 254
228 55 249
232 55 266
235 55 267
239 55 246
240 55 292
244 55 227
247 55 253
248 55 266
252 55 254
253 55 275
255 55 272
257 55 273
258 55 261
261 55 253
264 55 260
267 55 253
269 55 269
271 55 229
275 55 262
278 55 246
281 55 263
282 55 244
284 55 238
289 55 255
290 55 276
292 55 253
293 55 237
296 55 261
298 55 238
305 55 239
311 55 229
313 55 237
316 55 238
319 55 233
328 55 238
330 55 235
341 55 255
346 55 249
349 55 260
351 55 218
352 55 227
354 55 224
355 55 216
357 55 238
358 55 244
359 55 229
360 55 224
361 55 265
363 55 227
369 55 255
379 55 222
381 55 213
382 55 210
383 55 208
384 55 228
387 55 232
391 55 221
393 55 237
394 55 207
395 55 240
399 55 225
401 55 223
402 55 238
406 55 255
407 55 241
408 55 226
410 55 220
412 55 224
413 55 220
418 55 218
423 55 207
427 55 226
428 55 227
434 55 229
435 55 195
436 55 247
438 55 262
441 55 225
442 55 241
444 55 219
449 55 245
453 55 233
454 55 221
459 55 232
461 55 204
464 55 210
469 55 215
471 55 235
475 55 229
478 55 193
479 55 219
482 55 240
485 55 189
486 55 214
487 55 175
492 55 187
493 55 210
495 55 233
498 55 202
499 55 197
500 55 222
501 55 224
504 55 182
506 55 216
512 55 221
513 55 211
514 55 211
517 55 211
520 55 196
524 55 214
525 55 225
530 55 208
533 55 209
534 55 206
537 55 205
541 55 215
543 55 189
544 55 173
545 55 214
546 55 185
548 55 227
549 55 197
550 55 187
556 55 201
557 55 202
558 55 223
559 55 214
560 55 207
562 55 199
563 55 205
564 55 213
566 55 198
567 55 185
568 55 193
570 55 175
572 55 176
574 55 189
576 55 188
577 55 225
578 55 185
579 55 207
581 55 196
589 55 194
598 55 182
609 55 193
614 55 203
619 55 215
629 55 177
630 55 175
631 55 214
633 55 197
635 55 188
638 55 172
639 55 172
641 55 198
645 55 184
647 55 177
649 55 216
655 55 171
659 55 186
661 55 185
662 55 207
665 55 191
666 55 179
671 55 191
673 55 209
677 55 183
678 55 167
682 55 200
688 55 173
692 55 175
695 55 199
696 55 165
697 55 205
714 55 163
716 55 209
720 55 158
731 55 159
732 55 192
734 55 173
735 55 181
737 55 158
749 55 181
750 55 156
753 55 152
754 55 201
756 55 158
766 55 160
772 55 170
784 55 174
790 55 165
792 55 166
794 55 177
800 55 189
801 55 159
804 55 156
809 55 181
812 55 152
813 55 159
821 55 149
822 55 167
829 55 146
834 55 164
842 55 167
847 55 171
848 55 145
851 55 156
852 55 166
854 55 175
857 55 160
858 55 158
859 55 157
860 55 172
863 55 150
866 55 155
869 55 142
870 55 161
886 55 169
888 55 163
890 55 144
891 55 147
892 55 159
895 55 144
896 55 164
898 55 149
899 55 157
900 55 146
901 55 140
903 55 143
905 55 149
906 55 148
909 55 152
912 55 161
919 55 151
920 55 135
923 55 147
924 55 161
926 55 149
928 55 162
929 55 156
933 55 135
934 55 163
936 55 149
939 55 164
940 55 146
945 55 131
946 55 143
951 55 131
953 55 158
954 55 155
955 55 133
957 55 123
960 55 133
969 55 135
974 55 135
977 55 145
992 55 127
993 55 143
995 55 135
996 55 127
1000 55 120
1001 55 136
1008 55 115
1011 55 123
1015 55 133
1019 55 120
1021 55 130
1024 55 133
1025 55 121
1026 55 151
1032 55 127
1043 55 118
1044 55 151
1045 55 146
1047 55 114
1059 55 138
1061 55 129
1062 55 127
1063 55 129
1065 55 126
1066 55 129
1068 55 116
1076 55 118
1080 55 135
1083 55 129
1090 55 103
1095 55 133
1097 55 131
1100 55 131
1102 55 121
1107 55 131
1119 55 130
1120 55 124
1123 55 131
1126 55 129
1128 55 116
1135 55 122
1137 55 121
1139 55 110
1143 55 116
1148 55 106
1150 55 133
1154 55 117
1168 55 118
1169 55 121
1171 55 127
1172 55 120
1174 55 111
1176 55 120
1178 55 104
1181 55 109
1183 55 112
1185 55 98
1189 55 127
1198 55 107
1200 55 132
1201 55 119
1205 55 104
1213 55 111
1216 55 108
1222 55 112
1228 55 104
1230 55 125
1232 55 112
1237 55 90
1251 55 104
1252 55 104
1255 55 94
1259 55 121
1261 55 99
1263 55 104
1270 55 101
1271 55 110
1274 55 105
1277 55 85
1281 55 101
1295 55 96
1299 55 94
1300 55 90
1309 55 85
1312 55 114
1314 55 117
1319 55 113
1323 55 79
1331 55 87
1332 55 92
1334 55 107
1335 55 98
1340 55 88
1346 55 105
1348 55 91
1354 55 92
1358 55 98
1374 55 97
1377 55 87
1385 55 99
1387 55 79
1393 55 88
1398 55 93
1399 55 91
1410 55 78
1412 55 76
1415 55 77
1417 55 83
1421 55 80
1437 55 94
1441 55 77
1443 55 67
1445 55 93
1446 55 67
1458 55 78
1460 55 95
1463 55 72
1464 55 82
1467 55 96
1485 55 67
1490 55 62
1496 55 66
1502 55 78
1508 55 85
1511 55 60
1515 55 78
1517 55 89
1522 55 68
1525 55 81
1542 55 77
1547 55 54
1551 55 66
1552 55 71
1553 55 88
1558 55 66
1560 55 80
1564 55 86
1570 55 81
1573 55 62
1574 55 67
1576 55 72
1577 55 55
1586 55 62
1597 55 59
1598 55 64
1604 55 54
1606 55 55
1610 55 62
1615 55 66
1620 55 62
1634 55 54
1637 55 63
1647 55 64
1648 55 61
1655 55 63
1658 55 66
1663 55 71
1671 55 56
1676 55 66
1682 55 61
1688 55 64
1696 55 41
1700 55 63
1701 55 52
1715 55 59
1719 55 37
1733 55 61
1740 55 55
1750 55 60
1755 55 44
1758 55 54
1762 55 48
1766 55 56
1773 55 57
1775 55 51
1787 55 60
1792 55 46
1794 55 53
1799 55 44
1806 55 49
1820 55 55
1821 55 52
1825 55 51
1831 55 40
1837 55 58
1842 55 47
1848 55 54
1850 55 65
1851 55 58
1853 55 58
1864 55 37
1869 55 46
1871 55 50
1883 55 40
1884 55 50
1902 55 46
1916 55 39
1924 55 50
1930 55 39
1937 55 53
1948 55 38
1958 55 40
1960 55 43
1966 55 33
1969 55 35
1973 55 40
1979 55 41
1987 55 38
1988 55 36
1989 55 38
2000 55 31
2013 55 37
2017 55 35
2021 55 39
2044 55 36
2045 55 40
2052 55 42
2053 55 33
2057 55 35
2060 55 30
2083 55 15
2085 55 24
2090 55 33
2094 55 28
2107 55 25
2114 55 26
2121 55 29
2124 55 30
2125 55 22
2126 55 33
2140 55 26
2148 55 23
2149 55 35
2154 55 32
2157 55 27
2160 55 19
2161 55 25
2169 55 21
2172 55 27
2177 55 20
2183 55 26
2199 55 28
2215 55 21
2219 55 18
2225 55 16
2229 55 22
2253 55 16
2256 55 18
2260 55 19
2269 55 19
2288 55 18
2306 55 18
2310 55 11
2321 55 14
2327 55 24
2328 55 23
2330 55 21
2333 55 12
2343 55 15
2344 55 15
2345 55 18
2360 55 11
2379 55 15
2380 55 14
2390 55 12
2399 55 19
2400 55 9
2403 55 14
2406 55 16
2409 55 13
2416 55 16
2421 55 10
2425 55 14
2427 55 8
2446 55 6
2447 55 22
2451 55 9
2455 55 12
2467 55 9
2473 55 18
2474 55 10
2492 55 9
2500 55 10
2501 55 7
2502 55 13
2504 55 14
2505 55 10
2518 55 15
2527 55 13
2549 55 8
2558 55 9
2574 55 5
2579 55 4
2580 55 13
2611 55 5
2618 55 7
2653 55 6
2665 55 8
2669 55 3
2671 55 9
2672 55 2
2675 55 9
2682 55 6
2688 55 6
2692 55 5
2701 55 5
2707 55 5
2714 55 4
2716 55 5
2719 55 6
2723 55 3
2728 55 7
2730 55 4
2743 55 5
2748 55 4
2750 55 3
2764 55 4
2775 55 6
2786 55 1
2803 55 5
2806 55 2
2808 55 5
2817 55 1
2834 55 3
2840 55 2
2850 55 1
2869 55 3
2878 55 1
2879 55 1
2885 55 2
2900 55 2
2909 55 1
2924 55 2
2934 55 1
2938 55 1
2939 55 1
2947 55 1
2954 55 2
2972 55 1
2986 55 1
2990 55 1
0 56 302
1 56 302
2 56 299
3 56 307
4 56 292
7 56 297
10 56 271
12 56 286
14 56 289
16 56 269
19 56 270
22 56 321
25 56 247
26 56 280
28 56 304
29 56 304
30 56 292
33 56 286
35 56 291
36 56 301
37 56 290
38 56 308
42 56 303
45 56 284
47 56 303
48 56 294
50 56 331
54 56 280
59 56 320
60 56 255
61 56 295
62 56 254
63 56 303
64 56 269
65 56 304
68 56 254
72 56 304
73 56 293
74 56 294
75 56 281
76 56 267
86 56 271
87 56 253
91 56 286
95 56 287
96 56 280
97 56 261
102 56 283
103 56 263
104 56 302
105 56 297
106 56 277
110 56 262
111 56 271
112 56 273
114 56 281
117 56 261
120 56 336
121 56 275
126 56 288
127 56 270
128 56 291
133 56 297
135 56 293
136 56 252
137 56 276
138 56 263
146 56 258
147 56 275
148 56 259
149 56 264
152 56 274
155 56 266
156 56 265
159 56 289
160 56 274
167 56 254
169 56 249
175 56 271
176 56 294
177 56 247
178 56 229
180 56 281
182 56 280
183 56 268
185 56 262
189 56 262
190 56 286
191 56 285
193 56 270
198 56 268
201 56 290
205 56 256
208 56 281
209 56 287
210 56 248
212 56 250
213 56 309
214 56 258
215 56 248
221 56 281
225 56 288
227 56 242
229 56 255
230 56 268
233 56 251
234 56 250
235 56 259
238 56 249
241 56 259
242 56 252
244 56 263
246 56 268
248 56 224
249 56 268
252 56 277
253 56 272
254 56 258
257 56 261
259 56 264
261 56 269
262 56 265
264 56 240
267 56 265
268 56 239
271 56 282
272 56 252
273 56 249
274 56 258
277 56 245
280 56 244
281 56 252
284 56 234
285 56 243
287 56 260
290 56 249
291 56 219
297 56 272
298 56 256
300 56 249
301 56 228
303 56 260
304 56 275
308 56 247
309 56 238
310 56 243
313 56 237
315 56 232
316 56 240
322 56 223
326 56 216
332 56 261
333 56 245
335 56 233
341 56 216
343 56 255
346 56 212
353 56 278
354 56 225
355 56 243
360 56 266
361 56 240
363 56 212
364 56 233
366 56 191
370 56 226
372 56 216
373 56 221
374 56 213
376 56 251
382 56 251
386 56 230
387 56 221
388 56 240
391 56 214
392 56 221
395 56 228
397 56 244
399 56 231
400 56 214
407 56 238
410 56 217
413 56 202
418 56 210
421 56 219
422 56 220
423 56 213
427 56 232
431 56 194
432 56 228
433 56 215
436 56 228
440 56 210
441 56 226
442 56 244
444 56 217
446 56 229
450 56 225
451 56 238
460 56 211
463 56 196
466 56 223
468 56 189
470 56 230
471 56 219
472 56 225
474 56 193
477 56 230
479 56 241
483 56 198
487 56 196
488 56 234
489 56 196
490 56 227
492 56 190
494 56 206
498 56 219
507 56 225
510 56 209
513 56 187
517 56 197
518 56 209
527 56 202
528 56 209
532 56 169
533 56 191
534 56 203
536 56 215
540 56 204
541 56 221
548 56 222
552 56 178
553 56 206
555 56 207
559 56 195
562 56 193
568 56 187
574 56 199
577 56 178
580 56 220
581 56 186
584 56 181
586 56 207
587 56 195
591 56 196
594 56 206
596 56 164
598 56 187
599 56 192
603 56 190
606 56 198
608 56 187
609 56 210
610 56 174
614 56 214
619 56 199
624 56 199
626 56 171
628 56 192
632 56 186
634 56 191
636 56 184
637 56 198
643 56 176
645 56 183
647 56 188
649 56 202
653 56 185
654 56 180
655 56 178
656 56 167
657 56 173
660 56 195
662 56 196
664 56 182
668 56 198
674 56 169
677 56 198
682 56 185
685 56 192
687 56 184
689 56 192
691 56 190
692 56 196
693 56 165
695 56 204
696 56 166
698 56 191
711 56 186
716 56 197
717 56 177
720 56 200
726 56 187
738 56 160
739 56 153
742 56 185
745 56 168
749 56 168
752 56 176
758 56 184
762 56 170
764 56 181
765 56 174
766 56 169
767 56 162
781 56 168
784 56 215
787 56 161
791 56 176
792 56 168
794 56 165
798 56 181
807 56 187
809 56 160
813 56 155
814 56 172
819 56 147
822 56 140
825 56 169
830 56 164
833 56 154
836 56 169
839 56 155
844 56 149
852 56 130
853 56 155
854 56 152
855 56 173
858 56 137
860 56 166
861 56 154
862 56 156
863 56 161
870 56 164
880 56 141
893 56 176
895 56 164
896 56 159
901 56 152
903 56 117
908 56 133
915 56 151
923 56 135
925 56 157
929 56 121
937 56 141
938 56 148
944 56 147
945 56 145
947 56 124
960 56 131
961 56 156
964 56 132
966 56 134
975 56 143
980 56 132
986 56 134
989 56 112
990 56 157
991 56 151
992 56 140
996 56 115
997 56 125
1000 56 131
1008 56 143
1013 56 133
1017 56 122
1018 56 137
1019 56 113
1020 56 131
1022 56 159
1023 56 142
1024 56 101
1027 56 139
1029 56 122
1031 56 142
1036 56 139
1037 56 136
1038 56 121
1043 56 146
1047 56 128
1064 56 131
1065 56 117
1066 56 136
1069 56 118
1082 56 124
1086 56 106
1092 56 135
1094 56 127
1095 56 119
1097 56 132
1102 56 109
1103 56 100
1104 56 144
1109 56 136
1111 56 108
1117 56 106
1122 56 122
1126 56 112
1128 56 91
1130 56 126
1131 56 123
1133 56 126
1134 56 112
1136 56 112
1142 56 105
1144 56 130
1146 56 126
1151 56 111
1153 56 113
1158 56 132
1162 56 108
1163 56 120
1173 56 123
1176 56 149
1180 56 107
1182 56 118
1185 56 140
1190 56 109
1198 56 105
1203 56 125
1205 56 110
1209 56 119
1210 56 94
1211 56 115
1219 56 114
1224 56 97
1227 56 85
1236 56 101
1240 56 96
1250 56 110
1257 56 104
1261 56 89
1264 56 124
1267 56 113
1268 56 103
1273 56 98
1274 56 91
1275 56 109
1278 56 114
1289 56 113
1291 56 91
1298 56 108
1306 56 101
1309 56 101
1313 56 80
1321 56 73
1324 56 104
1333 56 94
1335 56 89
1338 56 98
1345 56 90
1346 56 75
1352 56 89
1353 56 98
1355 56 72
1356 56 95
1357 56 107
1363 56 90
1365 56 90
1368 56 85
1371 56 87
1382 56 86
1397 56 92
1399 56 78
1403 56 87
1405 56 100
1407 56 99
1410 56 84
1414 56 99
1418 56 71
1419 56 104
1421 56 81
1430 56 92
1437 56 82
1459 56 76
1461 56 89
1464 56 89
1471 56 67
1479 56 79
1481 56 85
1490 56 80
1497 56 71
1510 56 84
1511 56 87
1513 56 82
1521 56 66
1526 56 71
1527 56 75
1533 56 68
1538 56 84
1539 56 76
1542 56 79
1543 56 74
1547 56 83
1573 56 68
1574 56 61
1579 56 63
1580 56 67
1589 56 77
1597 56 71
1603 56 65
1620 56 70
1625 56 67
1629 56 67
1638 56 69
1639 56 66
1652 56 53
1654 56 65
1659 56 69
1661 56 59
1666 56 49
1672 56 59
1674 56 39
1675 56 72
1677 56 60
1679 56 77
1682 56 50
1688 56 61
1690 56 59
1698 56 61
1704 56 59
1705 56 56
1724 56 56
1727 56 60
1734 56 49
1736 56 65
1739 56 70
1740 56 49
1746 56 51
1747 56 48
1754 56 56
1771 56 57
1772 56 52
1789 56 46
1793 56 54
1799 56 52
1804 56 57
1808 56 56
1809 56 41
1812 56 50
1818 56 45
1819 56 64
1825 56 46
1828 56 48
1830 56 50
1831 56 45
1832 56 45
1837 56 47
1840 56 49
1847 56 41
1848 56 58
1854 56 35
1860 56 42
1862 56 52
1880 56 51
1881 56 47
1884 56 44
1886 56 50
1897 56 37
1898 56 47
1907 56 34
1916 56 44
1920 56 45
1922 56 33
1929 56 49
1931 56 42
1934 56 49
1939 56 40
1943 56 40
1951 56 39
1952 56 34
1957 56 29
1969 56 34
1977 56 19
1980 56 42
1990 56 34
1992 56 39
1993 56 28
1996 56 33
1999 56 28
2007 56 41
2014 56 30
2017 56 36
2025 56 28
2030 56 37
2032 56 36
2043 56 37
2045 56 28
2050 56 46
2057 56 34
2068 56 35
2080 56 38
2099 56 28
2105 56 32
2107 56 38
2129 56 29
2135 56 29
2138 56 28
2143 56 26
2147 56 33
2148 56 14
2158 56 31
2168 56 25
2175 56 23
2195 56 21
2196 56 23
2209 56 18
2256 56 20
2259 56 17
2271 56 19
2292 56 29
2313 56 17
2315 56 19
2325 56 15
2330 56 14
2352 56 17
2357 56 15
2366 56 18
2372 56 11
2374 56 14
2376 56 11
2389 56 15
2397 56 14
2404 56 11
2418 56 10
2435 56 18
2445 56 14
2457 56 11
2461 56 11
2463 56 15
2464 56 8
2469 56 13
2475 56 14
2483 56 5
2485 56 12
2506 56 8
2517 56 13
2522 56 11
2524 56 15
2525 56 9
2526 56 13
2527 56 8
2528 56 11
2543 56 10
2545 56 2
2558 56 7
2567 56 7
2578 56 10
2579 56 4
2586 56 4
2609 56 5
2626 56 11
2630 56 5
2635 56 5
2652 56 8
2657 56 7
2675 56 2
2677 56 6
2679 56 3
2682 56 5
2704 56 3
2723 56 4
2727 56 4
2742 56 1
2743 56 3
2745 56 3
2747 56 3
2764 56 4
2780 56 5
2781 56 3
2794 56 1
2801 56 4
2802 56 3
2828 56 2
2835 56 2
2837 56 2
2858 56 1
2860 56 1
2883 56 3
2887 56 1
2900 56 1
2907 56 2
2913 56 2
2914 56 1
2917 56 1
2919 56 1
2926 56 1
2937 56 1
2939 56 1
2950 56 1
2951 56 1
2954 56 1
2955 56 2
2958 56 1
2969 56 1
2971 56 1
2979 56 1
2986 56 1
2991 56 1
1 57 315
4 57 299
6 57 284
10 57 321
11 57 271
12 57 275
13 57 274
14 57 275
16 57 286
18 57 292
20 57 315
21 57 293
22 57 288
26 57 295
27 57 302
28 57 282
30 57 282
31 57 298
32 57 282
34 57 289
36 57 300
38 57 316
40 57 267
43 57 312
44 57 281
47 57 297
48 57 298
49 57 310
61 57 294
65 57 299
68 57 286
69 57 264
72 57 310
73 57 281
74 57 305
77 57 305
80 57 273
81 57 300
85 57 255
86 57 279
90 57 285
93 57 255
96 57 273
99 57 262
107 57 273
112 57 282
113 57 260
114 57 276
117 57 263
119 57 279
123 57 276
131 57 283
133 57 250
134 57 273
136 57 280
137 57 305
138 57 255
143 57 247
144 57 301
147 57 252
148 57 280
151 57 293
157 57 250
158 57 262
161 57 294
162 57 269
169 57 270
177 57 260
181 57 256
191 57 267
194 57 256
196 57 277
197 57 277
198 57 240
200 57 252
201 57 262
206 57 252
208 57 253
209 57 259
212 57 266
213 57 255
215 57 238
216 57 240
220 57 264
223 57 273
225 57 275
226 57 242
229 57 259
230 57 242
233 57 249
234 57 225
236 57 230
238 57 246
242 57 222
243 57 244
247 57 279
249 57 236
250 57 256
251 57 239
255 57 227
257 57 239
258 57 255
260 57 246
265 57 277
267 57 258
271 57 278
272 57 249
273 57 221
274 57 249
275 57 279
281 57 239
286 57 247
288 57 244
291 57 259
296 57 235
297 57 260
298 57 262
299 57 253
300 57 242
309 57 226
310 57 254
313 57 246
314 57 249
315 57 235
317 57 219
320 57 245
323 57 242
324 57 250
329 57 249
333 57 246
334 57 229
339 57 273
341 57 242
342 57 234
343 57 237
347 57 237
348 57 220
349 57 250
350 57 251
352 57 245
353 57 261
356 57 235
360 57 251
365 57 238
370 57 256
371 57 204
374 57 228
375 57 208
377 57 201
378 57 260
380 57 250
381 57 200
384 57 222
385 57 224
388 57 226
392 57 226
394 57 217
397 57 239
399 57 230
406 57 256
413 57 222
417 57 224
418 57 234
422 57 217
423 57 238
424 57 229
425 57 216
427 57 257
432 57 239
435 57 221
440 57 220
448 57 200
449 57 207
455 57 205
457 57 246
459 57 206
464 57 227
466 57 223
467 57 229
470 57 212
473 57 202
475 57 232
476 57 219
478 57 250
483 57 204
489 57 206
491 57 213
492 57 235
494 57 199
497 57 208
502 57 218
506 57 198
507 57 204
509 57 196
510 57 207
511 57 222
513 57 196
517 57 215
520 57 208
523 57 206
528 57 218
533 57 215
540 57 213
545 57 184
548 57 203
552 57 185
555 57 203
557 57 209
561 57 175
565 57 217
568 57 196
570 57 187
571 57 213
573 57 225
575 57 189
577 57 208
580 57 207
584 57 194
585 57 208
591 57 186
594 57 209
598 57 203
605 57 169
607 57 171
611 57 213
613 57 189
615 57 201
616 57 182
617 57 195
618 57 199
621 57 204
623 57 182
627 57 182
629 57 200
631 57 196
633 57 190
636 57 172
638 57 181
640 57 169
641 57 182
642 57 190
644 57 187
645 57 176
648 57 197
652 57 183
653 57 188
656 57 200
663 57 176
670 57 160
671 57 153
672 57 203
675 57 170
676 57 191
678 57 182
680 57 151
681 57 187
684 57 195
686 57 161
688 57 167
694 57 196
695 57 186
700 57 167
703 57 158
708 57 190
709 57 176
710 57 179
712 57 158
713 57 200
716 57 166
717 57 148
719 57 195
724 57 187
729 57 168
733 57 157
734 57 172
739 57 185
743 57 168
745 57 184
754 57 171
755 57 187
756 57 172
757 57 176
760 57 205
770 57 156
778 57 169
780 57 170
781 57 164
786 57 166
794 57 157
796 57 155
797 57 158
798 57 178
804 57 166
805 57 189
809 57 148
816 57 169
819 57 139
825 57 156
829 57 135
835 57 155
836 57 154
838 57 176
840 57 161
844 57 153
847 57 152
854 57 160
857 57 166
860 57 134
865 57 171
868 57 158
873 57 161
879 57 143
894 57 130
896 57 134
897 57 147
899 57 146
901 57 171
902 57 130
904 57 140
920 57 152
921 57 145
924 57 149
926 57 136
928 57 136
935 57 149
940 57 148
943 57 127
950 57 126
956 57 151
961 57 156
963 57 154
967 57 119
968 57 157
970 57 130
972 57 135
980 57 142
983 57 147
984 57 143
989 57 137
991 57 154
1003 57 132
1007 57 126
1010 57 128
1013 57 140
1030 57 126
1031 57 105
1032 57 127
1034 57 153
1038 57 140
1043 57 130
1044 57 130
1046 57 125
1047 57 123
1051 57 142
1058 57 145
1062 57 133
1065 57 154
1077 57 122
1086 57 111
1089 57 121
1091 57 122
1097 57 130
1098 57 126
1101 57 113
1102 57 134
1106 57 124
1110 57 110
1114 57 137
1132 57 129
1134 57 114
1136 57 111
1146 57 124
1148 57 122
1149 57 106
1152 57 100
1158 57 99
1160 57 113
1166 57 132
1167 57 125
1169 57 120
1183 57 129
1186 57 111
1189 57 112
1194 57 112
1195 57 95
1198 57 131
1201 57 138
1207 57 112
1211 57 110
1214 57 102
1221 57 107
1223 57 93
1232 57 111
1246 57 103
1251 57 86
1260 57 89
1262 57 114
1267 57 117
1273 57 113
1286 57 117
1289 57 91
1291 57 103
1297 57 79
1308 57 103
1314 57 86
1320 57 106
1321 57 88
1330 57 106
1331 57 88
1332 57 95
1341 57 87
1342 57 115
1356 57 99
1357 57 97
1361 57 112
1362 57 90
1363 57 112
1368 57 106
1369 57 86
1372 57 96
1374 57 90
1377 57 85
1379 57 88
1387 57 99
1391 57 114
1394 57 93
1397 57 86
1408 57 96
1410 57 105
1413 57 101
1414 57 91
1415 57 83
1418 57 77
1419 57 85
1423 57 81
1427 57 90
1429 57 102
1435 57 90
1444 57 79
1448 57 75
1452 57 58
1454 57 70
1457 57 100
1468 57 82
1479 57 93
1487 57 80
1488 57 78
1489 57 77
1496 57 88
1500 57 65
1505 57 67
1514 57 66
1516 57 90
1527 57 84
1538 57 80
1541 57 59
1542 57 74
1543 57 70
1545 57 72
1550 57 74
1552 57 72
1556 57 70
1557 57 63
1576 57 67
1584 57 67
1586 57 71
1598 57 58
1602 57 56
1609 57 71
1623 57 66
1626 57 59
1633 57 67
1637 57 60
1642 57 54
1643 57 54
1650 57 75
1651 57 61
1652 57 65
1655 57 78
1657 57 51
1660 57 48
1661 57 66
1664 57 52
1669 57 49
1674 57 64
1676 57 66
1679 57 62
1686 57 47
1694 57 70
1695 57 61
1699 57 38
1705 57 66
1708 57 48
1718 57 53
1720 57 67
1727 57 52
1732 57 64
1733 57 47
1754 57 63
1758 57 50
1760 57 62
1764 57 51
1770 57 46
1771 57 51
1775 57 46
1785 57 58
1788 57 55
1799 57 47
1812 57 43
1822 57 60
1838 57 47
1841 57 48
1851 57 40
1855 57 47
1860 57 51
1865 57 60
1869 57 41
1870 57 36
1877 57 48
1881 57 50
1883 57 44
1886 57 43
1888 57 44
1889 57 40
1901 57 43
1917 57 37
1920 57 33
1921 57 39
1922 57 32
1924 57 41
1926 57 47
1940 57 39
1946 57 36
1961 57 35
1962 57 31
1967 57 44
1971 57 40
1975 57 35
1976 57 21
1985 57 48
1997 57 34
2001 57 35
2003 57 38
2006 57 36
2012 57 42
2013 57 35
2017 57 36
2020 57 38
2040 57 29
2052 57 33
2062 57 29
2063 57 33
2070 57 31
2071 57 33
2076 57 38
2079 57 37
2090 57 29
2094 57 36
2105 57 30
2123 57 27
2126 57 33
2134 57 25
2146 57 24
2151 57 31
2165 57 33
2172 57 23
2196 57 22
2199 57 23
2204 57 28
2210 57 18
2214 57 29
2234 57 24
2239 57 15
2241 57 15
2242 57 20
2246 57 14
2252 57 23
2257 57 22
2259 57 28
2261 57 25
2285 57 27
2294 57 21
2295 57 13
2297 57 16
2299 57 16
2304 57 14
2312 57 22
2317 57 15
2320 57 13
2328 57 22
2332 57 12
2346 57 12
2347 57 9
2358 57 21
2390 57 10
2391 57 11
2393 57 10
2403 57 14
2404 57 16
2413 57 12
2463 57 7
2466 57 13
2480 57 9
2486 57 11
2531 57 9
2541 57 13
2560 57 8
2561 57 10
2572 57 6
2577 57 4
2584 57 3
2592 57 9
2599 57 5
2611 57 7
2627 57 7
2636 57 6
2638 57 7
2641 57 5
2645 57 4
2655 57 4
2656 57 6
2676 57 3
2681 57 5
2697 57 8
2710 57 6
2730 57 4
2737 57 4
2738 57 3
2748 57 5
2755 57 6
2758 57 4
2762 57 2
2771 57 2
2779 57 4
2796 57 1
2820 57 4
2822 57 3
2851 57 1
2852 57 3
2861 57 1
2875 57 2
2894 57 1
2906 57 1
2909 57 1
2926 57 3
2935 57 1
2945 57 1
2948 57 2
2951 57 3
2952 57 1
2970 57 1
2979 57 1
2990 57 1
2999 57 1
1 58 276
2 58 260
3 58 332
7 58 292
13 58 301
18 58 294
19 58 292
20 58 302
21 58 306
23 58 299
25 58 282
26 58 302
32 58 290
35 58 310
39 58 296
40 58 284
41 58 285
43 58 277
44 58 273
48 58 335
51 58 292
54 58 295
55 58 289
59 58 308
60 58 298
61 58 278
63 58 311
66 58 279
69 58 265
70 58 296
71 58 289
74 58 287
78 58 279
80 58 286
81 58 267
83 58 286
84 58 274
85 58 284
91 58 238
94 58 283
95 58 307
99 58 275
101 58 297
103 58 308
104 58 283
106 58 261
108 58 259
109 58 292
110 58 282
111 58 255
112 58 280
113 58 282
116 58 277
117 58 307
118 58 269
119 58 280
121 58 246
122 58 257
123 58 298
125 58 280
126 58 282
129 58 266
130 58 268
131 58 299
134 58 262
136 58 248
137 58 294
140 58 301
143 58 274
146 58 288
148 58 304
154 58 256
157 58 293
158 58 240
165 58 248
167 58 265
168 58 285
169 58 258
173 58 246
175 58 266
180 58 252
185 58 254
187 58 281
188 58 279
189 58 269
192 58 241
193 58 289
198 58 284
200 58 252
202 58 259
206 58 263
208 58 264
210 58 261
211 58 233
212 58 262
213 58 264
222 58 264
227 58 263
228 58 244
229 58 259
230 58 251
231 58 273
233 58 258
236 58 256
237 58 257
238 58 264
239 58 270
241 58 272
243 58 239
244 58 278
245 58 229
246 58 265
250 58 260
256 58 247
258 58 253
260 58 228
261 58 261
264 58 260
269 58 256
270 58 220
273 58 268
281 58 262
284 58 262
286 58 281
288 58 246
291 58 229
295 58 256
296 58 248
300 58 255
301 58 246
302 58 260
304 58 250
306 58 246
308 58 246
309 58 247
310 58 246
311 58 247
313 58 240
319 58 247
321 58 270
323 58 227
324 58 223
326 58 240
331 58 258
332 58 270
333 58 234
334 58 258
335 58 251
336 58 226
339 58 256
342 58 218
343 58 225
344 58 250
348 58 238
353 58 222
354 58 229
360 58 254
362 58 216
367 58 223
370 58 239
371 58 251
372 58 220
374 58 225
377 58 255
378 58 217
379 58 236
382 58 245
392 58 209
396 58 228
398 58 233
402 58 227
403 58 211
405 58 221
410 58 229
411 58 242
413 58 232
422 58 238
426 58 225
431 58 217
432 58 218
433 58 232
437 58 205
439 58 223
443 58 225
446 58 224
449 58 218
451 58 217
452 58 195
456 58 255
459 58 232
461 58 227
463 58 232
465 58 240
467 58 213
469 58 197
470 58 220
471 58 212
479 58 210
480 58 213
483 58 201
487 58 195
488 58 191
490 58 219
494 58 220
495 58 213
497 58 228
498 58 210
505 58 190
506 58 215
511 58 228
512 58 209
516 58 195
518 58 194
520 58 190
522 58 216
524 58 208
525 58 216
531 58 178
533 58 217
535 58 240
538 58 190
540 58 210
541 58 208
544 58 204
551 58 199
555 58 206
556 58 178
558 58 181
561 58 224
566 58 212
570 58 182
574 58 184
575 58 209
576 58 201
577 58 211
578 58 174
581 58 181
583 58 184
585 58 189
586 58 215
587 58 193
591 58 188
593 58 225
597 58 194
598 58 175
604 58 180
608 58 192
609 58 193
612 58 188
613 58 207
614 58 187
615 58 206
617 58 178
619 58 196
620 58 179
622 58 170
624 58 174
626 58 198
630 58 180
636 58 174
637 58 199
638 58 188
639 58 171
640 58 174
643 58 189
645 58 186
648 58 182
649 58 204
651 58 171
653 58 190
655 58 180
656 58 197
659 58 171
662 58 171
663 58 198
664 58 184
670 58 189
671 58 184
678 58 186
680 58 154
681 58 186
683 58 164
686 58 168
688 58 172
697 58 172
701 58 166
707 58 168
708 58 182
710 58 177
715 58 166
726 58 184
735 58 139
736 58 151
739 58 174
741 58 177
742 58 165
745 58 184
748 58 184
750 58 162
751 58 165
752 58 162
762 58 144
763 58 163
764 58 194
765 58 139
769 58 164
770 58 156
772 58 169
775 58 177
776 58 174
777 58 162
779 58 157
781 58 163
788 58 170
789 58 155
790 58 184
794 58 178
797 58 187
798 58 158
801 58 172
807 58 183
810 58 168
812 58 174
815 58 171
819 58 169
820 58 161
821 58 184
828 58 147
829 58 150
835 58 148
838 58 148
839 58 166
840 58 136
848 58 172
850 58 158
851 58 132
859 58 183
866 58 165
869 58 146
871 58 154
874 58 183
875 58 150
878 58 176
883 58 131
884 58 170
885 58 144
891 58 141
893 58 167
894 58 149
899 58 141
901 58 156
906 58 149
907 58 170
912 58 154
915 58 159
918 58 166
920 58 130
925 58 149
928 58 145
932 58 132
940 58 129
943 58 131
945 58 122
949 58 150
953 58 146
955 58 151
957 58 147
962 58 148
966 58 152
974 58 145
978 58 150
981 58 161
984 58 146
987 58 155
988 58 130
989 58 151
993 58 122
995 58 158
998 58 153
1000 58 126
1001 58 137
1003 58 147
1010 58 135
1011 58 141
1012 58 124
1013 58 130
1018 58 136
1026 58 139
1027 58 126
1031 58 129
1038 58 123
1041 58 126
1044 58 113
1045 58 126
1049 58 119
1053 58 114
1056 58 130
1057 58 122
1072 58 127
1073 58 115
1077 58 126
1078 58 132
1079 58 110
1093 58 124
1095 58 128
1097 58 130
1101 58 112
1109 58 113
1110 58 114
1111 58 128
1113 58 138
1114 58 117
1125 58 110
1126 58 127
1129 58 102
1130 58 120
1131 58 113
1132 58 118
1133 58 122
1134 58 115
1140 58 103
1148 58 142
1157 58 101
1159 58 134
1165 58 105
1170 58 111
1173 58 109
1195 58 112
1200 58 129
1202 58 107
1203 58 111
1206 58 123
1207 58 108
1211 58 116
1213 58 107
1215 58 124
1222 58 103
1228 58 82
1234 58 90
1241 58 84
1246 58 111
1248 58 104
1252 58 108
1253 58 96
1255 58 91
1259 58 94
1269 58 105
1274 58 91
1275 58 104
1280 58 89
1282 58 90
1283 58 101
1285 58 88
1286 58 108
1293 58 99
1296 58 114
1297 58 92
1299 58 123
1303 58 94
1311 58 98
1314 58 91
1320 58 114
1325 58 101
1327 58 106
1333 58 97
1344 58 108
1360 58 85
1367 58 91
1371 58 90
1380 58 92
1387 58 91
1393 58 92
1394 58 85
1395 58 104
1399 58 76
1405 58 73
1407 58 93
1415 58 89
1426 58 91
1431 58 85
1434 58 67
1435 58 92
1437 58 95
1438 58 102
1442 58 82
1443 58 72
1444 58 91
1449 58 78
1453 58 76
1457 58 72
1465 58 88
1475 58 84
1477 58 83
1483 58 74
1485 58 86
1489 58 69
1493 58 84
1498 58 67
1508 58 78
1512 58 83
1514 58 79
1522 58 84
1538 58 74
1552 58 66
1554 58 68
1555 58 69
1556 58 73
1566 58 66
1567 58 78
1571 58 83
1578 58 69
1588 58 76
1590 58 69
1593 58 76
1601 58 61
1611 58 66
1612 58 74
1615 58 70
1616 58 62
1620 58 72
1626 58 57
1628 58 74
1638 58 73
1649 58 55
1655 58 64
1663 58 69
1669 58 52
1670 58 57
1680 58 69
1681 58 44
1687 58 66
1691 58 45
1698 58 62
1718 58 57
1722 58 55
1725 58 55
1729 58 54
1730 58 56
1734 58 42
1735 58 52
1737 58 60
1742 58 57
1746 58 61
1763 58 61
1765 58 44
1773 58 60
1784 58 70
1785 58 75
1787 58 72
1790 58 61
1793 58 58
1795 58 46
1804 58 59
1821 58 52
1825 58 46
1829 58 59
1841 58 39
1843 58 48
1846 58 45
1852 58 46
1853 58 54
1860 58 38
1862 58 46
1863 58 36
1871 58 48
1885 58 51
1895 58 40
1902 58 49
1903 58 46
1906 58 46
1920 58 44
1923 58 38
1925 58 32
1927 58 34
1931 58 34
1934 58 47
1945 58 33
1948 58 43
1960 58 43
1961 58 48
1963 58 48
1971 58 37
1982 58 28
1992 58 31
1997 58 49
2003 58 40
2016 58 29
2021 58 36
2025 58 36
2028 58 36
2037 58 31
2038 58 39
2043 58 36
2053 58 32
2054 58 45
2057 58 36
2078 58 27
2081 58 24
2087 58 28
2101 58 28
2113 58 30
2114 58 33
2118 58 40
2120 58 29
2124 58 32
2128 58 30
2129 58 21
2144 58 36
2152 58 30
2165 58 25
2168 58 16
2174 58 23
2180 58 28
2195 58 25
2201 58 16
2205 58 36
2207 58 20
2222 58 26
2227 58 16
2233 58 21
2234 58 23
2250 58 18
2252 58 15
2261 58 18
2276 58 19
2286 58 16
2296 58 15
2299 58 23
2321 58 16
2324 58 18
2327 58 14
2328 58 18
2346 58 14
2353 58 16
2371 58 24
2381 58 19
2397 58 12
2398 58 11
2401 58 15
2414 58 13
2446 58 9
2455 58 11
2456 58 13
2460 58 15
2470 58 16
2474 58 12
2491 58 8
2507 58 10
2509 58 7
2514 58 10
2515 58 10
2526 58 7
2527 58 18
2540 58 12
2548 58 7
2556 58 6
2581 58 7
2585 58 6
2591 58 10
2618 58 10
2624 58 4
2626 58 6
2627 58 6
2629 58 5
2659 58 6
2663 58 6
2668 58 5
2669 58 3
2686 58 11
2700 58 6
2703 58 8
2713 58 3
2722 58 3
2730 58 2
2741 58 3
2742 58 2
2752 58 1
2760 58 3
2761 58 3
2766 58 1
2767 58 1
2773 58 4
2791 58 3
2799 58 2
2800 58 2
2803 58 2
2804 58 2
2819 58 2
2821 58 2
2842 58 1
2844 58 2
2850 58 1
2860 58 2
2866 58 2
2869 58 2
2872 58 2
2874 58 1
2880 58 1
2892 58 1
2896 58 1
2900 58 3
2901 58 2
2913 58 2
2919 58 1
2928 58 1
2955 58 1
0 59 255
6 59 255
9 59 316
10 59 277
11 59 316
18 59 300
25 59 325
26 59 311
28 59 320
29 59 269
31 59 275
33 59 297
36 59 307
42 59 302
43 59 301
44 59 283
46 59 258
47 59 334
48 59 286
49 59 293
51 59 273
53 59 303
54 59 286
59 59 272
60 59 288
62 59 249
65 59 284
68 59 275
74 59 259
75 59 314
78 59 290
79 59 282
83 59 280
84 59 265
90 59 295
93 59 289
99 59 282
100 59 272
101 59 273
102 59 305
104 59 273
106 59 298
108 59 287
112 59 266
116 59 262
120 59 302
124 59 278
125 59 263
127 59 256
135 59 286
136 59 277
141 59 292
143 59 255
145 59 265
147 59 233
151 59 266
153 59 268
154 59 269
156 59 282
160 59 257
161 59 274
164 59 243
165 59 242
166 59 283
167 59 257
171 59 251
174 59 265
183 59 279
184 59 273
186 59 256
190 59 246
191 59 296
195 59 263
197 59 264
198 59 249
199 59 264
200 59 277
201 59 290
203 59 259
204 59 255
206 59 293
213 59 278
215 59 253
216 59 272
220 59 274
225 59 261
228 59 242
230 59 260
234 59 250
239 59 267
240 59 250
241 59 285
243 59 253
246 59 261
247 59 259
248 59 234
255 59 261
256 59 269
258 59 249
265 59 236
270 59 234
271 59 233
276 59 265
279 59 277
283 59 250
284 59 267
285 59 244
288 59 232
289 59 254
290 59 248
293 59 252
298 59 254
300 59 239
301 59 244
305 59 236
306 59 257
308 59 247
310 59 252
314 59 237
317 59 246
319 59 229
321 59 219
326 59 250
328 59 234
333 59 228
335 59 200
339 59 242
342 59 242
343 59 234
352 59 236
353 59 206
355 59 230
357 59 256
359 59 269
360 59 253
363 59 216
372 59 246
375 59 233
376 59 217
377 59 243
380 59 220
381 59 245
383 59 229
387 59 209
389 59 232
391 59 215
392 59 217
394 59 226
396 59 225
398 59 232
401 59 196
404 59 218
405 59 249
406 59 233
407 59 224
412 59 218
413 59 240
415 59 248
416 59 245
417 59 238
419 59 219
422 59 224
428 59 193
433 59 212
436 59 228
441 59 198
448 59 218
449 59 209
450 59 221
451 59 237
452 59 194
453 59 201
455 59 223
457 59 198
459 59 205
463 59 218
465 59 224
466 59 210
467 59 239
468 59 242
471 59 199
472 59 228
473 59 228
474 59 225
479 59 217
484 59 210
485 59 204
488 59 203
489 59 207
490 59 200
492 59 222
494 59 183
495 59 220
500 59 217
501 59 214
502 59 229
508 59 206
509 59 219
510 59 188
514 59 211
516 59 209
521 59 231
522 59 201
526 59 216
531 59 198
532 59 235
536 59 218
540 59 202
546 59 209
547 59 203
554 59 212
558 59 185
562 59 228
563 59 180
564 59 192
568 59 198
575 59 190
576 59 186
578 59 192
582 59 198
583 59 191
584 59 197
587 59 226
588 59 194
589 59 181
591 59 213
594 59 208
598 59 172
600 59 204
606 59 180
613 59 199
614 59 181
617 59 172
620 59 182
621 59 184
625 59 195
630 59 195
631 59 198
632 59 198
633 59 170
634 59 164
635 59 205
642 59 202
643 59 181
646 59 163
647 59 191
649 59 190
651 59 177
653 59 177
654 59 188
660 59 167
668 59 191
671 59 164
673 59 171
674 59 178
676 59 182
678 59 196
680 59 177
681 59 160
682 59 186
683 59 172
685 59 182
694 59 148
695 59 184
697 59 192
700 59 196
708 59 181
713 59 180
717 59 172
722 59 151
724 59 180
730 59 162
731 59 179
735 59 174
736 59 206
738 59 165
740 59 188
741 59 152
743 59 180
751 59 162
758 59 171
759 59 179
761 59 159
766 59 157
771 59 194
774 59 160
775 59 141
783 59 158
788 59 163
792 59 149
793 59 137
795 59 169
798 59 182
800 59 173
806 59 167
812 59 148
814 59 169
815 59 165
818 59 171
824 59 168
826 59 171
829 59 164
832 59 156
835 59 153
839 59 153
843 59 163
850 59 161
852 59 145
853 59 162
857 59 125
862 59 175
864 59 165
868 59 134
870 59 163
875 59 166
886 59 133
888 59 147
890 59 145
896 59 140
898 59 151
899 59 174
900 59 164
902 59 158
903 59 145
909 59 163
916 59 149
920 59 141
926 59 140
927 59 132
939 59 147
940 59 144
941 59 143
952 59 158
958 59 138
960 59 123
961 59 139
963 59 139
964 59 138
969 59 139
977 59 148
978 59 159
982 59 166
985 59 133
989 59 146
990 59 155
993 59 134
994 59 112
995 59 128
1003 59 153
1004 59 126
1005 59 146
1008 59 155
1009 59 126
1010 59 125
1013 59 129
1016 59 137
1017 59 154
1020 59 144
1025 59 150
1030 59 139
1031 59 129
1037 59 136
1041 59 131
1045 59 134
1051 59 115
1059 59 115
1062 59 135
1064 59 134
1066 59 127
1067 59 128
1069 59 113
1070 59 130
1071 59 130
1072 59 120
1075 59 117
1081 59 114
1097 59 109
1101 59 123
1102 59 114
1105 59 141
1114 59 118
1115 59 142
1117 59 133
1124 59 111
1130 59 129
1134 59 116
1136 59 122
1141 59 113
1146 59 117
1148 59 126
1150 59 111
1158 59 109
1161 59 111
1163 59 115
1164 59 109
1166 59 99
1174 59 101
1182 59 116
1183 59 107
1186 59 101
1188 59 125
1189 59 118
1194 59 111
1197 59 123
1208 59 110
1209 59 106
1211 59 100
1214 59 95
1215 59 106
1218 59 94
1219 59 95
1227 59 89
1230 59 118
1235 59 105
1238 59 81
1242 59 126
1254 59 110
1259 59 107
1260 59 89
1271 59 101
1274 59 129
1276 59 84
1277 59 101
1278 59 87
1284 59 109
1285 59 87
1286 59 109
1288 59 95
1291 59 106
1294 59 108
1313 59 117
1320 59 96
1321 59 106
1347 59 92
1349 59 98
1353 59 87
1358 59 98
1359 59 82
1362 59 94
1363 59 98
1373 59 87
1377 59 83
1382 59 93
1386 59 75
1395 59 76
1400 59 86
1401 59 98
1406 59 83
1407 59 89
1408 59 88
1409 59 91
1417 59 100
1432 59 89
1433 59 81
1434 59 71
1435 59 61
1442 59 86
1447 59 87
1448 59 74
1451 59 84
1452 59 75
1453 59 72
1455 59 106
1464 59 86
1467 59 88
1469 59 86
1471 59 84
1473 59 80
1484 59 73
1488 59 78
1493 59 68
1506 59 82
1507 59 91
1523 59 81
1534 59 67
1539 59 69
1544 59 62
1549 59 73
1562 59 74
1566 59 58
1568 59 68
1570 59 69
1572 59 68
1577 59 79
1579 59 62
1586 59 70
1603 59 63
1619 59 45
1620 59 82
1625 59 63
1627 59 69
1641 59 67
1653 59 69
1657 59 66
1658 59 57
1660 59 67
1664 59 67
1665 59 65
1666 59 63
1667 59 75
1668 59 60
1676 59 57
1689 59 64
1692 59 58
1693 59 69
1694 59 55
1704 59 69
1713 59 51
1716 59 52
1736 59 68
1737 59 54
1739 59 57
1749 59 43
1750 59 54
1755 59 49
1756 59 45
1763 59 57
1768 59 50
1769 59 55
1776 59 57
1780 59 48
1785 59 59
1787 59 57
1788 59 53
1799 59 61
1809 59 48
1830 59 55
1831 59 49
1848 59 38
1852 59 51
1853 59 50
1856 59 51
1859 59 41
1863 59 29
1865 59 55
1867 59 47
1875 59 39
1890 59 39
1892 59 34
1902 59 44
1907 59 39
1909 59 37
1910 59 47
1911 59 30
1914 59 34
1916 59 39
1919 59 37
1920 59 38
1922 59 39
1935 59 32
1944 59 44
1951 59 35
1953 59 41
1959 59 44
1967 59 35
1970 59 29
1985 59 31
1988 59 26
1997 59 26
1999 59 29
2037 59 33
2042 59 30
2043 59 33
2048 59 42
2050 59 28
2051 59 33
2069 59 34
2078 59 27
2080 59 39
2082 59 27
2085 59 25
2092 59 19
2095 59 22
2111 59 31
2114 59 26
2126 59 19
2129 59 33
2135 59 26
2142 59 29
2144 59 28
2150 59 34
2160 59 21
2173 59 28
2175 59 24
2180 59 25
2186 59 27
2189 59 25
2193 59 36
2208 59 25
2222 59 18
2223 59 17
2227 59 25
2267 59 22
2272 59 23
2278 59 22
2279 59 27
2293 59 14
2298 59 18
2304 59 16
2326 59 20
2327 59 19
2330 59 10
2333 59 26
2334 59 18
2343 59 18
2349 59 15
2357 59 14
2365 59 17
2370 59 15
2376 59 13
2379 59 16
2383 59 13
2391 59 7
2392 59 8
2397 59 11
2403 59 13
2411 59 13
2412 59 17
2414 59 13
2420 59 15
2429 59 12
2433 59 19
2434 59 13
2444 59 8
2459 59 16
2462 59 21
2470 59 9
2477 59 12
2481 59 10
2490 59 10
2493 59 13
2496 59 12
2503 59 10
2505 59 6
2529 59 9
2534 59 11
2562 59 9
2563 59 6
2568 59 3
2570 59 5
2589 59 5
2593 59 5
2601 59 8
2607 59 8
2610 59 9
2614 59 7
2633 59 6
2641 59 10
2643 59 7
2652 59 3
2660 59 6
2664 59 9
2668 59 3
2692 59 6
2703 59 4
2709 59 3
2713 59 4
2714 59 5
2716 59 5
2736 59 2
2741 59 2
2753 59 5
2766 59 2
2780 59 4
2789 59 2
2804 59 4
2805 59 1
2819 59 3
2822 59 3
2829 59 1
2831 59 1
2841 59 3
2848 59 1
2852 59 1
2853 59 3
2855 59 1
2861 59 3
2871 59 1
2885 59 1
2887 59 4
2892 59 2
2897 59 1
2932 59 1
2935 59 2
2936 59 1
2939 59 1
2942 59 1
2947 59 1
2953 59 1
2954 59 1
2957 59 1
2969 59 1
2993 59 2
0 60 283
2 60 318
3 60 309
5 60 300
7 60 269
8 60 299
11 60 298
13 60 261
14 60 317
15 60 293
20 60 296
25 60 306
26 60 279
29 60 331
30 60 293
31 60 289
33 60 317
36 60 282
39 60 268
42 60 291
44 60 296
45 60 311
46 60 290
49 60 286
50 60 299
53 60 277
55 60 273
57 60 261
59 60 271
60 60 295
61 60 302
63 60 285
66 60 296
69 60 296
70 60 305
72 60 300
74 60 270
77 60 301
78 60 281
79 60 296
80 60 304
87 60 264
89 60 289
93 60 277
94 60 253
95 60 307
96 60 267
98 60 273
99 60 270
101 60 294
102 60 287
104 60 295
105 60 291
106 60 273
107 60 282
111 60 277
117 60 265
122 60 286
124 60 257
128 60 278
133 60 274
143 60 291
144 60 253
145 60 259
147 60 269
149 60 263
150 60 277
159 60 278
161 60 271
162 60 251
163 60 267
166 60 257
168 60 259
169 60 278
170 60 280
171 60 282
172 60 275
177 60 263
178 60 262
179 60 277
181 60 276
185 60 273
188 60 248
193 60 269
195 60 252
196 60 274
198 60 275
203 60 294
204 60 251
205 60 269
206 60 250
207 60 274
208 60 273
213 60 253
223 60 239
225 60 263
226 60 277
227 60 270
229 60 250
233 60 270
238 60 254
239 60 240
246 60 295
251 60 245
254 60 243
256 60 238
259 60 261
262 60 249
263 60 262
264 60 254
269 60 258
270 60 247
274 60 242
275 60 232
276 60 253
277 60 231
279 60 229
280 60 246
282 60 241
285 60 235
286 60 248
288 60 226
289 60 257
290 60 265
291 60 228
292 60 260
293 60 240
295 60 236
305 60 252
308 60 251
311 60 258
313 60 229
317 60 265
320 60 252
321 60 244
328 60 244
330 60 256
334 60 270
336 60 266
337 60 216
344 60 199
345 60 215
347 60 231
349 60 223
350 60 230
353 60 261
362 60 237
365 60 246
366 60 234
368 60 244
372 60 229
373 60 261
374 60 223
375 60 229
379 60 239
384 60 233
385 60 231
386 60 233
387 60 224
390 60 238
394 60 235
396 60 221
399 60 221
400 60 209
409 60 204
412 60 224
419 60 233
420 60 220
422 60 208
424 60 199
425 60 201
427 60 209
428 60 221
431 60 224
434 60 222
437 60 219
439 60 221
442 60 213
443 60 263
447 60 229
449 60 192
451 60 220
453 60 222
455 60 218
457 60 232
459 60 203
462 60 218
463 60 216
465 60 220
466 60 222
469 60 212
474 60 230
480 60 226
482 60 215
485 60 202
486 60 231
489 60 226
490 60 230
491 60 203
492 60 222
493 60 240
497 60 233
501 60 200
502 60 198
503 60 224
504 60 224
509 60 246
510 60 198
511 60 202
526 60 182
528 60 230
529 60 204
530 60 207
533 60 209
534 60 221
535 60 222
536 60 205
541 60 194
542 60 195
544 60 199
547 60 233
554 60 207
557 60 184
562 60 205
566 60 190
574 60 168
578 60 207
585 60 193
593 60 213
600 60 185
602 60 207
604 60 190
607 60 214
608 60 176
615 60 209
620 60 194
621 60 212
622 60 199
628 60 201
629 60 203
632 60 204
635 60 171
641 60 187
643 60 195
648 60 193
649 60 181
651 60 196
653 60 193
654 60 182
656 60 171
659 60 184
660 60 180
666 60 189
667 60 170
671 60 191
674 60 198
680 60 180
681 60 175
683 60 182
685 60 194
691 60 188
696 60 182
697 60 178
700 60 196
704 60 182
706 60 151
709 60 182
710 60 160
713 60 165
714 60 189
715 60 175
721 60 166
722 60 176
723 60 178
736 60 161
760 60 179
770 60 172
774 60 179
779 60 177
794 60 161
795 60 146
796 60 174
797 60 182
802 60 170
809 60 192
815 60 170
818 60 147
821 60 153
835 60 158
843 60 169
849 60 156
852 60 169
859 60 137
860 60 155
861 60 172
862 60 160
863 60 159
866 60 175
873 60 157
874 60 154
875 60 158
878 60 158
879 60 167
896 60 148
897 60 155
898 60 155
901 60 153
905 60 150
909 60 166
916 60 146
920 60 158
923 60 150
926 60 157
927 60 154
928 60 157
930 60 156
933 60 148
937 60 137
938 60 128
941 60 129
950 60 150
954 60 139
957 60 134
959 60 163
966 60 142
967 60 137
973 60 135
975 60 124
977 60 161
978 60 133
984 60 148
985 60 153
987 60 155
989 60 148
990 60 177
992 60 134
993 60 135
995 60 132
999 60 140
1003 60 133
1005 60 141
1015 60 128
1018 60 115
1021 60 146
1024 60 111
1026 60 130
1027 60 127
1032 60 135
1034 60 147
1036 60 132
1038 60 107
1040 60 158
1044 60 137
1045 60 133
1049 60 133
1052 60 139
1055 60 126
1058 60 103
1069 60 118
1073 60 120
1074 60 138
1079 60 136
1082 60 117
1095 60 120
1101 60 105
1102 60 132
1106 60 120
1114 60 118
1122 60 106
1128 60 122
1134 60 114
1152 60 123
1153 60 111
1161 60 118
1165 60 119
1171 60 117
1176 60 114
1179 60 129
1183 60 115
1184 60 126
1186 60 139
1191 60 103
1195 60 117
1197 60 109
1199 60 107
1201 60 108
1215 60 129
1216 60 114
1224 60 129
1225 60 121
1227 60 92
1233 60 108
1235 60 127
1238 60 105
1240 60 115
1247 60 99
1253 60 114
1257 60 88
1262 60 100
1263 60 96
1266 60 110
1274 60 105
1280 60 86
1282 60 102
1285 60 87
1289 60 110
1297 60 105
1300 60 104
1301 60 95
1303 60 112
1304 60 98
1305 60 89
1310 60 98
1322 60 105
1327 60 100
1329 60 98
1336 60 90
1340 60 78
1347 60 103
1354 60 123
1356 60 95
1364 60 102
1368 60 79
1372 60 115
1374 60 92
1375 60 91
1378 60 86
1381 60 89
1384 60 88
1394 60 98
1400 60 71
1408 60 97
1422 60 88
1427 60 69
1444 60 79
1446 60 68
1451 60 77
1456 60 73
1460 60 82
1467 60 75
1475 60 87
1481 60 82
1495 60 65
1500 60 80
1501 60 71
1518 60 73
1519 60 79
1529 60 89
1532 60 74
1534 60 67
1536 60 74
1541 60 82
1545 60 78
1546 60 49
1547 60 79
1556 60 73
1561 60 74
1562 60 67
1576 60 78
1581 60 69
1586 60 64
1593 60 72
1598 60 76
1600 60 63
1603 60 73
1621 60 58
1623 60 56
1636 60 64
1644 60 66
1645 60 61
1647 60 68
1659 60 54
1674 60 62
1683 60 72
1687 60 63
1688 60 58
1701 60 61
1711 60 53
1720 60 58
1721 60 53
1724 60 52
1731 60 74
1741 60 53
1743 60 54
1747 60 64
1750 60 55
1758 60 61
1763 60 52
1765 60 57
1778 60 42
1793 60 47
1801 60 49
1806 60 41
1807 60 47
1819 60 57
1820 60 43
1821 60 49
1824 60 50
1825 60 56
1839 60 54
1844 60 55
1846 60 37
1861 60 30
1863 60 40
1876 60 48
1884 60 41
1885 60 51
1886 60 50
1891 60 36
1898 60 45
1903 60 39
1918 60 47
1921 60 40
1922 60 48
1931 60 43
1938 60 46
1953 60 41
1955 60 43
1960 60 48
1961 60 35
1964 60 39
1966 60 40
1970 60 42
1972 60 42
1973 60 29
1976 60 33
1980 60 36
1981 60 48
1982 60 42
2001 60 39
2018 60 35
2028 60 38
2030 60 28
2035 60 39
2050 60 40
2057 60 34
2071 60 39
2076 60 29
2078 60 31
2080 60 31
2095 60 37
2101 60 27
2105 60 26
2115 60 32
2122 60 36
2126 60 32
2136 60 26
2137 60 21
2140 60 37
2143 60 29
2145 60 30
2152 60 29
2157 60 29
2179 60 19
2189 60 28
2192 60 31
2193 60 27
2196 60 21
2206 60 25
2210 60 29
2232 60 20
2233 60 21
2240 60 23
2242 60 18
2251 60 21
2264 60 20
2270 60 18
2277 60 24
2284 60 14
2291 60 19
2294 60 24
2298 60 19
2302 60 18
2304 60 25
2307 60 18
2325 60 18
2329 60 25
2330 60 16
2341 60 21
2344 60 9
2345 60 17
2348 60 16
2365 60 23
2371 60 13
2388 60 15
2391 60 23
2395 60 19
2412 60 20
2414 60 15
2426 60 9
2432 60 16
2434 60 11
2452 60 14
2459 60 13
2472 60 11
2487 60 9
2506 60 12
2514 60 7
2515 60 11
2520 60 10
2525 60 7
2531 60 6
2552 60 7
2558 60 11
2562 60 3
2572 60 11
2584 60 9
2595 60 4
2596 60 3
2600 60 3
2623 60 6
2632 60 3
2639 60 10
2640 60 7
2646 60 1
2657 60 4
2667 60 5
2707 60 4
2711 60 8
2712 60 3
2715 60 7
2716 60 4
2720 60 8
2727 60 5
2746 60 3
2755 60 5
2761 60 2
2785 60 2
2786 60 2
2821 60 5
2824 60 3
2850 60 1
2854 60 2
2865 60 4
2867 60 1
2871 60 1
2891 60 2
2901 60 1
2923 60 1
2930 60 2
2938 60 1
2981 60 1
2994 60 1
2996 60 1
0 61 317
3 61 288
4 61 295
7 61 313
8 61 292
12 61 277
15 61 336
20 61 293
24 61 279
26 61 297
27 61 271
28 61 293
30 61 281
32 61 282
35 61 282
36 61 301
37 61 268
41 61 274
44 61 287
45 61 295
46 61 315
47 61 281
52 61 315
53 61 309
57 61 260
58 61 293
59 61 281
63 61 306
64 61 272
65 61 297
69 61 275
75 61 290
78 61 272
84 61 269
86 61 257
89 61 281
91 61 267
92 61 290
97 61 262
98 61 266
103 61 281
106 61 298
108 61 288
109 61 259
110 61 293
111 61 265
113 61 284
117 61 306
119 61 277
121 61 280
123 61 259
124 61 258
125 61 301
126 61 302
127 61 273
129 61 266
132 61 256
133 61 295
135 61 304
137 61 257
139 61 286
144 61 279
145 61 291
146 61 286
151 61 270
153 61 263
154 61 283
155 61 293
156 61 277
157 61 270
158 61 266
161 61 294
162 61 254
164 61 226
166 61 285
170 61 257
171 61 244
172 61 285
173 61 279
174 61 280
175 61 278
179 61 286
182 61 232
184 61 263
186 61 290
187 61 259
188 61 270
190 61 284
192 61 268
195 61 255
198 61 256
199 61 264
201 61 266
203 61 271
204 61 266
205 61 263
206 61 252
211 61 252
212 61 264
223 61 253
225 61 267
231 61 273
242 61 224
247 61 259
249 61 239
255 61 262
258 61 216
259 61 247
261 61 261
263 61 272
267 61 269
271 61 292
273 61 284
276 61 245
279 61 248
280 61 275
281 61 260
283 61 258
287 61 257
288 61 245
290 61 234
293 61 258
294 61 233
295 61 230
299 61 249
301 61 249
303 61 273
306 61 241
312 61 247
314 61 227
316 61 243
323 61 254
326 61 249
327 61 246
329 61 260
330 61 228
332 61 230
334 61 219
338 61 245
340 61 240
343 61 240
344 61 238
345 61 267
349 61 243
351 61 244
358 61 241
360 61 244
362 61 240
363 61 228
368 61 244
369 61 243
372 61 230
374 61 221
379 61 243
385 61 233
386 61 239
389 61 212
392 61 238
394 61 203
395 61 250
396 61 237
397 61 229
399 61 217
404 61 230
406 61 252
412 61 231
413 61 240
415 61 224
426 61 226
428 61 227
429 61 237
433 61 246
434 61 223
435 61 238
436 61 214
439 61 230
442 61 217
444 61 198
446 61 221
448 61 215
451 61 232
454 61 233
455 61 218
457 61 226
460 61 234
468 61 238
474 61 208
475 61 215
477 61 185
478 61 208
479 61 192
482 61 240
483 61 223
485 61 188
494 61 216
496 61 234
497 61 216
501 61 241
503 61 214
504 61 200
508 61 198
511 61 188
512 61 191
513 61 202
515 61 197
521 61 218
522 61 240
523 61 209
525 61 221
527 61 209
528 61 205
530 61 196
533 61 207
534 61 221
543 61 215
545 61 213
546 61 219
549 61 239
552 61 238
553 61 202
558 61 179
561 61 198
563 61 192
570 61 205
578 61 175
588 61 193
600 61 209
612 61 204
614 61 195
616 61 206
617 61 206
618 61 198
620 61 182
622 61 201
625 61 222
628 61 194
630 61 224
631 61 194
643 61 172
646 61 204
652 61 180
659 61 173
661 61 196
667 61 175
668 61 185
670 61 187
674 61 195
676 61 170
678 61 173
685 61 161
687 61 197
689 61 194
690 61 172
694 61 170
696 61 176
698 61 166
699 61 190
702 61 185
710 61 167
715 61 183
716 61 173
717 61 180
720 61 162
724 61 174
729 61 163
735 61 186
737 61 183
740 61 176
747 61 185
750 61 166
752 61 158
757 61 158
760 61 157
766 61 153
767 61 161
770 61 178
775 61 160
778 61 152
784 61 170
790 61 173
800 61 177
801 61 179
803 61 154
806 61 160
812 61 156
817 61 170
818 61 172
820 61 140
821 61 165
824 61 159
830 61 162
831 61 178
833 61 153
835 61 136
837 61 181
838 61 147
845 61 135
848 61 133
849 61 179
850 61 185
852 61 144
859 61 168
862 61 179
863 61 156
864 61 155
866 61 161
867 61 144
868 61 158
871 61 163
873 61 134
887 61 156
888 61 157
890 61 157
892 61 171
893 61 139
906 61 143
911 61 158
912 61 148
913 61 134
917 61 153
918 61 138
919 61 137
921 61 173
924 61 153
926 61 124
933 61 135
935 61 159
936 61 107
937 61 144
938 61 128
940 61 136
944 61 137
950 61 160
951 61 143
953 61 145
954 61 145
960 61 136
967 61 167
973 61 149
975 61 139
979 61 145
980 61 148
983 61 131
984 61 148
990 61 134
991 61 135
997 61 141
1000 61 136
1003 61 131
1010 61 154
1011 61 138
1012 61 154
1015 61 128
1017 61 138
1020 61 132
1029 61 116
1037 61 126
1039 61 115
1048 61 114
1051 61 124
1055 61 128
1059 61 121
1061 61 122
1064 61 123
1068 61 125
1076 61 119
1078 61 121
1079 61 133
1081 61 125
1082 61 118
1083 61 149
1085 61 121
1086 61 123
1088 61 107
1091 61 147
1101 61 127
1106 61 112
1110 61 115
1114 61 106
1115 61 132
1125 61 112
1126 61 104
1128 61 100
1130 61 94
1132 61 118
1135 61 124
1136 61 122
1154 61 121
1158 61 114
1161 61 100
1164 61 109
1166 61 124
1170 61 121
1179 61 84
1182 61 121
1187 61 119
1189 61 97
1190 61 99
1194 61 117
1196 61 116
1201 61 122
1207 61 120
1210 61 86
1217 61 101
1218 61 103
1223 61 120
1225 61 97
1233 61 121
1236 61 104
1238 61 99
1239 61 92
1247 61 103
1270 61 99
1272 61 102
1273 61 104
1274 61 127
1276 61 104
1277 61 104
1283 61 105
1284 61 106
1293 61 102
1300 61 98
1309 61 84
1322 61 83
1329 61 93
1332 61 92
1337 61 100
1340 61 114
1342 61 81
1343 61 108
1345 61 84
1348 61 85
1350 61 100
1359 61 85
1370 61 101
1371 61 96
1380 61 106
1381 61 81
1392 61 87
1398 61 90
1411 61 89
1418 61 94
1424 61 80
1427 61 81
1432 61 95
1435 61 80
1437 61 77
1439 61 74
1440 61 63
1441 61 71
1444 61 74
1449 61 95
1450 61 78
1451 61 83
1452 61 92
1456 61 77
1471 61 85
1473 61 73
1487 61 75
1493 61 80
1494 61 77
1496 61 77
1512 61 82
1515 61 77
1522 61 77
1523 61 77
1525 61 68
1529 61 85
1530 61 69
1536 61 72
1547 61 53
1560 61 84
1576 61 88
1579 61 71
1594 61 68
1609 61 73
1610 61 70
1620 61 64
1626 61 66
1636 61 60
1638 61 66
1645 61 51
1647 61 48
1648 61 59
1667 61 61
1669 61 72
1670 61 69
1682 61 62
1686 61 73
1693 61 66
1695 61 48
1702 61 61
1715 61 59
1733 61 49
1736 61 54
1739 61 50
1741 61 67
1753 61 54
1758 61 48
1786 61 47
1790 61 58
1792 61 40
1803 61 62
1809 61 46
1811 61 60
1815 61 44
1828 61 50
1830 61 59
1834 61 47
1837 61 43
1866 61 44
1879 61 40
1880 61 34
1882 61 37
1884 61 45
1886 61 48
1898 61 46
1903 61 35
1905 61 44
1929 61 33
1930 61 62
1950 61 32
1962 61 43
1965 61 38
1974 61 35
1982 61 49
1983 61 34
1988 61 24
1989 61 36
2001 61 36
2007 61 36
2011 61 21
2025 61 29
2047 61 30
2050 61 26
2060 61 41
2061 61 37
2069 61 31
2073 61 32
2084 61 35
2085 61 41
2105 61 25
2106 61 27
2116 61 36
2118 61 23
2136 61 26
2140 61 26
2142 61 24
2151 61 20
2177 61 30
2180 61 18
2182 61 18
2186 61 24
2191 61 23
2199 61 24
2215 61 28
2217 61 21
2232 61 15
2238 61 24
2244 61 15
2247 61 25
2249 61 25
2250 61 21
2262 61 17
2272 61 25
2279 61 17
2291 61 15
2292 61 24
2297 61 19
2299 61 23
2313 61 15
2319 61 12
2323 61 18
2328 61 16
2329 61 19
2342 61 12
2353 61 19
2357 61 17
2375 61 17
2389 61 17
2391 61 15
2394 61 15
2398 61 11
2408 61 12
2435 61 14
2437 61 17
2438 61 12
2472 61 14
2481 61 11
2488 61 13
2490 61 15
2493 61 9
2510 61 10
2522 61 5
2523 61 10
2525 61 7
2534 61 11
2540 61 6
2562 61 9
2620 61 6
2626 61 4
2629 61 3
2634 61 2
2636 61 4
2646 61 6
2658 61 4
2659 61 4
2670 61 5
2671 61 5
2676 61 7
2677 61 4
2678 61 5
2679 61 6
2684 61 4
2690 61 6
2712 61 6
2720 61 4
2730 61 3
2745 61 8
2750 61 5
2767 61 1
2774 61 4
2775 61 4
2781 61 3
2783 61 1
2805 61 3
2806 61 2
2815 61 3
2831 61 4
2832 61 2
2862 61 3
2866 61 1
2900 61 2
2909 61 1
2920 61 1
2932 61 1
2938 61 1
2950 61 1
2955 61 1
2971 61 1
2979 61 1
2982 61 1
2985 61 1
2986 61 1
2988 61 1
2 62 274
4 62 298
5 62 327
7 62 324
8 62 294
9 62 304
10 62 291
11 62 300
12 62 306
15 62 310
16 62 300
18 62 272
19 62 308
20 62 252
21 62 279
22 62 274
28 62 290
29 62 291
30 62 308
33 62 313
34 62 279
35 62 282
36 62 315
39 62 303
40 62 274
42 62 319
43 62 283
44 62 291
45 62 278
46 62 308
48 62 287
51 62 267
53 62 302
54 62 310
55 62 294
59 62 294
63 62 295
64 62 313
66 62 301
70 62 305
73 62 267
74 62 256
76 62 266
77 62 275
78 62 290
79 62 260
80 62 282
81 62 282
82 62 281
83 62 270
92 62 282
93 62 296
97 62 289
98 62 286
100 62 300
102 62 296
104 62 293
107 62 271
108 62 260
109 62 264
112 62 321
113 62 249
115 62 264
116 62 291
122 62 300
124 62 290
126 62 275
127 62 265
128 62 289
132 62 278
134 62 291
137 62 284
140 62 289
145 62 267
146 62 297
148 62 268
149 62 258
152 62 246
156 62 285
159 62 265
163 62 247
164 62 286
165 62 265
166 62 272
168 62 242
172 62 276
174 62 260
176 62 271
179 62 286
181 62 229
183 62 253
186 62 274
187 62 256
190 62 247
197 62 282
198 62 245
212 62 249
216 62 242
220 62 258
221 62 257
226 62 266
227 62 252
230 62 250
231 62 266
232 62 250
233 62 258
234 62 252
235 62 256
236 62 262
237 62 256
240 62 245
241 62 245
243 62 261
244 62 251
247 62 254
248 62 254
251 62 239
252 62 273
254 62 233
257 62 249
258 62 252
259 62 273
261 62 232
263 62 239
264 62 266
265 62 248
266 62 258
269 62 261
273 62 250
276 62 226
277 62 248
280 62 241
284 62 247
285 62 278
286 62 231
288 62 247
289 62 275
291 62 237
293 62 262
295 62 248
296 62 264
298 62 259
306 62 243
307 62 232
309 62 256
313 62 228
315 62 249
317 62 239
320 62 259
322 62 227
324 62 234
325 62 234
327 62 261
328 62 251
330 62 245
332 62 247
334 62 225
335 62 248
336 62 244
338 62 265
340 62 249
341 62 265
343 62 219
346 62 229
347 62 243
351 62 256
352 62 251
359 62 229
361 62 233
362 62 212
363 62 259
366 62 245
370 62 224
371 62 227
376 62 216
379 62 262
380 62 254
382 62 233
383 62 248
387 62 235
389 62 233
392 62 220
394 62 233
399 62 250
402 62 245
403 62 205
408 62 232
409 62 212
412 62 206
414 62 221
415 62 225
416 62 229
421 62 227
422 62 220
424 62 239
429 62 247
430 62 235
433 62 200
436 62 232
437 62 226
438 62 211
445 62 231
449 62 226
453 62 205
457 62 234
458 62 177
462 62 217
464 62 195
466 62 236
468 62 192
471 62 186
472 62 233
473 62 196
475 62 241
483 62 219
487 62 210
488 62 226
491 62 232
493 62 222
495 62 184
499 62 207
500 62 181
502 62 194
503 62 223
504 62 201
508 62 231
518 62 193
519 62 206
523 62 219
529 62 217
531 62 205
534 62 187
535 62 188
539 62 207
541 62 198
542 62 215
543 62 200
545 62 205
547 62 221
548 62 195
552 62 205
555 62 206
559 62 194
561 62 185
562 62 195
563 62 191
567 62 200
569 62 194
570 62 199
571 62 195
572 62 216
573 62 184
574 62 167
578 62 215
585 62 199
586 62 189
592 62 185
597 62 214
599 62 199
600 62 193
601 62 178
602 62 228
603 62 200
605 62 207
606 62 164
610 62 197
611 62 201
613 62 199
616 62 202
617 62 199
621 62 191
622 62 210
626 62 194
627 62 180
628 62 184
629 62 178
630 62 173
635 62 215
641 62 182
644 62 192
645 62 176
646 62 210
648 62 170
649 62 182
650 62 182
657 62 190
660 62 167
663 62 201
668 62 199
674 62 171
678 62 182
681 62 169
682 62 184
685 62 181
687 62 190
689 62 174
694 62 195
699 62 158
705 62 168
707 62 165
709 62 175
712 62 201
713 62 189
714 62 181
715 62 172
719 62 181
722 62 179
723 62 160
725 62 178
727 62 186
733 62 189
735 62 167
742 62 160
747 62 177
751 62 154
752 62 167
753 62 161
755 62 155
758 62 159
767 62 179
770 62 166
771 62 192
778 62 167
779 62 164
783 62 152
784 62 162
786 62 160
788 62 169
792 62 171
811 62 159
812 62 153
814 62 161
822 62 169
825 62 159
826 62 137
835 62 154
836 62 161
847 62 170
853 62 152
858 62 139
860 62 134
863 62 146
864 62 145
867 62 142
870 62 135
876 62 166
879 62 165
884 62 114
885 62 153
901 62 146
902 62 143
906 62 163
918 62 160
920 62 163
924 62 144
926 62 150
944 62 140
947 62 158
962 62 150
964 62 150
965 62 136
968 62 142
972 62 148
985 62 146
990 62 143
991 62 158
992 62 149
994 62 140
996 62 121
1003 62 129
1010 62 140
1011 62 134
1014 62 136
1015 62 121
1017 62 138
1018 62 111
1021 62 143
1031 62 128
1037 62 130
1039 62 138
1040 62 135
1050 62 135
1059 62 136
1064 62 140
1070 62 109
1071 62 120
1082 62 135
1084 62 110
1085 62 117
1089 62 124
1091 62 124
1093 62 161
1094 62 135
1101 62 128
1104 62 123
1106 62 127
1110 62 97
1115 62 133
1117 62 117
1121 62 115
1122 62 95
1128 62 122
1129 62 124
1142 62 135
1145 62 116
1149 62 106
1151 62 113
1157 62 114
1158 62 123
1165 62 122
1169 62 109
1172 62 113
1181 62 120
1188 62 110
1189 62 121
1192 62 103
1196 62 104
1198 62 107
1199 62 109
1201 62 118
1208 62 98
1210 62 107
1212 62 112
1216 62 126
1219 62 125
1230 62 102
1239 62 127
1240 62 108
1241 62 116
1244 62 109
1249 62 104
1253 62 102
1254 62 108
1256 62 105
1261 62 97
1266 62 93
1272 62 117
1274 62 88
1280 62 87
1285 62 126
1292 62 102
1296 62 103
1297 62 93
1300 62 95
1316 62 100
1319 62 104
1320 62 83
1326 62 95
1327 62 80
1328 62 92
1329 62 104
1332 62 112
1333 62 84
1334 62 78
1336 62 79
1343 62 94
1345 62 86
1347 62 90
1362 62 97
1369 62 99
1371 62 99
1372 62 74
1373 62 99
1374 62 90
1382 62 81
1392 62 83
1393 62 82
1394 62 81
1398 62 71
1403 62 88
1408 62 86
1410 62 88
1411 62 95
1413 62 94
1416 62 81
1420 62 86
1441 62 72
1447 62 68
1448 62 84
1453 62 93
1454 62 73
1467 62 80
1471 62 75
1472 62 82
1473 62 71
1477 62 79
1496 62 76
1502 62 77
1506 62 83
1507 62 74
1518 62 74
1522 62 80
1525 62 75
1526 62 72
1533 62 71
1535 62 68
1545 62 87
1561 62 70
1563 62 76
1564 62 78
1565 62 84
1571 62 70
1575 62 54
1579 62 95
1582 62 67
1588 62 77
1596 62 69
1601 62 74
1609 62 66
1616 62 61
1617 62 66
1621 62 58
1622 62 57
1624 62 56
1629 62 77
1632 62 75
1641 62 65
1643 62 61
1647 62 75
1650 62 65
1656 62 58
1663 62 58
1665 62 72
1671 62 65
1688 62 66
1689 62 40
1699 62 71
1700 62 48
1705 62 44
1707 62 60
1715 62 51
1717 62 68
1725 62 67
1735 62 56
1745 62 53
1754 62 48
1756 62 57
1760 62 54
1767 62 59
1768 62 63
1775 62 46
1776 62 45
1785 62 57
1788 62 48
1796 62 56
1801 62 46
1805 62 70
1820 62 54
1821 62 42
1829 62 48
1832 62 58
1833 62 55
1850 62 50
1851 62 48
1858 62 35
1864 62 39
1884 62 39
1897 62 36
1898 62 52
1902 62 48
1912 62 38
1931 62 35
1940 62 40
1943 62 39
1948 62 41
1961 62 27
1968 62 33
1978 62 36
1996 62 38
2000 62 36
2002 62 37
2012 62 36
2022 62 29
2038 62 30
2039 62 30
2051 62 37
2058 62 31
2062 62 29
2064 62 33
2071 62 25
2073 62 35
2075 62 26
2079 62 34
2081 62 31
2091 62 33
2092 62 35
2096 62 35
2102 62 33
2108 62 35
2114 62 33
2126 62 22
2127 62 16
2131 62 27
2148 62 33
2152 62 29
2160 62 31
2176 62 23
2183 62 25
2189 62 35
2193 62 20
2195 62 30
2202 62 19
2212 62 25
2248 62 27
2249 62 26
2253 62 25
2268 62 15
2296 62 24
2307 62 17
2318 62 23
2326 62 14
2336 62 14
2338 62 21
2342 62 19
2362 62 19
2367 62 13
2400 62 10
2403 62 15
2405 62 17
2427 62 9
2432 62 11
2436 62 12
2437 62 7
2455 62 17
2456 62 16
2457 62 13
2467 62 13
2468 62 11
2472 62 9
2479 62 14
2490 62 9
2491 62 8
2506 62 7
2508 62 9
2512 62 7
2523 62 4
2525 62 10
2526 62 7
2532 62 5
2534 62 5
2535 62 7
2537 62 6
2542 62 2
2563 62 14
2567 62 6
2569 62 15
2572 62 6
2573 62 11
2583 62 4
2587 62 5
2590 62 4
2591 62 4
2592 62 9
2597 62 8
2601 62 5
2608 62 9
2625 62 9
2636 62 3
2638 62 6
2642 62 6
2649 62 4
2655 62 6
2659 62 4
2664 62 7
2676 62 3
2687 62 4
2695 62 6
2697 62 5
2699 62 4
2712 62 4
2715 62 2
2722 62 8
2729 62 4
2736 62 1
2737 62 3
2742 62 5
2744 62 3
2749 62 2
2782 62 1
2784 62 3
2788 62 4
2791 62 5
2792 62 2
2797 62 2
2799 62 4
2803 62 2
2810 62 3
2816 62 3
2828 62 4
2838 62 1
2839 62 1
2855 62 3
2866 62 1
2871 62 1
2876 62 1
2878 62 1
2892 62 1
2895 62 1
2903 62 1
2904 62 2
2909 62 3
2916 62 1
2923 62 1
2924 62 1
2943 62 1
2951 62 1
2955 62 1
2957 62 2
2966 62 2
2983 62 1
2987 62 1
2989 62 1
2995 62 1
1 63 306
3 63 275
5 63 291
7 63 318
12 63 315
15 63 287
16 63 301
17 63 306
21 63 312
24 63 294
27 63 323
28 63 287
30 63 293
33 63 298
34 63 286
35 63 318
38 63 304
42 63 299
43 63 284
46 63 312
49 63 285
52 63 273
53 63 253
54 63 245
56 63 311
57 63 274
60 63 304
61 63 273
66 63 295
67 63 268
72 63 283
73 63 285
74 63 284
78 63 287
81 63 296
82 63 278
84 63 265
86 63 305
87 63 312
88 63 298
90 63 293
92 63 293
94 63 285
95 63 257
102 63 278
106 63 270
107 63 245
109 63 270
112 63 269
113 63 279
116 63 289
117 63 297
118 63 289
120 63 282
125 63 295
126 63 270
129 63 288
130 63 232
131 63 264
133 63 285
134 63 305
135 63 285
139 63 288
144 63 290
145 63 293
147 63 294
148 63 290
149 63 262
151 63 295
153 63 249
154 63 293
157 63 277
161 63 271
166 63 246
167 63 274
168 63 261
170 63 286
172 63 286
173 63 263
174 63 254
175 63 287
176 63 262
177 63 259
179 63 256
184 63 284
185 63 268
191 63 257
193 63 284
195 63 253
197 63 264
198 63 293
199 63 272
200 63 258
201 63 253
207 63 275
208 63 263
214 63 259
216 63 269
217 63 252
221 63 268
224 63 236
228 63 261
230 63 266
231 63 285
233 63 272
235 63 273
237 63 274
238 63 241
246 63 256
248 63 269
250 63 266
252 63 208
253 63 216
255 63 243
258 63 280
260 63 241
262 63 248
268 63 233
272 63 251
273 63 245
274 63 248
275 63 241
278 63 257
279 63 260
282 63 237
284 63 284
286 63 258
289 63 244
296 63 246
297 63 257
299 63 268
300 63 239
301 63 218
309 63 247
311 63 251
313 63 240
314 63 244
323 63 275
328 63 227
329 63 206
330 63 240
331 63 225
332 63 234
338 63 234
340 63 224
345 63 205
347 63 191
348 63 228
349 63 229
351 63 233
353 63 255
354 63 243
357 63 247
358 63 230
364 63 224
365 63 251
366 63 229
367 63 219
368 63 235
370 63 244
378 63 216
381 63 213
383 63 239
386 63 225
388 63 247
389 63 232
391 63 221
393 63 238
397 63 231
400 63 246
403 63 217
411 63 237
413 63 227
414 63 217
418 63 223
421 63 231
422 63 233
425 63 222
427 63 204
431 63 233
433 63 219
435 63 228
437 63 208
439 63 228
441 63 219
442 63 252
448 63 213
449 63 221
451 63 220
453 63 215
457 63 201
458 63 211
459 63 216
462 63 209
466 63 217
480 63 218
486 63 201
487 63 212
488 63 241
491 63 228
493 63 215
494 63 223
496 63 220
498 63 201
499 63 207
500 63 197
510 63 199
514 63 208
515 63 221
518 63 220
523 63 201
525 63 176
528 63 197
529 63 222
532 63 191
533 63 212
534 63 203
537 63 220
538 63 232
539 63 198
542 63 184
544 63 177
548 63 223
549 63 187
550 63 205
551 63 202
560 63 208
562 63 198
572 63 198
577 63 210
580 63 184
584 63 186
586 63 183
590 63 214
592 63 192
595 63 189
597 63 206
602 63 194
606 63 169
609 63 206
611 63 220
612 63 194
616 63 221
618 63 187
624 63 179
630 63 196
635 63 193
636 63 178
637 63 179
644 63 209
645 63 179
651 63 187
655 63 167
656 63 180
657 63 195
659 63 202
661 63 162
666 63 181
672 63 205
677 63 184
681 63 179
682 63 187
683 63 177
689 63 205
690 63 202
694 63 190
695 63 192
696 63 162
699 63 183
703 63 147
708 63 162
710 63 169
716 63 156
717 63 167
718 63 177
719 63 182
722 63 185
728 63 194
729 63 174
731 63 161
746 63 165
747 63 182
749 63 194
750 63 168
754 63 168
757 63 187
759 63 159
765 63 173
766 63 166
769 63 153
770 63 152
774 63 166
776 63 187
778 63 176
780 63 156
781 63 146
782 63 164
783 63 162
793 63 151
795 63 163
796 63 172
797 63 143
799 63 182
801 63 166
807 63 170
814 63 155
817 63 170
818 63 169
819 63 168
820 63 173
821 63 178
822 63 154
831 63 142
833 63 161
835 63 143
842 63 165
843 63 149
845 63 141
846 63 167
852 63 146
854 63 145
858 63 142
859 63 160
860 63 140
861 63 164
864 63 153
865 63 129
873 63 171
881 63 150
886 63 140
894 63 166
895 63 172
901 63 149
902 63 128
903 63 149
912 63 144
920 63 144
922 63 152
930 63 162
936 63 159
938 63 131
939 63 137
946 63 143
948 63 114
951 63 139
956 63 145
964 63 135
967 63 127
970 63 146
971 63 145
980 63 142
986 63 132
988 63 118
990 63 140
991 63 119
1001 63 122
1003 63 139
1008 63 128
1017 63 140
1018 63 129
1021 63 133
1026 63 134
1034 63 116
1035 63 132
1036 63 143
1038 63 122
1043 63 110
1044 63 125
1045 63 139
1047 63 138
1050 63 119
1055 63 116
1056 63 141
1065 63 124
1068 63 156
1076 63 120
1079 63 126
1083 63 123
1086 63 116
1092 63 110
1095 63 107
1097 63 108
1119 63 102
1120 63 119
1127 63 127
1131 63 122
1135 63 132
1143 63 139
1148 63 114
1149 63 112
1151 63 97
1152 63 114
1155 63 123
1157 63 114
1164 63 116
1166 63 107
1169 63 102
1171 63 102
1179 63 95
1184 63 119
1185 63 121
1186 63 102
1189 63 106
1193 63 103
1194 63 104
1195 63 111
1199 63 119
1203 63 107
1206 63 116
1207 63 97
1213 63 111
1222 63 114
1223 63 94
1225 63 117
1229 63 105
1230 63 108
1235 63 109
1238 63 105
1243 63 95
1247 63 120
1254 63 104
1256 63 94
1257 63 99
1260 63 108
1266 63 92
1267 63 99
1277 63 96
1281 63 94
1284 63 117
1291 63 93
1305 63 103
1308 63 93
1310 63 101
1316 63 89
1317 63 88
1318 63 74
1319 63 90
1320 63 94
1322 63 86
1328 63 89
1342 63 106
1349 63 92
1353 63 102
1354 63 90
1359 63 87
1362 63 106
1373 63 112
1375 63 97
1376 63 107
1378 63 94
1379 63 90
1381 63 91
1385 63 91
1399 63 66
1401 63 82
1411 63 91
1415 63 80
1422 63 91
1429 63 75
1432 63 76
1434 63 77
1440 63 87
1444 63 79
1445 63 96
1448 63 68
1449 63 95
1457 63 70
1469 63 89
1471 63 82
1477 63 84
1483 63 83
1484 63 82
1489 63 80
1490 63 83
1497 63 56
1499 63 86
1503 63 70
1505 63 99
1519 63 58
1523 63 71
1524 63 79
1526 63 82
1533 63 75
1542 63 81
1543 63 75
1547 63 78
1553 63 71
1554 63 73
1560 63 85
1562 63 64
1563 63 52
1566 63 66
1567 63 66
1575 63 78
1582 63 56
1583 63 63
1589 63 66
1595 63 51
1596 63 67
1600 63 80
1609 63 58
1611 63 77
1612 63 77
1620 63 59
1630 63 67
1632 63 63
1640 63 62
1653 63 65
1657 63 60
1662 63 60
1664 63 50
1668 63 55
1672 63 67
1678 63 67
1696 63 77
1701 63 61
1717 63 50
1725 63 55
1727 63 59
1729 63 49
1733 63 64
1735 63 51
1739 63 49
1745 63 42
1747 63 48
1748 63 65
1773 63 45
1775 63 54
1780 63 62
1781 63 50
1783 63 56
1788 63 52
1815 63 52
1821 63 47
1822 63 44
1834 63 53
1848 63 47
1856 63 41
1861 63 58
1863 63 45
1867 63 52
1873 63 41
1876 63 44
1879 63 43
1881 63 47
1899 63 36
1902 63 35
1926 63 38
1933 63 46
1961 63 41
1963 63 41
1968 63 33
1972 63 40
1975 63 33
1981 63 37
1990 63 28
1991 63 36
1994 63 35
2002 63 47
2009 63 41
2023 63 31
2025 63 30
2041 63 35
2044 63 31
2050 63 31
2059 63 31
2060 63 23
2067 63 40
2075 63 36
2091 63 25
2092 63 32
2097 63 28
2098 63 30
2112 63 22
2121 63 30
2127 63 27
2128 63 33
2137 63 16
2140 63 28
2155 63 32
2168 63 23
2173 63 24
2177 63 25
2189 63 22
2196 63 23
2209 63 21
2217 63 21
2218 63 17
2245 63 14
2264 63 13
2273 63 21
2282 63 17
2289 63 27
2292 63 16
2295 63 19
2303 63 16
2319 63 23
2321 63 9
2324 63 17
2325 63 12
2332 63 15
2342 63 13
2343 63 18
2344 63 24
2345 63 17
2347 63 21
2357 63 15
2362 63 12
2368 63 15
2372 63 11
2394 63 9
2404 63 20
2412 63 10
2413 63 11
2428 63 10
2434 63 6
2443 63 11
2453 63 15
2455 63 8
2465 63 17
2476 63 12
2478 63 14
2480 63 8
2483 63 4
2484 63 11
2498 63 14
2508 63 6
2510 63 12
2512 63 11
2515 63 7
2525 63 10
2526 63 9
2543 63 9
2544 63 11
2572 63 10
2573 63 9
2597 63 4
2643 63 8
2645 63 6
2662 63 7
2670 63 2
2673 63 2
2693 63 6
2695 63 3
2714 63 2
2716 63 5
2717 63 2
2725 63 6
2735 63 1
2752 63 3
2754 63 5
2763 63 6
2771 63 6
2808 63 2
2813 63 3
2814 63 2
2831 63 1
2841 63 1
2855 63 2
2862 63 4
2868 63 1
2878 63 3
2884 63 1
2892 63 1
2897 63 1
2903 63 2
2914 63 2
2939 63 1
2947 63 2
2950 63 1
2952 63 1
2964 63 1
2971 63 1
2982 63 2
0 64 303
1 64 298
2 64 275
5 64 311
7 64 303
9 64 315
11 64 299
13 64 304
14 64 266
15 64 271
16 64 275
20 64 283
21 64 320
24 64 267
26 64 284
27 64 276
33 64 298
34 64 304
35 64 309
39 64 299
42 64 283
43 64 299
45 64 301
46 64 264
52 64 266
55 64 275
56 64 282
60 64 341
61 64 304
65 64 320
66 64 272
68 64 273
71 64 292
72 64 304
77 64 276
78 64 302
88 64 268
91 64 255
95 64 299
96 64 257
98 64 270
109 64 258
110 64 276
111 64 272
113 64 293
115 64 287
116 64 287
117 64 309
119 64 274
120 64 293
126 64 251
129 64 275
131 64 269
137 64 275
140 64 249
142 64 284
145 64 283
151 64 279
152 64 287
155 64 296
156 64 274
157 64 245
159 64 219
161 64 290
163 64 249
164 64 280
165 64 238
167 64 290
168 64 288
169 64 271
170 64 292
172 64 262
176 64 279
180 64 253
182 64 246
184 64 271
185 64 248
189 64 240
196 64 259
199 64 276
207 64 252
208 64 290
209 64 260
210 64 268
216 64 225
218 64 254
224 64 264
226 64 275
227 64 272
228 64 257
232 64 260
235 64 291
240 64 267
243 64 249
244 64 241
246 64 254
247 64 292
249 64 220
252 64 257
254 64 251
255 64 283
259 64 240
260 64 243
262 64 242
266 64 256
267 64 262
268 64 252
269 64 251
270 64 236
271 64 215
272 64 254
273 64 234
274 64 264
275 64 237
276 64 246
278 64 249
279 64 238
281 64 264
282 64 257
283 64 260
286 64 247
287 64 233
289 64 232
295 64 222
296 64 254
297 64 231
299 64 268
300 64 254
304 64 255
305 64 256
308 64 273
309 64 240
312 64 291
315 64 251
318 64 259
319 64 241
328 64 236
331 64 245
333 64 248
335 64 219
338 64 216
341 64 246
342 64 254
343 64 250
345 64 230
348 64 229
350 64 228
354 64 254
355 64 255
356 64 252
357 64 228
359 64 256
360 64 242
361 64 258
365 64 246
369 64 240
370 64 232
371 64 228
380 64 226
384 64 217
399 64 205
403 64 206
404 64 235
406 64 220
409 64 238
411 64 250
412 64 211
416 64 234
417 64 204
418 64 243
425 64 220
426 64 225
428 64 248
429 64 248
430 64 211
433 64 221
435 64 230
437 64 215
441 64 222
442 64 236
449 64 245
451 64 218
452 64 202
457 64 235
458 64 197
463 64 210
466 64 218
469 64 217
476 64 207
479 64 238
481 64 220
487 64 229
488 64 219
489 64 213
490 64 212
491 64 225
495 64 211
499 64 231
503 64 224
507 64 209
508 64 177
510 64 222
511 64 206
513 64 214
515 64 206
516 64 231
519 64 203
521 64 182
522 64 211
523 64 224
524 64 192
531 64 237
537 64 215
538 64 211
540 64 192
543 64 192
548 64 231
551 64 194
552 64 197
553 64 193
554 64 196
558 64 212
560 64 197
562 64 205
563 64 180
570 64 177
572 64 194
577 64 200
581 64 202
582 64 202
584 64 223
585 64 224
586 64 206
588 64 182
596 64 197
600 64 181
604 64 200
605 64 181
612 64 189
614 64 205
616 64 192
617 64 167
620 64 203
622 64 195
623 64 212
625 64 198
627 64 202
632 64 183
633 64 183
642 64 205
644 64 198
647 64 179
648 64 174
649 64 192
655 64 164
658 64 177
659 64 203
661 64 187
663 64 195
673 64 191
685 64 159
688 64 177
690 64 174
704 64 198
705 64 189
708 64 195
712 64 188
719 64 185
721 64 159
724 64 149
726 64 157
728 64 158
733 64 160
739 64 187
740 64 163
741 64 158
742 64 186
745 64 144
749 64 183
750 64 180
759 64 171
761 64 159
762 64 151
763 64 170
773 64 167
781 64 170
782 64 182
787 64 162
790 64 167
798 64 160
799 64 161
805 64 147
807 64 159
817 64 169
820 64 163
828 64 143
829 64 185
830 64 151
831 64 135
835 64 134
838 64 169
842 64 178
843 64 142
846 64 162
847 64 165
849 64 160
852 64 169
853 64 159
855 64 148
857 64 146
861 64 160
862 64 169
864 64 137
866 64 160
868 64 165
870 64 151
871 64 166
873 64 154
880 64 143
882 64 153
884 64 126
886 64 133
893 64 143
895 64 150
896 64 141
898 64 156
899 64 151
901 64 156
904 64 140
907 64 160
911 64 158
915 64 143
917 64 151
918 64 159
920 64 149
927 64 150
931 64 142
932 64 127
933 64 153
943 64 144
945 64 148
947 64 128
968 64 135
969 64 132
970 64 152
976 64 122
979 64 120
982 64 114
983 64 129
988 64 151
998 64 134
1001 64 132
1007 64 125
1008 64 157
1011 64 141
1018 64 142
1028 64 142
1031 64 109
1033 64 129
1035 64 138
1039 64 152
1048 64 117
1050 64 128
1066 64 138
1067 64 114
1069 64 130
1070 64 101
1071 64 122
1074 64 108
1079 64 116
1089 64 129
1095 64 128
1100 64 131
1107 64 108
1108 64 119
1111 64 98
1112 64 128
1115 64 109
1116 64 112
1119 64 118
1120 64 137
1123 64 127
1124 64 122
1140 64 90
1145 64 114
1147 64 106
1151 64 110
1152 64 98
1164 64 111
1165 64 102
1169 64 116
1170 64 129
1177 64 124
1182 64 110
1185 64 122
1190 64 117
1194 64 98
1195 64 98
1202 64 123
1205 64 111
1206 64 95
1208 64 105
1209 64 128
1212 64 118
1213 64 99
1214 64 105
1221 64 109
1222 64 89
1223 64 107
1226 64 107
1232 64 103
1237 64 105
1242 64 102
1247 64 98
1249 64 114
1253 64 113
1263 64 101
1264 64 89
1265 64 102
1270 64 99
1278 64 113
1279 64 124
1284 64 87
1291 64 87
1295 64 97
1299 64 84
1317 64 93
1319 64 103
1324 64 113
1330 64 79
1342 64 86
1345 64 102
1346 64 96
1348 64 100
1352 64 74
1353 64 92
1358 64 92
1366 64 95
1369 64 96
1374 64 93
1377 64 93
1384 64 99
1389 64 81
1397 64 96
1398 64 86
1401 64 99
1404 64 96
1405 64 95
1411 64 81
1414 64 89
1417 64 95
1424 64 82
1428 64 86
1430 64 82
1437 64 76
1441 64 88
1443 64 95
1444 64 83
1448 64 92
1454 64 71
1457 64 80
1462 64 95
1466 64 91
1481 64 76
1483 64 83
1484 64 68
1488 64 76
1491 64 74
1497 64 78
1499 64 61
1504 64 84
1514 64 76
1515 64 81
1523 64 67
1528 64 58
1531 64 71
1533 64 72
1534 64 75
1539 64 76
1549 64 70
1555 64 71
1567 64 63
1569 64 75
1572 64 78
1581 64 67
1593 64 59
1596 64 64
1598 64 59
1604 64 79
1624 64 69
1627 64 73
1634 64 64
1640 64 75
1641 64 69
1645 64 60
1647 64 64
1649 64 60
1650 64 76
1666 64 69
1669 64 65
1673 64 60
1679 64 69
1681 64 55
1685 64 56
1686 64 57
1690 64 59
1695 64 57
1713 64 65
1717 64 57
1730 64 55
1734 64 44
1749 64 45
1751 64 38
1760 64 42
1767 64 60
1770 64 52
1772 64 52
1774 64 55
1792 64 49
1794 64 51
1796 64 52
1814 64 66
1816 64 45
1817 64 35
1828 64 38
1833 64 45
1834 64 40
1839 64 32
1844 64 47
1848 64 46
1849 64 55
1853 64 47
1854 64 49
1857 64 46
1865 64 36
1878 64 47
1879 64 39
1887 64 43
1891 64 43
1892 64 47
1898 64 50
1899 64 37
1904 64 39
1907 64 35
1917 64 49
1919 64 39
1920 64 45
1935 64 39
1940 64 31
1941 64 42
1942 64 49
1943 64 37
1952 64 42
1969 64 31
1970 64 47
1971 64 36
1981 64 39
1982 64 29
1989 64 53
1991 64 51
1992 64 36
1997 64 37
1998 64 38
2007 64 39
2008 64 30
2021 64 38
2034 64 39
2037 64 33
2040 64 32
2045 64 28
2054 64 36
2056 64 32
2057 64 26
2059 64 31
2081 64 21
2091 64 33
2098 64 30
2109 64 20
2116 64 30
2128 64 36
2133 64 26
2144 64 17
2147 64 27
2177 64 30
2180 64 27
2183 64 18
2195 64 25
2198 64 27
2200 64 20
2211 64 26
2213 64 26
2214 64 23
2216 64 17
2217 64 20
2219 64 21
2235 64 30
2247 64 18
2252 64 23
2256 64 22
2269 64 16
2277 64 28
2281 64 20
2288 64 19
2289 64 15
2292 64 25
2302 64 19
2304 64 15
2307 64 17
2316 64 15
2329 64 15
2330 64 14
2334 64 15
2338 64 22
2339 64 21
2343 64 16
2345 64 16
2348 64 11
2352 64 12
2353 64 15
2361 64 23
2368 64 17
2380 64 17
2385 64 11
2392 64 13
2398 64 12
2406 64 15
2410 64 14
2415 64 6
2438 64 15
2442 64 12
2474 64 7
2484 64 13
2488 64 7
2500 64 10
2507 64 6
2509 64 18
2515 64 7
2519 64 10
2526 64 12
2538 64 9
2544 64 5
2549 64 10
2551 64 8
2552 64 4
2558 64 8
2562 64 7
2573 64 10
2574 64 9
2590 64 9
2616 64 7
2623 64 10
2624 64 3
2629 64 4
2636 64 7
2639 64 2
2652 64 3
2656 64 7
2671 64 8
2676 64 8
2679 64 9
2697 64 2
2720 64 5
2733 64 4
2766 64 7
2773 64 4
2780 64 6
2781 64 3
2785 64 2
2787 64 2
2794 64 2
2821 64 3
2826 64 3
2847 64 2
2848 64 2
2853 64 4
2859 64 2
2860 64 2
2861 64 3
2862 64 1
2863 64 1
2868 64 3
2869 64 2
2874 64 1
2876 64 1
2895 64 2
2914 64 1
2928 64 3
2931 64 1
2934 64 2
2945 64 1
2947 64 1
2969 64 2
2973 64 1
2977 64 1
2990 64 1
3 65 301
10 65 301
13 65 316
15 65 280
16 65 284
21 65 319
22 65 280
23 65 281
24 65 276
25 65 317
26 65 313
27 65 309
32 65 303
33 65 293
34 65 294
37 65 300
38 65 290
39 65 296
41 65 271
43 65 290
48 65 302
49 65 282
56 65 287
57 65 281
59 65 324
61 65 311
62 65 305
64 65 305
66 65 271
68 65 265
77 65 309
78 65 269
79 65 295
81 65 277
82 65 272
85 65 280
86 65 266
92 65 282
95 65 276
98 65 270
99 65 278
101 65 285
102 65 286
103 65 279
105 65 296
106 65 263
111 65 263
114 65 277
117 65 282
118 65 285
119 65 284
120 65 295
121 65 295
122 65 273
123 65 267
125 65 292
126 65 261
127 65 277
128 65 286
134 65 298
135 65 308
137 65 255
139 65 273
140 65 276
146 65 262
148 65 280
149 65 254
150 65 240
151 65 278
152 65 269
163 65 240
164 65 241
166 65 296
167 65 262
168 65 274
170 65 278
173 65 274
174 65 273
175 65 265
178 65 266
179 65 242
182 65 252
185 65 275
187 65 260
192 65 257
194 65 277
195 65 232
201 65 284
202 65 222
203 65 219
207 65 250
209 65 278
210 65 283
211 65 270
214 65 245
215 65 274
216 65 267
219 65 269
222 65 271
223 65 255
224 65 269
226 65 265
227 65 256
228 65 229
229 65 274
230 65 289
234 65 259
236 65 261
237 65 264
238 65 238
239 65 242
241 65 269
243 65 251
244 65 249
254 65 263
256 65 254
257 65 253
258 65 219
261 65 261
265 65 260
266 65 220
267 65 245
271 65 264
272 65 251
273 65 250
274 65 254
280 65 269
281 65 247
282 65 198
283 65 260
285 65 256
286 65 242
287 65 207
288 65 231
290 65 235
301 65 254
305 65 224
306 65 245
307 65 275
308 65 239
309 65 202
314 65 252
315 65 229
323 65 261
324 65 236
325 65 231
331 65 247
332 65 226
334 65 244
336 65 231
337 65 199
340 65 244
342 65 229
344 65 208
345 65 259
347 65 243
348 65 241
349 65 253
350 65 215
351 65 232
352 65 245
354 65 261
357 65 241
359 65 230
360 65 224
364 65 249
367 65 214
368 65 229
371 65 245
376 65 246
379 65 249
382 65 219
384 65 215
387 65 212
388 65 213
389 65 242
391 65 218
392 65 217
393 65 224
396 65 248
401 65 213
402 65 241
411 65 236
428 65 238
429 65 230
436 65 229
443 65 204
444 65 213
445 65 226
446 65 235
448 65 229
451 65 194
455 65 205
456 65 193
457 65 203
458 65 211
463 65 220
466 65 207
467 65 193
468 65 232
472 65 224
475 65 228
478 65 232
481 65 219
487 65 214
489 65 222
490 65 204
506 65 217
507 65 212
511 65 202
513 65 207
515 65 187
517 65 224
518 65 224
520 65 215
527 65 186
530 65 202
543 65 192
548 65 220
551 65 190
555 65 203
556 65 212
558 65 218
560 65 202
561 65 203
562 65 209
571 65 188
578 65 183
582 65 196
592 65 206
595 65 195
597 65 176
598 65 191
600 65 200
603 65 189
609 65 170
612 65 189
614 65 188
615 65 211
617 65 196
626 65 174
629 65 207
635 65 175
639 65 187
641 65 186
642 65 198
645 65 199
646 65 186
650 65 187
657 65 182
658 65 195
659 65 175
663 65 181
665 65 175
666 65 177
672 65 154
673 65 185
676 65 181
683 65 171
688 65 190
696 65 176
701 65 198
703 65 200
704 65 169
706 65 178
708 65 184
709 65 176
712 65 159
716 65 170
722 65 170
724 65 180
726 65 173
728 65 200
731 65 146
733 65 170
734 65 171
737 65 199
738 65 179
739 65 153
744 65 176
747 65 186
750 65 184
752 65 178
762 65 163
763 65 172
767 65 172
769 65 161
772 65 162
773 65 157
774 65 159
776 65 156
778 65 143
780 65 151
783 65 168
786 65 169
790 65 150
795 65 147
797 65 165
798 65 173
800 65 160
801 65 146
806 65 164
807 65 152
809 65 163
813 65 126
815 65 161
819 65 181
830 65 169
837 65 139
839 65 161
840 65 151
841 65 165
842 65 157
844 65 147
845 65 157
848 65 139
857 65 158
859 65 153
862 65 164
863 65 141
866 65 140
867 65 154
869 65 126
875 65 149
876 65 184
877 65 176
880 65 146
884 65 156
888 65 155
890 65 136
891 65 145
892 65 156
893 65 151
897 65 151
898 65 137
905 65 138
910 65 137
917 65 168
921 65 156
922 65 151
928 65 147
929 65 152
937 65 142
944 65 136
947 65 129
951 65 167
955 65 152
957 65 131
959 65 128
960 65 139
963 65 145
973 65 152
977 65 141
984 65 139
989 65 146
990 65 151
995 65 134
998 65 149
1002 65 136
1007 65 135
1014 65 141
1015 65 137
1016 65 133
1017 65 133
1022 65 123
1024 65 116
1030 65 124
1037 65 128
1041 65 134
1042 65 130
1047 65 124
1055 65 118
1058 65 116
1059 65 131
1060 65 123
1062 65 130
1076 65 126
1079 65 141
1090 65 113
1091 65 149
1096 65 102
1100 65 126
1101 65 133
1106 65 136
1109 65 118
1118 65 120
1120 65 116
1127 65 120
1134 65 99
1146 65 115
1148 65 127
1149 65 118
1150 65 136
1153 65 115
1161 65 104
1162 65 135
1163 65 130
1185 65 114
1192 65 110
1193 65 113
1194 65 124
1195 65 107
1198 65 118
1201 65 115
1202 65 99
1203 65 96
1206 65 102
1207 65 85
1218 65 112
1221 65 108
1222 65 100
1224 65 117
1227 65 119
1233 65 110
1237 65 118
1239 65 98
1250 65 96
1251 65 111
1258 65 112
1263 65 111
1267 65 86
1268 65 87
1272 65 96
1276 65 91
1277 65 101
1280 65 92
1282 65 98
1287 65 105
1295 65 90
1308 65 101
1320 65 94
1321 65 99
1322 65 109
1327 65 99
1336 65 96
1353 65 81
1364 65 103
1367 65 98
1370 65 97
1371 65 98
1377 65 84
1378 65 76
1386 65 74
1388 65 84
1424 65 91
1427 65 73
1435 65 80
1444 65 100
1445 65 86
1447 65 85
1448 65 78
1457 65 89
1462 65 85
1464 65 89
1465 65 64
1467 65 72
1476 65 81
1484 65 68
1485 65 93
1487 65 91
1491 65 85
1495 65 97
1508 65 74
1512 65 70
1513 65 74
1515 65 82
1518 65 77
1523 65 69
1524 65 65
1526 65 76
1527 65 63
1530 65 74
1543 65 70
1552 65 68
1562 65 64
1574 65 73
1578 65 62
1581 65 61
1585 65 68
1589 65 86
1590 65 69
1591 65 63
1596 65 61
1607 65 59
1608 65 69
1612 65 60
1626 65 67
1629 65 69
1639 65 68
1640 65 67
1642 65 61
1643 65 81
1652 65 53
1656 65 64
1659 65 70
1661 65 58
1665 65 54
1666 65 59
1669 65 72
1671 65 50
1676 65 66
1686 65 51
1693 65 63
1694 65 63
1699 65 68
1705 65 54
1708 65 55
1711 65 54
1717 65 62
1718 65 74
1724 65 74
1726 65 54
1736 65 47
1739 65 53
1744 65 52
1745 65 69
1750 65 44
1753 65 50
1767 65 52
1776 65 55
1783 65 50
1793 65 55
1794 65 54
1795 65 47
1798 65 41
1800 65 52
1801 65 51
1803 65 46
1810 65 48
1812 65 44
1815 65 59
1818 65 54
1837 65 51
1854 65 40
1881 65 40
1889 65 54
1907 65 39
1912 65 37
1927 65 48
1929 65 43
1930 65 45
1932 65 35
1944 65 41
1952 65 38
1955 65 51
1967 65 38
1972 65 29
1974 65 32
1976 65 42
1982 65 37
1989 65 40
2023 65 31
2031 65 35
2035 65 37
2037 65 32
2041 65 38
2042 65 29
2043 65 30
2046 65 31
2064 65 41
2069 65 32
2074 65 30
2076 65 37
2083 65 28
2087 65 24
2089 65 34
2092 65 32
2095 65 39
2114 65 26
2130 65 25
2135 65 24
2136 65 19
2181 65 15
2189 65 13
2198 65 23
2208 65 28
2230 65 22
2249 65 20
2251 65 15
2260 65 14
2262 65 22
2282 65 24
2285 65 11
2290 65 12
2294 65 20
2295 65 20
2296 65 20
2297 65 21
2301 65 25
2305 65 19
2307 65 16
2318 65 19
2324 65 12
2328 65 20
2330 65 21
2348 65 14
2349 65 21
2354 65 15
2355 65 18
2356 65 14
2371 65 10
2377 65 18
2378 65 15
2380 65 19
2387 65 16
2389 65 12
2392 65 16
2400 65 12
2411 65 13
2417 65 16
2421 65 13
2428 65 9
2436 65 10
2439 65 13
2441 65 12
2456 65 11
2466 65 16
2492 65 12
2495 65 17
2499 65 10
2504 65 9
2505 65 8
2506 65 5
2523 65 7
2525 65 9
2528 65 8
2529 65 11
2533 65 13
2534 65 6
2535 65 6
2548 65 8
2558 65 7
2563 65 5
2585 65 8
2594 65 8
2601 65 5
2603 65 7
2633 65 10
2640 65 6
2644 65 5
2646 65 5
2656 65 5
2673 65 3
2679 65 6
2684 65 3
2691 65 5
2697 65 6
2717 65 3
2729 65 2
2737 65 3
2783 65 3
2788 65 1
2799 65 2
2801 65 5
2804 65 4
2812 65 3
2819 65 2
2830 65 1
2835 65 2
2842 65 2
2865 65 1
2868 65 1
2880 65 2
2882 65 2
2895 65 1
2902 65 1
2912 65 1
2913 65 1
2917 65 1
2926 65 2
2929 65 1
2931 65 1
2935 65 1
2936 65 1
2952 65 1
2968 65 1
2972 65 2
2973 65 1
2975 65 1
0 66 261
1 66 297
5 66 328
6 66 319
7 66 288
8 66 311
9 66 321
10 66 295
11 66 297
13 66 294
14 66 313
16 66 309
20 66 314
21 66 264
23 66 284
25 66 317
27 66 285
29 66 291
31 66 298
32 66 283
33 66 305
35 66 292
37 66 282
41 66 287
42 66 298
43 66 315
44 66 329
48 66 279
49 66 276
51 66 296
53 66 315
54 66 318
56 66 268
58 66 268
60 66 267
61 66 282
65 66 283
67 66 271
69 66 266
72 66 296
75 66 271
76 66 293
78 66 288
83 66 306
85 66 276
86 66 300
89 66 304
91 66 306
92 66 246
94 66 277
98 66 260
99 66 288
101 66 290
103 66 269
104 66 289
105 66 277
106 66 287
107 66 279
111 66 289
113 66 298
114 66 271
116 66 274
117 66 282
121 66 269
126 66 299
131 66 285
132 66 286
135 66 283
136 66 268
138 66 251
141 66 284
142 66 291
147 66 289
148 66 301
150 66 293
155 66 285
157 66 292
161 66 250
162 66 269
164 66 268
165 66 253
167 66 252
168 66 288
170 66 272
171 66 253
172 66 263
173 66 248
175 66 251
178 66 273
180 66 273
182 66 269
183 66 267
184 66 209
185 66 253
188 66 277
189 66 262
191 66 263
193 66 249
195 66 241
197 66 269
198 66 266
199 66 246
201 66 271
202 66 246
203 66 268
204 66 267
205 66 237
212 66 254
215 66 259
217 66 286
220 66 254
223 66 237
224 66 278
226 66 270
228 66 264
229 66 263
232 66 243
238 66 269
239 66 293
240 66 257
241 66 226
242 66 244
244 66 240
248 66 259
249 66 266
254 66 271
257 66 247
264 66 276
266 66 273
268 66 245
269 66 260
275 66 252
276 66 241
281 66 247
283 66 255
286 66 232
287 66 220
290 66 232
291 66 239
298 66 220
300 66 263
303 66 254
304 66 274
308 66 260
311 66 232
315 66 224
317 66 226
321 66 239
322 66 239
325 66 229
326 66 264
329 66 228
330 66 259
331 66 236
332 66 252
337 66 239
340 66 237
342 66 241
348 66 254
349 66 224
359 66 218
361 66 260
362 66 214
363 66 232
364 66 219
365 66 243
367 66 249
371 66 237
372 66 221
377 66 274
381 66 245
382 66 221
388 66 219
394 66 269
395 66 251
396 66 228
399 66 238
403 66 241
410 66 203
411 66 233
415 66 247
416 66 196
417 66 220
419 66 224
422 66 247
425 66 220
426 66 233
427 66 245
428 66 226
429 66 221
438 66 236
441 66 231
445 66 214
446 66 213
453 66 226
455 66 190
457 66 240
462 66 230
465 66 200
466 66 215
469 66 205
470 66 190
471 66 226
472 66 200
473 66 218
474 66 244
480 66 223
481 66 201
483 66 203
485 66 208
487 66 204
488 66 200
490 66 206
501 66 195
502 66 225
504 66 198
506 66 215
507 66 212
508 66 221
513 66 189
514 66 202
516 66 195
522 66 222
525 66 185
527 66 189
528 66 227
530 66 203
544 66 198
545 66 197
546 66 203
551 66 212
554 66 180
555 66 211
556 66 202
557 66 226
558 66 189
565 66 222
570 66 192
572 66 189
577 66 206
578 66 206
580 66 220
582 66 190
585 66 187
586 66 188
587 66 171
591 66 202
594 66 192
600 66 192
601 66 195
604 66 190
605 66 210
607 66 196
608 66 212
611 66 159
618 66 191
621 66 198
624 66 181
626 66 203
628 66 191
630 66 187
631 66 184
633 66 185
634 66 201
636 66 194
638 66 177
643 66 202
652 66 194
654 66 177
655 66 168
657 66 179
658 66 191
661 66 206
674 66 157
677 66 175
679 66 164
683 66 190
684 66 201
685 66 172
691 66 151
695 66 186
698 66 172
699 66 155
700 66 179
711 66 178
712 66 173
720 66 183
724 66 192
730 66 156
732 66 154
733 66 164
734 66 162
735 66 183
737 66 163
741 66 173
745 66 194
746 66 156
747 66 181
749 66 174
751 66 150
755 66 169
761 66 163
766 66 158
767 66 184
768 66 166
772 66 183
777 66 157
778 66 176
782 66 160
783 66 167
786 66 155
788 66 178
789 66 172
798 66 157
801 66 177
803 66 182
804 66 162
805 66 172
806 66 155
818 66 163
822 66 171
824 66 163
825 66 165
839 66 163
842 66 164
843 66 146
846 66 165
848 66 143
849 66 130
855 66 146
856 66 154
857 66 161
862 66 138
869 66 159
871 66 126
872 66 149
874 66 153
881 66 152
886 66 161
887 66 164
895 66 168
900 66 166
902 66 156
905 66 140
906 66 156
908 66 151
913 66 162
923 66 140
925 66 145
930 66 147
934 66 156
936 66 133
945 66 127
949 66 134
951 66 125
954 66 131
955 66 145
964 66 153
965 66 141
967 66 169
969 66 137
970 66 131
975 66 141
976 66 143
985 66 149
986 66 145
996 66 135
997 66 138
1008 66 131
1015 66 139
1019 66 108
1022 66 111
1024 66 120
1030 66 150
1031 66 139
1032 66 132
1034 66 126
1043 66 138
1051 66 142
1052 66 147
1057 66 129
1060 66 124
1062 66 124
1064 66 117
1067 66 143
1080 66 119
1083 66 120
1086 66 98
1088 66 125
1094 66 133
1095 66 123
1099 66 120
1107 66 120
1115 66 114
1121 66 106
1128 66 115
1132 66 108
1133 66 143
1134 66 116
1142 66 111
1145 66 124
1149 66 113
1163 66 122
1165 66 95
1173 66 100
1185 66 105
1190 66 97
1192 66 129
1199 66 108
1202 66 104
1203 66 106
1209 66 123
1211 66 105
1212 66 89
1216 66 93
1218 66 116
1219 66 104
1220 66 97
1222 66 104
1225 66 106
1229 66 117
1234 66 119
1239 66 136
1241 66 114
1256 66 91
1259 66 92
1261 66 108
1266 66 106
1267 66 97
1268 66 105
1269 66 103
1274 66 80
1277 66 110
1279 66 113
1280 66 99
1282 66 105
1283 66 125
1293 66 105
1295 66 101
1298 66 114
1300 66 102
1306 66 101
1307 66 95
1308 66 78
1310 66 97
1314 66 102
1316 66 88
1325 66 83
1329 66 98
1330 66 94
1339 66 105
1354 66 93
1362 66 108
1366 66 99
1367 66 91
1368 66 87
1377 66 93
1378 66 97
1383 66 90
1387 66 107
1391 66 88
1394 66 76
1395 66 93
1397 66 90
1400 66 74
1401 66 83
1408 66 75
1409 66 78
1410 66 87
1416 66 92
1417 66 83
1426 66 77
1429 66 65
1432 66 70
1435 66 71
1436 66 90
1446 66 71
1449 66 70
1453 66 82
1456 66 72
1460 66 78
1464 66 93
1478 66 88
1485 66 79
1486 66 63
1493 66 84
1495 66 69
1503 66 82
1506 66 81
1513 66 75
1518 66 78
1524 66 73
1527 66 77
1530 66 69
1540 66 70
1549 66 70
1558 66 73
1564 66 74
1565 66 65
1566 66 82
1571 66 79
1577 66 75
1579 66 70
1581 66 62
1585 66 79
1602 66 73
1603 66 63
1606 66 74
1612 66 82
1625 66 62
1635 66 63
1640 66 64
1646 66 61
1650 66 59
1652 66 74
1655 66 66
1656 66 67
1658 66 63
1661 66 56
1671 66 62
1674 66 58
1683 66 50
1685 66 60
1695 66 59
1699 66 59
1704 66 53
1708 66 40
1715 66 60
1727 66 55
1728 66 52
1755 66 59
1756 66 43
1762 66 47
1769 66 51
1775 66 52
1784 66 52
1789 66 46
1796 66 47
1797 66 42
1800 66 54
1826 66 49
1838 66 42
1842 66 46
1844 66 48
1846 66 54
1852 66 49
1855 66 49
1862 66 60
1872 66 43
1873 66 44
1879 66 49
1881 66 44
1882 66 45
1887 66 48
1901 66 35
1902 66 35
1918 66 44
1920 66 49
1932 66 40
1939 66 28
1942 66 35
1945 66 41
1949 66 35
1950 66 46
1953 66 36
1959 66 32
1963 66 50
1972 66 34
1984 66 40
1988 66 30
1989 66 29
1998 66 34
2004 66 36
2023 66 30
2029 66 41
2033 66 45
2045 66 24
2050 66 32
2054 66 33
2061 66 31
2077 66 27
2084 66 19
2085 66 19
2091 66 37
2109 66 25
2113 66 39
2145 66 20
2171 66 25
2177 66 21
2182 66 28
2185 66 25
2190 66 24
2193 66 20
2199 66 18
2208 66 29
2210 66 22
2213 66 23
2218 66 28
2226 66 20
2237 66 16
2240 66 20
2247 66 17
2249 66 21
2251 66 20
2270 66 20
2276 66 23
2294 66 11
2307 66 20
2311 66 18
2313 66 21
2315 66 7
2337 66 18
2338 66 16
2339 66 12
2347 66 12
2348 66 15
2350 66 21
2354 66 15
2358 66 11
2375 66 21
2376 66 17
2383 66 19
2387 66 22
2388 66 18
2404 66 16
2406 66 13
2411 66 13
2412 66 10
2418 66 22
2420 66 12
2440 66 12
2441 66 8
2448 66 9
2454 66 12
2456 66 11
2462 66 14
2465 66 20
2475 66 20
2483 66 9
2486 66 13
2488 66 20
2498 66 9
2500 66 13
2501 66 11
2506 66 11
2508 66 11
2515 66 14
2521 66 7
2524 66 13
2533 66 8
2541 66 13
2545 66 6
2563 66 5
2588 66 8
2595 66 8
2605 66 7
2608 66 9
2614 66 9
2637 66 4
2642 66 4
2647 66 6
2673 66 6
2674 66 5
2680 66 6
2681 66 4
2698 66 6
2722 66 4
2730 66 4
2734 66 4
2737 66 1
2739 66 2
2742 66 2
2750 66 2
2758 66 4
2766 66 3
2768 66 1
2782 66 2
2788 66 2
2797 66 5
2806 66 3
2810 66 2
2811 66 3
2819 66 3
2822 66 2
2825 66 2
2826 66 1
2828 66 2
2833 66 4
2841 66 3
2850 66 3
2862 66 2
2878 66 2
2887 66 2
2897 66 3
2906 66 1
2910 66 1
2911 66 2
2912 66 2
2913 66 1
2922 66 1
2933 66 1
2934 66 1
2939 66 1
2962 66 1
2973 66 1
2982 66 1
2988 66 1
0 67 294
3 67 277
4 67 292
5 67 288
11 67 304
12 67 320
14 67 309
15 67 275
17 67 293
18 67 301
22 67 309
24 67 287
25 67 325
28 67 317
34 67 280
36 67 317
38 67 268
39 67 247
42 67 273
44 67 273
47 67 285
52 67 270
56 67 284
59 67 259
60 67 288
61 67 271
63 67 282
68 67 260
70 67 289
72 67 297
74 67 288
82 67 300
83 67 283
84 67 288
88 67 286
91 67 297
94 67 262
95 67 289
97 67 284
98 67 282
99 67 282
103 67 292
104 67 290
109 67 284
111 67 284
112 67 301
116 67 259
118 67 279
120 67 264
122 67 284
123 67 278
126 67 276
127 67 260
128 67 295
131 67 227
132 67 266
133 67 299
134 67 253
135 67 285
136 67 254
137 67 291
138 67 298
139 67 273
140 67 268
142 67 275
147 67 257
148 67 272
149 67 274
150 67 241
151 67 264
152 67 252
156 67 269
161 67 285
168 67 257
169 67 305
170 67 275
172 67 251
173 67 258
174 67 258
177 67 275
181 67 244
187 67 254
194 67 255
195 67 252
196 67 272
199 67 249
200 67 285
203 67 267
204 67 269
207 67 248
213 67 262
215 67 246
216 67 254
218 67 294
219 67 257
223 67 242
226 67 263
228 67 269
229 67 252
231 67 226
233 67 258
238 67 233
242 67 275
246 67 261
247 67 226
248 67 233
252 67 244
253 67 261
255 67 250
256 67 268
263 67 257
268 67 275
269 67 245
270 67 240
272 67 273
276 67 250
282 67 249
284 67 268
286 67 250
287 67 251
289 67 266
295 67 252
296 67 212
297 67 252
298 67 249
299 67 236
300 67 255
302 67 269
305 67 210
307 67 254
308 67 285
311 67 264
313 67 214
316 67 198
317 67 252
319 67 226
321 67 239
324 67 225
327 67 252
328 67 257
332 67 218
334 67 251
343 67 254
348 67 233
349 67 223
350 67 212
353 67 230
355 67 235
357 67 241
363 67 237
366 67 226
367 67 239
370 67 209
371 67 254
374 67 226
375 67 221
376 67 233
377 67 218
379 67 210
381 67 226
383 67 236
385 67 226
387 67 226
392 67 201
394 67 232
405 67 202
407 67 213
408 67 220
412 67 223
416 67 233
417 67 224
419 67 212
424 67 201
428 67 227
429 67 228
431 67 202
434 67 200
436 67 219
439 67 197
440 67 248
441 67 229
447 67 207
453 67 218
454 67 203
455 67 207
458 67 195
459 67 198
461 67 202
465 67 215
472 67 222
473 67 214
477 67 219
479 67 207
480 67 229
482 67 214
486 67 235
487 67 194
489 67 190
491 67 226
492 67 215
494 67 184
495 67 215
499 67 235
501 67 225
502 67 207
509 67 232
512 67 214
517 67 193
518 67 178
519 67 213
522 67 221
523 67 203
526 67 204
527 67 216
530 67 237
531 67 195
534 67 193
535 67 234
541 67 179
551 67 203
554 67 198
556 67 186
558 67 205
560 67 192
561 67 194
570 67 196
572 67 196
584 67 199
588 67 209
589 67 173
590 67 198
591 67 199
592 67 199
593 67 204
598 67 179
607 67 195
608 67 184
610 67 203
614 67 196
616 67 188
617 67 200
618 67 183
625 67 172
627 67 171
628 67 198
629 67 182
630 67 189
632 67 170
633 67 182
634 67 181
635 67 176
646 67 178
647 67 159
648 67 189
649 67 178
650 67 188
653 67 184
657 67 179
661 67 180
663 67 180
666 67 177
667 67 174
671 67 162
672 67 182
675 67 165
678 67 185
679 67 155
680 67 191
684 67 165
686 67 190
688 67 172
690 67 168
693 67 170
694 67 167
696 67 172
698 67 181
700 67 155
702 67 176
709 67 174
711 67 161
712 67 153
714 67 190
719 67 180
727 67 157
730 67 195
731 67 170
733 67 179
734 67 170
738 67 170
739 67 170
745 67 164
747 67 166
748 67 187
751 67 185
753 67 178
755 67 181
758 67 195
762 67 174
765 67 162
766 67 183
767 67 161
769 67 187
771 67 172
778 67 185
790 67 171
791 67 153
793 67 173
796 67 162
797 67 162
800 67 164
803 67 143
827 67 149
833 67 132
839 67 163
841 67 154
851 67 135
852 67 185
855 67 139
859 67 156
868 67 149
869 67 179
878 67 159
883 67 159
885 67 142
889 67 163
894 67 142
896 67 157
902 67 132
906 67 169
907 67 153
909 67 148
910 67 162
913 67 130
914 67 129
917 67 152
918 67 126
927 67 118
928 67 147
932 67 147
935 67 140
938 67 152
942 67 145
953 67 126
957 67 138
961 67 141
962 67 165
969 67 126
974 67 163
980 67 140
988 67 133
997 67 145
1000 67 149
1002 67 136
1007 67 138
1013 67 125
1014 67 143
1016 67 126
1020 67 147
1021 67 121
1023 67 136
1029 67 168
1035 67 120
1036 67 129
1037 67 132
1038 67 131
1041 67 137
1046 67 152
1057 67 121
1058 67 130
1062 67 118
1063 67 131
1067 67 135
1069 67 127
1072 67 120
1078 67 110
1079 67 139
1080 67 138
1082 67 123
1084 67 121
1085 67 126
1098 67 107
1103 67 126
1106 67 120
1107 67 131
1109 67 136
1120 67 112
1123 67 107
1143 67 115
1153 67 100
1159 67 126
1160 67 120
1166 67 108
1169 67 116
1172 67 120
1173 67 113
1175 67 101
1176 67 118
1178 67 105
1182 67 95
1186 67 111
1192 67 99
1197 67 140
1207 67 117
1209 67 86
1211 67 99
1212 67 95
1223 67 97
1235 67 120
1244 67 109
1259 67 105
1260 67 109
1261 67 131
1263 67 114
1265 67 99
1266 67 121
1275 67 97
1282 67 90
1283 67 112
1287 67 95
1290 67 111
1293 67 89
1294 67 93
1307 67 111
1314 67 101
1317 67 86
1319 67 98
1326 67 89
1328 67 94
1333 67 108
1336 67 81
1338 67 101
1343 67 85
1366 67 91
1369 67 83
1372 67 89
1379 67 89
1395 67 91
1402 67 90
1403 67 83
1410 67 64
1411 67 91
1412 67 88
1422 67 99
1437 67 88
1439 67 83
1441 67 91
1443 67 84
1457 67 80
1458 67 78
1464 67 63
1467 67 85
1468 67 83
1469 67 87
1473 67 62
1496 67 76
1502 67 66
1505 67 77
1511 67 79
1525 67 71
1531 67 73
1534 67 85
1545 67 79
1548 67 76
1558 67 77
1576 67 92
1577 67 64
1580 67 70
1581 67 65
1585 67 75
1586 67 65
1597 67 74
1599 67 72
1610 67 55
1620 67 56
1621 67 69
1624 67 61
1625 67 54
1637 67 55
1638 67 56
1643 67 59
1647 67 57
1658 67 59
1662 67 66
1669 67 68
1670 67 57
1671 67 71
1676 67 73
1679 67 50
1684 67 54
1688 67 68
1693 67 64
1694 67 55
1697 67 56
1706 67 58
1707 67 38
1710 67 56
1711 67 75
1713 67 75
1715 67 43
1717 67 50
1718 67 61
1720 67 60
1730 67 64
1746 67 50
1753 67 61
1756 67 40
1759 67 49
1775 67 60
1780 67 39
1787 67 51
1789 67 45
1790 67 61
1794 67 52
1795 67 48
1796 67 50
1798 67 61
1799 67 49
1800 67 46
1814 67 53
1821 67 61
1829 67 41
1830 67 43
1832 67 43
1835 67 51
1837 67 44
1847 67 46
1851 67 42
1857 67 55
1864 67 41
1871 67 55
1885 67 38
1887 67 41
1892 67 42
1893 67 51
1928 67 37
1932 67 34
1946 67 44
1947 67 33
1949 67 47
1950 67 39
1951 67 32
1954 67 40
1957 67 28
1960 67 32
1966 67 43
1968 67 36
1972 67 36
1978 67 34
1981 67 46
1987 67 40
2000 67 29
2006 67 40
2009 67 39
2017 67 33
2018 67 31
2022 67 35
2023 67 31
2024 67 47
2026 67 44
2029 67 30
2034 67 37
2038 67 33
2056 67 26
2059 67 29
2062 67 38
2063 67 27
2064 67 29
2074 67 35
2075 67 37
2077 67 32
2101 67 25
2102 67 22
2119 67 25
2122 67 27
2130 67 22
2135 67 26
2136 67 30
2137 67 32
2145 67 23
2162 67 19
2163 67 35
2166 67 25
2170 67 16
2175 67 30
2192 67 26
2202 67 29
2208 67 26
2212 67 32
2214 67 20
2219 67 25
2228 67 23
2240 67 29
2251 67 18
2261 67 17
2276 67 25
2277 67 23
2290 67 15
2294 67 23
2310 67 9
2311 67 18
2327 67 23
2330 67 22
2334 67 17
2335 67 17
2340 67 17
2352 67 18
2361 67 11
2368 67 13
2370 67 11
2371 67 10
2374 67 15
2383 67 11
2395 67 15
2398 67 16
2412 67 21
2414 67 13
2417 67 11
2419 67 9
2426 67 13
2435 67 9
2443 67 7
2446 67 13
2447 67 17
2454 67 8
2461 67 17
2470 67 13
2473 67 12
2475 67 12
2484 67 13
2486 67 14
2490 67 8
2496 67 17
2505 67 19
2507 67 10
2512 67 4
2517 67 11
2523 67 9
2531 67 9
2533 67 11
2535 67 15
2541 67 12
2545 67 8
2566 67 6
2608 67 3
2625 67 11
2629 67 6
2630 67 11
2634 67 7
2635 67 6
2637 67 5
2640 67 7
2652 67 7
2655 67 6
2656 67 6
2663 67 6
2669 67 3
2682 67 7
2689 67 6
2708 67 4
2735 67 2
2738 67 4
2772 67 6
2781 67 2
2796 67 3
2804 67 2
2811 67 2
2818 67 2
2823 67 2
2829 67 2
2838 67 2
2857 67 2
2879 67 1
2884 67 1
2892 67 2
2893 67 1
2902 67 1
2920 67 1
2925 67 1
2927 67 2
2945 67 1
2950 67 1
2966 67 1
2970 67 2
2972 67 1
2981 67 1
2996 67 1
0 68 321
3 68 338
6 68 272
8 68 304
11 68 327
12 68 279
15 68 331
16 68 287
20 68 278
21 68 285
22 68 303
24 68 333
27 68 306
28 68 270
30 68 291
32 68 287
35 68 293
36 68 296
38 68 290
43 68 299
45 68 298
46 68 295
50 68 286
54 68 323
57 68 288
61 68 293
66 68 309
70 68 296
71 68 299
72 68 264
74 68 292
77 68 278
80 68 292
83 68 284
84 68 271
85 68 247
88 68 267
89 68 278
90 68 264
91 68 274
93 68 287
96 68 309
97 68 280
99 68 276
102 68 316
103 68 288
107 68 279
109 68 259
110 68 297
113 68 292
115 68 312
120 68 279
122 68 264
124 68 322
127 68 258
130 68 287
133 68 267
135 68 246
136 68 284
142 68 271
145 68 276
147 68 259
151 68 269
152 68 276
153 68 291
154 68 295
157 68 254
158 68 270
161 68 275
168 68 241
169 68 246
175 68 279
176 68 262
179 68 242
180 68 251
182 68 253
183 68 255
185 68 270
186 68 243
192 68 241
195 68 252
199 68 233
200 68 284
204 68 256
205 68 232
210 68 260
212 68 283
213 68 251
214 68 288
218 68 269
219 68 261
232 68 270
233 68 250
234 68 244
236 68 251
237 68 286
238 68 265
241 68 255
242 68 236
255 68 248
257 68 247
258 68 241
262 68 249
263 68 250
265 68 219
268 68 266
271 68 245
272 68 260
276 68 249
282 68 271
283 68 260
290 68 251
291 68 219
292 68 275
296 68 229
298 68 233
299 68 235
300 68 261
305 68 239
310 68 244
312 68 226
314 68 237
323 68 223
324 68 242
327 68 226
329 68 250
330 68 243
334 68 239
340 68 238
343 68 233
347 68 259
349 68 244
359 68 224
360 68 231
362 68 262
371 68 242
372 68 250
373 68 232
375 68 234
379 68 254
380 68 224
381 68 237
383 68 209
387 68 218
389 68 215
391 68 234
392 68 196
394 68 251
396 68 202
398 68 237
400 68 222
402 68 221
404 68 237
406 68 235
407 68 232
412 68 224
413 68 228
414 68 213
421 68 210
426 68 199
427 68 207
430 68 226
433 68 232
437 68 214
438 68 225
439 68 231
441 68 230
445 68 239
456 68 234
460 68 237
462 68 212
463 68 212
467 68 216
469 68 235
473 68 240
474 68 207
476 68 208
478 68 204
479 68 213
481 68 210
482 68 210
488 68 242
490 68 232
494 68 219
498 68 216
499 68 212
502 68 216
511 68 237
512 68 224
518 68 223
523 68 216
529 68 198
533 68 223
536 68 216
539 68 198
545 68 210
546 68 210
547 68 204
549 68 214
554 68 210
557 68 224
561 68 205
562 68 188
563 68 207
573 68 194
574 68 191
577 68 193
579 68 187
581 68 195
588 68 183
589 68 217
594 68 201
598 68 200
600 68 199
603 68 173
605 68 214
609 68 176
610 68 190
611 68 170
612 68 178
614 68 194
618 68 190
623 68 190
626 68 196
633 68 193
638 68 205
640 68 201
654 68 140
656 68 194
661 68 180
663 68 189
667 68 172
673 68 187
674 68 165
675 68 183
678 68 158
679 68 174
680 68 203
684 68 201
685 68 195
687 68 202
694 68 181
695 68 178
708 68 195
717 68 187
722 68 153
727 68 167
728 68 161
729 68 188
730 68 182
737 68 165
739 68 171
740 68 185
744 68 164
746 68 149
747 68 164
753 68 169
757 68 167
760 68 167
761 68 182
765 68 147
766 68 174
767 68 154
772 68 158
776 68 189
777 68 172
796 68 155
797 68 175
803 68 157
809 68 154
810 68 165
812 68 167
813 68 160
814 68 190
816 68 169
817 68 173
821 68 160
823 68 157
825 68 140
827 68 178
830 68 160
831 68 140
834 68 173
836 68 175
837 68 177
838 68 130
845 68 178
847 68 173
853 68 171
861 68 138
867 68 171
868 68 142
877 68 142
878 68 151
879 68 126
886 68 139
891 68 167
894 68 180
895 68 161
897 68 141
898 68 132
900 68 163
905 68 157
906 68 160
908 68 156
913 68 145
914 68 140
915 68 135
917 68 151
918 68 162
919 68 140
923 68 127
927 68 141
931 68 137
933 68 139
934 68 135
936 68 161
943 68 143
944 68 115
946 68 129
950 68 146
951 68 123
957 68 150
961 68 149
962 68 143
964 68 124
966 68 154
969 68 177
982 68 128
983 68 122
986 68 163
987 68 119
989 68 153
994 68 125
1002 68 153
1007 68 127
1016 68 130
1019 68 121
1020 68 135
1026 68 133
1031 68 129
1039 68 141
1044 68 129
1046 68 141
1054 68 132
1055 68 120
1057 68 137
1064 68 122
1066 68 110
1073 68 133
1074 68 118
1079 68 129
1086 68 107
1088 68 128
1091 68 139
1092 68 120
1103 68 123
1105 68 133
1108 68 132
1110 68 120
1117 68 112
1118 68 122
1122 68 107
1124 68 116
1125 68 125
1129 68 129
1133 68 119
1137 68 115
1139 68 95
1143 68 111
1152 68 114
1164 68 121
1166 68 121
1168 68 135
1176 68 117
1183 68 92
1185 68 130
1186 68 105
1195 68 119
1196 68 126
1197 68 103
1200 68 126
1202 68 108
1213 68 107
1215 68 102
1216 68 113
1223 68 94
1226 68 116
1231 68 106
1238 68 110
1240 68 111
1251 68 116
1254 68 108
1257 68 93
1258 68 109
1260 68 103
1269 68 99
1272 68 101
1281 68 106
1282 68 126
1307 68 113
1315 68 90
1319 68 91
1321 68 103
1325 68 99
1326 68 81
1327 68 102
1335 68 100
1338 68 85
1340 68 77
1346 68 100
1348 68 86
1351 68 91
1356 68 89
1357 68 90
1358 68 88
1359 68 77
1362 68 113
1368 68 78
1370 68 81
1372 68 92
1381 68 96
1390 68 113
1392 68 110
1403 68 95
1407 68 82
1408 68 82
1409 68 73
1411 68 113
1415 68 103
1418 68 88
1420 68 75
1423 68 92
1424 68 78
1427 68 72
1438 68 69
1448 68 81
1451 68 88
1468 68 87
1487 68 67
1488 68 65
1516 68 88
1523 68 70
1524 68 68
1525 68 71
1528 68 72
1533 68 76
1536 68 80
1538 68 80
1551 68 77
1554 68 79
1556 68 73
1559 68 64
1593 68 66
1602 68 68
1604 68 73
1605 68 74
1607 68 71
1610 68 58
1613 68 51
1616 68 59
1620 68 65
1633 68 78
1642 68 56
1644 68 76
1651 68 64
1657 68 67
1658 68 82
1670 68 66
1672 68 54
1673 68 62
1676 68 58
1682 68 70
1683 68 53
1700 68 59
1713 68 61
1715 68 54
1720 68 47
1726 68 65
1728 68 53
1739 68 48
1743 68 52
1746 68 56
1752 68 55
1755 68 58
1757 68 53
1760 68 51
1766 68 48
1767 68 55
1768 68 58
1785 68 57
1791 68 46
1793 68 49
1811 68 48
1813 68 56
1818 68 41
1837 68 50
1840 68 50
1841 68 53
1842 68 45
1849 68 46
1851 68 44
1856 68 44
1864 68 44
1865 68 55
1866 68 51
1871 68 49
1873 68 53
1878 68 41
1881 68 38
1905 68 49
1913 68 39
1924 68 31
1934 68 28
1956 68 32
1961 68 42
1966 68 38
1967 68 43
1970 68 39
1973 68 32
1981 68 38
1982 68 37
1984 68 32
1987 68 44
1988 68 32
1994 68 42
1995 68 30
2006 68 34
2015 68 30
2025 68 26
2027 68 38
2029 68 29
2036 68 32
2038 68 34
2040 68 36
2041 68 35
2045 68 32
2047 68 34
2052 68 45
2055 68 25
2059 68 32
2068 68 37
2076 68 39
2077 68 30
2081 68 33
2096 68 29
2103 68 26
2122 68 33
2130 68 28
2132 68 28
2155 68 23
2164 68 29
2167 68 30
2177 68 21
2180 68 31
2184 68 26
2205 68 32
2206 68 30
2207 68 21
2222 68 22
2235 68 21
2239 68 17
2243 68 20
2244 68 22
2259 68 24
2275 68 20
2279 68 14
2283 68 16
2302 68 15
2315 68 23
2320 68 18
2321 68 23
2329 68 18
2337 68 17
2346 68 21
2347 68 19
2371 68 16
2372 68 12
2382 68 13
2395 68 12
2407 68 17
2411 68 13
2416 68 12
2429 68 14
2451 68 12
2467 68 13
2470 68 14
2490 68 7
2501 68 9
2511 68 9
2514 68 7
2518 68 10
2534 68 10
2544 68 10
2550 68 6
2556 68 7
2557 68 12
2566 68 8
2568 68 7
2570 68 7
2581 68 3
2584 68 3
2596 68 9
2617 68 7
2622 68 6
2637 68 6
2643 68 4
2656 68 6
2684 68 4
2713 68 3
2716 68 7
2729 68 6
2732 68 6
2734 68 4
2751 68 3
2758 68 2
2762 68 1
2769 68 2
2782 68 3
2784 68 3
2793 68 2
2798 68 4
2811 68 2
2825 68 2
2836 68 3
2840 68 5
2847 68 2
2860 68 1
2870 68 1
2873 68 3
2875 68 1
2886 68 3
2892 68 1
2900 68 2
2921 68 1
2926 68 1
2934 68 1
2935 68 1
2940 68 1
2945 68 1
2954 68 1
2959 68 1
2960 68 1
2962 68 1
2965 68 1
2972 68 2
2974 68 1
2983 68 1
2996 68 1
0 69 279
5 69 289
6 69 294
8 69 321
9 69 275
10 69 292
11 69 323
15 69 299
17 69 308
19 69 272
25 69 297
28 69 301
32 69 308
33 69 306
40 69 290
41 69 331
42 69 301
43 69 302
44 69 278
46 69 311
47 69 300
53 69 301
56 69 350
58 69 292
61 69 283
62 69 311
63 69 257
64 69 281
66 69 256
72 69 304
76 69 273
78 69 264
79 69 286
80 69 296
81 69 325
86 69 302
88 69 270
89 69 290
92 69 303
93 69 273
96 69 301
98 69 275
101 69 291
103 69 252
107 69 295
110 69 286
112 69 289
114 69 279
115 69 292
116 69 291
117 69 283
119 69 295
121 69 276
125 69 250
128 69 262
129 69 274
130 69 281
131 69 274
134 69 290
136 69 271
139 69 301
140 69 271
142 69 288
146 69 278
148 69 265
149 69 265
159 69 282
162 69 307
164 69 283
167 69 251
169 69 290
173 69 277
174 69 267
175 69 269
176 69 270
183 69 230
184 69 256
187 69 267
190 69 250
197 69 250
198 69 299
200 69 273
201 69 269
204 69 265
205 69 251
208 69 266
209 69 243
213 69 273
215 69 257
218 69 242
223 69 278
225 69 252
229 69 268
233 69 286
234 69 278
241 69 260
243 69 249
244 69 243
245 69 252
246 69 243
247 69 270
249 69 289
252 69 262
256 69 255
261 69 258
262 69 259
264 69 204
267 69 269
271 69 273
272 69 265
276 69 248
280 69 242
281 69 252
284 69 258
285 69 246
287 69 267
290 69 275
292 69 242
293 69 208
294 69 234
296 69 248
310 69 264
312 69 239
313 69 225
315 69 243
319 69 254
320 69 231
321 69 213
322 69 276
323 69 231
326 69 251
330 69 239
331 69 227
335 69 235
338 69 249
342 69 234
345 69 243
346 69 218
351 69 252
355 69 234
357 69 211
359 69 216
360 69 229
361 69 251
367 69 235
372 69 246
375 69 210
378 69 229
380 69 203
384 69 221
386 69 248
389 69 220
390 69 226
396 69 232
397 69 213
399 69 192
400 69 234
401 69 225
403 69 221
404 69 245
407 69 216
408 69 227
418 69 208
421 69 246
424 69 228
426 69 213
429 69 222
444 69 245
446 69 222
450 69 223
454 69 227
455 69 204
456 69 211
457 69 238
458 69 206
462 69 215
464 69 219
466 69 214
467 69 205
471 69 195
473 69 227
475 69 213
479 69 211
484 69 237
485 69 223
487 69 225
490 69 219
498 69 193
500 69 224
503 69 199
505 69 207
506 69 203
507 69 197
509 69 211
510 69 216
511 69 225
514 69 194
515 69 205
522 69 201
523 69 229
525 69 221
526 69 187
541 69 207
543 69 198
555 69 205
559 69 188
560 69 197
564 69 197
570 69 215
571 69 204
572 69 196
576 69 223
579 69 199
581 69 194
586 69 217
589 69 184
591 69 197
592 69 188
593 69 179
599 69 206
602 69 178
605 69 198
609 69 188
612 69 219
621 69 204
630 69 162
635 69 182
641 69 153
642 69 166
645 69 165
650 69 167
651 69 174
652 69 181
653 69 194
657 69 192
665 69 157
669 69 189
670 69 201
674 69 181
675 69 195
680 69 181
681 69 196
684 69 168
685 69 160
688 69 218
689 69 174
690 69 181
691 69 175
692 69 170
694 69 197
697 69 168
701 69 166
702 69 168
711 69 177
714 69 205
715 69 154
716 69 171
720 69 166
732 69 176
738 69 171
739 69 158
740 69 182
741 69 191
742 69 173
746 69 156
747 69 155
748 69 191
749 69 163
760 69 162
765 69 162
768 69 178
770 69 157
772 69 156
774 69 176
778 69 183
788 69 207
789 69 121
790 69 174
793 69 189
794 69 161
798 69 184
803 69 166
804 69 179
809 69 179
811 69 157
817 69 166
819 69 159
822 69 164
824 69 157
828 69 135
833 69 179
834 69 165
836 69 145
838 69 169
846 69 153
847 69 150
856 69 148
864 69 166
866 69 152
867 69 155
869 69 129
871 69 143
873 69 136
874 69 140
877 69 157
881 69 172
882 69 153
888 69 164
894 69 150
898 69 158
899 69 146
902 69 157
903 69 131
906 69 138
909 69 122
912 69 153
928 69 149
935 69 149
943 69 149
946 69 148
948 69 129
949 69 145
950 69 143
957 69 125
959 69 154
960 69 144
964 69 147
966 69 116
968 69 148
976 69 149
978 69 139
982 69 129
983 69 124
985 69 150
989 69 127
991 69 141
993 69 136
994 69 157
995 69 167
996 69 136
998 69 118
999 69 144
1002 69 114
1003 69 131
1005 69 131
1008 69 130
1009 69 122
1013 69 135
1014 69 125
1019 69 127
1023 69 140
1033 69 137
1037 69 139
1039 69 157
1051 69 119
1053 69 110
1055 69 125
1057 69 106
1058 69 125
1067 69 121
1068 69 119
1075 69 113
1079 69 126
1081 69 131
1086 69 142
1087 69 127
1091 69 146
1093 69 123
1094 69 157
1095 69 120
1101 69 141
1106 69 136
1107 69 119
1111 69 120
1116 69 128
1117 69 135
1120 69 120
1124 69 120
1134 69 110
1135 69 143
1138 69 119
1150 69 117
1160 69 122
1166 69 105
1167 69 106
1168 69 108
1169 69 107
1170 69 115
1174 69 101
1176 69 125
1181 69 120
1182 69 115
1183 69 107
1192 69 118
1196 69 113
1202 69 131
1203 69 92
1204 69 104
1207 69 101
1211 69 108
1214 69 112
1217 69 112
1227 69 105
1236 69 91
1237 69 113
1240 69 100
1243 69 95
1255 69 97
1257 69 98
1261 69 104
1271 69 97
1272 69 101
1275 69 97
1284 69 95
1290 69 82
1294 69 112
1301 69 99
1302 69 93
1306 69 107
1308 69 105
1313 69 84
1318 69 97
1331 69 110
1336 69 71
1339 69 88
1342 69 96
1345 69 83
1359 69 88
1363 69 100
1365 69 103
1369 69 94
1370 69 97
1371 69 97
1374 69 106
1375 69 89
1379 69 97
1382 69 85
1387 69 79
1399 69 87
1400 69 75
1401 69 99
1402 69 83
1404 69 93
1405 69 95
1416 69 80
1418 69 78
1421 69 82
1422 69 90
1424 69 75
1441 69 91
1442 69 84
1444 69 80
1449 69 72
1459 69 93
1476 69 73
1480 69 75
1485 69 85
1489 69 91
1490 69 75
1497 69 82
1499 69 84
1501 69 84
1505 69 70
1510 69 84
1511 69 66
1515 69 82
1520 69 93
1521 69 71
1524 69 71
1527 69 67
1548 69 73
1554 69 72
1574 69 61
1575 69 64
1577 69 78
1582 69 68
1592 69 66
1593 69 70
1599 69 48
1625 69 55
1654 69 68
1657 69 65
1659 69 53
1668 69 68
1669 69 69
1670 69 53
1674 69 64
1680 69 66
1685 69 52
1686 69 63
1688 69 50
1689 69 68
1691 69 66
1693 69 71
1694 69 60
1701 69 64
1704 69 56
1710 69 58
1713 69 56
1722 69 43
1725 69 48
1732 69 67
1749 69 57
1752 69 58
1754 69 67
1759 69 41
1765 69 40
1767 69 54
1774 69 49
1779 69 61
1781 69 69
1783 69 46
1784 69 50
1785 69 45
1801 69 49
1807 69 64
1808 69 43
1820 69 51
1822 69 46
1829 69 48
1833 69 51
1836 69 44
1840 69 58
1843 69 45
1845 69 49
1858 69 45
1862 69 41
1866 69 56
1871 69 42
1878 69 57
1879 69 38
1882 69 45
1886 69 52
1887 69 49
1889 69 49
1892 69 40
1896 69 44
1898 69 37
1903 69 38
1910 69 38
1913 69 52
1915 69 43
1923 69 48
1928 69 32
1929 69 42
1931 69 41
1933 69 42
1944 69 39
1961 69 31
1965 69 43
1966 69 45
1975 69 38
1986 69 35
1989 69 29
1995 69 37
1997 69 44
2003 69 34
2008 69 44
2011 69 33
2025 69 24
2031 69 33
2046 69 38
2055 69 34
2060 69 32
2070 69 30
2077 69 36
2087 69 33
2090 69 33
2091 69 29
2113 69 32
2123 69 36
2131 69 29
2138 69 25
2158 69 35
2164 69 26
2168 69 34
2171 69 32
2173 69 25
2183 69 31
2215 69 20
2216 69 33
2219 69 30
2224 69 21
2229 69 27
2240 69 31
2248 69 20
2249 69 22
2252 69 19
2254 69 17
2270 69 14
2306 69 20
2309 69 26
2310 69 18
2312 69 24
2320 69 18
2323 69 16
2338 69 17
2339 69 23
2352 69 16
2374 69 13
2397 69 16
2398 69 12
2410 69 16
2415 69 17
2428 69 12
2453 69 16
2458 69 16
2464 69 8
2466 69 6
2472 69 11
2476 69 7
2483 69 13
2495 69 11
2508 69 10
2535 69 11
2538 69 8
2546 69 14
2554 69 10
2558 69 3
2559 69 8
2565 69 7
2579 69 11
2588 69 10
2596 69 6
2598 69 1
2599 69 5
2602 69 7
2613 69 6
2616 69 10
2621 69 8
2624 69 3
2625 69 8
2629 69 3
2632 69 4
2655 69 7
2659 69 5
2660 69 4
2685 69 8
2686 69 5
2699 69 3
2702 69 1
2710 69 3
2719 69 3
2725 69 5
2726 69 8
2742 69 6
2750 69 6
2756 69 3
2767 69 1
2769 69 4
2775 69 4
2784 69 1
2786 69 3
2808 69 3
2809 69 5
2822 69 4
2837 69 3
2844 69 3
2866 69 3
2872 69 2
2877 69 3
2881 69 4
2882 69 2
2898 69 2
2919 69 1
2923 69 1
2939 69 1
2943 69 2
2944 69 1
2945 69 1
2946 69 1
2952 69 2
2953 69 2
2967 69 1
2968 69 1
2974 69 2
2976 69 1
2979 69 1
2984 69 1
2986 69 1
1 70 309
2 70 271
4 70 304
7 70 312
9 70 279
12 70 309
14 70 299
15 70 285
16 70 307
17 70 279
18 70 289
21 70 314
23 70 279
26 70 281
28 70 321
29 70 262
31 70 277
33 70 269
34 70 302
36 70 303
41 70 319
42 70 286
47 70 296
49 70 326
51 70 263
52 70 285
55 70 267
56 70 294
65 70 294
69 70 279
70 70 319
71 70 300
73 70 275
76 70 303
80 70 299
83 70 303
85 70 316
89 70 301
91 70 291
93 70 319
95 70 297
96 70 276
97 70 273
98 70 280
100 70 278
101 70 285
103 70 315
105 70 262
107 70 262
111 70 270
112 70 287
122 70 271
123 70 274
136 70 290
137 70 282
139 70 297
140 70 256
143 70 298
144 70 280
147 70 270
149 70 275
154 70 265
155 70 287
156 70 262
160 70 280
165 70 269
166 70 260
167 70 256
172 70 232
178 70 271
188 70 248
190 70 267
193 70 246
194 70 279
195 70 237
197 70 271
202 70 270
208 70 293
209 70 283
214 70 274
216 70 239
217 70 252
218 70 242
231 70 257
232 70 269
233 70 265
236 70 276
238 70 233
240 70 247
245 70 257
246 70 225
252 70 235
256 70 262
258 70 264
259 70 256
260 70 261
261 70 273
266 70 286
267 70 263
270 70 233
272 70 254
273 70 281
275 70 275
276 70 235
278 70 250
280 70 262
290 70 261
295 70 253
297 70 238
303 70 247
305 70 230
308 70 254
310 70 240
313 70 253
314 70 234
316 70 240
324 70 269
329 70 257
331 70 256
333 70 267
335 70 240
336 70 238
338 70 240
339 70 225
340 70 241
341 70 257
346 70 251
349 70 236
351 70 257
352 70 245
354 70 231
357 70 212
369 70 257
373 70 231
375 70 226
376 70 260
377 70 222
380 70 215
383 70 228
386 70 215
387 70 211
388 70 230
389 70 241
394 70 195
397 70 234
399 70 227
402 70 203
403 70 234
405 70 260
409 70 210
415 70 207
426 70 210
427 70 222
431 70 220
434 70 194
439 70 248
441 70 206
443 70 251
449 70 206
454 70 234
459 70 213
468 70 216
469 70 208
470 70 223
473 70 191
474 70 200
475 70 223
477 70 225
478 70 226
479 70 212
483 70 225
486 70 205
487 70 213
488 70 210
492 70 215
493 70 201
494 70 219
497 70 210
498 70 192
503 70 178
515 70 203
516 70 202
518 70 219
521 70 211
523 70 224
526 70 169
530 70 203
531 70 192
533 70 203
536 70 188
543 70 211
549 70 195
550 70 195
555 70 200
559 70 188
561 70 194
566 70 196
569 70 224
573 70 195
575 70 211
577 70 194
581 70 193
587 70 214
588 70 203
592 70 197
593 70 197
598 70 195
600 70 186
609 70 178
618 70 176
620 70 185
623 70 169
624 70 195
633 70 164
635 70 174
642 70 185
644 70 166
648 70 172
656 70 191
659 70 173
661 70 166
663 70 181
667 70 163
668 70 206
669 70 178
670 70 184
673 70 198
674 70 192
676 70 181
678 70 187
681 70 198
684 70 178
687 70 174
693 70 190
698 70 176
699 70 173
701 70 178
702 70 185
706 70 169
707 70 171
710 70 182
711 70 171
717 70 175
718 70 173
719 70 179
723 70 207
724 70 184
725 70 187
743 70 170
752 70 161
753 70 180
758 70 169
772 70 163
773 70 137
776 70 154
780 70 155
781 70 149
783 70 158
787 70 158
794 70 154
795 70 145
797 70 180
799 70 159
801 70 149
803 70 161
807 70 157
811 70 166
812 70 139
814 70 153
816 70 156
819 70 139
825 70 177
828 70 169
831 70 153
837 70 151
839 70 162
849 70 168
850 70 154
851 70 176
854 70 162
857 70 187
859 70 142
860 70 165
867 70 167
876 70 150
878 70 137
887 70 147
890 70 127
895 70 139
898 70 132
901 70 146
902 70 137
907 70 176
908 70 156
910 70 157
911 70 167
912 70 169
915 70 155
917 70 150
927 70 140
930 70 125
937 70 148
944 70 131
947 70 156
949 70 143
950 70 161
953 70 142
954 70 141
955 70 145
956 70 137
959 70 133
967 70 135
971 70 154
973 70 140
978 70 131
981 70 113
991 70 126
995 70 140
999 70 138
1000 70 138
1002 70 147
1005 70 126
1011 70 128
1016 70 151
1020 70 132
1021 70 133
1023 70 134
1026 70 143
1036 70 118
1037 70 132
1043 70 133
1045 70 115
1047 70 133
1054 70 130
1062 70 130
1066 70 127
1067 70 151
1069 70 119
1070 70 143
1072 70 131
1073 70 125
1077 70 136
1080 70 141
1081 70 128
1085 70 125
1088 70 111
1089 70 133
1090 70 135
1093 70 148
1102 70 126
1103 70 115
1104 70 137
1110 70 138
1112 70 117
1114 70 143
1121 70 112
1123 70 124
1127 70 117
1141 70 123
1151 70 97
1159 70 89
1161 70 108
1173 70 111
1180 70 125
1181 70 107
1182 70 123
1184 70 111
1193 70 140
1197 70 101
1199 70 108
1201 70 89
1205 70 115
1210 70 127
1222 70 104
1223 70 92
1229 70 89
1231 70 98
1236 70 112
1237 70 100
1239 70 102
1240 70 94
1243 70 101
1245 70 122
1246 70 103
1249 70 108
1251 70 97
1252 70 112
1259 70 119
1263 70 109
1267 70 108
1270 70 97
1284 70 83
1304 70 96
1307 70 92
1311 70 86
1315 70 90
1316 70 104
1318 70 113
1319 70 103
1321 70 100
1322 70 83
1337 70 87
1338 70 116
1342 70 93
1343 70 110
1355 70 93
1356 70 105
1364 70 111
1367 70 90
1370 70 89
1375 70 93
1376 70 96
1379 70 83
1383 70 94
1388 70 97
1390 70 69
1401 70 103
1415 70 88
1423 70 86
1429 70 86
1435 70 71
1443 70 96
1445 70 84
1452 70 66
1458 70 77
1464 70 103
1471 70 93
1472 70 55
1473 70 80
1487 70 80
1489 70 75
1490 70 99
1498 70 84
1501 70 75
1504 70 74
1507 70 73
1515 70 86
1517 70 78
1524 70 74
1525 70 86
1531 70 83
1534 70 70
1535 70 75
1539 70 70
1540 70 71
1543 70 87
1545 70 62
1551 70 77
1553 70 88
1555 70 67
1559 70 70
1563 70 72
1564 70 73
1571 70 67
1585 70 69
1594 70 66
1596 70 70
1598 70 77
1607 70 67
1614 70 67
1617 70 65
1619 70 55
1624 70 70
1634 70 75
1636 70 67
1638 70 69
1655 70 67
1656 70 66
1672 70 79
1676 70 66
1681 70 57
1688 70 64
1695 70 69
1696 70 42
1697 70 68
1700 70 61
1702 70 65
1715 70 57
1722 70 63
1724 70 51
1729 70 52
1735 70 54
1737 70 60
1747 70 58
1757 70 54
1762 70 57
1781 70 64
1788 70 53
1795 70 49
1809 70 45
1813 70 48
1815 70 51
1817 70 49
1824 70 55
1839 70 36
1843 70 46
1856 70 57
1866 70 50
1873 70 39
1876 70 41
1878 70 43
1880 70 35
1886 70 43
1893 70 45
1895 70 44
1898 70 39
1908 70 37
1913 70 47
1930 70 31
1931 70 35
1933 70 34
1935 70 42
1942 70 47
1959 70 35
1963 70 42
1967 70 22
1971 70 40
1981 70 25
1983 70 36
1985 70 37
1986 70 23
1989 70 30
1991 70 28
1998 70 29
2007 70 33
2008 70 26
2009 70 33
2011 70 33
2012 70 42
2014 70 38
2022 70 27
2028 70 36
2029 70 36
2034 70 24
2047 70 37
2055 70 30
2082 70 22
2090 70 29
2098 70 29
2103 70 33
2104 70 26
2108 70 27
2109 70 36
2116 70 22
2119 70 26
2127 70 28
2130 70 32
2131 70 29
2134 70 25
2155 70 17
2157 70 30
2166 70 26
2184 70 20
2198 70 31
2199 70 23
2201 70 34
2217 70 29
2218 70 22
2224 70 17
2230 70 21
2248 70 13
2262 70 16
2269 70 18
2274 70 21
2280 70 19
2281 70 20
2290 70 18
2294 70 13
2299 70 25
2322 70 18
2324 70 9
2330 70 9
2336 70 13
2349 70 12
2350 70 13
2357 70 16
2358 70 18
2362 70 17
2365 70 18
2378 70 12
2382 70 16
2385 70 14
2403 70 9
2407 70 14
2410 70 11
2420 70 13
2424 70 12
2430 70 15
2431 70 11
2441 70 15
2446 70 8
2447 70 10
2449 70 13
2462 70 16
2466 70 18
2470 70 7
2475 70 14
2489 70 15
2490 70 19
2498 70 6
2516 70 12
2518 70 9
2549 70 11
2557 70 10
2586 70 10
2594 70 14
2602 70 6
2608 70 5
2614 70 8
2617 70 7
2633 70 7
2644 70 5
2646 70 5
2649 70 8
2653 70 4
2658 70 2
2660 70 7
2664 70 4
2678 70 7
2683 70 3
2690 70 5
2699 70 4
2707 70 5
2711 70 8
2732 70 3
2745 70 2
2764 70 5
2788 70 3
2792 70 1
2798 70 3
2806 70 4
2825 70 2
2828 70 1
2830 70 1
2834 70 4
2837 70 3
2857 70 5
2860 70 1
2873 70 2
2887 70 1
2910 70 3
2912 70 3
2920 70 1
2929 70 1
2941 70 1
2943 70 1
2946 70 2
2954 70 1
2958 70 2
2961 70 1
2978 70 1
1 71 301
2 71 288
3 71 328
4 71 295
7 71 297
9 71 321
11 71 284
12 71 272
18 71 288
21 71 300
23 71 275
24 71 317
26 71 282
28 71 298
29 71 301
32 71 274
36 71 297
37 71 278
38 71 305
45 71 290
46 71 297
47 71 281
48 71 322
49 71 291
50 71 324
52 71 286
54 71 247
55 71 300
57 71 288
58 71 303
59 71 264
64 71 312
66 71 292
69 71 297
71 71 270
74 71 297
75 71 308
78 71 266
79 71 274
80 71 271
83 71 286
84 71 317
85 71 289
87 71 289
89 71 281
90 71 312
94 71 275
97 71 273
103 71 310
104 71 285
106 71 273
107 71 276
109 71 279
112 71 287
113 71 272
114 71 288
119 71 277
120 71 256
121 71 242
122 71 254
125 71 248
126 71 273
127 71 282
128 71 269
129 71 272
130 71 252
131 71 297
133 71 283
134 71 254
135 71 293
139 71 252
140 71 261
143 71 286
145 71 270
148 71 252
152 71 267
153 71 271
155 71 265
157 71 258
158 71 300
159 71 274
160 71 294
161 71 252
164 71 266
167 71 293
168 71 258
171 71 263
174 71 294
176 71 256
178 71 287
181 71 263
183 71 249
184 71 260
188 71 252
189 71 272
190 71 270
191 71 296
192 71 255
193 71 244
196 71 282
198 71 281
200 71 257
205 71 278
207 71 274
209 71 235
214 71 262
215 71 267
216 71 236
217 71 263
219 71 266
223 71 271
224 71 248
226 71 259
229 71 239
231 71 240
235 71 212
244 71 288
247 71 267
248 71 272
251 71 286
253 71 270
261 71 248
263 71 275
265 71 276
269 71 288
270 71 261
273 71 223
276 71 266
279 71 273
280 71 269
281 71 260
282 71 260
283 71 264
284 71 245
286 71 239
288 71 222
289 71 255
290 71 224
291 71 251
296 71 270
297 71 249
298 71 233
299 71 241
301 71 242
303 71 226
304 71 257
306 71 256
307 71 248
314 71 256
315 71 242
316 71 242
317 71 257
318 71 226
319 71 241
322 71 242
323 71 258
330 71 233
331 71 232
333 71 228
334 71 244
339 71 270
340 71 232
342 71 237
348 71 255
350 71 226
354 71 234
356 71 239
361 71 247
363 71 245
366 71 234
369 71 231
370 71 243
377 71 215
378 71 238
379 71 228
381 71 231
382 71 231
388 71 245
389 71 246
390 71 223
391 71 234
392 71 230
396 71 234
397 71 225
401 71 249
403 71 214
404 71 219
409 71 227
412 71 264
422 71 218
425 71 207
427 71 215
433 71 234
434 71 195
438 71 232
440 71 187
443 71 217
448 71 209
451 71 220
453 71 180
455 71 208
463 71 193
465 71 213
468 71 208
477 71 218
481 71 228
482 71 217
485 71 202
486 71 204
487 71 240
488 71 206
492 71 204
495 71 230
500 71 222
502 71 225
504 71 227
505 71 199
506 71 195
507 71 217
509 71 190
511 71 223
516 71 222
519 71 235
520 71 209
522 71 224
524 71 198
531 71 214
535 71 195
536 71 209
537 71 178
538 71 209
539 71 216
540 71 222
543 71 218
544 71 206
547 71 222
550 71 179
555 71 218
558 71 206
559 71 204
560 71 224
566 71 200
571 71 197
572 71 182
573 71 194
577 71 178
578 71 201
583 71 186
586 71 192
587 71 184
589 71 186
591 71 192
592 71 190
597 71 204
600 71 198
601 71 200
606 71 177
609 71 199
614 71 195
615 71 199
616 71 183
618 71 186
625 71 182
627 71 205
629 71 186
630 71 206
631 71 202
632 71 169
634 71 171
635 71 203
636 71 187
639 71 182
640 71 182
646 71 191
649 71 184
650 71 223
655 71 174
656 71 175
658 71 200
659 71 163
660 71 168
661 71 214
662 71 168
667 71 175
668 71 205
676 71 191
678 71 180
687 71 193
688 71 163
699 71 178
700 71 167
701 71 162
705 71 185
710 71 165
721 71 181
726 71 184
728 71 198
730 71 187
731 71 170
735 71 178
739 71 169
744 71 147
748 71 174
753 71 164
754 71 186
756 71 185
757 71 176
758 71 165
760 71 147
761 71 171
763 71 188
766 71 176
772 71 162
775 71 170
776 71 152
780 71 146
782 71 151
783 71 170
788 71 180
789 71 180
791 71 163
792 71 176
798 71 171
802 71 169
806 71 164
811 71 171
817 71 165
822 71 133
827 71 174
829 71 162
834 71 163
839 71 148
840 71 154
842 71 155
847 71 169
850 71 157
851 71 171
853 71 161
857 71 161
858 71 139
859 71 158
860 71 166
865 71 145
872 71 143
878 71 143
895 71 134
899 71 137
900 71 158
902 71 180
907 71 142
912 71 151
913 71 143
921 71 160
923 71 137
927 71 148
934 71 131
946 71 145
949 71 166
951 71 164
952 71 143
953 71 125
957 71 158
959 71 159
962 71 125
963 71 138
965 71 124
968 71 144
971 71 144
973 71 138
976 71 145
978 71 131
980 71 136
984 71 130
987 71 132
992 71 121
999 71 125
1002 71 134
1003 71 133
1004 71 126
1006 71 132
1011 71 139
1022 71 127
1026 71 131
1029 71 125
1031 71 132
1035 71 115
1036 71 146
1039 71 131
1048 71 131
1053 71 138
1059 71 145
1061 71 107
1072 71 129
1081 71 128
1090 71 130
1098 71 118
1100 71 103
1104 71 122
1117 71 116
1120 71 111
1124 71 101
1128 71 116
1130 71 119
1133 71 112
1138 71 138
1139 71 127
1147 71 108
1154 71 108
1157 71 126
1158 71 111
1161 71 113
1165 71 116
1168 71 112
1172 71 110
1181 71 106
1185 71 121
1187 71 115
1189 71 107
1192 71 127
1195 71 117
1200 71 112
1207 71 109
1209 71 108
1215 71 141
1221 71 101
1223 71 99
1228 71 96
1238 71 123
1240 71 95
1241 71 113
1246 71 103
1248 71 102
1249 71 91
1250 71 91
1264 71 110
1266 71 103
1275 71 94
1276 71 113
1295 71 86
1297 71 98
1307 71 104
1319 71 84
1322 71 87
1325 71 108
1330 71 85
1342 71 90
1357 71 99
1359 71 94
1363 71 100
1367 71 104
1369 71 90
1373 71 84
1382 71 112
1384 71 87
1386 71 84
1400 71 93
1409 71 98
1410 71 74
1427 71 90
1428 71 89
1432 71 86
1447 71 81
1451 71 87
1452 71 71
1465 71 66
1467 71 83
1469 71 88
1473 71 85
1474 71 89
1476 71 91
1480 71 84
1482 71 79
1487 71 84
1488 71 70
1495 71 79
1518 71 59
1520 71 56
1523 71 74
1536 71 78
1539 71 62
1547 71 74
1553 71 69
1556 71 97
1559 71 83
1569 71 77
1577 71 56
1591 71 73
1596 71 61
1600 71 64
1610 71 61
1612 71 62
1614 71 57
1617 71 59
1621 71 67
1622 71 67
1631 71 69
1633 71 56
1635 71 72
1644 71 56
1648 71 60
1649 71 63
1650 71 67
1655 71 61
1660 71 64
1662 71 72
1670 71 60
1673 71 80
1678 71 73
1683 71 87
1685 71 46
1688 71 64
1697 71 60
1698 71 46
1703 71 58
1707 71 69
1723 71 50
1725 71 51
1735 71 49
1739 71 47
1743 71 61
1744 71 63
1749 71 58
1752 71 47
1754 71 57
1756 71 53
1772 71 39
1779 71 52
1782 71 57
1790 71 47
1794 71 53
1795 71 48
1796 71 58
1800 71 42
1801 71 49
1803 71 40
1806 71 51
1807 71 63
1809 71 60
1811 71 57
1814 71 43
1815 71 37
1832 71 39
1843 71 45
1846 71 42
1853 71 39
1857 71 42
1878 71 49
1886 71 45
1901 71 45
1910 71 47
1911 71 41
1917 71 45
1931 71 36
1933 71 38
1947 71 26
1949 71 41
1952 71 52
1966 71 44
1974 71 37
1992 71 37
1998 71 37
2003 71 43
2005 71 41
2008 71 41
2009 71 36
2021 71 36
2028 71 37
2040 71 29
2049 71 28
2054 71 31
2059 71 42
2068 71 25
2072 71 20
2073 71 34
2079 71 30
2087 71 32
2090 71 26
2112 71 26
2114 71 35
2115 71 28
2118 71 35
2122 71 32
2127 71 32
2136 71 38
2140 71 27
2149 71 23
2153 71 19
2157 71 23
2162 71 30
2164 71 25
2178 71 27
2183 71 28
2189 71 25
2194 71 18
2205 71 23
2206 71 27
2219 71 10
2229 71 23
2245 71 24
2258 71 15
2281 71 19
2284 71 24
2291 71 18
2309 71 25
2310 71 21
2314 71 23
2316 71 14
2318 71 12
2323 71 11
2339 71 17
2358 71 19
2367 71 17
2372 71 12
2378 71 15
2383 71 13
2384 71 18
2389 71 12
2397 71 11
2399 71 11
2406 71 17
2411 71 19
2432 71 9
2436 71 11
2442 71 7
2451 71 7
2457 71 13
2462 71 6
2466 71 10
2476 71 9
2481 71 8
2484 71 14
2496 71 14
2497 71 6
2512 71 8
2531 71 8
2544 71 8
2545 71 11
2569 71 6
2589 71 7
2597 71 7
2604 71 4
2605 71 8
2607 71 6
2611 71 5
2617 71 9
2639 71 3
2662 71 6
2663 71 7
2670 71 4
2682 71 3
2692 71 5
2699 71 7
2708 71 7
2734 71 4
2738 71 2
2752 71 5
2779 71 2
2784 71 2
2793 71 3
2806 71 1
2820 71 1
2825 71 2
2828 71 4
2829 71 3
2844 71 2
2852 71 3
2873 71 1
2875 71 1
2876 71 3
2888 71 4
2889 71 1
2924 71 1
2936 71 1
2940 71 1
2944 71 1
2961 71 1
2965 71 1
2966 71 1
2967 71 1
2971 71 1
2974 71 1
1 72 301
4 72 262
5 72 296
7 72 311
10 72 315
16 72 322
17 72 269
18 72 282
20 72 322
25 72 317
27 72 310
28 72 269
29 72 303
30 72 304
31 72 305
33 72 332
34 72 306
36 72 293
38 72 287
40 72 290
41 72 307
43 72 277
44 72 278
45 72 304
46 72 267
47 72 327
49 72 292
50 72 268
51 72 278
52 72 335
58 72 257
59 72 313
60 72 319
61 72 296
63 72 300
64 72 308
65 72 322
67 72 309
69 72 276
70 72 293
73 72 267
75 72 261
82 72 289
83 72 285
84 72 299
92 72 275
93 72 281
98 72 291
99 72 296
102 72 259
104 72 294
105 72 297
106 72 280
108 72 264
109 72 266
112 72 254
119 72 284
124 72 285
129 72 275
130 72 289
131 72 290
135 72 273
139 72 282
144 72 278
145 72 284
148 72 289
149 72 273
150 72 280
156 72 299
157 72 277
158 72 258
159 72 274
160 72 245
162 72 253
164 72 267
166 72 277
169 72 250
170 72 295
171 72 275
173 72 272
174 72 285
175 72 299
176 72 283
177 72 257
178 72 276
182 72 277
184 72 271
185 72 289
188 72 263
189 72 257
190 72 272
191 72 297
192 72 273
196 72 283
198 72 278
200 72 254
204 72 257
205 72 253
206 72 238
207 72 273
214 72 275
218 72 258
220 72 244
221 72 268
223 72 276
225 72 264
226 72 254
227 72 268
233 72 258
234 72 276
239 72 252
240 72 270
241 72 239
242 72 240
243 72 276
245 72 237
248 72 260
249 72 236
254 72 263
257 72 267
259 72 300
265 72 259
275 72 250
277 72 262
281 72 236
285 72 259
289 72 261
291 72 260
294 72 242
296 72 250
299 72 251
307 72 257
310 72 235
313 72 242
316 72 236
317 72 249
320 72 253
325 72 268
329 72 238
331 72 252
336 72 224
340 72 204
344 72 258
351 72 243
352 72 246
353 72 223
354 72 236
358 72 258
359 72 251
364 72 237
366 72 224
367 72 226
368 72 225
371 72 248
372 72 210
375 72 267
376 72 231
378 72 216
379 72 228
382 72 204
384 72 209
388 72 224
389 72 205
391 72 214
392 72 244
398 72 211
400 72 219
402 72 213
403 72 222
407 72 236
409 72 259
411 72 226
412 72 257
414 72 243
418 72 206
419 72 214
421 72 225
422 72 234
426 72 202
427 72 215
428 72 242
430 72 211
431 72 224
432 72 211
434 72 187
442 72 216
444 72 199
446 72 233
450 72 209
459 72 222
461 72 199
462 72 203
467 72 221
469 72 200
470 72 217
477 72 213
478 72 226
479 72 223
482 72 201
486 72 210
487 72 240
490 72 205
491 72 192
499 72 209
502 72 206
503 72 186
504 72 170
508 72 185
509 72 216
511 72 226
513 72 193
514 72 198
516 72 187
518 72 184
526 72 217
527 72 222
531 72 208
534 72 188
537 72 208
540 72 198
542 72 204
543 72 193
547 72 185
549 72 220
551 72 191
555 72 200
559 72 204
560 72 223
566 72 227
569 72 196
573 72 198
575 72 162
576 72 177
578 72 229
581 72 200
583 72 212
595 72 205
597 72 219
598 72 176
601 72 217
602 72 193
603 72 191
606 72 205
608 72 182
611 72 211
612 72 204
616 72 221
617 72 175
619 72 165
620 72 192
621 72 185
622 72 185
627 72 158
634 72 198
635 72 213
636 72 207
638 72 188
642 72 164
643 72 180
644 72 203
645 72 197
646 72 163
647 72 178
650 72 189
651 72 155
653 72 174
657 72 169
659 72 174
661 72 210
662 72 179
664 72 189
668 72 188
674 72 211
675 72 189
678 72 185
679 72 185
682 72 161
685 72 157
687 72 166
688 72 189
690 72 184
697 72 175
699 72 168
701 72 176
707 72 176
711 72 153
715 72 173
716 72 149
718 72 171
720 72 166
722 72 152
723 72 164
726 72 166
729 72 174
732 72 169
736 72 185
739 72 148
746 72 153
753 72 170
760 72 194
765 72 141
768 72 177
769 72 169
771 72 175
779 72 169
788 72 148
789 72 159
791 72 159
792 72 164
793 72 158
799 72 173
807 72 177
813 72 146
815 72 138
817 72 170
818 72 148
827 72 162
831 72 157
833 72 140
836 72 177
840 72 159
845 72 153
853 72 149
856 72 165
857 72 159
864 72 169
865 72 128
868 72 157
874 72 141
876 72 152
877 72 158
882 72 164
888 72 139
891 72 157
892 72 142
895 72 129
896 72 163
899 72 173
903 72 132
906 72 145
909 72 138
911 72 167
913 72 134
915 72 139
918 72 144
923 72 153
927 72 173
930 72 172
937 72 154
938 72 153
941 72 139
944 72 153
949 72 138
950 72 139
951 72 135
960 72 139
963 72 137
965 72 106
966 72 135
969 72 146
970 72 148
979 72 128
980 72 148
990 72 141
996 72 126
999 72 117
1003 72 138
1005 72 115
1008 72 137
1010 72 118
1014 72 140
1020 72 149
1021 72 144
1026 72 146
1030 72 128
1036 72 125
1037 72 156
1042 72 132
1043 72 113
1052 72 137
1054 72 136
1056 72 128
1057 72 125
1058 72 128
1061 72 116
1063 72 135
1075 72 108
1080 72 115
1084 72 139
1085 72 123
1086 72 127
1087 72 148
1090 72 106
1091 72 118
1092 72 114
1103 72 116
1104 72 113
1105 72 109
1107 72 112
1119 72 129
1123 72 109
1126 72 130
1127 72 127
1130 72 123
1133 72 115
1136 72 117
1149 72 131
1151 72 132
1154 72 129
1174 72 113
1177 72 112
1187 72 105
1190 72 105
1191 72 139
1193 72 94
1196 72 119
1200 72 118
1201 72 132
1204 72 93
1212 72 103
1226 72 115
1230 72 105
1234 72 101
1244 72 115
1247 72 108
1249 72 103
1274 72 110
1275 72 111
1283 72 109
1290 72 98
1291 72 92
1294 72 100
1308 72 97
1310 72 99
1311 72 117
1314 72 82
1322 72 91
1327 72 95
1328 72 85
1330 72 86
1331 72 96
1337 72 112
1343 72 74
1345 72 91
1362 72 95
1364 72 105
1366 72 106
1373 72 80
1379 72 92
1380 72 86
1386 72 105
1394 72 94
1396 72 81
1397 72 84
1398 72 81
1404 72 98
1407 72 88
1410 72 85
1411 72 96
1412 72 67
1413 72 83
1415 72 87
1416 72 73
1427 72 84
1434 72 85
1435 72 68
1439 72 84
1444 72 94
1449 72 87
1456 72 86
1461 72 95
1471 72 74
1472 72 87
1478 72 74
1496 72 87
1502 72 84
1510 72 58
1511 72 76
1518 72 69
1530 72 68
1533 72 71
1546 72 74
1553 72 79
1559 72 75
1572 72 72
1574 72 59
1579 72 68
1583 72 62
1589 72 53
1598 72 67
1603 72 62
1616 72 76
1618 72 66
1620 72 64
1627 72 73
1629 72 67
1630 72 62
1631 72 62
1654 72 53
1658 72 63
1661 72 68
1663 72 61
1666 72 77
1667 72 55
1670 72 53
1679 72 68
1682 72 72
1692 72 63
1714 72 51
1716 72 52
1727 72 52
1733 72 50
1735 72 45
1741 72 52
1745 72 48
1747 72 58
1768 72 61
1772 72 55
1773 72 41
1779 72 53
1784 72 49
1791 72 46
1794 72 57
1795 72 40
1797 72 48
1798 72 51
1799 72 37
1812 72 46
1817 72 42
1822 72 52
1823 72 49
1824 72 53
1828 72 43
1833 72 42
1860 72 48
1866 72 38
1874 72 53
1875 72 39
1878 72 47
1879 72 45
1886 72 41
1889 72 44
1891 72 51
1893 72 52
1908 72 57
1909 72 38
1910 72 41
1911 72 50
1912 72 38
1917 72 47
1925 72 44
1927 72 40
1941 72 42
1949 72 34
1965 72 33
1971 72 37
1974 72 40
1978 72 32
1983 72 35
1989 72 39
1996 72 35
2000 72 28
2004 72 24
2021 72 35
2047 72 36
2055 72 28
2058 72 32
2063 72 27
2066 72 35
2070 72 39
2072 72 27
2080 72 35
2100 72 30
2122 72 28
2128 72 22
2133 72 22
2135 72 24
2142 72 27
2152 72 30
2154 72 30
2161 72 21
2165 72 25
2170 72 20
2172 72 23
2178 72 26
2182 72 18
2186 72 26
2190 72 35
2200 72 20
2201 72 27
2206 72 21
2209 72 29
2219 72 20
2238 72 25
2242 72 26
2269 72 25
2279 72 17
2290 72 17
2296 72 21
2297 72 16
2301 72 17
2303 72 19
2312 72 21
2315 72 13
2317 72 19
2320 72 21
2330 72 19
2340 72 16
2354 72 11
2357 72 22
2361 72 19
2366 72 20
2369 72 18
2371 72 7
2383 72 14
2387 72 16
2389 72 16
2417 72 12
2429 72 9
2432 72 10
2433 72 14
2437 72 16
2450 72 12
2458 72 10
2475 72 19
2486 72 13
2506 72 12
2526 72 11
2536 72 10
2554 72 9
2560 72 5
2581 72 6
2587 72 13
2590 72 7
2597 72 9
2621 72 6
2633 72 5
2643 72 4
2645 72 7
2660 72 2
2662 72 8
2683 72 5
2709 72 4
2710 72 8
2720 72 5
2721 72 2
2726 72 4
2736 72 4
2743 72 3
2746 72 2
2779 72 4
2785 72 6
2793 72 4
2797 72 5
2806 72 2
2818 72 2
2821 72 2
2823 72 2
2827 72 1
2831 72 2
2838 72 1
2842 72 1
2869 72 1
2886 72 3
2891 72 3
2894 72 1
2901 72 1
2928 72 1
2933 72 1
2938 72 1
2942 72 1
2946 72 1
2954 72 1
2956 72 1
2959 72 1
2961 72 1
2966 72 1
2968 72 1
2973 72 1
2975 72 1
2976 72 1
2994 72 1
0 73 289
5 73 306
7 73 287
10 73 320
11 73 283
16 73 321
22 73 291
23 73 284
26 73 282
27 73 297
28 73 278
30 73 300
40 73 287
41 73 288
45 73 268
48 73 321
49 73 263
50 73 312
51 73 291
52 73 291
62 73 278
66 73 282
70 73 276
72 73 287
73 73 308
77 73 289
79 73 269
82 73 306
83 73 285
86 73 302
88 73 268
91 73 265
105 73 256
111 73 285
113 73 284
116 73 266
121 73 266
126 73 282
128 73 266
129 73 267
132 73 274
133 73 279
135 73 283
136 73 259
139 73 281
140 73 263
141 73 295
142 73 280
143 73 250
145 73 298
146 73 207
148 73 287
149 73 280
151 73 268
157 73 260
158 73 253
163 73 280
169 73 261
171 73 267
172 73 236
176 73 238
178 73 257
179 73 251
181 73 261
182 73 253
183 73 278
188 73 284
192 73 282
193 73 287
196 73 261
199 73 252
201 73 278
206 73 247
210 73 261
215 73 250
216 73 244
219 73 267
222 73 266
224 73 259
226 73 223
230 73 243
232 73 220
235 73 238
240 73 257
241 73 228
243 73 281
244 73 252
246 73 236
247 73 252
248 73 263
250 73 245
251 73 257
260 73 241
262 73 263
264 73 267
267 73 253
268 73 247
270 73 237
275 73 275
276 73 245
283 73 248
290 73 242
292 73 251
294 73 241
295 73 249
297 73 237
298 73 239
302 73 237
304 73 209
307 73 260
309 73 242
310 73 220
311 73 264
314 73 230
315 73 232
319 73 256
320 73 235
322 73 259
325 73 238
332 73 247
333 73 252
334 73 248
335 73 229
338 73 223
343 73 228
345 73 207
348 73 215
349 73 225
350 73 240
351 73 246
352 73 210
357 73 259
358 73 228
360 73 210
361 73 260
362 73 212
364 73 251
366 73 241
375 73 222
377 73 245
383 73 237
386 73 206
395 73 251
396 73 232
397 73 232
399 73 239
400 73 196
401 73 254
405 73 242
406 73 206
414 73 214
415 73 224
416 73 235
422 73 219
425 73 223
430 73 216
436 73 207
438 73 239
439 73 242
444 73 217
445 73 189
447 73 209
454 73 225
462 73 202
464 73 219
467 73 183
473 73 233
476 73 216
478 73 235
482 73 191
484 73 198
488 73 200
489 73 224
491 73 197
494 73 197
495 73 202
496 73 200
498 73 213
499 73 236
501 73 202
503 73 230
507 73 196
512 73 210
513 73 237
517 73 191
519 73 189
525 73 224
529 73 199
530 73 207
532 73 231
533 73 218
538 73 189
540 73 198
543 73 190
549 73 187
550 73 210
552 73 215
554 73 207
555 73 203
561 73 193
564 73 204
565 73 199
571 73 228
573 73 173
579 73 178
583 73 174
588 73 187
589 73 188
592 73 193
596 73 214
601 73 186
603 73 190
605 73 185
608 73 192
612 73 186
619 73 210
620 73 205
621 73 182
623 73 223
625 73 206
628 73 168
631 73 193
633 73 179
643 73 159
644 73 196
650 73 184
656 73 191
659 73 181
661 73 167
665 73 199
668 73 205
669 73 183
670 73 183
673 73 181
675 73 171
676 73 181
679 73 162
688 73 182
692 73 204
695 73 177
697 73 169
701 73 175
704 73 196
708 73 193
711 73 161
714 73 179
715 73 181
716 73 189
718 73 175
719 73 199
723 73 161
725 73 193
729 73 179
730 73 159
735 73 162
736 73 194
740 73 188
744 73 201
745 73 174
748 73 169
750 73 187
751 73 173
753 73 186
757 73 176
760 73 164
769 73 156
773 73 178
776 73 170
782 73 182
787 73 152
788 73 156
791 73 161
792 73 148
795 73 154
801 73 168
803 73 163
811 73 150
812 73 179
816 73 159
817 73 182
818 73 164
821 73 181
827 73 156
830 73 174
836 73 148
837 73 148
838 73 147
840 73 160
845 73 151
849 73 158
850 73 140
856 73 179
858 73 151
859 73 149
862 73 146
866 73 156
867 73 158
871 73 124
873 73 154
881 73 156
884 73 138
887 73 156
889 73 144
891 73 164
896 73 164
897 73 151
898 73 170
899 73 139
905 73 142
906 73 157
911 73 148
914 73 133
920 73 128
925 73 146
926 73 121
934 73 144
935 73 172
936 73 155
942 73 137
949 73 133
950 73 147
954 73 129
959 73 143
963 73 151
965 73 122
968 73 141
971 73 136
976 73 143
978 73 133
982 73 134
988 73 128
990 73 131
991 73 137
998 73 132
999 73 124
1002 73 126
1004 73 116
1007 73 137
1011 73 127
1012 73 151
1014 73 136
1015 73 140
1016 73 145
1021 73 133
1026 73 115
1031 73 129
1040 73 136
1046 73 139
1048 73 128
1051 73 154
1061 73 129
1066 73 115
1071 73 138
1081 73 127
1086 73 116
1087 73 112
1094 73 126
1096 73 119
1108 73 115
1111 73 135
1112 73 123
1122 73 115
1136 73 148
1137 73 127
1139 73 110
1152 73 115
1155 73 107
1156 73 120
1160 73 132
1162 73 114
1163 73 112
1172 73 109
1177 73 138
1178 73 115
1186 73 127
1188 73 120
1189 73 108
1191 73 119
1203 73 100
1212 73 115
1218 73 106
1220 73 123
1224 73 102
1227 73 114
1231 73 106
1238 73 106
1239 73 94
1242 73 111
1253 73 97
1254 73 101
1256 73 85
1258 73 107
1259 73 100
1260 73 103
1266 73 115
1270 73 108
1271 73 103
1272 73 89
1273 73 92
1280 73 104
1283 73 105
1288 73 97
1294 73 100
1297 73 91
1298 73 98
1299 73 94
1303 73 86
1306 73 88
1307 73 87
1311 73 104
1312 73 94
1321 73 98
1323 73 104
1327 73 95
1329 73 89
1333 73 82
1334 73 116
1335 73 100
1349 73 104
1375 73 101
1376 73 89
1378 73 87
1383 73 95
1384 73 109
1391 73 89
1393 73 75
1394 73 95
1395 73 91
1401 73 84
1404 73 92
1408 73 91
1413 73 75
1423 73 73
1426 73 83
1429 73 80
1433 73 89
1435 73 85
1438 73 99
1441 73 73
1442 73 75
1444 73 92
1461 73 83
1462 73 80
1466 73 82
1469 73 84
1490 73 69
1495 73 74
1504 73 74
1507 73 83
1514 73 75
1515 73 66
1516 73 79
1519 73 77
1520 73 78
1521 73 77
1525 73 83
1527 73 64
1528 73 74
1529 73 81
1542 73 64
1546 73 71
1553 73 65
1557 73 71
1562 73 71
1570 73 69
1575 73 52
1576 73 78
1577 73 66
1580 73 67
1584 73 80
1588 73 59
1595 73 66
1612 73 64
1613 73 67
1616 73 72
1634 73 59
1637 73 70
1638 73 74
1641 73 64
1643 73 65
1657 73 61
1661 73 70
1674 73 62
1679 73 68
1680 73 60
1685 73 55
1695 73 56
1700 73 72
1707 73 58
1712 73 61
1715 73 76
1722 73 41
1724 73 72
1725 73 49
1735 73 61
1740 73 48
1755 73 57
1761 73 57
1769 73 49
1776 73 66
1804 73 51
1806 73 47
1816 73 53
1817 73 58
1824 73 63
1828 73 44
1831 73 55
1832 73 52
1846 73 53
1849 73 54
1852 73 39
1860 73 41
1868 73 52
1871 73 44
1883 73 47
1884 73 47
1889 73 41
1895 73 36
1908 73 46
1910 73 54
1914 73 50
1916 73 40
1921 73 38
1928 73 28
1953 73 37
1958 73 40
1960 73 33
1965 73 42
1971 73 37
1974 73 36
1977 73 47
1978 73 36
1984 73 31
1986 73 41
1988 73 32
1993 73 44
2003 73 30
2035 73 19
2039 73 39
2046 73 36
2056 73 27
2065 73 39
2070 73 31
2074 73 30
2080 73 29
2099 73 34
2103 73 40
2104 73 21
2111 73 29
2131 73 25
2136 73 23
2165 73 26
2171 73 24
2175 73 27
2182 73 29
2183 73 29
2206 73 33
2218 73 22
2225 73 25
2228 73 23
2239 73 19
2243 73 15
2251 73 22
2266 73 20
2270 73 29
2276 73 17
2278 73 20
2288 73 23
2297 73 26
2300 73 26
2304 73 22
2320 73 17
2321 73 25
2322 73 22
2326 73 14
2327 73 19
2339 73 18
2345 73 15
2349 73 22
2364 73 13
2365 73 12
2371 73 14
2375 73 19
2386 73 18
2393 73 13
2394 73 16
2398 73 16
2411 73 11
2412 73 9
2437 73 14
2442 73 8
2458 73 8
2461 73 12
2464 73 15
2466 73 14
2469 73 9
2476 73 8
2488 73 13
2500 73 7
2502 73 9
2517 73 11
2533 73 7
2540 73 10
2542 73 8
2544 73 6
2552 73 15
2553 73 9
2565 73 9
2590 73 11
2592 73 8
2595 73 3
2620 73 5
2623 73 3
2643 73 4
2653 73 6
2656 73 7
2693 73 5
2704 73 4
2709 73 1
2718 73 5
2727 73 3
2729 73 2
2749 73 4
2755 73 4
2756 73 2
2760 73 3
2769 73 3
2771 73 3
2772 73 4
2779 73 1
2786 73 4
2808 73 2
2811 73 1
2841 73 2
2846 73 2
2856 73 2
2864 73 3
2866 73 1
2869 73 2
2883 73 2
2891 73 2
2923 73 1
2932 73 2
2933 73 2
2945 73 1
2948 73 1
2954 73 1
2955 73 1
2970 73 1
2973 73 1
2987 73 1
0 74 311
1 74 297
5 74 326
6 74 299
9 74 280
12 74 329
13 74 284
14 74 274
15 74 288
17 74 301
19 74 264
22 74 279
24 74 310
25 74 276
27 74 288
28 74 277
29 74 270
31 74 285
32 74 288
33 74 323
35 74 301
38 74 274
39 74 310
40 74 286
41 74 302
42 74 306
43 74 274
45 74 302
53 74 287
54 74 265
58 74 307
62 74 305
66 74 297
67 74 278
69 74 292
73 74 302
75 74 291
77 74 269
80 74 277
83 74 230
84 74 298
86 74 302
87 74 281
90 74 285
92 74 299
96 74 288
98 74 277
101 74 289
103 74 298
104 74 279
105 74 259
107 74 283
111 74 285
112 74 241
113 74 283
114 74 247
116 74 307
118 74 268
119 74 271
125 74 312
126 74 273
127 74 272
132 74 302
133 74 253
135 74 275
136 74 275
139 74 256
140 74 282
143 74 262
149 74 290
150 74 281
151 74 257
155 74 260
158 74 260
159 74 246
160 74 258
161 74 250
162 74 251
164 74 258
165 74 278
167 74 249
169 74 278
172 74 275
173 74 287
176 74 307
180 74 240
182 74 259
184 74 259
188 74 258
190 74 263
191 74 288
192 74 262
194 74 256
200 74 265
202 74 257
208 74 249
209 74 263
211 74 256
212 74 240
218 74 279
221 74 268
225 74 252
227 74 241
228 74 251
230 74 264
231 74 249
234 74 258
237 74 281
238 74 260
239 74 269
242 74 246
245 74 263
246 74 278
248 74 248
250 74 235
260 74 260
263 74 252
272 74 232
275 74 226
283 74 257
287 74 253
289 74 260
290 74 251
294 74 227
299 74 223
302 74 238
309 74 229
318 74 251
322 74 266
323 74 216
325 74 230
326 74 222
330 74 227
332 74 248
336 74 256
340 74 224
341 74 221
345 74 227
352 74 238
356 74 243
359 74 246
363 74 232
364 74 227
371 74 218
374 74 251
375 74 225
377 74 225
382 74 196
384 74 215
385 74 227
386 74 228
387 74 221
392 74 234
396 74 210
397 74 232
401 74 242
403 74 213
405 74 217
406 74 221
410 74 226
414 74 216
415 74 228
422 74 204
424 74 255
425 74 216
427 74 229
429 74 211
430 74 198
439 74 197
441 74 250
442 74 257
444 74 240
446 74 212
453 74 234
455 74 235
456 74 223
461 74 201
462 74 211
467 74 220
470 74 202
471 74 216
473 74 199
476 74 207
477 74 216
479 74 204
483 74 210
485 74 219
486 74 204
487 74 244
506 74 219
507 74 218
512 74 170
518 74 208
519 74 206
524 74 219
529 74 195
530 74 214
531 74 195
533 74 186
534 74 183
536 74 196
537 74 197
540 74 198
542 74 203
548 74 210
552 74 209
555 74 183
556 74 189
564 74 195
565 74 217
568 74 212
571 74 183
573 74 193
577 74 197
584 74 193
589 74 206
590 74 195
591 74 209
592 74 177
595 74 194
596 74 184
600 74 215
604 74 193
606 74 205
607 74 174
608 74 213
617 74 195
623 74 193
624 74 189
626 74 155
628 74 162
631 74 187
632 74 157
637 74 179
638 74 202
641 74 201
645 74 174
647 74 174
648 74 190
651 74 186
655 74 195
657 74 185
658 74 187
665 74 162
667 74 214
668 74 169
670 74 164
672 74 181
684 74 167
692 74 170
700 74 152
702 74 182
704 74 191
706 74 193
711 74 191
717 74 179
726 74 176
728 74 171
736 74 173
739 74 181
742 74 186
748 74 154
749 74 200
754 74 160
757 74 165
762 74 159
769 74 180
770 74 151
778 74 175
780 74 181
782 74 188
788 74 149
791 74 169
792 74 159
800 74 136
802 74 170
805 74 154
806 74 194
809 74 149
815 74 181
817 74 128
821 74 159
827 74 172
828 74 163
829 74 151
832 74 141
836 74 145
837 74 164
839 74 152
842 74 156
843 74 155
848 74 146
850 74 173
851 74 146
853 74 159
858 74 159
871 74 163
872 74 152
874 74 148
875 74 173
880 74 141
884 74 160
886 74 156
892 74 149
896 74 149
905 74 123
913 74 127
921 74 145
922 74 147
923 74 147
933 74 162
939 74 150
940 74 149
963 74 144
966 74 135
969 74 148
974 74 133
982 74 115
985 74 123
989 74 136
990 74 124
994 74 125
995 74 136
998 74 137
999 74 126
1000 74 143
1004 74 130
1005 74 140
1006 74 134
1011 74 143
1012 74 126
1015 74 146
1017 74 140
1023 74 145
1026 74 116
1034 74 122
1039 74 133
1047 74 125
1048 74 127
1058 74 118
1065 74 150
1069 74 139
1073 74 138
1077 74 132
1078 74 136
1080 74 136
1084 74 155
1085 74 119
1086 74 125
1087 74 116
1089 74 135
1093 74 120
1094 74 127
1096 74 118
1098 74 118
1104 74 119
1106 74 132
1107 74 119
1109 74 112
1113 74 96
1118 74 124
1123 74 110
1125 74 108
1127 74 107
1133 74 113
1137 74 114
1149 74 119
1150 74 101
1157 74 106
1158 74 114
1163 74 133
1164 74 120
1168 74 124
1170 74 127
1174 74 114
1183 74 114
1190 74 120
1191 74 122
1197 74 118
1199 74 109
1201 74 103
1204 74 106
1205 74 120
1212 74 106
1215 74 95
1217 74 106
1219 74 112
1222 74 93
1227 74 110
1228 74 101
1234 74 106
1238 74 100
1239 74 116
1240 74 112
1243 74 112
1244 74 109
1257 74 100
1258 74 118
1259 74 88
1263 74 108
1264 74 119
1269 74 117
1270 74 101
1274 74 103
1276 74 96
1279 74 111
1280 74 107
1288 74 103
1296 74 94
1297 74 114
1301 74 91
1302 74 85
1303 74 96
1305 74 98
1320 74 85
1321 74 86
1326 74 87
1342 74 90
1345 74 94
1346 74 90
1350 74 89
1351 74 87
1352 74 83
1353 74 94
1362 74 108
1364 74 90
1366 74 94
1375 74 80
1376 74 96
1383 74 87
1392 74 85
1397 74 88
1398 74 72
1413 74 101
1419 74 66
1423 74 89
1424 74 90
1430 74 91
1433 74 84
1438 74 85
1440 74 85
1442 74 91
1443 74 93
1449 74 79
1454 74 79
1456 74 72
1462 74 79
1469 74 76
1470 74 82
1478 74 71
1482 74 88
1488 74 81
1492 74 78
1495 74 90
1497 74 73
1498 74 80
1506 74 73
1508 74 72
1514 74 101
1520 74 74
1522 74 66
1535 74 67
1536 74 63
1538 74 61
1542 74 70
1545 74 71
1555 74 86
1556 74 80
1558 74 73
1564 74 79
1566 74 67
1568 74 81
1569 74 72
1583 74 80
1588 74 60
1590 74 73
1591 74 46
1592 74 67
1600 74 74
1601 74 71
1603 74 68
1604 74 79
1605 74 51
1609 74 66
1613 74 58
1617 74 72
1618 74 73
1619 74 75
1621 74 55
1625 74 65
1627 74 58
1631 74 55
1636 74 70
1640 74 70
1641 74 72
1642 74 56
1649 74 61
1658 74 64
1669 74 60
1675 74 57
1676 74 68
1679 74 66
1686 74 63
1719 74 58
1720 74 69
1721 74 56
1725 74 52
1738 74 72
1749 74 55
1756 74 57
1761 74 60
1767 74 55
1769 74 51
1770 74 59
1775 74 57
1778 74 52
1782 74 44
1784 74 50
1793 74 62
1798 74 45
1812 74 50
1815 74 51
1816 74 39
1817 74 54
1827 74 56
1829 74 59
1830 74 48
1831 74 51
1832 74 42
1834 74 56
1844 74 43
1848 74 36
1870 74 40
1871 74 43
1874 74 54
1875 74 53
1881 74 42
1886 74 57
1892 74 47
1894 74 47
1896 74 46
1898 74 47
1919 74 40
1921 74 39
1924 74 38
1926 74 50
1941 74 39
1950 74 31
1955 74 50
1967 74 37
1980 74 42
1985 74 48
2000 74 49
2002 74 40
2006 74 31
2013 74 42
2018 74 38
2020 74 28
2043 74 39
2062 74 31
2075 74 35
2086 74 37
2094 74 37
2107 74 21
2117 74 26
2118 74 28
2123 74 25
2133 74 28
2134 74 29
2135 74 21
2140 74 25
2155 74 22
2157 74 29
2158 74 26
2162 74 28
2170 74 21
2191 74 20
2193 74 35
2198 74 27
2201 74 29
2204 74 21
2211 74 21
2213 74 30
2233 74 26
2247 74 27
2258 74 17
2277 74 12
2282 74 15
2299 74 25
2318 74 15
2326 74 26
2330 74 18
2338 74 23
2340 74 21
2359 74 27
2380 74 13
2415 74 18
2420 74 17
2422 74 12
2431 74 9
2435 74 15
2452 74 8
2464 74 10
2469 74 10
2472 74 9
2481 74 7
2483 74 10
2491 74 8
2495 74 11
2499 74 12
2503 74 10
2508 74 12
2513 74 9
2529 74 8
2532 74 9
2541 74 9
2545 74 4
2549 74 5
2570 74 5
2571 74 9
2594 74 8
2618 74 4
2633 74 6
2638 74 9
2654 74 5
2661 74 6
2666 74 5
2682 74 7
2697 74 3
2699 74 2
2701 74 7
2702 74 1
2722 74 4
2748 74 4
2753 74 8
2755 74 5
2783 74 1
2788 74 4
2792 74 2
2800 74 2
2802 74 1
2806 74 2
2808 74 1
2809 74 6
2818 74 4
2820 74 1
2829 74 1
2848 74 2
2856 74 2
2870 74 1
2877 74 1
2884 74 2
2885 74 1
2899 74 1
2916 74 1
2921 74 2
2927 74 1
2935 74 1
2949 74 1
2950 74 1
2952 74 1
2961 74 1
2970 74 1
2984 74 1
2986 74 1
2992 74 1
2 75 296
3 75 313
6 75 297
8 75 296
10 75 295
11 75 289
12 75 264
17 75 276
18 75 316
22 75 283
26 75 315
28 75 291
30 75 293
33 75 300
34 75 321
36 75 293
39 75 325
44 75 269
45 75 304
46 75 286
50 75 292
55 75 297
64 75 293
65 75 273
66 75 307
70 75 274
73 75 247
80 75 275
82 75 289
87 75 262
89 75 300
96 75 283
100 75 270
103 75 251
106 75 293
109 75 264
112 75 271
118 75 266
124 75 269
125 75 259
126 75 267
129 75 273
132 75 295
133 75 279
136 75 262
138 75 253
142 75 283
145 75 297
147 75 278
150 75 267
155 75 288
156 75 247
157 75 259
163 75 284
169 75 309
175 75 264
177 75 279
178 75 263
180 75 274
183 75 274
185 75 261
186 75 276
192 75 268
194 75 269
196 75 278
198 75 263
202 75 274
205 75 272
206 75 281
207 75 284
210 75 274
211 75 249
212 75 277
217 75 261
223 75 248
224 75 244
225 75 259
228 75 247
236 75 250
238 75 247
240 75 247
242 75 267
243 75 242
245 75 264
246 75 222
247 75 261
250 75 275
251 75 255
256 75 233
257 75 269
259 75 254
260 75 240
261 75 259
263 75 240
265 75 251
266 75 244
269 75 243
270 75 259
271 75 265
277 75 264
282 75 239
283 75 260
290 75 256
291 75 257
294 75 233
296 75 239
298 75 246
299 75 251
301 75 231
305 75 260
312 75 254
314 75 243
316 75 234
323 75 232
328 75 252
330 75 223
333 75 218
338 75 242
341 75 233
344 75 228
349 75 202
351 75 257
353 75 240
354 75 257
359 75 220
363 75 279
370 75 257
376 75 218
380 75 208
383 75 240
389 75 249
393 75 219
395 75 206
399 75 205
401 75 242
403 75 230
406 75 227
407 75 202
411 75 229
413 75 202
415 75 220
416 75 243
418 75 225
420 75 227
428 75 196
430 75 236
439 75 231
442 75 245
443 75 217
445 75 223
446 75 217
448 75 203
452 75 235
453 75 211
455 75 224
460 75 212
463 75 219
465 75 229
469 75 203
473 75 231
474 75 227
478 75 203
483 75 191
485 75 204
487 75 202
489 75 203
499 75 192
502 75 200
512 75 219
513 75 184
514 75 219
515 75 210
516 75 201
521 75 193
522 75 211
523 75 210
526 75 189
532 75 197
534 75 230
535 75 215
537 75 180
540 75 197
542 75 225
548 75 216
552 75 195
556 75 203
557 75 189
558 75 195
560 75 206
561 75 207
564 75 192
566 75 181
568 75 208
570 75 193
571 75 210
573 75 183
577 75 199
579 75 206
581 75 182
585 75 195
589 75 197
596 75 189
599 75 196
600 75 175
609 75 185
611 75 213
613 75 217
619 75 178
622 75 191
624 75 194
625 75 197
633 75 201
638 75 211
641 75 190
644 75 194
645 75 207
649 75 196
652 75 192
656 75 194
659 75 175
663 75 192
664 75 184
667 75 154
668 75 191
669 75 192
676 75 165
681 75 167
684 75 192
686 75 193
687 75 177
697 75 175
705 75 183
710 75 160
719 75 218
720 75 163
725 75 170
729 75 165
731 75 185
733 75 186
741 75 162
743 75 178
748 75 171
751 75 164
754 75 166
755 75 150
761 75 185
764 75 153
765 75 156
767 75 174
776 75 193
779 75 157
781 75 166
787 75 166
790 75 166
793 75 143
794 75 166
795 75 157
799 75 183
802 75 149
809 75 138
813 75 149
814 75 175
815 75 161
817 75 181
818 75 174
820 75 151
823 75 183
830 75 145
833 75 148
839 75 156
841 75 173
843 75 159
855 75 159
859 75 155
869 75 146
873 75 150
878 75 140
883 75 140
884 75 159
890 75 162
894 75 154
897 75 147
898 75 146
899 75 160
900 75 143
901 75 150
902 75 141
909 75 136
910 75 158
921 75 146
923 75 154
924 75 159
925 75 156
928 75 152
929 75 157
930 75 154
933 75 136
938 75 142
940 75 148
941 75 134
942 75 134
960 75 134
961 75 137
962 75 142
966 75 145
970 75 138
971 75 133
974 75 149
975 75 126
976 75 140
977 75 132
978 75 161
985 75 139
988 75 149
989 75 140
1003 75 158
1007 75 138
1019 75 140
1020 75 134
1028 75 122
1034 75 145
1037 75 143
1052 75 139
1054 75 128
1064 75 121
1072 75 108
1073 75 103
1078 75 128
1091 75 121
1101 75 120
1104 75 115
1105 75 115
1108 75 124
1114 75 115
1121 75 105
1129 75 97
1140 75 119
1142 75 115
1151 75 120
1159 75 112
1162 75 124
1163 75 121
1169 75 134
1170 75 107
1177 75 113
1184 75 114
1189 75 123
1190 75 109
1191 75 112
1195 75 124
1201 75 123
1203 75 104
1206 75 112
1210 75 117
1211 75 118
1212 75 96
1221 75 111
1222 75 114
1227 75 103
1235 75 114
1237 75 101
1241 75 128
1243 75 101
1251 75 113
1252 75 101
1254 75 107
1257 75 96
1262 75 109
1263 75 97
1269 75 92
1271 75 93
1273 75 101
1274 75 83
1281 75 113
1290 75 99
1294 75 94
1306 75 86
1311 75 113
1312 75 109
1313 75 82
1314 75 92
1316 75 86
1320 75 89
1328 75 89
1342 75 103
1347 75 99
1348 75 104
1352 75 91
1365 75 102
1367 75 98
1369 75 94
1370 75 74
1371 75 96
1376 75 81
1378 75 78
1383 75 74
1388 75 98
1393 75 73
1395 75 90
1400 75 74
1401 75 83
1410 75 87
1411 75 72
1420 75 76
1426 75 93
1436 75 86
1439 75 68
1450 75 72
1451 75 86
1463 75 92
1466 75 75
1474 75 66
1479 75 63
1480 75 91
1485 75 66
1486 75 91
1511 75 61
1515 75 86
1522 75 78
1525 75 78
1534 75 80
1538 75 72
1543 75 59
1544 75 79
1548 75 70
1549 75 90
1556 75 76
1558 75 71
1561 75 69
1565 75 74
1567 75 87
1575 75 63
1602 75 71
1607 75 73
1617 75 63
1618 75 59
1623 75 69
1632 75 75
1633 75 67
1635 75 73
1643 75 70
1646 75 74
1657 75 65
1659 75 59
1663 75 59
1667 75 68
1670 75 67
1675 75 69
1686 75 63
1691 75 54
1694 75 57
1696 75 60
1701 75 61
1702 75 67
1706 75 71
1708 75 63
1716 75 53
1724 75 38
1725 75 61
1739 75 62
1747 75 54
1748 75 54
1758 75 49
1759 75 58
1760 75 68
1780 75 55
1788 75 48
1803 75 56
1821 75 48
1832 75 37
1835 75 42
1838 75 48
1847 75 54
1851 75 32
1854 75 38
1859 75 41
1862 75 62
1865 75 54
1878 75 45
1891 75 43
1893 75 40
1896 75 37
1897 75 31
1899 75 55
1908 75 39
1928 75 49
1932 75 36
1934 75 39
1936 75 37
1939 75 47
1947 75 28
1951 75 39
1984 75 38
1996 75 22
2000 75 43
2003 75 34
2018 75 34
2023 75 31
2024 75 34
2025 75 36
2027 75 30
2028 75 42
2046 75 34
2049 75 36
2052 75 29
2058 75 31
2060 75 36
2061 75 32
2064 75 31
2069 75 31
2079 75 31
2080 75 26
2097 75 26
2098 75 36
2099 75 22
2103 75 36
2111 75 30
2116 75 25
2120 75 26
2121 75 21
2133 75 22
2138 75 29
2177 75 26
2181 75 30
2183 75 27
2185 75 32
2186 75 26
2192 75 23
2196 75 21
2212 75 26
2213 75 31
2215 75 27
2220 75 10
2238 75 28
2240 75 21
2246 75 21
2254 75 24
2260 75 24
2270 75 26
2274 75 18
2290 75 21
2295 75 18
2310 75 27
2318 75 14
2331 75 25
2337 75 17
2338 75 12
2339 75 20
2345 75 14
2347 75 20
2357 75 13
2372 75 14
2375 75 9
2386 75 15
2390 75 15
2395 75 12
2407 75 19
2419 75 8
2428 75 14
2434 75 12
2436 75 13
2440 75 13
2450 75 8
2471 75 6
2478 75 8
2481 75 9
2484 75 12
2485 75 15
2488 75 11
2495 75 6
2521 75 8
2529 75 11
2544 75 9
2546 75 12
2556 75 9
2565 75 7
2568 75 8
2569 75 10
2585 75 10
2586 75 9
2616 75 7
2617 75 4
2648 75 3
2649 75 5
2654 75 11
2667 75 2
2671 75 5
2676 75 2
2677 75 12
2680 75 4
2693 75 5
2694 75 3
2701 75 6
2714 75 3
2720 75 6
2722 75 4
2723 75 2
2767 75 6
2774 75 3
2786 75 2
2791 75 1
2793 75 2
2799 75 3
2802 75 2
2812 75 1
2813 75 3
2831 75 3
2832 75 2
2833 75 3
2839 75 3
2852 75 1
2873 75 1
2877 75 1
2893 75 1
2923 75 1
2925 75 1
2932 75 2
2938 75 1
2940 75 1
2941 75 1
2942 75 1
2948 75 1
2949 75 1
2952 75 1
2961 75 1
2980 75 1
2987 75 1
2998 75 1
2999 75 1
3 76 316
5 76 294
7 76 310
9 76 266
12 76 300
14 76 299
16 76 280
21 76 320
22 76 267
23 76 284
25 76 313
27 76 310
30 76 336
33 76 283
35 76 279
36 76 262
38 76 302
40 76 302
41 76 291
42 76 294
43 76 294
44 76 318
45 76 287
46 76 300
47 76 304
50 76 295
51 76 291
53 76 320
55 76 280
65 76 275
66 76 279
67 76 281
68 76 306
69 76 304
70 76 298
72 76 270
75 76 266
78 76 293
79 76 324
80 76 277
81 76 264
84 76 299
85 76 279
86 76 300
87 76 290
90 76 288
95 76 296
98 76 270
107 76 260
110 76 267
111 76 278
117 76 275
118 76 275
119 76 283
126 76 299
130 76 249
131 76 287
132 76 306
136 76 267
137 76 268
138 76 285
141 76 262
142 76 250
143 76 276
144 76 299
145 76 307
152 76 271
155 76 269
157 76 262
161 76 286
163 76 274
164 76 257
165 76 267
167 76 275
170 76 261
174 76 275
175 76 272
179 76 278
183 76 278
187 76 270
188 76 282
193 76 277
194 76 278
195 76 270
199 76 272
201 76 285
202 76 232
203 76 243
206 76 259
208 76 270
211 76 257
212 76 241
213 76 246
214 76 273
216 76 272
233 76 255
234 76 256
235 76 255
237 76 255
238 76 249
241 76 251
247 76 280
255 76 237
263 76 246
264 76 229
265 76 248
266 76 245
267 76 254
268 76 249
271 76 240
276 76 275
277 76 276
278 76 270
284 76 245
290 76 229
291 76 255
292 76 260
296 76 253
301 76 274
302 76 217
303 76 219
304 76 247
305 76 252
307 76 235
308 76 238
312 76 245
315 76 236
319 76 237
320 76 202
321 76 233
325 76 260
326 76 212
329 76 223
336 76 256
338 76 234
339 76 229
343 76 247
345 76 259
348 76 222
351 76 229
366 76 251
368 76 236
370 76 218
373 76 227
376 76 232
377 76 243
381 76 218
382 76 223
389 76 228
392 76 226
393 76 210
396 76 207
400 76 228
401 76 234
404 76 230
407 76 250
409 76 230
412 76 210
413 76 206
414 76 222
417 76 241
419 76 227
423 76 213
427 76 203
428 76 204
430 76 247
431 76 208
432 76 225
435 76 230
437 76 212
438 76 203
440 76 229
441 76 207
442 76 229
443 76 246
444 76 227
447 76 205
449 76 198
456 76 234
461 76 221
464 76 213
465 76 213
466 76 227
467 76 222
471 76 217
476 76 212
480 76 227
481 76 195
482 76 214
485 76 230
488 76 230
490 76 212
492 76 195
494 76 229
495 76 174
497 76 199
498 76 201
503 76 218
505 76 197
506 76 206
509 76 215
516 76 185
518 76 211
519 76 187
521 76 191
522 76 209
525 76 172
529 76 214
530 76 228
532 76 211
535 76 202
538 76 202
539 76 190
541 76 187
543 76 231
548 76 208
557 76 190
559 76 182
562 76 212
564 76 194
565 76 199
569 76 218
571 76 198
572 76 206
574 76 192
579 76 186
581 76 169
583 76 218
584 76 177
586 76 209
587 76 207
589 76 175
590 76 191
593 76 186
596 76 179
597 76 198
598 76 185
599 76 182
600 76 199
611 76 221
617 76 199
618 76 204
621 76 163
622 76 196
627 76 182
628 76 202
634 76 165
637 76 177
643 76 197
653 76 188
655 76 151
656 76 178
659 76 183
661 76 169
662 76 188
667 76 158
675 76 207
676 76 206
679 76 186
687 76 199
692 76 169
696 76 191
697 76 173
699 76 174
702 76 199
706 76 168
709 76 176
712 76 166
713 76 169
719 76 170
723 76 192
733 76 186
735 76 180
739 76 186
742 76 178
747 76 159
748 76 141
750 76 166
751 76 159
752 76 172
753 76 169
755 76 157
763 76 179
764 76 169
765 76 162
768 76 169
772 76 171
773 76 179
777 76 149
790 76 186
791 76 164
792 76 153
796 76 142
798 76 186
799 76 156
802 76 150
807 76 175
811 76 182
812 76 167
813 76 146
816 76 144
817 76 149
819 76 165
828 76 133
844 76 145
845 76 148
851 76 160
857 76 167
858 76 163
863 76 156
867 76 142
868 76 149
869 76 151
870 76 188
875 76 149
876 76 153
882 76 151
887 76 145
890 76 140
891 76 157
892 76 159
895 76 171
900 76 141
903 76 147
908 76 123
913 76 135
914 76 159
920 76 143
927 76 165
928 76 154
929 76 152
944 76 127
945 76 161
946 76 131
966 76 126
970 76 130
973 76 135
974 76 133
982 76 147
988 76 123
992 76 122
994 76 124
997 76 129
999 76 143
1000 76 111
1001 76 142
1002 76 132
1003 76 127
1012 76 126
1023 76 133
1027 76 125
1030 76 150
1034 76 120
1058 76 134
1059 76 132
1062 76 136
1068 76 120
1075 76 118
1088 76 140
1097 76 114
1104 76 123
1106 76 118
1111 76 121
1113 76 136
1117 76 136
1123 76 131
1126 76 96
1129 76 119
1139 76 139
1142 76 99
1143 76 123
1145 76 128
1147 76 133
1149 76 118
1155 76 129
1159 76 133
1168 76 110
1174 76 128
1178 76 114
1180 76 117
1189 76 100
1199 76 122
1202 76 107
1206 76 115
1214 76 94
1222 76 84
1224 76 119
1225 76 94
1226 76 131
1227 76 99
1232 76 99
1270 76 92
1271 76 87
1277 76 87
1279 76 123
1283 76 100
1296 76 106
1301 76 118
1302 76 96
1303 76 79
1306 76 92
1309 76 100
1311 76 92
1318 76 92
1320 76 100
1322 76 109
1326 76 89
1333 76 103
1335 76 96
1340 76 97
1341 76 104
1342 76 89
1364 76 93
1374 76 87
1375 76 84
1378 76 89
1382 76 96
1390 76 85
1399 76 85
1417 76 95
1421 76 95
1425 76 80
1442 76 97
1447 76 82
1459 76 90
1463 76 77
1464 76 82
1467 76 65
1474 76 75
1484 76 90
1487 76 81
1490 76 97
1492 76 95
1495 76 78
1523 76 69
1530 76 70
1533 76 79
1536 76 66
1539 76 78
1540 76 79
1543 76 81
1545 76 66
1546 76 62
1554 76 77
1559 76 54
1565 76 75
1573 76 71
1577 76 60
1578 76 84
1584 76 75
1601 76 70
1606 76 66
1607 76 69
1610 76 58
1611 76 63
1627 76 61
1649 76 58
1660 76 58
1667 76 55
1670 76 62
1673 76 63
1674 76 69
1678 76 66
1682 76 70
1683 76 65
1684 76 60
1702 76 43
1710 76 46
1713 76 61
1715 76 67
1719 76 58
1730 76 69
1731 76 57
1735 76 69
1737 76 67
1747 76 46
1749 76 59
1754 76 58
1756 76 61
1758 76 61
1765 76 54
1773 76 50
1787 76 62
1828 76 53
1835 76 48
1855 76 34
1856 76 38
1857 76 40
1861 76 49
1876 76 51
1880 76 48
1881 76 41
1893 76 49
1897 76 47
1909 76 42
1910 76 34
1915 76 43
1924 76 33
1928 76 40
1947 76 32
1949 76 32
1953 76 39
1957 76 38
1958 76 42
1960 76 44
1967 76 33
1975 76 41
1996 76 39
1997 76 30
1998 76 36
1999 76 37
2013 76 31
2023 76 31
2024 76 39
2030 76 37
2032 76 31
2034 76 37
2037 76 37
2039 76 24
2046 76 39
2047 76 29
2050 76 34
2052 76 21
2053 76 30
2077 76 28
2090 76 38
2091 76 31
2117 76 32
2122 76 27
2141 76 32
2142 76 28
2148 76 28
2159 76 24
2166 76 19
2184 76 17
2193 76 28
2195 76 14
2201 76 17
2210 76 22
2214 76 25
2220 76 31
2229 76 22
2239 76 22
2241 76 19
2267 76 26
2274 76 14
2286 76 20
2287 76 10
2294 76 13
2299 76 14
2300 76 13
2315 76 21
2320 76 18
2324 76 19
2334 76 16
2335 76 17
2336 76 15
2346 76 26
2354 76 21
2360 76 21
2361 76 19
2369 76 18
2370 76 16
2384 76 19
2405 76 15
2416 76 13
2425 76 11
2430 76 14
2432 76 16
2444 76 11
2449 76 10
2457 76 12
2471 76 11
2489 76 12
2530 76 7
2551 76 7
2557 76 9
2562 76 9
2570 76 6
2574 76 7
2578 76 7
2591 76 5
2594 76 5
2610 76 8
2615 76 9
2620 76 5
2630 76 5
2644 76 8
2656 76 6
2683 76 4
2688 76 6
2692 76 4
2700 76 3
2720 76 5
2740 76 6
2743 76 5
2744 76 4
2747 76 5
2751 76 4
2763 76 3
2771 76 2
2774 76 3
2780 76 1
2787 76 2
2789 76 4
2797 76 3
2799 76 3
2806 76 4
2808 76 2
2831 76 2
2835 76 3
2839 76 2
2841 76 1
2847 76 2
2853 76 1
2883 76 1
2885 76 1
2900 76 1
2906 76 1
2932 76 1
2941 76 1
2949 76 1
2957 76 1
2969 76 1
2989 76 1
2994 76 1
3 77 309
4 77 318
5 77 286
6 77 291
8 77 297
11 77 301
17 77 296
18 77 269
20 77 294
23 77 328
33 77 282
35 77 276
37 77 289
38 77 279
39 77 305
42 77 292
46 77 294
56 77 294
57 77 307
58 77 298
59 77 280
60 77 308
64 77 301
67 77 293
68 77 298
70 77 313
72 77 276
74 77 282
75 77 293
82 77 250
83 77 300
87 77 276
89 77 270
92 77 297
99 77 268
106 77 252
107 77 261
113 77 274
116 77 314
117 77 274
124 77 274
125 77 249
126 77 265
129 77 272
133 77 247
136 77 285
139 77 283
140 77 257
144 77 257
146 77 272
148 77 294
150 77 288
151 77 275
155 77 268
156 77 271
157 77 287
158 77 254
162 77 262
163 77 241
165 77 262
168 77 275
169 77 267
170 77 256
174 77 254
176 77 255
177 77 262
178 77 296
179 77 274
181 77 298
183 77 251
187 77 250
188 77 261
189 77 239
190 77 242
192 77 268
193 77 253
200 77 277
202 77 265
204 77 288
205 77 246
206 77 276
208 77 283
209 77 250
210 77 274
217 77 261
218 77 272
221 77 254
228 77 243
233 77 238
235 77 258
237 77 266
239 77 269
242 77 243
244 77 262
245 77 273
246 77 271
250 77 244
253 77 270
255 77 256
256 77 273
257 77 264
260 77 266
261 77 250
263 77 246
267 77 245
272 77 282
278 77 245
279 77 247
286 77 248
291 77 226
292 77 238
297 77 257
298 77 261
299 77 243
303 77 244
304 77 249
305 77 225
307 77 254
309 77 241
319 77 244
322 77 253
323 77 207
328 77 238
329 77 237
331 77 243
332 77 238
333 77 232
334 77 248
335 77 235
336 77 277
337 77 248
340 77 221
341 77 260
342 77 245
343 77 236
349 77 243
351 77 247
355 77 261
361 77 220
362 77 230
365 77 233
367 77 235
369 77 256
370 77 220
371 77 226
375 77 229
378 77 231
380 77 226
383 77 244
384 77 233
385 77 236
389 77 213
394 77 260
396 77 241
398 77 203
399 77 222
402 77 218
406 77 239
409 77 219
414 77 235
420 77 246
423 77 210
424 77 202
427 77 206
428 77 218
429 77 234
430 77 221
431 77 219
432 77 258
433 77 231
435 77 240
438 77 221
439 77 223
442 77 223
446 77 215
448 77 228
455 77 237
457 77 231
458 77 218
462 77 248
463 77 226
467 77 206
469 77 224
470 77 225
473 77 228
479 77 233
481 77 191
483 77 205
484 77 234
487 77 219
488 77 217
490 77 201
505 77 205
506 77 221
508 77 205
509 77 218
510 77 231
512 77 207
522 77 228
525 77 223
527 77 226
531 77 236
533 77 192
534 77 204
535 77 202
536 77 200
537 77 205
540 77 228
542 77 183
543 77 229
546 77 221
547 77 208
550 77 197
552 77 186
560 77 199
563 77 184
567 77 228
568 77 197
574 77 195
576 77 182
577 77 219
579 77 186
585 77 204
590 77 226
596 77 202
599 77 200
600 77 177
601 77 188
602 77 192
609 77 200
611 77 185
615 77 183
617 77 194
621 77 181
628 77 186
631 77 188
632 77 178
634 77 188
637 77 213
640 77 183
647 77 183
650 77 199
651 77 183
653 77 180
655 77 185
661 77 223
662 77 191
668 77 184
671 77 165
673 77 184
675 77 200
676 77 198
677 77 176
678 77 174
683 77 183
684 77 166
688 77 162
698 77 178
699 77 178
705 77 193
707 77 156
711 77 195
712 77 184
713 77 184
716 77 178
718 77 168
719 77 193
722 77 188
724 77 173
732 77 190
740 77 156
743 77 143
744 77 194
746 77 173
748 77 162
756 77 151
757 77 151
758 77 149
759 77 170
768 77 170
773 77 170
784 77 159
785 77 165
786 77 145
793 77 148
794 77 176
795 77 145
801 77 153
802 77 147
804 77 166
805 77 148
806 77 169
809 77 161
810 77 172
811 77 179
814 77 178
823 77 178
824 77 163
825 77 145
827 77 142
828 77 172
830 77 171
832 77 165
835 77 168
839 77 154
841 77 168
851 77 170
857 77 166
858 77 138
860 77 157
862 77 153
867 77 160
869 77 141
872 77 143
874 77 156
877 77 135
879 77 135
882 77 160
883 77 146
887 77 162
893 77 144
898 77 156
900 77 168
902 77 143
909 77 155
913 77 158
917 77 139
918 77 145
923 77 141
926 77 131
928 77 127
930 77 139
938 77 162
944 77 136
951 77 165
954 77 135
958 77 153
959 77 123
962 77 136
965 77 120
966 77 144
969 77 144
971 77 153
976 77 152
977 77 127
981 77 152
992 77 152
999 77 144
1003 77 171
1009 77 131
1011 77 118
1012 77 136
1017 77 130
1021 77 143
1022 77 133
1023 77 128
1026 77 142
1029 77 133
1037 77 125
1038 77 136
1041 77 118
1042 77 119
1044 77 147
1048 77 118
1055 77 121
1057 77 132
1071 77 128
1074 77 137
1076 77 131
1077 77 128
1079 77 120
1090 77 122
1093 77 139
1095 77 135
1102 77 114
1103 77 110
1120 77 134
1121 77 117
1123 77 104
1125 77 134
1127 77 123
1129 77 103
1132 77 133
1133 77 103
1139 77 88
1146 77 113
1149 77 130
1150 77 127
1156 77 114
1160 77 108
1168 77 121
1175 77 111
1176 77 114
1185 77 97
1191 77 134
1193 77 140
1196 77 96
1203 77 107
1208 77 102
1209 77 113
1217 77 120
1218 77 109
1220 77 109
1221 77 100
1222 77 112
1225 77 120
1226 77 99
1227 77 97
1229 77 115
1230 77 101
1235 77 98
1237 77 106
1240 77 97
1241 77 132
1246 77 120
1253 77 93
1254 77 89
1255 77 92
1256 77 110
1268 77 87
1270 77 99
1271 77 81
1272 77 105
1275 77 96
1276 77 78
1284 77 97
1288 77 108
1289 77 96
1302 77 94
1310 77 104
1315 77 86
1330 77 113
1335 77 86
1341 77 85
1349 77 110
1350 77 107
1357 77 97
1358 77 94
1371 77 80
1378 77 94
1379 77 91
1393 77 97
1404 77 92
1408 77 97
1424 77 93
1442 77 73
1443 77 75
1452 77 88
1454 77 92
1458 77 88
1461 77 72
1474 77 75
1477 77 73
1485 77 77
1493 77 75
1498 77 77
1499 77 70
1501 77 82
1512 77 87
1514 77 62
1523 77 71
1527 77 72
1528 77 72
1535 77 89
1547 77 75
1550 77 81
1551 77 75
1554 77 77
1560 77 70
1570 77 83
1572 77 70
1573 77 69
1574 77 76
1583 77 69
1584 77 84
1585 77 63
1586 77 68
1590 77 72
1591 77 84
1601 77 65
1602 77 78
1607 77 64
1616 77 63
1617 77 66
1621 77 70
1624 77 55
1628 77 54
1630 77 57
1638 77 64
1646 77 76
1648 77 59
1651 77 59
1652 77 50
1653 77 78
1659 77 59
1660 77 62
1663 77 62
1664 77 72
1667 77 71
1677 77 68
1678 77 49
1681 77 60
1684 77 43
1687 77 52
1693 77 70
1696 77 54
1698 77 64
1699 77 60
1704 77 68
1710 77 59
1715 77 66
1724 77 61
1732 77 58
1733 77 56
1760 77 59
1775 77 46
1784 77 54
1785 77 42
1795 77 48
1798 77 37
1803 77 43
1805 77 43
1809 77 42
1822 77 45
1829 77 41
1830 77 42
1831 77 43
1833 77 47
1836 77 44
1840 77 41
1844 77 46
1862 77 57
1865 77 42
1874 77 46
1876 77 39
1880 77 48
1888 77 53
1890 77 40
1911 77 36
1920 77 40
1924 77 46
1928 77 38
1931 77 38
1937 77 40
1940 77 34
1944 77 40
1958 77 45
1960 77 37
1966 77 37
1971 77 31
1972 77 38
1973 77 32
1981 77 37
1998 77 31
2001 77 34
2002 77 49
2011 77 33
2019 77 34
2021 77 34
2024 77 34
2025 77 25
2043 77 46
2047 77 34
2068 77 28
2069 77 30
2079 77 26
2081 77 33
2086 77 23
2092 77 27
2108 77 19
2113 77 31
2117 77 27
2122 77 26
2125 77 34
2128 77 22
2133 77 32
2135 77 25
2148 77 26
2158 77 22
2186 77 26
2206 77 23
2207 77 23
2211 77 21
2213 77 17
2217 77 22
2224 77 19
2239 77 31
2262 77 19
2266 77 29
2273 77 21
2276 77 20
2280 77 15
2285 77 18
2298 77 18
2317 77 20
2322 77 15
2340 77 21
2347 77 12
2367 77 20
2386 77 15
2391 77 16
2399 77 9
2432 77 13
2433 77 11
2438 77 10
2439 77 18
2443 77 16
2444 77 10
2456 77 11
2460 77 12
2489 77 5
2511 77 14
2512 77 10
2522 77 5
2526 77 10
2534 77 11
2535 77 6
2547 77 6
2579 77 7
2581 77 5
2590 77 8
2596 77 8
2607 77 10
2611 77 12
2612 77 4
2636 77 9
2639 77 6
2642 77 11
2648 77 4
2651 77 9
2653 77 5
2661 77 6
2662 77 9
2672 77 3
2684 77 3
2688 77 6
2689 77 7
2711 77 4
2723 77 4
2730 77 4
2746 77 2
2747 77 4
2764 77 5
2769 77 3
2775 77 1
2778 77 1
2779 77 3
2781 77 3
2783 77 2
2786 77 4
2787 77 2
2789 77 3
2790 77 4
2792 77 3
2806 77 2
2818 77 2
2828 77 2
2834 77 3
2835 77 2
2839 77 2
2842 77 2
2845 77 1
2861 77 2
2874 77 1
2884 77 1
2906 77 1
2908 77 1
2920 77 1
2938 77 1
2940 77 1
2953 77 1
2960 77 1
2962 77 1
2968 77 1
2970 77 1
2971 77 2
2982 77 1
2996 77 1
2998 77 1
1 78 296
3 78 305
4 78 314
8 78 288
9 78 277
12 78 314
14 78 295
15 78 275
19 78 315
21 78 272
24 78 290
29 78 291
30 78 293
33 78 332
36 78 296
38 78 266
39 78 282
43 78 278
45 78 310
46 78 278
47 78 287
48 78 299
51 78 296
52 78 277
53 78 284
57 78 314
61 78 274
62 78 313
65 78 314
67 78 296
69 78 309
70 78 283
73 78 288
75 78 273
78 78 280
80 78 269
83 78 292
84 78 281
87 78 277
92 78 276
94 78 286
95 78 297
96 78 317
97 78 277
98 78 273
99 78 299
102 78 275
103 78 300
106 78 285
107 78 267
108 78 303
109 78 258
110 78 301
113 78 257
114 78 273
117 78 283
119 78 248
120 78 264
121 78 285
122 78 281
123 78 266
124 78 321
126 78 269
129 78 290
133 78 306
135 78 268
138 78 294
140 78 286
141 78 272
145 78 287
147 78 265
148 78 249
150 78 291
154 78 276
155 78 283
158 78 264
159 78 265
160 78 292
161 78 299
166 78 266
169 78 246
171 78 261
173 78 254
175 78 245
181 78 275
182 78 286
186 78 255
189 78 274
191 78 238
192 78 250
194 78 250
195 78 271
198 78 280
200 78 280
201 78 271
202 78 245
208 78 212
212 78 248
213 78 266
216 78 260
219 78 239
225 78 240
229 78 304
230 78 240
231 78 265
232 78 255
234 78 251
236 78 263
239 78 235
241 78 239
242 78 261
244 78 241
247 78 255
249 78 296
250 78 252
251 78 263
253 78 256
254 78 243
263 78 276
264 78 249
266 78 272
267 78 249
270 78 263
272 78 224
273 78 265
274 78 259
276 78 241
279 78 240
281 78 226
283 78 253
285 78 215
287 78 275
292 78 246
294 78 259
298 78 230
300 78 252
302 78 216
315 78 257
316 78 225
317 78 229
318 78 260
320 78 244
321 78 220
322 78 243
323 78 221
325 78 222
327 78 218
328 78 250
332 78 246
335 78 227
337 78 219
338 78 236
340 78 252
343 78 244
344 78 227
347 78 233
351 78 254
354 78 253
356 78 250
358 78 203
362 78 251
368 78 242
369 78 229
373 78 242
376 78 249
379 78 241
384 78 219
402 78 245
403 78 222
408 78 219
409 78 206
412 78 204
415 78 239
416 78 214
418 78 253
421 78 208
422 78 200
427 78 225
437 78 219
439 78 231
440 78 234
441 78 216
444 78 215
446 78 224
451 78 191
452 78 203
453 78 221
456 78 235
458 78 217
462 78 224
464 78 208
465 78 204
467 78 240
469 78 228
470 78 205
473 78 218
477 78 195
479 78 185
481 78 206
482 78 188
483 78 214
485 78 222
486 78 226
490 78 218
496 78 217
506 78 237
507 78 185
510 78 238
512 78 220
517 78 230
523 78 190
526 78 199
529 78 202
533 78 217
534 78 203
537 78 204
540 78 210
545 78 217
551 78 203
552 78 219
555 78 200
556 78 195
560 78 196
562 78 194
566 78 174
572 78 184
573 78 210
574 78 192
575 78 210
576 78 205
579 78 196
583 78 206
584 78 219
586 78 211
587 78 196
593 78 204
597 78 217
598 78 205
602 78 203
606 78 187
607 78 195
610 78 189
612 78 200
620 78 188
625 78 198
626 78 168
627 78 207
628 78 190
629 78 192
630 78 193
638 78 178
641 78 186
643 78 192
646 78 178
648 78 175
649 78 200
659 78 187
660 78 165
663 78 170
664 78 189
669 78 169
672 78 159
677 78 190
681 78 187
682 78 174
683 78 187
684 78 197
687 78 165
693 78 184
694 78 163
695 78 168
697 78 160
698 78 170
702 78 160
706 78 158
708 78 185
710 78 172
718 78 194
730 78 165
734 78 183
736 78 177
739 78 182
740 78 168
744 78 166
746 78 169
750 78 169
751 78 173
752 78 183
754 78 164
755 78 169
756 78 185
767 78 171
774 78 150
778 78 179
779 78 159
782 78 172
784 78 145
785 78 161
788 78 161
789 78 182
794 78 166
797 78 147
798 78 171
800 78 153
803 78 155
805 78 162
810 78 165
811 78 153
814 78 142
816 78 186
825 78 149
827 78 162
830 78 144
832 78 154
833 78 155
838 78 165
840 78 179
843 78 159
844 78 165
845 78 150
846 78 166
849 78 171
850 78 160
854 78 151
856 78 161
860 78 143
861 78 163
865 78 153
866 78 155
873 78 153
875 78 141
877 78 152
881 78 147
883 78 167
884 78 150
888 78 151
893 78 134
895 78 161
898 78 176
900 78 147
901 78 152
905 78 148
912 78 151
913 78 148
916 78 137
922 78 125
923 78 132
924 78 141
928 78 162
929 78 154
941 78 140
947 78 124
949 78 132
952 78 133
956 78 160
962 78 153
968 78 172
969 78 168
974 78 140
975 78 125
978 78 162
980 78 143
981 78 136
983 78 124
984 78 130
989 78 145
994 78 119
1000 78 152
1001 78 127
1002 78 150
1004 78 150
1005 78 139
1006 78 147
1010 78 127
1014 78 143
1018 78 148
1019 78 128
1030 78 120
1032 78 136
1034 78 119
1035 78 129
1041 78 139
1042 78 126
1043 78 97
1045 78 125
1049 78 140
1054 78 122
1056 78 148
1058 78 124
1065 78 116
1068 78 121
1074 78 145
1084 78 132
1087 78 133
1092 78 127
1096 78 111
1097 78 110
1102 78 110
1106 78 119
1126 78 120
1131 78 131
1133 78 131
1141 78 116
1148 78 109
1150 78 106
1158 78 130
1161 78 117
1166 78 103
1178 78 122
1183 78 116
1184 78 110
1190 78 126
1192 78 117
1222 78 120
1223 78 107
1231 78 96
1232 78 115
1233 78 103
1235 78 101
1236 78 94
1237 78 118
1238 78 104
1241 78 124
1243 78 107
1252 78 103
1264 78 100
1265 78 113
1271 78 90
1286 78 106
1289 78 99
1291 78 93
1302 78 96
1307 78 94
1308 78 101
1309 78 103
1312 78 117
1315 78 99
1316 78 95
1317 78 85
1318 78 69
1322 78 107
1331 78 85
1338 78 96
1339 78 97
1349 78 84
1353 78 88
1357 78 80
1358 78 102
1360 78 72
1362 78 88
1365 78 95
1366 78 88
1369 78 88
1381 78 84
1382 78 101
1386 78 92
1388 78 91
1390 78 105
1392 78 78
1395 78 98
1396 78 99
1402 78 96
1407 78 87
1409 78 83
1417 78 81
1418 78 102
1421 78 79
1426 78 76
1433 78 93
1435 78 81
1443 78 84
1449 78 92
1455 78 80
1460 78 81
1461 78 72
1464 78 71
1471 78 56
1480 78 77
1481 78 81
1484 78 76
1485 78 85
1487 78 79
1490 78 71
1499 78 64
1508 78 76
1517 78 84
1525 78 68
1535 78 76
1539 78 67
1544 78 76
1546 78 76
1553 78 72
1554 78 91
1559 78 65
1560 78 71
1561 78 70
1562 78 79
1568 78 65
1573 78 77
1575 78 78
1584 78 78
1585 78 65
1591 78 70
1594 78 57
1603 78 67
1611 78 61
1621 78 67
1624 78 65
1630 78 71
1634 78 56
1662 78 59
1663 78 60
1665 78 56
1690 78 64
1692 78 62
1693 78 59
1728 78 70
1729 78 57
1738 78 51
1745 78 49
1748 78 59
1760 78 51
1763 78 42
1768 78 63
1774 78 45
1780 78 56
1796 78 48
1798 78 53
1802 78 55
1807 78 50
1810 78 44
1817 78 56
1830 78 46
1833 78 51
1837 78 42
1841 78 43
1853 78 40
1855 78 32
1859 78 51
1860 78 48
1870 78 53
1885 78 51
1892 78 43
1893 78 48
1897 78 38
1908 78 34
1910 78 41
1911 78 35
1928 78 37
1932 78 36
1936 78 37
1938 78 39
1941 78 54
1944 78 37
1947 78 48
1955 78 40
1972 78 45
1973 78 31
1975 78 46
1992 78 35
2000 78 26
2006 78 39
2012 78 41
2031 78 39
2036 78 32
2037 78 34
2048 78 22
2058 78 28
2059 78 32
2061 78 30
2064 78 38
2066 78 29
2083 78 32
2093 78 31
2103 78 28
2116 78 31
2119 78 28
2122 78 22
2131 78 29
2132 78 29
2152 78 22
2153 78 20
2172 78 24
2184 78 25
2193 78 30
2210 78 27
2220 78 28
2254 78 23
2258 78 23
2277 78 15
2282 78 25
2283 78 17
2285 78 16
2292 78 19
2296 78 15
2309 78 17
2311 78 17
2314 78 16
2318 78 23
2323 78 8
2330 78 14
2333 78 18
2339 78 25
2342 78 16
2363 78 10
2367 78 17
2394 78 11
2423 78 15
2425 78 13
2428 78 14
2433 78 8
2437 78 17
2438 78 10
2446 78 15
2447 78 12
2451 78 9
2458 78 13
2468 78 15
2475 78 11
2480 78 4
2484 78 5
2485 78 11
2496 78 8
2498 78 5
2511 78 8
2513 78 10
2519 78 10
2523 78 8
2526 78 7
2528 78 12
2548 78 9
2557 78 9
2562 78 4
2577 78 10
2584 78 5
2591 78 5
2593 78 7
2596 78 10
2609 78 7
2622 78 5
2643 78 8
2645 78 3
2648 78 6
2649 78 5
2650 78 6
2663 78 4
2671 78 2
2684 78 7
2687 78 1
2700 78 10
2702 78 5
2705 78 3
2718 78 3
2724 78 4
2726 78 6
2749 78 4
2753 78 4
2759 78 3
2773 78 2
2774 78 4
2820 78 2
2824 78 1
2825 78 3
2828 78 3
2860 78 1
2873 78 2
2877 78 1
2891 78 1
2896 78 1
2898 78 1
2909 78 1
2932 78 1
2942 78 1
2952 78 1
2957 78 1
2960 78 1
2967 78 1
2987 78 1
2997 78 1
1 79 308
8 79 316
10 79 293
11 79 276
13 79 304
15 79 316
17 79 288
18 79 315
19 79 286
21 79 327
24 79 286
27 79 300
29 79 288
33 79 297
35 79 269
37 79 292
40 79 270
41 79 299
42 79 287
43 79 297
47 79 285
49 79 288
54 79 279
55 79 299
56 79 289
59 79 271
60 79 281
61 79 332
63 79 293
65 79 311
71 79 283
77 79 278
81 79 294
82 79 278
85 79 296
87 79 287
88 79 262
91 79 281
92 79 299
94 79 303
95 79 247
97 79 264
99 79 273
106 79 289
109 79 274
113 79 286
118 79 249
119 79 293
121 79 253
122 79 254
124 79 285
125 79 284
127 79 292
129 79 268
130 79 277
133 79 295
135 79 262
138 79 286
144 79 258
146 79 301
151 79 261
152 79 296
154 79 296
157 79 264
158 79 280
159 79 266
160 79 257
161 79 264
162 79 294
164 79 264
170 79 273
173 79 242
174 79 242
175 79 272
176 79 223
178 79 257
180 79 255
182 79 275
183 79 273
184 79 279
185 79 270
187 79 279
191 79 277
193 79 278
196 79 255
197 79 275
199 79 254
200 79 264
204 79 275
206 79 299
207 79 246
212 79 249
213 79 250
217 79 245
218 79 276
219 79 256
221 79 252
222 79 296
227 79 271
228 79 286
229 79 270
230 79 243
236 79 265
237 79 244
238 79 256
240 79 276
241 79 240
242 79 226
243 79 269
247 79 282
248 79 235
249 79 241
253 79 238
254 79 276
257 79 246
258 79 259
259 79 248
260 79 261
262 79 255
263 79 254
264 79 249
268 79 256
269 79 242
271 79 249
275 79 249
278 79 261
280 79 249
282 79 248
284 79 256
286 79 244
292 79 252
294 79 223
295 79 219
298 79 237
299 79 284
300 79 254
304 79 251
306 79 231
307 79 240
308 79 251
312 79 256
316 79 232
317 79 242
319 79 216
320 79 224
323 79 257
324 79 245
325 79 233
326 79 248
327 79 254
329 79 223
330 79 245
331 79 249
332 79 222
334 79 237
339 79 262
349 79 205
351 79 224
352 79 224
357 79 264
360 79 224
367 79 235
371 79 204
378 79 217
379 79 226
380 79 220
383 79 220
385 79 229
386 79 199
388 79 220
390 79 222
395 79 220
396 79 261
397 79 258
400 79 237
402 79 230
410 79 201
411 79 203
412 79 221
415 79 224
422 79 221
427 79 256
429 79 212
433 79 218
436 79 226
437 79 213
440 79 214
441 79 199
446 79 236
448 79 190
449 79 244
460 79 220
465 79 258
467 79 230
469 79 190
470 79 215
471 79 213
472 79 208
475 79 239
476 79 233
479 79 222
480 79 220
483 79 249
484 79 203
485 79 212
489 79 207
490 79 195
492 79 206
498 79 207
503 79 208
506 79 190
508 79 208
510 79 206
512 79 189
513 79 197
515 79 221
529 79 188
532 79 218
535 79 204
536 79 193
539 79 218
543 79 210
560 79 196
562 79 165
563 79 197
565 79 188
567 79 200
569 79 223
570 79 164
573 79 190
574 79 204
580 79 219
584 79 195
585 79 189
592 79 196
595 79 168
596 79 190
598 79 215
601 79 161
603 79 219
608 79 174
611 79 188
612 79 195
615 79 177
616 79 194
617 79 199
623 79 193
625 79 207
628 79 215
632 79 181
638 79 173
639 79 208
641 79 187
643 79 175
651 79 185
653 79 193
655 79 190
656 79 215
657 79 213
663 79 175
672 79 171
679 79 180
680 79 181
684 79 173
685 79 183
686 79 198
691 79 153
694 79 184
700 79 173
701 79 168
711 79 185
720 79 203
722 79 188
724 79 156
725 79 176
729 79 173
730 79 194
734 79 161
735 79 172
736 79 188
737 79 175
740 79 164
741 79 183
742 79 175
743 79 161
744 79 181
746 79 181
747 79 138
750 79 178
752 79 155
762 79 161
767 79 167
768 79 174
770 79 178
771 79 163
773 79 174
774 79 160
776 79 161
778 79 148
779 79 167
781 79 171
785 79 186
786 79 177
789 79 173
790 79 152
797 79 158
800 79 151
805 79 177
811 79 183
813 79 169
817 79 181
822 79 152
829 79 150
830 79 146
836 79 151
838 79 175
845 79 146
847 79 148
850 79 167
853 79 138
855 79 151
862 79 143
863 79 149
875 79 158
879 79 147
882 79 163
884 79 144
892 79 161
893 79 156
904 79 144
909 79 136
912 79 139
913 79 134
919 79 154
925 79 155
926 79 161
935 79 167
936 79 145
940 79 156
944 79 120
949 79 134
952 79 142
955 79 141
957 79 149
961 79 162
966 79 163
969 79 153
972 79 146
974 79 151
976 79 127
979 79 96
980 79 128
982 79 155
983 79 142
986 79 172
991 79 138
1000 79 129
1004 79 116
1005 79 137
1006 79 142
1017 79 145
1023 79 122
1024 79 126
1027 79 143
1031 79 132
1036 79 150
1049 79 148
1056 79 144
1059 79 111
1063 79 134
1080 79 118
1093 79 124
1097 79 125
1100 79 140
1108 79 140
1113 79 107
1119 79 116
1120 79 128
1121 79 127
1122 79 118
1124 79 115
1125 79 98
1126 79 115
1127 79 101
1128 79 117
1131 79 108
1133 79 132
1135 79 105
1138 79 128
1144 79 107
1145 79 130
1147 79 102
1148 79 117
1154 79 99
1156 79 102
1169 79 110
1176 79 96
1177 79 120
1178 79 127
1180 79 101
1183 79 99
1190 79 111
1192 79 127
1198 79 100
1203 79 108
1217 79 116
1218 79 107
1228 79 107
1230 79 109
1233 79 113
1234 79 86
1249 79 109
1251 79 107
1258 79 118
1265 79 103
1271 79 112
1272 79 118
1274 79 102
1275 79 105
1278 79 101
1294 79 90
1295 79 84
1296 79 89
1307 79 84
1308 79 90
1309 79 112
1311 79 94
1313 79 83
1317 79 103
1327 79 99
1341 79 89
1344 79 97
1351 79 96
1353 79 76
1361 79 89
1362 79 100
1372 79 93
1373 79 81
1392 79 75
1397 79 104
1400 79 101
1402 79 71
1403 79 78
1405 79 106
1406 79 77
1410 79 94
1417 79 64
1420 79 81
1428 79 81
1431 79 101
1434 79 86
1454 79 77
1457 79 81
1471 79 59
1474 79 78
1484 79 73
1489 79 92
1493 79 69
1500 79 63
1504 79 63
1505 79 95
1510 79 73
1519 79 78
1521 79 59
1526 79 66
1528 79 72
1533 79 83
1537 79 75
1540 79 65
1542 79 65
1551 79 76
1554 79 79
1557 79 65
1560 79 84
1566 79 55
1567 79 79
1569 79 81
1572 79 68
1579 79 63
1581 79 59
1582 79 69
1583 79 62
1584 79 77
1585 79 67
1590 79 76
1618 79 75
1623 79 75
1628 79 79
1630 79 60
1638 79 59
1643 79 63
1647 79 69
1655 79 71
1657 79 79
1660 79 65
1671 79 53
1677 79 73
1678 79 61
1680 79 64
1694 79 58
1695 79 41
1701 79 55
1706 79 76
1709 79 60
1713 79 54
1718 79 60
1721 79 53
1725 79 59
1728 79 52
1735 79 69
1739 79 51
1744 79 67
1748 79 57
1750 79 43
1756 79 53
1761 79 53
1765 79 54
1767 79 55
1768 79 49
1784 79 49
1803 79 44
1807 79 42
1809 79 61
1811 79 47
1818 79 57
1820 79 49
1821 79 53
1823 79 61
1827 79 48
1828 79 55
1837 79 48
1845 79 42
1849 79 54
1855 79 37
1860 79 43
1873 79 57
1879 79 51
1885 79 42
1886 79 42
1889 79 49
1893 79 48
1898 79 49
1903 79 31
1904 79 49
1914 79 47
1919 79 40
1944 79 42
1947 79 40
1950 79 36
1954 79 52
1955 79 28
1957 79 39
1965 79 31
1985 79 32
1992 79 35
1993 79 28
1994 79 36
2001 79 39
2004 79 38
2005 79 54
2010 79 39
2017 79 25
2019 79 31
2020 79 30
2021 79 39
2038 79 31
2046 79 40
2052 79 33
2058 79 32
2078 79 36
2080 79 25
2090 79 23
2103 79 34
2123 79 38
2125 79 30
2134 79 36
2138 79 40
2172 79 19
2181 79 14
2184 79 20
2195 79 27
2200 79 27
2203 79 23
2210 79 26
2218 79 21
2223 79 20
2231 79 19
2232 79 25
2241 79 23
2248 79 15
2255 79 20
2269 79 26
2271 79 25
2307 79 14
2312 79 17
2323 79 16
2325 79 18
2332 79 16
2340 79 14
2344 79 19
2361 79 18
2363 79 11
2372 79 12
2393 79 13
2410 79 9
2416 79 12
2421 79 13
2422 79 20
2423 79 14
2428 79 11
2448 79 13
2456 79 5
2466 79 15
2480 79 5
2482 79 13
2488 79 16
2498 79 9
2509 79 7
2520 79 5
2526 79 4
2560 79 5
2569 79 3
2570 79 4
2574 79 7
2583 79 8
2595 79 8
2603 79 6
2605 79 7
2611 79 4
2619 79 5
2661 79 7
2676 79 11
2677 79 5
2679 79 5
2712 79 3
2716 79 6
2732 79 4
2733 79 2
2747 79 5
2749 79 3
2755 79 5
2757 79 2
2761 79 3
2765 79 4
2783 79 4
2793 79 1
2802 79 2
2822 79 3
2863 79 2
2875 79 2
2876 79 2
2882 79 1
2890 79 2
2892 79 1
2894 79 2
2904 79 1
2919 79 1
2923 79 1
2934 79 1
2935 79 1
2936 79 2
2938 79 1
2939 79 1
2941 79 1
2947 79 1
2951 79 1
2952 79 2
2961 79 1
2977 79 1
2985 79 1
2990 79 1