3000 80 21818 15 2000
473 224 15 416 89 130 108 194 50 219 385 431 466 149 482 347 324 139 108 186 139 208 334 15 99 448 60 152 114 36 326 351 156 330 123 278 23 385 361 140 12 171 237 303 296 161 399 374 216 450 26 304 346 487 385 14 256 84 114 386 318 248 64 148 39 102 161 32 96 287 272 275 165 483 377 104 399 230 367 247 137 25 349 118 200 223 464 441 420 275 361 83 225 217 125 490 483 229 487 342 191 279 166 194 67 472 339 63 194 262 224 182 455 485 69 300 291 460 430 292 363 181 144 281 352 368 33 139 295 462 195 321 181 437 469 301 421 257 459 303 10 443 492 88 162 209 392 89 414 393 226 68 115 482 438 479 279 57 402 294 272 436 216 158 218 107 46 312 235 108 162 305 483 73 369 415 327 318 134 116 423 149 496 28 16 172 182 164 281 44 421 22 265 40 224 254 224 16 359 221 238 172 117 29 192 337 323 234 450 109 209 111 397 43 304 108 212 212 426 240 265 301 269 412 22 392 357 150 55 276 467 246 29 193 363 307 85 101 112 309 261 183 191 230 172 244 123 104 40 270 487 337 285 398 314 427 155 355 162 480 83 443 408 489 290 26 282 315 461 234 156 353 498 455 109 481 238 71 397 415 225 374 251 10 325 265 159 314 206 173 143 344 46 100 243 475 210 200 343 458 172 72 102 474 226 357 473 91 312 150 383 119 370 394 430 461 355 12 281 497 324 440 233 484 199 108 410 434 305 470 226 360 147 484 452 206 267 34 416 406 31 209 302 116 112 144 443 243 298 234 315 119 444 66 81 179 52 319 176 45 43 231 192 417 153 325 411 500 225 27 297 457 264 209 276 115 29 277 296 343 458 198 44 380 313 237 199 349 324 471 195 60 266 414 127 386 132 482 143 345 198 129 385 169 480 465 27 267 400 360 327 98 394 167 72 143 359 431 34 424 458 496 97 245 138 208 374 145 317 97 234 24 198 287 16 55 97 495 119 419 82 460 355 170 436 419 120 36 380 284 162 225 286 124 103 410 496 16 221 288 299 318 72 241 159 171 55 55 380 171 296 233 290 459 179 24 268 139 346 496 223 259 417 439 57 184 498 237 178 385 314 465 485 196 70 375 337 294 358 50 201 380 466 390 173 478 386 55 159 438 339 233 335 155 12 356 207 462 331 370 37 460 313 218 489 321 427 115 108 241 220 333 99 383 114 332 91 119 263 309 89 133 210 184 448 33 92 334 491 419 338 422 104 83 484 27 99 494 325 197 333 280 287 363 206 15 497 268 394 263 83 63 335 143 483 289 96 428 153 225 82 41 259 122 344 500 121 192 460 262 117 51 60 426 60 218 416 215 144 50 91 77 395 68 107 415 135 36 232 210 133 131 432 316 73 23 300 84 340 57 274 180 429 172 176 287 32 108 102 250 40 202 441 472 492 282 112 378 277 178 436 432 450 61 319 18 144 132 280 279 276 421 447 56 254 479 228 66 239 465 353 129 444 277 65 246 223 45 245 414 73 12 420 49 246 333 475 228 358 26 113 125 295 480 477 423 263 353 78 169 225 339 43 448 364 413 117 131 307 443 345 368 77 262 487 414 338 244 190 49 300 83 193 470 415 493 201 334 405 338 415 33 258 48 208 395 229 58 353 14 306 12 273 493 294 330 304 92 437 102 166 333 400 356 394 318 470 207 260 28 202 94 403 347 326 499 460 348 346 335 309 442 494 280 60 67 236 171 314 73 479 242 97 281 378 132 290 430 243 266 462 388 427 193 281 173 339 318 404 158 76 141 449 214 207 24 424 14 231 281 17 342 419 176 381 97 97 69 51 113 370 430 373 264 386 430 156 176 434 397 168 298 362 83 450 325 371 184 287 72 38 346 387 452 79 452 166 376 401 307 481 376 134 311 183 207 485 175 30 138 398 354 91 82 330 402 269 428 321 347 430 444 190 212 430 484 61 11 449 53 26 259 320 450 414 297 237 286 444 88 301 384 83 56 492 238 423 143 397 194 427 265 186 93 373 131 383 32 412 293 89 192 358 139 36 265 344 126 148 111 255 261 275 279 310 468 233 309 379 436 198 383 493 361 299 218 200 124 18 334 106 31 43 154 242 191 401 61 409 157 438 462 474 47 292 66 123 18 315 168 338 132 111 499 122 255 11 129 345 148 268 106 348 329 316 485 349 72 250 134 366 115 455 498 89 90 465 402 345 387 216 309 496 145 453 23 269 430 57 244 465 265 354 462 100 307 89 132 396 194 107 257 155 425 304 441 119 147 222 490 368 397 36 166 213 344 392 318 118 84 325 32 279 461 65 224 227 445 133 242 59 263 172 183 406 323 419 223 334 352 344 402 391 94 454 427 326 414 428 195 408 219 183 376 132 262 411 209 164 203 356 407 264 410 422 56 279 163 479 392 149 483 266 447 178 358 300 50 302 450 447 286 383 265 129 258 152 73 480 360 181 428 170 273 463 316 413 198 19 46 459 123 65 125 91 206 336 323 80 157 142 17 269 416 355 292 251 424 213 172 322 211 396 48 493 435 349 25 159 57 493 131 301 368 125 100 407 279 127 148 392 392 386 498 180 481 139 197 145 81 299 237 317 310 116 426 95 338 194 203 67 162 297 388 81 207 49 466 238 61 405 291 123 313 351 329 493 268 294 265 163 337 42 258 243 11 63 224 461 264 76 218 123 199 123 275 450 303 448 470 166 220 340 249 481 405 157 152 99 259 293 419 146 193 196 138 272 403 407 452 169 115 263 396 494 259 79 102 322 21 424 216 232 428 389 348 397 225 349 212 463 278 164 401 147 101 149 327 330 18 248 485 186 88 498 123 202 277 290 112 493 291 220 424 185 239 453 44 116 340 125 495 156 378 497 101 282 63 314 127 241 209 98 462 46 114 99 242 219 80 410 10 225 89 246 413 10 194 176 255 163 345 458 168 430 432 205 383 444 85 263 397 170 201 24 287 11 320 448 192 183 86 287 133 473 160 261 359 219 362 161 17 305 52 317 434 303 87 139 285 417 497 457 92 276 410 26 221 15 147 370 418 55 407 268 388 316 429 94 149 105 100 263 226 17 463 480 310 109 153 233 287 41 245 219 379 40 59 96 447 423 480 51 365 250 45 395 298 434 238 373 499 396 342 293 226 123 63 354 441 395 176 70 469 420 345 392 423 463 141 289 168 120 39 336 477 273 170 365 162 367 280 223 341 26 20 257 134 170 309 378 26 381 90 357 237 293 431 357 415 56 467 153 360 468 129 58 412 421 262 250 209 79 461 436 424 255 71 493 193 44 235 254 261 344 86 343 19 356 420 86 154 418 248 429 459 116 179 19 117 303 30 220 435 277 418 416 414 467 462 203 402 464 170 175 469 408 446 479 483 26 277 402 377 273 401 81 248 475 299 454 446 22 475 438 379 351 96 195 169 183 294 250 495 24 11 144 229 461 413 308 489 32 326 373 496 272 34 351 399 360 456 157 321 81 225 67 367 368 305 140 375 437 410 89 21 247 69 56 136 85 24 196 441 91 220 73 77 406 443 342 273 328 73 97 49 186 497 195 257 447 11 90 419 452 278 90 200 106 48 222 285 442 248 20 387 110 478 252 200 177 60 130 18 156 87 229 89 470 78 390 394 475 337 59 482 454 262 384 70 138 280 31 209 38 467 92 35 19 496 315 329 109 180 303 320 461 467 414 406 242 381 364 332 35 418 396 330 44 212 468 402 220 135 243 438 466 363 115 198 432 291 162 450 84 263 480 470 288 35 71 468 402 236 96 66 376 179 384 318 90 112 163 267 233 31 430 33 125 376 210 154 146 244 343 16 412 113 177 222 148 344 252 403 498 337 461 405 281 453 113 140 65 21 216 249 469 75 447 218 129 353 50 442 240 356 104 349 78 159 208 70 303 303 54 105 397 473 143 422 25 84 335 488 130 484 176 324 222 276 186 193 188 69 491 271 368 264 214 157 375 169 478 16 90 310 230 395 40 129 228 42 174 198 364 250 143 428 65 302 389 342 349 323 231 24 200 484 259 452 462 174 215 399 439 383 350 361 31 169 110 147 277 141 336 184 213 368 180 203 133 129 207 132 159 369 18 270 356 317 305 229 59 309 174 225 321 107 193 113 10 279 163 460 83 183 142 435 59 128 157 215 224 322 194 325 162 181 249 239 238 57 256 101 384 338 265 58 178 204 84 350 218 422 179 416 407 176 74 367 297 142 398 144 164 135 23 441 132 320 493 59 91 110 229 115 439 287 219 85 441 135 96 10 450 91 220 139 462 154 500 217 83 378 391 129 388 153 226 341 87 302 491 338 442 313 290 301 419 202 141 179 220 15 208 365 273 304 240 218 453 121 182 75 493 215 463 243 439 155 22 265 176 449 21 137 266 245 290 258 53 474 55 125 123 307 379 377 75 107 414 408 98 226 448 462 207 232 492 22 46 346 220 491 443 343 438 290 493 20 301 399 146 43 228 434 214 80 466 401 138 52 455 71 352 486 21 116 142 26 427 55 193 254 82 426 369 451 371 151 444 37 377 286 250 270 445 229 85 112 56 106 204 141 292 444 111 15 29 257 379 122 151 82 58 489 97 34 242 278 381 314 406 77 92 484 235 252 127 112 331 35 361 357 463 216 465 358 424 280 222 245 89 491 409 453 109 36 162 412 324 20 247 424 145 423 53 223 259 440 472 427 290 295 271 388 185 467 28 160 256 218 85 63 28 201 298 189 308 158 132 48 296 47 198 172 464 83 166 383 164 229 342 80 291 460 463 297 386 145 270 40 23 76 314 237 217 460 174 453 346 186 265 27 32 106 372 140 415 114 207 323 369 188 209 334 157 428 126 187 80 36 324 143 212 271 245 60 100 94 181 406 161 438 15 125 273 101 14 51 341 125 264 87 143 222 420 467 182 441 180 184 496 206 235 82 52 423 414 133 201 163 251 387 471 498 239 500 315 340 353 53 88 406 214 12 433 163 392 215 34 430 475 139 252 403 305 116 184 182 384 95 168 113 434 316 170 197 38 465 352 285 25 346 135 268 183 396 362 387 220 308 405 150 245 479 293 14 288 61 425 262 25 364 411 42 111 376 490 316 355 211 226 295 331 116 197 241 186 340 89 196 155 359 228 342 406 96 360 36 240 151 378 73 398 415 392 444 48 365 379 417 45 66 176 104 97 291 356 149 428 335 275 372 65 180 216 400 357 213 245 209 498 31 95 500 270 135 64 153 348 217 270 324 101 248 202 115 472 319 119 60 95 93 262 276 398 157 110 143 203 431 42 202 372 226 31 341 105 323 435 380 319 329 229 173 222 461 254 238 232 434 181 39 122 142 39 466 398 86 207 91 448 413 57 302 449 378 457 408 149 183 432 248 234 260 197 456 173 359 378 33 109 64 231 255 172 341 492 72 382 42 384 186 491 498 414 94 207 120 230 164 452 446 94 448 74 264 170 33 21 336 241 337 18 474 371 346 157 437 208 220 129 479 371 247 424 77 217 158 137 188 306 497 116 142 429 202 69 169 24 390 83 285 397 212 96 221 60 93 322 178 68 141 264 145 416 70 472 327 14 30 466 438 418 305 238 206 47 441 500 431 81 500 22 190 415 152 390 192 334 208 55 200 327 426 170 480 84 400 27 324 35 192 32 318 363 54 364 440 381 239 323 63 223 493 299 499 159 297 395 397 391 386 370 313 140 453 179 233 447 340 431 396 93 381 59 476 262 25 435 375 405 212 115 301 241 223 198 127 132 323 88 108 240 286 22 465 286 271 138 310 363 129 91 123 445 436 145 323 58 82 459 145 357 140 139 321 269 202 315 263 67 206 115 382 104 354 425 74 110 429 430 497 272 482 490 221 399 240 189 351 193 490 157 489 193 481 500 360 18 227 475 390 386 179 473 316 496 332 394 64 289 309 117 58 313 265 155 185 444 105 222 115 29 330 241 153 353 419 283 491 105 248 482 209 234 193 352 54 491 406 387 353 76 286 116 182 146 497 405 320 496 118 372 324 411 164 463 409 65 358 446 205 95 96 322 167 293 98 110 169 377 227 269 238 369 39 346 65 249 262 306 228 96 416 386 454 300 498 176 66 232 370 276 434 282 444 351 29 121 177 206 54 399 493 456 268 139 226 82 478 311 400 347 400 343 204 280 141 76 217 99 123 334 143 390 374 349 159 259 236 183 278 81 79 332 421 180 16 167 230 181 440 165 148 358 100 201 392 483 343 108 354 375 129 342 307 203 461 140 59 446 212 197 352 343 79 306 378 15 350 436 263 364 191 322 250 236 280 454 293 134 466 70 281 248 196 439 163 199 442 41 90 476 129 452 312 397 228 203 169 317 207 162 271 211 448 183 443 405 52 401 380 162 455 27 17 285 23 386 326 425 126 299 213 349 109 277 96 70 326 275 332 406 335 216 219 223 179 211 280 296 285 458 302 430 289 432 36 486 193 67 237 167 171 258 419 11 201 177 260 215 428 88 111 371 63 305 168 175 214 453 114 82 32 288 114 419 469 222 221 16 98 216 124 34 322 377 349 95 12 73 106 190 250 201 240 34 446 286 331 246 88 296 453 348 207 137 347 486 65 145 339 317 229 461 340 302 117 410 307 197 236 378 293 327 88 406 218 215 98 388 188 100 489 468 463 397 478 486 38 285 219 227 499 478 139 154 428 152 60 295 175 474 23 435 144 319 170 69 430 12 372 73 209 244 285 219 363 348 189 175 305 249 269 73 198 435 349 354 121 106 357 495 122 156 328 31 49
437 5
0 79
3 367
6 372
9 216
12 311
477 5
2 208
5 190
8 219
11 323
14 347
497 5
1 293
4 407
7 332
10 379
13 456
965 5
0 470
3 371
6 477
9 111
12 344
925 5
2 435
5 244
8 23
11 475
14 432
471 5
1 309
4 286
7 53
10 311
13 234
290 5
0 35
3 41
6 91
9 212
12 211
680 5
2 255
5 32
8 34
11 19
14 79
374 5
1 363
4 12
7 205
10 198
13 347
367 5
0 53
3 71
6 149
9 47
12 126
606 5
2 248
5 66
8 15
11 182
14 157
983 5
1 409
4 90
7 311
10 359
13 100
234 5
0 6
3 186
6 116
9 194
12 224
910 5
2 124
5 284
8 455
11 27
14 89
166 5
1 91
4 136
7 17
10 17
13 84
901 5
0 413
3 327
6 297
9 43
12 440
300 5
2 23
5 99
8 115
11 73
14 13
133 5
1 123
4 117
7 129
10 125
13 49
601 5
0 439
3 250
6 111
9 11
12 92
941 5
2 345
5 6
8 92
11 205
14 159
971 5
1 5
4 209
7 11
10 393
13 386
173 5
0 20
3 13
6 13
9 118
12 67
939 5
2 231
5 301
8 195
11 98
14 458
207 5
1 202
4 59
7 169
10 129
13 117
516 5
0 181
3 364
6 404
9 455
12 9
106 5
2 76
5 81
8 52
11 41
14 66
119 5
1 87
4 38
7 72
10 98
13 89
965 5
0 453
3 203
6 130
9 397
12 391
202 5
2 130
5 177
8 174
11 57
14 103
345 5
1 6
4 17
7 270
10 213
13 334
582 5
0 437
3 410
6 405
9 451
12 154
722 5
2 195
5 183
8 451
11 158
14 1
819 5
1 184
4 114
7 313
10 103
13 324
349 5
0 40
3 177
6 261
9 37
12 107
535 5
2 102
5 128
8 233
11 466
14 175
973 5
1 337
4 249
7 232
10 376
13 144
684 5
0 107
3 416
6 486
9 498
12 128
331 5
2 167
5 300
8 246
11 126
14 125
825 5
1 98
4 31
7 195
10 201
13 500
256 5
0 181
3 84
6 219
9 32
12 58
517 5
2 223
5 406
8 162
11 331
14 122
154 5
1 9
4 9
7 21
10 152
13 8
371 5
0 361
3 269
6 370
9 153
12 57
910 5
2 12
5 242
8 240
11 435
14 349
176 5
1 84
4 11
7 142
10 165
13 153
180 5
0 53
3 78
6 94
9 13
12 156
666 5
2 79
5 84
8 213
11 444
14 294
706 5
1 26
4 255
7 456
10 44
13 453
738 5
0 111
3 59
6 383
9 76
12 377
538 5
2 303
5 200
8 141
11 418
14 193
326 5
1 241
4 297
7 302
10 85
13 93
642 5
0 416
3 164
6 499
9 396
12 430
638 5
2 130
5 441
8 295
11 144
14 122
823 5
1 240
4 493
7 212
10 61
13 418
653 5
0 230
3 438
6 38
9 172
12 466
305 5
2 92
5 211
8 139
11 295
14 9
112 5
1 17
4 72
7 5
10 69
13 16
212 5
0 45
3 125
6 26
9 191
12 208
115 5
2 97
5 73
8 68
11 57
14 48
927 5
1 134
4 469
7 195
10 59
13 82
976 5
0 452
3 423
6 355
9 326
12 359
963 5
2 333
5 185
8 309
11 379
14 353
465 5
1 335
4 410
7 388
10 5
13 329
567 5
0 147
3 167
6 122
9 404
12 76
626 5
2 400
5 119
8 370
11 361
14 472
525 5
1 216
4 449
7 424
10 286
13 244
240 5
0 187
3 172
6 191
9 85
12 59
841 5
2 400
5 104
8 47
11 498
14 253
427 5
1 267
4 56
7 275
10 13
13 313
620 5
0 408
3 19
6 205
9 61
12 179
820 5
2 254
5 317
8 435
11 174
14 261
616 5
1 316
4 18
7 460
10 317
13 121
754 5
0 432
3 230
6 138
9 82
12 301
170 5
2 22
5 142
8 92
11 26
14 44
184 5
1 42
4 30
7 39
10 63
13 37
655 5
0 34
3 111
6 59
9 360
12 166
119 5
2 28
5 86
8 47
11 87
14 74
752 5
1 303
4 493
7 487
10 190
13 131
747 5
0 480
3 80
6 172
9 357
12 335
534 5
2 350
5 298
8 358
11 300
14 92
10 0 609
21 0 363
32 0 867
43 0 640
54 0 157
65 0 777
76 0 129
87 0 247
98 0 617
109 0 323
120 0 460
131 0 812
142 0 720
153 0 196
164 0 931
175 0 98
186 0 123
197 0 973
208 0 311
219 0 71
230 0 54
241 0 918
252 0 215
263 0 310
274 0 160
285 0 982
296 0 134
307 0 245
318 0 430
329 0 596
340 0 140
351 0 252
362 0 443
373 0 66
384 0 189
395 0 589
406 0 403
417 0 776
428 0 356
439 0 889
450 0 558
461 0 393
472 0 930
483 0 206
494 0 175
505 0 981
516 0 122
527 0 413
538 0 344
549 0 652
560 0 378
571 0 261
582 0 498
593 0 79
604 0 698
615 0 338
626 0 309
637 0 149
648 0 351
659 0 152
670 0 555
681 0 65
692 0 215
703 0 904
714 0 469
725 0 740
736 0 162
747 0 967
758 0 397
769 0 615
780 0 951
791 0 457
802 0 716
813 0 873
824 0 577
835 0 253
846 0 296
857 0 678
868 0 35
879 0 898
890 0 257
901 0 347
912 0 693
923 0 98
934 0 494
945 0 573
956 0 250
967 0 237
978 0 240
989 0 144
1000 0 366
1011 0 819
1022 0 142
1033 0 572
1044 0 321
1055 0 83
1066 0 394
1077 0 451
1088 0 725
1099 0 101
1110 0 456
1121 0 946
1132 0 15
1143 0 756
1154 0 412
1165 0 845
1176 0 543
1187 0 83
1198 0 354
1209 0 64
1220 0 458
1231 0 63
1242 0 663
1253 0 326
1264 0 618
1275 0 694
1286 0 512
1297 0 477
1308 0 957
1319 0 168
1330 0 985
1341 0 707
1352 0 539
1363 0 541
1374 0 603
1385 0 800
1396 0 255
1407 0 315
1418 0 794
1429 0 57
1440 0 88
1451 0 44
1462 0 551
1473 0 613
1484 0 987
1495 0 617
1506 0 689
1517 0 857
1528 0 865
1539 0 474
1550 0 318
1561 0 144
1572 0 575
1583 0 737
1594 0 986
1605 0 497
1616 0 703
1627 0 338
1638 0 213
1649 0 695
1660 0 194
1671 0 248
1682 0 726
1693 0 732
1704 0 221
1715 0 752
1726 0 211
1737 0 425
1748 0 37
1759 0 447
1770 0 654
1781 0 705
1792 0 947
1803 0 140
1814 0 224
1825 0 895
1836 0 935
1847 0 821
1858 0 38
1869 0 890
1880 0 823
1891 0 317
1902 0 259
1913 0 534
1924 0 147
1935 0 903
1946 0 216
1957 0 895
1968 0 500
1979 0 575
1990 0 288
2001 0 945
2012 0 853
2023 0 19
2034 0 610
2045 0 562
2056 0 888
2067 0 493
2078 0 582
2089 0 422
2100 0 343
2111 0 545
2122 0 825
2133 0 897
2144 0 913
2155 0 56
2166 0 30
2177 0 145
2188 0 295
2199 0 710
2210 0 93
2221 0 553
2232 0 443
2243 0 567
2254 0 317
2265 0 648
2276 0 736
2287 0 267
2298 0 63
2309 0 107
2320 0 664
2331 0 423
2342 0 147
2353 0 655
2364 0 937
2375 0 988
2386 0 568
2397 0 301
2408 0 508
2419 0 996
2430 0 581
2441 0 874
2452 0 256
2463 0 455
2474 0 368
2485 0 802
2496 0 158
2507 0 842
2518 0 603
2529 0 971
2540 0 276
2551 0 800
2562 0 262
2573 0 270
2584 0 498
2595 0 835
2606 0 123
2617 0 285
2628 0 343
2639 0 351
2650 0 392
2661 0 267
2672 0 290
2683 0 540
2694 0 707
2705 0 28
2716 0 863
2727 0 394
2738 0 944
2749 0 287
2760 0 108
2771 0 670
2782 0 561
2793 0 274
2804 0 295
2815 0 240
2826 0 440
2837 0 588
2848 0 22
2859 0 764
2870 0 24
2881 0 424
2892 0 557
2903 0 964
2914 0 450
2925 0 698
2936 0 911
2947 0 358
2958 0 479
2969 0 722
2980 0 904
2991 0 209
1 1 935
12 1 44
23 1 423
34 1 27
45 1 209
56 1 206
67 1 104
78 1 664
89 1 89
100 1 985
111 1 346
122 1 991
133 1 102
144 1 490
155 1 190
166 1 831
177 1 758
188 1 21
199 1 944
210 1 339
221 1 110
232 1 665
243 1 54
254 1 465
265 1 77
276 1 276
287 1 242
298 1 776
309 1 717
320 1 475
331 1 370
342 1 3
353 1 489
364 1 936
375 1 359
386 1 347
397 1 123
408 1 821
419 1 220
430 1 703
441 1 640
452 1 543
463 1 189
474 1 796
485 1 882
496 1 105
507 1 864
518 1 919
529 1 799
540 1 509
551 1 576
562 1 300
573 1 473
584 1 564
595 1 13
606 1 917
617 1 531
628 1 339
639 1 893
650 1 351
661 1 299
672 1 463
683 1 539
694 1 884
705 1 580
716 1 612
727 1 598
738 1 176
749 1 511
760 1 110
771 1 451
782 1 34
793 1 844
804 1 767
815 1 753
826 1 742
837 1 50
848 1 956
859 1 384
870 1 805
881 1 636
892 1 759
903 1 102
914 1 661
925 1 224
936 1 679
947 1 1000
958 1 616
969 1 624
980 1 241
991 1 224
1002 1 901
1013 1 412
1024 1 664
1035 1 910
1046 1 254
1057 1 76
1068 1 247
1079 1 754
1090 1 223
1101 1 522
1112 1 804
1123 1 843
1134 1 700
1145 1 866
1156 1 328
1167 1 836
1178 1 166
1189 1 566
1200 1 511
1211 1 951
1222 1 101
1233 1 445
1244 1 93
1255 1 584
1266 1 186
1277 1 788
1288 1 630
1299 1 163
1310 1 98
1321 1 518
1332 1 193
1343 1 962
1354 1 355
1365 1 441
1376 1 794
1387 1 960
1398 1 944
1409 1 730
1420 1 171
1431 1 399
1442 1 453
1453 1 892
1464 1 861
1475 1 86
1486 1 245
1497 1 226
1508 1 79
1519 1 211
1530 1 515
1541 1 267
1552 1 770
1563 1 287
1574 1 665
1585 1 448
1596 1 869
1607 1 932
1618 1 626
1629 1 819
1640 1 731
1651 1 756
1662 1 558
1673 1 252
1684 1 501
1695 1 714
1706 1 616
1717 1 82
1728 1 329
1739 1 895
1750 1 838
1761 1 514
1772 1 211
1783 1 14
1794 1 500
1805 1 113
1816 1 642
1827 1 434
1838 1 635
1849 1 348
1860 1 673
1871 1 811
1882 1 471
1893 1 20
1904 1 471
1915 1 415
1926 1 62
1937 1 553
1948 1 567
1959 1 556
1970 1 557
1981 1 29
1992 1 895
2003 1 229
2014 1 954
2025 1 929
2036 1 972
2047 1 161
2058 1 844
2069 1 819
2080 1 410
2091 1 595
2102 1 911
2113 1 232
2124 1 71
2135 1 883
2146 1 197
2157 1 736
2168 1 595
2179 1 480
2190 1 850
2201 1 990
2212 1 93
2223 1 471
2234 1 615
2245 1 75
2256 1 953
2267 1 446
2278 1 857
2289 1 712
2300 1 497
2311 1 356
2322 1 928
2333 1 720
2344 1 437
2355 1 272
2366 1 762
2377 1 815
2388 1 748
2399 1 774
2410 1 753
2421 1 492
2432 1 176
2443 1 488
2454 1 822
2465 1 34
2476 1 825
2487 1 833
2498 1 41
2509 1 378
2520 1 314
2531 1 675
2542 1 798
2553 1 816
2564 1 14
2575 1 581
2586 1 736
2597 1 264
2608 1 899
2619 1 869
2630 1 171
2641 1 516
2652 1 420
2663 1 860
2674 1 216
2685 1 356
2696 1 88
2707 1 323
2718 1 583
2729 1 906
2740 1 422
2751 1 889
2762 1 929
2773 1 904
2784 1 596
2795 1 927
2806 1 970
2817 1 395
2828 1 312
2839 1 439
2850 1 189
2861 1 777
2872 1 42
2883 1 558
2894 1 405
2905 1 894
2916 1 405
2927 1 193
2938 1 685
2949 1 473
2960 1 123
2971 1 750
2982 1 502
2993 1 891
3 2 158
14 2 317
25 2 471
36 2 460
47 2 550
58 2 936
69 2 519
80 2 448
91 2 302
102 2 322
113 2 353
124 2 547
135 2 358
146 2 978
157 2 283
168 2 499
179 2 677
190 2 898
201 2 537
212 2 946
223 2 473
234 2 320
245 2 511
256 2 727
267 2 382
278 2 603
289 2 182
300 2 760
311 2 676
322 2 917
333 2 314
344 2 749
355 2 908
366 2 215
377 2 764
388 2 225
399 2 17
410 2 300
421 2 766
432 2 489
443 2 780
454 2 662
465 2 466
476 2 340
487 2 764
498 2 88
509 2 60
520 2 941
531 2 424
542 2 317
553 2 321
564 2 767
575 2 41
586 2 211
597 2 129
608 2 890
619 2 733
630 2 932
641 2 64
652 2 807
663 2 171
674 2 9
685 2 621
696 2 236
707 2 151
718 2 118
729 2 643
740 2 693
751 2 109
762 2 698
773 2 136
784 2 796
795 2 612
806 2 648
817 2 602
828 2 872
839 2 295
850 2 894
861 2 895
872 2 110
883 2 999
894 2 511
905 2 111
916 2 49
927 2 911
938 2 606
949 2 898
960 2 530
971 2 536
982 2 691
993 2 779
1004 2 229
1015 2 337
1026 2 307
1037 2 233
1048 2 424
1059 2 880
1070 2 557
1081 2 140
1092 2 28
1103 2 753
1114 2 652
1125 2 835
1136 2 85
1147 2 158
1158 2 528
1169 2 720
1180 2 988
1191 2 834
1202 2 47
1213 2 962
1224 2 624
1235 2 156
1246 2 296
1257 2 710
1268 2 589
1279 2 614
1290 2 130
1301 2 28
1312 2 308
1323 2 724
1334 2 595
1345 2 400
1356 2 712
1367 2 536
1378 2 676
1389 2 639
1400 2 355
1411 2 420
1422 2 767
1433 2 16
1444 2 156
1455 2 329
1466 2 315
1477 2 570
1488 2 362
1499 2 78
1510 2 785
1521 2 349
1532 2 396
1543 2 327
1554 2 976
1565 2 302
1576 2 11
1587 2 483
1598 2 657
1609 2 587
1620 2 59
1631 2 988
1642 2 433
1653 2 585
1664 2 571
1675 2 506
1686 2 72
1697 2 810
1708 2 928
1719 2 131
1730 2 718
1741 2 258
1752 2 948
1763 2 990
1774 2 938
1785 2 394
1796 2 990
1807 2 159
1818 2 496
1829 2 803
1840 2 249
1851 2 465
1862 2 557
1873 2 492
1884 2 227
1895 2 429
1906 2 897
1917 2 846
1928 2 574
1939 2 38
1950 2 133
1961 2 535
1972 2 405
1983 2 395
1994 2 423
2005 2 310
2016 2 588
2027 2 149
2038 2 528
2049 2 559
2060 2 30
2071 2 210
2082 2 840
2093 2 518
2104 2 276
2115 2 150
2126 2 630
2137 2 985
2148 2 417
2159 2 43
2170 2 869
2181 2 162
2192 2 340
2203 2 483
2214 2 22
2225 2 995
2236 2 655
2247 2 437
2258 2 494
2269 2 510
2280 2 581
2291 2 152
2302 2 948
2313 2 776
2324 2 765
2335 2 451
2346 2 237
2357 2 544
2368 2 913
2379 2 298
2390 2 226
2401 2 307
2412 2 944
2423 2 277
2434 2 584
2445 2 532
2456 2 723
2467 2 312
2478 2 245
2489 2 988
2500 2 861
2511 2 627
2522 2 537
2533 2 456
2544 2 295
2555 2 909
2566 2 945
2577 2 711
2588 2 986
2599 2 681
2610 2 702
2621 2 305
2632 2 693
2643 2 858
2654 2 128
2665 2 938
2676 2 535
2687 2 930
2698 2 637
2709 2 349
2720 2 658
2731 2 144
2742 2 811
2753 2 385
2764 2 713
2775 2 265
2786 2 755
2797 2 251
2808 2 681
2819 2 580
2830 2 516
2841 2 865
2852 2 549
2863 2 868
2874 2 244
2885 2 764
2896 2 998
2907 2 409
2918 2 451
2929 2 522
2940 2 965
2951 2 903
2962 2 426
2973 2 764
2984 2 372
2995 2 164
5 3 506
16 3 52
27 3 405
38 3 299
49 3 867
60 3 580
71 3 870
82 3 62
93 3 382
104 3 502
115 3 108
126 3 646
137 3 282
148 3 507
159 3 463
170 3 380
181 3 412
192 3 36
203 3 985
214 3 608
225 3 817
236 3 356
247 3 817
258 3 454
269 3 541
280 3 7
291 3 276
302 3 793
313 3 67
324 3 514
335 3 483
346 3 101
357 3 849
368 3 881
379 3 481
390 3 141
401 3 989
412 3 496
423 3 828
434 3 376
445 3 582
456 3 768
467 3 499
478 3 746
489 3 76
500 3 355
511 3 342
522 3 464
533 3 983
544 3 500
555 3 675
566 3 396
577 3 299
588 3 349
599 3 833
610 3 324
621 3 810
632 3 90
643 3 56
654 3 999
665 3 38
676 3 528
687 3 919
698 3 498
709 3 797
720 3 706
731 3 970
742 3 906
753 3 213
764 3 477
775 3 22
786 3 48
797 3 891
808 3 261
819 3 631
830 3 117
841 3 686
852 3 955
863 3 408
874 3 911
885 3 756
896 3 357
907 3 724
918 3 659
929 3 107
940 3 523
951 3 365
962 3 644
973 3 270
984 3 101
995 3 965
1006 3 207
1017 3 868
1028 3 670
1039 3 450
1050 3 500
1061 3 168
1072 3 868
1083 3 511
1094 3 618
1105 3 257
1116 3 644
1127 3 539
1138 3 303
1149 3 611
1160 3 579
1171 3 429
1182 3 708
1193 3 198
1204 3 602
1215 3 297
1226 3 436
1237 3 873
1248 3 176
1259 3 384
1270 3 412
1281 3 86
1292 3 117
1303 3 100
1314 3 690
1325 3 398
1336 3 108
1347 3 351
1358 3 482
1369 3 55
1380 3 337
1391 3 996
1402 3 458
1413 3 576
1424 3 264
1435 3 865
1446 3 568
1457 3 699
1468 3 11
1479 3 324
1490 3 639
1501 3 292
1512 3 847
1523 3 683
1534 3 919
1545 3 649
1556 3 499
1567 3 194
1578 3 618
1589 3 572
1600 3 479
1611 3 40
1622 3 517
1633 3 368
1644 3 18
1655 3 866
1666 3 316
1677 3 159
1688 3 925
1699 3 927
1710 3 360
1721 3 701
1732 3 270
1743 3 606
1754 3 958
1765 3 33
1776 3 599
1787 3 2
1798 3 723
1809 3 451
1820 3 22
1831 3 280
1842 3 959
1853 3 815
1864 3 782
1875 3 650
1886 3 255
1897 3 713
1908 3 228
1919 3 170
1930 3 505
1941 3 995
1952 3 766
1963 3 760
1974 3 479
1985 3 884
1996 3 576
2007 3 84
2018 3 451
2029 3 814
2040 3 438
2051 3 829
2062 3 802
2073 3 292
2084 3 240
2095 3 370
2106 3 591
2117 3 935
2128 3 131
2139 3 347
2150 3 43
2161 3 359
2172 3 728
2183 3 788
2194 3 836
2205 3 600
2216 3 645
2227 3 269
2238 3 365
2249 3 22
2260 3 697
2271 3 549
2282 3 440
2293 3 480
2304 3 839
2315 3 640
2326 3 543
2337 3 872
2348 3 772
2359 3 346
2370 3 367
2381 3 791
2392 3 28
2403 3 48
2414 3 5
2425 3 667
2436 3 930
2447 3 56
2458 3 315
2469 3 458
2480 3 675
2491 3 95
2502 3 650
2513 3 637
2524 3 793
2535 3 968
2546 3 207
2557 3 927
2568 3 31
2579 3 495
2590 3 89
2601 3 795
2612 3 629
2623 3 373
2634 3 253
2645 3 813
2656 3 974
2667 3 15
2678 3 553
2689 3 186
2700 3 383
2711 3 190
2722 3 463
2733 3 893
2744 3 75
2755 3 474
2766 3 105
2777 3 711
2788 3 594
2799 3 97
2810 3 12
2821 3 355
2832 3 13
2843 3 543
2854 3 182
2865 3 383
2876 3 518
2887 3 154
2898 3 592
2909 3 384
2920 3 591
2931 3 797
2942 3 417
2953 3 740
2964 3 692
2975 3 590
2986 3 231
2997 3 490
7 4 944
18 4 427
29 4 162
40 4 751
51 4 762
62 4 843
73 4 865
84 4 888
95 4 553
106 4 824
117 4 933
128 4 250
139 4 555
150 4 311
161 4 307
172 4 365
183 4 471
194 4 302
205 4 882
216 4 923
227 4 765
238 4 938
249 4 664
260 4 315
271 4 260
282 4 670
293 4 318
304 4 795
315 4 813
326 4 798
337 4 610
348 4 52
359 4 135
370 4 48
381 4 848
392 4 941
403 4 411
414 4 151
425 4 359
436 4 387
447 4 190
458 4 416
469 4 805
480 4 47
491 4 916
502 4 954
513 4 164
524 4 600
535 4 105
546 4 723
557 4 280
568 4 262
579 4 24
590 4 563
601 4 350
612 4 757
623 4 894
634 4 690
645 4 880
656 4 218
667 4 112
678 4 282
689 4 178
700 4 492
711 4 700
722 4 89
733 4 34
744 4 541
755 4 999
766 4 899
777 4 994
788 4 1
799 4 887
810 4 927
821 4 526
832 4 905
843 4 546
854 4 630
865 4 762
876 4 134
887 4 99
898 4 814
909 4 335
920 4 608
931 4 151
942 4 914
953 4 499
964 4 198
975 4 461
986 4 167
997 4 328
1008 4 894
1019 4 756
1030 4 671
1041 4 916
1052 4 935
1063 4 818
1074 4 499
1085 4 585
1096 4 368
1107 4 500
1118 4 401
1129 4 53
1140 4 523
1151 4 699
1162 4 654
1173 4 693
1184 4 284
1195 4 764
1206 4 612
1217 4 624
1228 4 189
1239 4 84
1250 4 685
1261 4 15
1272 4 242
1283 4 843
1294 4 393
1305 4 913
1316 4 559
1327 4 921
1338 4 802
1349 4 621
1360 4 693
1371 4 881
1382 4 404
1393 4 390
1404 4 647
1415 4 766
1426 4 70
1437 4 64
1448 4 589
1459 4 106
1470 4 758
1481 4 63
1492 4 975
1503 4 600
1514 4 246
1525 4 261
1536 4 457
1547 4 39
1558 4 980
1569 4 47
1580 4 985
1591 4 780
1602 4 716
1613 4 816
1624 4 541
1635 4 818
1646 4 287
1657 4 370
1668 4 78
1679 4 239
1690 4 253
1701 4 364
1712 4 897
1723 4 83
1734 4 485
1745 4 711
1756 4 921
1767 4 488
1778 4 40
1789 4 984
1800 4 160
1811 4 23
1822 4 192
1833 4 700
1844 4 212
1855 4 263
1866 4 288
1877 4 824
1888 4 631
1899 4 833
1910 4 66
1921 4 889
1932 4 91
1943 4 624
1954 4 616
1965 4 200
1976 4 670
1987 4 466
1998 4 342
2009 4 780
2020 4 262
2031 4 557
2042 4 1
2053 4 738
2064 4 765
2075 4 237
2086 4 733
2097 4 69
2108 4 375
2119 4 895
2130 4 514
2141 4 482
2152 4 219
2163 4 742
2174 4 791
2185 4 311
2196 4 445
2207 4 63
2218 4 284
2229 4 38
2240 4 988
2251 4 718
2262 4 65
2273 4 291
2284 4 869
2295 4 474
2306 4 493
2317 4 900
2328 4 332
2339 4 528
2350 4 110
2361 4 221
2372 4 871
2383 4 133
2394 4 843
2405 4 664
2416 4 743
2427 4 83
2438 4 990
2449 4 409
2460 4 497
2471 4 243
2482 4 47
2493 4 806
2504 4 161
2515 4 655
2526 4 431
2537 4 923
2548 4 285
2559 4 386
2570 4 788
2581 4 79
2592 4 654
2603 4 599
2614 4 988
2625 4 261
2636 4 605
2647 4 1000
2658 4 226
2669 4 614
2680 4 336
2691 4 575
2702 4 580
2713 4 942
2724 4 836
2735 4 7
2746 4 840
2757 4 280
2768 4 831
2779 4 545
2790 4 779
2801 4 770
2812 4 290
2823 4 483
2834 4 274
2845 4 777
2856 4 939
2867 4 649
2878 4 400
2889 4 580
2900 4 918
2911 4 256
2922 4 211
2933 4 997
2944 4 383
2955 4 810
2966 4 876
2977 4 931
2988 4 51
2999 4 408
9 5 154
20 5 224
31 5 509
42 5 342
53 5 252
64 5 67
75 5 302
86 5 411
97 5 900
108 5 777
119 5 700
130 5 284
141 5 741
152 5 412
163 5 566
174 5 457
185 5 124
196 5 697
207 5 559
218 5 292
229 5 324
240 5 805
251 5 571
262 5 817
273 5 454
284 5 979
295 5 115
306 5 162
317 5 274
328 5 275
339 5 265
350 5 370
361 5 846
372 5 387
383 5 252
394 5 404
405 5 442
416 5 502
427 5 824
438 5 639
449 5 127
460 5 635
471 5 919
482 5 19
493 5 705
504 5 356
515 5 308
526 5 748
537 5 598
548 5 113
559 5 851
570 5 379
581 5 41
592 5 889
603 5 864
614 5 324
625 5 913
636 5 53
647 5 153
658 5 53
669 5 507
680 5 836
691 5 318
702 5 674
713 5 715
724 5 526
735 5 617
746 5 74
757 5 632
768 5 853
779 5 660
790 5 447
801 5 808
812 5 764
823 5 450
834 5 878
845 5 549
856 5 296
867 5 462
878 5 945
889 5 506
900 5 691
911 5 169
922 5 411
933 5 920
944 5 874
955 5 885
966 5 635
977 5 192
988 5 698
999 5 124
1010 5 782
1021 5 900
1032 5 112
1043 5 115
1054 5 89
1065 5 638
1076 5 122
1087 5 962
1098 5 579
1109 5 983
1120 5 374
1131 5 612
1142 5 44
1153 5 177
1164 5 865
1175 5 26
1186 5 778
1197 5 208
1208 5 64
1219 5 726
1230 5 579
1241 5 492
1252 5 909
1263 5 928
1274 5 96
1285 5 397
1296 5 106
1307 5 309
1318 5 822
1329 5 921
1340 5 767
1351 5 314
1362 5 529
1373 5 412
1384 5 518
1395 5 802
1406 5 164
1417 5 280
1428 5 383
1439 5 293
1450 5 624
1461 5 497
1472 5 264
1483 5 485
1494 5 161
1505 5 135
1516 5 68
1527 5 620
1538 5 651
1549 5 272
1560 5 612
1571 5 911
1582 5 979
1593 5 560
1604 5 847
1615 5 616
1626 5 248
1637 5 296
1648 5 804
1659 5 201
1670 5 94
1681 5 162
1692 5 62
1703 5 870
1714 5 92
1725 5 685
1736 5 158
1747 5 952
1758 5 989
1769 5 489
1780 5 749
1791 5 320
1802 5 650
1813 5 329
1824 5 592
1835 5 446
1846 5 726
1857 5 424
1868 5 550
1879 5 890
1890 5 391
1901 5 730
1912 5 314
1923 5 528
1934 5 778
1945 5 934
1956 5 76
1967 5 788
1978 5 583
1989 5 980
2000 5 112
2011 5 113
2022 5 726
2033 5 206
2044 5 940
2055 5 769
2066 5 920
2077 5 238
2088 5 4
2099 5 623
2110 5 513
2121 5 30
2132 5 390
2143 5 949
2154 5 784
2165 5 389
2176 5 482
2187 5 734
2198 5 727
2209 5 322
2220 5 936
2231 5 565
2242 5 515
2253 5 585
2264 5 332
2275 5 662
2286 5 554
2297 5 742
2308 5 904
2319 5 25
2330 5 818
2341 5 397
2352 5 874
2363 5 306
2374 5 79
2385 5 783
2396 5 420
2407 5 168
2418 5 206
2429 5 464
2440 5 454
2451 5 306
2462 5 391
2473 5 786
2484 5 611
2495 5 626
2506 5 739
2517 5 584
2528 5 317
2539 5 484
2550 5 313
2561 5 580
2572 5 206
2583 5 209
2594 5 804
2605 5 303
2616 5 666
2627 5 629
2638 5 820
2649 5 798
2660 5 434
2671 5 941
2682 5 71
2693 5 685
2704 5 421
2715 5 339
2726 5 729
2737 5 83
2748 5 78
2759 5 458
2770 5 343
2781 5 866
2792 5 67
2803 5 317
2814 5 299
2825 5 630
2836 5 474
2847 5 817
2858 5 57
2869 5 837
2880 5 318
2891 5 998
2902 5 210
2913 5 361
2924 5 666
2935 5 77
2946 5 856
2957 5 193
2968 5 972
2979 5 117
2990 5 687
0 6 745
11 6 1000
22 6 419
33 6 623
44 6 670
55 6 133
66 6 360
77 6 518
88 6 1
99 6 152
110 6 414
121 6 786
132 6 633
143 6 37
154 6 28
165 6 103
176 6 543
187 6 371
198 6 814
209 6 987
220 6 859
231 6 30
242 6 398
253 6 143
264 6 971
275 6 624
286 6 647
297 6 828
308 6 870
319 6 452
330 6 610
341 6 907
352 6 769
363 6 708
374 6 118
385 6 701
396 6 321
407 6 176
418 6 434
429 6 153
440 6 950
451 6 786
462 6 104
473 6 549
484 6 791
495 6 405
506 6 408
517 6 69
528 6 993
539 6 608
550 6 961
561 6 698
572 6 680
583 6 140
594 6 698
605 6 595
616 6 453
627 6 623
638 6 676
649 6 685
660 6 765
671 6 414
682 6 428
693 6 214
704 6 778
715 6 669
726 6 919
737 6 674
748 6 593
759 6 991
770 6 714
781 6 198
792 6 497
803 6 64
814 6 921
825 6 378
836 6 683
847 6 910
858 6 389
869 6 480
880 6 490
891 6 168
902 6 400
913 6 697
924 6 294
935 6 222
946 6 462
957 6 649
968 6 710
979 6 45
990 6 286
1001 6 358
1012 6 615
1023 6 909
1034 6 420
1045 6 726
1056 6 916
1067 6 301
1078 6 619
1089 6 914
1100 6 849
1111 6 605
1122 6 280
1133 6 35
1144 6 992
1155 6 527
1166 6 724
1177 6 185
1188 6 130
1199 6 453
1210 6 552
1221 6 50
1232 6 934
1243 6 162
1254 6 689
1265 6 790
1276 6 379
1287 6 203
1298 6 144
1309 6 625
1320 6 295
1331 6 879
1342 6 911
1353 6 268
1364 6 107
1375 6 259
1386 6 757
1397 6 642
1408 6 308
1419 6 687
1430 6 187
1441 6 59
1452 6 349
1463 6 979
1474 6 421
1485 6 653
1496 6 773
1507 6 441
1518 6 437
1529 6 343
1540 6 522
1551 6 791
1562 6 923
1573 6 714
1584 6 323
1595 6 319
1606 6 63
1617 6 113
1628 6 310
1639 6 910
1650 6 959
1661 6 409
1672 6 193
1683 6 448
1694 6 1000
1705 6 414
1716 6 884
1727 6 652
1738 6 633
1749 6 828
1760 6 134
1771 6 615
1782 6 542
1793 6 917
1804 6 373
1815 6 377
1826 6 33
1837 6 655
1848 6 230
1859 6 442
1870 6 542
1881 6 394
1892 6 38
1903 6 377
1914 6 397
1925 6 765
1936 6 829
1947 6 239
1958 6 409
1969 6 673
1980 6 669
1991 6 91
2002 6 686
2013 6 671
2024 6 523
2035 6 83
2046 6 792
2057 6 593
2068 6 59
2079 6 314
2090 6 880
2101 6 461
2112 6 907
2123 6 230
2134 6 987
2145 6 310
2156 6 923
2167 6 567
2178 6 778
2189 6 861
2200 6 534
2211 6 888
2222 6 363
2233 6 331
2244 6 778
2255 6 994
2266 6 642
2277 6 165
2288 6 317
2299 6 188
2310 6 200
2321 6 353
2332 6 471
2343 6 106
2354 6 973
2365 6 7
2376 6 59
2387 6 425
2398 6 133
2409 6 506
2420 6 286
2431 6 461
2442 6 687
2453 6 349
2464 6 461
2475 6 149
2486 6 378
2497 6 377
2508 6 173
2519 6 200
2530 6 808
2541 6 244
2552 6 308
2563 6 575
2574 6 847
2585 6 153
2596 6 946
2607 6 251
2618 6 126
2629 6 878
2640 6 297
2651 6 734
2662 6 486
2673 6 416
2684 6 794
2695 6 720
2706 6 201
2717 6 581
2728 6 363
2739 6 615
2750 6 968
2761 6 779
2772 6 469
2783 6 208
2794 6 847
2805 6 89
2816 6 81
2827 6 11
2838 6 548
2849 6 977
2860 6 712
2871 6 19
2882 6 980
2893 6 865
2904 6 408
2915 6 122
2926 6 486
2937 6 488
2948 6 954
2959 6 216
2970 6 819
2981 6 908
2992 6 698
2 7 80
13 7 929
24 7 459
35 7 191
46 7 471
57 7 140
68 7 222
79 7 986
90 7 282
101 7 763
112 7 535
123 7 876
134 7 426
145 7 698
156 7 367
167 7 902
178 7 264
189 7 736
200 7 397
211 7 607
222 7 354
233 7 272
244 7 295
255 7 333
266 7 184
277 7 365
288 7 240
299 7 754
310 7 213
321 7 70
332 7 334
343 7 986
354 7 17
365 7 623
376 7 730
387 7 953
398 7 681
409 7 569
420 7 496
431 7 42
442 7 412
453 7 597
464 7 968
475 7 282
486 7 599
497 7 361
508 7 151
519 7 599
530 7 537
541 7 384
552 7 442
563 7 622
574 7 612
585 7 622
596 7 273
607 7 599
618 7 824
629 7 972
640 7 554
651 7 595
662 7 357
673 7 833
684 7 350
695 7 78
706 7 388
717 7 820
728 7 682
739 7 947
750 7 431
761 7 706
772 7 644
783 7 796
794 7 873
805 7 182
816 7 600
827 7 519
838 7 987
849 7 721
860 7 117
871 7 20
882 7 554
893 7 193
904 7 757
915 7 255
926 7 219
937 7 410
948 7 896
959 7 709
970 7 66
981 7 744
992 7 136
1003 7 510
1014 7 372
1025 7 674
1036 7 970
1047 7 929
1058 7 301
1069 7 846
1080 7 928
1091 7 902
1102 7 414
1113 7 605
1124 7 116
1135 7 17
1146 7 586
1157 7 631
1168 7 806
1179 7 92
1190 7 103
1201 7 58
1212 7 800
1223 7 156
1234 7 518
1245 7 872
1256 7 975
1267 7 949
1278 7 889
1289 7 353
1300 7 863
1311 7 392
1322 7 58
1333 7 382
1344 7 948
1355 7 169
1366 7 411
1377 7 549
1388 7 456
1399 7 593
1410 7 729
1421 7 825
1432 7 290
1443 7 306
1454 7 809
1465 7 331
1476 7 550
1487 7 794
1498 7 362
1509 7 305
1520 7 554
1531 7 817
1542 7 501
1553 7 717
1564 7 78
1575 7 536
1586 7 751
1597 7 3
1608 7 966
1619 7 280
1630 7 966
1641 7 16
1652 7 870
1663 7 561
1674 7 299
1685 7 702
1696 7 195
1707 7 23
1718 7 529
1729 7 99
1740 7 369
1751 7 986
1762 7 706
1773 7 644
1784 7 375
1795 7 664
1806 7 317
1817 7 774
1828 7 405
1839 7 934
1850 7 518
1861 7 364
1872 7 48
1883 7 781
1894 7 331
1905 7 822
1916 7 178
1927 7 648
1938 7 659
1949 7 258
1960 7 976
1971 7 862
1982 7 439
1993 7 386
2004 7 90
2015 7 820
2026 7 367
2037 7 744
2048 7 429
2059 7 801
2070 7 982
2081 7 171
2092 7 635
2103 7 837
2114 7 268
2125 7 339
2136 7 115
2147 7 79
2158 7 537
2169 7 230
2180 7 949
2191 7 642
2202 7 526
2213 7 797
2224 7 355
2235 7 192
2246 7 294
2257 7 347
2268 7 474
2279 7 378
2290 7 379
2301 7 249
2312 7 627
2323 7 137
2334 7 687
2345 7 137
2356 7 988
2367 7 523
2378 7 79
2389 7 19
2400 7 982
2411 7 750
2422 7 867
2433 7 909
2444 7 520
2455 7 235
2466 7 248
2477 7 158
2488 7 828
2499 7 746
2510 7 339
2521 7 252
2532 7 732
2543 7 173
2554 7 561
2565 7 797
2576 7 176
2587 7 662
2598 7 603
2609 7 951
2620 7 611
2631 7 150
2642 7 164
2653 7 16
2664 7 834
2675 7 101
2686 7 611
2697 7 331
2708 7 144
2719 7 854
2730 7 860
2741 7 352
2752 7 322
2763 7 954
2774 7 90
2785 7 551
2796 7 124
2807 7 81
2818 7 114
2829 7 230
2840 7 956
2851 7 784
2862 7 523
2873 7 20
2884 7 775
2895 7 149
2906 7 894
2917 7 520
2928 7 735
2939 7 128
2950 7 259
2961 7 656
2972 7 147
2983 7 267
2994 7 583
4 8 643
15 8 715
26 8 703
37 8 359
48 8 235
59 8 906
70 8 186
81 8 132
92 8 417
103 8 854
114 8 815
125 8 293
136 8 162
147 8 646
158 8 700
169 8 502
180 8 420
191 8 584
202 8 249
213 8 789
224 8 261
235 8 364
246 8 392
257 8 793
268 8 180
279 8 707
290 8 833
301 8 534
312 8 455
323 8 584
334 8 228
345 8 716
356 8 820
367 8 950
378 8 419
389 8 469
400 8 979
411 8 138
422 8 675
433 8 318
444 8 810
455 8 195
466 8 239
477 8 401
488 8 264
499 8 841
510 8 487
521 8 606
532 8 249
543 8 795
554 8 525
565 8 19
576 8 802
587 8 419
598 8 801
609 8 795
620 8 198
631 8 145
642 8 200
653 8 665
664 8 756
675 8 7
686 8 705
697 8 684
708 8 781
719 8 753
730 8 594
741 8 544
752 8 428
763 8 329
774 8 56
785 8 924
796 8 572
807 8 370
818 8 273
829 8 747
840 8 749
851 8 36
862 8 612
873 8 450
884 8 60
895 8 821
906 8 82
917 8 922
928 8 870
939 8 144
950 8 30
961 8 801
972 8 338
983 8 847
994 8 273
1005 8 235
1016 8 930
1027 8 447
1038 8 484
1049 8 612
1060 8 74
1071 8 840
1082 8 861
1093 8 40
1104 8 335
1115 8 44
1126 8 629
1137 8 499
1148 8 759
1159 8 723
1170 8 837
1181 8 496
1192 8 873
1203 8 191
1214 8 291
1225 8 568
1236 8 623
1247 8 788
1258 8 970
1269 8 949
1280 8 481
1291 8 967
1302 8 978
1313 8 901
1324 8 295
1335 8 991
1346 8 733
1357 8 466
1368 8 864
1379 8 488
1390 8 678
1401 8 71
1412 8 457
1423 8 661
1434 8 363
1445 8 453
1456 8 294
1467 8 583
1478 8 806
1489 8 400
1500 8 271
1511 8 947
1522 8 494
1533 8 972
1544 8 976
1555 8 747
1566 8 115
1577 8 516
1588 8 94
1599 8 654
1610 8 538
1621 8 679
1632 8 121
1643 8 997
1654 8 169
1665 8 883
1676 8 125
1687 8 65
1698 8 67
1709 8 875
1720 8 861
1731 8 106
1742 8 471
1753 8 968
1764 8 986
1775 8 48
1786 8 156
1797 8 464
1808 8 796
1819 8 519
1830 8 725
1841 8 478
1852 8 464
1863 8 743
1874 8 725
1885 8 373
1896 8 546
1907 8 945
1918 8 811
1929 8 175
1940 8 37
1951 8 624
1962 8 784
1973 8 414
1984 8 685
1995 8 372
2006 8 838
2017 8 904
2028 8 508
2039 8 903
2050 8 310
2061 8 97
2072 8 200
2083 8 442
2094 8 826
2105 8 486
2116 8 748
2127 8 574
2138 8 57
2149 8 269
2160 8 620
2171 8 685
2182 8 130
2193 8 163
2204 8 380
2215 8 955
2226 8 771
2237 8 103
2248 8 742
2259 8 419
2270 8 79
2281 8 152
2292 8 396
2303 8 807
2314 8 878
2325 8 744
2336 8 527
2347 8 836
2358 8 749
2369 8 107
2380 8 723
2391 8 134
2402 8 198
2413 8 562
2424 8 816
2435 8 185
2446 8 480
2457 8 237
2468 8 469
2479 8 587
2490 8 452
2501 8 598
2512 8 776
2523 8 710
2534 8 224
2545 8 256
2556 8 565
2567 8 491
2578 8 866
2589 8 186
2600 8 102
2611 8 751
2622 8 274
2633 8 453
2644 8 417
2655 8 482
2666 8 890
2677 8 137
2688 8 431
2699 8 783
2710 8 125
2721 8 849
2732 8 950
2743 8 565
2754 8 863
2765 8 20
2776 8 811
2787 8 355
2798 8 68
2809 8 831
2820 8 460
2831 8 822
2842 8 645
2853 8 390
2864 8 485
2875 8 500
2886 8 774
2897 8 895
2908 8 198
2919 8 579
2930 8 722
2941 8 6
2952 8 65
2963 8 239
2974 8 113
2985 8 998
2996 8 736
6 9 716
17 9 152
28 9 162
39 9 510
50 9 176
61 9 817
72 9 648
83 9 239
94 9 944
105 9 127
116 9 839
127 9 255
138 9 778
149 9 687
160 9 344
171 9 712
182 9 595
193 9 792
204 9 160
215 9 469
226 9 830
237 9 605
248 9 422
259 9 559
270 9 67
281 9 559
292 9 259
303 9 50
314 9 653
325 9 552
336 9 403
347 9 455
358 9 440
369 9 274
380 9 540
391 9 635
402 9 894
413 9 12
424 9 869
435 9 222
446 9 724
457 9 468
468 9 810
479 9 145
490 9 695
501 9 158
512 9 238
523 9 672
534 9 238
545 9 407
556 9 220
567 9 703
578 9 7
589 9 312
600 9 650
611 9 654
622 9 342
633 9 656
644 9 530
655 9 875
666 9 455
677 9 959
688 9 424
699 9 591
710 9 989
721 9 494
732 9 591
743 9 341
754 9 179
765 9 124
776 9 110
787 9 98
798 9 278
809 9 324
820 9 549
831 9 791
842 9 577
853 9 234
864 9 301
875 9 698
886 9 737
897 9 745
908 9 387
919 9 268
930 9 964
941 9 165
952 9 257
963 9 186
974 9 957
985 9 907
996 9 532
1007 9 255
1018 9 796
1029 9 508
1040 9 18
1051 9 498
1062 9 455
1073 9 755
1084 9 928
1095 9 518
1106 9 726
1117 9 988
1128 9 396
1139 9 800
1150 9 68
1161 9 649
1172 9 253
1183 9 981
1194 9 271
1205 9 342
1216 9 712
1227 9 629
1238 9 934
1249 9 632
1260 9 43
1271 9 152
1282 9 896
1293 9 638
1304 9 173
1315 9 748
1326 9 605
1337 9 419
1348 9 586
1359 9 815
1370 9 893
1381 9 697
1392 9 790
1403 9 731
1414 9 720
1425 9 839
1436 9 260
1447 9 503
1458 9 529
1469 9 750
1480 9 882
1491 9 798
1502 9 502
1513 9 759
1524 9 799
1535 9 523
1546 9 712
1557 9 994
1568 9 345
1579 9 767
1590 9 447
1601 9 908
1612 9 898
1623 9 209
1634 9 871
1645 9 880
1656 9 369
1667 9 379
1678 9 639
1689 9 60
1700 9 402
1711 9 514
1722 9 246
1733 9 688
1744 9 574
1755 9 450
1766 9 383
1777 9 486
1788 9 990
1799 9 478
1810 9 223
1821 9 264
1832 9 367
1843 9 898
1854 9 473
1865 9 270
1876 9 765
1887 9 461
1898 9 109
1909 9 706
1920 9 828
1931 9 74
1942 9 67
1953 9 30
1964 9 239
1975 9 471
1986 9 837
1997 9 645
2008 9 97
2019 9 286
2030 9 387
2041 9 661
2052 9 2
2063 9 209
2074 9 612
2085 9 634
2096 9 535
2107 9 123
2118 9 644
2129 9 699
2140 9 270
2151 9 643
2162 9 867
2173 9 825
2184 9 824
2195 9 425
2206 9 118
2217 9 517
2228 9 681
2239 9 879
2250 9 246
2261 9 547
2272 9 113
2283 9 925
2294 9 360
2305 9 120
2316 9 231
2327 9 302
2338 9 228
2349 9 929
2360 9 316
2371 9 731
2382 9 982
2393 9 898
2404 9 39
2415 9 643
2426 9 203
2437 9 504
2448 9 892
2459 9 293
2470 9 729
2481 9 111
2492 9 915
2503 9 582
2514 9 913
2525 9 209
2536 9 937
2547 9 830
2558 9 354
2569 9 454
2580 9 769
2591 9 708
2602 9 657
2613 9 670
2624 9 230
2635 9 536
2646 9 145
2657 9 284
2668 9 83
2679 9 848
2690 9 646
2701 9 339
2712 9 549
2723 9 901
2734 9 91
2745 9 472
2756 9 843
2767 9 186
2778 9 88
2789 9 32
2800 9 366
2811 9 676
2822 9 713
2833 9 335
2844 9 269
2855 9 50
2866 9 333
2877 9 264
2888 9 447
2899 9 272
2910 9 409
2921 9 418
2932 9 440
2943 9 183
2954 9 770
2965 9 660
2976 9 394
2987 9 58
2998 9 121
8 10 885
19 10 197
30 10 311
41 10 619
52 10 819
63 10 991
74 10 314
85 10 872
96 10 999
107 10 15
118 10 749
129 10 929
140 10 485
151 10 980
162 10 283
173 10 992
184 10 367
195 10 785
206 10 21
217 10 512
228 10 502
239 10 700
250 10 829
261 10 676
272 10 38
283 10 144
294 10 241
305 10 977
316 10 949
327 10 143
338 10 148
349 10 652
360 10 155
371 10 516
382 10 37
393 10 782
404 10 346
415 10 451
426 10 425
437 10 637
448 10 707
459 10 747
470 10 273
481 10 4
492 10 950
503 10 605
514 10 951
525 10 811
536 10 667
547 10 288
558 10 6
569 10 931
580 10 139
591 10 447
602 10 13
613 10 243
624 10 365
635 10 492
646 10 697
657 10 513
668 10 928
679 10 274
690 10 454
701 10 833
712 10 67
723 10 218
734 10 740
745 10 539
756 10 859
767 10 230
778 10 590
789 10 626
800 10 410
811 10 709
822 10 694
833 10 49
844 10 612
855 10 561
866 10 384
877 10 279
888 10 501
899 10 84
910 10 650
921 10 337
932 10 401
943 10 154
954 10 322
965 10 476
976 10 758
987 10 465
998 10 876
1009 10 201
1020 10 775
1031 10 613
1042 10 974
1053 10 273
1064 10 441
1075 10 879
1086 10 348
1097 10 879
1108 10 113
1119 10 326
1130 10 10
1141 10 475
1152 10 486
1163 10 385
1174 10 638
1185 10 966
1196 10 175
1207 10 873
1218 10 112
1229 10 570
1240 10 322
1251 10 583
1262 10 581
1273 10 655
1284 10 207
1295 10 948
1306 10 289
1317 10 47
1328 10 509
1339 10 14
1350 10 586
1361 10 432
1372 10 690
1383 10 313
1394 10 669
1405 10 133
1416 10 558
1427 10 929
1438 10 166
1449 10 755
1460 10 110
1471 10 45
1482 10 307
1493 10 883
1504 10 878
1515 10 559
1526 10 36
1537 10 633
1548 10 168
1559 10 265
1570 10 623
1581 10 297
1592 10 90
1603 10 423
1614 10 229
1625 10 370
1636 10 704
1647 10 184
1658 10 901
1669 10 515
1680 10 840
1691 10 392
1702 10 260
1713 10 659
1724 10 997
1735 10 387
1746 10 714
1757 10 460
1768 10 172
1779 10 87
1790 10 41
1801 10 64
1812 10 348
1823 10 779
1834 10 172
1845 10 863
1856 10 636
1867 10 414
1878 10 802
1889 10 251
1900 10 521
1911 10 351
1922 10 983
1933 10 131
1944 10 11
1955 10 373
1966 10 127
1977 10 821
1988 10 151
1999 10 37
2010 10 989
2021 10 610
2032 10 717
2043 10 319
2054 10 255
2065 10 569
2076 10 356
2087 10 629
2098 10 987
2109 10 245
2120 10 763
2131 10 93
2142 10 335
2153 10 752
2164 10 510
2175 10 508
2186 10 146
2197 10 249
2208 10 991
2219 10 257
2230 10 546
2241 10 537
2252 10 425
2263 10 124
2274 10 526
2285 10 572
2296 10 597
2307 10 98
2318 10 30
2329 10 541
2340 10 365
2351 10 188
2362 10 525
2373 10 228
2384 10 367
2395 10 686
2406 10 487
2417 10 877
2428 10 733
2439 10 965
2450 10 822
2461 10 300
2472 10 769
2483 10 584
2494 10 898
2505 10 358
2516 10 927
2527 10 600
2538 10 574
2549 10 304
2560 10 744
2571 10 804
2582 10 803
2593 10 974
2604 10 742
2615 10 844
2626 10 23
2637 10 802
2648 10 813
2659 10 986
2670 10 866
2681 10 566
2692 10 382
2703 10 178
2714 10 49
2725 10 214
2736 10 905
2747 10 282
2758 10 502
2769 10 407
2780 10 973
2791 10 711
2802 10 986
2813 10 854
2824 10 204
2835 10 702
2846 10 702
2857 10 181
2868 10 271
2879 10 76
2890 10 964
2901 10 465
2912 10 624
2923 10 690
2934 10 578
2945 10 223
2956 10 265
2967 10 726
2978 10 529
2989 10 422
10 11 563
21 11 789
32 11 487
43 11 425
54 11 986
65 11 920
76 11 360
87 11 481
98 11 651
109 11 130
120 11 163
131 11 805
142 11 79
153 11 526
164 11 26
175 11 195
186 11 690
197 11 416
208 11 701
219 11 769
230 11 765
241 11 427
252 11 415
263 11 335
274 11 438
285 11 67
296 11 445
307 11 935
318 11 468
329 11 399
340 11 471
351 11 870
362 11 469
373 11 791
384 11 25
395 11 424
406 11 818
417 11 58
428 11 696
439 11 206
450 11 891
461 11 379
472 11 27
483 11 518
494 11 532
505 11 437
516 11 879
527 11 288
538 11 570
549 11 504
560 11 513
571 11 442
582 11 481
593 11 147
604 11 494
615 11 922
626 11 745
637 11 208
648 11 353
659 11 888
670 11 380
681 11 942
692 11 695
703 11 791
714 11 744
725 11 762
736 11 691
747 11 62
758 11 907
769 11 61
780 11 630
791 11 682
802 11 348
813 11 88
824 11 770
835 11 498
846 11 440
857 11 1
868 11 844
879 11 815
890 11 982
901 11 348
912 11 485
923 11 223
934 11 25
945 11 183
956 11 207
967 11 310
978 11 34
989 11 106
1000 11 893
1011 11 769
1022 11 213
1033 11 759
1044 11 873
1055 11 383
1066 11 330
1077 11 437
1088 11 341
1099 11 282
1110 11 491
1121 11 957
1132 11 215
1143 11 419
1154 11 838
1165 11 800
1176 11 466
1187 11 979
1198 11 818
1209 11 394
1220 11 104
1231 11 25
1242 11 963
1253 11 583
1264 11 859
1275 11 101
1286 11 347
1297 11 227
1308 11 469
1319 11 368
1330 11 448
1341 11 581
1352 11 902
1363 11 640
1374 11 720
1385 11 691
1396 11 220
1407 11 379
1418 11 79
1429 11 146
1440 11 848
1451 11 911
1462 11 451
1473 11 70
1484 11 460
1495 11 187
1506 11 616
1517 11 879
1528 11 865
1539 11 833
1550 11 323
1561 11 949
1572 11 153
1583 11 769
1594 11 263
1605 11 916
1616 11 597
1627 11 656
1638 11 705
1649 11 540
1660 11 933
1671 11 632
1682 11 478
1693 11 456
1704 11 868
1715 11 745
1726 11 729
1737 11 542
1748 11 202
1759 11 414
1770 11 343
1781 11 920
1792 11 335
1803 11 866
1814 11 906
1825 11 8
1836 11 818
1847 11 484
1858 11 1000
1869 11 122
1880 11 933
1891 11 121
1902 11 376
1913 11 731
1924 11 106
1935 11 340
1946 11 346
1957 11 598
1968 11 444
1979 11 863
1990 11 649
2001 11 996
2012 11 183
2023 11 953
2034 11 519
2045 11 173
2056 11 932
2067 11 887
2078 11 399
2089 11 724
2100 11 722
2111 11 684
2122 11 413
2133 11 986
2144 11 691
2155 11 2
2166 11 982
2177 11 256
2188 11 420
2199 11 93
2210 11 110
2221 11 490
2232 11 479
2243 11 492
2254 11 883
2265 11 69
2276 11 32
2287 11 977
2298 11 291
2309 11 643
2320 11 687
2331 11 292
2342 11 701
2353 11 600
2364 11 980
2375 11 483
2386 11 747
2397 11 105
2408 11 672
2419 11 157
2430 11 538
2441 11 281
2452 11 504
2463 11 959
2474 11 624
2485 11 729
2496 11 975
2507 11 824
2518 11 168
2529 11 192
2540 11 175
2551 11 983
2562 11 733
2573 11 854
2584 11 246
2595 11 103
2606 11 368
2617 11 688
2628 11 965
2639 11 287
2650 11 846
2661 11 112
2672 11 606
2683 11 522
2694 11 267
2705 11 104
2716 11 1000
2727 11 466
2738 11 798
2749 11 178
2760 11 479
2771 11 718
2782 11 659
2793 11 933
2804 11 80
2815 11 985
2826 11 812
2837 11 522
2848 11 852
2859 11 283
2870 11 618
2881 11 664
2892 11 846
2903 11 298
2914 11 933
2925 11 692
2936 11 927
2947 11 187
2958 11 18
2969 11 422
2980 11 187
2991 11 328
1 12 563
12 12 876
23 12 555
34 12 358
45 12 362
56 12 957
67 12 268
78 12 112
89 12 170
100 12 888
111 12 253
122 12 631
133 12 401
144 12 905
155 12 142
166 12 595
177 12 901
188 12 516
199 12 300
210 12 818
221 12 719
232 12 759
243 12 408
254 12 422
265 12 289
276 12 994
287 12 94
298 12 551
309 12 42
320 12 25
331 12 432
342 12 511
353 12 998
364 12 187
375 12 10
386 12 46
397 12 508
408 12 397
419 12 398
430 12 50
441 12 834
452 12 304
463 12 1000
474 12 518
485 12 135
496 12 87
507 12 521
518 12 352
529 12 300
540 12 812
551 12 8
562 12 731
573 12 658
584 12 715
595 12 161
606 12 603
617 12 199
628 12 522
639 12 630
650 12 357
661 12 340
672 12 53
683 12 662
694 12 840
705 12 405
716 12 230
727 12 642
738 12 990
749 12 822
760 12 81
771 12 195
782 12 567
793 12 283
804 12 14
815 12 313
826 12 540
837 12 643
848 12 597
859 12 393
870 12 193
881 12 312
892 12 859
903 12 761
914 12 136
925 12 359
936 12 414
947 12 15
958 12 545
969 12 95
980 12 540
991 12 305
1002 12 717
1013 12 448
1024 12 461
1035 12 41
1046 12 25
1057 12 834
1068 12 894
1079 12 386
1090 12 723
1101 12 351
1112 12 122
1123 12 459
1134 12 765
1145 12 92
1156 12 927
1167 12 536
1178 12 66
1189 12 482
1200 12 184
1211 12 691
1222 12 932
1233 12 453
1244 12 623
1255 12 172
1266 12 243
1277 12 86
1288 12 121
1299 12 457
1310 12 930
1321 12 712
1332 12 938
1343 12 270
1354 12 779
1365 12 265
1376 12 463
1387 12 555
1398 12 718
1409 12 426
1420 12 884
1431 12 530
1442 12 119
1453 12 999
1464 12 466
1475 12 220
1486 12 178
1497 12 882
1508 12 131
1519 12 401
1530 12 376
1541 12 237
1552 12 900
1563 12 615
1574 12 696
1585 12 414
1596 12 92
1607 12 676
1618 12 906
1629 12 471
1640 12 205
1651 12 951
1662 12 804
1673 12 939
1684 12 116
1695 12 430
1706 12 539
1717 12 682
1728 12 244
1739 12 214
1750 12 463
1761 12 617
1772 12 44
1783 12 700
1794 12 797
1805 12 598
1816 12 46
1827 12 54
1838 12 588
1849 12 856
1860 12 31
1871 12 798
1882 12 232
1893 12 605
1904 12 334
1915 12 963
1926 12 277
1937 12 331
1948 12 823
1959 12 326
1970 12 440
1981 12 835
1992 12 919
2003 12 658
2014 12 983
2025 12 833
2036 12 372
2047 12 989
2058 12 132
2069 12 855
2080 12 990
2091 12 445
2102 12 176
2113 12 706
2124 12 812
2135 12 574
2146 12 819
2157 12 655
2168 12 804
2179 12 620
2190 12 434
2201 12 586
2212 12 537
2223 12 375
2234 12 65
2245 12 337
2256 12 381
2267 12 629
2278 12 728
2289 12 94
2300 12 851
2311 12 766
2322 12 887
2333 12 284
2344 12 815
2355 12 680
2366 12 258
2377 12 650
2388 12 450
2399 12 391
2410 12 31
2421 12 473
2432 12 862
2443 12 516
2454 12 733
2465 12 310
2476 12 948
2487 12 600
2498 12 112
2509 12 626
2520 12 268
2531 12 769
2542 12 567
2553 12 450
2564 12 886
2575 12 996
2586 12 288
2597 12 166
2608 12 29
2619 12 624
2630 12 986
2641 12 740
2652 12 98
2663 12 817
2674 12 485
2685 12 958
2696 12 322
2707 12 960
2718 12 412
2729 12 146
2740 12 802
2751 12 486
2762 12 387
2773 12 646
2784 12 260
2795 12 315
2806 12 936
2817 12 355
2828 12 399
2839 12 317
2850 12 841
2861 12 268
2872 12 266
2883 12 540
2894 12 593
2905 12 476
2916 12 354
2927 12 85
2938 12 172
2949 12 254
2960 12 95
2971 12 192
2982 12 236
2993 12 287
3 13 592
14 13 850
25 13 457
36 13 685
47 13 192
58 13 983
69 13 293
80 13 579
91 13 992
102 13 266
113 13 653
124 13 886
135 13 299
146 13 272
157 13 344
168 13 725
179 13 274
190 13 232
201 13 130
212 13 875
223 13 796
234 13 820
245 13 266
256 13 954
267 13 60
278 13 887
289 13 141
300 13 604
311 13 460
322 13 734
333 13 234
344 13 773
355 13 616
366 13 959
377 13 989
388 13 629
399 13 404
410 13 170
421 13 284
432 13 679
443 13 5
454 13 760
465 13 958
476 13 846
487 13 934
498 13 684
509 13 689
520 13 724
531 13 299
542 13 374
553 13 57
564 13 236
575 13 126
586 13 768
597 13 310
608 13 525
619 13 215
630 13 663
641 13 46
652 13 511
663 13 146
674 13 525
685 13 912
696 13 206
707 13 297
718 13 576
729 13 814
740 13 965
751 13 742
762 13 258
773 13 5
784 13 690
795 13 273
806 13 607
817 13 138
828 13 78
839 13 86
850 13 683
861 13 160
872 13 524
883 13 150
894 13 643
905 13 298
916 13 596
927 13 138
938 13 297
949 13 684
960 13 145
971 13 346
982 13 971
993 13 908
1004 13 989
1015 13 732
1026 13 740
1037 13 165
1048 13 377
1059 13 99
1070 13 886
1081 13 69
1092 13 240
1103 13 671
1114 13 934
1125 13 711
1136 13 494
1147 13 951
1158 13 589
1169 13 529
1180 13 210
1191 13 595
1202 13 753
1213 13 850
1224 13 940
1235 13 25
1246 13 325
1257 13 239
1268 13 617
1279 13 366
1290 13 300
1301 13 881
1312 13 837
1323 13 298
1334 13 346
1345 13 83
1356 13 939
1367 13 494
1378 13 159
1389 13 948
1400 13 107
1411 13 956
1422 13 642
1433 13 25
1444 13 452
1455 13 992
1466 13 900
1477 13 918
1488 13 360
1499 13 738
1510 13 50
1521 13 159
1532 13 875
1543 13 946
1554 13 97
1565 13 535
1576 13 979
1587 13 356
1598 13 18
1609 13 45
1620 13 150
1631 13 943
1642 13 787
1653 13 434
1664 13 315
1675 13 492
1686 13 441
1697 13 284
1708 13 870
1719 13 818
1730 13 577
1741 13 723
1752 13 157
1763 13 739
1774 13 339
1785 13 315
1796 13 752
1807 13 881
1818 13 130
1829 13 436
1840 13 376
1851 13 228
1862 13 833
1873 13 698
1884 13 667
1895 13 34
1906 13 239
1917 13 829
1928 13 872
1939 13 828
1950 13 783
1961 13 324
1972 13 323
1983 13 567
1994 13 163
2005 13 361
2016 13 756
2027 13 60
2038 13 889
2049 13 405
2060 13 42
2071 13 154
2082 13 617
2093 13 166
2104 13 269
2115 13 485
2126 13 13
2137 13 893
2148 13 158
2159 13 65
2170 13 769
2181 13 634
2192 13 325
2203 13 812
2214 13 234
2225 13 336
2236 13 158
2247 13 875
2258 13 44
2269 13 431
2280 13 984
2291 13 875
2302 13 259
2313 13 560
2324 13 680
2335 13 259
2346 13 666
2357 13 557
2368 13 816
2379 13 964
2390 13 860
2401 13 91
2412 13 157
2423 13 609
2434 13 4
2445 13 758
2456 13 887
2467 13 394
2478 13 650
2489 13 333
2500 13 189
2511 13 509
2522 13 669
2533 13 437
2544 13 103
2555 13 696
2566 13 912
2577 13 117
2588 13 674
2599 13 19
2610 13 844
2621 13 234
2632 13 499
2643 13 119
2654 13 655
2665 13 255
2676 13 961
2687 13 904
2698 13 166
2709 13 337
2720 13 888
2731 13 293
2742 13 53
2753 13 54
2764 13 421
2775 13 147
2786 13 235
2797 13 982
2808 13 589
2819 13 44
2830 13 752
2841 13 371
2852 13 803
2863 13 106
2874 13 215
2885 13 939
2896 13 194
2907 13 435
2918 13 223
2929 13 874
2940 13 762
2951 13 366
2962 13 226
2973 13 43
2984 13 289
2995 13 674
5 14 834
16 14 442
27 14 139
38 14 477
49 14 677
60 14 498
71 14 233
82 14 93
93 14 822
104 14 556
115 14 567
126 14 213
137 14 978
148 14 879
159 14 479
170 14 675
181 14 288
192 14 63
203 14 372
214 14 371
225 14 46
236 14 54
247 14 78
258 14 491
269 14 89
280 14 239
291 14 548
302 14 526
313 14 194
324 14 472
335 14 381
346 14 626
357 14 678
368 14 91
379 14 344
390 14 191
401 14 286
412 14 504
423 14 562
434 14 762
445 14 653
456 14 853
467 14 202
478 14 596
489 14 29
500 14 50
511 14 713
522 14 45
533 14 853
544 14 116
555 14 611
566 14 39
577 14 481
588 14 923
599 14 924
610 14 940
621 14 126
632 14 819
643 14 81
654 14 934
665 14 506
676 14 918
687 14 186
698 14 259
709 14 180
720 14 749
731 14 264
742 14 43
753 14 581
764 14 456
775 14 484
786 14 727
797 14 918
808 14 463
819 14 856
830 14 981
841 14 283
852 14 252
863 14 209
874 14 627
885 14 929
896 14 812
907 14 7
918 14 911
929 14 180
940 14 530
951 14 837
962 14 669
973 14 861
984 14 517
995 14 46
1006 14 504
1017 14 713
1028 14 120
1039 14 570
1050 14 158
1061 14 795
1072 14 614
1083 14 317
1094 14 321
1105 14 372
1116 14 79
1127 14 880
1138 14 106
1149 14 946
1160 14 338
1171 14 957
1182 14 975
1193 14 872
1204 14 398
1215 14 302
1226 14 930
1237 14 861
1248 14 768
1259 14 381
1270 14 62
1281 14 750
1292 14 388
1303 14 413
1314 14 376
1325 14 382
1336 14 489
1347 14 325
1358 14 424
1369 14 785
1380 14 21
1391 14 847
1402 14 200
1413 14 43
1424 14 495
1435 14 660
1446 14 287
1457 14 615
1468 14 732
1479 14 945
1490 14 549
1501 14 48
1512 14 362
1523 14 1000
1534 14 547
1545 14 727
1556 14 334
1567 14 985
1578 14 637
1589 14 28
1600 14 290
1611 14 465
1622 14 512
1633 14 341
1644 14 691
1655 14 397
1666 14 123
1677 14 493
1688 14 140
1699 14 343
1710 14 464
1721 14 549
1732 14 162
1743 14 131
1754 14 147
1765 14 54
1776 14 832
1787 14 367
1798 14 436
1809 14 738
1820 14 842
1831 14 79
1842 14 269
1853 14 410
1864 14 437
1875 14 486
1886 14 272
1897 14 190
1908 14 300
1919 14 465
1930 14 685
1941 14 168
1952 14 907
1963 14 135
1974 14 716
1985 14 361
1996 14 424
2007 14 901
2018 14 612
2029 14 907
2040 14 350
2051 14 338
2062 14 768
2073 14 431
2084 14 9
2095 14 108
2106 14 601
2117 14 20
2128 14 34
2139 14 595
2150 14 574
2161 14 639
2172 14 23
2183 14 45
2194 14 724
2205 14 36
2216 14 615
2227 14 983
2238 14 785
2249 14 946
2260 14 240
2271 14 630
2282 14 730
2293 14 584
2304 14 742
2315 14 29
2326 14 344
2337 14 443
2348 14 620
2359 14 192
2370 14 73
2381 14 66
2392 14 474
2403 14 310
2414 14 552
2425 14 677
2436 14 892
2447 14 316
2458 14 144
2469 14 491
2480 14 901
2491 14 88
2502 14 733
2513 14 76
2524 14 880
2535 14 439
2546 14 344
2557 14 577
2568 14 251
2579 14 964
2590 14 938
2601 14 758
2612 14 410
2623 14 581
2634 14 885
2645 14 703
2656 14 148
2667 14 861
2678 14 781
2689 14 288
2700 14 627
2711 14 123
2722 14 669
2733 14 457
2744 14 598
2755 14 167
2766 14 268
2777 14 102
2788 14 410
2799 14 418
2810 14 980
2821 14 833
2832 14 806
2843 14 667
2854 14 622
2865 14 859
2876 14 116
2887 14 673
2898 14 988
2909 14 970
2920 14 694
2931 14 497
2942 14 881
2953 14 272
2964 14 352
2975 14 103
2986 14 519
2997 14 893
7 15 510
18 15 78
29 15 960
40 15 639
51 15 68
62 15 922
73 15 133
84 15 380
95 15 241
106 15 934
117 15 297
128 15 398
139 15 754
150 15 885
161 15 57
172 15 17
183 15 769
194 15 462
205 15 801
216 15 381
227 15 203
238 15 199
249 15 782
260 15 982
271 15 808
282 15 108
293 15 22
304 15 103
315 15 217
326 15 129
337 15 272
348 15 371
359 15 144
370 15 240
381 15 244
392 15 702
403 15 409
414 15 514
425 15 810
436 15 347
447 15 811
458 15 772
469 15 87
480 15 460
491 15 784
502 15 308
513 15 771
524 15 917
535 15 366
546 15 507
557 15 34
568 15 78
579 15 290
590 15 629
601 15 564
612 15 950
623 15 618
634 15 972
645 15 335
656 15 5
667 15 520
678 15 950
689 15 583
700 15 825
711 15 690
722 15 70
733 15 240
744 15 545
755 15 8
766 15 716
777 15 266
788 15 498
799 15 870
810 15 623
821 15 704
832 15 867
843 15 621
854 15 586
865 15 967
876 15 909
887 15 603
898 15 802
909 15 924
920 15 529
931 15 512
942 15 812
953 15 193
964 15 381
975 15 546
986 15 213
997 15 509
1008 15 587
1019 15 634
1030 15 334
1041 15 887
1052 15 259
1063 15 486
1074 15 102
1085 15 929
1096 15 634
1107 15 137
1118 15 428
1129 15 507
1140 15 386
1151 15 14
1162 15 125
1173 15 830
1184 15 994
1195 15 645
1206 15 908
1217 15 226
1228 15 7
1239 15 713
1250 15 962
1261 15 783
1272 15 510
1283 15 447
1294 15 117
1305 15 270
1316 15 370
1327 15 701
1338 15 752
1349 15 387
1360 15 681
1371 15 102
1382 15 368
1393 15 628
1404 15 629
1415 15 818
1426 15 753
1437 15 502
1448 15 375
1459 15 289
1470 15 881
1481 15 143
1492 15 393
1503 15 179
1514 15 473
1525 15 999
1536 15 730
1547 15 724
1558 15 290
1569 15 344
1580 15 680
1591 15 4
1602 15 326
1613 15 620
1624 15 271
1635 15 897
1646 15 642
1657 15 890
1668 15 235
1679 15 305
1690 15 185
1701 15 512
1712 15 325
1723 15 386
1734 15 747
1745 15 803
1756 15 632
1767 15 592
1778 15 191
1789 15 324
1800 15 746
1811 15 714
1822 15 803
1833 15 902
1844 15 668
1855 15 869
1866 15 32
1877 15 533
1888 15 498
1899 15 233
1910 15 365
1921 15 251
1932 15 921
1943 15 896
1954 15 557
1965 15 221
1976 15 384
1987 15 575
1998 15 379
2009 15 961
2020 15 321
2031 15 294
2042 15 242
2053 15 961
2064 15 443
2075 15 520
2086 15 501
2097 15 128
2108 15 539
2119 15 447
2130 15 195
2141 15 618
2152 15 96
2163 15 181
2174 15 750
2185 15 45
2196 15 802
2207 15 163
2218 15 990
2229 15 127
2240 15 873
2251 15 671
2262 15 336
2273 15 308
2284 15 422
2295 15 300
2306 15 18
2317 15 503
2328 15 988
2339 15 100
2350 15 913
2361 15 823
2372 15 350
2383 15 157
2394 15 550
2405 15 117
2416 15 917
2427 15 378
2438 15 647
2449 15 763
2460 15 758
2471 15 14
2482 15 903
2493 15 928
2504 15 621
2515 15 790
2526 15 386
2537 15 984
2548 15 375
2559 15 873
2570 15 860
2581 15 19
2592 15 334
2603 15 902
2614 15 823
2625 15 221
2636 15 379
2647 15 535
2658 15 87
2669 15 729
2680 15 376
2691 15 567
2702 15 224
2713 15 884
2724 15 672
2735 15 760
2746 15 409
2757 15 628
2768 15 585
2779 15 36
2790 15 155
2801 15 887
2812 15 140
2823 15 274
2834 15 875
2845 15 338
2856 15 927
2867 15 134
2878 15 77
2889 15 230
2900 15 210
2911 15 548
2922 15 522
2933 15 381
2944 15 389
2955 15 123
2966 15 203
2977 15 487
2988 15 996
2999 15 203
9 16 17
20 16 633
31 16 288
42 16 616
53 16 167
64 16 160
75 16 673
86 16 38
97 16 537
108 16 914
119 16 656
130 16 68
141 16 815
152 16 580
163 16 84
174 16 348
185 16 501
196 16 48
207 16 526
218 16 384
229 16 984
240 16 431
251 16 907
262 16 903
273 16 442
284 16 157
295 16 934
306 16 692
317 16 762
328 16 464
339 16 104
350 16 462
361 16 206
372 16 224
383 16 310
394 16 834
405 16 927
416 16 914
427 16 867
438 16 300
449 16 643
460 16 756
471 16 305
482 16 383
493 16 485
504 16 148
515 16 709
526 16 19
537 16 289
548 16 135
559 16 804
570 16 74
581 16 499
592 16 239
603 16 544
614 16 925
625 16 36
636 16 611
647 16 687
658 16 988
669 16 287
680 16 164
691 16 585
702 16 425
713 16 765
724 16 759
735 16 644
746 16 278
757 16 252
768 16 53
779 16 663
790 16 720
801 16 107
812 16 496
823 16 43
834 16 236
845 16 990
856 16 744
867 16 688
878 16 871
889 16 681
900 16 509
911 16 322
922 16 378
933 16 373
944 16 790
955 16 221
966 16 435
977 16 74
988 16 436
999 16 317
1010 16 829
1021 16 89
1032 16 429
1043 16 452
1054 16 2
1065 16 378
1076 16 754
1087 16 948
1098 16 429
1109 16 539
1120 16 479
1131 16 671
1142 16 232
1153 16 556
1164 16 790
1175 16 795
1186 16 647
1197 16 510
1208 16 367
1219 16 870
1230 16 985
1241 16 478
1252 16 99
1263 16 764
1274 16 210
1285 16 369
1296 16 898
1307 16 174
1318 16 961
1329 16 326
1340 16 786
1351 16 969
1362 16 324
1373 16 88
1384 16 879
1395 16 853
1406 16 602
1417 16 86
1428 16 455
1439 16 948
1450 16 154
1461 16 111
1472 16 523
1483 16 904
1494 16 657
1505 16 470
1516 16 628
1527 16 359
1538 16 652
1549 16 313
1560 16 848
1571 16 96
1582 16 293
1593 16 721
1604 16 341
1615 16 746
1626 16 791
1637 16 14
1648 16 270
1659 16 65
1670 16 179
1681 16 330
1692 16 487
1703 16 805
1714 16 261
1725 16 850
1736 16 952
1747 16 465
1758 16 668
1769 16 668
1780 16 637
1791 16 594
1802 16 860
1813 16 248
1824 16 881
1835 16 810
1846 16 109
1857 16 34
1868 16 78
1879 16 161
1890 16 523
1901 16 973
1912 16 573
1923 16 578
1934 16 570
1945 16 95
1956 16 906
1967 16 58
1978 16 330
1989 16 86
2000 16 204
2011 16 998
2022 16 832
2033 16 364
2044 16 766
2055 16 441
2066 16 119
2077 16 106
2088 16 316
2099 16 375
2110 16 953
2121 16 200
2132 16 927
2143 16 796
2154 16 471
2165 16 984
2176 16 184
2187 16 495
2198 16 417
2209 16 44
2220 16 406
2231 16 367
2242 16 277
2253 16 312
2264 16 741
2275 16 175
2286 16 403
2297 16 18
2308 16 80
2319 16 786
2330 16 2
2341 16 953
2352 16 403
2363 16 938
2374 16 567
2385 16 182
2396 16 579
2407 16 815
2418 16 123
2429 16 269
2440 16 815
2451 16 447
2462 16 788
2473 16 888
2484 16 963
2495 16 215
2506 16 203
2517 16 442
2528 16 665
2539 16 709
2550 16 725
2561 16 223
2572 16 626
2583 16 524
2594 16 344
2605 16 325
2616 16 23
2627 16 733
2638 16 4
2649 16 19
2660 16 985
2671 16 823
2682 16 426
2693 16 411
2704 16 167
2715 16 139
2726 16 715
2737 16 661
2748 16 985
2759 16 801
2770 16 523
2781 16 652
2792 16 513
2803 16 121
2814 16 904
2825 16 447
2836 16 882
2847 16 149
2858 16 959
2869 16 705
2880 16 176
2891 16 652
2902 16 228
2913 16 667
2924 16 431
2935 16 457
2946 16 25
2957 16 252
2968 16 130
2979 16 603
2990 16 388
0 17 789
11 17 504
22 17 538
33 17 28
44 17 195
55 17 588
66 17 725
77 17 406
88 17 477
99 17 87
110 17 362
121 17 745
132 17 601
143 17 846
154 17 345
165 17 530
176 17 409
187 17 201
198 17 712
209 17 701
220 17 406
231 17 609
242 17 399
253 17 854
264 17 530
275 17 112
286 17 43
297 17 461
308 17 186
319 17 86
330 17 487
341 17 195
352 17 251
363 17 494
374 17 197
385 17 782
396 17 871
407 17 944
418 17 759
429 17 385
440 17 63
451 17 739
462 17 125
473 17 687
484 17 998
495 17 279
506 17 374
517 17 146
528 17 491
539 17 862
550 17 155
561 17 153
572 17 137
583 17 428
594 17 288
605 17 516
616 17 672
627 17 426
638 17 723
649 17 156
660 17 969
671 17 270
682 17 199
693 17 261
704 17 254
715 17 273
726 17 838
737 17 634
748 17 566
759 17 478
770 17 247
781 17 5
792 17 56
803 17 765
814 17 582
825 17 806
836 17 35
847 17 375
858 17 818
869 17 219
880 17 758
891 17 151
902 17 748
913 17 112
924 17 333
935 17 415
946 17 816
957 17 456
968 17 570
979 17 25
990 17 491
1001 17 47
1012 17 96
1023 17 304
1034 17 383
1045 17 37
1056 17 951
1067 17 940
1078 17 776
1089 17 350
1100 17 176
1111 17 217
1122 17 864
1133 17 220
1144 17 452
1155 17 439
1166 17 445
1177 17 140
1188 17 52
1199 17 631
1210 17 864
1221 17 153
1232 17 698
1243 17 562
1254 17 478
1265 17 504
1276 17 356
1287 17 431
1298 17 135
1309 17 357
1320 17 702
1331 17 163
1342 17 873
1353 17 372
1364 17 289
1375 17 66
1386 17 822
1397 17 619
1408 17 248
1419 17 807
1430 17 846
1441 17 581
1452 17 134
1463 17 556
1474 17 616
1485 17 503
1496 17 858
1507 17 921
1518 17 89
1529 17 191
1540 17 966
1551 17 310
1562 17 555
1573 17 78
1584 17 225
1595 17 528
1606 17 501
1617 17 291
1628 17 943
1639 17 607
1650 17 46
1661 17 886
1672 17 566
1683 17 586
1694 17 640
1705 17 807
1716 17 688
1727 17 37
1738 17 191
1749 17 402
1760 17 182
1771 17 211
1782 17 389
1793 17 651
1804 17 664
1815 17 167
1826 17 269
1837 17 19
1848 17 33
1859 17 640
1870 17 924
1881 17 371
1892 17 445
1903 17 257
1914 17 874
1925 17 633
1936 17 378
1947 17 182
1958 17 422
1969 17 837
1980 17 410
1991 17 889
2002 17 457
2013 17 494
2024 17 817
2035 17 547
2046 17 657
2057 17 756
2068 17 610
2079 17 241
2090 17 276
2101 17 897
2112 17 705
2123 17 869
2134 17 153
2145 17 921
2156 17 195
2167 17 470
2178 17 596
2189 17 6
2200 17 14
2211 17 781
2222 17 805
2233 17 767
2244 17 420
2255 17 893
2266 17 775
2277 17 44
2288 17 50
2299 17 886
2310 17 454
2321 17 197
2332 17 272
2343 17 281
2354 17 528
2365 17 453
2376 17 972
2387 17 973
2398 17 258
2409 17 359
2420 17 379
2431 17 295
2442 17 909
2453 17 868
2464 17 33
2475 17 779
2486 17 396
2497 17 282
2508 17 415
2519 17 149
2530 17 90
2541 17 861
2552 17 43
2563 17 355
2574 17 484
2585 17 367
2596 17 966
2607 17 492
2618 17 225
2629 17 496
2640 17 199
2651 17 688
2662 17 517
2673 17 594
2684 17 25
2695 17 663
2706 17 454
2717 17 476
2728 17 887
2739 17 389
2750 17 669
2761 17 327
2772 17 878
2783 17 159
2794 17 702
2805 17 217
2816 17 24
2827 17 674
2838 17 579
2849 17 893
2860 17 99
2871 17 728
2882 17 347
2893 17 939
2904 17 86
2915 17 795
2926 17 22
2937 17 996
2948 17 528
2959 17 675
2970 17 78
2981 17 708
2992 17 80
2 18 978
13 18 967
24 18 977
35 18 791
46 18 573
57 18 282
68 18 871
79 18 48
90 18 166
101 18 456
112 18 470
123 18 876
134 18 273
145 18 127
156 18 344
167 18 230
178 18 753
189 18 197
200 18 320
211 18 408
222 18 634
233 18 750
244 18 818
255 18 897
266 18 756
277 18 363
288 18 257
299 18 105
310 18 756
321 18 564
332 18 177
343 18 708
354 18 910
365 18 279
376 18 354
387 18 212
398 18 37
409 18 560
420 18 87
431 18 319
442 18 396
453 18 815
464 18 721
475 18 876
486 18 887
497 18 913
508 18 144
519 18 679
530 18 256
541 18 94
552 18 861
563 18 224
574 18 692
585 18 866
596 18 493
607 18 267
618 18 742
629 18 981
640 18 276
651 18 492
662 18 615
673 18 355
684 18 826
695 18 63
706 18 508
717 18 283
728 18 847
739 18 57
750 18 702
761 18 95
772 18 279
783 18 786
794 18 926
805 18 386
816 18 469
827 18 872
838 18 53
849 18 658
860 18 34
871 18 897
882 18 168
893 18 914
904 18 589
915 18 535
926 18 573
937 18 983
948 18 704
959 18 613
970 18 829
981 18 637
992 18 31
1003 18 176
1014 18 705
1025 18 609
1036 18 319
1047 18 5
1058 18 705
1069 18 707
1080 18 25
1091 18 398
1102 18 961
1113 18 160
1124 18 188
1135 18 372
1146 18 682
1157 18 691
1168 18 435
1179 18 946
1190 18 191
1201 18 596
1212 18 317
1223 18 36
1234 18 591
1245 18 946
1256 18 863
1267 18 697
1278 18 248
1289 18 85
1300 18 229
1311 18 205
1322 18 338
1333 18 222
1344 18 816
1355 18 432
1366 18 271
1377 18 926
1388 18 656
1399 18 13
1410 18 973
1421 18 639
1432 18 940
1443 18 292
1454 18 514
1465 18 156
1476 18 293
1487 18 487
1498 18 299
1509 18 668
1520 18 88
1531 18 617
1542 18 920
1553 18 827
1564 18 647
1575 18 996
1586 18 883
1597 18 972
1608 18 984
1619 18 936
1630 18 229
1641 18 897
1652 18 428
1663 18 416
1674 18 502
1685 18 315
1696 18 474
1707 18 975
1718 18 99
1729 18 206
1740 18 204
1751 18 760
1762 18 210
1773 18 254
1784 18 826
1795 18 32
1806 18 167
1817 18 303
1828 18 762
1839 18 832
1850 18 64
1861 18 416
1872 18 697
1883 18 342
1894 18 378
1905 18 294
1916 18 44
1927 18 38
1938 18 640
1949 18 707
1960 18 768
1971 18 924
1982 18 588
1993 18 604
2004 18 473
2015 18 919
2026 18 863
2037 18 962
2048 18 615
2059 18 696
2070 18 614
2081 18 471
2092 18 296
2103 18 199
2114 18 756
2125 18 629
2136 18 250
2147 18 912
2158 18 157
2169 18 695
2180 18 103
2191 18 745
2202 18 292
2213 18 937
2224 18 66
2235 18 353
2246 18 649
2257 18 682
2268 18 284
2279 18 294
2290 18 386
2301 18 955
2312 18 67
2323 18 424
2334 18 180
2345 18 974
2356 18 691
2367 18 973
2378 18 57
2389 18 559
2400 18 129
2411 18 701
2422 18 868
2433 18 922
2444 18 298
2455 18 997
2466 18 562
2477 18 907
2488 18 257
2499 18 705
2510 18 112
2521 18 415
2532 18 354
2543 18 243
2554 18 703
2565 18 634
2576 18 514
2587 18 825
2598 18 61
2609 18 182
2620 18 543
2631 18 255
2642 18 379
2653 18 279
2664 18 8
2675 18 136
2686 18 688
2697 18 923
2708 18 622
2719 18 598
2730 18 294
2741 18 790
2752 18 542
2763 18 473
2774 18 655
2785 18 904
2796 18 417
2807 18 1000
2818 18 840
2829 18 951
2840 18 72
2851 18 70
2862 18 776
2873 18 972
2884 18 415
2895 18 504
2906 18 181
2917 18 541
2928 18 266
2939 18 781
2950 18 840
2961 18 997
2972 18 755
2983 18 394
2994 18 843
4 19 370
15 19 733
26 19 414
37 19 11
48 19 267
59 19 815
70 19 568
81 19 777
92 19 471
103 19 345
114 19 292
125 19 11
136 19 644
147 19 474
158 19 299
169 19 917
180 19 866
191 19 316
202 19 98
213 19 926
224 19 171
235 19 653
246 19 564
257 19 313
268 19 697
279 19 988
290 19 497
301 19 290
312 19 390
323 19 715
334 19 413
345 19 311
356 19 966
367 19 541
378 19 306
389 19 503
400 19 447
411 19 29
422 19 109
433 19 648
444 19 361
455 19 694
466 19 721
477 19 573
488 19 38
499 19 671
510 19 979
521 19 187
532 19 567
543 19 770
554 19 353
565 19 334
576 19 575
587 19 914
598 19 51
609 19 318
620 19 951
631 19 348
642 19 879
653 19 995
664 19 650
675 19 761
686 19 603
697 19 951
708 19 716
719 19 260
730 19 680
741 19 987
752 19 777
763 19 794
774 19 726
785 19 821
796 19 445
807 19 437
818 19 554
829 19 932
840 19 398
851 19 74
862 19 813
873 19 636
884 19 998
895 19 552
906 19 59
917 19 683
928 19 648
939 19 914
950 19 261
961 19 357
972 19 896
983 19 458
994 19 378
1005 19 851
1016 19 161
1027 19 366
1038 19 737
1049 19 874
1060 19 730
1071 19 38
1082 19 535
1093 19 646
1104 19 129
1115 19 929
1126 19 424
1137 19 488
1148 19 604
1159 19 596
1170 19 681
1181 19 637
1192 19 374
1203 19 699
1214 19 897
1225 19 134
1236 19 1
1247 19 461
1258 19 82
1269 19 242
1280 19 632
1291 19 152
1302 19 412
1313 19 148
1324 19 576
1335 19 391
1346 19 111
1357 19 472
1368 19 156
1379 19 889
1390 19 718
1401 19 397
1412 19 370
1423 19 405
1434 19 634
1445 19 924
1456 19 807
1467 19 283
1478 19 393
1489 19 268
1500 19 695
1511 19 73
1522 19 629
1533 19 408
1544 19 136
1555 19 357
1566 19 105
1577 19 732
1588 19 673
1599 19 142
1610 19 387
1621 19 895
1632 19 39
1643 19 626
1654 19 996
1665 19 463
1676 19 887
1687 19 710
1698 19 918
1709 19 714
1720 19 413
1731 19 969
1742 19 588
1753 19 572
1764 19 518
1775 19 473
1786 19 914
1797 19 801
1808 19 865
1819 19 222
1830 19 529
1841 19 514
1852 19 712
1863 19 125
1874 19 37
1885 19 912
1896 19 732
1907 19 293
1918 19 852
1929 19 934
1940 19 227
1951 19 830
1962 19 666
1973 19 916
1984 19 751
1995 19 894
2006 19 944
2017 19 998
2028 19 490
2039 19 834
2050 19 948
2061 19 669
2072 19 609
2083 19 119
2094 19 168
2105 19 139
2116 19 661
2127 19 40
2138 19 727
2149 19 273
2160 19 628
2171 19 296
2182 19 490
2193 19 531
2204 19 158
2215 19 693
2226 19 403
2237 19 631
2248 19 652
2259 19 164
2270 19 210
2281 19 38
2292 19 710
2303 19 9
2314 19 844
2325 19 968
2336 19 450
2347 19 966
2358 19 194
2369 19 868
2380 19 10
2391 19 578
2402 19 518
2413 19 969
2424 19 878
2435 19 344
2446 19 523
2457 19 916
2468 19 50
2479 19 866
2490 19 946
2501 19 411
2512 19 376
2523 19 547
2534 19 625
2545 19 869
2556 19 983
2567 19 451
2578 19 573
2589 19 951
2600 19 402
2611 19 548
2622 19 726
2633 19 262
2644 19 869
2655 19 288
2666 19 168
2677 19 489
2688 19 250
2699 19 107
2710 19 760
2721 19 22
2732 19 298
2743 19 171
2754 19 475
2765 19 695
2776 19 340
2787 19 712
2798 19 724
2809 19 118
2820 19 660
2831 19 501
2842 19 9
2853 19 832
2864 19 321
2875 19 683
2886 19 154
2897 19 784
2908 19 536
2919 19 770
2930 19 841
2941 19 968
2952 19 477
2963 19 425
2974 19 411
2985 19 760
2996 19 990
6 20 467
17 20 16
28 20 917
39 20 552
50 20 812
61 20 89
72 20 841
83 20 883
94 20 752
105 20 256
116 20 774
127 20 319
138 20 419
149 20 284
160 20 299
171 20 41
182 20 511
193 20 408
204 20 646
215 20 200
226 20 611
237 20 396
248 20 168
259 20 911
270 20 211
281 20 17
292 20 82
303 20 289
314 20 208
325 20 706
336 20 531
347 20 884
358 20 425
369 20 859
380 20 108
391 20 527
402 20 831
413 20 209
424 20 231
435 20 885
446 20 243
457 20 278
468 20 802
479 20 833
490 20 607
501 20 975
512 20 514
523 20 201
534 20 423
545 20 46
556 20 106
567 20 496
578 20 340
589 20 798
600 20 533
611 20 909
622 20 506
633 20 389
644 20 959
655 20 381
666 20 762
677 20 765
688 20 153
699 20 180
710 20 625
721 20 725
732 20 321
743 20 394
754 20 197
765 20 521
776 20 458
787 20 565
798 20 365
809 20 885
820 20 568
831 20 172
842 20 514
853 20 352
864 20 136
875 20 502
886 20 318
897 20 422
908 20 436
919 20 775
930 20 328
941 20 209
952 20 462
963 20 8
974 20 667
985 20 589
996 20 634
1007 20 317
1018 20 480
1029 20 130
1040 20 468
1051 20 788
1062 20 873
1073 20 222
1084 20 80
1095 20 738
1106 20 49
1117 20 868
1128 20 633
1139 20 437
1150 20 512
1161 20 826
1172 20 469
1183 20 910
1194 20 275
1205 20 836
1216 20 668
1227 20 483
1238 20 532
1249 20 882
1260 20 523
1271 20 184
1282 20 872
1293 20 870
1304 20 298
1315 20 916
1326 20 913
1337 20 472
1348 20 696
1359 20 641
1370 20 938
1381 20 497
1392 20 798
1403 20 337
1414 20 401
1425 20 816
1436 20 869
1447 20 180
1458 20 860
1469 20 47
1480 20 990
1491 20 298
1502 20 647
1513 20 92
1524 20 693
1535 20 209
1546 20 746
1557 20 56
1568 20 860
1579 20 759
1590 20 227
1601 20 1000
1612 20 491
1623 20 427
1634 20 152
1645 20 419
1656 20 915
1667 20 121
1678 20 89
1689 20 330
1700 20 323
1711 20 307
1722 20 284
1733 20 507
1744 20 895
1755 20 16
1766 20 124
1777 20 223
1788 20 247
1799 20 264
1810 20 223
1821 20 104
1832 20 742
1843 20 391
1854 20 700
1865 20 409
1876 20 209
1887 20 305
1898 20 944
1909 20 184
1920 20 76
1931 20 701
1942 20 463
1953 20 405
1964 20 210
1975 20 669
1986 20 928
1997 20 91
2008 20 802
2019 20 857
2030 20 292
2041 20 782
2052 20 924
2063 20 570
2074 20 731
2085 20 603
2096 20 322
2107 20 407
2118 20 491
2129 20 628
2140 20 104
2151 20 358
2162 20 407
2173 20 421
2184 20 123
2195 20 42
2206 20 929
2217 20 74
2228 20 576
2239 20 216
2250 20 608
2261 20 810
2272 20 946
2283 20 899
2294 20 146
2305 20 313
2316 20 222
2327 20 13
2338 20 642
2349 20 938
2360 20 356
2371 20 292
2382 20 800
2393 20 187
2404 20 329
2415 20 8
2426 20 293
2437 20 460
2448 20 220
2459 20 596
2470 20 814
2481 20 526
2492 20 958
2503 20 113
2514 20 422
2525 20 439
2536 20 818
2547 20 530
2558 20 784
2569 20 814
2580 20 408
2591 20 895
2602 20 57
2613 20 745
2624 20 63
2635 20 366
2646 20 200
2657 20 83
2668 20 166
2679 20 313
2690 20 626
2701 20 78
2712 20 434
2723 20 495
2734 20 191
2745 20 451
2756 20 139
2767 20 597
2778 20 39
2789 20 310
2800 20 33
2811 20 794
2822 20 402
2833 20 531
2844 20 704
2855 20 85
2866 20 795
2877 20 570
2888 20 48
2899 20 701
2910 20 512
2921 20 519
2932 20 727
2943 20 220
2954 20 48
2965 20 83
2976 20 171
2987 20 324
2998 20 617
8 21 27
19 21 371
30 21 74
41 21 566
52 21 888
63 21 231
74 21 684
85 21 389
96 21 797
107 21 890
118 21 383
129 21 92
140 21 527
151 21 888
162 21 967
173 21 692
184 21 913
195 21 260
206 21 597
217 21 679
228 21 550
239 21 206
250 21 626
261 21 284
272 21 552
283 21 653
294 21 448
305 21 370
316 21 394
327 21 733
338 21 927
349 21 800
360 21 930
371 21 374
382 21 663
393 21 506
404 21 688
415 21 367
426 21 773
437 21 642
448 21 236
459 21 823
470 21 577
481 21 877
492 21 501
503 21 993
514 21 634
525 21 106
536 21 828
547 21 681
558 21 47
569 21 651
580 21 565
591 21 709
602 21 669
613 21 648
624 21 786
635 21 956
646 21 968
657 21 564
668 21 385
679 21 420
690 21 347
701 21 150
712 21 538
723 21 928
734 21 195
745 21 479
756 21 432
767 21 685
778 21 384
789 21 356
800 21 771
811 21 801
822 21 966
833 21 398
844 21 66
855 21 307
866 21 59
877 21 213
888 21 315
899 21 543
910 21 500
921 21 837
932 21 495
943 21 852
954 21 357
965 21 89
976 21 31
987 21 44
998 21 582
1009 21 874
1020 21 158
1031 21 152
1042 21 941
1053 21 154
1064 21 208
1075 21 823
1086 21 923
1097 21 279
1108 21 926
1119 21 640
1130 21 485
1141 21 434
1152 21 861
1163 21 766
1174 21 829
1185 21 728
1196 21 663
1207 21 197
1218 21 840
1229 21 455
1240 21 830
1251 21 274
1262 21 945
1273 21 562
1284 21 769
1295 21 795
1306 21 96
1317 21 405
1328 21 979
1339 21 519
1350 21 463
1361 21 672
1372 21 801
1383 21 432
1394 21 743
1405 21 850
1416 21 168
1427 21 7
1438 21 338
1449 21 522
1460 21 215
1471 21 180
1482 21 322
1493 21 10
1504 21 753
1515 21 426
1526 21 674
1537 21 743
1548 21 514
1559 21 821
1570 21 817
1581 21 819
1592 21 503
1603 21 792
1614 21 844
1625 21 380
1636 21 471
1647 21 309
1658 21 205
1669 21 605
1680 21 687
1691 21 904
1702 21 983
1713 21 823
1724 21 702
1735 21 704
1746 21 114
1757 21 523
1768 21 420
1779 21 913
1790 21 952
1801 21 136
1812 21 616
1823 21 731
1834 21 103
1845 21 584
1856 21 876
1867 21 496
1878 21 379
1889 21 903
1900 21 804
1911 21 737
1922 21 471
1933 21 894
1944 21 377
1955 21 556
1966 21 782
1977 21 319
1988 21 198
1999 21 954
2010 21 325
2021 21 346
2032 21 454
2043 21 462
2054 21 609
2065 21 917
2076 21 265
2087 21 5
2098 21 413
2109 21 503
2120 21 460
2131 21 249
2142 21 511
2153 21 652
2164 21 629
2175 21 170
2186 21 410
2197 21 787
2208 21 493
2219 21 865
2230 21 248
2241 21 811
2252 21 933
2263 21 966
2274 21 338
2285 21 216
2296 21 840
2307 21 743
2318 21 482
2329 21 746
2340 21 929
2351 21 586
2362 21 175
2373 21 694
2384 21 864
2395 21 114
2406 21 413
2417 21 88
2428 21 462
2439 21 128
2450 21 91
2461 21 633
2472 21 326
2483 21 733
2494 21 501
2505 21 749
2516 21 379
2527 21 638
2538 21 710
2549 21 667
2560 21 204
2571 21 672
2582 21 333
2593 21 208
2604 21 442
2615 21 593
2626 21 477
2637 21 591
2648 21 117
2659 21 373
2670 21 369
2681 21 848
2692 21 425
2703 21 829
2714 21 303
2725 21 179
2736 21 679
2747 21 139
2758 21 383
2769 21 513
2780 21 370
2791 21 290
2802 21 141
2813 21 787
2824 21 686
2835 21 994
2846 21 321
2857 21 397
2868 21 741
2879 21 483
2890 21 55
2901 21 710
2912 21 768
2923 21 957
2934 21 130
2945 21 839
2956 21 918
2967 21 129
2978 21 764
2989 21 597
10 22 11
21 22 103
32 22 775
43 22 502
54 22 64
65 22 203
76 22 938
87 22 991
98 22 214
109 22 191
120 22 987
131 22 4
142 22 506
153 22 943
164 22 200
175 22 843
186 22 997
197 22 921
208 22 115
219 22 813
230 22 77
241 22 731
252 22 913
263 22 758
274 22 909
285 22 936
296 22 147
307 22 90
318 22 603
329 22 211
340 22 627
351 22 271
362 22 483
373 22 128
384 22 693
395 22 235
406 22 931
417 22 341
428 22 999
439 22 386
450 22 632
461 22 134
472 22 805
483 22 442
494 22 178
505 22 149
516 22 438
527 22 30
538 22 947
549 22 295
560 22 952
571 22 873
582 22 462
593 22 978
604 22 657
615 22 256
626 22 237
637 22 282
648 22 177
659 22 753
670 22 291
681 22 414
692 22 638
703 22 16
714 22 66
725 22 679
736 22 39
747 22 74
758 22 453
769 22 288
780 22 286
791 22 342
802 22 494
813 22 618
824 22 861
835 22 358
846 22 172
857 22 607
868 22 785
879 22 299
890 22 27
901 22 131
912 22 17
923 22 732
934 22 898
945 22 307
956 22 868
967 22 323
978 22 213
989 22 695
1000 22 330
1011 22 810
1022 22 697
1033 22 881
1044 22 398
1055 22 635
1066 22 819
1077 22 213
1088 22 491
1099 22 143
1110 22 784
1121 22 458
1132 22 518
1143 22 577
1154 22 949
1165 22 787
1176 22 715
1187 22 400
1198 22 486
1209 22 885
1220 22 414
1231 22 942
1242 22 918
1253 22 853
1264 22 477
1275 22 100
1286 22 271
1297 22 334
1308 22 501
1319 22 412
1330 22 965
1341 22 423
1352 22 60
1363 22 461
1374 22 561
1385 22 778
1396 22 575
1407 22 52
1418 22 710
1429 22 715
1440 22 801
1451 22 219
1462 22 189
1473 22 943
1484 22 990
1495 22 98
1506 22 652
1517 22 145
1528 22 540
1539 22 343
1550 22 411
1561 22 265
1572 22 740
1583 22 247
1594 22 683
1605 22 707
1616 22 853
1627 22 160
1638 22 818
1649 22 825
1660 22 679
1671 22 212
1682 22 987
1693 22 364
1704 22 817
1715 22 348
1726 22 238
1737 22 702
1748 22 536
1759 22 196
1770 22 801
1781 22 294
1792 22 684
1803 22 940
1814 22 281
1825 22 82
1836 22 723
1847 22 468
1858 22 277
1869 22 934
1880 22 170
1891 22 332
1902 22 865
1913 22 246
1924 22 362
1935 22 331
1946 22 916
1957 22 363
1968 22 420
1979 22 348
1990 22 753
2001 22 60
2012 22 975
2023 22 669
2034 22 864
2045 22 265
2056 22 634
2067 22 914
2078 22 567
2089 22 955
2100 22 323
2111 22 187
2122 22 481
2133 22 749
2144 22 627
2155 22 864
2166 22 86
2177 22 555
2188 22 560
2199 22 267
2210 22 984
2221 22 929
2232 22 894
2243 22 153
2254 22 155
2265 22 301
2276 22 248
2287 22 525
2298 22 874
2309 22 204
2320 22 963
2331 22 107
2342 22 110
2353 22 231
2364 22 519
2375 22 413
2386 22 208
2397 22 953
2408 22 581
2419 22 181
2430 22 343
2441 22 423
2452 22 330
2463 22 801
2474 22 263
2485 22 440
2496 22 32
2507 22 731
2518 22 795
2529 22 674
2540 22 312
2551 22 697
2562 22 781
2573 22 774
2584 22 41
2595 22 375
2606 22 903
2617 22 310
2628 22 580
2639 22 682
2650 22 458
2661 22 698
2672 22 723
2683 22 794
2694 22 968
2705 22 251
2716 22 698
2727 22 834
2738 22 336
2749 22 459
2760 22 355
2771 22 308
2782 22 807
2793 22 932
2804 22 829
2815 22 167
2826 22 62
2837 22 457
2848 22 605
2859 22 671
2870 22 968
2881 22 486
2892 22 757
2903 22 154
2914 22 857
2925 22 497
2936 22 949
2947 22 336
2958 22 816
2969 22 441
2980 22 341
2991 22 639
1 23 477
12 23 522
23 23 798
34 23 69
45 23 977
56 23 938
67 23 714
78 23 229
89 23 94
100 23 510
111 23 285
122 23 60
133 23 5
144 23 890
155 23 606
166 23 289
177 23 318
188 23 581
199 23 315
210 23 695
221 23 147
232 23 542
243 23 617
254 23 472
265 23 538
276 23 913
287 23 505
298 23 359
309 23 716
320 23 463
331 23 836
342 23 776
353 23 475
364 23 501
375 23 589
386 23 544
397 23 693
408 23 804
419 23 960
430 23 776
441 23 798
452 23 420
463 23 523
474 23 752
485 23 779
496 23 227
507 23 351
518 23 427
529 23 26
540 23 991
551 23 205
562 23 810
573 23 374
584 23 46
595 23 969
606 23 925
617 23 18
628 23 88
639 23 187
650 23 835
661 23 145
672 23 104
683 23 959
694 23 197
705 23 161
716 23 381
727 23 399
738 23 302
749 23 107
760 23 641
771 23 571
782 23 591
793 23 314
804 23 255
815 23 135
826 23 357
837 23 314
848 23 324
859 23 718
870 23 977
881 23 424
892 23 996
903 23 728
914 23 68
925 23 460
936 23 610
947 23 541
958 23 659
969 23 960
980 23 901
991 23 584
1002 23 529
1013 23 290
1024 23 500
1035 23 151
1046 23 893
1057 23 880
1068 23 222
1079 23 595
1090 23 120
1101 23 249
1112 23 41
1123 23 885
1134 23 919
1145 23 376
1156 23 613
1167 23 736
1178 23 490
1189 23 965
1200 23 97
1211 23 648
1222 23 408
1233 23 285
1244 23 893
1255 23 218
1266 23 895
1277 23 743
1288 23 952
1299 23 948
1310 23 773
1321 23 423
1332 23 313
1343 23 387
1354 23 578
1365 23 417
1376 23 584
1387 23 759
1398 23 389
1409 23 721
1420 23 873
1431 23 564
1442 23 241
1453 23 685
1464 23 254
1475 23 256
1486 23 173
1497 23 950
1508 23 348
1519 23 561
1530 23 268
1541 23 214
1552 23 700
1563 23 642
1574 23 347
1585 23 902
1596 23 93
1607 23 946
1618 23 173
1629 23 861
1640 23 482
1651 23 720
1662 23 941
1673 23 484
1684 23 489
1695 23 243
1706 23 910
1717 23 465
1728 23 866
1739 23 948
1750 23 165
1761 23 973
1772 23 339
1783 23 697
1794 23 30
1805 23 587
1816 23 51
1827 23 272
1838 23 484
1849 23 709
1860 23 882
1871 23 135
1882 23 619
1893 23 450
1904 23 327
1915 23 77
1926 23 107
1937 23 359
1948 23 195
1959 23 626
1970 23 24
1981 23 76
1992 23 201
2003 23 104
2014 23 525
2025 23 349
2036 23 434
2047 23 328
2058 23 670
2069 23 677
2080 23 306
2091 23 749
2102 23 102
2113 23 652
2124 23 212
2135 23 353
2146 23 729
2157 23 105
2168 23 829
2179 23 161
2190 23 960
2201 23 216
2212 23 178
2223 23 720
2234 23 789
2245 23 955
2256 23 679
2267 23 855
2278 23 346
2289 23 84
2300 23 13
2311 23 912
2322 23 238
2333 23 334
2344 23 772
2355 23 220
2366 23 342
2377 23 441
2388 23 474
2399 23 503
2410 23 208
2421 23 38
2432 23 371
2443 23 907
2454 23 325
2465 23 183
2476 23 55
2487 23 989
2498 23 448
2509 23 867
2520 23 469
2531 23 953
2542 23 507
2553 23 593
2564 23 442
2575 23 518
2586 23 309
2597 23 467
2608 23 316
2619 23 750
2630 23 265
2641 23 747
2652 23 773
2663 23 331
2674 23 503
2685 23 4
2696 23 925
2707 23 482
2718 23 86
2729 23 674
2740 23 613
2751 23 226
2762 23 580
2773 23 412
2784 23 364
2795 23 852
2806 23 415
2817 23 404
2828 23 558
2839 23 962
2850 23 494
2861 23 325
2872 23 27
2883 23 931
2894 23 66
2905 23 135
2916 23 354
2927 23 119
2938 23 222
2949 23 893
2960 23 932
2971 23 90
2982 23 831
2993 23 280
3 24 646
14 24 186
25 24 440
36 24 858
47 24 324
58 24 692
69 24 511
80 24 453
91 24 550
102 24 311
113 24 414
124 24 70
135 24 375
146 24 364
157 24 647
168 24 491
179 24 106
190 24 101
201 24 279
212 24 317
223 24 525
234 24 899
245 24 733
256 24 283
267 24 888
278 24 317
289 24 137
300 24 289
311 24 643
322 24 908
333 24 905
344 24 6
355 24 107
366 24 732
377 24 632
388 24 862
399 24 496
410 24 734
421 24 854
432 24 845
443 24 329
454 24 109
465 24 93
476 24 435
487 24 45
498 24 681
509 24 271
520 24 588
531 24 867
542 24 27
553 24 547
564 24 561
575 24 291
586 24 873
597 24 337
608 24 70
619 24 353
630 24 41
641 24 434
652 24 956
663 24 753
674 24 581
685 24 642
696 24 604
707 24 652
718 24 315
729 24 763
740 24 764
751 24 719
762 24 425
773 24 714
784 24 457
795 24 176
806 24 351
817 24 375
828 24 283
839 24 720
850 24 744
861 24 953
872 24 716
883 24 977
894 24 596
905 24 149
916 24 358
927 24 247
938 24 769
949 24 840
960 24 81
971 24 329
982 24 848
993 24 683
1004 24 773
1015 24 847
1026 24 615
1037 24 115
1048 24 37
1059 24 963
1070 24 310
1081 24 453
1092 24 823
1103 24 880
1114 24 591
1125 24 215
1136 24 96
1147 24 61
1158 24 978
1169 24 492
1180 24 774
1191 24 686
1202 24 178
1213 24 842
1224 24 412
1235 24 406
1246 24 265
1257 24 180
1268 24 997
1279 24 168
1290 24 79
1301 24 949
1312 24 638
1323 24 224
1334 24 793
1345 24 387
1356 24 726
1367 24 405
1378 24 851
1389 24 34
1400 24 330
1411 24 422
1422 24 1000
1433 24 808
1444 24 715
1455 24 747
1466 24 287
1477 24 698
1488 24 570
1499 24 418
1510 24 163
1521 24 182
1532 24 831
1543 24 199
1554 24 978
1565 24 936
1576 24 725
1587 24 633
1598 24 222
1609 24 680
1620 24 109
1631 24 687
1642 24 977
1653 24 309
1664 24 940
1675 24 595
1686 24 973
1697 24 991
1708 24 623
1719 24 789
1730 24 486
1741 24 172
1752 24 189
1763 24 852
1774 24 711
1785 24 738
1796 24 811
1807 24 911
1818 24 222
1829 24 801
1840 24 476
1851 24 489
1862 24 631
1873 24 739
1884 24 621
1895 24 822
1906 24 551
1917 24 920
1928 24 521
1939 24 590
1950 24 551
1961 24 183
1972 24 72
1983 24 72
1994 24 558
2005 24 682
2016 24 165
2027 24 107
2038 24 394
2049 24 747
2060 24 602
2071 24 107
2082 24 616
2093 24 730
2104 24 113
2115 24 329
2126 24 548
2137 24 298
2148 24 630
2159 24 300
2170 24 55
2181 24 294
2192 24 398
2203 24 846
2214 24 750
2225 24 856
2236 24 46
2247 24 680
2258 24 717
2269 24 440
2280 24 747
2291 24 51
2302 24 182
2313 24 197
2324 24 19
2335 24 597
2346 24 828
2357 24 508
2368 24 605
2379 24 920
2390 24 348
2401 24 599
2412 24 130
2423 24 270
2434 24 86
2445 24 968
2456 24 609
2467 24 945
2478 24 585
2489 24 455
2500 24 384
2511 24 70
2522 24 503
2533 24 201
2544 24 397
2555 24 113
2566 24 697
2577 24 947
2588 24 598
2599 24 484
2610 24 998
2621 24 65
2632 24 972
2643 24 984
2654 24 483
2665 24 306
2676 24 662
2687 24 79
2698 24 166
2709 24 470
2720 24 875
2731 24 155
2742 24 789
2753 24 310
2764 24 490
2775 24 926
2786 24 307
2797 24 360
2808 24 623
2819 24 406
2830 24 199
2841 24 34
2852 24 465
2863 24 233
2874 24 55
2885 24 324
2896 24 81
2907 24 585
2918 24 994
2929 24 581
2940 24 347
2951 24 454
2962 24 757
2973 24 97
2984 24 925
2995 24 764
5 25 953
16 25 303
27 25 769
38 25 546
49 25 478
60 25 271
71 25 871
82 25 538
93 25 143
104 25 962
115 25 577
126 25 590
137 25 580
148 25 18
159 25 463
170 25 846
181 25 551
192 25 699
203 25 598
214 25 612
225 25 214
236 25 277
247 25 225
258 25 439
269 25 142
280 25 506
291 25 529
302 25 25
313 25 50
324 25 189
335 25 362
346 25 120
357 25 385
368 25 162
379 25 700
390 25 828
401 25 241
412 25 535
423 25 448
434 25 672
445 25 272
456 25 127
467 25 745
478 25 689
489 25 592
500 25 880
511 25 42
522 25 406
533 25 914
544 25 849
555 25 181
566 25 281
577 25 546
588 25 169
599 25 733
610 25 496
621 25 735
632 25 234
643 25 667
654 25 969
665 25 494
676 25 886
687 25 679
698 25 762
709 25 193
720 25 697
731 25 335
742 25 274
753 25 323
764 25 698
775 25 985
786 25 498
797 25 538
808 25 818
819 25 532
830 25 637
841 25 669
852 25 140
863 25 352
874 25 845
885 25 340
896 25 908
907 25 589
918 25 207
929 25 261
940 25 42
951 25 302
962 25 560
973 25 924
984 25 416
995 25 512
1006 25 476
1017 25 549
1028 25 477
1039 25 719
1050 25 560
1061 25 250
1072 25 885
1083 25 512
1094 25 528
1105 25 163
1116 25 690
1127 25 429
1138 25 422
1149 25 600
1160 25 202
1171 25 217
1182 25 173
1193 25 669
1204 25 777
1215 25 378
1226 25 201
1237 25 573
1248 25 367
1259 25 681
1270 25 776
1281 25 981
1292 25 520
1303 25 501
1314 25 595
1325 25 894
1336 25 185
1347 25 845
1358 25 518
1369 25 683
1380 25 997
1391 25 326
1402 25 580
1413 25 659
1424 25 932
1435 25 61
1446 25 792
1457 25 661
1468 25 338
1479 25 143
1490 25 558
1501 25 558
1512 25 989
1523 25 133
1534 25 843
1545 25 115
1556 25 548
1567 25 243
1578 25 605
1589 25 132
1600 25 675
1611 25 618
1622 25 846
1633 25 416
1644 25 44
1655 25 116
1666 25 307
1677 25 108
1688 25 148
1699 25 94
1710 25 721
1721 25 627
1732 25 990
1743 25 89
1754 25 429
1765 25 452
1776 25 824
1787 25 877
1798 25 918
1809 25 259
1820 25 86
1831 25 122
1842 25 878
1853 25 809
1864 25 975
1875 25 343
1886 25 26
1897 25 363
1908 25 514
1919 25 902
1930 25 3
1941 25 219
1952 25 320
1963 25 491
1974 25 635
1985 25 914
1996 25 424
2007 25 892
2018 25 585
2029 25 506
2040 25 677
2051 25 320
2062 25 620
2073 25 75
2084 25 801
2095 25 863
2106 25 98
2117 25 5
2128 25 465
2139 25 973
2150 25 683
2161 25 701
2172 25 420
2183 25 4
2194 25 319
2205 25 322
2216 25 91
2227 25 593
2238 25 327
2249 25 666
2260 25 324
2271 25 584
2282 25 379
2293 25 748
2304 25 398
2315 25 651
2326 25 320
2337 25 711
2348 25 217
2359 25 292
2370 25 995
2381 25 772
2392 25 160
2403 25 400
2414 25 870
2425 25 968
2436 25 489
2447 25 446
2458 25 885
2469 25 897
2480 25 533
2491 25 143
2502 25 488
2513 25 108
2524 25 498
2535 25 51
2546 25 948
2557 25 391
2568 25 459
2579 25 984
2590 25 927
2601 25 190
2612 25 461
2623 25 81
2634 25 877
2645 25 926
2656 25 667
2667 25 485
2678 25 590
2689 25 420
2700 25 92
2711 25 640
2722 25 286
2733 25 990
2744 25 455
2755 25 979
2766 25 133
2777 25 88
2788 25 891
2799 25 416
2810 25 947
2821 25 768
2832 25 346
2843 25 116
2854 25 50
2865 25 414
2876 25 667
2887 25 704
2898 25 794
2909 25 907
2920 25 372
2931 25 818
2942 25 932
2953 25 545
2964 25 164
2975 25 749
2986 25 158
2997 25 679
7 26 824
18 26 364
29 26 333
40 26 908
51 26 815
62 26 246
73 26 671
84 26 498
95 26 698
106 26 830
117 26 25
128 26 174
139 26 475
150 26 616
161 26 136
172 26 363
183 26 303
194 26 952
205 26 175
216 26 998
227 26 312
238 26 766
249 26 258
260 26 868
271 26 771
282 26 584
293 26 766
304 26 49
315 26 200
326 26 511
337 26 886
348 26 25
359 26 343
370 26 426
381 26 164
392 26 63
403 26 387
414 26 715
425 26 927
436 26 903
447 26 626
458 26 999
469 26 840
480 26 813
491 26 560
502 26 684
513 26 613
524 26 702
535 26 540
546 26 3
557 26 42
568 26 813
579 26 16
590 26 449
601 26 555
612 26 796
623 26 291
634 26 346
645 26 247
656 26 410
667 26 830
678 26 859
689 26 898
700 26 916
711 26 65
722 26 914
733 26 688
744 26 896
755 26 811
766 26 336
777 26 232
788 26 403
799 26 184
810 26 722
821 26 119
832 26 896
843 26 335
854 26 902
865 26 635
876 26 636
887 26 6
898 26 341
909 26 701
920 26 248
931 26 858
942 26 685
953 26 546
964 26 130
975 26 171
986 26 96
997 26 788
1008 26 67
1019 26 675
1030 26 664
1041 26 692
1052 26 402
1063 26 797
1074 26 878
1085 26 497
1096 26 68
1107 26 422
1118 26 686
1129 26 187
1140 26 798
1151 26 122
1162 26 378
1173 26 128
1184 26 284
1195 26 480
1206 26 558
1217 26 56
1228 26 986
1239 26 598
1250 26 133
1261 26 352
1272 26 450
1283 26 380
1294 26 782
1305 26 866
1316 26 968
1327 26 38
1338 26 419
1349 26 665
1360 26 787
1371 26 308
1382 26 24
1393 26 966
1404 26 848
1415 26 527
1426 26 83
1437 26 863
1448 26 578
1459 26 440
1470 26 628
1481 26 272
1492 26 632
1503 26 10
1514 26 365
1525 26 952
1536 26 214
1547 26 31
1558 26 107
1569 26 173
1580 26 622
1591 26 240
1602 26 244
1613 26 940
1624 26 127
1635 26 331
1646 26 336
1657 26 797
1668 26 758
1679 26 67
1690 26 435
1701 26 316
1712 26 723
1723 26 560
1734 26 877
1745 26 361
1756 26 994
1767 26 608
1778 26 458
1789 26 870
1800 26 493
1811 26 938
1822 26 532
1833 26 589
1844 26 570
1855 26 41
1866 26 27
1877 26 839
1888 26 78
1899 26 364
1910 26 427
1921 26 54
1932 26 222
1943 26 356
1954 26 927
1965 26 604
1976 26 680
1987 26 662
1998 26 573
2009 26 207
2020 26 418
2031 26 208
2042 26 115
2053 26 76
2064 26 495
2075 26 48
2086 26 416
2097 26 45
2108 26 725
2119 26 841
2130 26 521
2141 26 549
2152 26 957
2163 26 37
2174 26 758
2185 26 637
2196 26 535
2207 26 688
2218 26 394
2229 26 823
2240 26 827
2251 26 243
2262 26 532
2273 26 754
2284 26 430
2295 26 267
2306 26 677
2317 26 230
2328 26 273
2339 26 195
2350 26 514
2361 26 111
2372 26 12
2383 26 484
2394 26 560
2405 26 301
2416 26 360
2427 26 931
2438 26 223
2449 26 801
2460 26 459
2471 26 625
2482 26 621
2493 26 390
2504 26 948
2515 26 507
2526 26 854
2537 26 214
2548 26 911
2559 26 741
2570 26 98
2581 26 34
2592 26 342
2603 26 589
2614 26 449
2625 26 21
2636 26 478
2647 26 538
2658 26 530
2669 26 458
2680 26 505
2691 26 260
2702 26 382
2713 26 476
2724 26 302
2735 26 591
2746 26 361
2757 26 582
2768 26 699
2779 26 252
2790 26 436
2801 26 798
2812 26 667
2823 26 309
2834 26 654
2845 26 462
2856 26 116
2867 26 727
2878 26 226
2889 26 1
2900 26 34
2911 26 16
2922 26 232
2933 26 338
2944 26 662
2955 26 777
2966 26 275
2977 26 67
2988 26 779
2999 26 50
9 27 351
20 27 539
31 27 973
42 27 75
53 27 135
64 27 422
75 27 73
86 27 925
97 27 120
108 27 279
119 27 886
130 27 794
141 27 881
152 27 378
163 27 70
174 27 982
185 27 675
196 27 81
207 27 634
218 27 141
229 27 973
240 27 845
251 27 378
262 27 628
273 27 247
284 27 264
295 27 874
306 27 261
317 27 103
328 27 63
339 27 158
350 27 182
361 27 293
372 27 288
383 27 81
394 27 592
405 27 132
416 27 703
427 27 324
438 27 646
449 27 103
460 27 919
471 27 890
482 27 609
493 27 548
504 27 196
515 27 354
526 27 514
537 27 927
548 27 615
559 27 65
570 27 193
581 27 408
592 27 279
603 27 750
614 27 367
625 27 631
636 27 967
647 27 232
658 27 796
669 27 588
680 27 512
691 27 78
702 27 459
713 27 410
724 27 252
735 27 539
746 27 451
757 27 139
768 27 566
779 27 976
790 27 486
801 27 834
812 27 956
823 27 492
834 27 591
845 27 270
856 27 979
867 27 18
878 27 411
889 27 527
900 27 468
911 27 143
922 27 151
933 27 534
944 27 473
955 27 652
966 27 95
977 27 836
988 27 459
999 27 255
1010 27 920
1021 27 152
1032 27 922
1043 27 849
1054 27 666
1065 27 707
1076 27 539
1087 27 772
1098 27 185
1109 27 934
1120 27 134
1131 27 623
1142 27 150
1153 27 892
1164 27 383
1175 27 312
1186 27 823
1197 27 300
1208 27 144
1219 27 527
1230 27 670
1241 27 210
1252 27 809
1263 27 699
1274 27 440
1285 27 346
1296 27 905
1307 27 734
1318 27 206
1329 27 425
1340 27 55
1351 27 926
1362 27 686
1373 27 509
1384 27 208
1395 27 344
1406 27 493
1417 27 346
1428 27 776
1439 27 723
1450 27 738
1461 27 13
1472 27 143
1483 27 690
1494 27 74
1505 27 463
1516 27 251
1527 27 294
1538 27 679
1549 27 288
1560 27 156
1571 27 104
1582 27 291
1593 27 943
1604 27 643
1615 27 825
1626 27 419
1637 27 676
1648 27 610
1659 27 363
1670 27 810
1681 27 49
1692 27 395
1703 27 811
1714 27 390
1725 27 638
1736 27 703
1747 27 44
1758 27 394
1769 27 621
1780 27 248
1791 27 443
1802 27 213
1813 27 236
1824 27 841
1835 27 125
1846 27 349
1857 27 143
1868 27 572
1879 27 467
1890 27 721
1901 27 656
1912 27 665
1923 27 25
1934 27 497
1945 27 22
1956 27 588
1967 27 73
1978 27 53
1989 27 34
2000 27 231
2011 27 689
2022 27 681
2033 27 48
2044 27 893
2055 27 372
2066 27 82
2077 27 84
2088 27 465
2099 27 18
2110 27 443
2121 27 509
2132 27 110
2143 27 31
2154 27 504
2165 27 771
2176 27 162
2187 27 292
2198 27 842
2209 27 462
2220 27 989
2231 27 848
2242 27 103
2253 27 732
2264 27 559
2275 27 621
2286 27 401
2297 27 351
2308 27 732
2319 27 460
2330 27 765
2341 27 779
2352 27 298
2363 27 895
2374 27 680
2385 27 534
2396 27 993
2407 27 740
2418 27 493
2429 27 434
2440 27 43
2451 27 281
2462 27 44
2473 27 698
2484 27 480
2495 27 995
2506 27 177
2517 27 318
2528 27 796
2539 27 790
2550 27 49
2561 27 181
2572 27 435
2583 27 420
2594 27 333
2605 27 938
2616 27 602
2627 27 377
2638 27 128
2649 27 997
2660 27 677
2671 27 19
2682 27 346
2693 27 277
2704 27 722
2715 27 530
2726 27 680
2737 27 391
2748 27 286
2759 27 842
2770 27 855
2781 27 384
2792 27 74
2803 27 424
2814 27 690
2825 27 471
2836 27 875
2847 27 136
2858 27 206
2869 27 351
2880 27 540
2891 27 192
2902 27 826
2913 27 424
2924 27 392
2935 27 179
2946 27 725
2957 27 584
2968 27 152
2979 27 789
2990 27 503
0 28 119
11 28 376
22 28 775
33 28 473
44 28 232
55 28 233
66 28 251
77 28 124
88 28 206
99 28 996
110 28 634
121 28 827
132 28 146
143 28 762
154 28 595
165 28 131
176 28 977
187 28 10
198 28 3
209 28 418
220 28 571
231 28 376
242 28 126
253 28 766
264 28 908
275 28 662
286 28 26
297 28 43
308 28 418
319 28 841
330 28 490
341 28 565
352 28 770
363 28 677
374 28 332
385 28 982
396 28 311
407 28 91
418 28 198
429 28 872
440 28 906
451 28 898
462 28 530
473 28 770
484 28 325
495 28 447
506 28 685
517 28 678
528 28 129
539 28 842
550 28 494
561 28 815
572 28 117
583 28 801
594 28 415
605 28 329
616 28 324
627 28 250
638 28 796
649 28 739
660 28 724
671 28 384
682 28 863
693 28 816
704 28 155
715 28 286
726 28 794
737 28 376
748 28 92
759 28 333
770 28 685
781 28 314
792 28 745
803 28 45
814 28 175
825 28 343
836 28 409
847 28 374
858 28 80
869 28 332
880 28 695
891 28 722
902 28 542
913 28 707
924 28 218
935 28 676
946 28 150
957 28 305
968 28 398
979 28 149
990 28 79
1001 28 97
1012 28 258
1023 28 607
1034 28 694
1045 28 653
1056 28 868
1067 28 388
1078 28 397
1089 28 202
1100 28 48
1111 28 168
1122 28 257
1133 28 623
1144 28 283
1155 28 964
1166 28 376
1177 28 785
1188 28 927
1199 28 177
1210 28 213
1221 28 851
1232 28 263
1243 28 331
1254 28 480
1265 28 65
1276 28 516
1287 28 120
1298 28 550
1309 28 322
1320 28 590
1331 28 768
1342 28 751
1353 28 947
1364 28 147
1375 28 643
1386 28 314
1397 28 97
1408 28 196
1419 28 867
1430 28 694
1441 28 354
1452 28 561
1463 28 934
1474 28 603
1485 28 382
1496 28 897
1507 28 609
1518 28 959
1529 28 794
1540 28 43
1551 28 405
1562 28 208
1573 28 840
1584 28 210
1595 28 739
1606 28 760
1617 28 756
1628 28 961
1639 28 798
1650 28 73
1661 28 208
1672 28 648
1683 28 349
1694 28 178
1705 28 952
1716 28 641
1727 28 488
1738 28 494
1749 28 11
1760 28 795
1771 28 201
1782 28 156
1793 28 21
1804 28 808
1815 28 158
1826 28 200
1837 28 287
1848 28 536
1859 28 945
1870 28 875
1881 28 586
1892 28 807
1903 28 75
1914 28 741
1925 28 909
1936 28 374
1947 28 109
1958 28 714
1969 28 777
1980 28 637
1991 28 192
2002 28 949
2013 28 187
2024 28 349
2035 28 972
2046 28 928
2057 28 959
2068 28 512
2079 28 355
2090 28 388
2101 28 937
2112 28 368
2123 28 570
2134 28 46
2145 28 7
2156 28 850
2167 28 59
2178 28 793
2189 28 245
2200 28 879
2211 28 977
2222 28 363
2233 28 54
2244 28 903
2255 28 575
2266 28 529
2277 28 316
2288 28 325
2299 28 94
2310 28 598
2321 28 345
2332 28 330
2343 28 553
2354 28 213
2365 28 546
2376 28 327
2387 28 100
2398 28 66
2409 28 395
2420 28 237
2431 28 746
2442 28 409
2453 28 654
2464 28 365
2475 28 239
2486 28 785
2497 28 667
2508 28 927
2519 28 596
2530 28 993
2541 28 822
2552 28 701
2563 28 654
2574 28 733
2585 28 46
2596 28 313
2607 28 917
2618 28 815
2629 28 65
2640 28 201
2651 28 562
2662 28 440
2673 28 185
2684 28 313
2695 28 967
2706 28 685
2717 28 321
2728 28 239
2739 28 920
2750 28 946
2761 28 161
2772 28 673
2783 28 993
2794 28 962
2805 28 880
2816 28 733
2827 28 796
2838 28 931
2849 28 836
2860 28 989
2871 28 271
2882 28 391
2893 28 291
2904 28 757
2915 28 581
2926 28 176
2937 28 416
2948 28 94
2959 28 335
2970 28 715
2981 28 168
2992 28 85
2 29 618
13 29 372
24 29 947
35 29 163
46 29 610
57 29 635
68 29 100
79 29 34
90 29 201
101 29 848
112 29 320
123 29 616
134 29 198
145 29 624
156 29 256
167 29 136
178 29 788
189 29 381
200 29 234
211 29 578
222 29 385
233 29 509
244 29 723
255 29 723
266 29 770
277 29 394
288 29 256
299 29 910
310 29 236
321 29 366
332 29 952
343 29 845
354 29 250
365 29 431
376 29 104
387 29 945
398 29 890
409 29 833
420 29 863
431 29 610
442 29 354
453 29 93
464 29 127
475 29 58
486 29 496
497 29 122
508 29 571
519 29 778
530 29 438
541 29 100
552 29 475
563 29 288
574 29 919
585 29 692
596 29 788
607 29 73
618 29 198
629 29 691
640 29 186
651 29 272
662 29 669
673 29 311
684 29 630
695 29 354
706 29 586
717 29 740
728 29 452
739 29 176
750 29 962
761 29 795
772 29 292
783 29 262
794 29 881
805 29 567
816 29 298
827 29 928
838 29 926
849 29 441
860 29 713
871 29 689
882 29 307
893 29 551
904 29 393
915 29 321
926 29 607
937 29 833
948 29 165
959 29 91
970 29 832
981 29 862
992 29 809
1003 29 846
1014 29 381
1025 29 326
1036 29 587
1047 29 184
1058 29 173
1069 29 424
1080 29 586
1091 29 848
1102 29 461
1113 29 265
1124 29 203
1135 29 361
1146 29 951
1157 29 675
1168 29 905
1179 29 628
1190 29 500
1201 29 689
1212 29 806
1223 29 777
1234 29 854
1245 29 195
1256 29 242
1267 29 723
1278 29 632
1289 29 951
1300 29 92
1311 29 276
1322 29 751
1333 29 877
1344 29 215
1355 29 804
1366 29 565
1377 29 466
1388 29 632
1399 29 601
1410 29 496
1421 29 153
1432 29 54
1443 29 602
1454 29 874
1465 29 107
1476 29 100
1487 29 328
1498 29 550
1509 29 934
1520 29 772
1531 29 569
1542 29 326
1553 29 745
1564 29 803
1575 29 532
1586 29 329
1597 29 792
1608 29 347
1619 29 918
1630 29 495
1641 29 316
1652 29 954
1663 29 157
1674 29 500
1685 29 258
1696 29 592
1707 29 710
1718 29 38
1729 29 301
1740 29 240
1751 29 813
1762 29 28
1773 29 352
1784 29 753
1795 29 212
1806 29 172
1817 29 871
1828 29 659
1839 29 195
1850 29 441
1861 29 733
1872 29 370
1883 29 189
1894 29 935
1905 29 983
1916 29 792
1927 29 402
1938 29 740
1949 29 62
1960 29 339
1971 29 488
1982 29 63
1993 29 323
2004 29 440
2015 29 326
2026 29 128
2037 29 983
2048 29 919
2059 29 900
2070 29 887
2081 29 476
2092 29 735
2103 29 908
2114 29 322
2125 29 479
2136 29 947
2147 29 103
2158 29 927
2169 29 917
2180 29 848
2191 29 788
2202 29 173
2213 29 152
2224 29 15
2235 29 467
2246 29 830
2257 29 516
2268 29 531
2279 29 630
2290 29 342
2301 29 814
2312 29 570
2323 29 986
2334 29 890
2345 29 12
2356 29 480
2367 29 874
2378 29 633
2389 29 789
2400 29 802
2411 29 907
2422 29 412
2433 29 518
2444 29 545
2455 29 123
2466 29 162
2477 29 196
2488 29 392
2499 29 16
2510 29 652
2521 29 330
2532 29 83
2543 29 507
2554 29 690
2565 29 554
2576 29 191
2587 29 991
2598 29 985
2609 29 377
2620 29 745
2631 29 821
2642 29 318
2653 29 7
2664 29 985
2675 29 785
2686 29 637
2697 29 509
2708 29 803
2719 29 782
2730 29 741
2741 29 907
2752 29 492
2763 29 682
2774 29 741
2785 29 27
2796 29 956
2807 29 252
2818 29 881
2829 29 424
2840 29 967
2851 29 347
2862 29 219
2873 29 747
2884 29 461
2895 29 972
2906 29 321
2917 29 208
2928 29 644
2939 29 989
2950 29 192
2961 29 872
2972 29 850
2983 29 710
2994 29 226
4 30 579
15 30 889
26 30 149
37 30 104
48 30 906
59 30 886
70 30 470
81 30 526
92 30 703
103 30 553
114 30 832
125 30 658
136 30 797
147 30 557
158 30 30
169 30 178
180 30 439
191 30 199
202 30 94
213 30 73
224 30 924
235 30 533
246 30 672
257 30 415
268 30 725
279 30 603
290 30 893
301 30 59
312 30 290
323 30 226
334 30 194
345 30 768
356 30 379
367 30 354
378 30 158
389 30 662
400 30 96
411 30 545
422 30 618
433 30 842
444 30 711
455 30 43
466 30 937
477 30 890
488 30 357
499 30 577
510 30 677
521 30 268
532 30 678
543 30 753
554 30 856
565 30 715
576 30 203
587 30 927
598 30 549
609 30 109
620 30 883
631 30 974
642 30 22
653 30 542
664 30 494
675 30 963
686 30 997
697 30 764
708 30 734
719 30 567
730 30 140
741 30 172
752 30 161
763 30 915
774 30 712
785 30 767
796 30 561
807 30 697
818 30 408
829 30 430
840 30 816
851 30 950
862 30 898
873 30 491
884 30 24
895 30 90
906 30 584
917 30 209
928 30 448
939 30 862
950 30 971
961 30 978
972 30 568
983 30 34
994 30 754
1005 30 227
1016 30 139
1027 30 88
1038 30 249
1049 30 50
1060 30 560
1071 30 233
1082 30 308
1093 30 197
1104 30 975
1115 30 456
1126 30 79
1137 30 97
1148 30 219
1159 30 816
1170 30 152
1181 30 536
1192 30 95
1203 30 724
1214 30 427
1225 30 910
1236 30 42
1247 30 539
1258 30 542
1269 30 513
1280 30 116
1291 30 826
1302 30 571
1313 30 330
1324 30 419
1335 30 770
1346 30 134
1357 30 874
1368 30 5
1379 30 781
1390 30 237
1401 30 533
1412 30 745
1423 30 86
1434 30 717
1445 30 332
1456 30 606
1467 30 157
1478 30 803
1489 30 46
1500 30 774
1511 30 108
1522 30 828
1533 30 33
1544 30 808
1555 30 456
1566 30 184
1577 30 471
1588 30 939
1599 30 840
1610 30 332
1621 30 806
1632 30 771
1643 30 494
1654 30 699
1665 30 261
1676 30 585
1687 30 451
1698 30 267
1709 30 505
1720 30 403
1731 30 100
1742 30 17
1753 30 709
1764 30 413
1775 30 584
1786 30 673
1797 30 673
1808 30 535
1819 30 206
1830 30 584
1841 30 729
1852 30 615
1863 30 893
1874 30 950
1885 30 614
1896 30 30
1907 30 570
1918 30 785
1929 30 122
1940 30 325
1951 30 725
1962 30 488
1973 30 5
1984 30 627
1995 30 350
2006 30 714
2017 30 283
2028 30 448
2039 30 432
2050 30 301
2061 30 403
2072 30 491
2083 30 440
2094 30 514
2105 30 947
2116 30 785
2127 30 308
2138 30 457
2149 30 881
2160 30 770
2171 30 772
2182 30 828
2193 30 65
2204 30 455
2215 30 49
2226 30 437
2237 30 205
2248 30 214
2259 30 164
2270 30 796
2281 30 153
2292 30 471
2303 30 337
2314 30 505
2325 30 26
2336 30 642
2347 30 443
2358 30 795
2369 30 641
2380 30 841
2391 30 631
2402 30 65
2413 30 951
2424 30 822
2435 30 45
2446 30 982
2457 30 315
2468 30 81
2479 30 957
2490 30 674
2501 30 149
2512 30 367
2523 30 508
2534 30 671
2545 30 519
2556 30 809
2567 30 285
2578 30 803
2589 30 824
2600 30 542
2611 30 652
2622 30 278
2633 30 742
2644 30 428
2655 30 843
2666 30 702
2677 30 313
2688 30 234
2699 30 579
2710 30 885
2721 30 349
2732 30 329
2743 30 71
2754 30 226
2765 30 917
2776 30 271
2787 30 225
2798 30 773
2809 30 970
2820 30 865
2831 30 708
2842 30 362
2853 30 310
2864 30 855
2875 30 667
2886 30 85
2897 30 149
2908 30 584
2919 30 80
2930 30 839
2941 30 454
2952 30 888
2963 30 313
2974 30 66
2985 30 57
2996 30 722
6 31 660
17 31 602
28 31 682
39 31 734
50 31 204
61 31 563
72 31 541
83 31 22
94 31 174
105 31 325
116 31 310
127 31 931
138 31 103
149 31 344
160 31 844
171 31 240
182 31 210
193 31 791
204 31 36
215 31 290
226 31 117
237 31 749
248 31 192
259 31 421
270 31 231
281 31 174
292 31 555
303 31 944
314 31 743
325 31 99
336 31 712
347 31 5
358 31 140
369 31 277
380 31 342
391 31 500
402 31 832
413 31 264
424 31 480
435 31 439
446 31 852
457 31 522
468 31 212
479 31 719
490 31 127
501 31 530
512 31 183
523 31 319
534 31 942
545 31 667
556 31 305
567 31 284
578 31 1000
589 31 264
600 31 553
611 31 939
622 31 596
633 31 905
644 31 890
655 31 262
666 31 924
677 31 593
688 31 546
699 31 778
710 31 559
721 31 335
732 31 596
743 31 598
754 31 770
765 31 863
776 31 894
787 31 259
798 31 405
809 31 603
820 31 136
831 31 97
842 31 996
853 31 501
864 31 109
875 31 235
886 31 285
897 31 509
908 31 857
919 31 195
930 31 209
941 31 309
952 31 468
963 31 702
974 31 332
985 31 596
996 31 748
1007 31 532
1018 31 216
1029 31 633
1040 31 92
1051 31 870
1062 31 491
1073 31 284
1084 31 85
1095 31 247
1106 31 672
1117 31 968
1128 31 494
1139 31 43
1150 31 227
1161 31 574
1172 31 660
1183 31 221
1194 31 65
1205 31 50
1216 31 886
1227 31 860
1238 31 273
1249 31 481
1260 31 712
1271 31 31
1282 31 568
1293 31 2
1304 31 109
1315 31 658
1326 31 277
1337 31 167
1348 31 962
1359 31 38
1370 31 226
1381 31 816
1392 31 603
1403 31 368
1414 31 525
1425 31 528
1436 31 771
1447 31 361
1458 31 936
1469 31 329
1480 31 1000
1491 31 900
1502 31 444
1513 31 506
1524 31 947
1535 31 618
1546 31 336
1557 31 318
1568 31 855
1579 31 541
1590 31 449
1601 31 46
1612 31 217
1623 31 280
1634 31 317
1645 31 626
1656 31 937
1667 31 16
1678 31 612
1689 31 362
1700 31 171
1711 31 675
1722 31 633
1733 31 612
1744 31 759
1755 31 894
1766 31 562
1777 31 306
1788 31 491
1799 31 502
1810 31 817
1821 31 746
1832 31 657
1843 31 541
1854 31 567
1865 31 651
1876 31 649
1887 31 11
1898 31 185
1909 31 394
1920 31 816
1931 31 932
1942 31 201
1953 31 401
1964 31 783
1975 31 275
1986 31 387
1997 31 721
2008 31 655
2019 31 496
2030 31 595
2041 31 877
2052 31 697
2063 31 958
2074 31 247
2085 31 845
2096 31 626
2107 31 33
2118 31 803
2129 31 862
2140 31 33
2151 31 281
2162 31 691
2173 31 143
2184 31 803
2195 31 793
2206 31 348
2217 31 355
2228 31 477
2239 31 233
2250 31 858
2261 31 717
2272 31 920
2283 31 402
2294 31 76
2305 31 714
2316 31 950
2327 31 348
2338 31 743
2349 31 601
2360 31 248
2371 31 757
2382 31 508
2393 31 867
2404 31 90
2415 31 81
2426 31 808
2437 31 557
2448 31 183
2459 31 940
2470 31 925
2481 31 288
2492 31 935
2503 31 528
2514 31 71
2525 31 755
2536 31 607
2547 31 762
2558 31 398
2569 31 612
2580 31 665
2591 31 893
2602 31 255
2613 31 649
2624 31 192
2635 31 587
2646 31 555
2657 31 289
2668 31 202
2679 31 733
2690 31 544
2701 31 888
2712 31 505
2723 31 397
2734 31 746
2745 31 166
2756 31 959
2767 31 269
2778 31 714
2789 31 671
2800 31 415
2811 31 769
2822 31 469
2833 31 531
2844 31 979
2855 31 269
2866 31 720
2877 31 965
2888 31 541
2899 31 562
2910 31 998
2921 31 729
2932 31 28
2943 31 579
2954 31 357
2965 31 967
2976 31 113
2987 31 948
2998 31 36
8 32 672
19 32 302
30 32 701
41 32 686
52 32 291
63 32 22
74 32 225
85 32 719
96 32 427
107 32 700
118 32 986
129 32 171
140 32 751
151 32 724
162 32 946
173 32 625
184 32 19
195 32 410
206 32 164
217 32 774
228 32 133
239 32 447
250 32 623
261 32 964
272 32 842
283 32 310
294 32 255
305 32 104
316 32 634
327 32 375
338 32 590
349 32 383
360 32 654
371 32 38
382 32 675
393 32 730
404 32 906
415 32 552
426 32 870
437 32 50
448 32 32
459 32 61
470 32 901
481 32 85
492 32 694
503 32 459
514 32 650
525 32 86
536 32 9
547 32 938
558 32 417
569 32 28
580 32 986
591 32 164
602 32 232
613 32 694
624 32 229
635 32 276
646 32 504
657 32 840
668 32 819
679 32 88
690 32 241
701 32 665
712 32 359
723 32 465
734 32 263
745 32 484
756 32 893
767 32 573
778 32 53
789 32 576
800 32 655
811 32 356
822 32 453
833 32 489
844 32 598
855 32 220
866 32 448
877 32 226
888 32 331
899 32 420
910 32 955
921 32 382
932 32 266
943 32 664
954 32 393
965 32 748
976 32 599
987 32 286
998 32 404
1009 32 903
1020 32 44
1031 32 724
1042 32 129
1053 32 983
1064 32 800
1075 32 745
1086 32 308
1097 32 26
1108 32 132
1119 32 823
1130 32 444
1141 32 608
1152 32 945
1163 32 145
1174 32 259
1185 32 187
1196 32 738
1207 32 248
1218 32 953
1229 32 191
1240 32 111
1251 32 870
1262 32 742
1273 32 901
1284 32 308
1295 32 476
1306 32 991
1317 32 528
1328 32 646
1339 32 848
1350 32 661
1361 32 902
1372 32 25
1383 32 118
1394 32 906
1405 32 342
1416 32 680
1427 32 651
1438 32 990
1449 32 1000
1460 32 68
1471 32 708
1482 32 308
1493 32 127
1504 32 664
1515 32 160
1526 32 201
1537 32 390
1548 32 227
1559 32 886
1570 32 876
1581 32 978
1592 32 411
1603 32 746
1614 32 348
1625 32 374
1636 32 198
1647 32 907
1658 32 615
1669 32 478
1680 32 943
1691 32 658
1702 32 320
1713 32 872
1724 32 282
1735 32 965
1746 32 149
1757 32 178
1768 32 629
1779 32 272
1790 32 232
1801 32 878
1812 32 444
1823 32 539
1834 32 832
1845 32 55
1856 32 13
1867 32 1000
1878 32 288
1889 32 375
1900 32 510
1911 32 821
1922 32 493
1933 32 111
1944 32 820
1955 32 959
1966 32 971
1977 32 948
1988 32 204
1999 32 70
2010 32 930
2021 32 981
2032 32 503
2043 32 751
2054 32 762
2065 32 762
2076 32 416
2087 32 566
2098 32 414
2109 32 795
2120 32 594
2131 32 457
2142 32 213
2153 32 365
2164 32 302
2175 32 454
2186 32 818
2197 32 750
2208 32 965
2219 32 845
2230 32 622
2241 32 912
2252 32 451
2263 32 104
2274 32 339
2285 32 206
2296 32 644
2307 32 289
2318 32 404
2329 32 332
2340 32 102
2351 32 203
2362 32 855
2373 32 175
2384 32 51
2395 32 545
2406 32 784
2417 32 126
2428 32 91
2439 32 729
2450 32 599
2461 32 622
2472 32 406
2483 32 761
2494 32 690
2505 32 741
2516 32 370
2527 32 71
2538 32 86
2549 32 275
2560 32 62
2571 32 983
2582 32 842
2593 32 23
2604 32 847
2615 32 446
2626 32 987
2637 32 521
2648 32 964
2659 32 251
2670 32 215
2681 32 692
2692 32 735
2703 32 423
2714 32 681
2725 32 91
2736 32 175
2747 32 65
2758 32 647
2769 32 378
2780 32 84
2791 32 736
2802 32 418
2813 32 208
2824 32 204
2835 32 5
2846 32 116
2857 32 786
2868 32 70
2879 32 246
2890 32 95
2901 32 849
2912 32 914
2923 32 942
2934 32 894
2945 32 628
2956 32 602
2967 32 178
2978 32 322
2989 32 932
10 33 98
21 33 270
32 33 136
43 33 961
54 33 122
65 33 109
76 33 889
87 33 120
98 33 794
109 33 241
120 33 955
131 33 216
142 33 47
153 33 519
164 33 470
175 33 423
186 33 845
197 33 593
208 33 171
219 33 804
230 33 860
241 33 479
252 33 698
263 33 117
274 33 405
285 33 995
296 33 785
307 33 957
318 33 306
329 33 24
340 33 107
351 33 850
362 33 410
373 33 444
384 33 161
395 33 514
406 33 725
417 33 130
428 33 290
439 33 591
450 33 160
461 33 935
472 33 396
483 33 383
494 33 629
505 33 321
516 33 143
527 33 296
538 33 462
549 33 720
560 33 350
571 33 897
582 33 617
593 33 918
604 33 640
615 33 318
626 33 293
637 33 209
648 33 14
659 33 836
670 33 713
681 33 358
692 33 694
703 33 175
714 33 949
725 33 919
736 33 50
747 33 580
758 33 775
769 33 719
780 33 247
791 33 911
802 33 959
813 33 743
824 33 485
835 33 597
846 33 777
857 33 754
868 33 96
879 33 244
890 33 219
901 33 416
912 33 107
923 33 432
934 33 353
945 33 190
956 33 322
967 33 961
978 33 620
989 33 335
1000 33 514
1011 33 242
1022 33 604
1033 33 137
1044 33 664
1055 33 839
1066 33 912
1077 33 434
1088 33 146
1099 33 332
1110 33 763
1121 33 653
1132 33 143
1143 33 825
1154 33 317
1165 33 126
1176 33 23
1187 33 145
1198 33 863
1209 33 261
1220 33 317
1231 33 134
1242 33 644
1253 33 38
1264 33 855
1275 33 819
1286 33 505
1297 33 246
1308 33 395
1319 33 924
1330 33 453
1341 33 270
1352 33 271
1363 33 322
1374 33 563
1385 33 982
1396 33 248
1407 33 574
1418 33 468
1429 33 679
1440 33 225
1451 33 411
1462 33 634
1473 33 215
1484 33 380
1495 33 532
1506 33 774
1517 33 653
1528 33 121
1539 33 246
1550 33 923
1561 33 773
1572 33 958
1583 33 167
1594 33 739
1605 33 18
1616 33 126
1627 33 838
1638 33 952
1649 33 97
1660 33 17
1671 33 951
1682 33 467
1693 33 435
1704 33 539
1715 33 183
1726 33 905
1737 33 837
1748 33 179
1759 33 590
1770 33 921
1781 33 756
1792 33 8
1803 33 751
1814 33 309
1825 33 781
1836 33 646
1847 33 11
1858 33 552
1869 33 746
1880 33 976
1891 33 196
1902 33 221
1913 33 249
1924 33 672
1935 33 952
1946 33 407
1957 33 721
1968 33 430
1979 33 882
1990 33 317
2001 33 166
2012 33 309
2023 33 586
2034 33 720
2045 33 620
2056 33 325
2067 33 881
2078 33 725
2089 33 961
2100 33 595
2111 33 931
2122 33 384
2133 33 874
2144 33 626
2155 33 19
2166 33 861
2177 33 332
2188 33 477
2199 33 603
2210 33 454
2221 33 678
2232 33 647
2243 33 915
2254 33 817
2265 33 765
2276 33 253
2287 33 873
2298 33 595
2309 33 424
2320 33 746
2331 33 786
2342 33 345
2353 33 543
2364 33 283
2375 33 95
2386 33 399
2397 33 877
2408 33 250
2419 33 98
2430 33 776
2441 33 232
2452 33 784
2463 33 916
2474 33 31
2485 33 418
2496 33 832
2507 33 513
2518 33 948
2529 33 655
2540 33 986
2551 33 701
2562 33 647
2573 33 566
2584 33 276
2595 33 365
2606 33 104
2617 33 308
2628 33 893
2639 33 859
2650 33 910
2661 33 154
2672 33 236
2683 33 960
2694 33 115
2705 33 937
2716 33 545
2727 33 334
2738 33 390
2749 33 418
2760 33 522
2771 33 258
2782 33 37
2793 33 930
2804 33 538
2815 33 753
2826 33 405
2837 33 379
2848 33 325
2859 33 65
2870 33 293
2881 33 715
2892 33 849
2903 33 51
2914 33 822
2925 33 669
2936 33 8
2947 33 566
2958 33 657
2969 33 327
2980 33 194
2991 33 406
1 34 71
12 34 797
23 34 170
34 34 135
45 34 555
56 34 19
67 34 721
78 34 847
89 34 938
100 34 829
111 34 1000
122 34 592
133 34 342
144 34 263
155 34 453
166 34 826
177 34 460
188 34 61
199 34 38
210 34 627
221 34 200
232 34 473
243 34 509
254 34 612
265 34 420
276 34 689
287 34 965
298 34 452
309 34 280
320 34 310
331 34 291
342 34 680
353 34 881
364 34 656
375 34 468
386 34 620
397 34 57
408 34 613
419 34 548
430 34 451
441 34 255
452 34 823
463 34 477
474 34 243
485 34 294
496 34 482
507 34 579
518 34 596
529 34 423
540 34 685
551 34 729
562 34 579
573 34 169
584 34 340
595 34 752
606 34 815
617 34 203
628 34 897
639 34 807
650 34 383
661 34 531
672 34 139
683 34 416
694 34 970
705 34 295
716 34 599
727 34 366
738 34 888
749 34 921
760 34 985
771 34 220
782 34 641
793 34 427
804 34 665
815 34 636
826 34 562
837 34 202
848 34 748
859 34 786
870 34 35
881 34 409
892 34 313
903 34 188
914 34 53
925 34 798
936 34 712
947 34 815
958 34 491
969 34 907
980 34 262
991 34 724
1002 34 365
1013 34 18
1024 34 896
1035 34 816
1046 34 86
1057 34 237
1068 34 296
1079 34 10
1090 34 206
1101 34 110
1112 34 643
1123 34 580
1134 34 340
1145 34 612
1156 34 514
1167 34 939
1178 34 289
1189 34 184
1200 34 431
1211 34 163
1222 34 825
1233 34 393
1244 34 97
1255 34 344
1266 34 788
1277 34 722
1288 34 253
1299 34 564
1310 34 61
1321 34 221
1332 34 126
1343 34 782
1354 34 596
1365 34 962
1376 34 851
1387 34 305
1398 34 323
1409 34 806
1420 34 785
1431 34 652
1442 34 218
1453 34 683
1464 34 264
1475 34 567
1486 34 640
1497 34 621
1508 34 604
1519 34 272
1530 34 327
1541 34 732
1552 34 863
1563 34 225
1574 34 574
1585 34 312
1596 34 563
1607 34 946
1618 34 996
1629 34 601
1640 34 744
1651 34 174
1662 34 927
1673 34 672
1684 34 170
1695 34 566
1706 34 240
1717 34 231
1728 34 444
1739 34 463
1750 34 585
1761 34 872
1772 34 744
1783 34 669
1794 34 425
1805 34 73
1816 34 493
1827 34 385
1838 34 6
1849 34 502
1860 34 705
1871 34 548
1882 34 743
1893 34 827
1904 34 172
1915 34 130
1926 34 847
1937 34 697
1948 34 978
1959 34 461
1970 34 724
1981 34 911
1992 34 912
2003 34 857
2014 34 261
2025 34 750
2036 34 387
2047 34 301
2058 34 815
2069 34 127
2080 34 243
2091 34 867
2102 34 70
2113 34 484
2124 34 302
2135 34 615
2146 34 435
2157 34 561
2168 34 779
2179 34 919
2190 34 911
2201 34 843
2212 34 164
2223 34 269
2234 34 442
2245 34 668
2256 34 708
2267 34 737
2278 34 1
2289 34 444
2300 34 37
2311 34 915
2322 34 217
2333 34 585
2344 34 787
2355 34 451
2366 34 170
2377 34 799
2388 34 530
2399 34 991
2410 34 166
2421 34 100
2432 34 906
2443 34 828
2454 34 156
2465 34 484
2476 34 272
2487 34 798
2498 34 832
2509 34 639
2520 34 564
2531 34 543
2542 34 304
2553 34 385
2564 34 995
2575 34 798
2586 34 879
2597 34 893
2608 34 625
2619 34 726
2630 34 273
2641 34 564
2652 34 324
2663 34 54
2674 34 929
2685 34 452
2696 34 290
2707 34 108
2718 34 119
2729 34 360
2740 34 7
2751 34 422
2762 34 898
2773 34 892
2784 34 650
2795 34 853
2806 34 415
2817 34 736
2828 34 429
2839 34 249
2850 34 662
2861 34 922
2872 34 878
2883 34 670
2894 34 416
2905 34 493
2916 34 240
2927 34 216
2938 34 772
2949 34 575
2960 34 698
2971 34 961
2982 34 539
2993 34 613
3 35 868
14 35 259
25 35 206
36 35 90
47 35 561
58 35 344
69 35 238
80 35 2
91 35 583
102 35 418
113 35 587
124 35 650
135 35 550
146 35 463
157 35 856
168 35 489
179 35 433
190 35 360
201 35 886
212 35 25
223 35 516
234 35 638
245 35 752
256 35 741
267 35 505
278 35 91
289 35 564
300 35 604
311 35 253
322 35 945
333 35 881
344 35 725
355 35 107
366 35 782
377 35 351
388 35 668
399 35 217
410 35 671
421 35 366
432 35 829
443 35 898
454 35 14
465 35 379
476 35 861
487 35 859
498 35 197
509 35 912
520 35 576
531 35 610
542 35 647
553 35 281
564 35 826
575 35 620
586 35 824
597 35 381
608 35 297
619 35 747
630 35 273
641 35 292
652 35 546
663 35 700
674 35 732
685 35 979
696 35 937
707 35 220
718 35 760
729 35 173
740 35 574
751 35 216
762 35 312
773 35 406
784 35 947
795 35 229
806 35 18
817 35 201
828 35 744
839 35 931
850 35 716
861 35 346
872 35 557
883 35 808
894 35 66
905 35 348
916 35 951
927 35 996
938 35 712
949 35 655
960 35 221
971 35 888
982 35 21
993 35 491
1004 35 416
1015 35 344
1026 35 606
1037 35 594
1048 35 735
1059 35 230
1070 35 957
1081 35 712
1092 35 745
1103 35 678
1114 35 739
1125 35 718
1136 35 836
1147 35 840
1158 35 140
1169 35 978
1180 35 862
1191 35 854
1202 35 386
1213 35 987
1224 35 712
1235 35 9
1246 35 768
1257 35 304
1268 35 359
1279 35 885
1290 35 73
1301 35 486
1312 35 701
1323 35 559
1334 35 771
1345 35 421
1356 35 357
1367 35 932
1378 35 846
1389 35 422
1400 35 364
1411 35 410
1422 35 806
1433 35 407
1444 35 64
1455 35 353
1466 35 845
1477 35 564
1488 35 15
1499 35 656
1510 35 550
1521 35 368
1532 35 735
1543 35 448
1554 35 970
1565 35 293
1576 35 204
1587 35 18
1598 35 975
1609 35 970
1620 35 126
1631 35 663
1642 35 907
1653 35 29
1664 35 895
1675 35 611
1686 35 677
1697 35 906
1708 35 517
1719 35 104
1730 35 28
1741 35 290
1752 35 117
1763 35 219
1774 35 755
1785 35 441
1796 35 385
1807 35 40
1818 35 233
1829 35 72
1840 35 247
1851 35 629
1862 35 896
1873 35 83
1884 35 955
1895 35 265
1906 35 618
1917 35 191
1928 35 175
1939 35 42
1950 35 226
1961 35 976
1972 35 471
1983 35 192
1994 35 824
2005 35 883
2016 35 824
2027 35 820
2038 35 932
2049 35 29
2060 35 19
2071 35 323
2082 35 425
2093 35 264
2104 35 565
2115 35 718
2126 35 147
2137 35 946
2148 35 198
2159 35 829
2170 35 190
2181 35 97
2192 35 251
2203 35 427
2214 35 921
2225 35 113
2236 35 959
2247 35 452
2258 35 696
2269 35 28
2280 35 139
2291 35 721
2302 35 444
2313 35 102
2324 35 202
2335 35 234
2346 35 861
2357 35 566
2368 35 490
2379 35 396
2390 35 615
2401 35 520
2412 35 240
2423 35 558
2434 35 435
2445 35 66
2456 35 39
2467 35 376
2478 35 311
2489 35 36
2500 35 872
2511 35 136
2522 35 133
2533 35 473
2544 35 991
2555 35 457
2566 35 807
2577 35 163
2588 35 934
2599 35 637
2610 35 995
2621 35 576
2632 35 923
2643 35 59
2654 35 562
2665 35 981
2676 35 686
2687 35 671
2698 35 413
2709 35 738
2720 35 305
2731 35 885
2742 35 266
2753 35 206
2764 35 696
2775 35 630
2786 35 761
2797 35 955
2808 35 154
2819 35 398
2830 35 11
2841 35 216
2852 35 115
2863 35 233
2874 35 95
2885 35 743
2896 35 915
2907 35 648
2918 35 330
2929 35 764
2940 35 717
2951 35 249
2962 35 469
2973 35 956
2984 35 347
2995 35 473
5 36 466
16 36 148
27 36 869
38 36 337
49 36 15
60 36 806
71 36 676
82 36 833
93 36 181
104 36 503
115 36 87
126 36 447
137 36 864
148 36 108
159 36 950
170 36 238
181 36 399
192 36 17
203 36 851
214 36 389
225 36 183
236 36 213
247 36 195
258 36 969
269 36 492
280 36 923
291 36 740
302 36 44
313 36 979
324 36 693
335 36 530
346 36 429
357 36 444
368 36 840
379 36 840
390 36 476
401 36 983
412 36 572
423 36 646
434 36 536
445 36 505
456 36 445
467 36 262
478 36 483
489 36 986
500 36 918
511 36 558
522 36 515
533 36 143
544 36 508
555 36 124
566 36 367
577 36 696
588 36 113
599 36 584
610 36 259
621 36 317
632 36 863
643 36 399
654 36 837
665 36 817
676 36 139
687 36 377
698 36 60
709 36 265
720 36 758
731 36 596
742 36 859
753 36 241
764 36 138
775 36 41
786 36 604
797 36 557
808 36 926
819 36 511
830 36 502
841 36 567
852 36 307
863 36 321
874 36 791
885 36 861
896 36 955
907 36 844
918 36 922
929 36 424
940 36 565
951 36 167
962 36 255
973 36 72
984 36 641
995 36 920
1006 36 273
1017 36 265
1028 36 626
1039 36 842
1050 36 472
1061 36 22
1072 36 916
1083 36 784
1094 36 804
1105 36 623
1116 36 11
1127 36 589
1138 36 605
1149 36 38
1160 36 466
1171 36 776
1182 36 677
1193 36 588
1204 36 10
1215 36 851
1226 36 413
1237 36 49
1248 36 13
1259 36 8
1270 36 624
1281 36 472
1292 36 913
1303 36 913
1314 36 767
1325 36 502
1336 36 957
1347 36 29
1358 36 721
1369 36 900
1380 36 513
1391 36 697
1402 36 847
1413 36 437
1424 36 322
1435 36 343
1446 36 814
1457 36 106
1468 36 204
1479 36 434
1490 36 998
1501 36 894
1512 36 74
1523 36 466
1534 36 500
1545 36 288
1556 36 666
1567 36 34
1578 36 185
1589 36 649
1600 36 513
1611 36 605
1622 36 179
1633 36 597
1644 36 932
1655 36 436
1666 36 81
1677 36 415
1688 36 159
1699 36 126
1710 36 198
1721 36 145
1732 36 883
1743 36 833
1754 36 383
1765 36 949
1776 36 248
1787 36 476
1798 36 465
1809 36 467
1820 36 233
1831 36 34
1842 36 551
1853 36 172
1864 36 727
1875 36 202
1886 36 132
1897 36 758
1908 36 294
1919 36 521
1930 36 287
1941 36 458
1952 36 569
1963 36 31
1974 36 400
1985 36 693
1996 36 485
2007 36 112
2018 36 324
2029 36 770
2040 36 832
2051 36 780
2062 36 674
2073 36 502
2084 36 675
2095 36 365
2106 36 951
2117 36 253
2128 36 969
2139 36 651
2150 36 420
2161 36 369
2172 36 963
2183 36 527
2194 36 198
2205 36 741
2216 36 88
2227 36 941
2238 36 373
2249 36 957
2260 36 931
2271 36 614
2282 36 655
2293 36 509
2304 36 137
2315 36 772
2326 36 584
2337 36 342
2348 36 928
2359 36 495
2370 36 995
2381 36 645
2392 36 849
2403 36 505
2414 36 764
2425 36 188
2436 36 841
2447 36 614
2458 36 715
2469 36 914
2480 36 437
2491 36 310
2502 36 795
2513 36 685
2524 36 654
2535 36 440
2546 36 161
2557 36 207
2568 36 822
2579 36 10
2590 36 60
2601 36 248
2612 36 395
2623 36 279
2634 36 95
2645 36 758
2656 36 490
2667 36 70
2678 36 391
2689 36 570
2700 36 533
2711 36 703
2722 36 942
2733 36 40
2744 36 180
2755 36 776
2766 36 335
2777 36 91
2788 36 175
2799 36 494
2810 36 527
2821 36 128
2832 36 380
2843 36 908
2854 36 66
2865 36 580
2876 36 37
2887 36 897
2898 36 661
2909 36 424
2920 36 182
2931 36 999
2942 36 818
2953 36 231
2964 36 878
2975 36 357
2986 36 2
2997 36 489
7 37 745
18 37 987
29 37 304
40 37 273
51 37 377
62 37 475
73 37 359
84 37 664
95 37 780
106 37 367
117 37 994
128 37 122
139 37 699
150 37 801
161 37 510
172 37 795
183 37 253
194 37 48
205 37 365
216 37 196
227 37 793
238 37 134
249 37 106
260 37 511
271 37 243
282 37 962
293 37 713
304 37 247
315 37 693
326 37 644
337 37 825
348 37 306
359 37 263
370 37 748
381 37 840
392 37 702
403 37 651
414 37 135
425 37 781
436 37 116
447 37 346
458 37 431
469 37 212
480 37 137
491 37 250
502 37 611
513 37 388
524 37 964
535 37 922
546 37 984
557 37 761
568 37 949
579 37 10
590 37 667
601 37 94
612 37 337
623 37 15
634 37 313
645 37 130
656 37 64
667 37 213
678 37 821
689 37 13
700 37 991
711 37 994
722 37 706
733 37 328
744 37 978
755 37 487
766 37 265
777 37 431
788 37 324
799 37 150
810 37 802
821 37 932
832 37 38
843 37 172
854 37 438
865 37 932
876 37 269
887 37 17
898 37 295
909 37 57
920 37 46
931 37 344
942 37 806
953 37 757
964 37 706
975 37 180
986 37 281
997 37 742
1008 37 220
1019 37 293
1030 37 421
1041 37 473
1052 37 407
1063 37 207
1074 37 379
1085 37 117
1096 37 590
1107 37 169
1118 37 858
1129 37 586
1140 37 719
1151 37 484
1162 37 669
1173 37 920
1184 37 244
1195 37 464
1206 37 629
1217 37 358
1228 37 24
1239 37 852
1250 37 491
1261 37 67
1272 37 34
1283 37 876
1294 37 91
1305 37 887
1316 37 545
1327 37 289
1338 37 253
1349 37 255
1360 37 992
1371 37 789
1382 37 85
1393 37 496
1404 37 692
1415 37 144
1426 37 784
1437 37 564
1448 37 35
1459 37 819
1470 37 48
1481 37 507
1492 37 456
1503 37 471
1514 37 590
1525 37 46
1536 37 444
1547 37 344
1558 37 960
1569 37 918
1580 37 28
1591 37 612
1602 37 972
1613 37 611
1624 37 213
1635 37 278
1646 37 507
1657 37 350
1668 37 535
1679 37 215
1690 37 613
1701 37 832
1712 37 702
1723 37 814
1734 37 205
1745 37 965
1756 37 117
1767 37 767
1778 37 466
1789 37 420
1800 37 987
1811 37 346
1822 37 955
1833 37 402
1844 37 458
1855 37 907
1866 37 284
1877 37 212
1888 37 882
1899 37 823
1910 37 770
1921 37 858
1932 37 846
1943 37 921
1954 37 938
1965 37 719
1976 37 632
1987 37 37
1998 37 458
2009 37 469
2020 37 409
2031 37 750
2042 37 372
2053 37 794
2064 37 813
2075 37 869
2086 37 706
2097 37 323
2108 37 28
2119 37 606
2130 37 990
2141 37 339
2152 37 394
2163 37 26
2174 37 119
2185 37 416
2196 37 903
2207 37 617
2218 37 438
2229 37 583
2240 37 967
2251 37 65
2262 37 611
2273 37 471
2284 37 913
2295 37 287
2306 37 814
2317 37 820
2328 37 350
2339 37 494
2350 37 478
2361 37 126
2372 37 922
2383 37 752
2394 37 660
2405 37 155
2416 37 892
2427 37 660
2438 37 330
2449 37 385
2460 37 175
2471 37 400
2482 37 228
2493 37 90
2504 37 314
2515 37 797
2526 37 187
2537 37 156
2548 37 35
2559 37 164
2570 37 356
2581 37 589
2592 37 626
2603 37 898
2614 37 147
2625 37 990
2636 37 727
2647 37 494
2658 37 268
2669 37 534
2680 37 869
2691 37 997
2702 37 45
2713 37 928
2724 37 790
2735 37 532
2746 37 129
2757 37 935
2768 37 377
2779 37 984
2790 37 297
2801 37 678
2812 37 673
2823 37 490
2834 37 422
2845 37 319
2856 37 664
2867 37 529
2878 37 349
2889 37 152
2900 37 961
2911 37 185
2922 37 916
2933 37 905
2944 37 164
2955 37 454
2966 37 257
2977 37 621
2988 37 40
2999 37 823
9 38 778
20 38 927
31 38 431
42 38 502
53 38 991
64 38 331
75 38 418
86 38 981
97 38 263
108 38 995
119 38 885
130 38 277
141 38 807
152 38 712
163 38 719
174 38 756
185 38 63
196 38 187
207 38 366
218 38 556
229 38 509
240 38 334
251 38 466
262 38 892
273 38 624
284 38 848
295 38 402
306 38 321
317 38 326
328 38 937
339 38 613
350 38 367
361 38 895
372 38 461
383 38 64
394 38 646
405 38 484
416 38 240
427 38 33
438 38 170
449 38 513
460 38 876
471 38 584
482 38 72
493 38 585
504 38 778
515 38 967
526 38 104
537 38 565
548 38 332
559 38 135
570 38 441
581 38 564
592 38 230
603 38 102
614 38 783
625 38 726
636 38 501
647 38 17
658 38 19
669 38 422
680 38 258
691 38 765
702 38 291
713 38 368
724 38 797
735 38 656
746 38 252
757 38 846
768 38 718
779 38 99
790 38 394
801 38 947
812 38 24
823 38 235
834 38 698
845 38 204
856 38 253
867 38 150
878 38 289
889 38 266
900 38 879
911 38 395
922 38 560
933 38 389
944 38 357
955 38 231
966 38 500
977 38 476
988 38 993
999 38 961
1010 38 793
1021 38 474
1032 38 716
1043 38 902
1054 38 376
1065 38 268
1076 38 310
1087 38 445
1098 38 946
1109 38 399
1120 38 348
1131 38 114
1142 38 528
1153 38 461
1164 38 616
1175 38 122
1186 38 939
1197 38 663
1208 38 641
1219 38 389
1230 38 664
1241 38 575
1252 38 131
1263 38 372
1274 38 457
1285 38 533
1296 38 793
1307 38 659
1318 38 450
1329 38 323
1340 38 300
1351 38 646
1362 38 477
1373 38 30
1384 38 842
1395 38 927
1406 38 606
1417 38 365
1428 38 509
1439 38 34
1450 38 188
1461 38 781
1472 38 913
1483 38 40
1494 38 188
1505 38 463
1516 38 890
1527 38 32
1538 38 771
1549 38 670
1560 38 459
1571 38 276
1582 38 64
1593 38 343
1604 38 398
1615 38 513
1626 38 957
1637 38 596
1648 38 595
1659 38 980
1670 38 654
1681 38 793
1692 38 773
1703 38 78
1714 38 906
1725 38 80
1736 38 511
1747 38 822
1758 38 804
1769 38 928
1780 38 948
1791 38 139
1802 38 439
1813 38 967
1824 38 238
1835 38 488
1846 38 602
1857 38 156
1868 38 298
1879 38 859
1890 38 648
1901 38 295
1912 38 697
1923 38 276
1934 38 163
1945 38 432
1956 38 689
1967 38 296
1978 38 595
1989 38 962
2000 38 267
2011 38 1000
2022 38 139
2033 38 785
2044 38 72
2055 38 160
2066 38 711
2077 38 913
2088 38 934
2099 38 511
2110 38 971
2121 38 866
2132 38 339
2143 38 754
2154 38 282
2165 38 897
2176 38 173
2187 38 134
2198 38 593
2209 38 881
2220 38 124
2231 38 431
2242 38 360
2253 38 20
2264 38 847
2275 38 327
2286 38 180
2297 38 703
2308 38 352
2319 38 50
2330 38 751
2341 38 518
2352 38 155
2363 38 34
2374 38 434
2385 38 756
2396 38 727
2407 38 163
2418 38 475
2429 38 618
2440 38 788
2451 38 922
2462 38 254
2473 38 700
2484 38 961
2495 38 650
2506 38 664
2517 38 558
2528 38 537
2539 38 829
2550 38 664
2561 38 370
2572 38 334
2583 38 914
2594 38 165
2605 38 239
2616 38 17
2627 38 605
2638 38 549
2649 38 308
2660 38 109
2671 38 409
2682 38 50
2693 38 229
2704 38 820
2715 38 979
2726 38 410
2737 38 337
2748 38 22
2759 38 237
2770 38 369
2781 38 30
2792 38 29
2803 38 615
2814 38 185
2825 38 688
2836 38 999
2847 38 50
2858 38 372
2869 38 457
2880 38 362
2891 38 851
2902 38 228
2913 38 333
2924 38 880
2935 38 331
2946 38 429
2957 38 793
2968 38 345
2979 38 669
2990 38 469
0 39 809
11 39 708
22 39 734
33 39 50
44 39 639
55 39 985
66 39 363
77 39 56
88 39 309
99 39 127
110 39 876
121 39 658
132 39 290
143 39 774
154 39 87
165 39 347
176 39 361
187 39 111
198 39 368
209 39 287
220 39 89
231 39 258
242 39 345
253 39 976
264 39 665
275 39 803
286 39 81
297 39 848
308 39 159
319 39 23
330 39 943
341 39 749
352 39 122
363 39 851
374 39 326
385 39 287
396 39 340
407 39 342
418 39 910
429 39 309
440 39 948
451 39 540
462 39 60
473 39 197
484 39 876
495 39 592
506 39 737
517 39 447
528 39 515
539 39 598
550 39 335
561 39 271
572 39 23
583 39 509
594 39 431
605 39 158
616 39 587
627 39 990
638 39 987
649 39 501
660 39 76
671 39 747
682 39 551
693 39 686
704 39 566
715 39 377
726 39 219
737 39 484
748 39 685
759 39 356
770 39 591
781 39 926
792 39 69
803 39 4
814 39 109
825 39 234
836 39 380
847 39 117
858 39 859
869 39 444
880 39 483
891 39 67
902 39 327
913 39 44
924 39 490
935 39 306
946 39 69
957 39 524
968 39 208
979 39 941
990 39 712
1001 39 204
1012 39 379
1023 39 114
1034 39 352
1045 39 2
1056 39 201
1067 39 694
1078 39 399
1089 39 917
1100 39 943
1111 39 136
1122 39 235
1133 39 631
1144 39 268
1155 39 610
1166 39 33
1177 39 633
1188 39 784
1199 39 120
1210 39 669
1221 39 396
1232 39 997
1243 39 808
1254 39 50
1265 39 714
1276 39 336
1287 39 526
1298 39 135
1309 39 622
1320 39 906
1331 39 80
1342 39 418
1353 39 852
1364 39 931
1375 39 175
1386 39 109
1397 39 850
1408 39 901
1419 39 397
1430 39 211
1441 39 404
1452 39 750
1463 39 7
1474 39 501
1485 39 997
1496 39 906
1507 39 562
1518 39 600
1529 39 298
1540 39 117
1551 39 408
1562 39 282
1573 39 279
1584 39 128
1595 39 942
1606 39 363
1617 39 421
1628 39 470
1639 39 79
1650 39 443
1661 39 538
1672 39 406
1683 39 901
1694 39 642
1705 39 445
1716 39 179
1727 39 954
1738 39 545
1749 39 567
1760 39 603
1771 39 518
1782 39 786
1793 39 138
1804 39 956
1815 39 222
1826 39 565
1837 39 600
1848 39 471
1859 39 853
1870 39 655
1881 39 731
1892 39 12
1903 39 920
1914 39 92
1925 39 795
1936 39 395
1947 39 394
1958 39 593
1969 39 346
1980 39 594
1991 39 557
2002 39 33
2013 39 601
2024 39 309
2035 39 934
2046 39 792
2057 39 551
2068 39 979
2079 39 745
2090 39 893
2101 39 874
2112 39 834
2123 39 900
2134 39 713
2145 39 216
2156 39 281
2167 39 305
2178 39 210
2189 39 414
2200 39 684
2211 39 457
2222 39 480
2233 39 824
2244 39 64
2255 39 270
2266 39 868
2277 39 296
2288 39 809
2299 39 18
2310 39 549
2321 39 581
2332 39 781
2343 39 975
2354 39 6
2365 39 341
2376 39 289
2387 39 303
2398 39 364
2409 39 508
2420 39 924
2431 39 708
2442 39 976
2453 39 616
2464 39 240
2475 39 87
2486 39 56
2497 39 807
2508 39 199
2519 39 37
2530 39 28
2541 39 571
2552 39 980
2563 39 480
2574 39 749
2585 39 669
2596 39 628
2607 39 206
2618 39 753
2629 39 610
2640 39 179
2651 39 280
2662 39 323
2673 39 934
2684 39 266
2695 39 624
2706 39 456
2717 39 74
2728 39 985
2739 39 180
2750 39 355
2761 39 558
2772 39 295
2783 39 41
2794 39 850
2805 39 251
2816 39 773
2827 39 843
2838 39 10
2849 39 571
2860 39 982
2871 39 919
2882 39 567
2893 39 833
2904 39 193
2915 39 190
2926 39 928
2937 39 439
2948 39 865
2959 39 898
2970 39 596
2981 39 211
2992 39 359
2 40 237
13 40 476
24 40 169
35 40 456
46 40 772
57 40 774
68 40 852
79 40 654
90 40 808
101 40 102
112 40 652
123 40 195
134 40 425
145 40 698
156 40 804
167 40 748
178 40 179
189 40 773
200 40 886
211 40 750
222 40 26
233 40 143
244 40 687
255 40 327
266 40 612
277 40 656
288 40 103
299 40 680
310 40 684
321 40 279
332 40 737
343 40 984
354 40 344
365 40 817
376 40 568
387 40 717
398 40 702
409 40 500
420 40 952
431 40 60
442 40 195
453 40 114
464 40 104
475 40 160
486 40 446
497 40 374
508 40 473
519 40 844
530 40 835
541 40 326
552 40 44
563 40 441
574 40 965
585 40 136
596 40 489
607 40 386
618 40 293
629 40 222
640 40 639
651 40 180
662 40 648
673 40 737
684 40 255
695 40 355
706 40 324
717 40 158
728 40 613
739 40 289
750 40 278
761 40 949
772 40 593
783 40 835
794 40 129
805 40 549
816 40 929
827 40 663
838 40 304
849 40 728
860 40 925
871 40 841
882 40 486
893 40 675
904 40 543
915 40 316
926 40 675
937 40 587
948 40 830
959 40 128
970 40 214
981 40 34
992 40 404
1003 40 407
1014 40 77
1025 40 112
1036 40 364
1047 40 629
1058 40 57
1069 40 721
1080 40 826
1091 40 681
1102 40 640
1113 40 691
1124 40 121
1135 40 299
1146 40 110
1157 40 249
1168 40 387
1179 40 532
1190 40 78
1201 40 777
1212 40 17
1223 40 653
1234 40 775
1245 40 195
1256 40 587
1267 40 896
1278 40 208
1289 40 263
1300 40 886
1311 40 694
1322 40 870
1333 40 974
1344 40 725
1355 40 367
1366 40 681
1377 40 357
1388 40 277
1399 40 980
1410 40 458
1421 40 845
1432 40 431
1443 40 551
1454 40 603
1465 40 47
1476 40 186
1487 40 222
1498 40 673
1509 40 175
1520 40 960
1531 40 990
1542 40 893
1553 40 809
1564 40 112
1575 40 235
1586 40 94
1597 40 672
1608 40 379
1619 40 242
1630 40 171
1641 40 894
1652 40 139
1663 40 46
1674 40 703
1685 40 967
1696 40 331
1707 40 448
1718 40 89
1729 40 729
1740 40 574
1751 40 300
1762 40 301
1773 40 877
1784 40 830
1795 40 884
1806 40 40
1817 40 25
1828 40 880
1839 40 617
1850 40 649
1861 40 118
1872 40 200
1883 40 716
1894 40 282
1905 40 852
1916 40 678
1927 40 162
1938 40 149
1949 40 226
1960 40 427
1971 40 178
1982 40 859
1993 40 115
2004 40 584
2015 40 655
2026 40 756
2037 40 858
2048 40 30
2059 40 159
2070 40 157
2081 40 562
2092 40 750
2103 40 548
2114 40 270
2125 40 145
2136 40 315
2147 40 494
2158 40 343
2169 40 460
2180 40 199
2191 40 225
2202 40 509
2213 40 30
2224 40 937
2235 40 976
2246 40 847
2257 40 284
2268 40 919
2279 40 443
2290 40 286
2301 40 680
2312 40 771
2323 40 375
2334 40 273
2345 40 218
2356 40 975
2367 40 398
2378 40 142
2389 40 212
2400 40 529
2411 40 975
2422 40 673
2433 40 984
2444 40 786
2455 40 837
2466 40 599
2477 40 745
2488 40 197
2499 40 702
2510 40 5
2521 40 842
2532 40 861
2543 40 56
2554 40 946
2565 40 843
2576 40 517
2587 40 603
2598 40 691
2609 40 926
2620 40 279
2631 40 908
2642 40 630
2653 40 228
2664 40 246
2675 40 386
2686 40 565
2697 40 373
2708 40 183
2719 40 585
2730 40 153
2741 40 733
2752 40 28
2763 40 682
2774 40 533
2785 40 331
2796 40 601
2807 40 10
2818 40 405
2829 40 492
2840 40 185
2851 40 621
2862 40 883
2873 40 736
2884 40 849
2895 40 790
2906 40 205
2917 40 62
2928 40 244
2939 40 407
2950 40 898
2961 40 253
2972 40 943
2983 40 411
2994 40 72
4 41 978
15 41 742
26 41 705
37 41 330
48 41 23
59 41 234
70 41 659
81 41 95
92 41 45
103 41 274
114 41 945
125 41 429
136 41 462
147 41 639
158 41 330
169 41 228
180 41 806
191 41 38
202 41 151
213 41 927
224 41 511
235 41 317
246 41 369
257 41 250
268 41 660
279 41 709
290 41 819
301 41 468
312 41 822
323 41 581
334 41 723
345 41 584
356 41 553
367 41 576
378 41 963
389 41 882
400 41 991
411 41 603
422 41 439
433 41 14
444 41 878
455 41 847
466 41 382
477 41 596
488 41 993
499 41 853
510 41 935
521 41 273
532 41 292
543 41 780
554 41 175
565 41 586
576 41 733
587 41 431
598 41 141
609 41 552
620 41 776
631 41 490
642 41 17
653 41 803
664 41 621
675 41 333
686 41 929
697 41 190
708 41 64
719 41 3
730 41 836
741 41 537
752 41 792
763 41 498
774 41 716
785 41 483
796 41 221
807 41 631
818 41 525
829 41 302
840 41 18
851 41 592
862 41 62
873 41 402
884 41 894
895 41 359
906 41 597
917 41 542
928 41 172
939 41 17
950 41 487
961 41 299
972 41 742
983 41 857
994 41 486
1005 41 780
1016 41 635
1027 41 87
1038 41 916
1049 41 11
1060 41 781
1071 41 400
1082 41 270
1093 41 708
1104 41 103
1115 41 503
1126 41 383
1137 41 919
1148 41 81
1159 41 246
1170 41 857
1181 41 120
1192 41 664
1203 41 474
1214 41 725
1225 41 189
1236 41 681
1247 41 114
1258 41 366
1269 41 36
1280 41 828
1291 41 392
1302 41 352
1313 41 497
1324 41 507
1335 41 352
1346 41 395
1357 41 121
1368 41 946
1379 41 729
1390 41 30
1401 41 810
1412 41 312
1423 41 933
1434 41 355
1445 41 28
1456 41 755
1467 41 174
1478 41 856
1489 41 690
1500 41 629
1511 41 860
1522 41 997
1533 41 867
1544 41 167
1555 41 424
1566 41 507
1577 41 526
1588 41 646
1599 41 99
1610 41 192
1621 41 239
1632 41 202
1643 41 910
1654 41 792
1665 41 798
1676 41 217
1687 41 215
1698 41 193
1709 41 670
1720 41 374
1731 41 887
1742 41 136
1753 41 65
1764 41 415
1775 41 312
1786 41 505
1797 41 444
1808 41 869
1819 41 59
1830 41 622
1841 41 977
1852 41 605
1863 41 953
1874 41 64
1885 41 905
1896 41 931
1907 41 530
1918 41 52
1929 41 950
1940 41 997
1951 41 354
1962 41 756
1973 41 117
1984 41 446
1995 41 207
2006 41 945
2017 41 170
2028 41 48
2039 41 826
2050 41 329
2061 41 297
2072 41 514
2083 41 370
2094 41 36
2105 41 826
2116 41 40
2127 41 157
2138 41 565
2149 41 157
2160 41 926
2171 41 921
2182 41 697
2193 41 613
2204 41 221
2215 41 71
2226 41 419
2237 41 957
2248 41 825
2259 41 589
2270 41 809
2281 41 869
2292 41 314
2303 41 713
2314 41 816
2325 41 195
2336 41 919
2347 41 101
2358 41 150
2369 41 930
2380 41 25
2391 41 582
2402 41 307
2413 41 711
2424 41 517
2435 41 101
2446 41 905
2457 41 500
2468 41 345
2479 41 555
2490 41 301
2501 41 324
2512 41 286
2523 41 48
2534 41 447
2545 41 323
2556 41 400
2567 41 249
2578 41 860
2589 41 686
2600 41 343
2611 41 718
2622 41 718
2633 41 49
2644 41 431
2655 41 254
2666 41 680
2677 41 947
2688 41 224
2699 41 434
2710 41 551
2721 41 572
2732 41 956
2743 41 480
2754 41 174
2765 41 64
2776 41 91
2787 41 253
2798 41 908
2809 41 527
2820 41 686
2831 41 158
2842 41 601
2853 41 579
2864 41 196
2875 41 551
2886 41 167
2897 41 595
2908 41 172
2919 41 231
2930 41 956
2941 41 986
2952 41 56
2963 41 413
2974 41 302
2985 41 848
2996 41 344
6 42 588
17 42 704
28 42 399
39 42 494
50 42 565
61 42 460
72 42 342
83 42 382
94 42 709
105 42 652
116 42 387
127 42 414
138 42 810
149 42 996
160 42 838
171 42 236
182 42 162
193 42 310
204 42 104
215 42 132
226 42 693
237 42 581
248 42 303
259 42 320
270 42 672
281 42 922
292 42 759
303 42 984
314 42 316
325 42 810
336 42 404
347 42 339
358 42 634
369 42 225
380 42 634
391 42 226
402 42 197
413 42 742
424 42 665
435 42 341
446 42 240
457 42 253
468 42 531
479 42 941
490 42 301
501 42 699
512 42 595
523 42 63
534 42 170
545 42 1
556 42 291
567 42 577
578 42 349
589 42 117
600 42 499
611 42 3
622 42 966
633 42 786
644 42 783
655 42 909
666 42 972
677 42 646
688 42 783
699 42 501
710 42 558
721 42 743
732 42 755
743 42 777
754 42 929
765 42 416
776 42 435
787 42 596
798 42 55
809 42 156
820 42 294
831 42 685
842 42 22
853 42 130
864 42 582
875 42 119
886 42 32
897 42 628
908 42 192
919 42 798
930 42 41
941 42 546
952 42 532
963 42 459
974 42 817
985 42 466
996 42 305
1007 42 571
1018 42 12
1029 42 727
1040 42 944
1051 42 59
1062 42 992
1073 42 372
1084 42 341
1095 42 865
1106 42 38
1117 42 424
1128 42 92
1139 42 221
1150 42 144
1161 42 278
1172 42 415
1183 42 151
1194 42 576
1205 42 172
1216 42 830
1227 42 381
1238 42 533
1249 42 95
1260 42 198
1271 42 302
1282 42 806
1293 42 171
1304 42 389
1315 42 933
1326 42 352
1337 42 210
1348 42 610
1359 42 470
1370 42 841
1381 42 973
1392 42 626
1403 42 767
1414 42 607
1425 42 693
1436 42 625
1447 42 866
1458 42 62
1469 42 957
1480 42 571
1491 42 828
1502 42 574
1513 42 198
1524 42 90
1535 42 945
1546 42 575
1557 42 85
1568 42 128
1579 42 1000
1590 42 202
1601 42 259
1612 42 602
1623 42 309
1634 42 69
1645 42 331
1656 42 473
1667 42 3
1678 42 930
1689 42 974
1700 42 65
1711 42 762
1722 42 991
1733 42 986
1744 42 643
1755 42 710
1766 42 836
1777 42 452
1788 42 928
1799 42 548
1810 42 861
1821 42 552
1832 42 218
1843 42 591
1854 42 624
1865 42 925
1876 42 397
1887 42 447
1898 42 979
1909 42 223
1920 42 560
1931 42 564
1942 42 552
1953 42 881
1964 42 47
1975 42 980
1986 42 831
1997 42 359
2008 42 684
2019 42 305
2030 42 608
2041 42 390
2052 42 629
2063 42 561
2074 42 133
2085 42 570
2096 42 912
2107 42 480
2118 42 70
2129 42 33
2140 42 727
2151 42 991
2162 42 584
2173 42 299
2184 42 533
2195 42 845
2206 42 236
2217 42 704
2228 42 442
2239 42 817
2250 42 600
2261 42 676
2272 42 316
2283 42 567
2294 42 7
2305 42 327
2316 42 690
2327 42 965
2338 42 247
2349 42 852
2360 42 465
2371 42 832
2382 42 566
2393 42 864
2404 42 334
2415 42 611
2426 42 331
2437 42 379
2448 42 729
2459 42 38
2470 42 129
2481 42 962
2492 42 679
2503 42 976
2514 42 619
2525 42 345
2536 42 329
2547 42 213
2558 42 497
2569 42 208
2580 42 500
2591 42 356
2602 42 350
2613 42 550
2624 42 935
2635 42 850
2646 42 9
2657 42 522
2668 42 17
2679 42 27
2690 42 358
2701 42 669
2712 42 238
2723 42 651
2734 42 719
2745 42 153
2756 42 242
2767 42 380
2778 42 703
2789 42 350
2800 42 899
2811 42 868
2822 42 383
2833 42 238
2844 42 915
2855 42 794
2866 42 766
2877 42 862
2888 42 641
2899 42 308
2910 42 777
2921 42 965
2932 42 349
2943 42 253
2954 42 818
2965 42 630
2976 42 446
2987 42 776
2998 42 64
8 43 452
19 43 66
30 43 448
41 43 188
52 43 948
63 43 451
74 43 456
85 43 267
96 43 984
107 43 893
118 43 848
129 43 323
140 43 404
151 43 376
162 43 869
173 43 862
184 43 955
195 43 569
206 43 640
217 43 137
228 43 335
239 43 870
250 43 115
261 43 624
272 43 940
283 43 389
294 43 811
305 43 599
316 43 597
327 43 55
338 43 891
349 43 981
360 43 429
371 43 563
382 43 609
393 43 803
404 43 987
415 43 887
426 43 828
437 43 335
448 43 463
459 43 715
470 43 988
481 43 26
492 43 280
503 43 704
514 43 32
525 43 32
536 43 369
547 43 394
558 43 703
569 43 52
580 43 892
591 43 732
602 43 608
613 43 424
624 43 387
635 43 315
646 43 274
657 43 364
668 43 590
679 43 301
690 43 197
701 43 131
712 43 995
723 43 35
734 43 934
745 43 876
756 43 132
767 43 757
778 43 125
789 43 804
800 43 460
811 43 132
822 43 914
833 43 647
844 43 459
855 43 803
866 43 103
877 43 387
888 43 191
899 43 39
910 43 325
921 43 814
932 43 369
943 43 39
954 43 543
965 43 123
976 43 646
987 43 197
998 43 325
1009 43 913
1020 43 700
1031 43 260
1042 43 11
1053 43 163
1064 43 59
1075 43 349
1086 43 131
1097 43 956
1108 43 722
1119 43 39
1130 43 869
1141 43 80
1152 43 920
1163 43 140
1174 43 928
1185 43 761
1196 43 407
1207 43 185
1218 43 157
1229 43 622
1240 43 673
1251 43 195
1262 43 370
1273 43 775
1284 43 905
1295 43 836
1306 43 125
1317 43 93
1328 43 370
1339 43 933
1350 43 254
1361 43 906
1372 43 867
1383 43 631
1394 43 916
1405 43 143
1416 43 155
1427 43 135
1438 43 956
1449 43 884
1460 43 54
1471 43 683
1482 43 962
1493 43 957
1504 43 710
1515 43 671
1526 43 565
1537 43 250
1548 43 461
1559 43 49
1570 43 504
1581 43 676
1592 43 281
1603 43 103
1614 43 269
1625 43 555
1636 43 544
1647 43 659
1658 43 90
1669 43 53
1680 43 210
1691 43 759
1702 43 785
1713 43 188
1724 43 206
1735 43 43
1746 43 253
1757 43 361
1768 43 856
1779 43 929
1790 43 216
1801 43 633
1812 43 884
1823 43 71
1834 43 998
1845 43 350
1856 43 869
1867 43 602
1878 43 70
1889 43 963
1900 43 188
1911 43 905
1922 43 419
1933 43 74
1944 43 552
1955 43 67
1966 43 488
1977 43 311
1988 43 666
1999 43 98
2010 43 192
2021 43 599
2032 43 667
2043 43 935
2054 43 305
2065 43 95
2076 43 434
2087 43 834
2098 43 845
2109 43 332
2120 43 636
2131 43 310
2142 43 882
2153 43 413
2164 43 193
2175 43 33
2186 43 228
2197 43 701
2208 43 311
2219 43 600
2230 43 400
2241 43 133
2252 43 786
2263 43 762
2274 43 559
2285 43 353
2296 43 747
2307 43 839
2318 43 308
2329 43 716
2340 43 32
2351 43 859
2362 43 862
2373 43 959
2384 43 903
2395 43 372
2406 43 870
2417 43 716
2428 43 26
2439 43 812
2450 43 283
2461 43 831
2472 43 74
2483 43 155
2494 43 41
2505 43 832
2516 43 918
2527 43 372
2538 43 13
2549 43 556
2560 43 110
2571 43 695
2582 43 221
2593 43 225
2604 43 129
2615 43 913
2626 43 333
2637 43 175
2648 43 820
2659 43 806
2670 43 219
2681 43 895
2692 43 269
2703 43 687
2714 43 583
2725 43 419
2736 43 58
2747 43 487
2758 43 578
2769 43 17
2780 43 371
2791 43 155
2802 43 581
2813 43 975
2824 43 639
2835 43 14
2846 43 741
2857 43 549
2868 43 673
2879 43 379
2890 43 464
2901 43 625
2912 43 646
2923 43 69
2934 43 200
2945 43 10
2956 43 3
2967 43 782
2978 43 55
2989 43 577
10 44 623
21 44 872
32 44 948
43 44 766
54 44 177
65 44 218
76 44 597
87 44 227
98 44 157
109 44 855
120 44 410
131 44 127
142 44 170
153 44 912
164 44 815
175 44 762
186 44 780
197 44 660
208 44 146
219 44 183
230 44 991
241 44 431
252 44 395
263 44 524
274 44 491
285 44 866
296 44 605
307 44 978
318 44 137
329 44 447
340 44 95
351 44 887
362 44 788
373 44 345
384 44 30
395 44 999
406 44 527
417 44 400
428 44 676
439 44 42
450 44 968
461 44 737
472 44 873
483 44 360
494 44 263
505 44 12
516 44 679
527 44 697
538 44 104
549 44 173
560 44 576
571 44 759
582 44 13
593 44 876
604 44 228
615 44 195
626 44 354
637 44 931
648 44 434
659 44 139
670 44 473
681 44 58
692 44 663
703 44 494
714 44 721
725 44 939
736 44 535
747 44 969
758 44 795
769 44 19
780 44 738
791 44 330
802 44 905
813 44 46
824 44 452
835 44 300
846 44 130
857 44 182
868 44 508
879 44 905
890 44 522
901 44 230
912 44 992
923 44 653
934 44 602
945 44 674
956 44 489
967 44 955
978 44 274
989 44 968
1000 44 966
1011 44 187
1022 44 908
1033 44 951
1044 44 873
1055 44 290
1066 44 370
1077 44 886
1088 44 804
1099 44 620
1110 44 271
1121 44 490
1132 44 123
1143 44 846
1154 44 138
1165 44 526
1176 44 337
1187 44 143
1198 44 315
1209 44 280
1220 44 644
1231 44 884
1242 44 90
1253 44 639
1264 44 868
1275 44 599
1286 44 504
1297 44 316
1308 44 963
1319 44 923
1330 44 924
1341 44 99
1352 44 826
1363 44 965
1374 44 869
1385 44 37
1396 44 933
1407 44 961
1418 44 790
1429 44 94
1440 44 701
1451 44 556
1462 44 946
1473 44 655
1484 44 15
1495 44 697
1506 44 69
1517 44 486
1528 44 110
1539 44 930
1550 44 820
1561 44 744
1572 44 619
1583 44 395
1594 44 477
1605 44 889
1616 44 946
1627 44 712
1638 44 804
1649 44 547
1660 44 845
1671 44 730
1682 44 500
1693 44 143
1704 44 17
1715 44 621
1726 44 77
1737 44 24
1748 44 8
1759 44 603
1770 44 24
1781 44 445
1792 44 150
1803 44 456
1814 44 68
1825 44 555
1836 44 850
1847 44 149
1858 44 52
1869 44 154
1880 44 203
1891 44 443
1902 44 364
1913 44 874
1924 44 965
1935 44 106
1946 44 587
1957 44 894
1968 44 476
1979 44 756
1990 44 686
2001 44 544
2012 44 762
2023 44 781
2034 44 368
2045 44 621
2056 44 70
2067 44 910
2078 44 117
2089 44 452
2100 44 155
2111 44 986
2122 44 14
2133 44 72
2144 44 813
2155 44 967
2166 44 378
2177 44 818
2188 44 367
2199 44 968
2210 44 519
2221 44 665
2232 44 334
2243 44 365
2254 44 387
2265 44 474
2276 44 271
2287 44 532
2298 44 50
2309 44 278
2320 44 115
2331 44 462
2342 44 176
2353 44 662
2364 44 48
2375 44 809
2386 44 530
2397 44 350
2408 44 945
2419 44 572
2430 44 704
2441 44 244
2452 44 813
2463 44 311
2474 44 365
2485 44 55
2496 44 915
2507 44 662
2518 44 836
2529 44 199
2540 44 426
2551 44 402
2562 44 448
2573 44 460
2584 44 709
2595 44 851
2606 44 716
2617 44 182
2628 44 744
2639 44 801
2650 44 479
2661 44 346
2672 44 247
2683 44 753
2694 44 819
2705 44 886
2716 44 172
2727 44 139
2738 44 300
2749 44 521
2760 44 678
2771 44 744
2782 44 189
2793 44 143
2804 44 987
2815 44 260
2826 44 928
2837 44 597
2848 44 64
2859 44 165
2870 44 785
2881 44 619
2892 44 510
2903 44 512
2914 44 955
2925 44 969
2936 44 534
2947 44 108
2958 44 592
2969 44 926
2980 44 54
2991 44 905
1 45 781
12 45 642
23 45 463
34 45 304
45 45 424
56 45 300
67 45 562
78 45 496
89 45 68
100 45 486
111 45 636
122 45 495
133 45 736
144 45 30
155 45 451
166 45 647
177 45 607
188 45 179
199 45 157
210 45 519
221 45 325
232 45 804
243 45 324
254 45 627
265 45 356
276 45 656
287 45 609
298 45 288
309 45 207
320 45 965
331 45 270
342 45 554
353 45 754
364 45 482
375 45 531
386 45 940
397 45 691
408 45 593
419 45 887
430 45 253
441 45 713
452 45 747
463 45 763
474 45 825
485 45 323
496 45 495
507 45 303
518 45 975
529 45 35
540 45 450
551 45 119
562 45 403
573 45 586
584 45 743
595 45 786
606 45 962
617 45 419
628 45 875
639 45 932
650 45 230
661 45 139
672 45 585
683 45 84
694 45 240
705 45 163
716 45 53
727 45 813
738 45 774
749 45 243
760 45 367
771 45 222
782 45 195
793 45 887
804 45 917
815 45 485
826 45 646
837 45 12
848 45 948
859 45 382
870 45 734
881 45 48
892 45 767
903 45 494
914 45 8
925 45 809
936 45 519
947 45 898
958 45 852
969 45 934
980 45 686
991 45 624
1002 45 680
1013 45 848
1024 45 913
1035 45 218
1046 45 204
1057 45 935
1068 45 48
1079 45 106
1090 45 282
1101 45 996
1112 45 84
1123 45 565
1134 45 844
1145 45 714
1156 45 663
1167 45 163
1178 45 98
1189 45 441
1200 45 60
1211 45 126
1222 45 188
1233 45 696
1244 45 90
1255 45 71
1266 45 814
1277 45 901
1288 45 371
1299 45 317
1310 45 773
1321 45 641
1332 45 638
1343 45 520
1354 45 978
1365 45 69
1376 45 828
1387 45 317
1398 45 652
1409 45 376
1420 45 692
1431 45 352
1442 45 403
1453 45 704
1464 45 408
1475 45 291
1486 45 389
1497 45 154
1508 45 853
1519 45 884
1530 45 159
1541 45 178
1552 45 661
1563 45 444
1574 45 747
1585 45 54
1596 45 871
1607 45 950
1618 45 977
1629 45 812
1640 45 790
1651 45 908
1662 45 501
1673 45 437
1684 45 869
1695 45 278
1706 45 733
1717 45 299
1728 45 610
1739 45 218
1750 45 679
1761 45 46
1772 45 775
1783 45 327
1794 45 761
1805 45 341
1816 45 148
1827 45 983
1838 45 409
1849 45 465
1860 45 647
1871 45 218
1882 45 916
1893 45 98
1904 45 800
1915 45 310
1926 45 403
1937 45 530
1948 45 52
1959 45 395
1970 45 972
1981 45 621
1992 45 691
2003 45 986
2014 45 743
2025 45 538
2036 45 747
2047 45 584
2058 45 118
2069 45 809
2080 45 948
2091 45 917
2102 45 501
2113 45 817
2124 45 290
2135 45 402
2146 45 352
2157 45 184
2168 45 309
2179 45 68
2190 45 369
2201 45 518
2212 45 802
2223 45 798
2234 45 155
2245 45 448
2256 45 340
2267 45 748
2278 45 228
2289 45 879
2300 45 673
2311 45 598
2322 45 396
2333 45 808
2344 45 413
2355 45 192
2366 45 181
2377 45 481
2388 45 421
2399 45 826
2410 45 505
2421 45 220
2432 45 774
2443 45 336
2454 45 413
2465 45 773
2476 45 957
2487 45 264
2498 45 69
2509 45 27
2520 45 707
2531 45 316
2542 45 386
2553 45 593
2564 45 306
2575 45 939
2586 45 700
2597 45 280
2608 45 984
2619 45 890
2630 45 660
2641 45 865
2652 45 428
2663 45 544
2674 45 712
2685 45 666
2696 45 44
2707 45 821
2718 45 23
2729 45 997
2740 45 389
2751 45 66
2762 45 311
2773 45 224
2784 45 203
2795 45 569
2806 45 539
2817 45 120
2828 45 416
2839 45 172
2850 45 928
2861 45 258
2872 45 176
2883 45 23
2894 45 283
2905 45 684
2916 45 998
2927 45 862
2938 45 401
2949 45 112
2960 45 167
2971 45 214
2982 45 870
2993 45 773
3 46 378
14 46 711
25 46 667
36 46 635
47 46 44
58 46 244
69 46 827
80 46 7
91 46 704
102 46 393
113 46 651
124 46 1
135 46 477
146 46 544
157 46 760
168 46 110
179 46 143
190 46 421
201 46 107
212 46 202
223 46 899
234 46 394
245 46 124
256 46 996
267 46 764
278 46 802
289 46 583
300 46 249
311 46 812
322 46 92
333 46 607
344 46 353
355 46 919
366 46 407
377 46 217
388 46 772
399 46 677
410 46 713
421 46 413
432 46 859
443 46 952
454 46 964
465 46 137
476 46 259
487 46 419
498 46 619
509 46 417
520 46 100
531 46 270
542 46 663
553 46 382
564 46 242
575 46 521
586 46 20
597 46 68
608 46 91
619 46 108
630 46 791
641 46 445
652 46 763
663 46 888
674 46 841
685 46 266
696 46 668
707 46 147
718 46 917
729 46 867
740 46 629
751 46 727
762 46 813
773 46 256
784 46 436
795 46 981
806 46 463
817 46 485
828 46 692
839 46 743
850 46 733
861 46 621
872 46 469
883 46 899
894 46 553
905 46 360
916 46 640
927 46 133
938 46 141
949 46 727
960 46 731
971 46 270
982 46 250
993 46 356
1004 46 833
1015 46 783
1026 46 886
1037 46 877
1048 46 317
1059 46 188
1070 46 809
1081 46 873
1092 46 33
1103 46 768
1114 46 777
1125 46 223
1136 46 757
1147 46 625
1158 46 867
1169 46 42
1180 46 955
1191 46 229
1202 46 61
1213 46 137
1224 46 224
1235 46 297
1246 46 772
1257 46 716
1268 46 69
1279 46 559
1290 46 232
1301 46 569
1312 46 327
1323 46 248
1334 46 365
1345 46 802
1356 46 558
1367 46 509
1378 46 86
1389 46 665
1400 46 669
1411 46 865
1422 46 130
1433 46 783
1444 46 276
1455 46 731
1466 46 910
1477 46 728
1488 46 403
1499 46 318
1510 46 313
1521 46 194
1532 46 736
1543 46 138
1554 46 876
1565 46 963
1576 46 210
1587 46 161
1598 46 848
1609 46 785
1620 46 119
1631 46 340
1642 46 369
1653 46 140
1664 46 610
1675 46 996
1686 46 889
1697 46 702
1708 46 271
1719 46 459
1730 46 269
1741 46 424
1752 46 56
1763 46 244
1774 46 309
1785 46 700
1796 46 77
1807 46 754
1818 46 288
1829 46 237
1840 46 364
1851 46 64
1862 46 570
1873 46 812
1884 46 909
1895 46 317
1906 46 620
1917 46 344
1928 46 352
1939 46 271
1950 46 37
1961 46 133
1972 46 449
1983 46 163
1994 46 479
2005 46 969
2016 46 137
2027 46 219
2038 46 881
2049 46 264
2060 46 487
2071 46 491
2082 46 354
2093 46 964
2104 46 358
2115 46 364
2126 46 766
2137 46 725
2148 46 635
2159 46 508
2170 46 760
2181 46 311
2192 46 636
2203 46 901
2214 46 10
2225 46 115
2236 46 781
2247 46 454
2258 46 911
2269 46 147
2280 46 403
2291 46 570
2302 46 214
2313 46 777
2324 46 994
2335 46 55
2346 46 522
2357 46 329
2368 46 309
2379 46 883
2390 46 986
2401 46 646
2412 46 202
2423 46 652
2434 46 542
2445 46 961
2456 46 636
2467 46 993
2478 46 892
2489 46 705
2500 46 481
2511 46 280
2522 46 714
2533 46 640
2544 46 703
2555 46 428
2566 46 40
2577 46 171
2588 46 446
2599 46 758
2610 46 536
2621 46 884
2632 46 556
2643 46 13
2654 46 228
2665 46 338
2676 46 118
2687 46 279
2698 46 635
2709 46 855
2720 46 35
2731 46 511
2742 46 762
2753 46 470
2764 46 758
2775 46 144
2786 46 896
2797 46 119
2808 46 920
2819 46 178
2830 46 77
2841 46 78
2852 46 363
2863 46 240
2874 46 76
2885 46 324
2896 46 968
2907 46 220
2918 46 696
2929 46 844
2940 46 14
2951 46 254
2962 46 433
2973 46 974
2984 46 500
2995 46 555
5 47 60
16 47 421
27 47 916
38 47 337
49 47 418
60 47 998
71 47 417
82 47 584
93 47 194
104 47 473
115 47 397
126 47 925
137 47 645
148 47 960
159 47 518
170 47 585
181 47 142
192 47 553
203 47 219
214 47 928
225 47 187
236 47 627
247 47 718
258 47 772
269 47 876
280 47 326
291 47 896
302 47 724
313 47 67
324 47 83
335 47 41
346 47 705
357 47 52
368 47 204
379 47 824
390 47 834
401 47 72
412 47 563
423 47 200
434 47 377
445 47 341
456 47 102
467 47 434
478 47 876
489 47 932
500 47 909
511 47 324
522 47 241
533 47 599
544 47 669
555 47 876
566 47 738
577 47 368
588 47 380
599 47 352
610 47 208
621 47 243
632 47 63
643 47 915
654 47 652
665 47 473
676 47 515
687 47 55
698 47 988
709 47 689
720 47 492
731 47 577
742 47 743
753 47 428
764 47 114
775 47 43
786 47 983
797 47 549
808 47 400
819 47 71
830 47 905
841 47 903
852 47 647
863 47 808
874 47 246
885 47 894
896 47 894
907 47 174
918 47 596
929 47 467
940 47 927
951 47 848
962 47 458
973 47 138
984 47 387
995 47 928
1006 47 310
1017 47 796
1028 47 602
1039 47 658
1050 47 639
1061 47 373
1072 47 926
1083 47 897
1094 47 502
1105 47 712
1116 47 530
1127 47 769
1138 47 349
1149 47 70
1160 47 739
1171 47 327
1182 47 557
1193 47 580
1204 47 289
1215 47 367
1226 47 817
1237 47 242
1248 47 242
1259 47 752
1270 47 82
1281 47 320
1292 47 336
1303 47 980
1314 47 491
1325 47 560
1336 47 20
1347 47 352
1358 47 580
1369 47 201
1380 47 383
1391 47 634
1402 47 202
1413 47 380
1424 47 71
1435 47 372
1446 47 852
1457 47 337
1468 47 384
1479 47 699
1490 47 307
1501 47 398
1512 47 358
1523 47 823
1534 47 342
1545 47 831
1556 47 917
1567 47 375
1578 47 736
1589 47 457
1600 47 661
1611 47 751
1622 47 25
1633 47 440
1644 47 385
1655 47 528
1666 47 241
1677 47 690
1688 47 81
1699 47 478
1710 47 234
1721 47 445
1732 47 727
1743 47 585
1754 47 564
1765 47 2
1776 47 250
1787 47 687
1798 47 594
1809 47 766
1820 47 159
1831 47 672
1842 47 87
1853 47 935
1864 47 522
1875 47 727
1886 47 247
1897 47 904
1908 47 121
1919 47 733
1930 47 222
1941 47 427
1952 47 562
1963 47 578
1974 47 777
1985 47 351
1996 47 28
2007 47 100
2018 47 93
2029 47 180
2040 47 149
2051 47 319
2062 47 374
2073 47 447
2084 47 798
2095 47 251
2106 47 875
2117 47 121
2128 47 628
2139 47 458
2150 47 558
2161 47 82
2172 47 248
2183 47 650
2194 47 516
2205 47 53
2216 47 238
2227 47 915
2238 47 274
2249 47 248
2260 47 459
2271 47 692
2282 47 624
2293 47 491
2304 47 76
2315 47 570
2326 47 479
2337 47 54
2348 47 203
2359 47 755
2370 47 871
2381 47 772
2392 47 438
2403 47 845
2414 47 581
2425 47 249
2436 47 751
2447 47 841
2458 47 70
2469 47 895
2480 47 473
2491 47 653
2502 47 513
2513 47 667
2524 47 241
2535 47 362
2546 47 844
2557 47 121
2568 47 498
2579 47 416
2590 47 863
2601 47 559
2612 47 223
2623 47 83
2634 47 1
2645 47 695
2656 47 535
2667 47 139
2678 47 759
2689 47 982
2700 47 42
2711 47 290
2722 47 876
2733 47 341
2744 47 469
2755 47 554
2766 47 102
2777 47 5
2788 47 661
2799 47 189
2810 47 918
2821 47 866
2832 47 200
2843 47 19
2854 47 263
2865 47 533
2876 47 885
2887 47 725
2898 47 388
2909 47 2
2920 47 851
2931 47 449
2942 47 223
2953 47 336
2964 47 526
2975 47 939
2986 47 261
2997 47 876
7 48 514
18 48 953
29 48 447
40 48 524
51 48 229
62 48 893
73 48 309
84 48 967
95 48 168
106 48 980
117 48 231
128 48 865
139 48 827
150 48 904
161 48 282
172 48 231
183 48 908
194 48 967
205 48 905
216 48 193
227 48 485
238 48 556
249 48 70
260 48 350
271 48 734
282 48 30
293 48 385
304 48 909
315 48 692
326 48 360
337 48 147
348 48 282
359 48 495
370 48 940
381 48 438
392 48 508
403 48 356
414 48 608
425 48 82
436 48 637
447 48 212
458 48 704
469 48 466
480 48 162
491 48 740
502 48 319
513 48 975
524 48 663
535 48 953
546 48 115
557 48 695
568 48 667
579 48 339
590 48 657
601 48 514
612 48 425
623 48 56
634 48 339
645 48 435
656 48 380
667 48 716
678 48 336
689 48 941
700 48 202
711 48 620
722 48 812
733 48 205
744 48 14
755 48 975
766 48 839
777 48 608
788 48 453
799 48 262
810 48 164
821 48 78
832 48 397
843 48 821
854 48 770
865 48 877
876 48 483
887 48 140
898 48 574
909 48 942
920 48 988
931 48 273
942 48 60
953 48 68
964 48 966
975 48 395
986 48 240
997 48 895
1008 48 787
1019 48 141
1030 48 516
1041 48 311
1052 48 314
1063 48 23
1074 48 740
1085 48 821
1096 48 80
1107 48 542
1118 48 873
1129 48 929
1140 48 465
1151 48 66
1162 48 555
1173 48 84
1184 48 270
1195 48 233
1206 48 397
1217 48 767
1228 48 87
1239 48 132
1250 48 838
1261 48 60
1272 48 745
1283 48 842
1294 48 782
1305 48 800
1316 48 795
1327 48 454
1338 48 730
1349 48 637
1360 48 577
1371 48 308
1382 48 417
1393 48 828
1404 48 398
1415 48 204
1426 48 609
1437 48 449
1448 48 68
1459 48 57
1470 48 588
1481 48 808
1492 48 873
1503 48 440
1514 48 1
1525 48 429
1536 48 630
1547 48 725
1558 48 946
1569 48 859
1580 48 713
1591 48 875
1602 48 733
1613 48 41
1624 48 527
1635 48 275
1646 48 506
1657 48 966
1668 48 936
1679 48 986
1690 48 714
1701 48 637
1712 48 650
1723 48 531
1734 48 696
1745 48 184
1756 48 428
1767 48 135
1778 48 580
1789 48 293
1800 48 571
1811 48 452
1822 48 444
1833 48 266
1844 48 800
1855 48 743
1866 48 345
1877 48 632
1888 48 520
1899 48 621
1910 48 194
1921 48 696
1932 48 829
1943 48 548
1954 48 202
1965 48 236
1976 48 714
1987 48 214
1998 48 349
2009 48 903
2020 48 136
2031 48 196
2042 48 421
2053 48 643
2064 48 538
2075 48 560
2086 48 994
2097 48 956
2108 48 98
2119 48 679
2130 48 863
2141 48 119
2152 48 353
2163 48 268
2174 48 363
2185 48 730
2196 48 673
2207 48 537
2218 48 152
2229 48 460
2240 48 646
2251 48 781
2262 48 15
2273 48 798
2284 48 19
2295 48 516
2306 48 830
2317 48 157
2328 48 595
2339 48 111
2350 48 164
2361 48 408
2372 48 625
2383 48 917
2394 48 949
2405 48 690
2416 48 364
2427 48 419
2438 48 887
2449 48 908
2460 48 714
2471 48 734
2482 48 396
2493 48 198
2504 48 602
2515 48 389
2526 48 827
2537 48 959
2548 48 842
2559 48 440
2570 48 214
2581 48 809
2592 48 728
2603 48 502
2614 48 277
2625 48 59
2636 48 172
2647 48 617
2658 48 888
2669 48 205
2680 48 542
2691 48 581
2702 48 669
2713 48 648
2724 48 164
2735 48 537
2746 48 348
2757 48 430
2768 48 315
2779 48 389
2790 48 51
2801 48 5
2812 48 395
2823 48 407
2834 48 925
2845 48 677
2856 48 880
2867 48 499
2878 48 747
2889 48 435
2900 48 406
2911 48 533
2922 48 917
2933 48 335
2944 48 730
2955 48 735
2966 48 26
2977 48 247
2988 48 43
2999 48 425
9 49 623
20 49 845
31 49 396
42 49 642
53 49 934
64 49 298
75 49 918
86 49 850
97 49 585
108 49 849
119 49 334
130 49 565
141 49 259
152 49 127
163 49 147
174 49 544
185 49 185
196 49 382
207 49 42
218 49 162
229 49 178
240 49 880
251 49 151
262 49 263
273 49 457
284 49 129
295 49 913
306 49 489
317 49 783
328 49 473
339 49 599
350 49 712
361 49 829
372 49 606
383 49 331
394 49 203
405 49 732
416 49 216
427 49 61
438 49 75
449 49 686
460 49 529
471 49 502
482 49 752
493 49 764
504 49 520
515 49 176
526 49 587
537 49 55
548 49 450
559 49 25
570 49 400
581 49 770
592 49 266
603 49 456
614 49 882
625 49 373
636 49 745
647 49 662
658 49 318
669 49 623
680 49 213
691 49 35
702 49 502
713 49 278
724 49 301
735 49 798
746 49 881
757 49 238
768 49 747
779 49 670
790 49 32
801 49 150
812 49 342
823 49 379
834 49 383
845 49 705
856 49 561
867 49 714
878 49 868
889 49 258
900 49 824
911 49 642
922 49 766
933 49 197
944 49 358
955 49 713
966 49 82
977 49 103
988 49 772
999 49 53
1010 49 479
1021 49 816
1032 49 250
1043 49 488
1054 49 119
1065 49 206
1076 49 947
1087 49 579
1098 49 795
1109 49 604
1120 49 689
1131 49 825
1142 49 983
1153 49 290
1164 49 492
1175 49 964
1186 49 798
1197 49 702
1208 49 823
1219 49 915
1230 49 601
1241 49 28
1252 49 892
1263 49 28
1274 49 439
1285 49 854
1296 49 983
1307 49 890
1318 49 841
1329 49 823
1340 49 29
1351 49 133
1362 49 788
1373 49 72
1384 49 866
1395 49 677
1406 49 275
1417 49 468
1428 49 984
1439 49 215
1450 49 230
1461 49 379
1472 49 294
1483 49 964
1494 49 18
1505 49 833
1516 49 520
1527 49 58
1538 49 103
1549 49 100
1560 49 707
1571 49 22
1582 49 143
1593 49 460
1604 49 782
1615 49 582
1626 49 900
1637 49 111
1648 49 39
1659 49 514
1670 49 257
1681 49 562
1692 49 617
1703 49 465
1714 49 114
1725 49 722
1736 49 764
1747 49 9
1758 49 61
1769 49 192
1780 49 263
1791 49 837
1802 49 392
1813 49 413
1824 49 740
1835 49 53
1846 49 181
1857 49 935
1868 49 848
1879 49 329
1890 49 758
1901 49 896
1912 49 598
1923 49 129
1934 49 224
1945 49 2
1956 49 699
1967 49 727
1978 49 937
1989 49 292
2000 49 945
2011 49 91
2022 49 159
2033 49 608
2044 49 305
2055 49 88
2066 49 649
2077 49 225
2088 49 957
2099 49 516
2110 49 240
2121 49 592
2132 49 358
2143 49 620
2154 49 523
2165 49 177
2176 49 575
2187 49 661
2198 49 765
2209 49 952
2220 49 413
2231 49 732
2242 49 364
2253 49 610
2264 49 169
2275 49 195
2286 49 209
2297 49 646
2308 49 58
2319 49 22
2330 49 534
2341 49 34
2352 49 749
2363 49 907
2374 49 484
2385 49 245
2396 49 538
2407 49 624
2418 49 716
2429 49 100
2440 49 371
2451 49 65
2462 49 849
2473 49 735
2484 49 483
2495 49 559
2506 49 173
2517 49 135
2528 49 449
2539 49 664
2550 49 437
2561 49 45
2572 49 156
2583 49 134
2594 49 687
2605 49 723
2616 49 543
2627 49 676
2638 49 327
2649 49 769
2660 49 437
2671 49 157
2682 49 560
2693 49 415
2704 49 424
2715 49 76
2726 49 291
2737 49 117
2748 49 504
2759 49 321
2770 49 534
2781 49 348
2792 49 228
2803 49 1
2814 49 246
2825 49 690
2836 49 460
2847 49 356
2858 49 320
2869 49 55
2880 49 428
2891 49 301
2902 49 497
2913 49 100
2924 49 241
2935 49 200
2946 49 746
2957 49 882
2968 49 472
2979 49 235
2990 49 56
0 50 123
11 50 6
22 50 160
33 50 863
44 50 285
55 50 403
66 50 44
77 50 511
88 50 317
99 50 899
110 50 246
121 50 372
132 50 198
143 50 592
154 50 430
165 50 784
176 50 492
187 50 356
198 50 382
209 50 379
220 50 159
231 50 844
242 50 597
253 50 531
264 50 288
275 50 414
286 50 412
297 50 223
308 50 340
319 50 59
330 50 806
341 50 973
352 50 550
363 50 391
374 50 147
385 50 386
396 50 129
407 50 206
418 50 71
429 50 523
440 50 188
451 50 389
462 50 801
473 50 52
484 50 884
495 50 153
506 50 666
517 50 335
528 50 160
539 50 163
550 50 645
561 50 270
572 50 797
583 50 241
594 50 558
605 50 859
616 50 400
627 50 939
638 50 595
649 50 707
660 50 587
671 50 408
682 50 268
693 50 783
704 50 432
715 50 314
726 50 492
737 50 213
748 50 132
759 50 909
770 50 873
781 50 882
792 50 365
803 50 161
814 50 451
825 50 468
836 50 101
847 50 65
858 50 767
869 50 919
880 50 655
891 50 956
902 50 173
913 50 657
924 50 564
935 50 333
946 50 848
957 50 421
968 50 517
979 50 247
990 50 622
1001 50 619
1012 50 37
1023 50 192
1034 50 892
1045 50 429
1056 50 406
1067 50 266
1078 50 683
1089 50 407
1100 50 581
1111 50 909
1122 50 670
1133 50 162
1144 50 396
1155 50 395
1166 50 724
1177 50 633
1188 50 720
1199 50 433
1210 50 370
1221 50 188
1232 50 68
1243 50 244
1254 50 415
1265 50 438
1276 50 217
1287 50 150
1298 50 412
1309 50 142
1320 50 91
1331 50 270
1342 50 248
1353 50 520
1364 50 827
1375 50 25
1386 50 67
1397 50 436
1408 50 619
1419 50 765
1430 50 296
1441 50 649
1452 50 421
1463 50 824
1474 50 808
1485 50 137
1496 50 660
1507 50 913
1518 50 305
1529 50 35
1540 50 14
1551 50 843
1562 50 297
1573 50 699
1584 50 914
1595 50 767
1606 50 723
1617 50 157
1628 50 439
1639 50 750
1650 50 489
1661 50 228
1672 50 743
1683 50 964
1694 50 618
1705 50 938
1716 50 401
1727 50 274
1738 50 552
1749 50 264
1760 50 956
1771 50 777
1782 50 834
1793 50 363
1804 50 884
1815 50 368
1826 50 288
1837 50 518
1848 50 593
1859 50 935
1870 50 64
1881 50 5
1892 50 689
1903 50 606
1914 50 336
1925 50 104
1936 50 891
1947 50 397
1958 50 853
1969 50 424
1980 50 743
1991 50 210
2002 50 600
2013 50 715
2024 50 575
2035 50 771
2046 50 351
2057 50 270
2068 50 548
2079 50 834
2090 50 100
2101 50 782
2112 50 567
2123 50 653
2134 50 229
2145 50 936
2156 50 20
2167 50 432
2178 50 234
2189 50 457
2200 50 744
2211 50 752
2222 50 998
2233 50 538
2244 50 322
2255 50 424
2266 50 841
2277 50 238
2288 50 643
2299 50 908
2310 50 625
2321 50 438
2332 50 767
2343 50 42
2354 50 45
2365 50 960
2376 50 922
2387 50 775
2398 50 753
2409 50 875
2420 50 63
2431 50 289
2442 50 769
2453 50 199
2464 50 985
2475 50 240
2486 50 693
2497 50 483
2508 50 352
2519 50 146
2530 50 854
2541 50 749
2552 50 137
2563 50 517
2574 50 448
2585 50 581
2596 50 572
2607 50 194
2618 50 130
2629 50 794
2640 50 684
2651 50 61
2662 50 148
2673 50 53
2684 50 64
2695 50 412
2706 50 983
2717 50 635
2728 50 365
2739 50 65
2750 50 422
2761 50 699
2772 50 285
2783 50 107
2794 50 110
2805 50 401
2816 50 934
2827 50 336
2838 50 727
2849 50 85
2860 50 387
2871 50 613
2882 50 661
2893 50 264
2904 50 729
2915 50 820
2926 50 592
2937 50 177
2948 50 917
2959 50 474
2970 50 290
2981 50 919
2992 50 210
2 51 877
13 51 802
24 51 319
35 51 631
46 51 841
57 51 655
68 51 458
79 51 965
90 51 599
101 51 734
112 51 151
123 51 722
134 51 309
145 51 355
156 51 620
167 51 250
178 51 392
189 51 13
200 51 862
211 51 616
222 51 193
233 51 79
244 51 420
255 51 569
266 51 902
277 51 618
288 51 521
299 51 207
310 51 793
321 51 683
332 51 651
343 51 446
354 51 991
365 51 334
376 51 5
387 51 359
398 51 936
409 51 695
420 51 93
431 51 917
442 51 197
453 51 605
464 51 30
475 51 685
486 51 537
497 51 661
508 51 430
519 51 317
530 51 263
541 51 153
552 51 942
563 51 906
574 51 425
585 51 897
596 51 207
607 51 656
618 51 919
629 51 450
640 51 414
651 51 794
662 51 973
673 51 413
684 51 334
695 51 795
706 51 777
717 51 927
728 51 233
739 51 554
750 51 473
761 51 937
772 51 29
783 51 744
794 51 426
805 51 196
816 51 245
827 51 367
838 51 416
849 51 809
860 51 264
871 51 734
882 51 989
893 51 923
904 51 644
915 51 396
926 51 756
937 51 388
948 51 628
959 51 633
970 51 941
981 51 25
992 51 974
1003 51 500
1014 51 900
1025 51 356
1036 51 843
1047 51 246
1058 51 560
1069 51 256
1080 51 52
1091 51 281
1102 51 962
1113 51 224
1124 51 408
1135 51 868
1146 51 18
1157 51 713
1168 51 762
1179 51 491
1190 51 991
1201 51 316
1212 51 386
1223 51 747
1234 51 322
1245 51 934
1256 51 441
1267 51 799
1278 51 981
1289 51 827
1300 51 185
1311 51 435
1322 51 551
1333 51 575
1344 51 866
1355 51 928
1366 51 135
1377 51 144
1388 51 352
1399 51 222
1410 51 708
1421 51 723
1432 51 308
1443 51 426
1454 51 283
1465 51 761
1476 51 285
1487 51 299
1498 51 826
1509 51 270
1520 51 311
1531 51 879
1542 51 618
1553 51 246
1564 51 560
1575 51 341
1586 51 585
1597 51 848
1608 51 524
1619 51 21
1630 51 751
1641 51 949
1652 51 563
1663 51 506
1674 51 879
1685 51 713
1696 51 709
1707 51 992
1718 51 994
1729 51 192
1740 51 223
1751 51 235
1762 51 338
1773 51 780
1784 51 297
1795 51 710
1806 51 337
1817 51 198
1828 51 369
1839 51 575
1850 51 238
1861 51 436
1872 51 89
1883 51 445
1894 51 629
1905 51 151
1916 51 200
1927 51 187
1938 51 338
1949 51 804
1960 51 479
1971 51 644
1982 51 276
1993 51 805
2004 51 741
2015 51 987
2026 51 278
2037 51 749
2048 51 795
2059 51 331
2070 51 773
2081 51 947
2092 51 980
2103 51 600
2114 51 925
2125 51 99
2136 51 578
2147 51 535
2158 51 923
2169 51 185
2180 51 635
2191 51 961
2202 51 239
2213 51 390
2224 51 587
2235 51 129
2246 51 542
2257 51 776
2268 51 206
2279 51 67
2290 51 96
2301 51 674
2312 51 2
2323 51 527
2334 51 536
2345 51 398
2356 51 390
2367 51 506
2378 51 743
2389 51 106
2400 51 176
2411 51 467
2422 51 183
2433 51 269
2444 51 770
2455 51 949
2466 51 462
2477 51 344
2488 51 232
2499 51 379
2510 51 636
2521 51 887
2532 51 651
2543 51 736
2554 51 765
2565 51 637
2576 51 499
2587 51 984
2598 51 823
2609 51 42
2620 51 240
2631 51 377
2642 51 533
2653 51 466
2664 51 906
2675 51 63
2686 51 535
2697 51 98
2708 51 134
2719 51 856
2730 51 926
2741 51 307
2752 51 498
2763 51 471
2774 51 102
2785 51 604
2796 51 851
2807 51 405
2818 51 436
2829 51 77
2840 51 88
2851 51 458
2862 51 415
2873 51 592
2884 51 956
2895 51 949
2906 51 7
2917 51 815
2928 51 788
2939 51 593
2950 51 586
2961 51 88
2972 51 135
2983 51 264
2994 51 188
4 52 681
15 52 398
26 52 352
37 52 574
48 52 572
59 52 321
70 52 485
81 52 553
92 52 681
103 52 592
114 52 858
125 52 923
136 52 671
147 52 629
158 52 913
169 52 694
180 52 496
191 52 276
202 52 247
213 52 447
224 52 44
235 52 804
246 52 890
257 52 987
268 52 889
279 52 256
290 52 244
301 52 809
312 52 461
323 52 226
334 52 876
345 52 49
356 52 736
367 52 186
378 52 266
389 52 199
400 52 992
411 52 336
422 52 634
433 52 968
444 52 869
455 52 41
466 52 802
477 52 859
488 52 636
499 52 835
510 52 914
521 52 576
532 52 88
543 52 877
554 52 244
565 52 648
576 52 942
587 52 69
598 52 751
609 52 312
620 52 437
631 52 349
642 52 511
653 52 688
664 52 240
675 52 372
686 52 975
697 52 848
708 52 71
719 52 978
730 52 161
741 52 573
752 52 807
763 52 361
774 52 131
785 52 389
796 52 241
807 52 291
818 52 151
829 52 464
840 52 568
851 52 657
862 52 62
873 52 822
884 52 951
895 52 196
906 52 505
917 52 180
928 52 500
939 52 337
950 52 150
961 52 861
972 52 882
983 52 213
994 52 812
1005 52 295
1016 52 709
1027 52 675
1038 52 394
1049 52 33
1060 52 3
1071 52 583
1082 52 867
1093 52 113
1104 52 543
1115 52 983
1126 52 935
1137 52 526
1148 52 36
1159 52 637
1170 52 674
1181 52 604
1192 52 489
1203 52 59
1214 52 547
1225 52 412
1236 52 667
1247 52 494
1258 52 958
1269 52 990
1280 52 510
1291 52 317
1302 52 861
1313 52 924
1324 52 684
1335 52 780
1346 52 958
1357 52 434
1368 52 614
1379 52 265
1390 52 641
1401 52 22
1412 52 885
1423 52 251
1434 52 361
1445 52 312
1456 52 823
1467 52 571
1478 52 625
1489 52 62
1500 52 790
1511 52 772
1522 52 409
1533 52 108
1544 52 453
1555 52 328
1566 52 148
1577 52 771
1588 52 934
1599 52 140
1610 52 363
1621 52 457
1632 52 698
1643 52 844
1654 52 649
1665 52 971
1676 52 87
1687 52 713
1698 52 786
1709 52 333
1720 52 2
1731 52 254
1742 52 589
1753 52 862
1764 52 552
1775 52 934
1786 52 857
1797 52 690
1808 52 590
1819 52 834
1830 52 489
1841 52 802
1852 52 164
1863 52 658
1874 52 436
1885 52 182
1896 52 743
1907 52 116
1918 52 763
1929 52 148
1940 52 840
1951 52 350
1962 52 390
1973 52 127
1984 52 162
1995 52 435
2006 52 276
2017 52 827
2028 52 606
2039 52 85
2050 52 739
2061 52 940
2072 52 370
2083 52 678
2094 52 156
2105 52 2
2116 52 865
2127 52 101
2138 52 754
2149 52 591
2160 52 368
2171 52 471
2182 52 619
2193 52 350
2204 52 724
2215 52 857
2226 52 756
2237 52 70
2248 52 249
2259 52 467
2270 52 331
2281 52 165
2292 52 399
2303 52 390
2314 52 60
2325 52 858
2336 52 317
2347 52 257
2358 52 2
2369 52 42
2380 52 636
2391 52 870
2402 52 653
2413 52 335
2424 52 490
2435 52 23
2446 52 702
2457 52 379
2468 52 655
2479 52 454
2490 52 547
2501 52 666
2512 52 116
2523 52 936
2534 52 769
2545 52 450
2556 52 823
2567 52 272
2578 52 570
2589 52 874
2600 52 689
2611 52 680
2622 52 133
2633 52 96
2644 52 612
2655 52 395
2666 52 211
2677 52 157
2688 52 663
2699 52 557
2710 52 725
2721 52 652
2732 52 865
2743 52 459
2754 52 952
2765 52 885
2776 52 924
2787 52 899
2798 52 88
2809 52 445
2820 52 456
2831 52 293
2842 52 23
2853 52 160
2864 52 494
2875 52 158
2886 52 501
2897 52 794
2908 52 866
2919 52 537
2930 52 790
2941 52 842
2952 52 48
2963 52 716
2974 52 943
2985 52 128
2996 52 56
6 53 343
17 53 242
28 53 562
39 53 128
50 53 433
61 53 108
72 53 939
83 53 907
94 53 849
105 53 31
116 53 56
127 53 534
138 53 832
149 53 959
160 53 935
171 53 469
182 53 680
193 53 385
204 53 462
215 53 378
226 53 871
237 53 748
248 53 344
259 53 708
270 53 934
281 53 618
292 53 46
303 53 578
314 53 750
325 53 715
336 53 544
347 53 465
358 53 351
369 53 801
380 53 821
391 53 632
402 53 709
413 53 572
424 53 438
435 53 186
446 53 252
457 53 804
468 53 77
479 53 190
490 53 901
501 53 993
512 53 932
523 53 133
534 53 154
545 53 285
556 53 974
567 53 405
578 53 642
589 53 894
600 53 233
611 53 247
622 53 38
633 53 802
644 53 704
655 53 841
666 53 227
677 53 429
688 53 25
699 53 473
710 53 477
721 53 556
732 53 475
743 53 145
754 53 206
765 53 969
776 53 875
787 53 382
798 53 886
809 53 366
820 53 875
831 53 74
842 53 759
853 53 386
864 53 890
875 53 739
886 53 288
897 53 337
908 53 567
919 53 447
930 53 340
941 53 195
952 53 488
963 53 394
974 53 630
985 53 497
996 53 153
1007 53 804
1018 53 535
1029 53 257
1040 53 125
1051 53 115
1062 53 127
1073 53 205
1084 53 371
1095 53 856
1106 53 472
1117 53 472
1128 53 331
1139 53 878
1150 53 872
1161 53 24
1172 53 94
1183 53 606
1194 53 5
1205 53 728
1216 53 101
1227 53 96
1238 53 389
1249 53 941
1260 53 347
1271 53 909
1282 53 559
1293 53 680
1304 53 896
1315 53 387
1326 53 550
1337 53 377
1348 53 839
1359 53 221
1370 53 710
1381 53 74
1392 53 478
1403 53 887
1414 53 790
1425 53 128
1436 53 872
1447 53 829
1458 53 789
1469 53 13
1480 53 897
1491 53 190
1502 53 733
1513 53 252
1524 53 155
1535 53 188
1546 53 674
1557 53 336
1568 53 101
1579 53 118
1590 53 354
1601 53 718
1612 53 137
1623 53 917
1634 53 398
1645 53 546
1656 53 626
1667 53 263
1678 53 173
1689 53 436
1700 53 89
1711 53 331
1722 53 950
1733 53 366
1744 53 123
1755 53 465
1766 53 415
1777 53 472
1788 53 27
1799 53 142
1810 53 801
1821 53 767
1832 53 688
1843 53 890
1854 53 363
1865 53 345
1876 53 99
1887 53 974
1898 53 552
1909 53 813
1920 53 560
1931 53 946
1942 53 660
1953 53 302
1964 53 489
1975 53 510
1986 53 744
1997 53 61
2008 53 130
2019 53 517
2030 53 518
2041 53 41
2052 53 258
2063 53 200
2074 53 7
2085 53 546
2096 53 545
2107 53 968
2118 53 171
2129 53 369
2140 53 479
2151 53 498
2162 53 573
2173 53 967
2184 53 810
2195 53 691
2206 53 359
2217 53 869
2228 53 307
2239 53 326
2250 53 165
2261 53 818
2272 53 778
2283 53 473
2294 53 379
2305 53 247
2316 53 508
2327 53 164
2338 53 314
2349 53 311
2360 53 183
2371 53 16
2382 53 725
2393 53 819
2404 53 211
2415 53 258
2426 53 945
2437 53 858
2448 53 976
2459 53 937
2470 53 943
2481 53 554
2492 53 866
2503 53 894
2514 53 782
2525 53 883
2536 53 478
2547 53 434
2558 53 626
2569 53 369
2580 53 688
2591 53 104
2602 53 48
2613 53 300
2624 53 456
2635 53 458
2646 53 109
2657 53 190
2668 53 945
2679 53 901
2690 53 840
2701 53 817
2712 53 622
2723 53 399
2734 53 914
2745 53 524
2756 53 954
2767 53 156
2778 53 117
2789 53 453
2800 53 417
2811 53 447
2822 53 204
2833 53 737
2844 53 869
2855 53 782
2866 53 501
2877 53 980
2888 53 766
2899 53 797
2910 53 703
2921 53 414
2932 53 495
2943 53 377
2954 53 467
2965 53 788
2976 53 888
2987 53 578
2998 53 253
8 54 126
19 54 852
30 54 644
41 54 331
52 54 746
63 54 281
74 54 815
85 54 91
96 54 351
107 54 254
118 54 255
129 54 896
140 54 521
151 54 115
162 54 450
173 54 203
184 54 997
195 54 311
206 54 617
217 54 935
228 54 814
239 54 56
250 54 285
261 54 622
272 54 420
283 54 630
294 54 49
305 54 717
316 54 430
327 54 476
338 54 273
349 54 784
360 54 387
371 54 599
382 54 44
393 54 817
404 54 554
415 54 333
426 54 694
437 54 932
448 54 177
459 54 566
470 54 461
481 54 347
492 54 14
503 54 20
514 54 294
525 54 738
536 54 958
547 54 476
558 54 690
569 54 686
580 54 751
591 54 307
602 54 414
613 54 778
624 54 457
635 54 862
646 54 336
657 54 871
668 54 565
679 54 55
690 54 141
701 54 132
712 54 862
723 54 959
734 54 674
745 54 696
756 54 558
767 54 700
778 54 398
789 54 984
800 54 2
811 54 744
822 54 488
833 54 452
844 54 145
855 54 34
866 54 4
877 54 288
888 54 907
899 54 936
910 54 988
921 54 107
932 54 654
943 54 981
954 54 361
965 54 600
976 54 617
987 54 686
998 54 578
1009 54 190
1020 54 475
1031 54 1
1042 54 90
1053 54 966
1064 54 121
1075 54 244
1086 54 910
1097 54 389
1108 54 173
1119 54 774
1130 54 995
1141 54 582
1152 54 776
1163 54 797
1174 54 116
1185 54 364
1196 54 860
1207 54 344
1218 54 417
1229 54 51
1240 54 605
1251 54 728
1262 54 446
1273 54 717
1284 54 839
1295 54 306
1306 54 594
1317 54 937
1328 54 691
1339 54 184
1350 54 151
1361 54 41
1372 54 35
1383 54 96
1394 54 201
1405 54 765
1416 54 98
1427 54 278
1438 54 843
1449 54 351
1460 54 447
1471 54 565
1482 54 435
1493 54 88
1504 54 463
1515 54 81
1526 54 85
1537 54 146
1548 54 442
1559 54 938
1570 54 691
1581 54 909
1592 54 744
1603 54 470
1614 54 332
1625 54 131
1636 54 540
1647 54 498
1658 54 392
1669 54 833
1680 54 326
1691 54 934
1702 54 67
1713 54 108
1724 54 424
1735 54 403
1746 54 220
1757 54 79
1768 54 787
1779 54 176
1790 54 894
1801 54 455
1812 54 623
1823 54 337
1834 54 205
1845 54 15
1856 54 956
1867 54 875
1878 54 882
1889 54 656
1900 54 155
1911 54 219
1922 54 956
1933 54 813
1944 54 111
1955 54 872
1966 54 80
1977 54 334
1988 54 565
1999 54 854
2010 54 505
2021 54 792
2032 54 304
2043 54 421
2054 54 905
2065 54 651
2076 54 606
2087 54 963
2098 54 649
2109 54 969
2120 54 615
2131 54 433
2142 54 616
2153 54 106
2164 54 857
2175 54 237
2186 54 678
2197 54 295
2208 54 19
2219 54 696
2230 54 994
2241 54 696
2252 54 215
2263 54 816
2274 54 238
2285 54 589
2296 54 417
2307 54 492
2318 54 212
2329 54 484
2340 54 88
2351 54 486
2362 54 394
2373 54 349
2384 54 494
2395 54 448
2406 54 96
2417 54 80
2428 54 492
2439 54 945
2450 54 787
2461 54 970
2472 54 32
2483 54 570
2494 54 983
2505 54 939
2516 54 244
2527 54 308
2538 54 114
2549 54 864
2560 54 47
2571 54 159
2582 54 968
2593 54 127
2604 54 758
2615 54 423
2626 54 293
2637 54 871
2648 54 609
2659 54 407
2670 54 397
2681 54 244
2692 54 542
2703 54 937
2714 54 633
2725 54 604
2736 54 380
2747 54 134
2758 54 560
2769 54 111
2780 54 506
2791 54 332
2802 54 775
2813 54 204
2824 54 757
2835 54 104
2846 54 834
2857 54 622
2868 54 731
2879 54 384
2890 54 437
2901 54 342
2912 54 670
2923 54 430
2934 54 976
2945 54 61
2956 54 690
2967 54 692
2978 54 876
2989 54 966
10 55 696
21 55 372
32 55 657
43 55 475
54 55 964
65 55 878
76 55 300
87 55 162
98 55 409
109 55 685
120 55 983
131 55 982
142 55 745
153 55 919
164 55 208
175 55 815
186 55 85
197 55 818
208 55 647
219 55 529
230 55 356
241 55 7
252 55 384
263 55 739
274 55 772
285 55 245
296 55 92
307 55 79
318 55 137
329 55 562
340 55 117
351 55 275
362 55 866
373 55 446
384 55 471
395 55 259
406 55 908
417 55 706
428 55 808
439 55 45
450 55 509
461 55 312
472 55 55
483 55 763
494 55 294
505 55 401
516 55 302
527 55 726
538 55 740
549 55 456
560 55 531
571 55 925
582 55 242
593 55 272
604 55 972
615 55 861
626 55 16
637 55 246
648 55 550
659 55 253
670 55 828
681 55 857
692 55 38
703 55 10
714 55 22
725 55 761
736 55 81
747 55 508
758 55 73
769 55 112
780 55 407
791 55 953
802 55 742
813 55 243
824 55 405
835 55 821
846 55 941
857 55 186
868 55 508
879 55 747
890 55 457
901 55 492
912 55 59
923 55 860
934 55 401
945 55 830
956 55 655
967 55 766
978 55 431
989 55 562
1000 55 67
1011 55 321
1022 55 240
1033 55 197
1044 55 682
1055 55 804
1066 55 948
1077 55 354
1088 55 645
1099 55 899
1110 55 564
1121 55 379
1132 55 86
1143 55 814
1154 55 873
1165 55 54
1176 55 76
1187 55 479
1198 55 669
1209 55 939
1220 55 517
1231 55 668
1242 55 562
1253 55 476
1264 55 218
1275 55 514
1286 55 910
1297 55 673
1308 55 10
1319 55 921
1330 55 794
1341 55 801
1352 55 887
1363 55 220
1374 55 483
1385 55 588
1396 55 782
1407 55 378
1418 55 426
1429 55 954
1440 55 12
1451 55 23
1462 55 84
1473 55 62
1484 55 415
1495 55 791
1506 55 395
1517 55 770
1528 55 303
1539 55 767
1550 55 839
1561 55 356
1572 55 347
1583 55 991
1594 55 787
1605 55 482
1616 55 974
1627 55 156
1638 55 879
1649 55 751
1660 55 301
1671 55 887
1682 55 843
1693 55 337
1704 55 670
1715 55 307
1726 55 903
1737 55 116
1748 55 501
1759 55 715
1770 55 562
1781 55 885
1792 55 450
1803 55 36
1814 55 182
1825 55 530
1836 55 459
1847 55 618
1858 55 826
1869 55 587
1880 55 470
1891 55 731
1902 55 541
1913 55 860
1924 55 669
1935 55 153
1946 55 793
1957 55 698
1968 55 503
1979 55 571
1990 55 718
2001 55 860
2012 55 113
2023 55 826
2034 55 785
2045 55 335
2056 55 364
2067 55 107
2078 55 905
2089 55 993
2100 55 351
2111 55 245
2122 55 345
2133 55 979
2144 55 859
2155 55 361
2166 55 508
2177 55 418
2188 55 100
2199 55 584
2210 55 244
2221 55 195
2232 55 66
2243 55 471
2254 55 165
2265 55 59
2276 55 691
2287 55 277
2298 55 980
2309 55 740
2320 55 171
2331 55 476
2342 55 662
2353 55 493
2364 55 137
2375 55 881
2386 55 124
2397 55 777
2408 55 275
2419 55 445
2430 55 332
2441 55 691
2452 55 947
2463 55 51
2474 55 803
2485 55 459
2496 55 191
2507 55 902
2518 55 93
2529 55 631
2540 55 607
2551 55 107
2562 55 955
2573 55 435
2584 55 359
2595 55 260
2606 55 880
2617 55 248
2628 55 488
2639 55 1000
2650 55 528
2661 55 358
2672 55 951
2683 55 724
2694 55 991
2705 55 368
2716 55 418
2727 55 66
2738 55 326
2749 55 705
2760 55 55
2771 55 326
2782 55 498
2793 55 642
2804 55 54
2815 55 62
2826 55 848
2837 55 870
2848 55 51
2859 55 659
2870 55 591
2881 55 614
2892 55 810
2903 55 706
2914 55 297
2925 55 334
2936 55 600
2947 55 307
2958 55 646
2969 55 718
2980 55 819
2991 55 323
1 56 577
12 56 329
23 56 321
34 56 670
45 56 767
56 56 90
67 56 456
78 56 814
89 56 210
100 56 785
111 56 291
122 56 346
133 56 867
144 56 592
155 56 733
166 56 515
177 56 999
188 56 853
199 56 944
210 56 539
221 56 298
232 56 144
243 56 873
254 56 544
265 56 338
276 56 119
287 56 463
298 56 423
309 56 88
320 56 253
331 56 903
342 56 844
353 56 834
364 56 191
375 56 904
386 56 826
397 56 826
408 56 867
419 56 362
430 56 3
441 56 410
452 56 582
463 56 505
474 56 445
485 56 616
496 56 973
507 56 116
518 56 240
529 56 948
540 56 157
551 56 362
562 56 419
573 56 298
584 56 469
595 56 587
606 56 76
617 56 33
628 56 11
639 56 818
650 56 364
661 56 22
672 56 33
683 56 144
694 56 922
705 56 40
716 56 831
727 56 64
738 56 796
749 56 82
760 56 514
771 56 328
782 56 15
793 56 70
804 56 914
815 56 362
826 56 558
837 56 171
848 56 406
859 56 954
870 56 531
881 56 877
892 56 55
903 56 869
914 56 687
925 56 665
936 56 633
947 56 647
958 56 10
969 56 931
980 56 152
991 56 317
1002 56 147
1013 56 747
1024 56 86
1035 56 146
1046 56 590
1057 56 496
1068 56 798
1079 56 379
1090 56 892
1101 56 321
1112 56 610
1123 56 955
1134 56 177
1145 56 840
1156 56 580
1167 56 985
1178 56 598
1189 56 255
1200 56 326
1211 56 22
1222 56 466
1233 56 82
1244 56 155
1255 56 684
1266 56 255
1277 56 230
1288 56 341
1299 56 70
1310 56 581
1321 56 609
1332 56 54
1343 56 118
1354 56 467
1365 56 759
1376 56 729
1387 56 324
1398 56 349
1409 56 990
1420 56 868
1431 56 899
1442 56 426
1453 56 531
1464 56 707
1475 56 400
1486 56 110
1497 56 455
1508 56 979
1519 56 727
1530 56 178
1541 56 523
1552 56 423
1563 56 638
1574 56 782
1585 56 469
1596 56 139
1607 56 233
1618 56 685
1629 56 232
1640 56 821
1651 56 839
1662 56 160
1673 56 983
1684 56 931
1695 56 679
1706 56 765
1717 56 712
1728 56 631
1739 56 761
1750 56 170
1761 56 413
1772 56 865
1783 56 773
1794 56 103
1805 56 720
1816 56 941
1827 56 543
1838 56 90
1849 56 130
1860 56 417
1871 56 24
1882 56 315
1893 56 143
1904 56 816
1915 56 769
1926 56 130
1937 56 877
1948 56 871
1959 56 326
1970 56 256
1981 56 630
1992 56 626
2003 56 531
2014 56 315
2025 56 742
2036 56 192
2047 56 651
2058 56 80
2069 56 609
2080 56 228
2091 56 430
2102 56 2
2113 56 983
2124 56 488
2135 56 1
2146 56 565
2157 56 305
2168 56 864
2179 56 527
2190 56 115
2201 56 329
2212 56 964
2223 56 230
2234 56 52
2245 56 781
2256 56 546
2267 56 472
2278 56 667
2289 56 29
2300 56 535
2311 56 819
2322 56 145
2333 56 470
2344 56 77
2355 56 378
2366 56 893
2377 56 793
2388 56 440
2399 56 32
2410 56 16
2421 56 451
2432 56 146
2443 56 578
2454 56 939
2465 56 8
2476 56 272
2487 56 523
2498 56 434
2509 56 278
2520 56 716
2531 56 527
2542 56 12
2553 56 68
2564 56 398
2575 56 48
2586 56 327
2597 56 204
2608 56 177
2619 56 196
2630 56 872
2641 56 127
2652 56 431
2663 56 639
2674 56 361
2685 56 519
2696 56 434
2707 56 72
2718 56 955
2729 56 577
2740 56 325
2751 56 914
2762 56 813
2773 56 359
2784 56 897
2795 56 822
2806 56 579
2817 56 246
2828 56 706
2839 56 294
2850 56 261
2861 56 622
2872 56 764
2883 56 965
2894 56 3
2905 56 939
2916 56 74
2927 56 403
2938 56 791
2949 56 236
2960 56 703
2971 56 959
2982 56 661
2993 56 651
3 57 355
14 57 380
25 57 527
36 57 688
47 57 12
58 57 359
69 57 940
80 57 715
91 57 844
102 57 313
113 57 73
124 57 775
135 57 234
146 57 889
157 57 874
168 57 129
179 57 900
190 57 580
201 57 370
212 57 920
223 57 253
234 57 578
245 57 922
256 57 661
267 57 980
278 57 373
289 57 365
300 57 79
311 57 338
322 57 412
333 57 948
344 57 358
355 57 924
366 57 760
377 57 758
388 57 616
399 57 887
410 57 292
421 57 496
432 57 5
443 57 737
454 57 813
465 57 517
476 57 138
487 57 339
498 57 942
509 57 95
520 57 404
531 57 558
542 57 137
553 57 938
564 57 160
575 57 576
586 57 227
597 57 72
608 57 814
619 57 649
630 57 144
641 57 391
652 57 919
663 57 299
674 57 615
685 57 83
696 57 981
707 57 729
718 57 650
729 57 125
740 57 822
751 57 40
762 57 315
773 57 913
784 57 146
795 57 759
806 57 431
817 57 898
828 57 70
839 57 837
850 57 104
861 57 117
872 57 395
883 57 185
894 57 917
905 57 71
916 57 213
927 57 625
938 57 629
949 57 681
960 57 842
971 57 639
982 57 153
993 57 835
1004 57 789
1015 57 438
1026 57 984
1037 57 121
1048 57 790
1059 57 339
1070 57 960
1081 57 277
1092 57 687
1103 57 116
1114 57 935
1125 57 540
1136 57 424
1147 57 41
1158 57 999
1169 57 418
1180 57 899
1191 57 507
1202 57 876
1213 57 514
1224 57 640
1235 57 20
1246 57 573
1257 57 721
1268 57 377
1279 57 125
1290 57 511
1301 57 958
1312 57 447
1323 57 396
1334 57 331
1345 57 404
1356 57 871
1367 57 474
1378 57 681
1389 57 69
1400 57 985
1411 57 448
1422 57 660
1433 57 660
1444 57 650
1455 57 445
1466 57 97
1477 57 16
1488 57 283
1499 57 574
1510 57 136
1521 57 132
1532 57 300
1543 57 517
1554 57 552
1565 57 820
1576 57 110
1587 57 477
1598 57 538
1609 57 195
1620 57 603
1631 57 37
1642 57 146
1653 57 346
1664 57 501
1675 57 73
1686 57 18
1697 57 879
1708 57 789
1719 57 888
1730 57 184
1741 57 233
1752 57 65
1763 57 471
1774 57 177
1785 57 725
1796 57 733
1807 57 35
1818 57 923
1829 57 475
1840 57 501
1851 57 337
1862 57 218
1873 57 797
1884 57 538
1895 57 851
1906 57 951
1917 57 322
1928 57 415
1939 57 856
1950 57 570
1961 57 298
1972 57 487
1983 57 667
1994 57 81
2005 57 538
2016 57 915
2027 57 743
2038 57 137
2049 57 951
2060 57 970
2071 57 784
2082 57 464
2093 57 315
2104 57 143
2115 57 450
2126 57 940
2137 57 904
2148 57 923
2159 57 254
2170 57 547
2181 57 156
2192 57 860
2203 57 25
2214 57 332
2225 57 737
2236 57 874
2247 57 893
2258 57 705
2269 57 971
2280 57 831
2291 57 248
2302 57 404
2313 57 754
2324 57 967
2335 57 415
2346 57 890
2357 57 762
2368 57 269
2379 57 777
2390 57 265
2401 57 319
2412 57 718
2423 57 511
2434 57 410
2445 57 496
2456 57 35
2467 57 305
2478 57 648
2489 57 923
2500 57 61
2511 57 41
2522 57 735
2533 57 239
2544 57 261
2555 57 449
2566 57 695
2577 57 401
2588 57 885
2599 57 5
2610 57 100
2621 57 570
2632 57 385
2643 57 977
2654 57 296
2665 57 956
2676 57 34
2687 57 283
2698 57 648
2709 57 544
2720 57 68
2731 57 357
2742 57 573
2753 57 233
2764 57 365
2775 57 259
2786 57 779
2797 57 974
2808 57 634
2819 57 865
2830 57 661
2841 57 638
2852 57 916
2863 57 563
2874 57 691
2885 57 449
2896 57 826
2907 57 290
2918 57 996
2929 57 189
2940 57 453
2951 57 658
2962 57 488
2973 57 270
2984 57 446
2995 57 860
5 58 819
16 58 164
27 58 569
38 58 204
49 58 516
60 58 564
71 58 926
82 58 404
93 58 357
104 58 150
115 58 330
126 58 791
137 58 82
148 58 176
159 58 367
170 58 606
181 58 77
192 58 532
203 58 397
214 58 296
225 58 256
236 58 69
247 58 727
258 58 596
269 58 172
280 58 754
291 58 909
302 58 727
313 58 311
324 58 479
335 58 58
346 58 882
357 58 142
368 58 936
379 58 839
390 58 707
401 58 11
412 58 216
423 58 859
434 58 717
445 58 816
456 58 106
467 58 14
478 58 66
489 58 618
500 58 916
511 58 309
522 58 778
533 58 635
544 58 879
555 58 945
566 58 253
577 58 238
588 58 920
599 58 382
610 58 654
621 58 263
632 58 306
643 58 153
654 58 729
665 58 941
676 58 122
687 58 708
698 58 331
709 58 965
720 58 75
731 58 693
742 58 863
753 58 337
764 58 666
775 58 669
786 58 206
797 58 611
808 58 282
819 58 67
830 58 476
841 58 930
852 58 186
863 58 788
874 58 181
885 58 866
896 58 80
907 58 354
918 58 100
929 58 384
940 58 74
951 58 59
962 58 379
973 58 649
984 58 764
995 58 61
1006 58 501
1017 58 864
1028 58 930
1039 58 291
1050 58 950
1061 58 578
1072 58 674
1083 58 112
1094 58 988
1105 58 826
1116 58 922
1127 58 754
1138 58 56
1149 58 767
1160 58 93
1171 58 555
1182 58 222
1193 58 346
1204 58 261
1215 58 700
1226 58 711
1237 58 488
1248 58 472
1259 58 813
1270 58 197
1281 58 653
1292 58 753
1303 58 282
1314 58 882
1325 58 279
1336 58 522
1347 58 519
1358 58 418
1369 58 915
1380 58 168
1391 58 763
1402 58 569
1413 58 68
1424 58 438
1435 58 689
1446 58 948
1457 58 170
1468 58 608
1479 58 360
1490 58 36
1501 58 321
1512 58 626
1523 58 40
1534 58 562
1545 58 319
1556 58 394
1567 58 879
1578 58 7
1589 58 669
1600 58 464
1611 58 836
1622 58 874
1633 58 624
1644 58 371
1655 58 894
1666 58 899
1677 58 18
1688 58 898
1699 58 140
1710 58 622
1721 58 646
1732 58 310
1743 58 336
1754 58 599
1765 58 527
1776 58 701
1787 58 86
1798 58 971
1809 58 798
1820 58 579
1831 58 606
1842 58 861
1853 58 213
1864 58 398
1875 58 658
1886 58 815
1897 58 177
1908 58 731
1919 58 621
1930 58 956
1941 58 576
1952 58 348
1963 58 146
1974 58 1
1985 58 670
1996 58 860
2007 58 444
2018 58 992
2029 58 124
2040 58 6
2051 58 259
2062 58 960
2073 58 642
2084 58 991
2095 58 258
2106 58 522
2117 58 689
2128 58 701
2139 58 603
2150 58 576
2161 58 430
2172 58 832
2183 58 697
2194 58 358
2205 58 487
2216 58 687
2227 58 266
2238 58 812
2249 58 12
2260 58 624
2271 58 410
2282 58 831
2293 58 911
2304 58 554
2315 58 894
2326 58 408
2337 58 630
2348 58 880
2359 58 843
2370 58 178
2381 58 817
2392 58 61
2403 58 658
2414 58 529
2425 58 842
2436 58 170
2447 58 206
2458 58 490
2469 58 63
2480 58 426
2491 58 645
2502 58 44
2513 58 532
2524 58 876
2535 58 714
2546 58 505
2557 58 175
2568 58 272
2579 58 1
2590 58 567
2601 58 772
2612 58 816
2623 58 639
2634 58 656
2645 58 377
2656 58 4
2667 58 911
2678 58 81
2689 58 461
2700 58 738
2711 58 787
2722 58 312
2733 58 922
2744 58 638
2755 58 506
2766 58 523
2777 58 354
2788 58 941
2799 58 342
2810 58 119
2821 58 322
2832 58 624
2843 58 944
2854 58 938
2865 58 53
2876 58 133
2887 58 878
2898 58 380
2909 58 461
2920 58 771
2931 58 804
2942 58 322
2953 58 359
2964 58 957
2975 58 560
2986 58 350
2997 58 154
7 59 856
18 59 231
29 59 676
40 59 251
51 59 899
62 59 306
73 59 912
84 59 471
95 59 1
106 59 635
117 59 621
128 59 419
139 59 600
150 59 205
161 59 539
172 59 530
183 59 24
194 59 819
205 59 787
216 59 781
227 59 34
238 59 290
249 59 887
260 59 619
271 59 255
282 59 512
293 59 114
304 59 127
315 59 897
326 59 680
337 59 747
348 59 68
359 59 137
370 59 94
381 59 261
392 59 159
403 59 949
414 59 195
425 59 655
436 59 285
447 59 355
458 59 223
469 59 40
480 59 442
491 59 501
502 59 169
513 59 679
524 59 503
535 59 30
546 59 351
557 59 975
568 59 806
579 59 601
590 59 207
601 59 993
612 59 110
623 59 333
634 59 311
645 59 304
656 59 708
667 59 379
678 59 599
689 59 149
700 59 205
711 59 142
722 59 766
733 59 814
744 59 618
755 59 865
766 59 432
777 59 87
788 59 725
799 59 172
810 59 736
821 59 652
832 59 695
843 59 107
854 59 154
865 59 788
876 59 395
887 59 611
898 59 546
909 59 734
920 59 174
931 59 554
942 59 888
953 59 613
964 59 719
975 59 453
986 59 394
997 59 423
1008 59 651
1019 59 573
1030 59 427
1041 59 164
1052 59 915
1063 59 528
1074 59 987
1085 59 167
1096 59 356
1107 59 367
1118 59 150
1129 59 622
1140 59 869
1151 59 613
1162 59 472
1173 59 269
1184 59 64
1195 59 417
1206 59 480
1217 59 684
1228 59 15
1239 59 392
1250 59 864
1261 59 613
1272 59 332
1283 59 151
1294 59 472
1305 59 128
1316 59 715
1327 59 695
1338 59 460
1349 59 459
1360 59 597
1371 59 914
1382 59 608
1393 59 905
1404 59 231
1415 59 953
1426 59 607
1437 59 975
1448 59 645
1459 59 330
1470 59 832
1481 59 647
1492 59 233
1503 59 473
1514 59 168
1525 59 384
1536 59 650
1547 59 202
1558 59 973
1569 59 484
1580 59 343
1591 59 718
1602 59 600
1613 59 514
1624 59 396
1635 59 191
1646 59 461
1657 59 649
1668 59 181
1679 59 580
1690 59 834
1701 59 702
1712 59 706
1723 59 517
1734 59 692
1745 59 212
1756 59 653
1767 59 82
1778 59 428
1789 59 430
1800 59 631
1811 59 222
1822 59 435
1833 59 427
1844 59 787
1855 59 644
1866 59 650
1877 59 639
1888 59 874
1899 59 537
1910 59 925
1921 59 481
1932 59 958
1943 59 611
1954 59 434
1965 59 215
1976 59 856
1987 59 950
1998 59 503
2009 59 875
2020 59 261
2031 59 756
2042 59 185
2053 59 792
2064 59 737
2075 59 431
2086 59 620
2097 59 981
2108 59 111
2119 59 562
2130 59 373
2141 59 313
2152 59 187
2163 59 968
2174 59 301
2185 59 540
2196 59 277
2207 59 915
2218 59 949
2229 59 153
2240 59 167
2251 59 254
2262 59 793
2273 59 42
2284 59 119
2295 59 732
2306 59 754
2317 59 573
2328 59 524
2339 59 366
2350 59 91
2361 59 210
2372 59 65
2383 59 370
2394 59 160
2405 59 801
2416 59 100
2427 59 197
2438 59 158
2449 59 312
2460 59 142
2471 59 99
2482 59 966
2493 59 523
2504 59 249
2515 59 16
2526 59 173
2537 59 958
2548 59 598
2559 59 766
2570 59 667
2581 59 494
2592 59 197
2603 59 127
2614 59 241
2625 59 98
2636 59 855
2647 59 845
2658 59 758
2669 59 982
2680 59 378
2691 59 679
2702 59 465
2713 59 175
2724 59 30
2735 59 498
2746 59 908
2757 59 618
2768 59 471
2779 59 637
2790 59 958
2801 59 782
2812 59 956
2823 59 573
2834 59 694
2845 59 132
2856 59 263
2867 59 144
2878 59 227
2889 59 542
2900 59 683
2911 59 499
2922 59 478
2933 59 796
2944 59 156
2955 59 154
2966 59 669
2977 59 856
2988 59 721
2999 59 408
9 60 777
20 60 206
31 60 636
42 60 35
53 60 211
64 60 892
75 60 998
86 60 863
97 60 243
108 60 73
119 60 402
130 60 687
141 60 728
152 60 686
163 60 44
174 60 160
185 60 710
196 60 171
207 60 344
218 60 427
229 60 428
240 60 831
251 60 981
262 60 382
273 60 939
284 60 493
295 60 675
306 60 979
317 60 417
328 60 56
339 60 292
350 60 211
361 60 834
372 60 679
383 60 662
394 60 959
405 60 212
416 60 833
427 60 506
438 60 760
449 60 488
460 60 22
471 60 304
482 60 138
493 60 259
504 60 639
515 60 19
526 60 340
537 60 828
548 60 95
559 60 345
570 60 525
581 60 377
592 60 502
603 60 308
614 60 964
625 60 808
636 60 337
647 60 947
658 60 72
669 60 521
680 60 246
691 60 892
702 60 116
713 60 1000
724 60 37
735 60 239
746 60 495
757 60 290
768 60 30
779 60 522
790 60 234
801 60 991
812 60 656
823 60 794
834 60 534
845 60 100
856 60 891
867 60 765
878 60 509
889 60 830
900 60 838
911 60 468
922 60 350
933 60 896
944 60 657
955 60 853
966 60 323
977 60 662
988 60 462
999 60 845
1010 60 853
1021 60 357
1032 60 26
1043 60 842
1054 60 56
1065 60 204
1076 60 634
1087 60 584
1098 60 475
1109 60 50
1120 60 241
1131 60 188
1142 60 166
1153 60 343
1164 60 95
1175 60 624
1186 60 55
1197 60 292
1208 60 445
1219 60 598
1230 60 528
1241 60 61
1252 60 183
1263 60 802
1274 60 60
1285 60 614
1296 60 666
1307 60 958
1318 60 735
1329 60 288
1340 60 254
1351 60 962
1362 60 439
1373 60 344
1384 60 211
1395 60 157
1406 60 776
1417 60 682
1428 60 85
1439 60 681
1450 60 416
1461 60 648
1472 60 188
1483 60 505
1494 60 3
1505 60 579
1516 60 438
1527 60 804
1538 60 672
1549 60 275
1560 60 228
1571 60 967
1582 60 570
1593 60 505
1604 60 310
1615 60 499
1626 60 639
1637 60 949
1648 60 846
1659 60 555
1670 60 188
1681 60 214
1692 60 883
1703 60 561
1714 60 200
1725 60 347
1736 60 919
1747 60 891
1758 60 650
1769 60 427
1780 60 808
1791 60 335
1802 60 514
1813 60 511
1824 60 51
1835 60 300
1846 60 280
1857 60 822
1868 60 753
1879 60 167
1890 60 617
1901 60 731
1912 60 200
1923 60 165
1934 60 165
1945 60 782
1956 60 631
1967 60 208
1978 60 277
1989 60 95
2000 60 838
2011 60 202
2022 60 212
2033 60 193
2044 60 522
2055 60 222
2066 60 107
2077 60 709
2088 60 708
2099 60 420
2110 60 865
2121 60 672
2132 60 282
2143 60 841
2154 60 55
2165 60 575
2176 60 975
2187 60 684
2198 60 964
2209 60 738
2220 60 695
2231 60 133
2242 60 256
2253 60 313
2264 60 727
2275 60 219
2286 60 211
2297 60 543
2308 60 560
2319 60 863
2330 60 495
2341 60 122
2352 60 999
2363 60 961
2374 60 64
2385 60 127
2396 60 555
2407 60 998
2418 60 62
2429 60 33
2440 60 335
2451 60 42
2462 60 821
2473 60 660
2484 60 899
2495 60 876
2506 60 826
2517 60 687
2528 60 168
2539 60 930
2550 60 44
2561 60 380
2572 60 279
2583 60 179
2594 60 217
2605 60 85
2616 60 589
2627 60 699
2638 60 662
2649 60 73
2660 60 719
2671 60 447
2682 60 920
2693 60 347
2704 60 375
2715 60 763
2726 60 459
2737 60 964
2748 60 157
2759 60 231
2770 60 992
2781 60 428
2792 60 753
2803 60 337
2814 60 692
2825 60 481
2836 60 960
2847 60 243
2858 60 263
2869 60 814
2880 60 676
2891 60 828
2902 60 757
2913 60 343
2924 60 598
2935 60 568
2946 60 425
2957 60 89
2968 60 911
2979 60 974
2990 60 37
0 61 931
11 61 956
22 61 130
33 61 279
44 61 622
55 61 66
66 61 672
77 61 407
88 61 942
99 61 414
110 61 58
121 61 683
132 61 681
143 61 663
154 61 22
165 61 929
176 61 343
187 61 14
198 61 369
209 61 407
220 61 146
231 61 950
242 61 220
253 61 172
264 61 444
275 61 519
286 61 502
297 61 984
308 61 21
319 61 420
330 61 606
341 61 527
352 61 999
363 61 247
374 61 64
385 61 696
396 61 693
407 61 137
418 61 748
429 61 728
440 61 149
451 61 352
462 61 522
473 61 337
484 61 154
495 61 654
506 61 746
517 61 373
528 61 860
539 61 267
550 61 186
561 61 274
572 61 144
583 61 25
594 61 209
605 61 963
616 61 358
627 61 140
638 61 764
649 61 519
660 61 75
671 61 485
682 61 262
693 61 601
704 61 711
715 61 229
726 61 7
737 61 829
748 61 642
759 61 961
770 61 432
781 61 166
792 61 395
803 61 267
814 61 415
825 61 517
836 61 609
847 61 517
858 61 810
869 61 766
880 61 531
891 61 853
902 61 840
913 61 723
924 61 470
935 61 999
946 61 463
957 61 795
968 61 586
979 61 83
990 61 907
1001 61 13
1012 61 130
1023 61 66
1034 61 49
1045 61 352
1056 61 598
1067 61 977
1078 61 814
1089 61 532
1100 61 819
1111 61 147
1122 61 367
1133 61 572
1144 61 960
1155 61 706
1166 61 275
1177 61 598
1188 61 682
1199 61 861
1210 61 338
1221 61 549
1232 61 496
1243 61 367
1254 61 345
1265 61 762
1276 61 329
1287 61 699
1298 61 667
1309 61 645
1320 61 544
1331 61 587
1342 61 164
1353 61 494
1364 61 110
1375 61 433
1386 61 285
1397 61 347
1408 61 927
1419 61 190
1430 61 837
1441 61 761
1452 61 707
1463 61 681
1474 61 356
1485 61 977
1496 61 921
1507 61 718
1518 61 611
1529 61 435
1540 61 525
1551 61 729
1562 61 383
1573 61 57
1584 61 16
1595 61 326
1606 61 716
1617 61 668
1628 61 334
1639 61 542
1650 61 684
1661 61 765
1672 61 535
1683 61 351
1694 61 731
1705 61 759
1716 61 276
1727 61 440
1738 61 776
1749 61 401
1760 61 193
1771 61 470
1782 61 986
1793 61 583
1804 61 351
1815 61 440
1826 61 453
1837 61 410
1848 61 405
1859 61 395
1870 61 959
1881 61 375
1892 61 10
1903 61 390
1914 61 388
1925 61 515
1936 61 867
1947 61 631
1958 61 225
1969 61 454
1980 61 637
1991 61 959
2002 61 678
2013 61 726
2024 61 98
2035 61 700
2046 61 986
2057 61 757
2068 61 251
2079 61 400
2090 61 314
2101 61 763
2112 61 908
2123 61 248
2134 61 471
2145 61 666
2156 61 382
2167 61 446
2178 61 989
2189 61 612
2200 61 772
2211 61 200
2222 61 502
2233 61 676
2244 61 638
2255 61 770
2266 61 165
2277 61 960
2288 61 445
2299 61 687
2310 61 833
2321 61 742
2332 61 543
2343 61 786
2354 61 266
2365 61 15
2376 61 120
2387 61 505
2398 61 943
2409 61 567
2420 61 246
2431 61 878
2442 61 327
2453 61 652
2464 61 675
2475 61 211
2486 61 926
2497 61 719
2508 61 958
2519 61 756
2530 61 756
2541 61 349
2552 61 410
2563 61 299
2574 61 179
2585 61 499
2596 61 118
2607 61 385
2618 61 184
2629 61 278
2640 61 897
2651 61 328
2662 61 111
2673 61 442
2684 61 566
2695 61 684
2706 61 538
2717 61 742
2728 61 780
2739 61 524
2750 61 262
2761 61 69
2772 61 722
2783 61 876
2794 61 120
2805 61 989
2816 61 170
2827 61 3
2838 61 676
2849 61 983
2860 61 518
2871 61 283
2882 61 520
2893 61 701
2904 61 11
2915 61 914
2926 61 977
2937 61 880
2948 61 244
2959 61 559
2970 61 780
2981 61 900
2992 61 238
2 62 756
13 62 722
24 62 402
35 62 351
46 62 947
57 62 823
68 62 546
79 62 922
90 62 373
101 62 168
112 62 653
123 62 715
134 62 606
145 62 196
156 62 169
167 62 90
178 62 33
189 62 418
200 62 801
211 62 684
222 62 402
233 62 259
244 62 408
255 62 800
266 62 469
277 62 602
288 62 390
299 62 4
310 62 260
321 62 779
332 62 866
343 62 855
354 62 706
365 62 196
376 62 557
387 62 601
398 62 680
409 62 39
420 62 340
431 62 200
442 62 641
453 62 480
464 62 349
475 62 568
486 62 174
497 62 966
508 62 481
519 62 646
530 62 805
541 62 355
552 62 283
563 62 74
574 62 785
585 62 28
596 62 975
607 62 514
618 62 730
629 62 29
640 62 448
651 62 312
662 62 177
673 62 722
684 62 288
695 62 364
706 62 347
717 62 559
728 62 412
739 62 708
750 62 710
761 62 45
772 62 558
783 62 203
794 62 410
805 62 173
816 62 958
827 62 228
838 62 912
849 62 613
860 62 874
871 62 733
882 62 965
893 62 247
904 62 628
915 62 625
926 62 579
937 62 952
948 62 246
959 62 571
970 62 749
981 62 968
992 62 321
1003 62 282
1014 62 578
1025 62 363
1036 62 84
1047 62 379
1058 62 37
1069 62 83
1080 62 707
1091 62 490
1102 62 969
1113 62 93
1124 62 909
1135 62 812
1146 62 22
1157 62 667
1168 62 34
1179 62 488
1190 62 977
1201 62 601
1212 62 172
1223 62 213
1234 62 610
1245 62 184
1256 62 806
1267 62 330
1278 62 493
1289 62 540
1300 62 681
1311 62 494
1322 62 112
1333 62 661
1344 62 274
1355 62 612
1366 62 108
1377 62 667
1388 62 516
1399 62 884
1410 62 343
1421 62 819
1432 62 425
1443 62 740
1454 62 675
1465 62 500
1476 62 376
1487 62 162
1498 62 893
1509 62 915
1520 62 689
1531 62 278
1542 62 793
1553 62 784
1564 62 446
1575 62 487
1586 62 251
1597 62 596
1608 62 134
1619 62 631
1630 62 486
1641 62 739
1652 62 184
1663 62 726
1674 62 12
1685 62 392
1696 62 352
1707 62 71
1718 62 58
1729 62 485
1740 62 363
1751 62 316
1762 62 614
1773 62 21
1784 62 754
1795 62 607
1806 62 227
1817 62 912
1828 62 309
1839 62 698
1850 62 134
1861 62 136
1872 62 607
1883 62 64
1894 62 83
1905 62 460
1916 62 717
1927 62 90
1938 62 91
1949 62 268
1960 62 106
1971 62 293
1982 62 113
1993 62 883
2004 62 303
2015 62 359
2026 62 771
2037 62 306
2048 62 346
2059 62 65
2070 62 10
2081 62 395
2092 62 694
2103 62 187
2114 62 813
2125 62 172
2136 62 853
2147 62 576
2158 62 85
2169 62 18
2180 62 965
2191 62 214
2202 62 24
2213 62 162
2224 62 433
2235 62 916
2246 62 793
2257 62 298
2268 62 992
2279 62 421
2290 62 634
2301 62 867
2312 62 650
2323 62 551
2334 62 845
2345 62 977
2356 62 210
2367 62 813
2378 62 934
2389 62 817
2400 62 831
2411 62 532
2422 62 477
2433 62 540
2444 62 285
2455 62 296
2466 62 906
2477 62 33
2488 62 181
2499 62 174
2510 62 498
2521 62 857
2532 62 235
2543 62 168
2554 62 986
2565 62 679
2576 62 327
2587 62 866
2598 62 129
2609 62 556
2620 62 538
2631 62 779
2642 62 205
2653 62 66
2664 62 380
2675 62 14
2686 62 644
2697 62 101
2708 62 209
2719 62 578
2730 62 467
2741 62 992
2752 62 385
2763 62 383
2774 62 397
2785 62 976
2796 62 131
2807 62 693
2818 62 553
2829 62 45
2840 62 33
2851 62 26
2862 62 481
2873 62 662
2884 62 293
2895 62 333
2906 62 540
2917 62 712
2928 62 8
2939 62 39
2950 62 118
2961 62 335
2972 62 785
2983 62 829
2994 62 935
4 63 88
15 63 255
26 63 153
37 63 89
48 63 411
59 63 420
70 63 117
81 63 253
92 63 282
103 63 773
114 63 955
125 63 432
136 63 750
147 63 10
158 63 29
169 63 352
180 63 938
191 63 812
202 63 816
213 63 3
224 63 6
235 63 376
246 63 25
257 63 480
268 63 222
279 63 636
290 63 758
301 63 598
312 63 771
323 63 406
334 63 68
345 63 296
356 63 897
367 63 606
378 63 265
389 63 11
400 63 317
411 63 440
422 63 857
433 63 8
444 63 85
455 63 323
466 63 333
477 63 984
488 63 968
499 63 842
510 63 991
521 63 607
532 63 378
543 63 775
554 63 153
565 63 36
576 63 808
587 63 67
598 63 320
609 63 440
620 63 81
631 63 332
642 63 238
653 63 349
664 63 454
675 63 137
686 63 525
697 63 300
708 63 393
719 63 816
730 63 415
741 63 557
752 63 541
763 63 77
774 63 353
785 63 654
796 63 872
807 63 317
818 63 203
829 63 610
840 63 245
851 63 907
862 63 258
873 63 580
884 63 937
895 63 670
906 63 51
917 63 637
928 63 367
939 63 580
950 63 957
961 63 603
972 63 398
983 63 344
994 63 604
1005 63 831
1016 63 469
1027 63 529
1038 63 966
1049 63 679
1060 63 463
1071 63 4
1082 63 864
1093 63 226
1104 63 791
1115 63 894
1126 63 908
1137 63 706
1148 63 451
1159 63 274
1170 63 251
1181 63 908
1192 63 599
1203 63 389
1214 63 378
1225 63 10
1236 63 373
1247 63 715
1258 63 517
1269 63 840
1280 63 686
1291 63 923
1302 63 561
1313 63 306
1324 63 151
1335 63 362
1346 63 417
1357 63 479
1368 63 483
1379 63 202
1390 63 406
1401 63 195
1412 63 68
1423 63 414
1434 63 102
1445 63 740
1456 63 371
1467 63 494
1478 63 272
1489 63 382
1500 63 431
1511 63 577
1522 63 206
1533 63 402
1544 63 540
1555 63 228
1566 63 886
1577 63 46
1588 63 806
1599 63 907
1610 63 443
1621 63 948
1632 63 89
1643 63 454
1654 63 574
1665 63 5
1676 63 140
1687 63 157
1698 63 562
1709 63 378
1720 63 832
1731 63 256
1742 63 682
1753 63 516
1764 63 933
1775 63 538
1786 63 45
1797 63 381
1808 63 73
1819 63 437
1830 63 343
1841 63 710
1852 63 828
1863 63 660
1874 63 848
1885 63 725
1896 63 266
1907 63 387
1918 63 472
1929 63 496
1940 63 320
1951 63 638
1962 63 563
1973 63 562
1984 63 705
1995 63 171
2006 63 463
2017 63 967
2028 63 469
2039 63 980
2050 63 427
2061 63 137
2072 63 435
2083 63 218
2094 63 370
2105 63 496
2116 63 713
2127 63 750
2138 63 26
2149 63 431
2160 63 468
2171 63 143
2182 63 790
2193 63 398
2204 63 236
2215 63 643
2226 63 523
2237 63 312
2248 63 763
2259 63 621
2270 63 360
2281 63 372
2292 63 14
2303 63 934
2314 63 819
2325 63 391
2336 63 164
2347 63 410
2358 63 392
2369 63 281
2380 63 843
2391 63 711
2402 63 87
2413 63 710
2424 63 271
2435 63 290
2446 63 634
2457 63 167
2468 63 474
2479 63 177
2490 63 746
2501 63 176
2512 63 922
2523 63 487
2534 63 268
2545 63 555
2556 63 425
2567 63 181
2578 63 721
2589 63 954
2600 63 976
2611 63 668
2622 63 643
2633 63 15
2644 63 752
2655 63 882
2666 63 875
2677 63 986
2688 63 448
2699 63 549
2710 63 4
2721 63 260
2732 63 8
2743 63 32
2754 63 597
2765 63 775
2776 63 123
2787 63 480
2798 63 12
2809 63 236
2820 63 393
2831 63 429
2842 63 453
2853 63 625
2864 63 403
2875 63 567
2886 63 309
2897 63 61
2908 63 12
2919 63 71
2930 63 932
2941 63 347
2952 63 629
2963 63 706
2974 63 33
2985 63 76
2996 63 636
6 64 941
17 64 932
28 64 914
39 64 653
50 64 491
61 64 219
72 64 501
83 64 292
94 64 25
105 64 546
116 64 592
127 64 389
138 64 1
149 64 532
160 64 888
171 64 531
182 64 629
193 64 230
204 64 896
215 64 797
226 64 670
237 64 899
248 64 399
259 64 197
270 64 319
281 64 377
292 64 934
303 64 671
314 64 655
325 64 106
336 64 551
347 64 705
358 64 850
369 64 874
380 64 268
391 64 500
402 64 415
413 64 874
424 64 336
435 64 776
446 64 471
457 64 829
468 64 799
479 64 523
490 64 555
501 64 597
512 64 903
523 64 307
534 64 96
545 64 461
556 64 392
567 64 159
578 64 931
589 64 851
600 64 495
611 64 728
622 64 237
633 64 126
644 64 912
655 64 373
666 64 584
677 64 456
688 64 335
699 64 217
710 64 14
721 64 196
732 64 433
743 64 224
754 64 124
765 64 797
776 64 563
787 64 212
798 64 664
809 64 462
820 64 556
831 64 868
842 64 556
853 64 727
864 64 434
875 64 561
886 64 186
897 64 490
908 64 645
919 64 578
930 64 558
941 64 72
952 64 713
963 64 520
974 64 463
985 64 674
996 64 576
1007 64 334
1018 64 365
1029 64 342
1040 64 466
1051 64 859
1062 64 972
1073 64 479
1084 64 84
1095 64 651
1106 64 570
1117 64 582
1128 64 238
1139 64 762
1150 64 499
1161 64 46
1172 64 612
1183 64 908
1194 64 331
1205 64 289
1216 64 711
1227 64 495
1238 64 16
1249 64 331
1260 64 833
1271 64 40
1282 64 249
1293 64 20
1304 64 790
1315 64 846
1326 64 497
1337 64 348
1348 64 857
1359 64 20
1370 64 731
1381 64 407
1392 64 744
1403 64 860
1414 64 282
1425 64 175
1436 64 335
1447 64 523
1458 64 458
1469 64 80
1480 64 886
1491 64 573
1502 64 561
1513 64 540
1524 64 732
1535 64 468
1546 64 330
1557 64 616
1568 64 329
1579 64 914
1590 64 519
1601 64 915
1612 64 749
1623 64 788
1634 64 638
1645 64 949
1656 64 597
1667 64 958
1678 64 600
1689 64 632
1700 64 68
1711 64 646
1722 64 581
1733 64 92
1744 64 160
1755 64 5
1766 64 830
1777 64 498
1788 64 250
1799 64 896
1810 64 357
1821 64 592
1832 64 339
1843 64 550
1854 64 21
1865 64 716
1876 64 265
1887 64 591
1898 64 577
1909 64 791
1920 64 780
1931 64 924
1942 64 227
1953 64 442
1964 64 342
1975 64 430
1986 64 504
1997 64 204
2008 64 732
2019 64 634
2030 64 782
2041 64 600
2052 64 642
2063 64 46
2074 64 167
2085 64 145
2096 64 386
2107 64 662
2118 64 440
2129 64 199
2140 64 784
2151 64 95
2162 64 886
2173 64 149
2184 64 342
2195 64 590
2206 64 85
2217 64 763
2228 64 634
2239 64 79
2250 64 522
2261 64 50
2272 64 622
2283 64 874
2294 64 413
2305 64 943
2316 64 779
2327 64 462
2338 64 900
2349 64 220
2360 64 669
2371 64 475
2382 64 179
2393 64 717
2404 64 793
2415 64 322
2426 64 300
2437 64 810
2448 64 144
2459 64 459
2470 64 52
2481 64 676
2492 64 524
2503 64 826
2514 64 972
2525 64 570
2536 64 281
2547 64 628
2558 64 706
2569 64 124
2580 64 761
2591 64 345
2602 64 432
2613 64 939
2624 64 616
2635 64 849
2646 64 648
2657 64 338
2668 64 411
2679 64 209
2690 64 209
2701 64 963
2712 64 447
2723 64 304
2734 64 671
2745 64 699
2756 64 685
2767 64 845
2778 64 641
2789 64 608
2800 64 160
2811 64 878
2822 64 802
2833 64 629
2844 64 959
2855 64 823
2866 64 469
2877 64 492
2888 64 416
2899 64 733
2910 64 579
2921 64 994
2932 64 963
2943 64 306
2954 64 685
2965 64 328
2976 64 616
2987 64 948
2998 64 770
8 65 412
19 65 663
30 65 613
41 65 980
52 65 904
63 65 703
74 65 382
85 65 448
96 65 382
107 65 430
118 65 957
129 65 321
140 65 307
151 65 263
162 65 310
173 65 118
184 65 527
195 65 244
206 65 188
217 65 78
228 65 495
239 65 347
250 65 425
261 65 476
272 65 940
283 65 370
294 65 696
305 65 600
316 65 530
327 65 418
338 65 564
349 65 683
360 65 252
371 65 43
382 65 714
393 65 593
404 65 315
415 65 915
426 65 282
437 65 330
448 65 556
459 65 198
470 65 737
481 65 56
492 65 25
503 65 800
514 65 948
525 65 692
536 65 343
547 65 137
558 65 176
569 65 869
580 65 920
591 65 553
602 65 27
613 65 947
624 65 559
635 65 661
646 65 605
657 65 316
668 65 445
679 65 564
690 65 89
701 65 704
712 65 237
723 65 979
734 65 645
745 65 210
756 65 581
767 65 517
778 65 713
789 65 831
800 65 96
811 65 30
822 65 571
833 65 560
844 65 181
855 65 402
866 65 171
877 65 2
888 65 77
899 65 785
910 65 162
921 65 920
932 65 672
943 65 59
954 65 270
965 65 730
976 65 379
987 65 565
998 65 112
1009 65 400
1020 65 576
1031 65 576
1042 65 472
1053 65 95
1064 65 519
1075 65 813
1086 65 205
1097 65 44
1108 65 308
1119 65 744
1130 65 506
1141 65 133
1152 65 663
1163 65 32
1174 65 291
1185 65 787
1196 65 305
1207 65 940
1218 65 466
1229 65 62
1240 65 397
1251 65 726
1262 65 297
1273 65 416
1284 65 405
1295 65 285
1306 65 769
1317 65 70
1328 65 240
1339 65 660
1350 65 186
1361 65 84
1372 65 960
1383 65 877
1394 65 895
1405 65 919
1416 65 902
1427 65 181
1438 65 956
1449 65 831
1460 65 395
1471 65 33
1482 65 819
1493 65 735
1504 65 825
1515 65 892
1526 65 987
1537 65 919
1548 65 184
1559 65 272
1570 65 13
1581 65 281
1592 65 898
1603 65 514
1614 65 464
1625 65 377
1636 65 428
1647 65 69
1658 65 268
1669 65 395
1680 65 27
1691 65 599
1702 65 420
1713 65 421
1724 65 679
1735 65 584
1746 65 260
1757 65 759
1768 65 98
1779 65 509
1790 65 257
1801 65 772
1812 65 813
1823 65 422
1834 65 466
1845 65 899
1856 65 699
1867 65 43
1878 65 306
1889 65 146
1900 65 227
1911 65 486
1922 65 160
1933 65 683
1944 65 930
1955 65 87
1966 65 704
1977 65 175
1988 65 297
1999 65 887
2010 65 141
2021 65 590
2032 65 761
2043 65 876
2054 65 442
2065 65 598
2076 65 588
2087 65 129
2098 65 918
2109 65 919
2120 65 436
2131 65 985
2142 65 320
2153 65 643
2164 65 255
2175 65 713
2186 65 914
2197 65 204
2208 65 118
2219 65 855
2230 65 962
2241 65 649
2252 65 665
2263 65 422
2274 65 792
2285 65 531
2296 65 21
2307 65 220
2318 65 745
2329 65 752
2340 65 920
2351 65 504
2362 65 437
2373 65 957
2384 65 593
2395 65 958
2406 65 77
2417 65 16
2428 65 783
2439 65 447
2450 65 303
2461 65 74
2472 65 35
2483 65 526
2494 65 37
2505 65 402
2516 65 746
2527 65 771
2538 65 623
2549 65 966
2560 65 115
2571 65 497
2582 65 261
2593 65 12
2604 65 55
2615 65 67
2626 65 463
2637 65 414
2648 65 692
2659 65 974
2670 65 626
2681 65 31
2692 65 931
2703 65 895
2714 65 624
2725 65 850
2736 65 102
2747 65 463
2758 65 710
2769 65 673
2780 65 41
2791 65 469
2802 65 562
2813 65 81
2824 65 392
2835 65 653
2846 65 182
2857 65 329
2868 65 95
2879 65 891
2890 65 655
2901 65 813
2912 65 827
2923 65 302
2934 65 435
2945 65 194
2956 65 766
2967 65 902
2978 65 88
2989 65 625
10 66 169
21 66 826
32 66 364
43 66 487
54 66 828
65 66 939
76 66 554
87 66 673
98 66 897
109 66 816
120 66 91
131 66 935
142 66 427
153 66 187
164 66 11
175 66 812
186 66 504
197 66 894
208 66 954
219 66 15
230 66 387
241 66 681
252 66 26
263 66 527
274 66 836
285 66 957
296 66 251
307 66 473
318 66 593
329 66 853
340 66 553
351 66 242
362 66 486
373 66 563
384 66 570
395 66 871
406 66 769
417 66 795
428 66 263
439 66 443
450 66 84
461 66 167
472 66 598
483 66 513
494 66 40
505 66 962
516 66 226
527 66 252
538 66 143
549 66 506
560 66 740
571 66 625
582 66 684
593 66 5
604 66 55
615 66 931
626 66 793
637 66 331
648 66 395
659 66 959
670 66 59
681 66 860
692 66 178
703 66 159
714 66 786
725 66 178
736 66 165
747 66 828
758 66 564
769 66 646
780 66 678
791 66 510
802 66 971
813 66 437
824 66 639
835 66 921
846 66 815
857 66 414
868 66 544
879 66 378
890 66 694
901 66 507
912 66 119
923 66 596
934 66 219
945 66 604
956 66 850
967 66 843
978 66 499
989 66 823
1000 66 799
1011 66 97
1022 66 887
1033 66 183
1044 66 587
1055 66 930
1066 66 859
1077 66 545
1088 66 119
1099 66 860
1110 66 213
1121 66 564
1132 66 6
1143 66 986
1154 66 821
1165 66 267
1176 66 517
1187 66 699
1198 66 527
1209 66 649
1220 66 990
1231 66 380
1242 66 418
1253 66 624
1264 66 766
1275 66 309
1286 66 870
1297 66 776
1308 66 154
1319 66 177
1330 66 66
1341 66 596
1352 66 584
1363 66 997
1374 66 600
1385 66 344
1396 66 368
1407 66 626
1418 66 101
1429 66 440
1440 66 177
1451 66 734
1462 66 901
1473 66 30
1484 66 72
1495 66 970
1506 66 875
1517 66 745
1528 66 541
1539 66 136
1550 66 154
1561 66 769
1572 66 328
1583 66 956
1594 66 547
1605 66 294
1616 66 666
1627 66 338
1638 66 385
1649 66 759
1660 66 237
1671 66 843
1682 66 252
1693 66 534
1704 66 606
1715 66 517
1726 66 351
1737 66 178
1748 66 541
1759 66 28
1770 66 71
1781 66 223
1792 66 422
1803 66 574
1814 66 652
1825 66 343
1836 66 118
1847 66 390
1858 66 292
1869 66 373
1880 66 228
1891 66 562
1902 66 543
1913 66 605
1924 66 661
1935 66 989
1946 66 478
1957 66 155
1968 66 948
1979 66 973
1990 66 199
2001 66 845
2012 66 355
2023 66 18
2034 66 878
2045 66 166
2056 66 441
2067 66 861
2078 66 965
2089 66 654
2100 66 983
2111 66 634
2122 66 977
2133 66 227
2144 66 853
2155 66 171
2166 66 468
2177 66 979
2188 66 265
2199 66 45
2210 66 520
2221 66 912
2232 66 353
2243 66 49
2254 66 664
2265 66 541
2276 66 688
2287 66 639
2298 66 876
2309 66 795
2320 66 890
2331 66 824
2342 66 501
2353 66 859
2364 66 175
2375 66 673
2386 66 975
2397 66 514
2408 66 708
2419 66 632
2430 66 209
2441 66 478
2452 66 323
2463 66 246
2474 66 20
2485 66 13
2496 66 723
2507 66 751
2518 66 802
2529 66 15
2540 66 654
2551 66 376
2562 66 580
2573 66 719
2584 66 404
2595 66 124
2606 66 853
2617 66 140
2628 66 595
2639 66 10
2650 66 358
2661 66 926
2672 66 203
2683 66 268
2694 66 48
2705 66 80
2716 66 754
2727 66 806
2738 66 938
2749 66 282
2760 66 438
2771 66 181
2782 66 109
2793 66 530
2804 66 754
2815 66 205
2826 66 648
2837 66 538
2848 66 590
2859 66 636
2870 66 745
2881 66 57
2892 66 159
2903 66 926
2914 66 568
2925 66 396
2936 66 22
2947 66 480
2958 66 371
2969 66 778
2980 66 116
2991 66 974
1 67 74
12 67 356
23 67 612
34 67 989
45 67 693
56 67 622
67 67 650
78 67 961
89 67 248
100 67 478
111 67 488
122 67 516
133 67 158
144 67 514
155 67 538
166 67 859
177 67 269
188 67 384
199 67 295
210 67 90
221 67 451
232 67 728
243 67 430
254 67 654
265 67 152
276 67 498
287 67 855
298 67 228
309 67 741
320 67 776
331 67 515
342 67 852
353 67 319
364 67 369
375 67 723
386 67 391
397 67 972
408 67 574
419 67 693
430 67 890
441 67 439
452 67 689
463 67 859
474 67 825
485 67 895
496 67 817
507 67 778
518 67 697
529 67 608
540 67 745
551 67 707
562 67 150
573 67 230
584 67 68
595 67 859
606 67 682
617 67 766
628 67 948
639 67 47
650 67 133
661 67 117
672 67 846
683 67 973
694 67 709
705 67 792
716 67 920
727 67 492
738 67 691
749 67 241
760 67 516
771 67 749
782 67 298
793 67 247
804 67 347
815 67 374
826 67 460
837 67 417
848 67 898
859 67 327
870 67 483
881 67 9
892 67 731
903 67 123
914 67 144
925 67 544
936 67 483
947 67 431
958 67 180
969 67 47
980 67 746
991 67 464
1002 67 649
1013 67 41
1024 67 869
1035 67 793
1046 67 43
1057 67 274
1068 67 628
1079 67 304
1090 67 50
1101 67 404
1112 67 343
1123 67 225
1134 67 357
1145 67 811
1156 67 63
1167 67 669
1178 67 17
1189 67 820
1200 67 866
1211 67 631
1222 67 4
1233 67 764
1244 67 868
1255 67 265
1266 67 205
1277 67 458
1288 67 760
1299 67 151
1310 67 598
1321 67 745
1332 67 601
1343 67 951
1354 67 868
1365 67 495
1376 67 60
1387 67 83
1398 67 407
1409 67 320
1420 67 235
1431 67 573
1442 67 992
1453 67 421
1464 67 90
1475 67 206
1486 67 774
1497 67 861
1508 67 120
1519 67 162
1530 67 670
1541 67 811
1552 67 260
1563 67 424
1574 67 270
1585 67 790
1596 67 256
1607 67 700
1618 67 919
1629 67 297
1640 67 771
1651 67 62
1662 67 702
1673 67 641
1684 67 440
1695 67 174
1706 67 35
1717 67 990
1728 67 270
1739 67 717
1750 67 829
1761 67 213
1772 67 454
1783 67 649
1794 67 987
1805 67 445
1816 67 668
1827 67 496
1838 67 672
1849 67 189
1860 67 759
1871 67 992
1882 67 328
1893 67 405
1904 67 35
1915 67 113
1926 67 969
1937 67 228
1948 67 731
1959 67 441
1970 67 917
1981 67 179
1992 67 484
2003 67 996
2014 67 675
2025 67 543
2036 67 467
2047 67 187
2058 67 895
2069 67 779
2080 67 145
2091 67 864
2102 67 619
2113 67 514
2124 67 86
2135 67 267
2146 67 1
2157 67 729
2168 67 662
2179 67 143
2190 67 812
2201 67 23
2212 67 454
2223 67 698
2234 67 736
2245 67 632
2256 67 916
2267 67 8
2278 67 687
2289 67 240
2300 67 887
2311 67 109
2322 67 573
2333 67 675
2344 67 173
2355 67 56
2366 67 949
2377 67 174
2388 67 587
2399 67 595
2410 67 522
2421 67 504
2432 67 864
2443 67 189
2454 67 694
2465 67 22
2476 67 602
2487 67 66
2498 67 571
2509 67 308
2520 67 671
2531 67 656
2542 67 383
2553 67 967
2564 67 305
2575 67 576
2586 67 380
2597 67 347
2608 67 183
2619 67 754
2630 67 549
2641 67 35
2652 67 815
2663 67 427
2674 67 319
2685 67 504
2696 67 902
2707 67 909
2718 67 217
2729 67 213
2740 67 72
2751 67 793
2762 67 290
2773 67 247
2784 67 774
2795 67 789
2806 67 912
2817 67 703
2828 67 832
2839 67 62
2850 67 333
2861 67 244
2872 67 851
2883 67 822
2894 67 733
2905 67 445
2916 67 380
2927 67 776
2938 67 853
2949 67 607
2960 67 842
2971 67 665
2982 67 971
2993 67 861
3 68 103
14 68 479
25 68 220
36 68 236
47 68 976
58 68 132
69 68 792
80 68 662
91 68 21
102 68 168
113 68 451
124 68 324
135 68 151
146 68 886
157 68 57
168 68 147
179 68 635
190 68 4
201 68 405
212 68 853
223 68 423
234 68 190
245 68 40
256 68 506
267 68 737
278 68 236
289 68 659
300 68 331
311 68 108
322 68 435
333 68 713
344 68 592
355 68 43
366 68 745
377 68 212
388 68 82
399 68 671
410 68 724
421 68 310
432 68 623
443 68 276
454 68 87
465 68 101
476 68 750
487 68 81
498 68 724
509 68 648
520 68 507
531 68 102
542 68 560
553 68 952
564 68 80
575 68 950
586 68 116
597 68 653
608 68 178
619 68 117
630 68 792
641 68 504
652 68 143
663 68 528
674 68 115
685 68 192
696 68 570
707 68 56
718 68 809
729 68 198
740 68 217
751 68 187
762 68 665
773 68 948
784 68 964
795 68 846
806 68 660
817 68 958
828 68 275
839 68 388
850 68 26
861 68 897
872 68 481
883 68 454
894 68 472
905 68 110
916 68 222
927 68 420
938 68 453
949 68 337
960 68 518
971 68 55
982 68 398
993 68 187
1004 68 62
1015 68 958
1026 68 559
1037 68 410
1048 68 537
1059 68 433
1070 68 776
1081 68 366
1092 68 544
1103 68 329
1114 68 412
1125 68 965
1136 68 87
1147 68 793
1158 68 973
1169 68 787
1180 68 844
1191 68 276
1202 68 301
1213 68 88
1224 68 549
1235 68 980
1246 68 28
1257 68 547
1268 68 427
1279 68 519
1290 68 972
1301 68 857
1312 68 436
1323 68 74
1334 68 482
1345 68 329
1356 68 698
1367 68 819
1378 68 93
1389 68 678
1400 68 268
1411 68 721
1422 68 41
1433 68 131
1444 68 789
1455 68 706
1466 68 288
1477 68 406
1488 68 410
1499 68 273
1510 68 722
1521 68 82
1532 68 668
1543 68 54
1554 68 798
1565 68 916
1576 68 516
1587 68 75
1598 68 921
1609 68 685
1620 68 505
1631 68 486
1642 68 225
1653 68 868
1664 68 278
1675 68 135
1686 68 780
1697 68 924
1708 68 29
1719 68 318
1730 68 452
1741 68 584
1752 68 862
1763 68 123
1774 68 806
1785 68 958
1796 68 734
1807 68 899
1818 68 409
1829 68 182
1840 68 843
1851 68 762
1862 68 771
1873 68 787
1884 68 839
1895 68 209
1906 68 651
1917 68 109
1928 68 887
1939 68 273
1950 68 775
1961 68 401
1972 68 36
1983 68 349
1994 68 422
2005 68 516
2016 68 187
2027 68 202
2038 68 108
2049 68 837
2060 68 208
2071 68 394
2082 68 1000
2093 68 898
2104 68 557
2115 68 830
2126 68 77
2137 68 896
2148 68 497
2159 68 319
2170 68 656
2181 68 445
2192 68 336
2203 68 727
2214 68 576
2225 68 60
2236 68 958
2247 68 902
2258 68 734
2269 68 286
2280 68 236
2291 68 464
2302 68 616
2313 68 883
2324 68 482
2335 68 600
2346 68 266
2357 68 939
2368 68 586
2379 68 190
2390 68 586
2401 68 94
2412 68 571
2423 68 498
2434 68 34
2445 68 906
2456 68 667
2467 68 912
2478 68 515
2489 68 63
2500 68 571
2511 68 761
2522 68 323
2533 68 744
2544 68 965
2555 68 470
2566 68 540
2577 68 644
2588 68 398
2599 68 435
2610 68 732
2621 68 943
2632 68 501
2643 68 207
2654 68 484
2665 68 288
2676 68 897
2687 68 395
2698 68 383
2709 68 693
2720 68 705
2731 68 766
2742 68 614
2753 68 434
2764 68 737
2775 68 393
2786 68 812
2797 68 392
2808 68 594
2819 68 292
2830 68 768
2841 68 86
2852 68 521
2863 68 652
2874 68 904
2885 68 710
2896 68 874
2907 68 173
2918 68 168
2929 68 933
2940 68 593
2951 68 525
2962 68 559
2973 68 512
2984 68 456
2995 68 152
5 69 337
16 69 210
27 69 260
38 69 28
49 69 504
60 69 723
71 69 832
82 69 261
93 69 883
104 69 599
115 69 193
126 69 580
137 69 742
148 69 71
159 69 163
170 69 928
181 69 188
192 69 892
203 69 770
214 69 624
225 69 555
236 69 926
247 69 259
258 69 105
269 69 445
280 69 956
291 69 873
302 69 447
313 69 546
324 69 237
335 69 842
346 69 114
357 69 290
368 69 45
379 69 113
390 69 138
401 69 635
412 69 76
423 69 363
434 69 453
445 69 266
456 69 927
467 69 863
478 69 912
489 69 769
500 69 607
511 69 694
522 69 643
533 69 241
544 69 174
555 69 635
566 69 688
577 69 681
588 69 825
599 69 883
610 69 604
621 69 306
632 69 693
643 69 431
654 69 492
665 69 266
676 69 189
687 69 466
698 69 258
709 69 32
720 69 560
731 69 35
742 69 263
753 69 983
764 69 143
775 69 916
786 69 115
797 69 251
808 69 384
819 69 381
830 69 382
841 69 114
852 69 601
863 69 905
874 69 361
885 69 308
896 69 807
907 69 801
918 69 445
929 69 654
940 69 253
951 69 319
962 69 74
973 69 930
984 69 563
995 69 800
1006 69 835
1017 69 802
1028 69 474
1039 69 854
1050 69 87
1061 69 237
1072 69 663
1083 69 944
1094 69 955
1105 69 841
1116 69 487
1127 69 803
1138 69 291
1149 69 718
1160 69 302
1171 69 489
1182 69 656
1193 69 365
1204 69 942
1215 69 184
1226 69 229
1237 69 634
1248 69 116
1259 69 990
1270 69 661
1281 69 884
1292 69 602
1303 69 145
1314 69 168
1325 69 144
1336 69 200
1347 69 175
1358 69 104
1369 69 645
1380 69 408
1391 69 938
1402 69 630
1413 69 696
1424 69 205
1435 69 222
1446 69 335
1457 69 837
1468 69 477
1479 69 89
1490 69 359
1501 69 141
1512 69 253
1523 69 808
1534 69 210
1545 69 189
1556 69 838
1567 69 333
1578 69 971
1589 69 809
1600 69 299
1611 69 943
1622 69 667
1633 69 287
1644 69 575
1655 69 303
1666 69 367
1677 69 522
1688 69 625
1699 69 730
1710 69 291
1721 69 272
1732 69 334
1743 69 807
1754 69 308
1765 69 499
1776 69 462
1787 69 900
1798 69 319
1809 69 554
1820 69 447
1831 69 209
1842 69 288
1853 69 566
1864 69 543
1875 69 874
1886 69 481
1897 69 897
1908 69 669
1919 69 550
1930 69 759
1941 69 388
1952 69 769
1963 69 132
1974 69 169
1985 69 843
1996 69 726
2007 69 515
2018 69 836
2029 69 977
2040 69 442
2051 69 657
2062 69 720
2073 69 41
2084 69 341
2095 69 432
2106 69 13
2117 69 464
2128 69 765
2139 69 395
2150 69 459
2161 69 702
2172 69 828
2183 69 935
2194 69 716
2205 69 218
2216 69 175
2227 69 726
2238 69 883
2249 69 606
2260 69 155
2271 69 66
2282 69 271
2293 69 800
2304 69 699
2315 69 659
2326 69 209
2337 69 411
2348 69 553
2359 69 235
2370 69 190
2381 69 809
2392 69 673
2403 69 60
2414 69 398
2425 69 167
2436 69 736
2447 69 474
2458 69 661
2469 69 3
2480 69 31
2491 69 699
2502 69 598
2513 69 175
2524 69 471
2535 69 152
2546 69 569
2557 69 128
2568 69 138
2579 69 313
2590 69 963
2601 69 274
2612 69 398
2623 69 139
2634 69 425
2645 69 753
2656 69 205
2667 69 336
2678 69 430
2689 69 355
2700 69 222
2711 69 255
2722 69 105
2733 69 63
2744 69 537
2755 69 125
2766 69 79
2777 69 233
2788 69 968
2799 69 288
2810 69 116
2821 69 903
2832 69 425
2843 69 733
2854 69 934
2865 69 219
2876 69 62
2887 69 263
2898 69 149
2909 69 623
2920 69 341
2931 69 690
2942 69 301
2953 69 976
2964 69 680
2975 69 963
2986 69 855
2997 69 95
7 70 699
18 70 323
29 70 102
40 70 524
51 70 83
62 70 598
73 70 565
84 70 464
95 70 98
106 70 634
117 70 423
128 70 200
139 70 822
150 70 266
161 70 214
172 70 238
183 70 861
194 70 46
205 70 851
216 70 612
227 70 12
238 70 136
249 70 927
260 70 530
271 70 556
282 70 92
293 70 892
304 70 85
315 70 882
326 70 381
337 70 7
348 70 381
359 70 861
370 70 515
381 70 467
392 70 857
403 70 529
414 70 226
425 70 815
436 70 1
447 70 390
458 70 289
469 70 220
480 70 766
491 70 557
502 70 989
513 70 844
524 70 488
535 70 873
546 70 880
557 70 272
568 70 958
579 70 487
590 70 380
601 70 332
612 70 676
623 70 856
634 70 614
645 70 406
656 70 910
667 70 943
678 70 838
689 70 976
700 70 798
711 70 95
722 70 803
733 70 439
744 70 825
755 70 966
766 70 165
777 70 305
788 70 9
799 70 335
810 70 549
821 70 871
832 70 801
843 70 996
854 70 172
865 70 90
876 70 412
887 70 534
898 70 656
909 70 523
920 70 229
931 70 698
942 70 377
953 70 204
964 70 56
975 70 718
986 70 947
997 70 666
1008 70 766
1019 70 437
1030 70 341
1041 70 876
1052 70 321
1063 70 638
1074 70 567
1085 70 307
1096 70 255
1107 70 732
1118 70 279
1129 70 817
1140 70 595
1151 70 779
1162 70 794
1173 70 619
1184 70 636
1195 70 743
1206 70 423
1217 70 514
1228 70 165
1239 70 305
1250 70 699
1261 70 385
1272 70 939
1283 70 139
1294 70 591
1305 70 377
1316 70 122
1327 70 875
1338 70 587
1349 70 574
1360 70 883
1371 70 628
1382 70 184
1393 70 658
1404 70 798
1415 70 988
1426 70 533
1437 70 937
1448 70 453
1459 70 196
1470 70 832
1481 70 922
1492 70 72
1503 70 931
1514 70 655
1525 70 9
1536 70 509
1547 70 168
1558 70 572
1569 70 243
1580 70 613
1591 70 304
1602 70 823
1613 70 512
1624 70 498
1635 70 283
1646 70 574
1657 70 761
1668 70 905
1679 70 251
1690 70 318
1701 70 175
1712 70 584
1723 70 541
1734 70 869
1745 70 932
1756 70 711
1767 70 496
1778 70 430
1789 70 68
1800 70 754
1811 70 776
1822 70 719
1833 70 174
1844 70 754
1855 70 24
1866 70 195
1877 70 356
1888 70 809
1899 70 645
1910 70 361
1921 70 948
1932 70 683
1943 70 961
1954 70 305
1965 70 832
1976 70 515
1987 70 251
1998 70 713
2009 70 798
2020 70 974
2031 70 431
2042 70 833
2053 70 632
2064 70 673
2075 70 307
2086 70 325
2097 70 30
2108 70 354
2119 70 52
2130 70 331
2141 70 225
2152 70 283
2163 70 763
2174 70 422
2185 70 960
2196 70 838
2207 70 374
2218 70 695
2229 70 22
2240 70 794
2251 70 406
2262 70 339
2273 70 916
2284 70 702
2295 70 743
2306 70 980
2317 70 848
2328 70 557
2339 70 825
2350 70 432
2361 70 16
2372 70 62
2383 70 54
2394 70 293
2405 70 382
2416 70 32
2427 70 289
2438 70 659
2449 70 362
2460 70 266
2471 70 32
2482 70 926
2493 70 684
2504 70 816
2515 70 220
2526 70 615
2537 70 857
2548 70 402
2559 70 361
2570 70 572
2581 70 916
2592 70 210
2603 70 943
2614 70 232
2625 70 263
2636 70 437
2647 70 926
2658 70 43
2669 70 676
2680 70 467
2691 70 116
2702 70 748
2713 70 749
2724 70 283
2735 70 821
2746 70 215
2757 70 248
2768 70 970
2779 70 792
2790 70 263
2801 70 536
2812 70 571
2823 70 194
2834 70 742
2845 70 459
2856 70 267
2867 70 203
2878 70 439
2889 70 237
2900 70 463
2911 70 988
2922 70 460
2933 70 731
2944 70 924
2955 70 285
2966 70 220
2977 70 971
2988 70 969
2999 70 175
9 71 736
20 71 134
31 71 56
42 71 606
53 71 236
64 71 574
75 71 477
86 71 744
97 71 326
108 71 420
119 71 355
130 71 808
141 71 301
152 71 159
163 71 193
174 71 372
185 71 44
196 71 835
207 71 279
218 71 36
229 71 393
240 71 185
251 71 823
262 71 546
273 71 337
284 71 511
295 71 622
306 71 103
317 71 676
328 71 998
339 71 171
350 71 57
361 71 578
372 71 402
383 71 477
394 71 315
405 71 72
416 71 441
427 71 715
438 71 355
449 71 747
460 71 713
471 71 453
482 71 588
493 71 601
504 71 89
515 71 587
526 71 108
537 71 980
548 71 560
559 71 799
570 71 633
581 71 256
592 71 140
603 71 773
614 71 206
625 71 143
636 71 255
647 71 540
658 71 734
669 71 272
680 71 2
691 71 216
702 71 824
713 71 332
724 71 317
735 71 701
746 71 527
757 71 171
768 71 624
779 71 626
790 71 967
801 71 973
812 71 164
823 71 658
834 71 58
845 71 252
856 71 356
867 71 231
878 71 355
889 71 269
900 71 271
911 71 810
922 71 701
933 71 750
944 71 446
955 71 362
966 71 69
977 71 1
988 71 751
999 71 170
1010 71 234
1021 71 350
1032 71 904
1043 71 27
1054 71 109
1065 71 655
1076 71 802
1087 71 295
1098 71 600
1109 71 36
1120 71 791
1131 71 961
1142 71 36
1153 71 877
1164 71 275
1175 71 976
1186 71 950
1197 71 25
1208 71 758
1219 71 364
1230 71 412
1241 71 664
1252 71 336
1263 71 629
1274 71 964
1285 71 147
1296 71 543
1307 71 986
1318 71 952
1329 71 574
1340 71 995
1351 71 2
1362 71 513
1373 71 306
1384 71 942
1395 71 534
1406 71 182
1417 71 948
1428 71 548
1439 71 92
1450 71 332
1461 71 154
1472 71 332
1483 71 401
1494 71 38
1505 71 21
1516 71 925
1527 71 583
1538 71 897
1549 71 31
1560 71 318
1571 71 235
1582 71 331
1593 71 533
1604 71 317
1615 71 404
1626 71 167
1637 71 554
1648 71 427
1659 71 859
1670 71 984
1681 71 31
1692 71 45
1703 71 919
1714 71 874
1725 71 262
1736 71 608
1747 71 201
1758 71 242
1769 71 510
1780 71 826
1791 71 189
1802 71 760
1813 71 431
1824 71 609
1835 71 425
1846 71 499
1857 71 325
1868 71 301
1879 71 521
1890 71 122
1901 71 449
1912 71 809
1923 71 2
1934 71 723
1945 71 110
1956 71 639
1967 71 57
1978 71 623
1989 71 763
2000 71 957
2011 71 198
2022 71 953
2033 71 838
2044 71 315
2055 71 525
2066 71 597
2077 71 289
2088 71 601
2099 71 569
2110 71 551
2121 71 766
2132 71 431
2143 71 418
2154 71 284
2165 71 290
2176 71 742
2187 71 110
2198 71 451
2209 71 45
2220 71 906
2231 71 692
2242 71 58
2253 71 980
2264 71 138
2275 71 900
2286 71 907
2297 71 2
2308 71 65
2319 71 633
2330 71 708
2341 71 138
2352 71 668
2363 71 771
2374 71 502
2385 71 280
2396 71 932
2407 71 253
2418 71 232
2429 71 457
2440 71 36
2451 71 540
2462 71 853
2473 71 941
2484 71 966
2495 71 43
2506 71 1
2517 71 332
2528 71 766
2539 71 737
2550 71 253
2561 71 741
2572 71 985
2583 71 93
2594 71 954
2605 71 816
2616 71 655
2627 71 220
2638 71 622
2649 71 189
2660 71 912
2671 71 503
2682 71 127
2693 71 608
2704 71 407
2715 71 450
2726 71 504
2737 71 354
2748 71 775
2759 71 768
2770 71 950
2781 71 310
2792 71 49
2803 71 896
2814 71 576
2825 71 193
2836 71 883
2847 71 814
2858 71 749
2869 71 237
2880 71 426
2891 71 287
2902 71 589
2913 71 61
2924 71 97
2935 71 467
2946 71 187
2957 71 388
2968 71 757
2979 71 523
2990 71 925
0 72 794
11 72 92
22 72 641
33 72 956
44 72 566
55 72 868
66 72 119
77 72 472
88 72 208
99 72 668
110 72 678
121 72 183
132 72 846
143 72 302
154 72 424
165 72 381
176 72 735
187 72 580
198 72 780
209 72 819
220 72 815
231 72 109
242 72 807
253 72 910
264 72 836
275 72 855
286 72 395
297 72 766
308 72 201
319 72 439
330 72 65
341 72 586
352 72 726
363 72 196
374 72 75
385 72 801
396 72 362
407 72 940
418 72 325
429 72 288
440 72 846
451 72 664
462 72 817
473 72 254
484 72 407
495 72 525
506 72 924
517 72 337
528 72 68
539 72 574
550 72 281
561 72 25
572 72 886
583 72 615
594 72 889
605 72 711
616 72 692
627 72 408
638 72 711
649 72 187
660 72 855
671 72 818
682 72 718
693 72 317
704 72 955
715 72 483
726 72 707
737 72 221
748 72 426
759 72 842
770 72 305
781 72 409
792 72 363
803 72 995
814 72 310
825 72 663
836 72 917
847 72 273
858 72 59
869 72 412
880 72 579
891 72 702
902 72 779
913 72 935
924 72 539
935 72 25
946 72 316
957 72 902
968 72 749
979 72 812
990 72 233
1001 72 616
1012 72 483
1023 72 17
1034 72 174
1045 72 781
1056 72 823
1067 72 764
1078 72 698
1089 72 74
1100 72 902
1111 72 601
1122 72 297
1133 72 321
1144 72 817
1155 72 145
1166 72 68
1177 72 959
1188 72 268
1199 72 372
1210 72 633
1221 72 973
1232 72 493
1243 72 876
1254 72 19
1265 72 263
1276 72 466
1287 72 821
1298 72 484
1309 72 767
1320 72 797
1331 72 367
1342 72 99
1353 72 536
1364 72 846
1375 72 711
1386 72 159
1397 72 404
1408 72 449
1419 72 333
1430 72 673
1441 72 412
1452 72 81
1463 72 782
1474 72 447
1485 72 173
1496 72 391
1507 72 225
1518 72 146
1529 72 865
1540 72 311
1551 72 636
1562 72 111
1573 72 345
1584 72 731
1595 72 447
1606 72 18
1617 72 841
1628 72 436
1639 72 103
1650 72 168
1661 72 654
1672 72 611
1683 72 94
1694 72 374
1705 72 594
1716 72 370
1727 72 480
1738 72 448
1749 72 381
1760 72 56
1771 72 878
1782 72 937
1793 72 406
1804 72 934
1815 72 885
1826 72 262
1837 72 605
1848 72 251
1859 72 722
1870 72 924
1881 72 639
1892 72 632
1903 72 643
1914 72 977
1925 72 129
1936 72 520
1947 72 545
1958 72 490
1969 72 77
1980 72 146
1991 72 381
2002 72 639
2013 72 853
2024 72 740
2035 72 983
2046 72 817
2057 72 278
2068 72 42
2079 72 573
2090 72 120
2101 72 974
2112 72 615
2123 72 134
2134 72 246
2145 72 716
2156 72 95
2167 72 991
2178 72 114
2189 72 260
2200 72 302
2211 72 59
2222 72 229
2233 72 938
2244 72 485
2255 72 384
2266 72 979
2277 72 838
2288 72 156
2299 72 737
2310 72 186
2321 72 552
2332 72 645
2343 72 846
2354 72 10
2365 72 942
2376 72 433
2387 72 554
2398 72 93
2409 72 293
2420 72 747
2431 72 501
2442 72 982
2453 72 437
2464 72 876
2475 72 742
2486 72 471
2497 72 307
2508 72 387
2519 72 265
2530 72 167
2541 72 523
2552 72 672
2563 72 740
2574 72 431
2585 72 903
2596 72 277
2607 72 784
2618 72 380
2629 72 989
2640 72 784
2651 72 789
2662 72 548
2673 72 688
2684 72 300
2695 72 764
2706 72 845
2717 72 38
2728 72 168
2739 72 917
2750 72 462
2761 72 519
2772 72 980
2783 72 359
2794 72 491
2805 72 292
2816 72 220
2827 72 603
2838 72 126
2849 72 39
2860 72 108
2871 72 248
2882 72 102
2893 72 408
2904 72 386
2915 72 74
2926 72 791
2937 72 497
2948 72 142
2959 72 3
2970 72 309
2981 72 662
2992 72 591
2 73 584
13 73 975
24 73 491
35 73 465
46 73 775
57 73 699
68 73 158
79 73 879
90 73 644
101 73 876
112 73 983
123 73 637
134 73 688
145 73 113
156 73 429
167 73 399
178 73 239
189 73 180
200 73 746
211 73 284
222 73 643
233 73 449
244 73 127
255 73 392
266 73 23
277 73 855
288 73 435
299 73 490
310 73 544
321 73 631
332 73 239
343 73 979
354 73 142
365 73 582
376 73 698
387 73 402
398 73 79
409 73 718
420 73 408
431 73 957
442 73 707
453 73 807
464 73 26
475 73 993
486 73 579
497 73 535
508 73 23
519 73 430
530 73 928
541 73 605
552 73 537
563 73 454
574 73 134
585 73 789
596 73 749
607 73 386
618 73 130
629 73 671
640 73 255
651 73 432
662 73 471
673 73 209
684 73 282
695 73 607
706 73 268
717 73 68
728 73 731
739 73 442
750 73 679
761 73 739
772 73 365
783 73 952
794 73 138
805 73 669
816 73 585
827 73 471
838 73 169
849 73 954
860 73 904
871 73 621
882 73 664
893 73 491
904 73 200
915 73 179
926 73 310
937 73 179
948 73 140
959 73 803
970 73 432
981 73 229
992 73 651
1003 73 257
1014 73 555
1025 73 963
1036 73 720
1047 73 68
1058 73 68
1069 73 151
1080 73 546
1091 73 992
1102 73 901
1113 73 449
1124 73 888
1135 73 703
1146 73 29
1157 73 418
1168 73 794
1179 73 614
1190 73 865
1201 73 892
1212 73 422
1223 73 89
1234 73 215
1245 73 221
1256 73 247
1267 73 829
1278 73 579
1289 73 509
1300 73 885
1311 73 422
1322 73 654
1333 73 568
1344 73 691
1355 73 20
1366 73 535
1377 73 395
1388 73 927
1399 73 949
1410 73 997
1421 73 410
1432 73 685
1443 73 416
1454 73 634
1465 73 416
1476 73 53
1487 73 440
1498 73 819
1509 73 797
1520 73 611
1531 73 979
1542 73 763
1553 73 386
1564 73 159
1575 73 546
1586 73 320
1597 73 583
1608 73 687
1619 73 336
1630 73 949
1641 73 136
1652 73 486
1663 73 177
1674 73 989
1685 73 662
1696 73 926
1707 73 441
1718 73 776
1729 73 793
1740 73 707
1751 73 162
1762 73 687
1773 73 133
1784 73 204
1795 73 791
1806 73 748
1817 73 741
1828 73 785
1839 73 636
1850 73 985
1861 73 69
1872 73 390
1883 73 729
1894 73 325
1905 73 970
1916 73 32
1927 73 552
1938 73 564
1949 73 187
1960 73 94
1971 73 782
1982 73 301
1993 73 101
2004 73 84
2015 73 258
2026 73 368
2037 73 356
2048 73 85
2059 73 307
2070 73 233
2081 73 227
2092 73 205
2103 73 351
2114 73 893
2125 73 362
2136 73 638
2147 73 303
2158 73 391
2169 73 986
2180 73 434
2191 73 460
2202 73 762
2213 73 1
2224 73 831
2235 73 293
2246 73 247
2257 73 600
2268 73 514
2279 73 272
2290 73 656
2301 73 824
2312 73 934
2323 73 891
2334 73 601
2345 73 909
2356 73 778
2367 73 396
2378 73 690
2389 73 100
2400 73 860
2411 73 800
2422 73 916
2433 73 810
2444 73 213
2455 73 716
2466 73 434
2477 73 916
2488 73 852
2499 73 775
2510 73 685
2521 73 85
2532 73 864
2543 73 272
2554 73 522
2565 73 705
2576 73 485
2587 73 28
2598 73 442
2609 73 147
2620 73 174
2631 73 479
2642 73 300
2653 73 303
2664 73 951
2675 73 640
2686 73 772
2697 73 237
2708 73 20
2719 73 78
2730 73 988
2741 73 100
2752 73 991
2763 73 37
2774 73 790
2785 73 859
2796 73 818
2807 73 154
2818 73 76
2829 73 370
2840 73 268
2851 73 892
2862 73 626
2873 73 730
2884 73 415
2895 73 203
2906 73 382
2917 73 320
2928 73 947
2939 73 20
2950 73 136
2961 73 255
2972 73 956
2983 73 682
2994 73 886
4 74 144
15 74 55
26 74 898
37 74 51
48 74 645
59 74 89
70 74 796
81 74 332
92 74 490
103 74 625
114 74 773
125 74 197
136 74 222
147 74 126
158 74 982
169 74 251
180 74 380
191 74 247
202 74 412
213 74 213
224 74 836
235 74 683
246 74 67
257 74 843
268 74 487
279 74 385
290 74 437
301 74 301
312 74 546
323 74 821
334 74 333
345 74 425
356 74 656
367 74 289
378 74 184
389 74 873
400 74 656
411 74 944
422 74 757
433 74 292
444 74 280
455 74 54
466 74 594
477 74 56
488 74 811
499 74 631
510 74 853
521 74 470
532 74 727
543 74 353
554 74 906
565 74 791
576 74 272
587 74 176
598 74 550
609 74 892
620 74 363
631 74 515
642 74 384
653 74 263
664 74 764
675 74 589
686 74 781
697 74 941
708 74 550
719 74 762
730 74 771
741 74 13
752 74 1
763 74 831
774 74 648
785 74 524
796 74 710
807 74 601
818 74 122
829 74 133
840 74 672
851 74 79
862 74 775
873 74 445
884 74 181
895 74 385
906 74 665
917 74 69
928 74 342
939 74 229
950 74 732
961 74 870
972 74 281
983 74 551
994 74 157
1005 74 19
1016 74 452
1027 74 481
1038 74 418
1049 74 736
1060 74 855
1071 74 598
1082 74 211
1093 74 310
1104 74 216
1115 74 15
1126 74 973
1137 74 648
1148 74 349
1159 74 300
1170 74 482
1181 74 649
1192 74 107
1203 74 682
1214 74 52
1225 74 997
1236 74 372
1247 74 270
1258 74 369
1269 74 106
1280 74 592
1291 74 49
1302 74 970
1313 74 953
1324 74 791
1335 74 173
1346 74 750
1357 74 499
1368 74 848
1379 74 862
1390 74 847
1401 74 389
1412 74 277
1423 74 551
1434 74 590
1445 74 301
1456 74 462
1467 74 860
1478 74 328
1489 74 248
1500 74 607
1511 74 736
1522 74 592
1533 74 410
1544 74 418
1555 74 74
1566 74 325
1577 74 441
1588 74 492
1599 74 150
1610 74 414
1621 74 103
1632 74 259
1643 74 604
1654 74 445
1665 74 231
1676 74 915
1687 74 405
1698 74 654
1709 74 291
1720 74 503
1731 74 412
1742 74 928
1753 74 252
1764 74 426
1775 74 463
1786 74 875
1797 74 888
1808 74 506
1819 74 574
1830 74 83
1841 74 365
1852 74 682
1863 74 94
1874 74 270
1885 74 628
1896 74 170
1907 74 519
1918 74 518
1929 74 295
1940 74 398
1951 74 671
1962 74 680
1973 74 738
1984 74 300
1995 74 414
2006 74 571
2017 74 134
2028 74 347
2039 74 212
2050 74 775
2061 74 892
2072 74 663
2083 74 155
2094 74 695
2105 74 82
2116 74 322
2127 74 52
2138 74 357
2149 74 480
2160 74 991
2171 74 822
2182 74 445
2193 74 394
2204 74 70
2215 74 267
2226 74 629
2237 74 744
2248 74 8
2259 74 895
2270 74 220
2281 74 24
2292 74 579
2303 74 152
2314 74 324
2325 74 659
2336 74 119
2347 74 671
2358 74 870
2369 74 664
2380 74 272
2391 74 414
2402 74 582
2413 74 181
2424 74 14
2435 74 736
2446 74 140
2457 74 799
2468 74 891
2479 74 947
2490 74 167
2501 74 72
2512 74 896
2523 74 137
2534 74 789
2545 74 262
2556 74 798
2567 74 89
2578 74 238
2589 74 898
2600 74 354
2611 74 696
2622 74 672
2633 74 74
2644 74 300
2655 74 891
2666 74 686
2677 74 685
2688 74 109
2699 74 340
2710 74 103
2721 74 147
2732 74 132
2743 74 668
2754 74 888
2765 74 252
2776 74 721
2787 74 999
2798 74 583
2809 74 747
2820 74 85
2831 74 279
2842 74 243
2853 74 617
2864 74 848
2875 74 103
2886 74 995
2897 74 634
2908 74 406
2919 74 28
2930 74 385
2941 74 724
2952 74 713
2963 74 281
2974 74 565
2985 74 660
2996 74 628
6 75 904
17 75 216
28 75 921
39 75 964
50 75 212
61 75 128
72 75 995
83 75 983
94 75 739
105 75 906
116 75 328
127 75 104
138 75 414
149 75 926
160 75 419
171 75 195
182 75 426
193 75 633
204 75 750
215 75 283
226 75 933
237 75 58
248 75 160
259 75 667
270 75 211
281 75 600
292 75 169
303 75 893
314 75 433
325 75 786
336 75 671
347 75 904
358 75 806
369 75 703
380 75 373
391 75 148
402 75 432
413 75 316
424 75 389
435 75 297
446 75 77
457 75 699
468 75 940
479 75 130
490 75 813
501 75 669
512 75 16
523 75 440
534 75 927
545 75 641
556 75 261
567 75 184
578 75 147
589 75 115
600 75 713
611 75 371
622 75 327
633 75 305
644 75 580
655 75 435
666 75 835
677 75 288
688 75 394
699 75 125
710 75 49
721 75 524
732 75 442
743 75 385
754 75 461
765 75 651
776 75 889
787 75 166
798 75 770
809 75 951
820 75 564
831 75 815
842 75 809
853 75 10
864 75 529
875 75 474
886 75 365
897 75 803
908 75 52
919 75 539
930 75 367
941 75 168
952 75 349
963 75 770
974 75 314
985 75 465
996 75 515
1007 75 797
1018 75 954
1029 75 343
1040 75 845
1051 75 902
1062 75 941
1073 75 68
1084 75 643
1095 75 304
1106 75 89
1117 75 336
1128 75 57
1139 75 859
1150 75 263
1161 75 912
1172 75 649
1183 75 738
1194 75 846
1205 75 476
1216 75 396
1227 75 410
1238 75 506
1249 75 916
1260 75 232
1271 75 825
1282 75 199
1293 75 76
1304 75 949
1315 75 390
1326 75 38
1337 75 301
1348 75 928
1359 75 580
1370 75 849
1381 75 590
1392 75 74
1403 75 713
1414 75 253
1425 75 261
1436 75 114
1447 75 627
1458 75 997
1469 75 268
1480 75 155
1491 75 219
1502 75 496
1513 75 309
1524 75 614
1535 75 417
1546 75 328
1557 75 864
1568 75 843
1579 75 305
1590 75 331
1601 75 447
1612 75 524
1623 75 996
1634 75 89
1645 75 80
1656 75 434
1667 75 141
1678 75 752
1689 75 809
1700 75 697
1711 75 684
1722 75 448
1733 75 514
1744 75 239
1755 75 379
1766 75 759
1777 75 896
1788 75 105
1799 75 286
1810 75 68
1821 75 18
1832 75 298
1843 75 926
1854 75 105
1865 75 601
1876 75 304
1887 75 987
1898 75 963
1909 75 485
1920 75 167
1931 75 469
1942 75 387
1953 75 189
1964 75 500
1975 75 343
1986 75 840
1997 75 286
2008 75 2
2019 75 95
2030 75 556
2041 75 70
2052 75 337
2063 75 230
2074 75 583
2085 75 322
2096 75 489
2107 75 830
2118 75 341
2129 75 818
2140 75 548
2151 75 516
2162 75 764
2173 75 271
2184 75 461
2195 75 582
2206 75 641
2217 75 80
2228 75 447
2239 75 372
2250 75 137
2261 75 984
2272 75 922
2283 75 821
2294 75 3
2305 75 454
2316 75 142
2327 75 608
2338 75 389
2349 75 877
2360 75 290
2371 75 139
2382 75 247
2393 75 984
2404 75 879
2415 75 774
2426 75 169
2437 75 438
2448 75 502
2459 75 860
2470 75 931
2481 75 399
2492 75 368
2503 75 488
2514 75 448
2525 75 618
2536 75 3
2547 75 729
2558 75 988
2569 75 250
2580 75 389
2591 75 513
2602 75 569
2613 75 891
2624 75 902
2635 75 803
2646 75 205
2657 75 62
2668 75 208
2679 75 91
2690 75 980
2701 75 273
2712 75 711
2723 75 552
2734 75 241
2745 75 335
2756 75 105
2767 75 216
2778 75 334
2789 75 317
2800 75 651
2811 75 883
2822 75 876
2833 75 840
2844 75 225
2855 75 863
2866 75 546
2877 75 738
2888 75 782
2899 75 693
2910 75 611
2921 75 908
2932 75 108
2943 75 237
2954 75 624
2965 75 806
2976 75 772
2987 75 827
2998 75 646
8 76 360
19 76 743
30 76 634
41 76 104
52 76 755
63 76 936
74 76 868
85 76 827
96 76 27
107 76 428
118 76 459
129 76 393
140 76 381
151 76 304
162 76 324
173 76 2
184 76 243
195 76 170
206 76 989
217 76 605
228 76 892
239 76 535
250 76 690
261 76 894
272 76 593
283 76 459
294 76 122
305 76 52
316 76 403
327 76 214
338 76 180
349 76 808
360 76 409
371 76 691
382 76 607
393 76 514
404 76 179
415 76 226
426 76 184
437 76 556
448 76 91
459 76 725
470 76 541
481 76 772
492 76 364
503 76 270
514 76 904
525 76 119
536 76 809
547 76 944
558 76 29
569 76 254
580 76 166
591 76 415
602 76 651
613 76 252
624 76 210
635 76 675
646 76 65
657 76 933
668 76 282
679 76 735
690 76 204
701 76 820
712 76 801
723 76 199
734 76 363
745 76 513
756 76 667
767 76 950
778 76 584
789 76 605
800 76 615
811 76 123
822 76 816
833 76 888
844 76 992
855 76 329
866 76 114
877 76 677
888 76 120
899 76 64
910 76 376
921 76 306
932 76 203
943 76 292
954 76 660
965 76 80
976 76 549
987 76 775
998 76 603
1009 76 152
1020 76 641
1031 76 866
1042 76 344
1053 76 40
1064 76 563
1075 76 113
1086 76 550
1097 76 144
1108 76 889
1119 76 644
1130 76 636
1141 76 236
1152 76 159
1163 76 457
1174 76 913
1185 76 284
1196 76 437
1207 76 969
1218 76 206
1229 76 828
1240 76 593
1251 76 762
1262 76 844
1273 76 787
1284 76 656
1295 76 116
1306 76 898
1317 76 929
1328 76 784
1339 76 799
1350 76 806
1361 76 203
1372 76 675
1383 76 859
1394 76 433
1405 76 872
1416 76 78
1427 76 291
1438 76 191
1449 76 48
1460 76 519
1471 76 177
1482 76 446
1493 76 481
1504 76 340
1515 76 885
1526 76 615
1537 76 924
1548 76 805
1559 76 393
1570 76 223
1581 76 247
1592 76 13
1603 76 420
1614 76 474
1625 76 91
1636 76 203
1647 76 989
1658 76 416
1669 76 826
1680 76 343
1691 76 59
1702 76 843
1713 76 82
1724 76 205
1735 76 498
1746 76 154
1757 76 717
1768 76 373
1779 76 540
1790 76 601
1801 76 297
1812 76 344
1823 76 449
1834 76 101
1845 76 220
1856 76 288
1867 76 243
1878 76 254
1889 76 57
1900 76 400
1911 76 18
1922 76 182
1933 76 457
1944 76 513
1955 76 719
1966 76 865
1977 76 963
1988 76 599
1999 76 741
2010 76 716
2021 76 714
2032 76 774
2043 76 249
2054 76 464
2065 76 774
2076 76 988
2087 76 428
2098 76 918
2109 76 748
2120 76 91
2131 76 565
2142 76 850
2153 76 658
2164 76 210
2175 76 157
2186 76 568
2197 76 909
2208 76 607
2219 76 361
2230 76 430
2241 76 847
2252 76 722
2263 76 979
2274 76 606
2285 76 763
2296 76 495
2307 76 115
2318 76 102
2329 76 50
2340 76 94
2351 76 938
2362 76 960
2373 76 343
2384 76 708
2395 76 825
2406 76 884
2417 76 337
2428 76 396
2439 76 922
2450 76 598
2461 76 583
2472 76 500
2483 76 422
2494 76 289
2505 76 263
2516 76 552
2527 76 716
2538 76 118
2549 76 538
2560 76 342
2571 76 1
2582 76 257
2593 76 951
2604 76 871
2615 76 526
2626 76 536
2637 76 790
2648 76 804
2659 76 180
2670 76 239
2681 76 916
2692 76 925
2703 76 147
2714 76 160
2725 76 281
2736 76 106
2747 76 58
2758 76 817
2769 76 542
2780 76 336
2791 76 118
2802 76 683
2813 76 464
2824 76 293
2835 76 51
2846 76 833
2857 76 425
2868 76 490
2879 76 423
2890 76 675
2901 76 659
2912 76 248
2923 76 97
2934 76 341
2945 76 207
2956 76 183
2967 76 614
2978 76 343
2989 76 49
10 77 42
21 77 923
32 77 12
43 77 407
54 77 731
65 77 119
76 77 282
87 77 508
98 77 433
109 77 871
120 77 259
131 77 644
142 77 749
153 77 612
164 77 924
175 77 875
186 77 84
197 77 369
208 77 650
219 77 29
230 77 918
241 77 966
252 77 773
263 77 374
274 77 187
285 77 287
296 77 275
307 77 780
318 77 24
329 77 755
340 77 349
351 77 449
362 77 789
373 77 936
384 77 162
395 77 428
406 77 931
417 77 494
428 77 549
439 77 540
450 77 467
461 77 478
472 77 831
483 77 560
494 77 255
505 77 446
516 77 38
527 77 47
538 77 185
549 77 273
560 77 672
571 77 951
582 77 261
593 77 496
604 77 312
615 77 996
626 77 479
637 77 754
648 77 156
659 77 847
670 77 275
681 77 29
692 77 96
703 77 782
714 77 45
725 77 330
736 77 877
747 77 911
758 77 103
769 77 566
780 77 265
791 77 891
802 77 54
813 77 741
824 77 470
835 77 61
846 77 248
857 77 75
868 77 799
879 77 955
890 77 964
901 77 345
912 77 418
923 77 482
934 77 83
945 77 364
956 77 956
967 77 44
978 77 980
989 77 43
1000 77 593
1011 77 344
1022 77 540
1033 77 90
1044 77 837
1055 77 756
1066 77 84
1077 77 681
1088 77 805
1099 77 523
1110 77 444
1121 77 723
1132 77 205
1143 77 461
1154 77 123
1165 77 409
1176 77 795
1187 77 202
1198 77 20
1209 77 910
1220 77 114
1231 77 112
1242 77 986
1253 77 168
1264 77 535
1275 77 584
1286 77 722
1297 77 484
1308 77 4
1319 77 484
1330 77 897
1341 77 126
1352 77 831
1363 77 227
1374 77 991
1385 77 87
1396 77 989
1407 77 896
1418 77 100
1429 77 494
1440 77 265
1451 77 547
1462 77 758
1473 77 739
1484 77 838
1495 77 938
1506 77 540
1517 77 85
1528 77 92
1539 77 608
1550 77 320
1561 77 656
1572 77 137
1583 77 549
1594 77 973
1605 77 427
1616 77 53
1627 77 368
1638 77 346
1649 77 274
1660 77 430
1671 77 956
1682 77 605
1693 77 158
1704 77 868
1715 77 147
1726 77 249
1737 77 547
1748 77 104
1759 77 120
1770 77 974
1781 77 568
1792 77 1000
1803 77 496
1814 77 993
1825 77 485
1836 77 178
1847 77 234
1858 77 642
1869 77 662
1880 77 341
1891 77 549
1902 77 597
1913 77 248
1924 77 526
1935 77 879
1946 77 607
1957 77 311
1968 77 688
1979 77 701
1990 77 584
2001 77 452
2012 77 193
2023 77 930
2034 77 207
2045 77 465
2056 77 997
2067 77 331
2078 77 138
2089 77 631
2100 77 707
2111 77 365
2122 77 519
2133 77 163
2144 77 939
2155 77 716
2166 77 881
2177 77 440
2188 77 284
2199 77 751
2210 77 374
2221 77 660
2232 77 796
2243 77 499
2254 77 682
2265 77 554
2276 77 376
2287 77 560
2298 77 576
2309 77 212
2320 77 780
2331 77 268
2342 77 80
2353 77 44
2364 77 959
2375 77 268
2386 77 252
2397 77 977
2408 77 228
2419 77 55
2430 77 9
2441 77 845
2452 77 162
2463 77 65
2474 77 33
2485 77 817
2496 77 803
2507 77 62
2518 77 943
2529 77 921
2540 77 127
2551 77 61
2562 77 470
2573 77 975
2584 77 59
2595 77 197
2606 77 433
2617 77 384
2628 77 359
2639 77 555
2650 77 502
2661 77 350
2672 77 995
2683 77 920
2694 77 490
2705 77 408
2716 77 322
2727 77 149
2738 77 157
2749 77 508
2760 77 514
2771 77 466
2782 77 439
2793 77 489
2804 77 601
2815 77 134
2826 77 851
2837 77 37
2848 77 338
2859 77 890
2870 77 569
2881 77 566
2892 77 207
2903 77 829
2914 77 448
2925 77 91
2936 77 499
2947 77 622
2958 77 532
2969 77 527
2980 77 847
2991 77 342
1 78 156
12 78 584
23 78 727
34 78 970
45 78 605
56 78 683
67 78 95
78 78 925
89 78 346
100 78 657
111 78 716
122 78 200
133 78 106
144 78 666
155 78 251
166 78 230
177 78 344
188 78 628
199 78 787
210 78 721
221 78 647
232 78 18
243 78 622
254 78 53
265 78 257
276 78 754
287 78 93
298 78 313
309 78 416
320 78 65
331 78 795
342 78 161
353 78 288
364 78 553
375 78 528
386 78 678
397 78 312
408 78 826
419 78 912
430 78 239
441 78 532
452 78 63
463 78 896
474 78 236
485 78 914
496 78 345
507 78 467
518 78 548
529 78 679
540 78 532
551 78 586
562 78 817
573 78 220
584 78 582
595 78 88
606 78 992
617 78 345
628 78 225
639 78 414
650 78 85
661 78 168
672 78 792
683 78 307
694 78 657
705 78 619
716 78 951
727 78 882
738 78 609
749 78 863
760 78 174
771 78 5
782 78 567
793 78 394
804 78 106
815 78 72
826 78 623
837 78 76
848 78 101
859 78 68
870 78 907
881 78 882
892 78 961
903 78 378
914 78 168
925 78 307
936 78 315
947 78 386
958 78 601
969 78 181
980 78 885
991 78 697
1002 78 961
1013 78 4
1024 78 691
1035 78 137
1046 78 488
1057 78 252
1068 78 589
1079 78 500
1090 78 86
1101 78 511
1112 78 640
1123 78 460
1134 78 642
1145 78 219
1156 78 304
1167 78 261
1178 78 334
1189 78 358
1200 78 587
1211 78 818
1222 78 309
1233 78 99
1244 78 335
1255 78 297
1266 78 44
1277 78 261
1288 78 369
1299 78 163
1310 78 810
1321 78 699
1332 78 28
1343 78 403
1354 78 15
1365 78 499
1376 78 278
1387 78 263
1398 78 385
1409 78 86
1420 78 971
1431 78 48
1442 78 1000
1453 78 23
1464 78 927
1475 78 657
1486 78 434
1497 78 571
1508 78 723
1519 78 762
1530 78 849
1541 78 615
1552 78 618
1563 78 297
1574 78 687
1585 78 875
1596 78 31
1607 78 546
1618 78 333
1629 78 946
1640 78 925
1651 78 574
1662 78 236
1673 78 330
1684 78 404
1695 78 763
1706 78 972
1717 78 282
1728 78 281
1739 78 963
1750 78 540
1761 78 947
1772 78 775
1783 78 430
1794 78 704
1805 78 937
1816 78 840
1827 78 948
1838 78 625
1849 78 520
1860 78 839
1871 78 271
1882 78 499
1893 78 580
1904 78 592
1915 78 463
1926 78 769
1937 78 740
1948 78 774
1959 78 750
1970 78 483
1981 78 504
1992 78 468
2003 78 417
2014 78 303
2025 78 334
2036 78 554
2047 78 200
2058 78 783
2069 78 279
2080 78 426
2091 78 976
2102 78 26
2113 78 80
2124 78 206
2135 78 912
2146 78 931
2157 78 202
2168 78 971
2179 78 584
2190 78 914
2201 78 120
2212 78 538
2223 78 684
2234 78 549
2245 78 254
2256 78 82
2267 78 986
2278 78 141
2289 78 411
2300 78 151
2311 78 427
2322 78 240
2333 78 413
2344 78 278
2355 78 284
2366 78 682
2377 78 587
2388 78 858
2399 78 674
2410 78 390
2421 78 168
2432 78 430
2443 78 868
2454 78 327
2465 78 699
2476 78 572
2487 78 363
2498 78 722
2509 78 585
2520 78 427
2531 78 310
2542 78 476
2553 78 677
2564 78 724
2575 78 199
2586 78 982
2597 78 584
2608 78 21
2619 78 392
2630 78 486
2641 78 101
2652 78 996
2663 78 461
2674 78 210
2685 78 34
2696 78 341
2707 78 208
2718 78 57
2729 78 482
2740 78 769
2751 78 854
2762 78 470
2773 78 310
2784 78 948
2795 78 970
2806 78 929
2817 78 104
2828 78 486
2839 78 996
2850 78 236
2861 78 713
2872 78 988
2883 78 382
2894 78 14
2905 78 241
2916 78 294
2927 78 129
2938 78 173
2949 78 124
2960 78 151
2971 78 323
2982 78 896
2993 78 440
3 79 422
14 79 79
25 79 672
36 79 751
47 79 923
58 79 501
69 79 178
80 79 430
91 79 150
102 79 339
113 79 703
124 79 647
135 79 887
146 79 818
157 79 18
168 79 865
179 79 131
190 79 229
201 79 517
212 79 322
223 79 783
234 79 703
245 79 869
256 79 695
267 79 274
278 79 334
289 79 765
300 79 206
311 79 361
322 79 397
333 79 567
344 79 612
355 79 401
366 79 241
377 79 867
388 79 234
399 79 466
410 79 87
421 79 995
432 79 345
443 79 276
454 79 123
465 79 483
476 79 293
487 79 515
498 79 38
509 79 99
520 79 416
531 79 840
542 79 117
553 79 364
564 79 714
575 79 614
586 79 989
597 79 931
608 79 632
619 79 307
630 79 717
641 79 830
652 79 699
663 79 987
674 79 223
685 79 916
696 79 923
707 79 428
718 79 95
729 79 699
740 79 622
751 79 359
762 79 654
773 79 181
784 79 42
795 79 290
806 79 5
817 79 204
828 79 532
839 79 506
850 79 390
861 79 698
872 79 275
883 79 704
894 79 124
905 79 266
916 79 774
927 79 893
938 79 784
949 79 385
960 79 874
971 79 726
982 79 26
993 79 732
1004 79 285
1015 79 701
1026 79 289
1037 79 623
1048 79 170
1059 79 775
1070 79 482
1081 79 523
1092 79 555
1103 79 306
1114 79 253
1125 79 21
1136 79 893
1147 79 563
1158 79 496
1169 79 569
1180 79 458
1191 79 800
1202 79 872
1213 79 755
1224 79 798
1235 79 624
1246 79 865
1257 79 673
1268 79 624
1279 79 830
1290 79 561
1301 79 709
1312 79 755
1323 79 916
1334 79 980
1345 79 243
1356 79 654
1367 79 197
1378 79 40
1389 79 187
1400 79 527
1411 79 325
1422 79 58
1433 79 664
1444 79 891
1455 79 17
1466 79 56
1477 79 262
1488 79 65
1499 79 771
1510 79 251
1521 79 223
1532 79 52
1543 79 954
1554 79 645
1565 79 947
1576 79 511
1587 79 815
1598 79 957
1609 79 664
1620 79 822
1631 79 722
1642 79 899
1653 79 455
1664 79 322
1675 79 872
1686 79 349
1697 79 836
1708 79 769
1719 79 628
1730 79 380
1741 79 349
1752 79 962
1763 79 68
1774 79 371
1785 79 876
1796 79 274
1807 79 857
1818 79 587
1829 79 533
1840 79 604
1851 79 960
1862 79 12
1873 79 191
1884 79 988
1895 79 55
1906 79 347
1917 79 264
1928 79 40
1939 79 218
1950 79 204
1961 79 950
1972 79 104
1983 79 718
1994 79 927
2005 79 42
2016 79 631
2027 79 993
2038 79 444
2049 79 35
2060 79 846
2071 79 805
2082 79 423
2093 79 319
2104 79 303
2115 79 618
2126 79 178
2137 79 83
2148 79 33
2159 79 484
2170 79 16
2181 79 933
2192 79 362
2203 79 568
2214 79 887
2225 79 803
2236 79 649
2247 79 845
2258 79 982
2269 79 497
2280 79 950
2291 79 211
2302 79 418
2313 79 316
2324 79 942
2335 79 148
2346 79 36
2357 79 997
2368 79 617
2379 79 838
2390 79 578
2401 79 236
2412 79 754
2423 79 6
2434 79 80
2445 79 900
2456 79 667
2467 79 94
2478 79 980
2489 79 284
2500 79 384
2511 79 308
2522 79 155
2533 79 941
2544 79 176
2555 79 897
2566 79 634
2577 79 53
2588 79 362
2599 79 526
2610 79 375
2621 79 726
2632 79 717
2643 79 119
2654 79 94
2665 79 55
2676 79 58
2687 79 321
2698 79 166
2709 79 495
2720 79 531
2731 79 847
2742 79 267
2753 79 146
2764 79 170
2775 79 861
2786 79 441
2797 79 811
2808 79 681
2819 79 557
2830 79 663
2841 79 733
2852 79 773
2863 79 187
2874 79 40
2885 79 976
2896 79 955
2907 79 727
2918 79 806
2929 79 73
2940 79 425
2951 79 375
2962 79 207
2973 79 718
2984 79 198
2995 79 592