3000 80 21818 15 2000
187 438 215 161 373 217 319 67 394 361 77 330 93 311 488 483 442 339 158 239 76 128 299 213 112 100 388 316 78 396 194 359 307 340 178 86 14 24 167 131 445 339 353 140 298 182 49 489 500 211 45 140 350 453 287 472 47 403 321 438 27 64 129 134 82 272 259 130 65 321 110 446 258 173 235 47 125 253 132 250 216 178 390 141 79 405 430 273 483 80 145 95 27 176 388 462 436 311 399 336 326 312 265 21 423 75 135 393 23 173 170 155 366 445 290 87 128 322 111 472 310 397 419 308 409 163 428 135 474 130 418 36 480 341 150 461 210 208 220 283 84 459 453 493 89 226 224 64 34 360 307 477 291 231 53 313 484 479 498 328 129 181 343 141 133 362 294 326 135 156 473 278 220 268 309 319 480 98 411 403 36 165 91 224 388 271 443 227 451 401 188 458 338 84 487 124 250 337 249 299 416 451 479 433 82 442 95 316 476 305 181 487 317 385 387 385 31 107 376 102 214 385 299 116 326 398 203 475 374 288 124 334 152 301 303 81 178 408 490 54 473 82 405 73 281 160 327 237 336 314 422 35 196 205 31 488 111 455 304 470 54 326 407 68 233 84 242 97 498 86 498 265 464 357 487 491 157 198 441 106 98 364 336 270 38 372 44 160 349 189 143 197 161 148 292 482 126 407 279 411 148 375 50 179 488 213 72 482 352 129 190 32 242 299 443 444 320 264 178 473 394 201 93 17 119 364 154 436 334 170 195 273 30 307 411 139 279 295 212 491 187 208 19 162 488 241 251 201 500 96 153 54 346 488 29 132 498 209 32 373 389 295 91 340 459 380 447 445 113 137 239 296 484 67 75 26 264 146 353 320 262 275 424 88 485 459 115 331 385 466 63 57 281 414 140 298 65 348 383 395 146 121 412 38 426 261 237 281 339 264 178 358 97 197 34 181 257 465 324 206 135 66 274 177 418 210 48 439 454 100 473 351 408 60 473 335 411 410 297 81 210 249 265 477 78 203 281 243 113 133 70 354 151 172 54 52 359 471 469 19 460 111 294 154 190 477 107 95 188 177 219 297 319 116 476 312 199 176 336 411 294 45 96 388 81 141 211 127 450 41 74 115 285 139 277 220 238 205 409 257 249 357 441 338 429 138 116 241 346 365 253 101 311 55 377 476 373 409 305 173 326 420 101 57 346 182 359 105 152 74 475 458 185 290 112 260 173 452 169 113 213 140 470 32 366 258 250 322 252 12 131 295 314 486 461 106 392 467 270 88 170 199 133 227 270 178 221 335 497 89 81 485 157 65 108 474 410 346 224 340 295 237 373 373 329 99 437 181 327 60 118 51 357 457 414 317 336 21 317 347 153 144 271 85 138 114 125 307 64 408 172 26 282 253 13 196 478 387 373 131 133 32 411 442 364 405 319 445 377 20 320 31 384 423 216 65 325 316 371 99 412 85 336 211 56 312 303 155 94 245 182 316 457 469 118 33 69 263 115 323 452 439 363 124 322 255 278 399 217 149 147 336 48 282 496 387 478 373 259 387 228 414 343 384 321 341 68 207 446 259 471 406 308 198 266 99 105 169 98 110 64 373 427 272 31 46 387 176 139 192 334 12 167 20 181 75 407 226 308 81 467 88 331 469 234 20 219 320 43 43 103 166 311 279 430 199 483 445 428 395 226 172 90 302 301 465 294 355 403 270 401 442 98 322 100 307 325 45 318 155 238 310 311 489 132 43 129 290 70 129 258 262 472 152 171 83 383 400 462 449 238 457 435 77 216 144 403 61 280 432 491 419 81 98 156 304 205 236 129 385 277 495 238 18 457 210 270 209 63 336 51 375 291 324 159 14 387 479 34 14 27 116 411 388 72 399 98 232 258 320 439 396 11 369 232 487 21 186 169 171 267 340 164 85 368 238 254 60 423 12 108 430 423 200 194 257 111 303 250 90 451 410 42 376 344 61 131 343 159 215 282 95 235 304 192 299 142 276 322 412 152 364 497 327 304 226 315 358 130 461 368 248 273 478 323 328 231 148 133 479 431 401 84 481 444 125 358 485 102 137 165 215 481 80 10 201 300 226 150 318 356 58 259 475 220 98 62 82 170 446 82 418 69 198 294 196 333 338 376 461 214 191 341 454 203 387 427 467 125 24 132 444 435 227 122 99 430 150 397 215 26 152 94 425 449 101 115 27 473 127 442 294 45 366 485 328 11 463 156 166 442 96 39 41 434 414 81 375 50 123 267 284 33 347 441 419 138 463 237 295 311 425 129 465 312 462 233 284 454 37 342 313 244 146 226 98 445 50 343 10 67 232 218 395 287 341 234 241 263 206 251 306 410 205 68 173 120 414 443 103 280 368 477 37 225 189 255 77 110 32 215 163 127 441 360 331 388 78 151 451 300 333 144 135 247 442 184 13 98 43 190 394 351 66 339 307 260 426 478 213 216 216 466 60 217 418 357 373 454 376 288 427 313 330 442 466 316 345 493 63 291 188 42 422 283 197 246 32 327 185 15 74 279 90 308 35 125 328 102 14 334 109 468 84 232 37 210 395 223 462 178 323 177 401 430 253 147 308 229 427 403 91 228 317 323 340 277 198 298 61 237 449 391 154 371 141 498 109 35 215 90 214 484 145 83 47 354 237 419 296 435 167 297 271 97 239 460 67 386 140 228 124 421 297 406 394 174 68 186 383 295 54 284 277 444 227 225 138 433 33 100 198 383 205 363 103 219 404 39 44 190 246 62 299 200 329 279 32 490 249 206 111 498 330 14 114 286 145 109 341 181 222 331 227 47 185 240 369 194 232 221 58 388 222 418 434 244 294 115 156 233 175 29 474 380 456 454 159 204 410 463 58 312 198 171 260 121 283 460 72 109 100 397 441 156 234 206 402 393 184 234 28 66 390 111 481 302 130 481 170 281 96 181 115 448 445 409 13 371 413 82 135 76 485 307 91 106 263 474 93 86 453 174 319 227 133 450 392 427 262 306 212 356 316 409 381 13 48 104 168 40 51 121 199 241 478 348 461 459 103 199 385 378 317 165 480 449 249 49 500 458 215 87 180 328 250 367 235 57 336 144 283 181 214 53 64 434 246 144 427 484 470 40 296 97 156 52 475 38 53 149 241 204 140 470 26 485 216 29 163 174 485 206 335 392 145 137 415 459 318 33 57 489 500 189 129 304 308 367 312 397 280 18 160 334 34 105 51 68 117 43 453 301 461 313 12 45 65 457 497 319 254 424 481 333 419 173 211 54 50 275 379 481 205 115 351 98 331 292 265 227 207 86 299 106 35 422 361 316 233 126 427 418 295 252 416 433 29 178 101 108 411 257 26 86 161 212 367 493 388 194 250 88 358 463 56 231 113 419 441 27 65 382 329 187 51 11 400 461 311 376 77 425 49 291 196 484 100 309 256 53 480 362 456 170 121 434 211 127 259 323 313 156 454 79 155 279 13 306 334 232 239 268 487 415 288 39 141 113 453 174 223 466 91 75 267 418 444 482 96 159 291 298 494 24 109 55 226 495 399 482 80 324 65 472 140 189 377 103 348 131 284 219 63 244 461 432 57 107 414 355 191 129 51 64 400 125 356 279 90 470 499 205 461 258 247 157 25 264 110 349 75 206 32 466 206 289 239 225 133 410 493 306 175 275 136 100 239 127 312 147 78 92 333 310 73 347 422 20 12 471 120 464 43 418 496 362 57 204 257 41 271 146 469 453 358 50 26 361 256 290 232 184 227 382 25 430 257 284 492 274 398 443 224 370 185 292 352 388 36 82 145 378 118 369 406 40 164 106 419 170 13 135 344 263 472 423 323 312 214 115 325 474 43 464 214 394 269 115 228 290 293 228 390 209 21 93 207 256 43 469 449 357 198 396 440 247 197 242 410 52 276 33 337 21 241 78 30 345 251 390 268 418 322 408 285 314 143 442 252 251 153 478 140 335 351 174 76 288 227 238 144 415 118 295 246 479 362 17 461 410 145 295 219 366 154 307 395 69 409 29 75 492 448 474 318 450 263 288 421 279 154 58 93 407 452 276 470 251 90 193 401 22 14 472 462 78 199 425 388 131 213 360 186 132 177 432 264 90 17 496 41 444 147 175 478 160 461 460 340 145 51 10 45 402 246 451 446 415 120 72 286 437 206 498 206 61 250 415 169 101 71 159 346 260 35 378 439 371 193 152 325 29 101 404 331 383 401 260 56 343 317 474 446 236 284 449 217 407 193 49 408 236 357 46 353 364 238 37 83 348 35 462 472 128 303 134 144 378 425 403 384 201 303 203 445 114 28 406 464 290 165 248 439 248 442 154 220 313 65 340 46 273 89 326 406 404 160 111 428 157 380 396 256 66 370 197 287 32 495 332 447 255 36 41 461 481 215 447 320 117 457 195 407 477 478 211 453 75 252 169 30 140 317 419 257 88 183 479 367 92 363 410 328 230 89 265 109 225 211 57 68 18 479 477 453 36 426 62 438 223 463 340 242 253 494 441 185 11 44 35 96 418 310 13 142 246 472 93 236 491 402 335 352 36 133 462 53 24 257 319 57 82 145 383 128 14 256 193 311 380 331 447 430 382 20 275 275 98 32 210 256 54 276 243 252 53 341 419 399 366 215 71 438 234 144 123 375 444 450 230 317 73 118 426 44 399 322 155 160 99 85 157 398 458 313 333 200 457 208 375 154 208 73 257 487 266 242 16 71 74 342 418 339 98 352 351 381 123 17 86 355 386 50 44 496 356 448 99 260 374 383 392 335 268 456 195 393 449 203 133 250 152 376 318 452 385 293 135 401 106 206 412 429 179 167 206 458 38 334 181 472 307 301 97 289 456 465 320 496 206 268 51 339 374 497 348 72 281 168 452 179 366 420 34 277 209 299 261 281 460 370 208 213 419 188 58 189 426 401 439 63 450 59 414 352 203 56 307 85 159 339 17 163 103 57 452 488 240 167 161 140 355 211 394 465 439 293 280 123 180 92 474 371 80 299 332 452 470 128 130 335 34 334 159 393 122 198 132 488 263 267 304 45 38 420 381 144 273 140 444 370 459 150 324 197 401 216 419 201 190 344 235 364 345 172 444 181 288 328 18 41 90 66 411 103 346 352 271 287 368 185 14 452 296 267 433 309 30 476 339 188 468 164 435 74 359 231 373 455 85 12 435 324 111 102 82 151 268 207 497 181 11 304 27 292 173 459 176 120 409 251 389 479 200 452 328 414 366 163 254 256 269 142 224 340 343 216 491 488 296 492 192 96 25 335 308 274 23 42 191 30 435 319 191 198 312 451 61 468 56 247 214 339 70 260 412 378 59 314 297 480 384 169 49 125 152 321 24 341 185 475 77 280 165 292 410 488 414 127 15 289 130 331 13 242 309 93 193 195 277 181 64 244 177 49 180 100 181 483 499 449 433 17 42 272 491 220 211 467 335 407 241 444 179 358 327 114 308 97 404 47 329 160 435 254 466 392 223 356 464 325 146 170 300 465 103 67 191 64 41 191 164 126 23 51 418 419 396 230 235 403 326 240 446 220 259 143 358 160 411 124 175 181 125 212 104 184 303 59 116 18 27 98 83 81 405 36 213 126 32 190 457 76 346 192 373 272 226 152 311 442 424 314 164 227 384 468 96 210 105 498 134 128 155 457 11 46 241 21 71 248 232 275 60 441 77 335 85 91 269 72 135 369 27 83 85 64 490 370 481 441 46 51 258 322 329 244 396 310 291 343 71 245 260 379 248 154 124 454 89 441 382 381 443 59 164 368 297 481 255 246 149 406 72 458 290 398 77 500 276 58 300 230 298 462 408 444 153 185 333 175 44 228 371 495 452 440 286 180 240 171 314 381 393 126 383 384 327 216 339 83 437 113 139 189 293 292 130 310 71 250 255 64 238 189 174 79 401 348 80 295 349 10 154 148 81 123 392 463 190 149 144 370 292 67 455 286 51 264 161 279 97 435 82 498 448 189 261 234 371 157 113 382 20 329 460 189 226 117 460 276 287 164 59 167 90 327 96 178 322 306 256 441 151 482 276 322 467 65 44 318 186 459 323 240 109 494 342 103 43 199 287 72 483 460 241 479 166 371 55 76 71 142 459 276 499 109 124 269 198 244 160 106 68 470 312 331 254 324 441 132 288 469 299 54 63 372 130 262 477 78 116 142 133 430 54 306 206 359 397 283 256 389 275 77 119 225 355 421 31 359 387 387 481 83 462 133 379 460 54 359 98 170 395 295 216 69 349 254 107 231 15 309 266 487 435 415 422 156 395 159 21 500 453 132 154 97 417 136 263 14 371 31 288 368 432 68 386 218 82 370 88 75 296 217 92 72 119 280 397 49 227 146 211 210 300 50 277 375 468 353 163 295 275 412 68 47 267 225 186 283 484 341 26 167 178 288 475 12 10 148 488 195 65 416 320 268 297 75 28 103 126 401 95 213 306 163 447 337 454 144 114 130 193 141 447 117 353 426 261 284 442 221 29 213 453 480 238 147 12 80 104 49 489 160 202 210 362 162 216 336 353 483 348 35 74 51 455 208 108 150 242 116 423 418 296 428 216 301 412 228 123 239 404 53 386 393 341 445 489 327 195 451 369 128 129 243 174 401 454 298 114 230 328 337 460 437 131 113 214 148 45 459 330 444 393 16 276 436 185 346 242 320 135 94 499 184 304 277 86 353 313 202 205 479 25 296 468 420 126 10 325 52 210 78 192 451 265 310 132 116 288 297 199 284 398 244 441 57 452 374 151 192 177 185 147 275 457 401 493 149 462 403 75 31 194 202 54 193
794 5
1 359
4 112
7 358
10 412
13 33
559 5
0 337
3 440
6 199
9 461
12 457
638 5
2 11
5 421
8 197
11 39
14 460
396 5
1 362
4 141
7 157
10 186
13 175
270 5
0 215
3 16
6 170
9 145
12 119
931 5
2 240
5 164
8 447
11 183
14 189
889 5
1 338
4 175
7 25
10 325
13 150
369 5
0 207
3 330
6 28
9 81
12 199
712 5
2 427
5 188
8 96
11 269
14 231
608 5
1 30
4 251
7 181
10 409
13 85
749 5
0 376
3 29
6 367
9 175
12 451
280 5
2 127
5 223
8 212
11 158
14 125
463 5
1 47
4 93
7 23
10 452
13 152
988 5
0 400
3 403
6 316
9 136
12 114
245 5
2 19
5 203
8 227
11 20
14 1
834 5
1 191
4 196
7 282
10 443
13 192
191 5
0 116
3 150
6 188
9 37
12 152
972 5
2 320
5 292
8 180
11 401
14 61
893 5
1 60
4 82
7 251
10 7
13 88
702 5
0 351
3 210
6 122
9 225
12 368
943 5
2 53
5 288
8 239
11 263
14 448
915 5
1 221
4 66
7 409
10 185
13 433
607 5
0 123
3 224
6 71
9 125
12 108
848 5
2 232
5 419
8 103
11 76
14 123
802 5
1 325
4 369
7 227
10 277
13 282
264 5
0 3
3 104
6 49
9 54
12 1
827 5
2 415
5 396
8 478
11 412
14 399
394 5
1 132
4 47
7 297
10 220
13 219
134 5
0 33
3 18
6 5
9 84
12 3
117 5
2 8
5 26
8 45
11 102
14 73
812 5
1 438
4 47
7 263
10 282
13 48
717 5
0 61
3 109
6 83
9 464
12 191
612 5
2 328
5 420
8 29
11 240
14 25
855 5
1 47
4 119
7 43
10 485
13 245
451 5
0 362
3 40
6 123
9 146
12 46
357 5
2 160
5 88
8 15
11 212
14 278
469 5
1 403
4 319
7 393
10 450
13 251
661 5
0 375
3 170
6 332
9 24
12 399
104 5
2 10
5 15
8 28
11 59
14 51
732 5
1 125
4 334
7 206
10 195
13 452
258 5
0 14
3 74
6 12
9 37
12 9
179 5
2 147
5 99
8 165
11 115
14 24
757 5
1 328
4 494
7 201
10 155
13 357
370 5
0 331
3 54
6 249
9 223
12 87
981 5
2 211
5 39
8 431
11 126
14 21
668 5
1 137
4 352
7 246
10 219
13 270
752 5
0 404
3 123
6 50
9 267
12 480
798 5
2 478
5 350
8 499
11 186
14 451
824 5
1 434
4 388
7 123
10 389
13 80
173 5
0 74
3 139
6 36
9 136
12 59
288 5
2 132
5 176
8 7
11 171
14 158
881 5
1 370
4 210
7 63
10 215
13 131
830 5
0 500
3 243
6 64
9 495
12 114
149 5
2 49
5 20
8 137
11 140
14 49
125 5
1 120
4 103
7 33
10 18
13 19
591 5
0 40
3 312
6 29
9 102
12 91
941 5
2 42
5 287
8 284
11 298
14 398
717 5
1 161
4 199
7 478
10 28
13 386
262 5
0 157
3 166
6 120
9 93
12 142
374 5
2 17
5 162
8 12
11 309
14 140
744 5
1 313
4 304
7 168
10 73
13 373
664 5
0 385
3 26
6 452
9 76
12 40
924 5
2 483
5 295
8 417
11 499
14 192
509 5
1 125
4 475
7 269
10 383
13 412
234 5
0 97
3 99
6 187
9 148
12 161
904 5
2 154
5 384
8 69
11 425
14 461
189 5
1 130
4 23
7 118
10 74
13 106
194 5
0 188
3 77
6 43
9 19
12 111
512 5
2 3
5 481
8 239
11 421
14 143
194 5
1 106
4 59
7 23
10 184
13 96
592 5
0 90
3 315
6 255
9 4
12 48
626 5
2 492
5 70
8 305
11 140
14 158
398 5
1 333
4 16
7 60
10 162
13 291
701 5
0 358
3 55
6 22
9 222
12 355
755 5
2 368
5 236
8 66
11 468
14 48
186 5
1 144
4 63
7 9
10 118
13 139
156 5
0 131
3 19
6 5
9 24
12 108
491 5
2 94
5 409
8 200
11 95
14 293
884 5
1 439
4 250
7 425
10 245
13 139
276 5
0 255
3 103
6 99
9 115
12 156
9 0 739
20 0 498
31 0 489
42 0 410
53 0 727
64 0 983
75 0 611
86 0 99
97 0 785
108 0 366
119 0 472
130 0 800
141 0 87
152 0 889
163 0 277
174 0 835
185 0 67
196 0 592
207 0 153
218 0 875
229 0 356
240 0 869
251 0 542
262 0 449
273 0 955
284 0 864
295 0 474
306 0 55
317 0 355
328 0 31
339 0 389
350 0 434
361 0 538
372 0 956
383 0 473
394 0 894
405 0 828
416 0 688
427 0 824
438 0 359
449 0 534
460 0 816
471 0 88
482 0 925
493 0 590
504 0 886
515 0 242
526 0 191
537 0 275
548 0 638
559 0 329
570 0 59
581 0 201
592 0 289
603 0 700
614 0 611
625 0 538
636 0 647
647 0 569
658 0 427
669 0 447
680 0 773
691 0 428
702 0 757
713 0 220
724 0 521
735 0 706
746 0 215
757 0 657
768 0 214
779 0 261
790 0 720
801 0 55
812 0 46
823 0 662
834 0 604
845 0 616
856 0 922
867 0 354
878 0 52
889 0 67
900 0 581
911 0 373
922 0 373
933 0 877
944 0 327
955 0 470
966 0 204
977 0 972
988 0 681
999 0 926
1010 0 74
1021 0 689
1032 0 925
1043 0 110
1054 0 914
1065 0 647
1076 0 998
1087 0 449
1098 0 480
1109 0 907
1120 0 471
1131 0 576
1142 0 232
1153 0 304
1164 0 615
1175 0 134
1186 0 679
1197 0 473
1208 0 900
1219 0 319
1230 0 828
1241 0 590
1252 0 917
1263 0 762
1274 0 97
1285 0 346
1296 0 161
1307 0 751
1318 0 319
1329 0 841
1340 0 355
1351 0 838
1362 0 620
1373 0 389
1384 0 469
1395 0 731
1406 0 747
1417 0 204
1428 0 606
1439 0 141
1450 0 551
1461 0 738
1472 0 959
1483 0 320
1494 0 35
1505 0 393
1516 0 402
1527 0 665
1538 0 93
1549 0 352
1560 0 220
1571 0 232
1582 0 531
1593 0 643
1604 0 606
1615 0 195
1626 0 884
1637 0 935
1648 0 387
1659 0 894
1670 0 781
1681 0 491
1692 0 953
1703 0 226
1714 0 546
1725 0 666
1736 0 591
1747 0 728
1758 0 638
1769 0 993
1780 0 45
1791 0 58
1802 0 130
1813 0 520
1824 0 88
1835 0 28
1846 0 730
1857 0 823
1868 0 183
1879 0 946
1890 0 708
1901 0 287
1912 0 958
1923 0 733
1934 0 414
1945 0 316
1956 0 53
1967 0 97
1978 0 344
1989 0 260
2000 0 294
2011 0 338
2022 0 218
2033 0 82
2044 0 864
2055 0 995
2066 0 303
2077 0 900
2088 0 834
2099 0 202
2110 0 272
2121 0 514
2132 0 287
2143 0 151
2154 0 201
2165 0 965
2176 0 625
2187 0 148
2198 0 437
2209 0 766
2220 0 659
2231 0 250
2242 0 554
2253 0 308
2264 0 778
2275 0 941
2286 0 459
2297 0 742
2308 0 930
2319 0 817
2330 0 587
2341 0 802
2352 0 439
2363 0 750
2374 0 388
2385 0 622
2396 0 185
2407 0 220
2418 0 958
2429 0 932
2440 0 183
2451 0 423
2462 0 704
2473 0 913
2484 0 197
2495 0 52
2506 0 805
2517 0 627
2528 0 348
2539 0 572
2550 0 562
2561 0 116
2572 0 194
2583 0 493
2594 0 580
2605 0 392
2616 0 657
2627 0 756
2638 0 631
2649 0 950
2660 0 244
2671 0 895
2682 0 845
2693 0 563
2704 0 427
2715 0 233
2726 0 714
2737 0 253
2748 0 361
2759 0 461
2770 0 303
2781 0 287
2792 0 568
2803 0 767
2814 0 287
2825 0 197
2836 0 438
2847 0 643
2858 0 123
2869 0 4
2880 0 678
2891 0 338
2902 0 692
2913 0 650
2924 0 819
2935 0 706
2946 0 530
2957 0 196
2968 0 234
2979 0 530
2990 0 882
0 1 793
11 1 736
22 1 236
33 1 114
44 1 973
55 1 149
66 1 194
77 1 257
88 1 410
99 1 841
110 1 151
121 1 520
132 1 826
143 1 926
154 1 487
165 1 897
176 1 237
187 1 338
198 1 226
209 1 326
220 1 942
231 1 523
242 1 7
253 1 465
264 1 648
275 1 727
286 1 395
297 1 498
308 1 740
319 1 499
330 1 277
341 1 340
352 1 15
363 1 357
374 1 633
385 1 971
396 1 689
407 1 175
418 1 366
429 1 192
440 1 438
451 1 290
462 1 222
473 1 510
484 1 856
495 1 609
506 1 894
517 1 888
528 1 384
539 1 700
550 1 391
561 1 421
572 1 400
583 1 625
594 1 115
605 1 230
616 1 749
627 1 241
638 1 357
649 1 633
660 1 857
671 1 931
682 1 773
693 1 790
704 1 619
715 1 966
726 1 591
737 1 345
748 1 534
759 1 237
770 1 485
781 1 161
792 1 322
803 1 703
814 1 264
825 1 393
836 1 178
847 1 905
858 1 506
869 1 854
880 1 210
891 1 693
902 1 80
913 1 115
924 1 900
935 1 375
946 1 823
957 1 777
968 1 866
979 1 450
990 1 555
1001 1 907
1012 1 278
1023 1 230
1034 1 272
1045 1 648
1056 1 382
1067 1 338
1078 1 329
1089 1 993
1100 1 522
1111 1 332
1122 1 228
1133 1 995
1144 1 818
1155 1 527
1166 1 990
1177 1 854
1188 1 937
1199 1 108
1210 1 119
1221 1 368
1232 1 27
1243 1 219
1254 1 693
1265 1 947
1276 1 417
1287 1 842
1298 1 738
1309 1 661
1320 1 556
1331 1 480
1342 1 287
1353 1 443
1364 1 823
1375 1 433
1386 1 154
1397 1 574
1408 1 539
1419 1 214
1430 1 159
1441 1 916
1452 1 843
1463 1 52
1474 1 499
1485 1 634
1496 1 518
1507 1 310
1518 1 101
1529 1 312
1540 1 176
1551 1 210
1562 1 266
1573 1 967
1584 1 809
1595 1 475
1606 1 82
1617 1 849
1628 1 938
1639 1 649
1650 1 306
1661 1 606
1672 1 876
1683 1 609
1694 1 332
1705 1 749
1716 1 262
1727 1 807
1738 1 737
1749 1 580
1760 1 819
1771 1 274
1782 1 762
1793 1 948
1804 1 656
1815 1 71
1826 1 41
1837 1 860
1848 1 708
1859 1 336
1870 1 596
1881 1 25
1892 1 463
1903 1 831
1914 1 726
1925 1 566
1936 1 204
1947 1 392
1958 1 380
1969 1 93
1980 1 602
1991 1 665
2002 1 541
2013 1 302
2024 1 62
2035 1 211
2046 1 156
2057 1 137
2068 1 375
2079 1 639
2090 1 296
2101 1 40
2112 1 507
2123 1 708
2134 1 667
2145 1 939
2156 1 120
2167 1 479
2178 1 505
2189 1 523
2200 1 373
2211 1 924
2222 1 351
2233 1 52
2244 1 403
2255 1 455
2266 1 13
2277 1 3
2288 1 212
2299 1 124
2310 1 289
2321 1 132
2332 1 874
2343 1 839
2354 1 577
2365 1 59
2376 1 426
2387 1 334
2398 1 953
2409 1 264
2420 1 756
2431 1 113
2442 1 668
2453 1 280
2464 1 45
2475 1 213
2486 1 239
2497 1 16
2508 1 598
2519 1 446
2530 1 112
2541 1 213
2552 1 673
2563 1 94
2574 1 716
2585 1 627
2596 1 739
2607 1 433
2618 1 468
2629 1 78
2640 1 192
2651 1 82
2662 1 258
2673 1 298
2684 1 320
2695 1 448
2706 1 237
2717 1 403
2728 1 114
2739 1 364
2750 1 531
2761 1 213
2772 1 851
2783 1 613
2794 1 747
2805 1 105
2816 1 462
2827 1 245
2838 1 610
2849 1 784
2860 1 405
2871 1 112
2882 1 416
2893 1 434
2904 1 179
2915 1 426
2926 1 343
2937 1 151
2948 1 450
2959 1 29
2970 1 345
2981 1 464
2992 1 118
2 2 93
13 2 871
24 2 902
35 2 299
46 2 336
57 2 212
68 2 290
79 2 46
90 2 901
101 2 409
112 2 723
123 2 405
134 2 206
145 2 414
156 2 999
167 2 644
178 2 233
189 2 101
200 2 26
211 2 931
222 2 192
233 2 307
244 2 401
255 2 152
266 2 949
277 2 49
288 2 304
299 2 838
310 2 510
321 2 564
332 2 580
343 2 326
354 2 143
365 2 560
376 2 23
387 2 38
398 2 589
409 2 210
420 2 178
431 2 848
442 2 918
453 2 729
464 2 2
475 2 185
486 2 621
497 2 149
508 2 63
519 2 638
530 2 699
541 2 692
552 2 37
563 2 662
574 2 409
585 2 539
596 2 859
607 2 916
618 2 194
629 2 861
640 2 596
651 2 524
662 2 828
673 2 603
684 2 796
695 2 286
706 2 721
717 2 402
728 2 218
739 2 770
750 2 631
761 2 212
772 2 991
783 2 896
794 2 370
805 2 48
816 2 449
827 2 936
838 2 68
849 2 246
860 2 262
871 2 499
882 2 3
893 2 123
904 2 863
915 2 715
926 2 786
937 2 673
948 2 627
959 2 796
970 2 402
981 2 851
992 2 613
1003 2 303
1014 2 887
1025 2 674
1036 2 557
1047 2 856
1058 2 729
1069 2 185
1080 2 141
1091 2 401
1102 2 267
1113 2 780
1124 2 257
1135 2 652
1146 2 273
1157 2 471
1168 2 318
1179 2 894
1190 2 934
1201 2 455
1212 2 754
1223 2 538
1234 2 589
1245 2 822
1256 2 747
1267 2 749
1278 2 339
1289 2 647
1300 2 776
1311 2 794
1322 2 360
1333 2 595
1344 2 1000
1355 2 605
1366 2 684
1377 2 585
1388 2 837
1399 2 788
1410 2 562
1421 2 877
1432 2 511
1443 2 185
1454 2 942
1465 2 904
1476 2 913
1487 2 867
1498 2 320
1509 2 593
1520 2 341
1531 2 545
1542 2 836
1553 2 640
1564 2 324
1575 2 400
1586 2 960
1597 2 190
1608 2 996
1619 2 683
1630 2 540
1641 2 291
1652 2 465
1663 2 581
1674 2 843
1685 2 418
1696 2 653
1707 2 510
1718 2 119
1729 2 673
1740 2 741
1751 2 674
1762 2 418
1773 2 245
1784 2 40
1795 2 896
1806 2 788
1817 2 671
1828 2 82
1839 2 789
1850 2 823
1861 2 453
1872 2 803
1883 2 99
1894 2 667
1905 2 76
1916 2 327
1927 2 627
1938 2 196
1949 2 586
1960 2 542
1971 2 273
1982 2 973
1993 2 273
2004 2 518
2015 2 111
2026 2 904
2037 2 795
2048 2 70
2059 2 551
2070 2 287
2081 2 769
2092 2 576
2103 2 987
2114 2 952
2125 2 412
2136 2 546
2147 2 311
2158 2 663
2169 2 955
2180 2 678
2191 2 342
2202 2 560
2213 2 463
2224 2 807
2235 2 354
2246 2 624
2257 2 257
2268 2 754
2279 2 328
2290 2 4
2301 2 1000
2312 2 506
2323 2 199
2334 2 706
2345 2 576
2356 2 802
2367 2 477
2378 2 5
2389 2 841
2400 2 169
2411 2 910
2422 2 502
2433 2 28
2444 2 249
2455 2 274
2466 2 509
2477 2 731
2488 2 428
2499 2 42
2510 2 10
2521 2 720
2532 2 285
2543 2 837
2554 2 283
2565 2 522
2576 2 273
2587 2 883
2598 2 774
2609 2 699
2620 2 711
2631 2 646
2642 2 799
2653 2 234
2664 2 211
2675 2 474
2686 2 873
2697 2 859
2708 2 618
2719 2 472
2730 2 623
2741 2 863
2752 2 258
2763 2 792
2774 2 908
2785 2 718
2796 2 207
2807 2 311
2818 2 427
2829 2 482
2840 2 819
2851 2 746
2862 2 818
2873 2 450
2884 2 556
2895 2 910
2906 2 663
2917 2 706
2928 2 411
2939 2 40
2950 2 516
2961 2 366
2972 2 123
2983 2 588
2994 2 494
4 3 146
15 3 69
26 3 223
37 3 73
48 3 287
59 3 651
70 3 406
81 3 193
92 3 308
103 3 847
114 3 829
125 3 342
136 3 475
147 3 52
158 3 148
169 3 867
180 3 889
191 3 454
202 3 26
213 3 495
224 3 62
235 3 646
246 3 1000
257 3 841
268 3 55
279 3 230
290 3 235
301 3 421
312 3 277
323 3 109
334 3 464
345 3 563
356 3 392
367 3 66
378 3 91
389 3 700
400 3 298
411 3 633
422 3 404
433 3 797
444 3 863
455 3 90
466 3 727
477 3 905
488 3 137
499 3 742
510 3 211
521 3 546
532 3 841
543 3 294
554 3 836
565 3 977
576 3 194
587 3 392
598 3 771
609 3 738
620 3 508
631 3 346
642 3 856
653 3 797
664 3 702
675 3 649
686 3 276
697 3 768
708 3 538
719 3 883
730 3 156
741 3 914
752 3 898
763 3 755
774 3 497
785 3 504
796 3 460
807 3 641
818 3 832
829 3 420
840 3 813
851 3 344
862 3 793
873 3 628
884 3 516
895 3 967
906 3 378
917 3 635
928 3 201
939 3 457
950 3 312
961 3 46
972 3 595
983 3 763
994 3 82
1005 3 760
1016 3 862
1027 3 642
1038 3 171
1049 3 93
1060 3 754
1071 3 917
1082 3 515
1093 3 464
1104 3 480
1115 3 516
1126 3 987
1137 3 669
1148 3 233
1159 3 164
1170 3 191
1181 3 964
1192 3 559
1203 3 267
1214 3 104
1225 3 454
1236 3 432
1247 3 321
1258 3 20
1269 3 562
1280 3 306
1291 3 15
1302 3 998
1313 3 750
1324 3 100
1335 3 354
1346 3 982
1357 3 14
1368 3 503
1379 3 693
1390 3 153
1401 3 59
1412 3 137
1423 3 628
1434 3 219
1445 3 465
1456 3 986
1467 3 5
1478 3 731
1489 3 455
1500 3 809
1511 3 325
1522 3 232
1533 3 337
1544 3 90
1555 3 336
1566 3 738
1577 3 451
1588 3 204
1599 3 554
1610 3 51
1621 3 45
1632 3 398
1643 3 238
1654 3 837
1665 3 971
1676 3 517
1687 3 400
1698 3 125
1709 3 952
1720 3 24
1731 3 143
1742 3 930
1753 3 520
1764 3 201
1775 3 809
1786 3 975
1797 3 43
1808 3 221
1819 3 664
1830 3 413
1841 3 821
1852 3 128
1863 3 625
1874 3 474
1885 3 347
1896 3 577
1907 3 916
1918 3 873
1929 3 58
1940 3 740
1951 3 64
1962 3 618
1973 3 675
1984 3 925
1995 3 44
2006 3 893
2017 3 451
2028 3 515
2039 3 150
2050 3 837
2061 3 950
2072 3 208
2083 3 707
2094 3 181
2105 3 906
2116 3 313
2127 3 610
2138 3 524
2149 3 918
2160 3 177
2171 3 650
2182 3 15
2193 3 833
2204 3 937
2215 3 463
2226 3 935
2237 3 119
2248 3 155
2259 3 209
2270 3 30
2281 3 807
2292 3 684
2303 3 907
2314 3 480
2325 3 48
2336 3 418
2347 3 848
2358 3 214
2369 3 325
2380 3 79
2391 3 729
2402 3 402
2413 3 286
2424 3 565
2435 3 336
2446 3 571
2457 3 517
2468 3 597
2479 3 392
2490 3 232
2501 3 910
2512 3 574
2523 3 6
2534 3 262
2545 3 221
2556 3 419
2567 3 233
2578 3 480
2589 3 385
2600 3 185
2611 3 744
2622 3 53
2633 3 669
2644 3 807
2655 3 946
2666 3 879
2677 3 833
2688 3 681
2699 3 796
2710 3 691
2721 3 560
2732 3 838
2743 3 345
2754 3 181
2765 3 602
2776 3 565
2787 3 888
2798 3 572
2809 3 294
2820 3 619
2831 3 965
2842 3 454
2853 3 561
2864 3 161
2875 3 462
2886 3 792
2897 3 447
2908 3 171
2919 3 750
2930 3 855
2941 3 759
2952 3 417
2963 3 255
2974 3 672
2985 3 293
2996 3 338
6 4 560
17 4 100
28 4 460
39 4 470
50 4 844
61 4 394
72 4 97
83 4 324
94 4 99
105 4 297
116 4 780
127 4 117
138 4 9
149 4 882
160 4 334
171 4 885
182 4 199
193 4 862
204 4 865
215 4 415
226 4 615
237 4 452
248 4 901
259 4 500
270 4 96
281 4 778
292 4 198
303 4 624
314 4 944
325 4 612
336 4 408
347 4 259
358 4 352
369 4 95
380 4 466
391 4 788
402 4 847
413 4 154
424 4 1
435 4 39
446 4 406
457 4 43
468 4 198
479 4 435
490 4 386
501 4 454
512 4 395
523 4 887
534 4 622
545 4 410
556 4 918
567 4 176
578 4 114
589 4 398
600 4 389
611 4 296
622 4 530
633 4 906
644 4 676
655 4 93
666 4 487
677 4 638
688 4 418
699 4 585
710 4 623
721 4 457
732 4 648
743 4 171
754 4 750
765 4 489
776 4 73
787 4 417
798 4 859
809 4 866
820 4 988
831 4 407
842 4 364
853 4 327
864 4 858
875 4 926
886 4 798
897 4 968
908 4 161
919 4 994
930 4 87
941 4 687
952 4 256
963 4 734
974 4 206
985 4 132
996 4 663
1007 4 477
1018 4 823
1029 4 866
1040 4 176
1051 4 556
1062 4 289
1073 4 273
1084 4 216
1095 4 539
1106 4 1
1117 4 378
1128 4 624
1139 4 605
1150 4 53
1161 4 690
1172 4 445
1183 4 926
1194 4 209
1205 4 949
1216 4 378
1227 4 355
1238 4 926
1249 4 984
1260 4 941
1271 4 460
1282 4 342
1293 4 853
1304 4 121
1315 4 603
1326 4 173
1337 4 62
1348 4 247
1359 4 923
1370 4 794
1381 4 254
1392 4 53
1403 4 629
1414 4 683
1425 4 764
1436 4 7
1447 4 405
1458 4 249
1469 4 89
1480 4 305
1491 4 835
1502 4 969
1513 4 661
1524 4 622
1535 4 877
1546 4 703
1557 4 783
1568 4 736
1579 4 833
1590 4 304
1601 4 666
1612 4 673
1623 4 718
1634 4 626
1645 4 291
1656 4 560
1667 4 994
1678 4 514
1689 4 634
1700 4 318
1711 4 358
1722 4 759
1733 4 799
1744 4 188
1755 4 541
1766 4 128
1777 4 84
1788 4 589
1799 4 769
1810 4 153
1821 4 89
1832 4 162
1843 4 788
1854 4 955
1865 4 531
1876 4 437
1887 4 750
1898 4 826
1909 4 688
1920 4 303
1931 4 527
1942 4 527
1953 4 178
1964 4 370
1975 4 426
1986 4 906
1997 4 993
2008 4 909
2019 4 972
2030 4 552
2041 4 959
2052 4 128
2063 4 678
2074 4 136
2085 4 85
2096 4 533
2107 4 321
2118 4 951
2129 4 166
2140 4 792
2151 4 15
2162 4 374
2173 4 995
2184 4 724
2195 4 119
2206 4 201
2217 4 123
2228 4 841
2239 4 151
2250 4 990
2261 4 563
2272 4 39
2283 4 103
2294 4 506
2305 4 757
2316 4 544
2327 4 282
2338 4 810
2349 4 928
2360 4 213
2371 4 667
2382 4 969
2393 4 26
2404 4 471
2415 4 589
2426 4 789
2437 4 278
2448 4 254
2459 4 232
2470 4 829
2481 4 843
2492 4 236
2503 4 40
2514 4 400
2525 4 976
2536 4 674
2547 4 74
2558 4 120
2569 4 495
2580 4 855
2591 4 741
2602 4 893
2613 4 616
2624 4 617
2635 4 600
2646 4 475
2657 4 757
2668 4 31
2679 4 689
2690 4 459
2701 4 99
2712 4 695
2723 4 581
2734 4 435
2745 4 880
2756 4 586
2767 4 354
2778 4 265
2789 4 860
2800 4 987
2811 4 461
2822 4 112
2833 4 390
2844 4 165
2855 4 864
2866 4 180
2877 4 670
2888 4 7
2899 4 571
2910 4 519
2921 4 347
2932 4 863
2943 4 637
2954 4 490
2965 4 598
2976 4 874
2987 4 950
2998 4 279
8 5 838
19 5 10
30 5 230
41 5 276
52 5 419
63 5 905
74 5 481
85 5 671
96 5 327
107 5 340
118 5 680
129 5 391
140 5 61
151 5 833
162 5 982
173 5 91
184 5 444
195 5 608
206 5 336
217 5 523
228 5 303
239 5 981
250 5 826
261 5 100
272 5 414
283 5 133
294 5 283
305 5 698
316 5 515
327 5 18
338 5 881
349 5 726
360 5 514
371 5 362
382 5 891
393 5 9
404 5 484
415 5 976
426 5 221
437 5 924
448 5 890
459 5 711
470 5 691
481 5 562
492 5 470
503 5 968
514 5 437
525 5 762
536 5 562
547 5 528
558 5 824
569 5 632
580 5 942
591 5 110
602 5 640
613 5 202
624 5 820
635 5 714
646 5 749
657 5 279
668 5 809
679 5 93
690 5 587
701 5 815
712 5 172
723 5 120
734 5 154
745 5 250
756 5 206
767 5 184
778 5 290
789 5 234
800 5 449
811 5 804
822 5 785
833 5 402
844 5 597
855 5 124
866 5 765
877 5 904
888 5 568
899 5 980
910 5 93
921 5 297
932 5 547
943 5 387
954 5 555
965 5 394
976 5 401
987 5 923
998 5 209
1009 5 906
1020 5 959
1031 5 584
1042 5 237
1053 5 346
1064 5 8
1075 5 637
1086 5 90
1097 5 236
1108 5 951
1119 5 968
1130 5 309
1141 5 895
1152 5 778
1163 5 717
1174 5 171
1185 5 722
1196 5 16
1207 5 599
1218 5 267
1229 5 675
1240 5 699
1251 5 112
1262 5 11
1273 5 382
1284 5 702
1295 5 348
1306 5 969
1317 5 687
1328 5 928
1339 5 167
1350 5 745
1361 5 248
1372 5 468
1383 5 178
1394 5 329
1405 5 147
1416 5 456
1427 5 882
1438 5 249
1449 5 467
1460 5 493
1471 5 595
1482 5 550
1493 5 134
1504 5 166
1515 5 778
1526 5 748
1537 5 906
1548 5 928
1559 5 493
1570 5 562
1581 5 830
1592 5 886
1603 5 57
1614 5 88
1625 5 178
1636 5 89
1647 5 451
1658 5 411
1669 5 669
1680 5 744
1691 5 634
1702 5 208
1713 5 601
1724 5 262
1735 5 242
1746 5 793
1757 5 912
1768 5 948
1779 5 904
1790 5 395
1801 5 158
1812 5 397
1823 5 311
1834 5 566
1845 5 434
1856 5 338
1867 5 927
1878 5 47
1889 5 763
1900 5 253
1911 5 345
1922 5 803
1933 5 422
1944 5 816
1955 5 598
1966 5 809
1977 5 67
1988 5 272
1999 5 422
2010 5 575
2021 5 466
2032 5 906
2043 5 212
2054 5 941
2065 5 848
2076 5 951
2087 5 339
2098 5 157
2109 5 452
2120 5 224
2131 5 697
2142 5 844
2153 5 781
2164 5 188
2175 5 562
2186 5 971
2197 5 339
2208 5 923
2219 5 645
2230 5 115
2241 5 281
2252 5 799
2263 5 385
2274 5 69
2285 5 322
2296 5 417
2307 5 56
2318 5 234
2329 5 447
2340 5 329
2351 5 823
2362 5 829
2373 5 918
2384 5 655
2395 5 180
2406 5 595
2417 5 570
2428 5 456
2439 5 558
2450 5 521
2461 5 639
2472 5 206
2483 5 987
2494 5 176
2505 5 536
2516 5 609
2527 5 129
2538 5 780
2549 5 811
2560 5 300
2571 5 394
2582 5 747
2593 5 19
2604 5 745
2615 5 339
2626 5 55
2637 5 397
2648 5 406
2659 5 492
2670 5 372
2681 5 336
2692 5 835
2703 5 639
2714 5 401
2725 5 951
2736 5 926
2747 5 542
2758 5 857
2769 5 429
2780 5 466
2791 5 560
2802 5 12
2813 5 220
2824 5 935
2835 5 751
2846 5 258
2857 5 860
2868 5 311
2879 5 444
2890 5 816
2901 5 837
2912 5 370
2923 5 853
2934 5 872
2945 5 60
2956 5 471
2967 5 855
2978 5 622
2989 5 198
10 6 571
21 6 582
32 6 89
43 6 219
54 6 89
65 6 875
76 6 607
87 6 835
98 6 154
109 6 23
120 6 900
131 6 23
142 6 85
153 6 204
164 6 475
175 6 162
186 6 649
197 6 629
208 6 968
219 6 328
230 6 393
241 6 388
252 6 191
263 6 954
274 6 400
285 6 210
296 6 793
307 6 979
318 6 188
329 6 769
340 6 383
351 6 6
362 6 22
373 6 135
384 6 493
395 6 686
406 6 217
417 6 75
428 6 104
439 6 171
450 6 901
461 6 308
472 6 224
483 6 412
494 6 46
505 6 594
516 6 718
527 6 653
538 6 65
549 6 384
560 6 519
571 6 94
582 6 364
593 6 51
604 6 771
615 6 593
626 6 840
637 6 407
648 6 546
659 6 122
670 6 871
681 6 926
692 6 341
703 6 256
714 6 156
725 6 498
736 6 579
747 6 593
758 6 214
769 6 82
780 6 201
791 6 122
802 6 386
813 6 463
824 6 746
835 6 49
846 6 121
857 6 681
868 6 798
879 6 57
890 6 488
901 6 907
912 6 813
923 6 150
934 6 605
945 6 236
956 6 354
967 6 569
978 6 939
989 6 841
1000 6 475
1011 6 461
1022 6 67
1033 6 144
1044 6 1
1055 6 582
1066 6 194
1077 6 432
1088 6 947
1099 6 958
1110 6 194
1121 6 499
1132 6 813
1143 6 584
1154 6 603
1165 6 202
1176 6 768
1187 6 753
1198 6 691
1209 6 990
1220 6 460
1231 6 223
1242 6 88
1253 6 449
1264 6 220
1275 6 472
1286 6 601
1297 6 364
1308 6 768
1319 6 188
1330 6 147
1341 6 852
1352 6 90
1363 6 183
1374 6 890
1385 6 316
1396 6 936
1407 6 978
1418 6 422
1429 6 747
1440 6 896
1451 6 628
1462 6 635
1473 6 960
1484 6 665
1495 6 638
1506 6 438
1517 6 126
1528 6 750
1539 6 568
1550 6 954
1561 6 480
1572 6 811
1583 6 305
1594 6 700
1605 6 84
1616 6 796
1627 6 688
1638 6 974
1649 6 291
1660 6 724
1671 6 666
1682 6 582
1693 6 624
1704 6 784
1715 6 305
1726 6 475
1737 6 948
1748 6 560
1759 6 300
1770 6 225
1781 6 621
1792 6 518
1803 6 341
1814 6 525
1825 6 473
1836 6 863
1847 6 73
1858 6 451
1869 6 546
1880 6 796
1891 6 797
1902 6 133
1913 6 626
1924 6 592
1935 6 574
1946 6 422
1957 6 295
1968 6 840
1979 6 292
1990 6 110
2001 6 419
2012 6 553
2023 6 512
2034 6 441
2045 6 437
2056 6 315
2067 6 97
2078 6 769
2089 6 681
2100 6 448
2111 6 61
2122 6 850
2133 6 808
2144 6 344
2155 6 142
2166 6 287
2177 6 594
2188 6 615
2199 6 397
2210 6 53
2221 6 223
2232 6 982
2243 6 7
2254 6 718
2265 6 162
2276 6 203
2287 6 877
2298 6 705
2309 6 913
2320 6 728
2331 6 392
2342 6 540
2353 6 283
2364 6 746
2375 6 294
2386 6 227
2397 6 683
2408 6 321
2419 6 322
2430 6 1
2441 6 236
2452 6 293
2463 6 78
2474 6 87
2485 6 8
2496 6 830
2507 6 283
2518 6 360
2529 6 97
2540 6 683
2551 6 444
2562 6 548
2573 6 299
2584 6 670
2595 6 968
2606 6 774
2617 6 670
2628 6 356
2639 6 801
2650 6 331
2661 6 589
2672 6 402
2683 6 244
2694 6 568
2705 6 920
2716 6 248
2727 6 382
2738 6 152
2749 6 598
2760 6 184
2771 6 1000
2782 6 951
2793 6 617
2804 6 761
2815 6 758
2826 6 274
2837 6 409
2848 6 148
2859 6 49
2870 6 953
2881 6 198
2892 6 619
2903 6 545
2914 6 220
2925 6 116
2936 6 849
2947 6 957
2958 6 104
2969 6 835
2980 6 545
2991 6 446
1 7 220
12 7 132
23 7 977
34 7 833
45 7 332
56 7 140
67 7 170
78 7 37
89 7 165
100 7 332
111 7 959
122 7 555
133 7 113
144 7 11
155 7 551
166 7 194
177 7 446
188 7 63
199 7 933
210 7 564
221 7 650
232 7 97
243 7 598
254 7 994
265 7 230
276 7 210
287 7 697
298 7 999
309 7 452
320 7 782
331 7 561
342 7 515
353 7 507
364 7 79
375 7 97
386 7 556
397 7 202
408 7 651
419 7 311
430 7 801
441 7 196
452 7 460
463 7 216
474 7 193
485 7 339
496 7 116
507 7 33
518 7 758
529 7 290
540 7 817
551 7 898
562 7 589
573 7 925
584 7 810
595 7 733
606 7 509
617 7 382
628 7 282
639 7 578
650 7 564
661 7 538
672 7 731
683 7 853
694 7 409
705 7 329
716 7 875
727 7 413
738 7 995
749 7 297
760 7 870
771 7 418
782 7 729
793 7 608
804 7 846
815 7 630
826 7 1000
837 7 306
848 7 463
859 7 131
870 7 68
881 7 311
892 7 953
903 7 299
914 7 469
925 7 752
936 7 388
947 7 559
958 7 223
969 7 616
980 7 129
991 7 156
1002 7 546
1013 7 112
1024 7 304
1035 7 284
1046 7 338
1057 7 398
1068 7 790
1079 7 498
1090 7 295
1101 7 468
1112 7 175
1123 7 245
1134 7 645
1145 7 142
1156 7 947
1167 7 344
1178 7 148
1189 7 940
1200 7 406
1211 7 471
1222 7 979
1233 7 537
1244 7 89
1255 7 847
1266 7 316
1277 7 993
1288 7 941
1299 7 331
1310 7 639
1321 7 919
1332 7 577
1343 7 97
1354 7 723
1365 7 797
1376 7 77
1387 7 378
1398 7 406
1409 7 967
1420 7 64
1431 7 1000
1442 7 78
1453 7 85
1464 7 77
1475 7 413
1486 7 841
1497 7 769
1508 7 577
1519 7 972
1530 7 82
1541 7 97
1552 7 786
1563 7 517
1574 7 849
1585 7 77
1596 7 57
1607 7 866
1618 7 864
1629 7 748
1640 7 48
1651 7 969
1662 7 182
1673 7 277
1684 7 740
1695 7 829
1706 7 547
1717 7 980
1728 7 244
1739 7 358
1750 7 638
1761 7 896
1772 7 885
1783 7 152
1794 7 783
1805 7 831
1816 7 155
1827 7 128
1838 7 816
1849 7 374
1860 7 461
1871 7 279
1882 7 61
1893 7 534
1904 7 848
1915 7 66
1926 7 216
1937 7 427
1948 7 573
1959 7 930
1970 7 118
1981 7 918
1992 7 862
2003 7 969
2014 7 622
2025 7 721
2036 7 172
2047 7 275
2058 7 855
2069 7 818
2080 7 838
2091 7 60
2102 7 610
2113 7 802
2124 7 653
2135 7 675
2146 7 155
2157 7 208
2168 7 124
2179 7 430
2190 7 855
2201 7 248
2212 7 615
2223 7 156
2234 7 347
2245 7 30
2256 7 512
2267 7 294
2278 7 471
2289 7 535
2300 7 538
2311 7 241
2322 7 376
2333 7 967
2344 7 842
2355 7 360
2366 7 544
2377 7 151
2388 7 157
2399 7 493
2410 7 471
2421 7 898
2432 7 739
2443 7 245
2454 7 997
2465 7 341
2476 7 438
2487 7 831
2498 7 36
2509 7 318
2520 7 238
2531 7 935
2542 7 732
2553 7 188
2564 7 421
2575 7 600
2586 7 638
2597 7 542
2608 7 491
2619 7 42
2630 7 963
2641 7 77
2652 7 86
2663 7 430
2674 7 354
2685 7 18
2696 7 914
2707 7 288
2718 7 208
2729 7 432
2740 7 628
2751 7 692
2762 7 250
2773 7 929
2784 7 52
2795 7 327
2806 7 499
2817 7 594
2828 7 498
2839 7 252
2850 7 50
2861 7 929
2872 7 930
2883 7 525
2894 7 719
2905 7 708
2916 7 915
2927 7 97
2938 7 124
2949 7 383
2960 7 887
2971 7 670
2982 7 654
2993 7 150
3 8 779
14 8 315
25 8 949
36 8 922
47 8 185
58 8 723
69 8 212
80 8 887
91 8 684
102 8 615
113 8 320
124 8 83
135 8 247
146 8 405
157 8 225
168 8 47
179 8 675
190 8 508
201 8 11
212 8 279
223 8 492
234 8 338
245 8 445
256 8 208
267 8 876
278 8 707
289 8 102
300 8 456
311 8 950
322 8 183
333 8 364
344 8 212
355 8 690
366 8 227
377 8 277
388 8 494
399 8 685
410 8 724
421 8 533
432 8 534
443 8 167
454 8 371
465 8 909
476 8 713
487 8 821
498 8 259
509 8 695
520 8 105
531 8 192
542 8 505
553 8 178
564 8 693
575 8 273
586 8 587
597 8 565
608 8 430
619 8 582
630 8 403
641 8 589
652 8 760
663 8 785
674 8 254
685 8 715
696 8 446
707 8 339
718 8 491
729 8 359
740 8 659
751 8 708
762 8 65
773 8 384
784 8 786
795 8 549
806 8 52
817 8 435
828 8 880
839 8 646
850 8 411
861 8 399
872 8 514
883 8 555
894 8 63
905 8 410
916 8 529
927 8 174
938 8 509
949 8 186
960 8 435
971 8 422
982 8 425
993 8 689
1004 8 317
1015 8 717
1026 8 267
1037 8 976
1048 8 593
1059 8 219
1070 8 230
1081 8 52
1092 8 769
1103 8 222
1114 8 921
1125 8 179
1136 8 372
1147 8 86
1158 8 264
1169 8 703
1180 8 761
1191 8 619
1202 8 979
1213 8 375
1224 8 92
1235 8 773
1246 8 150
1257 8 51
1268 8 34
1279 8 126
1290 8 125
1301 8 900
1312 8 251
1323 8 175
1334 8 589
1345 8 450
1356 8 632
1367 8 863
1378 8 356
1389 8 408
1400 8 393
1411 8 484
1422 8 899
1433 8 516
1444 8 306
1455 8 627
1466 8 601
1477 8 931
1488 8 119
1499 8 141
1510 8 150
1521 8 642
1532 8 491
1543 8 757
1554 8 623
1565 8 879
1576 8 86
1587 8 876
1598 8 533
1609 8 396
1620 8 437
1631 8 607
1642 8 138
1653 8 783
1664 8 584
1675 8 562
1686 8 270
1697 8 134
1708 8 948
1719 8 872
1730 8 184
1741 8 80
1752 8 241
1763 8 194
1774 8 696
1785 8 606
1796 8 149
1807 8 513
1818 8 476
1829 8 452
1840 8 349
1851 8 774
1862 8 4
1873 8 614
1884 8 790
1895 8 244
1906 8 41
1917 8 813
1928 8 15
1939 8 960
1950 8 468
1961 8 428
1972 8 424
1983 8 952
1994 8 562
2005 8 839
2016 8 629
2027 8 309
2038 8 576
2049 8 918
2060 8 413
2071 8 408
2082 8 886
2093 8 340
2104 8 558
2115 8 414
2126 8 359
2137 8 959
2148 8 655
2159 8 598
2170 8 313
2181 8 714
2192 8 786
2203 8 159
2214 8 263
2225 8 446
2236 8 990
2247 8 80
2258 8 919
2269 8 670
2280 8 813
2291 8 499
2302 8 369
2313 8 744
2324 8 765
2335 8 275
2346 8 965
2357 8 659
2368 8 962
2379 8 557
2390 8 400
2401 8 424
2412 8 751
2423 8 239
2434 8 110
2445 8 345
2456 8 771
2467 8 988
2478 8 513
2489 8 963
2500 8 244
2511 8 620
2522 8 176
2533 8 411
2544 8 753
2555 8 662
2566 8 763
2577 8 815
2588 8 982
2599 8 496
2610 8 832
2621 8 150
2632 8 120
2643 8 304
2654 8 12
2665 8 116
2676 8 376
2687 8 844
2698 8 930
2709 8 3
2720 8 814
2731 8 890
2742 8 483
2753 8 139
2764 8 639
2775 8 627
2786 8 540
2797 8 566
2808 8 95
2819 8 612
2830 8 586
2841 8 877
2852 8 847
2863 8 812
2874 8 574
2885 8 359
2896 8 431
2907 8 978
2918 8 438
2929 8 147
2940 8 145
2951 8 435
2962 8 790
2973 8 805
2984 8 982
2995 8 563
5 9 270
16 9 390
27 9 291
38 9 590
49 9 212
60 9 595
71 9 300
82 9 660
93 9 616
104 9 841
115 9 39
126 9 301
137 9 590
148 9 22
159 9 111
170 9 48
181 9 900
192 9 865
203 9 363
214 9 710
225 9 156
236 9 400
247 9 61
258 9 230
269 9 777
280 9 645
291 9 345
302 9 841
313 9 880
324 9 209
335 9 761
346 9 934
357 9 744
368 9 60
379 9 117
390 9 688
401 9 148
412 9 391
423 9 54
434 9 74
445 9 529
456 9 898
467 9 531
478 9 222
489 9 704
500 9 201
511 9 2
522 9 206
533 9 127
544 9 953
555 9 804
566 9 213
577 9 952
588 9 861
599 9 264
610 9 550
621 9 214
632 9 982
643 9 684
654 9 218
665 9 807
676 9 908
687 9 672
698 9 129
709 9 123
720 9 623
731 9 119
742 9 925
753 9 42
764 9 784
775 9 128
786 9 876
797 9 292
808 9 636
819 9 516
830 9 735
841 9 556
852 9 1
863 9 959
874 9 876
885 9 69
896 9 273
907 9 420
918 9 666
929 9 797
940 9 352
951 9 801
962 9 50
973 9 815
984 9 936
995 9 39
1006 9 416
1017 9 424
1028 9 688
1039 9 375
1050 9 573
1061 9 674
1072 9 429
1083 9 443
1094 9 36
1105 9 657
1116 9 164
1127 9 347
1138 9 961
1149 9 491
1160 9 886
1171 9 271
1182 9 650
1193 9 151
1204 9 708
1215 9 814
1226 9 555
1237 9 874
1248 9 755
1259 9 708
1270 9 278
1281 9 853
1292 9 757
1303 9 751
1314 9 825
1325 9 639
1336 9 104
1347 9 625
1358 9 637
1369 9 900
1380 9 276
1391 9 358
1402 9 728
1413 9 803
1424 9 544
1435 9 149
1446 9 247
1457 9 878
1468 9 187
1479 9 29
1490 9 217
1501 9 552
1512 9 972
1523 9 887
1534 9 605
1545 9 839
1556 9 540
1567 9 194
1578 9 14
1589 9 521
1600 9 790
1611 9 727
1622 9 172
1633 9 499
1644 9 79
1655 9 297
1666 9 827
1677 9 183
1688 9 997
1699 9 612
1710 9 442
1721 9 419
1732 9 161
1743 9 708
1754 9 204
1765 9 334
1776 9 149
1787 9 88
1798 9 771
1809 9 693
1820 9 555
1831 9 564
1842 9 949
1853 9 937
1864 9 722
1875 9 551
1886 9 566
1897 9 612
1908 9 921
1919 9 40
1930 9 865
1941 9 530
1952 9 254
1963 9 857
1974 9 33
1985 9 125
1996 9 507
2007 9 416
2018 9 803
2029 9 496
2040 9 139
2051 9 440
2062 9 172
2073 9 244
2084 9 603
2095 9 758
2106 9 960
2117 9 284
2128 9 179
2139 9 121
2150 9 407
2161 9 68
2172 9 718
2183 9 252
2194 9 954
2205 9 802
2216 9 539
2227 9 270
2238 9 606
2249 9 16
2260 9 608
2271 9 606
2282 9 189
2293 9 346
2304 9 469
2315 9 198
2326 9 170
2337 9 937
2348 9 790
2359 9 987
2370 9 33
2381 9 869
2392 9 121
2403 9 402
2414 9 43
2425 9 766
2436 9 767
2447 9 502
2458 9 702
2469 9 627
2480 9 660
2491 9 211
2502 9 615
2513 9 541
2524 9 388
2535 9 561
2546 9 342
2557 9 681
2568 9 386
2579 9 53
2590 9 387
2601 9 7
2612 9 86
2623 9 479
2634 9 385
2645 9 576
2656 9 943
2667 9 622
2678 9 517
2689 9 360
2700 9 597
2711 9 384
2722 9 762
2733 9 513
2744 9 326
2755 9 111
2766 9 89
2777 9 680
2788 9 556
2799 9 909
2810 9 749
2821 9 385
2832 9 926
2843 9 212
2854 9 56
2865 9 410
2876 9 915
2887 9 610
2898 9 116
2909 9 206
2920 9 335
2931 9 61
2942 9 12
2953 9 706
2964 9 120
2975 9 705
2986 9 697
2997 9 459
7 10 173
18 10 761
29 10 105
40 10 541
51 10 483
62 10 48
73 10 440
84 10 814
95 10 557
106 10 854
117 10 503
128 10 942
139 10 26
150 10 244
161 10 524
172 10 953
183 10 229
194 10 256
205 10 6
216 10 173
227 10 592
238 10 950
249 10 409
260 10 966
271 10 546
282 10 106
293 10 216
304 10 266
315 10 949
326 10 891
337 10 842
348 10 153
359 10 705
370 10 456
381 10 873
392 10 595
403 10 251
414 10 40
425 10 584
436 10 434
447 10 371
458 10 384
469 10 406
480 10 538
491 10 375
502 10 528
513 10 17
524 10 49
535 10 274
546 10 486
557 10 946
568 10 675
579 10 514
590 10 39
601 10 737
612 10 769
623 10 833
634 10 732
645 10 331
656 10 96
667 10 562
678 10 442
689 10 159
700 10 596
711 10 501
722 10 870
733 10 374
744 10 398
755 10 604
766 10 962
777 10 570
788 10 161
799 10 331
810 10 947
821 10 280
832 10 899
843 10 128
854 10 545
865 10 108
876 10 359
887 10 780
898 10 755
909 10 53
920 10 865
931 10 135
942 10 920
953 10 20
964 10 858
975 10 246
986 10 713
997 10 639
1008 10 101
1019 10 797
1030 10 767
1041 10 514
1052 10 915
1063 10 688
1074 10 296
1085 10 596
1096 10 565
1107 10 151
1118 10 528
1129 10 472
1140 10 993
1151 10 275
1162 10 763
1173 10 140
1184 10 914
1195 10 719
1206 10 763
1217 10 390
1228 10 839
1239 10 512
1250 10 591
1261 10 422
1272 10 961
1283 10 937
1294 10 284
1305 10 584
1316 10 827
1327 10 690
1338 10 25
1349 10 622
1360 10 282
1371 10 428
1382 10 493
1393 10 124
1404 10 914
1415 10 698
1426 10 230
1437 10 347
1448 10 816
1459 10 83
1470 10 894
1481 10 741
1492 10 686
1503 10 197
1514 10 55
1525 10 567
1536 10 175
1547 10 553
1558 10 687
1569 10 98
1580 10 535
1591 10 165
1602 10 997
1613 10 102
1624 10 144
1635 10 317
1646 10 624
1657 10 792
1668 10 632
1679 10 284
1690 10 582
1701 10 93
1712 10 477
1723 10 895
1734 10 3
1745 10 648
1756 10 500
1767 10 110
1778 10 334
1789 10 790
1800 10 327
1811 10 628
1822 10 495
1833 10 646
1844 10 388
1855 10 30
1866 10 469
1877 10 616
1888 10 544
1899 10 828
1910 10 573
1921 10 653
1932 10 293
1943 10 784
1954 10 11
1965 10 499
1976 10 217
1987 10 163
1998 10 256
2009 10 212
2020 10 57
2031 10 297
2042 10 825
2053 10 623
2064 10 135
2075 10 890
2086 10 253
2097 10 612
2108 10 979
2119 10 492
2130 10 960
2141 10 976
2152 10 392
2163 10 255
2174 10 364
2185 10 615
2196 10 490
2207 10 252
2218 10 224
2229 10 332
2240 10 948
2251 10 356
2262 10 940
2273 10 553
2284 10 76
2295 10 982
2306 10 473
2317 10 319
2328 10 393
2339 10 468
2350 10 612
2361 10 189
2372 10 739
2383 10 522
2394 10 540
2405 10 564
2416 10 488
2427 10 913
2438 10 656
2449 10 659
2460 10 147
2471 10 89
2482 10 96
2493 10 756
2504 10 172
2515 10 717
2526 10 821
2537 10 335
2548 10 381
2559 10 553
2570 10 66
2581 10 390
2592 10 196
2603 10 527
2614 10 279
2625 10 939
2636 10 819
2647 10 232
2658 10 128
2669 10 57
2680 10 517
2691 10 995
2702 10 429
2713 10 362
2724 10 73
2735 10 395
2746 10 159
2757 10 496
2768 10 730
2779 10 585
2790 10 558
2801 10 936
2812 10 11
2823 10 446
2834 10 93
2845 10 629
2856 10 202
2867 10 554
2878 10 72
2889 10 787
2900 10 558
2911 10 554
2922 10 825
2933 10 447
2944 10 22
2955 10 683
2966 10 43
2977 10 818
2988 10 286
2999 10 173
9 11 89
20 11 352
31 11 267
42 11 342
53 11 768
64 11 529
75 11 260
86 11 211
97 11 419
108 11 38
119 11 616
130 11 800
141 11 824
152 11 329
163 11 400
174 11 324
185 11 374
196 11 144
207 11 140
218 11 402
229 11 156
240 11 657
251 11 572
262 11 556
273 11 713
284 11 6
295 11 379
306 11 906
317 11 498
328 11 541
339 11 126
350 11 458
361 11 522
372 11 333
383 11 656
394 11 837
405 11 150
416 11 379
427 11 627
438 11 570
449 11 18
460 11 156
471 11 359
482 11 587
493 11 16
504 11 619
515 11 10
526 11 35
537 11 349
548 11 343
559 11 535
570 11 356
581 11 972
592 11 998
603 11 769
614 11 768
625 11 391
636 11 583
647 11 164
658 11 367
669 11 497
680 11 494
691 11 942
702 11 205
713 11 540
724 11 376
735 11 669
746 11 668
757 11 126
768 11 724
779 11 156
790 11 5
801 11 738
812 11 266
823 11 197
834 11 893
845 11 703
856 11 462
867 11 289
878 11 961
889 11 787
900 11 40
911 11 492
922 11 941
933 11 615
944 11 649
955 11 169
966 11 766
977 11 544
988 11 860
999 11 381
1010 11 817
1021 11 971
1032 11 710
1043 11 809
1054 11 197
1065 11 998
1076 11 665
1087 11 611
1098 11 527
1109 11 3
1120 11 634
1131 11 102
1142 11 100
1153 11 99
1164 11 942
1175 11 58
1186 11 342
1197 11 684
1208 11 849
1219 11 654
1230 11 317
1241 11 901
1252 11 75
1263 11 417
1274 11 130
1285 11 727
1296 11 920
1307 11 296
1318 11 797
1329 11 598
1340 11 272
1351 11 560
1362 11 811
1373 11 212
1384 11 130
1395 11 948
1406 11 244
1417 11 571
1428 11 705
1439 11 602
1450 11 774
1461 11 820
1472 11 759
1483 11 33
1494 11 340
1505 11 61
1516 11 68
1527 11 60
1538 11 579
1549 11 479
1560 11 278
1571 11 792
1582 11 808
1593 11 817
1604 11 556
1615 11 669
1626 11 106
1637 11 815
1648 11 589
1659 11 562
1670 11 446
1681 11 792
1692 11 421
1703 11 629
1714 11 822
1725 11 426
1736 11 666
1747 11 116
1758 11 376
1769 11 428
1780 11 601
1791 11 988
1802 11 881
1813 11 767
1824 11 123
1835 11 222
1846 11 78
1857 11 377
1868 11 244
1879 11 664
1890 11 568
1901 11 713
1912 11 206
1923 11 145
1934 11 236
1945 11 732
1956 11 291
1967 11 471
1978 11 681
1989 11 78
2000 11 819
2011 11 88
2022 11 615
2033 11 972
2044 11 992
2055 11 228
2066 11 153
2077 11 721
2088 11 339
2099 11 844
2110 11 782
2121 11 223
2132 11 586
2143 11 927
2154 11 521
2165 11 399
2176 11 907
2187 11 338
2198 11 670
2209 11 129
2220 11 352
2231 11 397
2242 11 426
2253 11 401
2264 11 249
2275 11 414
2286 11 892
2297 11 49
2308 11 178
2319 11 477
2330 11 174
2341 11 626
2352 11 674
2363 11 496
2374 11 916
2385 11 722
2396 11 296
2407 11 707
2418 11 586
2429 11 391
2440 11 147
2451 11 210
2462 11 778
2473 11 856
2484 11 742
2495 11 446
2506 11 648
2517 11 45
2528 11 21
2539 11 455
2550 11 415
2561 11 798
2572 11 537
2583 11 415
2594 11 734
2605 11 711
2616 11 848
2627 11 656
2638 11 971
2649 11 479
2660 11 189
2671 11 440
2682 11 817
2693 11 686
2704 11 620
2715 11 460
2726 11 734
2737 11 832
2748 11 754
2759 11 294
2770 11 798
2781 11 586
2792 11 963
2803 11 444
2814 11 627
2825 11 45
2836 11 299
2847 11 549
2858 11 365
2869 11 882
2880 11 394
2891 11 787
2902 11 748
2913 11 229
2924 11 793
2935 11 851
2946 11 725
2957 11 168
2968 11 822
2979 11 745
2990 11 251
0 12 22
11 12 806
22 12 673
33 12 934
44 12 792
55 12 48
66 12 547
77 12 260
88 12 598
99 12 156
110 12 279
121 12 889
132 12 312
143 12 249
154 12 206
165 12 617
176 12 413
187 12 446
198 12 697
209 12 591
220 12 419
231 12 428
242 12 322
253 12 659
264 12 483
275 12 845
286 12 367
297 12 736
308 12 886
319 12 841
330 12 387
341 12 450
352 12 488
363 12 250
374 12 543
385 12 919
396 12 116
407 12 560
418 12 773
429 12 621
440 12 464
451 12 747
462 12 631
473 12 664
484 12 796
495 12 171
506 12 407
517 12 609
528 12 433
539 12 114
550 12 575
561 12 109
572 12 351
583 12 398
594 12 195
605 12 888
616 12 551
627 12 266
638 12 456
649 12 718
660 12 919
671 12 845
682 12 222
693 12 976
704 12 733
715 12 639
726 12 880
737 12 729
748 12 633
759 12 857
770 12 907
781 12 556
792 12 168
803 12 513
814 12 801
825 12 77
836 12 747
847 12 745
858 12 161
869 12 629
880 12 767
891 12 361
902 12 526
913 12 507
924 12 722
935 12 499
946 12 67
957 12 113
968 12 965
979 12 935
990 12 505
1001 12 545
1012 12 859
1023 12 679
1034 12 270
1045 12 228
1056 12 399
1067 12 644
1078 12 52
1089 12 967
1100 12 659
1111 12 125
1122 12 270
1133 12 798
1144 12 345
1155 12 795
1166 12 102
1177 12 914
1188 12 253
1199 12 31
1210 12 819
1221 12 946
1232 12 861
1243 12 950
1254 12 536
1265 12 726
1276 12 219
1287 12 706
1298 12 545
1309 12 994
1320 12 638
1331 12 368
1342 12 177
1353 12 77
1364 12 719
1375 12 553
1386 12 545
1397 12 183
1408 12 509
1419 12 932
1430 12 249
1441 12 235
1452 12 794
1463 12 967
1474 12 458
1485 12 476
1496 12 302
1507 12 621
1518 12 78
1529 12 998
1540 12 825
1551 12 640
1562 12 513
1573 12 937
1584 12 264
1595 12 431
1606 12 715
1617 12 311
1628 12 647
1639 12 587
1650 12 642
1661 12 565
1672 12 807
1683 12 737
1694 12 546
1705 12 825
1716 12 143
1727 12 218
1738 12 378
1749 12 428
1760 12 153
1771 12 646
1782 12 711
1793 12 790
1804 12 234
1815 12 82
1826 12 877
1837 12 934
1848 12 637
1859 12 308
1870 12 722
1881 12 539
1892 12 295
1903 12 321
1914 12 575
1925 12 169
1936 12 270
1947 12 295
1958 12 775
1969 12 179
1980 12 364
1991 12 51
2002 12 70
2013 12 757
2024 12 867
2035 12 790
2046 12 196
2057 12 284
2068 12 586
2079 12 326
2090 12 254
2101 12 807
2112 12 151
2123 12 255
2134 12 577
2145 12 135
2156 12 743
2167 12 781
2178 12 34
2189 12 944
2200 12 342
2211 12 486
2222 12 445
2233 12 598
2244 12 214
2255 12 222
2266 12 979
2277 12 789
2288 12 678
2299 12 371
2310 12 574
2321 12 689
2332 12 329
2343 12 454
2354 12 197
2365 12 571
2376 12 136
2387 12 28
2398 12 252
2409 12 254
2420 12 68
2431 12 406
2442 12 822
2453 12 885
2464 12 490
2475 12 736
2486 12 928
2497 12 666
2508 12 2
2519 12 43
2530 12 73
2541 12 848
2552 12 735
2563 12 345
2574 12 408
2585 12 960
2596 12 775
2607 12 770
2618 12 252
2629 12 436
2640 12 110
2651 12 901
2662 12 842
2673 12 544
2684 12 972
2695 12 962
2706 12 358
2717 12 956
2728 12 506
2739 12 706
2750 12 401
2761 12 786
2772 12 883
2783 12 627
2794 12 432
2805 12 482
2816 12 687
2827 12 227
2838 12 710
2849 12 304
2860 12 725
2871 12 535
2882 12 479
2893 12 350
2904 12 211
2915 12 958
2926 12 769
2937 12 852
2948 12 464
2959 12 337
2970 12 498
2981 12 736
2992 12 934
2 13 195
13 13 538
24 13 148
35 13 603
46 13 670
57 13 988
68 13 626
79 13 940
90 13 88
101 13 586
112 13 984
123 13 87
134 13 214
145 13 906
156 13 875
167 13 443
178 13 643
189 13 148
200 13 130
211 13 861
222 13 828
233 13 586
244 13 867
255 13 190
266 13 185
277 13 16
288 13 646
299 13 843
310 13 747
321 13 195
332 13 512
343 13 421
354 13 7
365 13 831
376 13 758
387 13 647
398 13 884
409 13 356
420 13 136
431 13 675
442 13 138
453 13 167
464 13 566
475 13 983
486 13 387
497 13 665
508 13 374
519 13 630
530 13 735
541 13 890
552 13 279
563 13 718
574 13 956
585 13 861
596 13 892
607 13 871
618 13 401
629 13 266
640 13 174
651 13 123
662 13 601
673 13 964
684 13 348
695 13 393
706 13 45
717 13 306
728 13 750
739 13 148
750 13 44
761 13 683
772 13 104
783 13 506
794 13 325
805 13 717
816 13 715
827 13 262
838 13 765
849 13 772
860 13 662
871 13 130
882 13 140
893 13 829
904 13 617
915 13 135
926 13 120
937 13 450
948 13 46
959 13 443
970 13 859
981 13 183
992 13 378
1003 13 707
1014 13 71
1025 13 494
1036 13 625
1047 13 521
1058 13 141
1069 13 485
1080 13 870
1091 13 3
1102 13 697
1113 13 44
1124 13 745
1135 13 332
1146 13 472
1157 13 293
1168 13 712
1179 13 883
1190 13 337
1201 13 942
1212 13 317
1223 13 428
1234 13 731
1245 13 767
1256 13 474
1267 13 753
1278 13 377
1289 13 181
1300 13 866
1311 13 777
1322 13 565
1333 13 689
1344 13 24
1355 13 950
1366 13 425
1377 13 894
1388 13 519
1399 13 168
1410 13 182
1421 13 560
1432 13 543
1443 13 715
1454 13 613
1465 13 197
1476 13 980
1487 13 787
1498 13 43
1509 13 180
1520 13 56
1531 13 750
1542 13 536
1553 13 900
1564 13 542
1575 13 578
1586 13 822
1597 13 427
1608 13 649
1619 13 842
1630 13 518
1641 13 42
1652 13 852
1663 13 948
1674 13 850
1685 13 812
1696 13 987
1707 13 561
1718 13 821
1729 13 170
1740 13 250
1751 13 699
1762 13 628
1773 13 435
1784 13 32
1795 13 881
1806 13 435
1817 13 820
1828 13 248
1839 13 89
1850 13 509
1861 13 836
1872 13 541
1883 13 419
1894 13 394
1905 13 650
1916 13 454
1927 13 679
1938 13 917
1949 13 277
1960 13 61
1971 13 708
1982 13 37
1993 13 559
2004 13 928
2015 13 206
2026 13 771
2037 13 884
2048 13 837
2059 13 198
2070 13 139
2081 13 903
2092 13 40
2103 13 599
2114 13 669
2125 13 157
2136 13 182
2147 13 948
2158 13 462
2169 13 243
2180 13 113
2191 13 204
2202 13 802
2213 13 640
2224 13 385
2235 13 415
2246 13 238
2257 13 989
2268 13 426
2279 13 274
2290 13 521
2301 13 1
2312 13 90
2323 13 914
2334 13 14
2345 13 772
2356 13 957
2367 13 709
2378 13 403
2389 13 605
2400 13 155
2411 13 779
2422 13 913
2433 13 253
2444 13 216
2455 13 217
2466 13 512
2477 13 118
2488 13 460
2499 13 449
2510 13 537
2521 13 450
2532 13 351
2543 13 646
2554 13 800
2565 13 450
2576 13 417
2587 13 849
2598 13 249
2609 13 100
2620 13 546
2631 13 622
2642 13 520
2653 13 411
2664 13 574
2675 13 871
2686 13 577
2697 13 384
2708 13 292
2719 13 705
2730 13 333
2741 13 555
2752 13 265
2763 13 681
2774 13 751
2785 13 864
2796 13 966
2807 13 381
2818 13 42
2829 13 150
2840 13 986
2851 13 80
2862 13 324
2873 13 6
2884 13 323
2895 13 384
2906 13 456
2917 13 756
2928 13 593
2939 13 815
2950 13 493
2961 13 137
2972 13 224
2983 13 891
2994 13 347
4 14 177
15 14 479
26 14 38
37 14 970
48 14 321
59 14 810
70 14 839
81 14 317
92 14 567
103 14 456
114 14 758
125 14 229
136 14 422
147 14 224
158 14 723
169 14 174
180 14 872
191 14 244
202 14 459
213 14 505
224 14 988
235 14 234
246 14 241
257 14 892
268 14 650
279 14 286
290 14 893
301 14 378
312 14 419
323 14 633
334 14 116
345 14 482
356 14 814
367 14 527
378 14 959
389 14 162
400 14 169
411 14 758
422 14 789
433 14 922
444 14 703
455 14 966
466 14 455
477 14 655
488 14 133
499 14 699
510 14 176
521 14 773
532 14 753
543 14 384
554 14 461
565 14 975
576 14 840
587 14 969
598 14 105
609 14 698
620 14 558
631 14 156
642 14 3
653 14 470
664 14 215
675 14 936
686 14 950
697 14 318
708 14 558
719 14 87
730 14 652
741 14 490
752 14 780
763 14 809
774 14 186
785 14 460
796 14 819
807 14 377
818 14 829
829 14 387
840 14 756
851 14 556
862 14 663
873 14 360
884 14 451
895 14 663
906 14 348
917 14 852
928 14 693
939 14 297
950 14 572
961 14 885
972 14 656
983 14 283
994 14 867
1005 14 866
1016 14 341
1027 14 379
1038 14 841
1049 14 740
1060 14 158
1071 14 742
1082 14 645
1093 14 52
1104 14 811
1115 14 546
1126 14 975
1137 14 666
1148 14 153
1159 14 916
1170 14 763
1181 14 24
1192 14 790
1203 14 704
1214 14 34
1225 14 14
1236 14 887
1247 14 449
1258 14 394
1269 14 924
1280 14 178
1291 14 129
1302 14 150
1313 14 227
1324 14 406
1335 14 703
1346 14 247
1357 14 60
1368 14 328
1379 14 28
1390 14 705
1401 14 595
1412 14 154
1423 14 917
1434 14 458
1445 14 494
1456 14 258
1467 14 628
1478 14 326
1489 14 607
1500 14 730
1511 14 317
1522 14 343
1533 14 170
1544 14 928
1555 14 605
1566 14 137
1577 14 994
1588 14 105
1599 14 529
1610 14 624
1621 14 372
1632 14 229
1643 14 450
1654 14 994
1665 14 146
1676 14 459
1687 14 219
1698 14 162
1709 14 903
1720 14 311
1731 14 792
1742 14 636
1753 14 940
1764 14 970
1775 14 245
1786 14 888
1797 14 985
1808 14 778
1819 14 340
1830 14 690
1841 14 104
1852 14 7
1863 14 415
1874 14 54
1885 14 336
1896 14 918
1907 14 670
1918 14 523
1929 14 741
1940 14 3
1951 14 716
1962 14 8
1973 14 77
1984 14 177
1995 14 504
2006 14 858
2017 14 818
2028 14 310
2039 14 636
2050 14 585
2061 14 56
2072 14 623
2083 14 802
2094 14 528
2105 14 695
2116 14 753
2127 14 78
2138 14 750
2149 14 12
2160 14 585
2171 14 98
2182 14 984
2193 14 283
2204 14 1
2215 14 599
2226 14 44
2237 14 103
2248 14 811
2259 14 863
2270 14 965
2281 14 722
2292 14 208
2303 14 990
2314 14 288
2325 14 687
2336 14 204
2347 14 36
2358 14 561
2369 14 874
2380 14 857
2391 14 696
2402 14 186
2413 14 995
2424 14 533
2435 14 582
2446 14 170
2457 14 321
2468 14 969
2479 14 207
2490 14 113
2501 14 293
2512 14 933
2523 14 838
2534 14 410
2545 14 68
2556 14 943
2567 14 369
2578 14 531
2589 14 802
2600 14 226
2611 14 511
2622 14 253
2633 14 187
2644 14 407
2655 14 160
2666 14 237
2677 14 14
2688 14 136
2699 14 228
2710 14 75
2721 14 212
2732 14 616
2743 14 634
2754 14 829
2765 14 90
2776 14 994
2787 14 680
2798 14 750
2809 14 502
2820 14 110
2831 14 582
2842 14 114
2853 14 583
2864 14 182
2875 14 597
2886 14 776
2897 14 965
2908 14 116
2919 14 697
2930 14 589
2941 14 785
2952 14 262
2963 14 92
2974 14 956
2985 14 814
2996 14 577
6 15 741
17 15 457
28 15 874
39 15 889
50 15 248
61 15 995
72 15 629
83 15 270
94 15 358
105 15 966
116 15 624
127 15 771
138 15 255
149 15 375
160 15 890
171 15 481
182 15 734
193 15 958
204 15 841
215 15 52
226 15 54
237 15 500
248 15 295
259 15 48
270 15 350
281 15 921
292 15 442
303 15 420
314 15 649
325 15 834
336 15 232
347 15 249
358 15 644
369 15 1
380 15 646
391 15 527
402 15 32
413 15 7
424 15 654
435 15 921
446 15 626
457 15 437
468 15 367
479 15 97
490 15 617
501 15 911
512 15 925
523 15 16
534 15 147
545 15 798
556 15 535
567 15 924
578 15 176
589 15 649
600 15 164
611 15 237
622 15 166
633 15 416
644 15 43
655 15 360
666 15 600
677 15 954
688 15 305
699 15 366
710 15 589
721 15 642
732 15 639
743 15 830
754 15 702
765 15 436
776 15 909
787 15 654
798 15 258
809 15 195
820 15 868
831 15 811
842 15 389
853 15 320
864 15 55
875 15 241
886 15 565
897 15 610
908 15 799
919 15 481
930 15 197
941 15 956
952 15 721
963 15 235
974 15 332
985 15 541
996 15 365
1007 15 214
1018 15 16
1029 15 359
1040 15 786
1051 15 43
1062 15 301
1073 15 246
1084 15 830
1095 15 436
1106 15 988
1117 15 787
1128 15 467
1139 15 885
1150 15 22
1161 15 820
1172 15 801
1183 15 859
1194 15 730
1205 15 31
1216 15 33
1227 15 119
1238 15 5
1249 15 617
1260 15 737
1271 15 426
1282 15 930
1293 15 976
1304 15 126
1315 15 396
1326 15 88
1337 15 251
1348 15 595
1359 15 632
1370 15 899
1381 15 199
1392 15 980
1403 15 210
1414 15 625
1425 15 197
1436 15 580
1447 15 652
1458 15 847
1469 15 309
1480 15 39
1491 15 552
1502 15 680
1513 15 235
1524 15 755
1535 15 118
1546 15 546
1557 15 805
1568 15 677
1579 15 521
1590 15 518
1601 15 562
1612 15 892
1623 15 608
1634 15 464
1645 15 900
1656 15 49
1667 15 510
1678 15 201
1689 15 106
1700 15 5
1711 15 805
1722 15 958
1733 15 389
1744 15 607
1755 15 172
1766 15 913
1777 15 523
1788 15 873
1799 15 343
1810 15 652
1821 15 751
1832 15 334
1843 15 69
1854 15 325
1865 15 93
1876 15 361
1887 15 139
1898 15 943
1909 15 344
1920 15 653
1931 15 607
1942 15 503
1953 15 742
1964 15 747
1975 15 180
1986 15 161
1997 15 544
2008 15 504
2019 15 603
2030 15 408
2041 15 523
2052 15 26
2063 15 361
2074 15 290
2085 15 469
2096 15 218
2107 15 384
2118 15 900
2129 15 250
2140 15 502
2151 15 683
2162 15 163
2173 15 948
2184 15 912
2195 15 337
2206 15 53
2217 15 187
2228 15 118
2239 15 844
2250 15 21
2261 15 115
2272 15 145
2283 15 516
2294 15 348
2305 15 18
2316 15 55
2327 15 915
2338 15 807
2349 15 195
2360 15 295
2371 15 760
2382 15 821
2393 15 684
2404 15 700
2415 15 507
2426 15 952
2437 15 761
2448 15 966
2459 15 68
2470 15 679
2481 15 462
2492 15 10
2503 15 761
2514 15 626
2525 15 105
2536 15 752
2547 15 306
2558 15 855
2569 15 469
2580 15 381
2591 15 959
2602 15 830
2613 15 793
2624 15 783
2635 15 777
2646 15 418
2657 15 385
2668 15 4
2679 15 519
2690 15 588
2701 15 540
2712 15 981
2723 15 30
2734 15 333
2745 15 340
2756 15 288
2767 15 481
2778 15 653
2789 15 734
2800 15 55
2811 15 792
2822 15 789
2833 15 758
2844 15 391
2855 15 949
2866 15 979
2877 15 202
2888 15 398
2899 15 886
2910 15 488
2921 15 45
2932 15 780
2943 15 109
2954 15 61
2965 15 689
2976 15 153
2987 15 264
2998 15 474
8 16 399
19 16 66
30 16 157
41 16 478
52 16 12
63 16 590
74 16 595
85 16 349
96 16 2
107 16 328
118 16 582
129 16 5
140 16 153
151 16 7
162 16 827
173 16 527
184 16 216
195 16 31
206 16 786
217 16 289
228 16 238
239 16 653
250 16 730
261 16 582
272 16 638
283 16 672
294 16 435
305 16 116
316 16 509
327 16 393
338 16 633
349 16 476
360 16 245
371 16 657
382 16 47
393 16 585
404 16 32
415 16 958
426 16 858
437 16 968
448 16 139
459 16 424
470 16 625
481 16 686
492 16 627
503 16 251
514 16 999
525 16 766
536 16 454
547 16 241
558 16 464
569 16 299
580 16 853
591 16 269
602 16 16
613 16 516
624 16 565
635 16 820
646 16 287
657 16 888
668 16 674
679 16 436
690 16 76
701 16 212
712 16 974
723 16 461
734 16 6
745 16 31
756 16 747
767 16 151
778 16 935
789 16 525
800 16 238
811 16 526
822 16 10
833 16 639
844 16 839
855 16 2
866 16 788
877 16 912
888 16 888
899 16 310
910 16 236
921 16 265
932 16 284
943 16 718
954 16 449
965 16 752
976 16 995
987 16 797
998 16 60
1009 16 781
1020 16 617
1031 16 731
1042 16 765
1053 16 653
1064 16 586
1075 16 240
1086 16 165
1097 16 996
1108 16 820
1119 16 93
1130 16 222
1141 16 856
1152 16 374
1163 16 38
1174 16 422
1185 16 265
1196 16 314
1207 16 342
1218 16 231
1229 16 215
1240 16 306
1251 16 640
1262 16 325
1273 16 453
1284 16 118
1295 16 147
1306 16 44
1317 16 624
1328 16 720
1339 16 51
1350 16 699
1361 16 214
1372 16 399
1383 16 743
1394 16 166
1405 16 653
1416 16 290
1427 16 62
1438 16 978
1449 16 204
1460 16 682
1471 16 335
1482 16 80
1493 16 965
1504 16 456
1515 16 835
1526 16 785
1537 16 637
1548 16 358
1559 16 724
1570 16 15
1581 16 803
1592 16 645
1603 16 511
1614 16 165
1625 16 834
1636 16 11
1647 16 80
1658 16 468
1669 16 685
1680 16 365
1691 16 521
1702 16 290
1713 16 906
1724 16 568
1735 16 934
1746 16 250
1757 16 568
1768 16 70
1779 16 788
1790 16 880
1801 16 165
1812 16 267
1823 16 512
1834 16 148
1845 16 780
1856 16 625
1867 16 684
1878 16 493
1889 16 883
1900 16 909
1911 16 460
1922 16 271
1933 16 345
1944 16 567
1955 16 832
1966 16 661
1977 16 147
1988 16 154
1999 16 691
2010 16 567
2021 16 344
2032 16 634
2043 16 37
2054 16 883
2065 16 475
2076 16 489
2087 16 242
2098 16 730
2109 16 500
2120 16 390
2131 16 746
2142 16 525
2153 16 949
2164 16 19
2175 16 208
2186 16 887
2197 16 696
2208 16 110
2219 16 96
2230 16 858
2241 16 639
2252 16 610
2263 16 613
2274 16 341
2285 16 996
2296 16 648
2307 16 694
2318 16 55
2329 16 699
2340 16 729
2351 16 263
2362 16 61
2373 16 595
2384 16 669
2395 16 157
2406 16 748
2417 16 319
2428 16 204
2439 16 174
2450 16 721
2461 16 33
2472 16 351
2483 16 681
2494 16 829
2505 16 971
2516 16 695
2527 16 483
2538 16 225
2549 16 84
2560 16 271
2571 16 822
2582 16 922
2593 16 593
2604 16 392
2615 16 377
2626 16 579
2637 16 528
2648 16 475
2659 16 666
2670 16 162
2681 16 397
2692 16 795
2703 16 384
2714 16 296
2725 16 875
2736 16 669
2747 16 366
2758 16 59
2769 16 912
2780 16 307
2791 16 785
2802 16 810
2813 16 180
2824 16 938
2835 16 602
2846 16 518
2857 16 761
2868 16 747
2879 16 28
2890 16 194
2901 16 341
2912 16 340
2923 16 561
2934 16 961
2945 16 507
2956 16 896
2967 16 657
2978 16 494
2989 16 183
10 17 220
21 17 939
32 17 798
43 17 313
54 17 244
65 17 556
76 17 497
87 17 437
98 17 285
109 17 886
120 17 470
131 17 463
142 17 946
153 17 751
164 17 250
175 17 597
186 17 198
197 17 340
208 17 705
219 17 158
230 17 308
241 17 12
252 17 835
263 17 112
274 17 286
285 17 518
296 17 540
307 17 970
318 17 245
329 17 650
340 17 180
351 17 881
362 17 222
373 17 439
384 17 973
395 17 964
406 17 885
417 17 824
428 17 636
439 17 279
450 17 621
461 17 421
472 17 682
483 17 756
494 17 481
505 17 686
516 17 481
527 17 297
538 17 734
549 17 805
560 17 115
571 17 343
582 17 561
593 17 345
604 17 832
615 17 572
626 17 413
637 17 441
648 17 476
659 17 908
670 17 210
681 17 797
692 17 631
703 17 618
714 17 618
725 17 302
736 17 485
747 17 672
758 17 67
769 17 88
780 17 667
791 17 768
802 17 620
813 17 871
824 17 81
835 17 474
846 17 184
857 17 432
868 17 807
879 17 769
890 17 753
901 17 173
912 17 275
923 17 242
934 17 33
945 17 290
956 17 591
967 17 341
978 17 304
989 17 777
1000 17 934
1011 17 789
1022 17 29
1033 17 622
1044 17 996
1055 17 853
1066 17 540
1077 17 971
1088 17 14
1099 17 726
1110 17 547
1121 17 633
1132 17 11
1143 17 131
1154 17 760
1165 17 531
1176 17 892
1187 17 203
1198 17 485
1209 17 557
1220 17 762
1231 17 43
1242 17 395
1253 17 9
1264 17 197
1275 17 493
1286 17 978
1297 17 399
1308 17 320
1319 17 246
1330 17 512
1341 17 788
1352 17 821
1363 17 280
1374 17 994
1385 17 98
1396 17 592
1407 17 470
1418 17 67
1429 17 288
1440 17 535
1451 17 467
1462 17 499
1473 17 609
1484 17 573
1495 17 731
1506 17 653
1517 17 763
1528 17 164
1539 17 111
1550 17 901
1561 17 957
1572 17 353
1583 17 137
1594 17 120
1605 17 891
1616 17 305
1627 17 918
1638 17 510
1649 17 978
1660 17 672
1671 17 802
1682 17 879
1693 17 324
1704 17 188
1715 17 37
1726 17 103
1737 17 76
1748 17 148
1759 17 117
1770 17 866
1781 17 165
1792 17 754
1803 17 897
1814 17 584
1825 17 26
1836 17 841
1847 17 687
1858 17 601
1869 17 865
1880 17 25
1891 17 210
1902 17 344
1913 17 840
1924 17 925
1935 17 581
1946 17 47
1957 17 15
1968 17 113
1979 17 303
1990 17 430
2001 17 615
2012 17 753
2023 17 469
2034 17 468
2045 17 869
2056 17 44
2067 17 900
2078 17 72
2089 17 401
2100 17 442
2111 17 119
2122 17 194
2133 17 169
2144 17 868
2155 17 174
2166 17 850
2177 17 871
2188 17 816
2199 17 167
2210 17 437
2221 17 125
2232 17 682
2243 17 70
2254 17 507
2265 17 250
2276 17 682
2287 17 849
2298 17 580
2309 17 276
2320 17 197
2331 17 55
2342 17 361
2353 17 491
2364 17 49
2375 17 371
2386 17 543
2397 17 466
2408 17 437
2419 17 137
2430 17 396
2441 17 290
2452 17 602
2463 17 180
2474 17 694
2485 17 925
2496 17 89
2507 17 142
2518 17 10
2529 17 905
2540 17 583
2551 17 411
2562 17 593
2573 17 482
2584 17 19
2595 17 305
2606 17 384
2617 17 350
2628 17 656
2639 17 862
2650 17 548
2661 17 340
2672 17 448
2683 17 778
2694 17 766
2705 17 706
2716 17 825
2727 17 876
2738 17 540
2749 17 519
2760 17 454
2771 17 723
2782 17 807
2793 17 98
2804 17 757
2815 17 512
2826 17 542
2837 17 405
2848 17 843
2859 17 785
2870 17 226
2881 17 490
2892 17 851
2903 17 564
2914 17 535
2925 17 271
2936 17 728
2947 17 536
2958 17 407
2969 17 522
2980 17 399
2991 17 368
1 18 459
12 18 898
23 18 772
34 18 909
45 18 158
56 18 489
67 18 527
78 18 144
89 18 949
100 18 469
111 18 159
122 18 727
133 18 97
144 18 558
155 18 422
166 18 485
177 18 707
188 18 879
199 18 389
210 18 497
221 18 418
232 18 532
243 18 633
254 18 545
265 18 112
276 18 668
287 18 564
298 18 469
309 18 815
320 18 173
331 18 821
342 18 519
353 18 487
364 18 168
375 18 751
386 18 483
397 18 52
408 18 904
419 18 391
430 18 363
441 18 962
452 18 434
463 18 980
474 18 940
485 18 321
496 18 19
507 18 448
518 18 653
529 18 682
540 18 200
551 18 120
562 18 469
573 18 808
584 18 627
595 18 845
606 18 148
617 18 220
628 18 781
639 18 517
650 18 334
661 18 120
672 18 359
683 18 138
694 18 537
705 18 561
716 18 148
727 18 949
738 18 155
749 18 257
760 18 862
771 18 67
782 18 491
793 18 877
804 18 696
815 18 260
826 18 79
837 18 515
848 18 108
859 18 777
870 18 848
881 18 959
892 18 870
903 18 552
914 18 531
925 18 347
936 18 464
947 18 221
958 18 327
969 18 878
980 18 960
991 18 42
1002 18 345
1013 18 181
1024 18 651
1035 18 77
1046 18 835
1057 18 575
1068 18 342
1079 18 199
1090 18 371
1101 18 216
1112 18 328
1123 18 895
1134 18 114
1145 18 757
1156 18 565
1167 18 654
1178 18 169
1189 18 787
1200 18 668
1211 18 387
1222 18 712
1233 18 678
1244 18 969
1255 18 922
1266 18 889
1277 18 870
1288 18 615
1299 18 746
1310 18 594
1321 18 672
1332 18 535
1343 18 41
1354 18 467
1365 18 610
1376 18 774
1387 18 613
1398 18 69
1409 18 105
1420 18 348
1431 18 111
1442 18 313
1453 18 315
1464 18 709
1475 18 855
1486 18 55
1497 18 233
1508 18 468
1519 18 958
1530 18 307
1541 18 433
1552 18 272
1563 18 952
1574 18 317
1585 18 833
1596 18 608
1607 18 796
1618 18 414
1629 18 535
1640 18 71
1651 18 124
1662 18 622
1673 18 727
1684 18 248
1695 18 369
1706 18 451
1717 18 306
1728 18 644
1739 18 553
1750 18 749
1761 18 982
1772 18 442
1783 18 628
1794 18 428
1805 18 219
1816 18 583
1827 18 882
1838 18 659
1849 18 926
1860 18 572
1871 18 818
1882 18 64
1893 18 983
1904 18 780
1915 18 445
1926 18 364
1937 18 95
1948 18 177
1959 18 589
1970 18 587
1981 18 556
1992 18 220
2003 18 84
2014 18 362
2025 18 402
2036 18 842
2047 18 530
2058 18 485
2069 18 847
2080 18 618
2091 18 409
2102 18 95
2113 18 669
2124 18 516
2135 18 789
2146 18 671
2157 18 918
2168 18 669
2179 18 119
2190 18 91
2201 18 442
2212 18 654
2223 18 266
2234 18 886
2245 18 791
2256 18 811
2267 18 146
2278 18 714
2289 18 52
2300 18 508
2311 18 697
2322 18 465
2333 18 87
2344 18 941
2355 18 312
2366 18 70
2377 18 719
2388 18 527
2399 18 898
2410 18 293
2421 18 354
2432 18 558
2443 18 834
2454 18 885
2465 18 88
2476 18 806
2487 18 726
2498 18 274
2509 18 259
2520 18 977
2531 18 995
2542 18 795
2553 18 901
2564 18 46
2575 18 873
2586 18 869
2597 18 15
2608 18 829
2619 18 129
2630 18 660
2641 18 687
2652 18 198
2663 18 984
2674 18 815
2685 18 397
2696 18 292
2707 18 861
2718 18 363
2729 18 92
2740 18 8
2751 18 293
2762 18 108
2773 18 672
2784 18 987
2795 18 938
2806 18 940
2817 18 308
2828 18 917
2839 18 291
2850 18 455
2861 18 820
2872 18 313
2883 18 795
2894 18 569
2905 18 950
2916 18 407
2927 18 385
2938 18 688
2949 18 492
2960 18 48
2971 18 320
2982 18 585
2993 18 59
3 19 269
14 19 684
25 19 727
36 19 550
47 19 259
58 19 476
69 19 405
80 19 26
91 19 506
102 19 186
113 19 95
124 19 511
135 19 937
146 19 512
157 19 928
168 19 900
179 19 41
190 19 214
201 19 317
212 19 929
223 19 99
234 19 278
245 19 515
256 19 811
267 19 713
278 19 910
289 19 165
300 19 329
311 19 324
322 19 262
333 19 453
344 19 421
355 19 550
366 19 960
377 19 175
388 19 923
399 19 998
410 19 172
421 19 423
432 19 525
443 19 568
454 19 204
465 19 692
476 19 578
487 19 8
498 19 932
509 19 842
520 19 362
531 19 388
542 19 611
553 19 575
564 19 571
575 19 75
586 19 96
597 19 72
608 19 813
619 19 768
630 19 517
641 19 608
652 19 743
663 19 345
674 19 168
685 19 430
696 19 44
707 19 708
718 19 3
729 19 804
740 19 696
751 19 176
762 19 260
773 19 565
784 19 437
795 19 891
806 19 53
817 19 771
828 19 970
839 19 228
850 19 547
861 19 185
872 19 82
883 19 573
894 19 226
905 19 429
916 19 881
927 19 105
938 19 16
949 19 681
960 19 993
971 19 145
982 19 92
993 19 594
1004 19 240
1015 19 814
1026 19 643
1037 19 347
1048 19 476
1059 19 544
1070 19 10
1081 19 74
1092 19 288
1103 19 769
1114 19 636
1125 19 457
1136 19 340
1147 19 552
1158 19 518
1169 19 818
1180 19 554
1191 19 665
1202 19 526
1213 19 568
1224 19 844
1235 19 309
1246 19 648
1257 19 510
1268 19 570
1279 19 14
1290 19 532
1301 19 466
1312 19 504
1323 19 869
1334 19 554
1345 19 273
1356 19 5
1367 19 945
1378 19 55
1389 19 396
1400 19 561
1411 19 476
1422 19 458
1433 19 424
1444 19 763
1455 19 196
1466 19 655
1477 19 369
1488 19 250
1499 19 265
1510 19 579
1521 19 663
1532 19 468
1543 19 971
1554 19 685
1565 19 117
1576 19 467
1587 19 853
1598 19 530
1609 19 823
1620 19 581
1631 19 807
1642 19 328
1653 19 787
1664 19 957
1675 19 147
1686 19 389
1697 19 701
1708 19 884
1719 19 980
1730 19 953
1741 19 818
1752 19 391
1763 19 751
1774 19 102
1785 19 811
1796 19 692
1807 19 601
1818 19 38
1829 19 98
1840 19 436
1851 19 546
1862 19 695
1873 19 87
1884 19 809
1895 19 502
1906 19 229
1917 19 693
1928 19 991
1939 19 213
1950 19 763
1961 19 173
1972 19 29
1983 19 665
1994 19 43
2005 19 239
2016 19 644
2027 19 823
2038 19 500
2049 19 79
2060 19 542
2071 19 897
2082 19 874
2093 19 120
2104 19 472
2115 19 880
2126 19 785
2137 19 540
2148 19 397
2159 19 173
2170 19 222
2181 19 343
2192 19 104
2203 19 327
2214 19 280
2225 19 477
2236 19 569
2247 19 806
2258 19 501
2269 19 638
2280 19 355
2291 19 161
2302 19 870
2313 19 266
2324 19 404
2335 19 96
2346 19 640
2357 19 202
2368 19 757
2379 19 120
2390 19 791
2401 19 458
2412 19 134
2423 19 590
2434 19 598
2445 19 438
2456 19 983
2467 19 797
2478 19 426
2489 19 432
2500 19 991
2511 19 861
2522 19 897
2533 19 80
2544 19 467
2555 19 578
2566 19 607
2577 19 11
2588 19 629
2599 19 925
2610 19 283
2621 19 311
2632 19 351
2643 19 511
2654 19 560
2665 19 80
2676 19 53
2687 19 921
2698 19 406
2709 19 499
2720 19 435
2731 19 43
2742 19 566
2753 19 153
2764 19 439
2775 19 512
2786 19 7
2797 19 551
2808 19 537
2819 19 410
2830 19 832
2841 19 20
2852 19 124
2863 19 663
2874 19 60
2885 19 676
2896 19 413
2907 19 359
2918 19 561
2929 19 887
2940 19 534
2951 19 534
2962 19 576
2973 19 847
2984 19 553
2995 19 146
5 20 726
16 20 134
27 20 21
38 20 910
49 20 786
60 20 713
71 20 124
82 20 982
93 20 628
104 20 700
115 20 156
126 20 81
137 20 850
148 20 174
159 20 470
170 20 52
181 20 786
192 20 393
203 20 771
214 20 821
225 20 230
236 20 547
247 20 314
258 20 764
269 20 85
280 20 57
291 20 542
302 20 469
313 20 17
324 20 125
335 20 456
346 20 663
357 20 510
368 20 194
379 20 640
390 20 305
401 20 915
412 20 632
423 20 246
434 20 886
445 20 445
456 20 184
467 20 286
478 20 270
489 20 218
500 20 788
511 20 374
522 20 743
533 20 766
544 20 388
555 20 472
566 20 394
577 20 750
588 20 621
599 20 62
610 20 760
621 20 482
632 20 300
643 20 408
654 20 260
665 20 55
676 20 112
687 20 210
698 20 259
709 20 981
720 20 547
731 20 894
742 20 411
753 20 853
764 20 808
775 20 140
786 20 217
797 20 837
808 20 978
819 20 253
830 20 723
841 20 267
852 20 734
863 20 134
874 20 371
885 20 893
896 20 161
907 20 99
918 20 680
929 20 89
940 20 931
951 20 639
962 20 688
973 20 617
984 20 512
995 20 776
1006 20 776
1017 20 42
1028 20 3
1039 20 888
1050 20 563
1061 20 157
1072 20 973
1083 20 132
1094 20 303
1105 20 283
1116 20 196
1127 20 864
1138 20 811
1149 20 478
1160 20 825
1171 20 109
1182 20 193
1193 20 971
1204 20 994
1215 20 38
1226 20 15
1237 20 40
1248 20 432
1259 20 699
1270 20 484
1281 20 680
1292 20 74
1303 20 126
1314 20 863
1325 20 897
1336 20 599
1347 20 427
1358 20 50
1369 20 592
1380 20 717
1391 20 260
1402 20 487
1413 20 778
1424 20 380
1435 20 425
1446 20 744
1457 20 803
1468 20 965
1479 20 241
1490 20 169
1501 20 564
1512 20 841
1523 20 400
1534 20 258
1545 20 676
1556 20 823
1567 20 683
1578 20 527
1589 20 575
1600 20 258
1611 20 898
1622 20 209
1633 20 54
1644 20 987
1655 20 440
1666 20 685
1677 20 164
1688 20 594
1699 20 590
1710 20 50
1721 20 24
1732 20 163
1743 20 298
1754 20 843
1765 20 888
1776 20 803
1787 20 779
1798 20 235
1809 20 767
1820 20 140
1831 20 885
1842 20 413
1853 20 861
1864 20 957
1875 20 645
1886 20 152
1897 20 794
1908 20 529
1919 20 356
1930 20 250
1941 20 287
1952 20 493
1963 20 310
1974 20 280
1985 20 383
1996 20 389
2007 20 557
2018 20 713
2029 20 937
2040 20 790
2051 20 856
2062 20 656
2073 20 345
2084 20 116
2095 20 264
2106 20 454
2117 20 967
2128 20 836
2139 20 914
2150 20 156
2161 20 533
2172 20 697
2183 20 543
2194 20 935
2205 20 297
2216 20 507
2227 20 209
2238 20 396
2249 20 511
2260 20 779
2271 20 300
2282 20 77
2293 20 152
2304 20 789
2315 20 787
2326 20 684
2337 20 257
2348 20 867
2359 20 757
2370 20 311
2381 20 301
2392 20 495
2403 20 789
2414 20 561
2425 20 613
2436 20 919
2447 20 630
2458 20 781
2469 20 812
2480 20 619
2491 20 498
2502 20 185
2513 20 69
2524 20 608
2535 20 111
2546 20 449
2557 20 42
2568 20 960
2579 20 704
2590 20 692
2601 20 58
2612 20 893
2623 20 898
2634 20 195
2645 20 603
2656 20 47
2667 20 347
2678 20 330
2689 20 660
2700 20 971
2711 20 444
2722 20 600
2733 20 579
2744 20 792
2755 20 944
2766 20 923
2777 20 735
2788 20 476
2799 20 941
2810 20 511
2821 20 588
2832 20 870
2843 20 991
2854 20 566
2865 20 92
2876 20 744
2887 20 258
2898 20 496
2909 20 253
2920 20 712
2931 20 874
2942 20 565
2953 20 915
2964 20 658
2975 20 672
2986 20 262
2997 20 288
7 21 844
18 21 382
29 21 928
40 21 98
51 21 420
62 21 282
73 21 466
84 21 241
95 21 870
106 21 933
117 21 629
128 21 606
139 21 251
150 21 524
161 21 465
172 21 69
183 21 710
194 21 509
205 21 804
216 21 360
227 21 891
238 21 450
249 21 127
260 21 446
271 21 804
282 21 691
293 21 831
304 21 343
315 21 66
326 21 201
337 21 326
348 21 725
359 21 120
370 21 980
381 21 856
392 21 104
403 21 440
414 21 222
425 21 727
436 21 990
447 21 539
458 21 550
469 21 652
480 21 172
491 21 917
502 21 911
513 21 493
524 21 45
535 21 477
546 21 74
557 21 255
568 21 754
579 21 57
590 21 947
601 21 676
612 21 722
623 21 917
634 21 765
645 21 87
656 21 918
667 21 674
678 21 59
689 21 570
700 21 971
711 21 827
722 21 182
733 21 610
744 21 551
755 21 144
766 21 971
777 21 166
788 21 115
799 21 764
810 21 496
821 21 9
832 21 433
843 21 661
854 21 319
865 21 136
876 21 666
887 21 326
898 21 144
909 21 14
920 21 275
931 21 529
942 21 84
953 21 943
964 21 745
975 21 374
986 21 348
997 21 600
1008 21 603
1019 21 493
1030 21 356
1041 21 193
1052 21 338
1063 21 634
1074 21 430
1085 21 940
1096 21 238
1107 21 975
1118 21 762
1129 21 812
1140 21 226
1151 21 826
1162 21 62
1173 21 959
1184 21 149
1195 21 978
1206 21 147
1217 21 507
1228 21 206
1239 21 969
1250 21 72
1261 21 984
1272 21 5
1283 21 250
1294 21 738
1305 21 447
1316 21 304
1327 21 510
1338 21 493
1349 21 62
1360 21 659
1371 21 66
1382 21 193
1393 21 306
1404 21 772
1415 21 923
1426 21 951
1437 21 829
1448 21 752
1459 21 161
1470 21 792
1481 21 760
1492 21 866
1503 21 940
1514 21 176
1525 21 170
1536 21 537
1547 21 196
1558 21 259
1569 21 364
1580 21 86
1591 21 476
1602 21 476
1613 21 256
1624 21 992
1635 21 140
1646 21 854
1657 21 830
1668 21 957
1679 21 343
1690 21 412
1701 21 126
1712 21 632
1723 21 399
1734 21 613
1745 21 209
1756 21 152
1767 21 390
1778 21 348
1789 21 582
1800 21 739
1811 21 18
1822 21 456
1833 21 777
1844 21 986
1855 21 774
1866 21 48
1877 21 248
1888 21 683
1899 21 138
1910 21 755
1921 21 77
1932 21 455
1943 21 653
1954 21 407
1965 21 193
1976 21 913
1987 21 189
1998 21 618
2009 21 176
2020 21 551
2031 21 582
2042 21 538
2053 21 26
2064 21 690
2075 21 391
2086 21 299
2097 21 42
2108 21 572
2119 21 34
2130 21 297
2141 21 929
2152 21 363
2163 21 75
2174 21 575
2185 21 517
2196 21 730
2207 21 422
2218 21 848
2229 21 296
2240 21 534
2251 21 851
2262 21 264
2273 21 243
2284 21 982
2295 21 127
2306 21 115
2317 21 606
2328 21 941
2339 21 292
2350 21 723
2361 21 670
2372 21 598
2383 21 520
2394 21 632
2405 21 435
2416 21 343
2427 21 73
2438 21 331
2449 21 836
2460 21 622
2471 21 753
2482 21 410
2493 21 90
2504 21 141
2515 21 892
2526 21 37
2537 21 500
2548 21 467
2559 21 632
2570 21 990
2581 21 502
2592 21 832
2603 21 498
2614 21 216
2625 21 600
2636 21 757
2647 21 149
2658 21 174
2669 21 315
2680 21 767
2691 21 483
2702 21 461
2713 21 473
2724 21 747
2735 21 396
2746 21 880
2757 21 116
2768 21 347
2779 21 959
2790 21 937
2801 21 417
2812 21 477
2823 21 408
2834 21 388
2845 21 918
2856 21 307
2867 21 973
2878 21 174
2889 21 943
2900 21 706
2911 21 822
2922 21 832
2933 21 116
2944 21 506
2955 21 683
2966 21 864
2977 21 197
2988 21 222
2999 21 361
9 22 965
20 22 745
31 22 231
42 22 73
53 22 605
64 22 143
75 22 401
86 22 378
97 22 48
108 22 232
119 22 506
130 22 4
141 22 65
152 22 432
163 22 427
174 22 656
185 22 778
196 22 444
207 22 109
218 22 581
229 22 890
240 22 96
251 22 741
262 22 194
273 22 52
284 22 345
295 22 378
306 22 843
317 22 889
328 22 935
339 22 729
350 22 888
361 22 218
372 22 594
383 22 284
394 22 238
405 22 510
416 22 550
427 22 705
438 22 72
449 22 294
460 22 666
471 22 391
482 22 793
493 22 557
504 22 713
515 22 560
526 22 574
537 22 278
548 22 770
559 22 216
570 22 514
581 22 346
592 22 778
603 22 791
614 22 463
625 22 624
636 22 600
647 22 636
658 22 925
669 22 546
680 22 296
691 22 552
702 22 349
713 22 74
724 22 92
735 22 662
746 22 636
757 22 863
768 22 177
779 22 924
790 22 723
801 22 569
812 22 937
823 22 473
834 22 79
845 22 870
856 22 60
867 22 130
878 22 950
889 22 294
900 22 772
911 22 653
922 22 68
933 22 642
944 22 5
955 22 551
966 22 267
977 22 719
988 22 476
999 22 531
1010 22 416
1021 22 164
1032 22 661
1043 22 341
1054 22 12
1065 22 16
1076 22 71
1087 22 74
1098 22 631
1109 22 247
1120 22 752
1131 22 744
1142 22 943
1153 22 868
1164 22 474
1175 22 884
1186 22 831
1197 22 652
1208 22 651
1219 22 26
1230 22 395
1241 22 378
1252 22 948
1263 22 352
1274 22 916
1285 22 506
1296 22 657
1307 22 241
1318 22 959
1329 22 366
1340 22 404
1351 22 72
1362 22 464
1373 22 174
1384 22 782
1395 22 132
1406 22 199
1417 22 957
1428 22 120
1439 22 381
1450 22 907
1461 22 51
1472 22 540
1483 22 86
1494 22 434
1505 22 728
1516 22 284
1527 22 860
1538 22 146
1549 22 324
1560 22 444
1571 22 789
1582 22 355
1593 22 423
1604 22 849
1615 22 643
1626 22 621
1637 22 614
1648 22 354
1659 22 569
1670 22 351
1681 22 378
1692 22 545
1703 22 540
1714 22 705
1725 22 24
1736 22 866
1747 22 905
1758 22 984
1769 22 124
1780 22 312
1791 22 941
1802 22 435
1813 22 128
1824 22 894
1835 22 872
1846 22 961
1857 22 190
1868 22 855
1879 22 887
1890 22 30
1901 22 746
1912 22 287
1923 22 931
1934 22 606
1945 22 302
1956 22 120
1967 22 900
1978 22 167
1989 22 268
2000 22 758
2011 22 541
2022 22 414
2033 22 420
2044 22 769
2055 22 947
2066 22 341
2077 22 449
2088 22 247
2099 22 579
2110 22 828
2121 22 138
2132 22 307
2143 22 94
2154 22 728
2165 22 183
2176 22 86
2187 22 47
2198 22 49
2209 22 296
2220 22 909
2231 22 434
2242 22 967
2253 22 704
2264 22 832
2275 22 710
2286 22 544
2297 22 838
2308 22 715
2319 22 25
2330 22 794
2341 22 609
2352 22 595
2363 22 89
2374 22 482
2385 22 729
2396 22 988
2407 22 833
2418 22 640
2429 22 675
2440 22 614
2451 22 873
2462 22 430
2473 22 788
2484 22 46
2495 22 506
2506 22 386
2517 22 650
2528 22 631
2539 22 129
2550 22 426
2561 22 88
2572 22 732
2583 22 604
2594 22 9
2605 22 824
2616 22 93
2627 22 904
2638 22 860
2649 22 508
2660 22 247
2671 22 64
2682 22 73
2693 22 741
2704 22 118
2715 22 482
2726 22 649
2737 22 217
2748 22 238
2759 22 892
2770 22 483
2781 22 516
2792 22 807
2803 22 235
2814 22 641
2825 22 415
2836 22 205
2847 22 473
2858 22 359
2869 22 207
2880 22 840
2891 22 803
2902 22 273
2913 22 340
2924 22 729
2935 22 658
2946 22 176
2957 22 45
2968 22 473
2979 22 234
2990 22 135
0 23 711
11 23 230
22 23 453
33 23 344
44 23 258
55 23 430
66 23 962
77 23 590
88 23 142
99 23 898
110 23 763
121 23 483
132 23 866
143 23 574
154 23 678
165 23 985
176 23 452
187 23 944
198 23 115
209 23 574
220 23 931
231 23 322
242 23 201
253 23 974
264 23 92
275 23 805
286 23 670
297 23 154
308 23 127
319 23 110
330 23 204
341 23 735
352 23 511
363 23 944
374 23 405
385 23 416
396 23 382
407 23 752
418 23 517
429 23 439
440 23 406
451 23 453
462 23 627
473 23 879
484 23 945
495 23 375
506 23 562
517 23 213
528 23 344
539 23 42
550 23 492
561 23 246
572 23 796
583 23 216
594 23 555
605 23 202
616 23 462
627 23 663
638 23 106
649 23 912
660 23 520
671 23 5
682 23 432
693 23 48
704 23 414
715 23 890
726 23 138
737 23 489
748 23 719
759 23 898
770 23 510
781 23 261
792 23 659
803 23 437
814 23 957
825 23 303
836 23 105
847 23 662
858 23 321
869 23 859
880 23 894
891 23 613
902 23 130
913 23 87
924 23 346
935 23 740
946 23 278
957 23 744
968 23 292
979 23 794
990 23 13
1001 23 467
1012 23 131
1023 23 980
1034 23 920
1045 23 597
1056 23 587
1067 23 17
1078 23 354
1089 23 145
1100 23 660
1111 23 246
1122 23 925
1133 23 26
1144 23 190
1155 23 294
1166 23 354
1177 23 309
1188 23 118
1199 23 880
1210 23 960
1221 23 711
1232 23 802
1243 23 256
1254 23 53
1265 23 284
1276 23 610
1287 23 578
1298 23 807
1309 23 903
1320 23 487
1331 23 188
1342 23 139
1353 23 484
1364 23 468
1375 23 239
1386 23 942
1397 23 946
1408 23 940
1419 23 385
1430 23 441
1441 23 502
1452 23 961
1463 23 982
1474 23 210
1485 23 553
1496 23 952
1507 23 623
1518 23 893
1529 23 735
1540 23 785
1551 23 39
1562 23 121
1573 23 206
1584 23 669
1595 23 861
1606 23 14
1617 23 446
1628 23 869
1639 23 974
1650 23 165
1661 23 222
1672 23 799
1683 23 204
1694 23 611
1705 23 743
1716 23 161
1727 23 251
1738 23 345
1749 23 611
1760 23 696
1771 23 393
1782 23 914
1793 23 608
1804 23 912
1815 23 806
1826 23 465
1837 23 75
1848 23 995
1859 23 856
1870 23 615
1881 23 25
1892 23 705
1903 23 724
1914 23 536
1925 23 93
1936 23 120
1947 23 704
1958 23 397
1969 23 844
1980 23 383
1991 23 491
2002 23 379
2013 23 487
2024 23 737
2035 23 306
2046 23 559
2057 23 918
2068 23 777
2079 23 933
2090 23 153
2101 23 690
2112 23 860
2123 23 598
2134 23 888
2145 23 318
2156 23 515
2167 23 113
2178 23 393
2189 23 504
2200 23 265
2211 23 634
2222 23 235
2233 23 195
2244 23 752
2255 23 653
2266 23 628
2277 23 720
2288 23 762
2299 23 431
2310 23 35
2321 23 260
2332 23 394
2343 23 705
2354 23 48
2365 23 17
2376 23 379
2387 23 113
2398 23 658
2409 23 61
2420 23 570
2431 23 314
2442 23 428
2453 23 510
2464 23 729
2475 23 882
2486 23 441
2497 23 946
2508 23 990
2519 23 878
2530 23 184
2541 23 749
2552 23 310
2563 23 510
2574 23 981
2585 23 132
2596 23 609
2607 23 958
2618 23 820
2629 23 284
2640 23 371
2651 23 481
2662 23 156
2673 23 654
2684 23 111
2695 23 250
2706 23 177
2717 23 353
2728 23 536
2739 23 157
2750 23 22
2761 23 733
2772 23 183
2783 23 689
2794 23 573
2805 23 443
2816 23 426
2827 23 975
2838 23 901
2849 23 531
2860 23 875
2871 23 726
2882 23 700
2893 23 565
2904 23 597
2915 23 716
2926 23 781
2937 23 301
2948 23 314
2959 23 23
2970 23 187
2981 23 137
2992 23 265
2 24 674
13 24 82
24 24 87
35 24 818
46 24 298
57 24 544
68 24 476
79 24 345
90 24 647
101 24 382
112 24 171
123 24 685
134 24 213
145 24 763
156 24 846
167 24 620
178 24 197
189 24 569
200 24 434
211 24 904
222 24 449
233 24 450
244 24 202
255 24 895
266 24 23
277 24 184
288 24 396
299 24 251
310 24 204
321 24 462
332 24 227
343 24 188
354 24 486
365 24 10
376 24 63
387 24 167
398 24 497
409 24 83
420 24 180
431 24 481
442 24 303
453 24 757
464 24 873
475 24 392
486 24 271
497 24 400
508 24 146
519 24 689
530 24 168
541 24 794
552 24 975
563 24 157
574 24 984
585 24 920
596 24 664
607 24 745
618 24 546
629 24 21
640 24 96
651 24 60
662 24 842
673 24 308
684 24 4
695 24 753
706 24 633
717 24 495
728 24 120
739 24 308
750 24 372
761 24 316
772 24 119
783 24 687
794 24 483
805 24 843
816 24 27
827 24 388
838 24 946
849 24 388
860 24 770
871 24 342
882 24 244
893 24 476
904 24 819
915 24 792
926 24 545
937 24 599
948 24 605
959 24 523
970 24 297
981 24 509
992 24 95
1003 24 19
1014 24 486
1025 24 917
1036 24 891
1047 24 905
1058 24 296
1069 24 431
1080 24 590
1091 24 335
1102 24 829
1113 24 729
1124 24 293
1135 24 912
1146 24 57
1157 24 48
1168 24 888
1179 24 940
1190 24 38
1201 24 938
1212 24 821
1223 24 722
1234 24 417
1245 24 643
1256 24 551
1267 24 779
1278 24 608
1289 24 377
1300 24 969
1311 24 897
1322 24 86
1333 24 974
1344 24 948
1355 24 465
1366 24 538
1377 24 220
1388 24 673
1399 24 888
1410 24 891
1421 24 418
1432 24 739
1443 24 771
1454 24 924
1465 24 311
1476 24 772
1487 24 810
1498 24 326
1509 24 462
1520 24 806
1531 24 979
1542 24 992
1553 24 699
1564 24 593
1575 24 177
1586 24 574
1597 24 336
1608 24 763
1619 24 332
1630 24 740
1641 24 875
1652 24 436
1663 24 151
1674 24 737
1685 24 374
1696 24 879
1707 24 417
1718 24 586
1729 24 295
1740 24 973
1751 24 356
1762 24 925
1773 24 833
1784 24 6
1795 24 647
1806 24 762
1817 24 283
1828 24 243
1839 24 307
1850 24 391
1861 24 459
1872 24 455
1883 24 991
1894 24 703
1905 24 312
1916 24 174
1927 24 993
1938 24 642
1949 24 984
1960 24 570
1971 24 342
1982 24 183
1993 24 291
2004 24 46
2015 24 497
2026 24 656
2037 24 130
2048 24 206
2059 24 955
2070 24 63
2081 24 40
2092 24 667
2103 24 95
2114 24 904
2125 24 417
2136 24 122
2147 24 997
2158 24 114
2169 24 701
2180 24 911
2191 24 302
2202 24 196
2213 24 1
2224 24 286
2235 24 45
2246 24 664
2257 24 802
2268 24 683
2279 24 499
2290 24 357
2301 24 957
2312 24 303
2323 24 353
2334 24 110
2345 24 261
2356 24 116
2367 24 335
2378 24 980
2389 24 49
2400 24 174
2411 24 855
2422 24 83
2433 24 917
2444 24 23
2455 24 570
2466 24 866
2477 24 521
2488 24 188
2499 24 443
2510 24 921
2521 24 684
2532 24 271
2543 24 247
2554 24 828
2565 24 333
2576 24 686
2587 24 634
2598 24 14
2609 24 736
2620 24 786
2631 24 459
2642 24 562
2653 24 370
2664 24 377
2675 24 49
2686 24 213
2697 24 663
2708 24 295
2719 24 973
2730 24 972
2741 24 667
2752 24 801
2763 24 228
2774 24 437
2785 24 666
2796 24 493
2807 24 188
2818 24 880
2829 24 728
2840 24 381
2851 24 814
2862 24 182
2873 24 208
2884 24 583
2895 24 979
2906 24 26
2917 24 225
2928 24 11
2939 24 601
2950 24 377
2961 24 475
2972 24 110
2983 24 95
2994 24 483
4 25 708
15 25 455
26 25 184
37 25 772
48 25 335
59 25 93
70 25 403
81 25 745
92 25 643
103 25 95
114 25 113
125 25 742
136 25 299
147 25 905
158 25 271
169 25 109
180 25 31
191 25 776
202 25 785
213 25 221
224 25 749
235 25 943
246 25 288
257 25 764
268 25 171
279 25 384
290 25 739
301 25 746
312 25 375
323 25 617
334 25 395
345 25 923
356 25 55
367 25 57
378 25 32
389 25 629
400 25 395
411 25 502
422 25 81
433 25 877
444 25 346
455 25 331
466 25 460
477 25 550
488 25 839
499 25 924
510 25 545
521 25 460
532 25 977
543 25 678
554 25 859
565 25 141
576 25 472
587 25 250
598 25 414
609 25 876
620 25 177
631 25 787
642 25 967
653 25 762
664 25 328
675 25 357
686 25 539
697 25 170
708 25 610
719 25 331
730 25 751
741 25 640
752 25 876
763 25 19
774 25 214
785 25 590
796 25 509
807 25 124
818 25 987
829 25 260
840 25 591
851 25 968
862 25 153
873 25 878
884 25 676
895 25 772
906 25 774
917 25 486
928 25 236
939 25 521
950 25 878
961 25 172
972 25 613
983 25 128
994 25 434
1005 25 964
1016 25 568
1027 25 478
1038 25 407
1049 25 30
1060 25 50
1071 25 851
1082 25 640
1093 25 422
1104 25 127
1115 25 908
1126 25 787
1137 25 740
1148 25 625
1159 25 620
1170 25 674
1181 25 682
1192 25 347
1203 25 173
1214 25 92
1225 25 309
1236 25 332
1247 25 536
1258 25 666
1269 25 25
1280 25 603
1291 25 823
1302 25 597
1313 25 436
1324 25 363
1335 25 329
1346 25 971
1357 25 951
1368 25 144
1379 25 577
1390 25 902
1401 25 706
1412 25 679
1423 25 366
1434 25 706
1445 25 646
1456 25 690
1467 25 714
1478 25 340
1489 25 288
1500 25 246
1511 25 99
1522 25 518
1533 25 904
1544 25 675
1555 25 855
1566 25 278
1577 25 721
1588 25 773
1599 25 508
1610 25 272
1621 25 144
1632 25 180
1643 25 177
1654 25 476
1665 25 830
1676 25 6
1687 25 147
1698 25 230
1709 25 257
1720 25 90
1731 25 766
1742 25 312
1753 25 298
1764 25 98
1775 25 164
1786 25 442
1797 25 725
1808 25 794
1819 25 801
1830 25 13
1841 25 214
1852 25 640
1863 25 641
1874 25 384
1885 25 532
1896 25 829
1907 25 391
1918 25 501
1929 25 494
1940 25 869
1951 25 763
1962 25 932
1973 25 112
1984 25 835
1995 25 932
2006 25 452
2017 25 783
2028 25 688
2039 25 272
2050 25 835
2061 25 979
2072 25 291
2083 25 553
2094 25 474
2105 25 910
2116 25 255
2127 25 383
2138 25 854
2149 25 608
2160 25 162
2171 25 795
2182 25 668
2193 25 605
2204 25 412
2215 25 47
2226 25 654
2237 25 885
2248 25 620
2259 25 199
2270 25 141
2281 25 108
2292 25 477
2303 25 385
2314 25 484
2325 25 165
2336 25 460
2347 25 424
2358 25 958
2369 25 15
2380 25 215
2391 25 88
2402 25 45
2413 25 565
2424 25 648
2435 25 354
2446 25 543
2457 25 398
2468 25 404
2479 25 329
2490 25 455
2501 25 145
2512 25 922
2523 25 803
2534 25 365
2545 25 838
2556 25 247
2567 25 224
2578 25 64
2589 25 899
2600 25 342
2611 25 463
2622 25 340
2633 25 151
2644 25 367
2655 25 44
2666 25 168
2677 25 442
2688 25 369
2699 25 272
2710 25 98
2721 25 37
2732 25 70
2743 25 268
2754 25 163
2765 25 153
2776 25 170
2787 25 474
2798 25 845
2809 25 988
2820 25 90
2831 25 901
2842 25 989
2853 25 605
2864 25 716
2875 25 685
2886 25 979
2897 25 615
2908 25 76
2919 25 864
2930 25 35
2941 25 751
2952 25 363
2963 25 511
2974 25 971
2985 25 138
2996 25 818
6 26 156
17 26 581
28 26 908
39 26 981
50 26 391
61 26 438
72 26 549
83 26 808
94 26 465
105 26 182
116 26 447
127 26 634
138 26 595
149 26 184
160 26 194
171 26 356
182 26 1000
193 26 517
204 26 975
215 26 415
226 26 115
237 26 595
248 26 241
259 26 657
270 26 275
281 26 717
292 26 735
303 26 421
314 26 467
325 26 807
336 26 25
347 26 407
358 26 55
369 26 22
380 26 142
391 26 326
402 26 981
413 26 296
424 26 56
435 26 364
446 26 34
457 26 718
468 26 600
479 26 814
490 26 358
501 26 601
512 26 632
523 26 695
534 26 440
545 26 689
556 26 1
567 26 274
578 26 428
589 26 259
600 26 299
611 26 60
622 26 182
633 26 521
644 26 89
655 26 304
666 26 685
677 26 815
688 26 335
699 26 229
710 26 602
721 26 146
732 26 278
743 26 357
754 26 508
765 26 920
776 26 744
787 26 110
798 26 688
809 26 449
820 26 288
831 26 883
842 26 571
853 26 436
864 26 647
875 26 70
886 26 230
897 26 212
908 26 51
919 26 539
930 26 24
941 26 705
952 26 873
963 26 927
974 26 201
985 26 341
996 26 744
1007 26 752
1018 26 157
1029 26 714
1040 26 757
1051 26 270
1062 26 133
1073 26 858
1084 26 560
1095 26 721
1106 26 419
1117 26 963
1128 26 821
1139 26 33
1150 26 149
1161 26 55
1172 26 135
1183 26 500
1194 26 801
1205 26 348
1216 26 330
1227 26 79
1238 26 755
1249 26 153
1260 26 476
1271 26 237
1282 26 510
1293 26 852
1304 26 222
1315 26 615
1326 26 249
1337 26 388
1348 26 797
1359 26 547
1370 26 608
1381 26 155
1392 26 453
1403 26 285
1414 26 1000
1425 26 764
1436 26 985
1447 26 713
1458 26 717
1469 26 978
1480 26 535
1491 26 868
1502 26 503
1513 26 464
1524 26 707
1535 26 720
1546 26 218
1557 26 288
1568 26 405
1579 26 451
1590 26 570
1601 26 859
1612 26 422
1623 26 881
1634 26 285
1645 26 545
1656 26 355
1667 26 629
1678 26 535
1689 26 279
1700 26 240
1711 26 191
1722 26 982
1733 26 290
1744 26 340
1755 26 187
1766 26 665
1777 26 723
1788 26 742
1799 26 194
1810 26 898
1821 26 791
1832 26 475
1843 26 108
1854 26 259
1865 26 581
1876 26 859
1887 26 640
1898 26 230
1909 26 204
1920 26 559
1931 26 688
1942 26 240
1953 26 538
1964 26 530
1975 26 215
1986 26 801
1997 26 486
2008 26 253
2019 26 685
2030 26 465
2041 26 89
2052 26 980
2063 26 958
2074 26 500
2085 26 463
2096 26 438
2107 26 605
2118 26 488
2129 26 616
2140 26 531
2151 26 177
2162 26 390
2173 26 267
2184 26 224
2195 26 391
2206 26 109
2217 26 726
2228 26 726
2239 26 108
2250 26 774
2261 26 478
2272 26 266
2283 26 547
2294 26 900
2305 26 181
2316 26 348
2327 26 639
2338 26 322
2349 26 862
2360 26 982
2371 26 993
2382 26 889
2393 26 17
2404 26 739
2415 26 932
2426 26 598
2437 26 529
2448 26 56
2459 26 812
2470 26 447
2481 26 618
2492 26 320
2503 26 663
2514 26 492
2525 26 227
2536 26 29
2547 26 717
2558 26 503
2569 26 662
2580 26 913
2591 26 272
2602 26 208
2613 26 807
2624 26 927
2635 26 528
2646 26 696
2657 26 933
2668 26 145
2679 26 987
2690 26 299
2701 26 416
2712 26 133
2723 26 86
2734 26 540
2745 26 412
2756 26 817
2767 26 309
2778 26 787
2789 26 163
2800 26 621
2811 26 51
2822 26 312
2833 26 930
2844 26 307
2855 26 718
2866 26 48
2877 26 751
2888 26 220
2899 26 949
2910 26 212
2921 26 614
2932 26 481
2943 26 971
2954 26 156
2965 26 891
2976 26 859
2987 26 397
2998 26 42
8 27 480
19 27 366
30 27 182
41 27 339
52 27 526
63 27 521
74 27 973
85 27 605
96 27 541
107 27 409
118 27 610
129 27 913
140 27 391
151 27 791
162 27 327
173 27 746
184 27 484
195 27 858
206 27 612
217 27 707
228 27 346
239 27 846
250 27 333
261 27 625
272 27 625
283 27 873
294 27 176
305 27 774
316 27 40
327 27 361
338 27 233
349 27 741
360 27 716
371 27 128
382 27 674
393 27 710
404 27 826
415 27 75
426 27 108
437 27 511
448 27 364
459 27 537
470 27 22
481 27 962
492 27 845
503 27 507
514 27 547
525 27 839
536 27 919
547 27 936
558 27 756
569 27 478
580 27 796
591 27 811
602 27 11
613 27 355
624 27 816
635 27 554
646 27 690
657 27 521
668 27 619
679 27 315
690 27 855
701 27 74
712 27 500
723 27 2
734 27 370
745 27 462
756 27 839
767 27 153
778 27 308
789 27 258
800 27 186
811 27 985
822 27 617
833 27 11
844 27 482
855 27 878
866 27 820
877 27 386
888 27 809
899 27 568
910 27 666
921 27 615
932 27 723
943 27 900
954 27 297
965 27 893
976 27 62
987 27 970
998 27 741
1009 27 684
1020 27 88
1031 27 371
1042 27 580
1053 27 285
1064 27 191
1075 27 625
1086 27 723
1097 27 621
1108 27 202
1119 27 648
1130 27 425
1141 27 400
1152 27 511
1163 27 48
1174 27 694
1185 27 448
1196 27 447
1207 27 631
1218 27 606
1229 27 895
1240 27 448
1251 27 57
1262 27 861
1273 27 509
1284 27 477
1295 27 531
1306 27 299
1317 27 89
1328 27 452
1339 27 624
1350 27 935
1361 27 813
1372 27 602
1383 27 326
1394 27 288
1405 27 75
1416 27 888
1427 27 358
1438 27 58
1449 27 27
1460 27 18
1471 27 954
1482 27 774
1493 27 129
1504 27 991
1515 27 493
1526 27 720
1537 27 300
1548 27 253
1559 27 544
1570 27 695
1581 27 848
1592 27 882
1603 27 599
1614 27 769
1625 27 115
1636 27 637
1647 27 778
1658 27 45
1669 27 711
1680 27 20
1691 27 364
1702 27 495
1713 27 505
1724 27 562
1735 27 32
1746 27 69
1757 27 733
1768 27 280
1779 27 652
1790 27 86
1801 27 94
1812 27 305
1823 27 584
1834 27 718
1845 27 469
1856 27 633
1867 27 167
1878 27 243
1889 27 169
1900 27 770
1911 27 594
1922 27 541
1933 27 412
1944 27 180
1955 27 462
1966 27 594
1977 27 39
1988 27 314
1999 27 16
2010 27 207
2021 27 265
2032 27 767
2043 27 917
2054 27 129
2065 27 579
2076 27 316
2087 27 868
2098 27 995
2109 27 85
2120 27 582
2131 27 422
2142 27 797
2153 27 548
2164 27 881
2175 27 157
2186 27 515
2197 27 5
2208 27 282
2219 27 491
2230 27 854
2241 27 965
2252 27 738
2263 27 766
2274 27 865
2285 27 177
2296 27 618
2307 27 379
2318 27 949
2329 27 351
2340 27 600
2351 27 165
2362 27 186
2373 27 247
2384 27 356
2395 27 268
2406 27 753
2417 27 121
2428 27 9
2439 27 609
2450 27 291
2461 27 734
2472 27 46
2483 27 64
2494 27 814
2505 27 610
2516 27 593
2527 27 631
2538 27 86
2549 27 156
2560 27 593
2571 27 948
2582 27 914
2593 27 811
2604 27 536
2615 27 351
2626 27 492
2637 27 616
2648 27 427
2659 27 135
2670 27 514
2681 27 381
2692 27 696
2703 27 210
2714 27 797
2725 27 713
2736 27 837
2747 27 350
2758 27 301
2769 27 312
2780 27 685
2791 27 461
2802 27 719
2813 27 576
2824 27 726
2835 27 647
2846 27 501
2857 27 494
2868 27 380
2879 27 277
2890 27 284
2901 27 54
2912 27 10
2923 27 202
2934 27 677
2945 27 747
2956 27 675
2967 27 769
2978 27 88
2989 27 340
10 28 729
21 28 540
32 28 536
43 28 635
54 28 814
65 28 224
76 28 679
87 28 395
98 28 763
109 28 246
120 28 468
131 28 781
142 28 316
153 28 34
164 28 433
175 28 946
186 28 460
197 28 429
208 28 620
219 28 955
230 28 697
241 28 201
252 28 477
263 28 496
274 28 360
285 28 993
296 28 479
307 28 469
318 28 916
329 28 128
340 28 419
351 28 935
362 28 352
373 28 529
384 28 910
395 28 457
406 28 291
417 28 176
428 28 408
439 28 790
450 28 929
461 28 216
472 28 178
483 28 50
494 28 328
505 28 546
516 28 75
527 28 860
538 28 239
549 28 609
560 28 142
571 28 507
582 28 270
593 28 482
604 28 912
615 28 776
626 28 570
637 28 927
648 28 24
659 28 337
670 28 524
681 28 397
692 28 984
703 28 230
714 28 253
725 28 184
736 28 869
747 28 241
758 28 58
769 28 255
780 28 1000
791 28 311
802 28 261
813 28 553
824 28 206
835 28 636
846 28 613
857 28 981
868 28 227
879 28 769
890 28 303
901 28 376
912 28 133
923 28 481
934 28 775
945 28 841
956 28 346
967 28 36
978 28 957
989 28 627
1000 28 907
1011 28 218
1022 28 958
1033 28 273
1044 28 717
1055 28 348
1066 28 978
1077 28 22
1088 28 342
1099 28 343
1110 28 366
1121 28 191
1132 28 922
1143 28 496
1154 28 307
1165 28 697
1176 28 784
1187 28 107
1198 28 466
1209 28 677
1220 28 158
1231 28 659
1242 28 535
1253 28 763
1264 28 955
1275 28 33
1286 28 143
1297 28 679
1308 28 395
1319 28 43
1330 28 802
1341 28 44
1352 28 211
1363 28 510
1374 28 273
1385 28 846
1396 28 739
1407 28 597
1418 28 57
1429 28 828
1440 28 541
1451 28 926
1462 28 439
1473 28 464
1484 28 47
1495 28 26
1506 28 795
1517 28 15
1528 28 499
1539 28 177
1550 28 74
1561 28 409
1572 28 178
1583 28 930
1594 28 878
1605 28 329
1616 28 843
1627 28 571
1638 28 200
1649 28 472
1660 28 247
1671 28 877
1682 28 638
1693 28 837
1704 28 826
1715 28 866
1726 28 325
1737 28 714
1748 28 466
1759 28 145
1770 28 199
1781 28 699
1792 28 756
1803 28 891
1814 28 524
1825 28 408
1836 28 789
1847 28 372
1858 28 492
1869 28 671
1880 28 699
1891 28 653
1902 28 565
1913 28 206
1924 28 879
1935 28 893
1946 28 604
1957 28 99
1968 28 567
1979 28 106
1990 28 262
2001 28 219
2012 28 980
2023 28 266
2034 28 70
2045 28 602
2056 28 435
2067 28 419
2078 28 754
2089 28 411
2100 28 893
2111 28 965
2122 28 365
2133 28 485
2144 28 637
2155 28 248
2166 28 230
2177 28 171
2188 28 396
2199 28 399
2210 28 110
2221 28 503
2232 28 1000
2243 28 655
2254 28 251
2265 28 402
2276 28 556
2287 28 403
2298 28 671
2309 28 295
2320 28 136
2331 28 177
2342 28 921
2353 28 759
2364 28 728
2375 28 433
2386 28 761
2397 28 158
2408 28 810
2419 28 360
2430 28 713
2441 28 798
2452 28 125
2463 28 335
2474 28 601
2485 28 839
2496 28 482
2507 28 735
2518 28 60
2529 28 400
2540 28 423
2551 28 829
2562 28 553
2573 28 527
2584 28 427
2595 28 622
2606 28 482
2617 28 235
2628 28 124
2639 28 962
2650 28 784
2661 28 697
2672 28 490
2683 28 359
2694 28 874
2705 28 753
2716 28 568
2727 28 125
2738 28 419
2749 28 70
2760 28 784
2771 28 593
2782 28 388
2793 28 663
2804 28 11
2815 28 765
2826 28 52
2837 28 14
2848 28 982
2859 28 615
2870 28 746
2881 28 860
2892 28 963
2903 28 70
2914 28 362
2925 28 19
2936 28 421
2947 28 363
2958 28 898
2969 28 303
2980 28 265
2991 28 672
1 29 813
12 29 165
23 29 991
34 29 47
45 29 974
56 29 996
67 29 539
78 29 580
89 29 70
100 29 437
111 29 713
122 29 319
133 29 399
144 29 324
155 29 218
166 29 281
177 29 647
188 29 251
199 29 776
210 29 386
221 29 6
232 29 505
243 29 791
254 29 271
265 29 891
276 29 524
287 29 443
298 29 358
309 29 748
320 29 965
331 29 951
342 29 509
353 29 739
364 29 835
375 29 799
386 29 576
397 29 854
408 29 197
419 29 887
430 29 488
441 29 755
452 29 347
463 29 472
474 29 649
485 29 683
496 29 985
507 29 732
518 29 687
529 29 282
540 29 941
551 29 654
562 29 319
573 29 788
584 29 995
595 29 174
606 29 713
617 29 217
628 29 413
639 29 690
650 29 718
661 29 361
672 29 692
683 29 214
694 29 675
705 29 755
716 29 590
727 29 496
738 29 46
749 29 953
760 29 890
771 29 358
782 29 356
793 29 963
804 29 659
815 29 31
826 29 614
837 29 909
848 29 559
859 29 345
870 29 431
881 29 400
892 29 956
903 29 61
914 29 819
925 29 525
936 29 734
947 29 328
958 29 753
969 29 21
980 29 362
991 29 73
1002 29 791
1013 29 569
1024 29 672
1035 29 130
1046 29 957
1057 29 93
1068 29 261
1079 29 392
1090 29 72
1101 29 503
1112 29 690
1123 29 4
1134 29 471
1145 29 116
1156 29 648
1167 29 664
1178 29 528
1189 29 243
1200 29 600
1211 29 315
1222 29 821
1233 29 561
1244 29 119
1255 29 888
1266 29 760
1277 29 471
1288 29 240
1299 29 255
1310 29 981
1321 29 308
1332 29 863
1343 29 973
1354 29 518
1365 29 505
1376 29 809
1387 29 855
1398 29 346
1409 29 598
1420 29 370
1431 29 502
1442 29 625
1453 29 608
1464 29 317
1475 29 538
1486 29 716
1497 29 978
1508 29 613
1519 29 208
1530 29 174
1541 29 169
1552 29 436
1563 29 602
1574 29 302
1585 29 613
1596 29 813
1607 29 827
1618 29 914
1629 29 254
1640 29 31
1651 29 741
1662 29 401
1673 29 616
1684 29 579
1695 29 41
1706 29 301
1717 29 957
1728 29 142
1739 29 970
1750 29 205
1761 29 792
1772 29 384
1783 29 581
1794 29 262
1805 29 622
1816 29 154
1827 29 778
1838 29 185
1849 29 460
1860 29 111
1871 29 54
1882 29 225
1893 29 326
1904 29 507
1915 29 288
1926 29 661
1937 29 403
1948 29 875
1959 29 381
1970 29 240
1981 29 624
1992 29 858
2003 29 184
2014 29 835
2025 29 964
2036 29 691
2047 29 47
2058 29 555
2069 29 299
2080 29 671
2091 29 165
2102 29 295
2113 29 70
2124 29 3
2135 29 254
2146 29 28
2157 29 271
2168 29 555
2179 29 800
2190 29 928
2201 29 42
2212 29 1
2223 29 178
2234 29 128
2245 29 340
2256 29 792
2267 29 750
2278 29 823
2289 29 984
2300 29 884
2311 29 499
2322 29 542
2333 29 524
2344 29 419
2355 29 811
2366 29 717
2377 29 531
2388 29 451
2399 29 968
2410 29 943
2421 29 78
2432 29 254
2443 29 906
2454 29 637
2465 29 113
2476 29 383
2487 29 573
2498 29 163
2509 29 519
2520 29 860
2531 29 710
2542 29 539
2553 29 775
2564 29 59
2575 29 273
2586 29 418
2597 29 231
2608 29 671
2619 29 587
2630 29 447
2641 29 795
2652 29 598
2663 29 733
2674 29 940
2685 29 236
2696 29 351
2707 29 905
2718 29 239
2729 29 150
2740 29 770
2751 29 895
2762 29 121
2773 29 637
2784 29 298
2795 29 501
2806 29 147
2817 29 142
2828 29 948
2839 29 386
2850 29 561
2861 29 629
2872 29 235
2883 29 9
2894 29 948
2905 29 53
2916 29 785
2927 29 536
2938 29 804
2949 29 407
2960 29 708
2971 29 681
2982 29 397
2993 29 541
3 30 423
14 30 763
25 30 484
36 30 734
47 30 307
58 30 731
69 30 148
80 30 293
91 30 689
102 30 417
113 30 429
124 30 857
135 30 745
146 30 213
157 30 449
168 30 122
179 30 73
190 30 201
201 30 58
212 30 26
223 30 693
234 30 811
245 30 821
256 30 624
267 30 187
278 30 481
289 30 699
300 30 601
311 30 114
322 30 379
333 30 81
344 30 451
355 30 428
366 30 519
377 30 884
388 30 471
399 30 68
410 30 394
421 30 524
432 30 368
443 30 742
454 30 784
465 30 244
476 30 546
487 30 835
498 30 585
509 30 870
520 30 967
531 30 750
542 30 42
553 30 761
564 30 271
575 30 900
586 30 22
597 30 118
608 30 443
619 30 5
630 30 122
641 30 100
652 30 521
663 30 429
674 30 192
685 30 229
696 30 688
707 30 977
718 30 115
729 30 887
740 30 759
751 30 182
762 30 249
773 30 514
784 30 571
795 30 254
806 30 391
817 30 303
828 30 45
839 30 626
850 30 537
861 30 335
872 30 653
883 30 685
894 30 759
905 30 485
916 30 859
927 30 318
938 30 674
949 30 804
960 30 67
971 30 625
982 30 432
993 30 67
1004 30 752
1015 30 170
1026 30 311
1037 30 947
1048 30 84
1059 30 101
1070 30 800
1081 30 67
1092 30 798
1103 30 83
1114 30 776
1125 30 468
1136 30 629
1147 30 580
1158 30 604
1169 30 346
1180 30 392
1191 30 435
1202 30 523
1213 30 125
1224 30 101
1235 30 122
1246 30 509
1257 30 602
1268 30 226
1279 30 639
1290 30 811
1301 30 723
1312 30 143
1323 30 338
1334 30 666
1345 30 61
1356 30 281
1367 30 337
1378 30 669
1389 30 50
1400 30 410
1411 30 929
1422 30 323
1433 30 838
1444 30 395
1455 30 107
1466 30 627
1477 30 692
1488 30 809
1499 30 133
1510 30 382
1521 30 443
1532 30 871
1543 30 605
1554 30 58
1565 30 480
1576 30 664
1587 30 268
1598 30 543
1609 30 605
1620 30 357
1631 30 469
1642 30 952
1653 30 300
1664 30 342
1675 30 610
1686 30 577
1697 30 539
1708 30 929
1719 30 638
1730 30 883
1741 30 907
1752 30 110
1763 30 651
1774 30 260
1785 30 421
1796 30 174
1807 30 463
1818 30 86
1829 30 100
1840 30 918
1851 30 152
1862 30 819
1873 30 489
1884 30 718
1895 30 418
1906 30 273
1917 30 729
1928 30 761
1939 30 652
1950 30 197
1961 30 677
1972 30 16
1983 30 819
1994 30 757
2005 30 420
2016 30 21
2027 30 442
2038 30 800
2049 30 532
2060 30 476
2071 30 964
2082 30 807
2093 30 520
2104 30 676
2115 30 712
2126 30 965
2137 30 369
2148 30 499
2159 30 791
2170 30 464
2181 30 479
2192 30 240
2203 30 376
2214 30 242
2225 30 292
2236 30 349
2247 30 212
2258 30 33
2269 30 188
2280 30 403
2291 30 98
2302 30 644
2313 30 370
2324 30 952
2335 30 380
2346 30 69
2357 30 691
2368 30 127
2379 30 585
2390 30 278
2401 30 333
2412 30 205
2423 30 384
2434 30 244
2445 30 657
2456 30 783
2467 30 442
2478 30 445
2489 30 584
2500 30 198
2511 30 931
2522 30 439
2533 30 600
2544 30 485
2555 30 738
2566 30 814
2577 30 851
2588 30 534
2599 30 126
2610 30 245
2621 30 676
2632 30 260
2643 30 381
2654 30 289
2665 30 272
2676 30 959
2687 30 432
2698 30 826
2709 30 604
2720 30 869
2731 30 969
2742 30 894
2753 30 346
2764 30 673
2775 30 933
2786 30 215
2797 30 739
2808 30 867
2819 30 917
2830 30 976
2841 30 136
2852 30 845
2863 30 339
2874 30 81
2885 30 534
2896 30 688
2907 30 663
2918 30 708
2929 30 242
2940 30 659
2951 30 643
2962 30 885
2973 30 897
2984 30 440
2995 30 759
5 31 790
16 31 868
27 31 701
38 31 291
49 31 629
60 31 18
71 31 888
82 31 233
93 31 593
104 31 942
115 31 868
126 31 737
137 31 786
148 31 971
159 31 715
170 31 887
181 31 745
192 31 151
203 31 592
214 31 163
225 31 473
236 31 989
247 31 745
258 31 264
269 31 590
280 31 557
291 31 392
302 31 922
313 31 842
324 31 605
335 31 950
346 31 729
357 31 923
368 31 518
379 31 842
390 31 934
401 31 347
412 31 116
423 31 309
434 31 583
445 31 793
456 31 965
467 31 809
478 31 903
489 31 544
500 31 334
511 31 47
522 31 830
533 31 195
544 31 233
555 31 211
566 31 565
577 31 77
588 31 38
599 31 655
610 31 941
621 31 792
632 31 814
643 31 385
654 31 246
665 31 379
676 31 540
687 31 728
698 31 690
709 31 965
720 31 598
731 31 484
742 31 228
753 31 654
764 31 89
775 31 80
786 31 624
797 31 903
808 31 449
819 31 123
830 31 130
841 31 605
852 31 959
863 31 609
874 31 734
885 31 626
896 31 75
907 31 893
918 31 840
929 31 57
940 31 197
951 31 464
962 31 95
973 31 403
984 31 144
995 31 881
1006 31 811
1017 31 700
1028 31 607
1039 31 450
1050 31 435
1061 31 633
1072 31 841
1083 31 19
1094 31 685
1105 31 128
1116 31 776
1127 31 889
1138 31 767
1149 31 513
1160 31 679
1171 31 937
1182 31 227
1193 31 865
1204 31 194
1215 31 156
1226 31 282
1237 31 419
1248 31 111
1259 31 112
1270 31 70
1281 31 633
1292 31 667
1303 31 823
1314 31 222
1325 31 550
1336 31 955
1347 31 71
1358 31 969
1369 31 667
1380 31 77
1391 31 483
1402 31 877
1413 31 590
1424 31 807
1435 31 764
1446 31 423
1457 31 184
1468 31 793
1479 31 669
1490 31 130
1501 31 834
1512 31 15
1523 31 241
1534 31 594
1545 31 806
1556 31 244
1567 31 855
1578 31 781
1589 31 4
1600 31 369
1611 31 971
1622 31 288
1633 31 37
1644 31 259
1655 31 69
1666 31 458
1677 31 690
1688 31 170
1699 31 767
1710 31 412
1721 31 453
1732 31 245
1743 31 473
1754 31 366
1765 31 386
1776 31 795
1787 31 497
1798 31 717
1809 31 528
1820 31 41
1831 31 246
1842 31 560
1853 31 197
1864 31 797
1875 31 488
1886 31 817
1897 31 842
1908 31 641
1919 31 389
1930 31 490
1941 31 432
1952 31 625
1963 31 924
1974 31 333
1985 31 771
1996 31 730
2007 31 357
2018 31 583
2029 31 107
2040 31 285
2051 31 999
2062 31 995
2073 31 732
2084 31 588
2095 31 146
2106 31 162
2117 31 565
2128 31 177
2139 31 988
2150 31 777
2161 31 268
2172 31 884
2183 31 542
2194 31 791
2205 31 998
2216 31 907
2227 31 288
2238 31 155
2249 31 771
2260 31 900
2271 31 585
2282 31 559
2293 31 803
2304 31 837
2315 31 26
2326 31 991
2337 31 356
2348 31 846
2359 31 355
2370 31 245
2381 31 148
2392 31 839
2403 31 417
2414 31 458
2425 31 242
2436 31 322
2447 31 45
2458 31 986
2469 31 593
2480 31 835
2491 31 169
2502 31 889
2513 31 984
2524 31 736
2535 31 864
2546 31 346
2557 31 476
2568 31 95
2579 31 511
2590 31 355
2601 31 996
2612 31 808
2623 31 407
2634 31 252
2645 31 784
2656 31 342
2667 31 309
2678 31 932
2689 31 758
2700 31 372
2711 31 676
2722 31 946
2733 31 337
2744 31 689
2755 31 662
2766 31 826
2777 31 799
2788 31 608
2799 31 486
2810 31 271
2821 31 761
2832 31 275
2843 31 782
2854 31 67
2865 31 483
2876 31 931
2887 31 436
2898 31 779
2909 31 686
2920 31 706
2931 31 701
2942 31 467
2953 31 676
2964 31 548
2975 31 314
2986 31 347
2997 31 873
7 32 234
18 32 738
29 32 296
40 32 690
51 32 88
62 32 760
73 32 193
84 32 971
95 32 582
106 32 351
117 32 615
128 32 966
139 32 438
150 32 680
161 32 190
172 32 541
183 32 95
194 32 193
205 32 903
216 32 509
227 32 790
238 32 145
249 32 912
260 32 809
271 32 779
282 32 681
293 32 305
304 32 364
315 32 146
326 32 340
337 32 135
348 32 619
359 32 647
370 32 532
381 32 231
392 32 265
403 32 813
414 32 432
425 32 259
436 32 319
447 32 867
458 32 363
469 32 851
480 32 95
491 32 866
502 32 539
513 32 40
524 32 885
535 32 340
546 32 723
557 32 722
568 32 205
579 32 39
590 32 622
601 32 236
612 32 690
623 32 96
634 32 3
645 32 710
656 32 521
667 32 91
678 32 159
689 32 638
700 32 229
711 32 583
722 32 662
733 32 481
744 32 48
755 32 128
766 32 448
777 32 461
788 32 609
799 32 962
810 32 980
821 32 37
832 32 594
843 32 363
854 32 450
865 32 630
876 32 689
887 32 690
898 32 982
909 32 790
920 32 948
931 32 596
942 32 774
953 32 582
964 32 979
975 32 878
986 32 825
997 32 413
1008 32 603
1019 32 647
1030 32 81
1041 32 125
1052 32 435
1063 32 633
1074 32 558
1085 32 924
1096 32 243
1107 32 354
1118 32 567
1129 32 234
1140 32 178
1151 32 494
1162 32 687
1173 32 490
1184 32 905
1195 32 366
1206 32 516
1217 32 554
1228 32 497
1239 32 102
1250 32 748
1261 32 901
1272 32 440
1283 32 909
1294 32 558
1305 32 411
1316 32 131
1327 32 828
1338 32 764
1349 32 947
1360 32 579
1371 32 883
1382 32 907
1393 32 46
1404 32 132
1415 32 670
1426 32 744
1437 32 938
1448 32 30
1459 32 448
1470 32 724
1481 32 798
1492 32 505
1503 32 870
1514 32 450
1525 32 520
1536 32 293
1547 32 558
1558 32 288
1569 32 500
1580 32 488
1591 32 416
1602 32 761
1613 32 523
1624 32 892
1635 32 197
1646 32 525
1657 32 671
1668 32 258
1679 32 61
1690 32 409
1701 32 304
1712 32 384
1723 32 211
1734 32 163
1745 32 91
1756 32 220
1767 32 541
1778 32 174
1789 32 824
1800 32 766
1811 32 975
1822 32 467
1833 32 945
1844 32 763
1855 32 978
1866 32 955
1877 32 372
1888 32 368
1899 32 414
1910 32 901
1921 32 484
1932 32 565
1943 32 509
1954 32 42
1965 32 510
1976 32 987
1987 32 488
1998 32 517
2009 32 597
2020 32 237
2031 32 75
2042 32 206
2053 32 983
2064 32 641
2075 32 700
2086 32 656
2097 32 924
2108 32 61
2119 32 702
2130 32 679
2141 32 922
2152 32 899
2163 32 326
2174 32 302
2185 32 997
2196 32 425
2207 32 235
2218 32 406
2229 32 90
2240 32 896
2251 32 505
2262 32 804
2273 32 156
2284 32 526
2295 32 64
2306 32 984
2317 32 737
2328 32 164
2339 32 26
2350 32 96
2361 32 312
2372 32 605
2383 32 295
2394 32 678
2405 32 425
2416 32 829
2427 32 752
2438 32 511
2449 32 878
2460 32 739
2471 32 351
2482 32 262
2493 32 283
2504 32 36
2515 32 324
2526 32 912
2537 32 623
2548 32 429
2559 32 118
2570 32 744
2581 32 85
2592 32 414
2603 32 610
2614 32 862
2625 32 76
2636 32 913
2647 32 350
2658 32 663
2669 32 132
2680 32 692
2691 32 457
2702 32 230
2713 32 78
2724 32 679
2735 32 890
2746 32 954
2757 32 940
2768 32 295
2779 32 559
2790 32 159
2801 32 109
2812 32 324
2823 32 55
2834 32 562
2845 32 41
2856 32 794
2867 32 936
2878 32 605
2889 32 206
2900 32 756
2911 32 599
2922 32 712
2933 32 392
2944 32 522
2955 32 973
2966 32 990
2977 32 213
2988 32 926
2999 32 747
9 33 162
20 33 590
31 33 399
42 33 641
53 33 960
64 33 490
75 33 781
86 33 567
97 33 58
108 33 98
119 33 792
130 33 838
141 33 723
152 33 108
163 33 125
174 33 487
185 33 492
196 33 865
207 33 896
218 33 607
229 33 993
240 33 940
251 33 748
262 33 582
273 33 800
284 33 727
295 33 585
306 33 166
317 33 113
328 33 700
339 33 886
350 33 651
361 33 618
372 33 955
383 33 471
394 33 907
405 33 296
416 33 912
427 33 961
438 33 542
449 33 198
460 33 54
471 33 783
482 33 506
493 33 207
504 33 499
515 33 414
526 33 157
537 33 840
548 33 721
559 33 501
570 33 611
581 33 447
592 33 886
603 33 697
614 33 998
625 33 400
636 33 77
647 33 471
658 33 188
669 33 414
680 33 204
691 33 540
702 33 520
713 33 996
724 33 163
735 33 84
746 33 975
757 33 829
768 33 864
779 33 670
790 33 280
801 33 449
812 33 548
823 33 182
834 33 410
845 33 467
856 33 970
867 33 537
878 33 207
889 33 917
900 33 5
911 33 702
922 33 31
933 33 679
944 33 871
955 33 7
966 33 579
977 33 704
988 33 388
999 33 479
1010 33 650
1021 33 685
1032 33 77
1043 33 795
1054 33 827
1065 33 337
1076 33 388
1087 33 430
1098 33 94
1109 33 912
1120 33 671
1131 33 176
1142 33 465
1153 33 906
1164 33 279
1175 33 909
1186 33 765
1197 33 881
1208 33 610
1219 33 942
1230 33 839
1241 33 729
1252 33 168
1263 33 67
1274 33 329
1285 33 970
1296 33 516
1307 33 35
1318 33 573
1329 33 527
1340 33 103
1351 33 390
1362 33 831
1373 33 319
1384 33 860
1395 33 486
1406 33 337
1417 33 459
1428 33 135
1439 33 895
1450 33 499
1461 33 213
1472 33 791
1483 33 63
1494 33 607
1505 33 246
1516 33 405
1527 33 473
1538 33 287
1549 33 376
1560 33 607
1571 33 169
1582 33 150
1593 33 560
1604 33 589
1615 33 995
1626 33 599
1637 33 927
1648 33 428
1659 33 981
1670 33 493
1681 33 546
1692 33 716
1703 33 480
1714 33 736
1725 33 329
1736 33 962
1747 33 992
1758 33 235
1769 33 492
1780 33 456
1791 33 895
1802 33 524
1813 33 842
1824 33 53
1835 33 754
1846 33 797
1857 33 172
1868 33 385
1879 33 749
1890 33 538
1901 33 837
1912 33 409
1923 33 766
1934 33 772
1945 33 69
1956 33 269
1967 33 571
1978 33 616
1989 33 992
2000 33 47
2011 33 266
2022 33 733
2033 33 886
2044 33 982
2055 33 222
2066 33 328
2077 33 71
2088 33 148
2099 33 985
2110 33 131
2121 33 64
2132 33 832
2143 33 333
2154 33 394
2165 33 271
2176 33 355
2187 33 995
2198 33 692
2209 33 180
2220 33 568
2231 33 869
2242 33 480
2253 33 612
2264 33 174
2275 33 611
2286 33 567
2297 33 225
2308 33 529
2319 33 896
2330 33 143
2341 33 96
2352 33 493
2363 33 108
2374 33 531
2385 33 457
2396 33 156
2407 33 895
2418 33 18
2429 33 489
2440 33 567
2451 33 826
2462 33 296
2473 33 572
2484 33 232
2495 33 202
2506 33 169
2517 33 136
2528 33 382
2539 33 521
2550 33 196
2561 33 974
2572 33 17
2583 33 928
2594 33 376
2605 33 229
2616 33 181
2627 33 56
2638 33 569
2649 33 192
2660 33 525
2671 33 47
2682 33 662
2693 33 327
2704 33 987
2715 33 866
2726 33 949
2737 33 767
2748 33 631
2759 33 831
2770 33 65
2781 33 688
2792 33 187
2803 33 266
2814 33 555
2825 33 247
2836 33 602
2847 33 709
2858 33 223
2869 33 874
2880 33 368
2891 33 716
2902 33 566
2913 33 628
2924 33 414
2935 33 759
2946 33 973
2957 33 791
2968 33 705
2979 33 450
2990 33 633
0 34 802
11 34 460
22 34 497
33 34 925
44 34 455
55 34 895
66 34 51
77 34 355
88 34 479
99 34 532
110 34 219
121 34 19
132 34 546
143 34 719
154 34 402
165 34 291
176 34 359
187 34 704
198 34 317
209 34 27
220 34 768
231 34 404
242 34 836
253 34 678
264 34 599
275 34 990
286 34 663
297 34 890
308 34 371
319 34 199
330 34 878
341 34 27
352 34 942
363 34 420
374 34 860
385 34 255
396 34 723
407 34 552
418 34 826
429 34 103
440 34 703
451 34 728
462 34 115
473 34 287
484 34 110
495 34 409
506 34 432
517 34 254
528 34 612
539 34 997
550 34 898
561 34 842
572 34 240
583 34 899
594 34 275
605 34 736
616 34 981
627 34 331
638 34 74
649 34 319
660 34 589
671 34 849
682 34 971
693 34 547
704 34 615
715 34 47
726 34 976
737 34 333
748 34 539
759 34 853
770 34 665
781 34 84
792 34 846
803 34 464
814 34 493
825 34 900
836 34 900
847 34 225
858 34 361
869 34 263
880 34 973
891 34 647
902 34 142
913 34 349
924 34 254
935 34 489
946 34 119
957 34 347
968 34 151
979 34 383
990 34 13
1001 34 245
1012 34 426
1023 34 135
1034 34 778
1045 34 297
1056 34 924
1067 34 317
1078 34 856
1089 34 357
1100 34 103
1111 34 443
1122 34 526
1133 34 487
1144 34 242
1155 34 842
1166 34 814
1177 34 500
1188 34 553
1199 34 962
1210 34 728
1221 34 596
1232 34 259
1243 34 173
1254 34 690
1265 34 226
1276 34 757
1287 34 893
1298 34 415
1309 34 102
1320 34 245
1331 34 488
1342 34 900
1353 34 719
1364 34 898
1375 34 539
1386 34 549
1397 34 4
1408 34 355
1419 34 445
1430 34 787
1441 34 549
1452 34 517
1463 34 421
1474 34 700
1485 34 693
1496 34 49
1507 34 574
1518 34 100
1529 34 839
1540 34 809
1551 34 10
1562 34 991
1573 34 153
1584 34 624
1595 34 581
1606 34 618
1617 34 624
1628 34 504
1639 34 73
1650 34 647
1661 34 645
1672 34 596
1683 34 857
1694 34 129
1705 34 61
1716 34 517
1727 34 754
1738 34 942
1749 34 908
1760 34 761
1771 34 364
1782 34 892
1793 34 478
1804 34 520
1815 34 459
1826 34 724
1837 34 430
1848 34 114
1859 34 284
1870 34 966
1881 34 816
1892 34 786
1903 34 469
1914 34 917
1925 34 232
1936 34 168
1947 34 115
1958 34 548
1969 34 294
1980 34 960
1991 34 577
2002 34 93
2013 34 180
2024 34 889
2035 34 265
2046 34 834
2057 34 514
2068 34 832
2079 34 609
2090 34 624
2101 34 344
2112 34 231
2123 34 69
2134 34 780
2145 34 817
2156 34 954
2167 34 931
2178 34 335
2189 34 880
2200 34 100
2211 34 604
2222 34 674
2233 34 609
2244 34 501
2255 34 147
2266 34 897
2277 34 549
2288 34 984
2299 34 572
2310 34 265
2321 34 956
2332 34 929
2343 34 917
2354 34 381
2365 34 963
2376 34 988
2387 34 238
2398 34 154
2409 34 813
2420 34 422
2431 34 60
2442 34 213
2453 34 957
2464 34 128
2475 34 709
2486 34 563
2497 34 628
2508 34 853
2519 34 209
2530 34 395
2541 34 179
2552 34 271
2563 34 677
2574 34 880
2585 34 556
2596 34 649
2607 34 190
2618 34 926
2629 34 808
2640 34 399
2651 34 864
2662 34 185
2673 34 862
2684 34 260
2695 34 127
2706 34 519
2717 34 432
2728 34 768
2739 34 961
2750 34 483
2761 34 29
2772 34 80
2783 34 160
2794 34 524
2805 34 832
2816 34 977
2827 34 194
2838 34 801
2849 34 761
2860 34 921
2871 34 617
2882 34 953
2893 34 728
2904 34 616
2915 34 847
2926 34 296
2937 34 350
2948 34 11
2959 34 874
2970 34 606
2981 34 596
2992 34 957
2 35 644
13 35 32
24 35 695
35 35 164
46 35 686
57 35 62
68 35 977
79 35 100
90 35 721
101 35 748
112 35 630
123 35 682
134 35 70
145 35 15
156 35 412
167 35 415
178 35 634
189 35 352
200 35 635
211 35 262
222 35 239
233 35 159
244 35 338
255 35 486
266 35 951
277 35 753
288 35 522
299 35 935
310 35 234
321 35 547
332 35 465
343 35 444
354 35 417
365 35 563
376 35 786
387 35 592
398 35 351
409 35 496
420 35 254
431 35 26
442 35 742
453 35 693
464 35 610
475 35 602
486 35 822
497 35 470
508 35 992
519 35 85
530 35 302
541 35 406
552 35 955
563 35 299
574 35 70
585 35 474
596 35 955
607 35 173
618 35 137
629 35 676
640 35 478
651 35 184
662 35 60
673 35 248
684 35 739
695 35 495
706 35 327
717 35 475
728 35 321
739 35 797
750 35 472
761 35 573
772 35 70
783 35 974
794 35 427
805 35 106
816 35 401
827 35 158
838 35 771
849 35 648
860 35 543
871 35 991
882 35 868
893 35 123
904 35 761
915 35 649
926 35 569
937 35 634
948 35 528
959 35 572
970 35 597
981 35 501
992 35 230
1003 35 250
1014 35 948
1025 35 669
1036 35 51
1047 35 892
1058 35 12
1069 35 282
1080 35 795
1091 35 764
1102 35 692
1113 35 654
1124 35 862
1135 35 10
1146 35 748
1157 35 902
1168 35 942
1179 35 571
1190 35 838
1201 35 340
1212 35 98
1223 35 323
1234 35 390
1245 35 505
1256 35 416
1267 35 66
1278 35 653
1289 35 209
1300 35 256
1311 35 499
1322 35 344
1333 35 94
1344 35 380
1355 35 958
1366 35 890
1377 35 758
1388 35 115
1399 35 272
1410 35 757
1421 35 116
1432 35 745
1443 35 911
1454 35 613
1465 35 814
1476 35 622
1487 35 982
1498 35 457
1509 35 392
1520 35 639
1531 35 619
1542 35 683
1553 35 719
1564 35 22
1575 35 759
1586 35 779
1597 35 895
1608 35 857
1619 35 383
1630 35 845
1641 35 863
1652 35 465
1663 35 251
1674 35 703
1685 35 762
1696 35 241
1707 35 243
1718 35 73
1729 35 615
1740 35 170
1751 35 18
1762 35 491
1773 35 697
1784 35 318
1795 35 434
1806 35 882
1817 35 338
1828 35 444
1839 35 659
1850 35 991
1861 35 960
1872 35 943
1883 35 73
1894 35 668
1905 35 229
1916 35 529
1927 35 759
1938 35 781
1949 35 213
1960 35 817
1971 35 222
1982 35 296
1993 35 970
2004 35 703
2015 35 754
2026 35 191
2037 35 133
2048 35 111
2059 35 561
2070 35 272
2081 35 685
2092 35 893
2103 35 656
2114 35 428
2125 35 942
2136 35 595
2147 35 107
2158 35 763
2169 35 563
2180 35 148
2191 35 374
2202 35 22
2213 35 335
2224 35 628
2235 35 886
2246 35 497
2257 35 932
2268 35 3
2279 35 714
2290 35 289
2301 35 998
2312 35 123
2323 35 456
2334 35 837
2345 35 892
2356 35 314
2367 35 100
2378 35 942
2389 35 91
2400 35 547
2411 35 169
2422 35 246
2433 35 122
2444 35 299
2455 35 622
2466 35 128
2477 35 406
2488 35 36
2499 35 502
2510 35 568
2521 35 105
2532 35 343
2543 35 607
2554 35 612
2565 35 890
2576 35 152
2587 35 121
2598 35 85
2609 35 151
2620 35 159
2631 35 303
2642 35 871
2653 35 664
2664 35 356
2675 35 340
2686 35 779
2697 35 170
2708 35 999
2719 35 47
2730 35 545
2741 35 140
2752 35 870
2763 35 787
2774 35 792
2785 35 652
2796 35 750
2807 35 572
2818 35 62
2829 35 749
2840 35 246
2851 35 579
2862 35 308
2873 35 300
2884 35 928
2895 35 843
2906 35 745
2917 35 151
2928 35 13
2939 35 73
2950 35 245
2961 35 498
2972 35 234
2983 35 227
2994 35 656
4 36 241
15 36 6
26 36 607
37 36 700
48 36 340
59 36 277
70 36 806
81 36 929
92 36 758
103 36 445
114 36 1
125 36 722
136 36 982
147 36 197
158 36 829
169 36 304
180 36 563
191 36 134
202 36 334
213 36 171
224 36 626
235 36 96
246 36 831
257 36 536
268 36 79
279 36 307
290 36 766
301 36 846
312 36 13
323 36 549
334 36 93
345 36 662
356 36 138
367 36 826
378 36 140
389 36 95
400 36 46
411 36 415
422 36 622
433 36 480
444 36 612
455 36 844
466 36 946
477 36 395
488 36 583
499 36 424
510 36 228
521 36 386
532 36 990
543 36 933
554 36 145
565 36 825
576 36 234
587 36 92
598 36 735
609 36 501
620 36 978
631 36 379
642 36 277
653 36 535
664 36 48
675 36 615
686 36 906
697 36 228
708 36 99
719 36 750
730 36 427
741 36 255
752 36 77
763 36 846
774 36 127
785 36 248
796 36 169
807 36 428
818 36 118
829 36 506
840 36 532
851 36 828
862 36 985
873 36 409
884 36 104
895 36 22
906 36 957
917 36 387
928 36 414
939 36 431
950 36 765
961 36 57
972 36 447
983 36 474
994 36 588
1005 36 235
1016 36 665
1027 36 210
1038 36 32
1049 36 997
1060 36 467
1071 36 278
1082 36 922
1093 36 134
1104 36 378
1115 36 292
1126 36 580
1137 36 611
1148 36 371
1159 36 729
1170 36 331
1181 36 133
1192 36 963
1203 36 196
1214 36 767
1225 36 981
1236 36 277
1247 36 269
1258 36 992
1269 36 176
1280 36 597
1291 36 607
1302 36 748
1313 36 650
1324 36 900
1335 36 342
1346 36 960
1357 36 451
1368 36 605
1379 36 594
1390 36 104
1401 36 628
1412 36 806
1423 36 688
1434 36 148
1445 36 288
1456 36 13
1467 36 895
1478 36 932
1489 36 759
1500 36 1
1511 36 261
1522 36 505
1533 36 692
1544 36 796
1555 36 5
1566 36 688
1577 36 690
1588 36 477
1599 36 488
1610 36 430
1621 36 228
1632 36 641
1643 36 707
1654 36 477
1665 36 205
1676 36 883
1687 36 236
1698 36 743
1709 36 684
1720 36 337
1731 36 770
1742 36 596
1753 36 453
1764 36 120
1775 36 578
1786 36 20
1797 36 209
1808 36 883
1819 36 206
1830 36 94
1841 36 200
1852 36 894
1863 36 502
1874 36 131
1885 36 187
1896 36 637
1907 36 218
1918 36 466
1929 36 70
1940 36 65
1951 36 514
1962 36 715
1973 36 620
1984 36 724
1995 36 812
2006 36 635
2017 36 383
2028 36 106
2039 36 418
2050 36 661
2061 36 584
2072 36 701
2083 36 344
2094 36 246
2105 36 953
2116 36 760
2127 36 469
2138 36 825
2149 36 516
2160 36 517
2171 36 869
2182 36 631
2193 36 971
2204 36 705
2215 36 459
2226 36 970
2237 36 771
2248 36 240
2259 36 771
2270 36 93
2281 36 385
2292 36 440
2303 36 462
2314 36 857
2325 36 774
2336 36 690
2347 36 928
2358 36 348
2369 36 788
2380 36 781
2391 36 845
2402 36 861
2413 36 731
2424 36 708
2435 36 176
2446 36 617
2457 36 301
2468 36 503
2479 36 486
2490 36 85
2501 36 306
2512 36 536
2523 36 620
2534 36 76
2545 36 813
2556 36 664
2567 36 89
2578 36 110
2589 36 407
2600 36 342
2611 36 477
2622 36 324
2633 36 410
2644 36 154
2655 36 521
2666 36 491
2677 36 829
2688 36 89
2699 36 259
2710 36 547
2721 36 953
2732 36 120
2743 36 164
2754 36 356
2765 36 92
2776 36 559
2787 36 932
2798 36 350
2809 36 652
2820 36 83
2831 36 490
2842 36 488
2853 36 70
2864 36 8
2875 36 473
2886 36 231
2897 36 181
2908 36 247
2919 36 492
2930 36 792
2941 36 609
2952 36 903
2963 36 308
2974 36 709
2985 36 903
2996 36 431
6 37 108
17 37 272
28 37 543
39 37 41
50 37 537
61 37 869
72 37 13
83 37 408
94 37 140
105 37 852
116 37 892
127 37 574
138 37 623
149 37 24
160 37 55
171 37 757
182 37 886
193 37 59
204 37 520
215 37 120
226 37 487
237 37 800
248 37 411
259 37 830
270 37 419
281 37 810
292 37 23
303 37 45
314 37 895
325 37 634
336 37 548
347 37 449
358 37 598
369 37 996
380 37 345
391 37 510
402 37 122
413 37 863
424 37 722
435 37 188
446 37 686
457 37 576
468 37 683
479 37 858
490 37 5
501 37 164
512 37 808
523 37 82
534 37 331
545 37 536
556 37 389
567 37 803
578 37 91
589 37 798
600 37 639
611 37 487
622 37 305
633 37 71
644 37 512
655 37 14
666 37 990
677 37 771
688 37 322
699 37 746
710 37 310
721 37 961
732 37 152
743 37 305
754 37 951
765 37 962
776 37 387
787 37 639
798 37 582
809 37 287
820 37 75
831 37 202
842 37 600
853 37 492
864 37 125
875 37 996
886 37 659
897 37 456
908 37 143
919 37 130
930 37 991
941 37 899
952 37 487
963 37 249
974 37 145
985 37 770
996 37 558
1007 37 71
1018 37 279
1029 37 686
1040 37 547
1051 37 570
1062 37 994
1073 37 549
1084 37 425
1095 37 852
1106 37 125
1117 37 730
1128 37 317
1139 37 141
1150 37 253
1161 37 768
1172 37 5
1183 37 700
1194 37 333
1205 37 13
1216 37 356
1227 37 925
1238 37 249
1249 37 479
1260 37 300
1271 37 328
1282 37 477
1293 37 467
1304 37 472
1315 37 79
1326 37 532
1337 37 516
1348 37 716
1359 37 431
1370 37 154
1381 37 632
1392 37 583
1403 37 569
1414 37 450
1425 37 227
1436 37 911
1447 37 168
1458 37 801
1469 37 217
1480 37 301
1491 37 160
1502 37 781
1513 37 329
1524 37 657
1535 37 562
1546 37 699
1557 37 487
1568 37 97
1579 37 112
1590 37 262
1601 37 721
1612 37 933
1623 37 876
1634 37 736
1645 37 553
1656 37 846
1667 37 855
1678 37 173
1689 37 735
1700 37 109
1711 37 660
1722 37 719
1733 37 622
1744 37 363
1755 37 784
1766 37 888
1777 37 76
1788 37 748
1799 37 559
1810 37 581
1821 37 480
1832 37 163
1843 37 929
1854 37 110
1865 37 75
1876 37 171
1887 37 217
1898 37 903
1909 37 734
1920 37 117
1931 37 806
1942 37 270
1953 37 937
1964 37 223
1975 37 342
1986 37 449
1997 37 636
2008 37 603
2019 37 125
2030 37 463
2041 37 982
2052 37 665
2063 37 174
2074 37 437
2085 37 574
2096 37 578
2107 37 325
2118 37 185
2129 37 266
2140 37 787
2151 37 896
2162 37 922
2173 37 471
2184 37 840
2195 37 294
2206 37 492
2217 37 58
2228 37 292
2239 37 221
2250 37 716
2261 37 220
2272 37 393
2283 37 457
2294 37 791
2305 37 815
2316 37 974
2327 37 15
2338 37 829
2349 37 422
2360 37 925
2371 37 579
2382 37 728
2393 37 281
2404 37 26
2415 37 847
2426 37 141
2437 37 265
2448 37 842
2459 37 63
2470 37 405
2481 37 867
2492 37 635
2503 37 988
2514 37 78
2525 37 94
2536 37 274
2547 37 961
2558 37 458
2569 37 718
2580 37 543
2591 37 303
2602 37 598
2613 37 322
2624 37 336
2635 37 600
2646 37 69
2657 37 697
2668 37 937
2679 37 128
2690 37 362
2701 37 499
2712 37 482
2723 37 892
2734 37 153
2745 37 477
2756 37 726
2767 37 157
2778 37 43
2789 37 200
2800 37 176
2811 37 89
2822 37 778
2833 37 67
2844 37 871
2855 37 343
2866 37 201
2877 37 513
2888 37 734
2899 37 301
2910 37 192
2921 37 364
2932 37 244
2943 37 486
2954 37 451
2965 37 824
2976 37 40
2987 37 591
2998 37 841
8 38 787
19 38 791
30 38 559
41 38 980
52 38 402
63 38 232
74 38 310
85 38 589
96 38 357
107 38 134
118 38 588
129 38 200
140 38 663
151 38 894
162 38 760
173 38 504
184 38 26
195 38 421
206 38 868
217 38 663
228 38 941
239 38 817
250 38 249
261 38 208
272 38 913
283 38 204
294 38 595
305 38 505
316 38 511
327 38 863
338 38 539
349 38 956
360 38 879
371 38 823
382 38 811
393 38 399
404 38 695
415 38 729
426 38 77
437 38 657
448 38 502
459 38 40
470 38 956
481 38 219
492 38 206
503 38 779
514 38 993
525 38 9
536 38 862
547 38 318
558 38 319
569 38 991
580 38 287
591 38 309
602 38 172
613 38 199
624 38 535
635 38 222
646 38 198
657 38 851
668 38 756
679 38 848
690 38 371
701 38 191
712 38 904
723 38 373
734 38 998
745 38 992
756 38 865
767 38 780
778 38 940
789 38 659
800 38 99
811 38 813
822 38 498
833 38 172
844 38 938
855 38 470
866 38 713
877 38 370
888 38 642
899 38 201
910 38 317
921 38 802
932 38 678
943 38 303
954 38 29
965 38 347
976 38 170
987 38 688
998 38 699
1009 38 320
1020 38 574
1031 38 650
1042 38 439
1053 38 874
1064 38 108
1075 38 300
1086 38 372
1097 38 72
1108 38 40
1119 38 749
1130 38 945
1141 38 312
1152 38 648
1163 38 281
1174 38 801
1185 38 908
1196 38 486
1207 38 773
1218 38 176
1229 38 804
1240 38 228
1251 38 704
1262 38 568
1273 38 325
1284 38 160
1295 38 332
1306 38 529
1317 38 521
1328 38 582
1339 38 682
1350 38 523
1361 38 955
1372 38 507
1383 38 949
1394 38 869
1405 38 253
1416 38 377
1427 38 653
1438 38 9
1449 38 224
1460 38 397
1471 38 997
1482 38 714
1493 38 15
1504 38 996
1515 38 610
1526 38 691
1537 38 339
1548 38 379
1559 38 262
1570 38 657
1581 38 357
1592 38 257
1603 38 291
1614 38 790
1625 38 721
1636 38 144
1647 38 71
1658 38 444
1669 38 237
1680 38 903
1691 38 708
1702 38 833
1713 38 99
1724 38 732
1735 38 354
1746 38 458
1757 38 548
1768 38 344
1779 38 838
1790 38 899
1801 38 138
1812 38 316
1823 38 843
1834 38 978
1845 38 175
1856 38 638
1867 38 694
1878 38 210
1889 38 256
1900 38 205
1911 38 876
1922 38 120
1933 38 341
1944 38 425
1955 38 652
1966 38 704
1977 38 681
1988 38 105
1999 38 690
2010 38 401
2021 38 852
2032 38 456
2043 38 931
2054 38 572
2065 38 923
2076 38 97
2087 38 765
2098 38 86
2109 38 56
2120 38 935
2131 38 733
2142 38 222
2153 38 72
2164 38 689
2175 38 103
2186 38 457
2197 38 239
2208 38 302
2219 38 136
2230 38 227
2241 38 55
2252 38 202
2263 38 617
2274 38 232
2285 38 706
2296 38 673
2307 38 9
2318 38 629
2329 38 611
2340 38 972
2351 38 951
2362 38 926
2373 38 546
2384 38 300
2395 38 652
2406 38 469
2417 38 50
2428 38 52
2439 38 195
2450 38 191
2461 38 884
2472 38 970
2483 38 419
2494 38 515
2505 38 588
2516 38 251
2527 38 521
2538 38 980
2549 38 493
2560 38 571
2571 38 117
2582 38 114
2593 38 692
2604 38 883
2615 38 76
2626 38 64
2637 38 915
2648 38 923
2659 38 282
2670 38 367
2681 38 782
2692 38 927
2703 38 493
2714 38 979
2725 38 362
2736 38 200
2747 38 109
2758 38 749
2769 38 20
2780 38 22
2791 38 474
2802 38 986
2813 38 162
2824 38 319
2835 38 264
2846 38 210
2857 38 149
2868 38 575
2879 38 694
2890 38 212
2901 38 996
2912 38 668
2923 38 730
2934 38 24
2945 38 688
2956 38 30
2967 38 443
2978 38 307
2989 38 469
10 39 865
21 39 49
32 39 451
43 39 588
54 39 100
65 39 923
76 39 944
87 39 357
98 39 347
109 39 150
120 39 479
131 39 38
142 39 479
153 39 196
164 39 958
175 39 1
186 39 549
197 39 534
208 39 865
219 39 244
230 39 716
241 39 937
252 39 862
263 39 929
274 39 576
285 39 953
296 39 653
307 39 666
318 39 496
329 39 392
340 39 665
351 39 990
362 39 72
373 39 657
384 39 953
395 39 230
406 39 413
417 39 360
428 39 967
439 39 957
450 39 322
461 39 120
472 39 919
483 39 79
494 39 391
505 39 918
516 39 325
527 39 88
538 39 488
549 39 228
560 39 302
571 39 670
582 39 631
593 39 116
604 39 398
615 39 564
626 39 66
637 39 496
648 39 258
659 39 690
670 39 173
681 39 435
692 39 126
703 39 413
714 39 712
725 39 142
736 39 850
747 39 642
758 39 66
769 39 3
780 39 407
791 39 593
802 39 514
813 39 215
824 39 931
835 39 907
846 39 648
857 39 524
868 39 963
879 39 322
890 39 242
901 39 835
912 39 448
923 39 452
934 39 264
945 39 361
956 39 894
967 39 591
978 39 65
989 39 758
1000 39 703
1011 39 881
1022 39 515
1033 39 168
1044 39 845
1055 39 617
1066 39 273
1077 39 143
1088 39 38
1099 39 795
1110 39 586
1121 39 642
1132 39 396
1143 39 613
1154 39 698
1165 39 940
1176 39 159
1187 39 759
1198 39 258
1209 39 26
1220 39 720
1231 39 961
1242 39 838
1253 39 940
1264 39 870
1275 39 931
1286 39 818
1297 39 549
1308 39 199
1319 39 770
1330 39 55
1341 39 596
1352 39 621
1363 39 527
1374 39 826
1385 39 37
1396 39 855
1407 39 289
1418 39 974
1429 39 848
1440 39 932
1451 39 676
1462 39 879
1473 39 369
1484 39 964
1495 39 10
1506 39 913
1517 39 367
1528 39 479
1539 39 764
1550 39 667
1561 39 366
1572 39 160
1583 39 165
1594 39 710
1605 39 861
1616 39 716
1627 39 477
1638 39 562
1649 39 516
1660 39 934
1671 39 641
1682 39 851
1693 39 70
1704 39 63
1715 39 962
1726 39 403
1737 39 969
1748 39 193
1759 39 472
1770 39 651
1781 39 948
1792 39 576
1803 39 460
1814 39 270
1825 39 368
1836 39 439
1847 39 126
1858 39 273
1869 39 346
1880 39 440
1891 39 720
1902 39 901
1913 39 492
1924 39 876
1935 39 877
1946 39 213
1957 39 265
1968 39 639
1979 39 476
1990 39 271
2001 39 236
2012 39 282
2023 39 792
2034 39 568
2045 39 131
2056 39 429
2067 39 373
2078 39 134
2089 39 274
2100 39 767
2111 39 361
2122 39 831
2133 39 56
2144 39 532
2155 39 560
2166 39 633
2177 39 863
2188 39 159
2199 39 839
2210 39 444
2221 39 736
2232 39 95
2243 39 511
2254 39 237
2265 39 728
2276 39 567
2287 39 517
2298 39 421
2309 39 679
2320 39 518
2331 39 821
2342 39 74
2353 39 394
2364 39 233
2375 39 122
2386 39 113
2397 39 361
2408 39 637
2419 39 908
2430 39 922
2441 39 942
2452 39 805
2463 39 40
2474 39 742
2485 39 492
2496 39 291
2507 39 711
2518 39 566
2529 39 807
2540 39 298
2551 39 580
2562 39 439
2573 39 964
2584 39 834
2595 39 424
2606 39 853
2617 39 168
2628 39 698
2639 39 190
2650 39 358
2661 39 147
2672 39 317
2683 39 644
2694 39 157
2705 39 344
2716 39 474
2727 39 774
2738 39 705
2749 39 119
2760 39 916
2771 39 24
2782 39 494
2793 39 834
2804 39 730
2815 39 60
2826 39 102
2837 39 91
2848 39 143
2859 39 658
2870 39 97
2881 39 391
2892 39 722
2903 39 182
2914 39 765
2925 39 861
2936 39 24
2947 39 191
2958 39 726
2969 39 316
2980 39 239
2991 39 283
1 40 275
12 40 394
23 40 246
34 40 923
45 40 791
56 40 446
67 40 321
78 40 580
89 40 667
100 40 499
111 40 794
122 40 496
133 40 720
144 40 78
155 40 948
166 40 976
177 40 7
188 40 828
199 40 735
210 40 466
221 40 969
232 40 46
243 40 20
254 40 706
265 40 858
276 40 301
287 40 522
298 40 626
309 40 926
320 40 456
331 40 593
342 40 770
353 40 95
364 40 370
375 40 674
386 40 204
397 40 779
408 40 149
419 40 282
430 40 844
441 40 598
452 40 932
463 40 348
474 40 721
485 40 573
496 40 42
507 40 708
518 40 603
529 40 375
540 40 292
551 40 887
562 40 556
573 40 214
584 40 504
595 40 782
606 40 147
617 40 194
628 40 557
639 40 236
650 40 931
661 40 326
672 40 989
683 40 578
694 40 980
705 40 739
716 40 466
727 40 313
738 40 524
749 40 10
760 40 408
771 40 270
782 40 960
793 40 238
804 40 441
815 40 799
826 40 205
837 40 330
848 40 767
859 40 266
870 40 397
881 40 391
892 40 975
903 40 523
914 40 546
925 40 337
936 40 588
947 40 810
958 40 823
969 40 556
980 40 135
991 40 159
1002 40 737
1013 40 339
1024 40 324
1035 40 809
1046 40 154
1057 40 121
1068 40 650
1079 40 354
1090 40 879
1101 40 118
1112 40 490
1123 40 119
1134 40 529
1145 40 349
1156 40 625
1167 40 154
1178 40 77
1189 40 660
1200 40 130
1211 40 922
1222 40 602
1233 40 653
1244 40 86
1255 40 650
1266 40 709
1277 40 895
1288 40 853
1299 40 778
1310 40 673
1321 40 970
1332 40 436
1343 40 30
1354 40 786
1365 40 803
1376 40 210
1387 40 242
1398 40 425
1409 40 657
1420 40 434
1431 40 425
1442 40 860
1453 40 405
1464 40 882
1475 40 272
1486 40 606
1497 40 732
1508 40 904
1519 40 326
1530 40 386
1541 40 968
1552 40 834
1563 40 109
1574 40 667
1585 40 181
1596 40 197
1607 40 909
1618 40 204
1629 40 625
1640 40 286
1651 40 14
1662 40 726
1673 40 741
1684 40 53
1695 40 263
1706 40 91
1717 40 482
1728 40 616
1739 40 159
1750 40 882
1761 40 441
1772 40 809
1783 40 746
1794 40 642
1805 40 777
1816 40 528
1827 40 892
1838 40 885
1849 40 891
1860 40 894
1871 40 935
1882 40 462
1893 40 962
1904 40 317
1915 40 802
1926 40 425
1937 40 756
1948 40 913
1959 40 339
1970 40 768
1981 40 671
1992 40 163
2003 40 317
2014 40 873
2025 40 834
2036 40 533
2047 40 668
2058 40 888
2069 40 4
2080 40 159
2091 40 252
2102 40 657
2113 40 392
2124 40 18
2135 40 280
2146 40 815
2157 40 117
2168 40 57
2179 40 362
2190 40 850
2201 40 289
2212 40 655
2223 40 773
2234 40 983
2245 40 753
2256 40 790
2267 40 299
2278 40 193
2289 40 939
2300 40 515
2311 40 549
2322 40 522
2333 40 500
2344 40 205
2355 40 617
2366 40 103
2377 40 321
2388 40 449
2399 40 794
2410 40 468
2421 40 789
2432 40 755
2443 40 792
2454 40 589
2465 40 473
2476 40 452
2487 40 484
2498 40 201
2509 40 66
2520 40 449
2531 40 207
2542 40 174
2553 40 805
2564 40 360
2575 40 560
2586 40 945
2597 40 109
2608 40 770
2619 40 599
2630 40 748
2641 40 851
2652 40 303
2663 40 689
2674 40 328
2685 40 568
2696 40 848
2707 40 945
2718 40 299
2729 40 587
2740 40 341
2751 40 346
2762 40 27
2773 40 802
2784 40 738
2795 40 556
2806 40 509
2817 40 653
2828 40 701
2839 40 933
2850 40 708
2861 40 393
2872 40 871
2883 40 658
2894 40 412
2905 40 970
2916 40 625
2927 40 327
2938 40 230
2949 40 564
2960 40 722
2971 40 513
2982 40 659
2993 40 80
3 41 518
14 41 463
25 41 711
36 41 807
47 41 552
58 41 157
69 41 222
80 41 929
91 41 762
102 41 715
113 41 757
124 41 293
135 41 698
146 41 911
157 41 363
168 41 636
179 41 556
190 41 822
201 41 92
212 41 548
223 41 517
234 41 849
245 41 710
256 41 916
267 41 436
278 41 991
289 41 983
300 41 509
311 41 864
322 41 798
333 41 879
344 41 215
355 41 841
366 41 677
377 41 698
388 41 934
399 41 815
410 41 41
421 41 43
432 41 367
443 41 932
454 41 100
465 41 246
476 41 501
487 41 620
498 41 841
509 41 360
520 41 425
531 41 45
542 41 590
553 41 865
564 41 419
575 41 707
586 41 961
597 41 224
608 41 812
619 41 575
630 41 817
641 41 736
652 41 68
663 41 815
674 41 665
685 41 582
696 41 361
707 41 626
718 41 973
729 41 810
740 41 652
751 41 470
762 41 465
773 41 986
784 41 156
795 41 391
806 41 972
817 41 158
828 41 529
839 41 593
850 41 190
861 41 755
872 41 265
883 41 250
894 41 426
905 41 843
916 41 176
927 41 493
938 41 691
949 41 451
960 41 881
971 41 383
982 41 24
993 41 592
1004 41 100
1015 41 340
1026 41 673
1037 41 766
1048 41 694
1059 41 285
1070 41 919
1081 41 654
1092 41 837
1103 41 521
1114 41 912
1125 41 739
1136 41 591
1147 41 634
1158 41 70
1169 41 873
1180 41 654
1191 41 12
1202 41 600
1213 41 723
1224 41 265
1235 41 215
1246 41 527
1257 41 158
1268 41 108
1279 41 372
1290 41 469
1301 41 541
1312 41 636
1323 41 54
1334 41 203
1345 41 772
1356 41 710
1367 41 365
1378 41 728
1389 41 588
1400 41 917
1411 41 167
1422 41 283
1433 41 187
1444 41 940
1455 41 170
1466 41 37
1477 41 435
1488 41 453
1499 41 292
1510 41 198
1521 41 881
1532 41 837
1543 41 289
1554 41 949
1565 41 926
1576 41 809
1587 41 745
1598 41 63
1609 41 582
1620 41 942
1631 41 336
1642 41 4
1653 41 350
1664 41 304
1675 41 167
1686 41 140
1697 41 229
1708 41 616
1719 41 493
1730 41 484
1741 41 442
1752 41 714
1763 41 86
1774 41 963
1785 41 375
1796 41 833
1807 41 319
1818 41 408
1829 41 871
1840 41 700
1851 41 417
1862 41 964
1873 41 440
1884 41 72
1895 41 360
1906 41 758
1917 41 447
1928 41 837
1939 41 306
1950 41 529
1961 41 4
1972 41 360
1983 41 982
1994 41 310
2005 41 34
2016 41 122
2027 41 330
2038 41 582
2049 41 201
2060 41 214
2071 41 184
2082 41 206
2093 41 113
2104 41 307
2115 41 570
2126 41 781
2137 41 681
2148 41 931
2159 41 754
2170 41 76
2181 41 572
2192 41 267
2203 41 801
2214 41 612
2225 41 313
2236 41 841
2247 41 602
2258 41 977
2269 41 601
2280 41 541
2291 41 762
2302 41 716
2313 41 6
2324 41 864
2335 41 364
2346 41 682
2357 41 55
2368 41 307
2379 41 235
2390 41 345
2401 41 168
2412 41 527
2423 41 837
2434 41 969
2445 41 572
2456 41 595
2467 41 238
2478 41 165
2489 41 81
2500 41 618
2511 41 188
2522 41 632
2533 41 333
2544 41 949
2555 41 15
2566 41 280
2577 41 532
2588 41 926
2599 41 720
2610 41 435
2621 41 573
2632 41 894
2643 41 775
2654 41 970
2665 41 268
2676 41 537
2687 41 754
2698 41 103
2709 41 962
2720 41 615
2731 41 194
2742 41 473
2753 41 571
2764 41 472
2775 41 637
2786 41 905
2797 41 573
2808 41 919
2819 41 458
2830 41 192
2841 41 642
2852 41 846
2863 41 110
2874 41 434
2885 41 134
2896 41 904
2907 41 598
2918 41 168
2929 41 593
2940 41 354
2951 41 313
2962 41 342
2973 41 533
2984 41 42
2995 41 214
5 42 494
16 42 865
27 42 78
38 42 611
49 42 382
60 42 952
71 42 976
82 42 30
93 42 386
104 42 333
115 42 760
126 42 449
137 42 584
148 42 96
159 42 613
170 42 870
181 42 845
192 42 2
203 42 581
214 42 46
225 42 384
236 42 458
247 42 679
258 42 353
269 42 698
280 42 771
291 42 763
302 42 317
313 42 404
324 42 807
335 42 156
346 42 574
357 42 491
368 42 943
379 42 461
390 42 915
401 42 384
412 42 417
423 42 221
434 42 914
445 42 258
456 42 723
467 42 367
478 42 361
489 42 720
500 42 862
511 42 18
522 42 166
533 42 327
544 42 929
555 42 105
566 42 455
577 42 977
588 42 442
599 42 79
610 42 681
621 42 468
632 42 340
643 42 400
654 42 118
665 42 362
676 42 343
687 42 79
698 42 282
709 42 863
720 42 195
731 42 726
742 42 510
753 42 849
764 42 151
775 42 716
786 42 886
797 42 522
808 42 472
819 42 680
830 42 460
841 42 432
852 42 384
863 42 396
874 42 826
885 42 520
896 42 766
907 42 713
918 42 799
929 42 889
940 42 261
951 42 933
962 42 257
973 42 345
984 42 465
995 42 633
1006 42 373
1017 42 157
1028 42 420
1039 42 773
1050 42 726
1061 42 264
1072 42 467
1083 42 734
1094 42 102
1105 42 795
1116 42 85
1127 42 54
1138 42 866
1149 42 978
1160 42 936
1171 42 976
1182 42 834
1193 42 379
1204 42 598
1215 42 882
1226 42 102
1237 42 717
1248 42 120
1259 42 573
1270 42 761
1281 42 722
1292 42 817
1303 42 976
1314 42 867
1325 42 231
1336 42 887
1347 42 119
1358 42 670
1369 42 319
1380 42 119
1391 42 479
1402 42 953
1413 42 310
1424 42 268
1435 42 692
1446 42 398
1457 42 389
1468 42 459
1479 42 881
1490 42 185
1501 42 82
1512 42 504
1523 42 63
1534 42 319
1545 42 215
1556 42 278
1567 42 907
1578 42 970
1589 42 608
1600 42 161
1611 42 38
1622 42 204
1633 42 566
1644 42 292
1655 42 12
1666 42 976
1677 42 719
1688 42 401
1699 42 983
1710 42 980
1721 42 462
1732 42 72
1743 42 600
1754 42 608
1765 42 837
1776 42 656
1787 42 592
1798 42 706
1809 42 754
1820 42 305
1831 42 649
1842 42 420
1853 42 514
1864 42 101
1875 42 273
1886 42 113
1897 42 553
1908 42 574
1919 42 498
1930 42 115
1941 42 407
1952 42 94
1963 42 96
1974 42 557
1985 42 788
1996 42 468
2007 42 287
2018 42 734
2029 42 967
2040 42 463
2051 42 908
2062 42 3
2073 42 386
2084 42 144
2095 42 636
2106 42 618
2117 42 707
2128 42 676
2139 42 788
2150 42 142
2161 42 17
2172 42 664
2183 42 159
2194 42 239
2205 42 112
2216 42 90
2227 42 983
2238 42 386
2249 42 273
2260 42 28
2271 42 864
2282 42 490
2293 42 801
2304 42 755
2315 42 209
2326 42 360
2337 42 881
2348 42 125
2359 42 774
2370 42 771
2381 42 675
2392 42 224
2403 42 7
2414 42 214
2425 42 1
2436 42 269
2447 42 642
2458 42 376
2469 42 366
2480 42 397
2491 42 426
2502 42 751
2513 42 564
2524 42 582
2535 42 955
2546 42 673
2557 42 409
2568 42 939
2579 42 490
2590 42 362
2601 42 914
2612 42 661
2623 42 874
2634 42 673
2645 42 890
2656 42 264
2667 42 111
2678 42 161
2689 42 234
2700 42 569
2711 42 222
2722 42 691
2733 42 901
2744 42 684
2755 42 262
2766 42 791
2777 42 73
2788 42 516
2799 42 660
2810 42 95
2821 42 531
2832 42 114
2843 42 407
2854 42 714
2865 42 594
2876 42 384
2887 42 496
2898 42 583
2909 42 480
2920 42 885
2931 42 147
2942 42 768
2953 42 703
2964 42 585
2975 42 508
2986 42 784
2997 42 580
7 43 252
18 43 699
29 43 9
40 43 61
51 43 388
62 43 548
73 43 124
84 43 873
95 43 517
106 43 735
117 43 833
128 43 254
139 43 35
150 43 333
161 43 409
172 43 954
183 43 476
194 43 778
205 43 812
216 43 696
227 43 304
238 43 875
249 43 43
260 43 388
271 43 896
282 43 887
293 43 560
304 43 748
315 43 960
326 43 846
337 43 270
348 43 993
359 43 789
370 43 290
381 43 593
392 43 879
403 43 552
414 43 918
425 43 618
436 43 661
447 43 884
458 43 197
469 43 357
480 43 627
491 43 282
502 43 869
513 43 31
524 43 532
535 43 318
546 43 674
557 43 334
568 43 723
579 43 942
590 43 650
601 43 916
612 43 869
623 43 743
634 43 222
645 43 630
656 43 725
667 43 939
678 43 526
689 43 824
700 43 675
711 43 971
722 43 138
733 43 650
744 43 839
755 43 844
766 43 294
777 43 143
788 43 157
799 43 104
810 43 744
821 43 743
832 43 729
843 43 988
854 43 973
865 43 826
876 43 485
887 43 563
898 43 811
909 43 458
920 43 329
931 43 77
942 43 745
953 43 605
964 43 382
975 43 197
986 43 536
997 43 354
1008 43 295
1019 43 624
1030 43 262
1041 43 711
1052 43 723
1063 43 24
1074 43 110
1085 43 758
1096 43 143
1107 43 228
1118 43 723
1129 43 287
1140 43 605
1151 43 11
1162 43 176
1173 43 831
1184 43 309
1195 43 441
1206 43 948
1217 43 899
1228 43 641
1239 43 662
1250 43 66
1261 43 687
1272 43 741
1283 43 489
1294 43 794
1305 43 362
1316 43 982
1327 43 469
1338 43 332
1349 43 711
1360 43 346
1371 43 947
1382 43 284
1393 43 369
1404 43 905
1415 43 945
1426 43 514
1437 43 135
1448 43 919
1459 43 631
1470 43 610
1481 43 231
1492 43 184
1503 43 452
1514 43 517
1525 43 508
1536 43 64
1547 43 166
1558 43 123
1569 43 637
1580 43 101
1591 43 867
1602 43 874
1613 43 598
1624 43 142
1635 43 656
1646 43 228
1657 43 680
1668 43 986
1679 43 597
1690 43 742
1701 43 812
1712 43 505
1723 43 101
1734 43 929
1745 43 904
1756 43 502
1767 43 335
1778 43 843
1789 43 309
1800 43 404
1811 43 871
1822 43 803
1833 43 663
1844 43 727
1855 43 113
1866 43 264
1877 43 570
1888 43 540
1899 43 163
1910 43 889
1921 43 505
1932 43 199
1943 43 845
1954 43 129
1965 43 216
1976 43 48
1987 43 454
1998 43 253
2009 43 598
2020 43 105
2031 43 551
2042 43 942
2053 43 261
2064 43 289
2075 43 58
2086 43 465
2097 43 672
2108 43 551
2119 43 555
2130 43 840
2141 43 853
2152 43 431
2163 43 938
2174 43 502
2185 43 209
2196 43 334
2207 43 416
2218 43 793
2229 43 948
2240 43 98
2251 43 919
2262 43 840
2273 43 811
2284 43 972
2295 43 318
2306 43 907
2317 43 873
2328 43 332
2339 43 800
2350 43 195
2361 43 965
2372 43 573
2383 43 574
2394 43 172
2405 43 161
2416 43 126
2427 43 952
2438 43 657
2449 43 970
2460 43 403
2471 43 978
2482 43 542
2493 43 866
2504 43 489
2515 43 18
2526 43 428
2537 43 255
2548 43 554
2559 43 837
2570 43 534
2581 43 922
2592 43 892
2603 43 246
2614 43 35
2625 43 710
2636 43 886
2647 43 896
2658 43 105
2669 43 132
2680 43 759
2691 43 443
2702 43 7
2713 43 491
2724 43 307
2735 43 382
2746 43 195
2757 43 537
2768 43 973
2779 43 371
2790 43 493
2801 43 400
2812 43 916
2823 43 647
2834 43 77
2845 43 752
2856 43 55
2867 43 987
2878 43 46
2889 43 472
2900 43 363
2911 43 488
2922 43 618
2933 43 748
2944 43 242
2955 43 867
2966 43 297
2977 43 495
2988 43 689
2999 43 763
9 44 183
20 44 403
31 44 914
42 44 192
53 44 518
64 44 270
75 44 810
86 44 675
97 44 536
108 44 333
119 44 349
130 44 510
141 44 216
152 44 623
163 44 556
174 44 899
185 44 441
196 44 96
207 44 136
218 44 536
229 44 987
240 44 39
251 44 778
262 44 80
273 44 16
284 44 938
295 44 81
306 44 905
317 44 423
328 44 552
339 44 196
350 44 307
361 44 417
372 44 441
383 44 629
394 44 690
405 44 318
416 44 314
427 44 749
438 44 25
449 44 704
460 44 700
471 44 513
482 44 176
493 44 345
504 44 386
515 44 366
526 44 281
537 44 430
548 44 808
559 44 511
570 44 647
581 44 590
592 44 260
603 44 854
614 44 170
625 44 818
636 44 306
647 44 799
658 44 576
669 44 903
680 44 463
691 44 712
702 44 663
713 44 69
724 44 211
735 44 706
746 44 812
757 44 714
768 44 726
779 44 38
790 44 913
801 44 708
812 44 646
823 44 626
834 44 462
845 44 260
856 44 321
867 44 534
878 44 352
889 44 856
900 44 704
911 44 877
922 44 673
933 44 686
944 44 596
955 44 554
966 44 474
977 44 773
988 44 922
999 44 606
1010 44 782
1021 44 698
1032 44 566
1043 44 927
1054 44 512
1065 44 521
1076 44 153
1087 44 653
1098 44 823
1109 44 312
1120 44 585
1131 44 167
1142 44 92
1153 44 348
1164 44 100
1175 44 571
1186 44 590
1197 44 364
1208 44 360
1219 44 170
1230 44 943
1241 44 18
1252 44 763
1263 44 610
1274 44 521
1285 44 545
1296 44 555
1307 44 285
1318 44 697
1329 44 700
1340 44 253
1351 44 563
1362 44 569
1373 44 975
1384 44 186
1395 44 964
1406 44 277
1417 44 422
1428 44 702
1439 44 717
1450 44 322
1461 44 500
1472 44 365
1483 44 657
1494 44 331
1505 44 353
1516 44 255
1527 44 823
1538 44 209
1549 44 254
1560 44 775
1571 44 677
1582 44 563
1593 44 132
1604 44 843
1615 44 900
1626 44 699
1637 44 980
1648 44 852
1659 44 563
1670 44 91
1681 44 226
1692 44 393
1703 44 805
1714 44 505
1725 44 930
1736 44 226
1747 44 560
1758 44 751
1769 44 725
1780 44 405
1791 44 570
1802 44 226
1813 44 751
1824 44 247
1835 44 307
1846 44 101
1857 44 353
1868 44 443
1879 44 184
1890 44 720
1901 44 136
1912 44 223
1923 44 298
1934 44 242
1945 44 930
1956 44 976
1967 44 197
1978 44 595
1989 44 595
2000 44 445
2011 44 89
2022 44 614
2033 44 183
2044 44 357
2055 44 678
2066 44 562
2077 44 449
2088 44 771
2099 44 180
2110 44 414
2121 44 339
2132 44 373
2143 44 349
2154 44 23
2165 44 61
2176 44 317
2187 44 169
2198 44 942
2209 44 111
2220 44 563
2231 44 787
2242 44 974
2253 44 384
2264 44 901
2275 44 556
2286 44 287
2297 44 289
2308 44 521
2319 44 889
2330 44 870
2341 44 921
2352 44 760
2363 44 892
2374 44 11
2385 44 445
2396 44 518
2407 44 629
2418 44 329
2429 44 375
2440 44 685
2451 44 210
2462 44 397
2473 44 698
2484 44 962
2495 44 982
2506 44 953
2517 44 737
2528 44 567
2539 44 233
2550 44 613
2561 44 79
2572 44 68
2583 44 946
2594 44 801
2605 44 579
2616 44 370
2627 44 270
2638 44 203
2649 44 81
2660 44 537
2671 44 759
2682 44 773
2693 44 830
2704 44 224
2715 44 346
2726 44 951
2737 44 493
2748 44 276
2759 44 88
2770 44 740
2781 44 389
2792 44 724
2803 44 340
2814 44 525
2825 44 907
2836 44 754
2847 44 452
2858 44 293
2869 44 623
2880 44 987
2891 44 832
2902 44 520
2913 44 58
2924 44 238
2935 44 65
2946 44 200
2957 44 448
2968 44 965
2979 44 108
2990 44 390
0 45 969
11 45 783
22 45 872
33 45 57
44 45 465
55 45 286
66 45 718
77 45 588
88 45 681
99 45 984
110 45 566
121 45 678
132 45 754
143 45 264
154 45 859
165 45 604
176 45 824
187 45 551
198 45 787
209 45 311
220 45 864
231 45 242
242 45 615
253 45 170
264 45 816
275 45 851
286 45 295
297 45 72
308 45 166
319 45 552
330 45 511
341 45 818
352 45 125
363 45 823
374 45 53
385 45 292
396 45 315
407 45 439
418 45 559
429 45 657
440 45 812
451 45 806
462 45 199
473 45 483
484 45 481
495 45 54
506 45 309
517 45 395
528 45 213
539 45 211
550 45 900
561 45 570
572 45 517
583 45 597
594 45 860
605 45 418
616 45 577
627 45 284
638 45 535
649 45 246
660 45 324
671 45 928
682 45 93
693 45 770
704 45 358
715 45 37
726 45 218
737 45 393
748 45 789
759 45 274
770 45 9
781 45 175
792 45 487
803 45 272
814 45 86
825 45 398
836 45 125
847 45 770
858 45 249
869 45 517
880 45 578
891 45 978
902 45 837
913 45 161
924 45 280
935 45 406
946 45 145
957 45 727
968 45 25
979 45 950
990 45 938
1001 45 990
1012 45 948
1023 45 447
1034 45 530
1045 45 90
1056 45 509
1067 45 989
1078 45 474
1089 45 635
1100 45 776
1111 45 802
1122 45 285
1133 45 468
1144 45 52
1155 45 136
1166 45 333
1177 45 338
1188 45 520
1199 45 102
1210 45 568
1221 45 785
1232 45 846
1243 45 16
1254 45 938
1265 45 391
1276 45 716
1287 45 543
1298 45 301
1309 45 106
1320 45 585
1331 45 358
1342 45 277
1353 45 170
1364 45 73
1375 45 797
1386 45 129
1397 45 658
1408 45 489
1419 45 403
1430 45 565
1441 45 691
1452 45 88
1463 45 471
1474 45 973
1485 45 663
1496 45 782
1507 45 893
1518 45 626
1529 45 330
1540 45 385
1551 45 398
1562 45 943
1573 45 372
1584 45 331
1595 45 346
1606 45 949
1617 45 930
1628 45 506
1639 45 980
1650 45 187
1661 45 117
1672 45 165
1683 45 591
1694 45 826
1705 45 91
1716 45 568
1727 45 475
1738 45 467
1749 45 760
1760 45 283
1771 45 719
1782 45 623
1793 45 640
1804 45 805
1815 45 87
1826 45 60
1837 45 535
1848 45 962
1859 45 210
1870 45 9
1881 45 885
1892 45 335
1903 45 192
1914 45 16
1925 45 323
1936 45 815
1947 45 283
1958 45 564
1969 45 430
1980 45 331
1991 45 35
2002 45 853
2013 45 891
2024 45 169
2035 45 970
2046 45 432
2057 45 214
2068 45 922
2079 45 919
2090 45 322
2101 45 409
2112 45 315
2123 45 960
2134 45 243
2145 45 947
2156 45 460
2167 45 806
2178 45 822
2189 45 525
2200 45 62
2211 45 936
2222 45 642
2233 45 590
2244 45 473
2255 45 83
2266 45 677
2277 45 248
2288 45 582
2299 45 435
2310 45 651
2321 45 102
2332 45 407
2343 45 215
2354 45 696
2365 45 194
2376 45 926
2387 45 553
2398 45 642
2409 45 677
2420 45 977
2431 45 216
2442 45 904
2453 45 924
2464 45 821
2475 45 112
2486 45 631
2497 45 909
2508 45 394
2519 45 663
2530 45 10
2541 45 304
2552 45 624
2563 45 548
2574 45 135
2585 45 106
2596 45 102
2607 45 731
2618 45 116
2629 45 1000
2640 45 485
2651 45 836
2662 45 696
2673 45 399
2684 45 272
2695 45 593
2706 45 868
2717 45 303
2728 45 422
2739 45 389
2750 45 776
2761 45 178
2772 45 407
2783 45 163
2794 45 758
2805 45 16
2816 45 846
2827 45 551
2838 45 583
2849 45 890
2860 45 802
2871 45 54
2882 45 641
2893 45 553
2904 45 916
2915 45 975
2926 45 349
2937 45 87
2948 45 314
2959 45 253
2970 45 95
2981 45 974
2992 45 296
2 46 397
13 46 465
24 46 278
35 46 638
46 46 735
57 46 529
68 46 777
79 46 39
90 46 197
101 46 118
112 46 240
123 46 34
134 46 859
145 46 605
156 46 557
167 46 5
178 46 958
189 46 320
200 46 110
211 46 149
222 46 446
233 46 914
244 46 387
255 46 272
266 46 704
277 46 530
288 46 810
299 46 716
310 46 260
321 46 825
332 46 11
343 46 225
354 46 262
365 46 803
376 46 689
387 46 312
398 46 593
409 46 72
420 46 985
431 46 754
442 46 35
453 46 802
464 46 520
475 46 57
486 46 997
497 46 956
508 46 614
519 46 222
530 46 929
541 46 860
552 46 492
563 46 562
574 46 578
585 46 446
596 46 337
607 46 699
618 46 971
629 46 638
640 46 443
651 46 888
662 46 80
673 46 988
684 46 928
695 46 175
706 46 16
717 46 296
728 46 714
739 46 465
750 46 309
761 46 178
772 46 373
783 46 105
794 46 590
805 46 223
816 46 622
827 46 415
838 46 482
849 46 88
860 46 161
871 46 95
882 46 292
893 46 358
904 46 165
915 46 344
926 46 90
937 46 24
948 46 204
959 46 879
970 46 18
981 46 487
992 46 838
1003 46 387
1014 46 339
1025 46 60
1036 46 557
1047 46 125
1058 46 602
1069 46 83
1080 46 370
1091 46 410
1102 46 158
1113 46 558
1124 46 115
1135 46 816
1146 46 56
1157 46 366
1168 46 953
1179 46 839
1190 46 465
1201 46 394
1212 46 798
1223 46 665
1234 46 800
1245 46 73
1256 46 611
1267 46 692
1278 46 924
1289 46 368
1300 46 597
1311 46 520
1322 46 233
1333 46 608
1344 46 654
1355 46 297
1366 46 574
1377 46 658
1388 46 421
1399 46 484
1410 46 881
1421 46 230
1432 46 799
1443 46 904
1454 46 880
1465 46 869
1476 46 732
1487 46 775
1498 46 345
1509 46 889
1520 46 528
1531 46 70
1542 46 321
1553 46 865
1564 46 187
1575 46 191
1586 46 286
1597 46 236
1608 46 485
1619 46 735
1630 46 378
1641 46 758
1652 46 279
1663 46 289
1674 46 834
1685 46 832
1696 46 829
1707 46 277
1718 46 586
1729 46 469
1740 46 527
1751 46 279
1762 46 123
1773 46 725
1784 46 33
1795 46 847
1806 46 360
1817 46 895
1828 46 809
1839 46 364
1850 46 605
1861 46 973
1872 46 979
1883 46 137
1894 46 841
1905 46 39
1916 46 101
1927 46 494
1938 46 965
1949 46 103
1960 46 617
1971 46 81
1982 46 11
1993 46 343
2004 46 191
2015 46 17
2026 46 812
2037 46 280
2048 46 949
2059 46 379
2070 46 178
2081 46 685
2092 46 322
2103 46 149
2114 46 913
2125 46 56
2136 46 141
2147 46 816
2158 46 566
2169 46 71
2180 46 431
2191 46 725
2202 46 575
2213 46 139
2224 46 660
2235 46 99
2246 46 27
2257 46 828
2268 46 597
2279 46 849
2290 46 759
2301 46 672
2312 46 483
2323 46 391
2334 46 866
2345 46 387
2356 46 977
2367 46 516
2378 46 103
2389 46 998
2400 46 161
2411 46 65
2422 46 697
2433 46 712
2444 46 74
2455 46 32
2466 46 245
2477 46 937
2488 46 521
2499 46 227
2510 46 182
2521 46 298
2532 46 150
2543 46 616
2554 46 602
2565 46 778
2576 46 616
2587 46 689
2598 46 453
2609 46 280
2620 46 220
2631 46 972
2642 46 460
2653 46 393
2664 46 72
2675 46 293
2686 46 212
2697 46 37
2708 46 376
2719 46 761
2730 46 787
2741 46 73
2752 46 953
2763 46 99
2774 46 807
2785 46 484
2796 46 903
2807 46 14
2818 46 23
2829 46 94
2840 46 544
2851 46 465
2862 46 203
2873 46 208
2884 46 762
2895 46 775
2906 46 711
2917 46 566
2928 46 142
2939 46 137
2950 46 406
2961 46 702
2972 46 111
2983 46 779
2994 46 826
4 47 985
15 47 55
26 47 736
37 47 963
48 47 478
59 47 678
70 47 508
81 47 799
92 47 704
103 47 192
114 47 917
125 47 941
136 47 333
147 47 152
158 47 757
169 47 985
180 47 88
191 47 199
202 47 23
213 47 23
224 47 940
235 47 176
246 47 794
257 47 14
268 47 683
279 47 308
290 47 532
301 47 301
312 47 226
323 47 780
334 47 432
345 47 269
356 47 743
367 47 582
378 47 622
389 47 89
400 47 611
411 47 803
422 47 743
433 47 543
444 47 51
455 47 563
466 47 496
477 47 378
488 47 297
499 47 654
510 47 769
521 47 238
532 47 875
543 47 610
554 47 277
565 47 834
576 47 35
587 47 5
598 47 314
609 47 282
620 47 599
631 47 16
642 47 545
653 47 75
664 47 571
675 47 4
686 47 146
697 47 529
708 47 69
719 47 729
730 47 461
741 47 905
752 47 61
763 47 76
774 47 970
785 47 535
796 47 787
807 47 200
818 47 604
829 47 216
840 47 72
851 47 614
862 47 980
873 47 194
884 47 773
895 47 390
906 47 186
917 47 284
928 47 958
939 47 255
950 47 982
961 47 631
972 47 901
983 47 171
994 47 35
1005 47 565
1016 47 189
1027 47 49
1038 47 103
1049 47 22
1060 47 668
1071 47 821
1082 47 643
1093 47 114
1104 47 96
1115 47 260
1126 47 503
1137 47 523
1148 47 127
1159 47 532
1170 47 404
1181 47 782
1192 47 384
1203 47 775
1214 47 172
1225 47 483
1236 47 262
1247 47 394
1258 47 87
1269 47 214
1280 47 507
1291 47 735
1302 47 758
1313 47 617
1324 47 1000
1335 47 728
1346 47 119
1357 47 119
1368 47 474
1379 47 310
1390 47 417
1401 47 906
1412 47 85
1423 47 580
1434 47 100
1445 47 29
1456 47 963
1467 47 617
1478 47 962
1489 47 985
1500 47 87
1511 47 687
1522 47 138
1533 47 969
1544 47 828
1555 47 114
1566 47 465
1577 47 598
1588 47 199
1599 47 818
1610 47 290
1621 47 800
1632 47 533
1643 47 666
1654 47 271
1665 47 437
1676 47 675
1687 47 291
1698 47 847
1709 47 235
1720 47 327
1731 47 541
1742 47 388
1753 47 811
1764 47 696
1775 47 439
1786 47 684
1797 47 67
1808 47 445
1819 47 309
1830 47 833
1841 47 255
1852 47 486
1863 47 292
1874 47 943
1885 47 945
1896 47 568
1907 47 968
1918 47 23
1929 47 141
1940 47 623
1951 47 397
1962 47 416
1973 47 362
1984 47 388
1995 47 514
2006 47 34
2017 47 775
2028 47 272
2039 47 390
2050 47 295
2061 47 573
2072 47 96
2083 47 117
2094 47 682
2105 47 441
2116 47 301
2127 47 704
2138 47 352
2149 47 818
2160 47 639
2171 47 143
2182 47 882
2193 47 323
2204 47 924
2215 47 706
2226 47 930
2237 47 371
2248 47 458
2259 47 682
2270 47 327
2281 47 546
2292 47 694
2303 47 231
2314 47 729
2325 47 573
2336 47 781
2347 47 796
2358 47 759
2369 47 845
2380 47 259
2391 47 928
2402 47 932
2413 47 852
2424 47 447
2435 47 528
2446 47 30
2457 47 808
2468 47 174
2479 47 63
2490 47 242
2501 47 495
2512 47 263
2523 47 72
2534 47 659
2545 47 263
2556 47 274
2567 47 956
2578 47 674
2589 47 580
2600 47 943
2611 47 570
2622 47 565
2633 47 737
2644 47 26
2655 47 371
2666 47 699
2677 47 309
2688 47 95
2699 47 1000
2710 47 740
2721 47 224
2732 47 113
2743 47 615
2754 47 470
2765 47 246
2776 47 357
2787 47 996
2798 47 826
2809 47 707
2820 47 201
2831 47 860
2842 47 508
2853 47 441
2864 47 331
2875 47 868
2886 47 872
2897 47 257
2908 47 42
2919 47 112
2930 47 200
2941 47 692
2952 47 834
2963 47 900
2974 47 121
2985 47 912
2996 47 372
6 48 292
17 48 792
28 48 649
39 48 755
50 48 944
61 48 642
72 48 747
83 48 849
94 48 783
105 48 73
116 48 376
127 48 543
138 48 730
149 48 718
160 48 865
171 48 751
182 48 932
193 48 246
204 48 941
215 48 385
226 48 378
237 48 882
248 48 276
259 48 952
270 48 591
281 48 11
292 48 846
303 48 98
314 48 664
325 48 33
336 48 182
347 48 508
358 48 273
369 48 182
380 48 225
391 48 509
402 48 211
413 48 833
424 48 552
435 48 518
446 48 307
457 48 391
468 48 340
479 48 152
490 48 733
501 48 703
512 48 221
523 48 871
534 48 596
545 48 76
556 48 842
567 48 819
578 48 979
589 48 108
600 48 319
611 48 556
622 48 705
633 48 586
644 48 547
655 48 937
666 48 44
677 48 864
688 48 831
699 48 204
710 48 771
721 48 466
732 48 302
743 48 681
754 48 473
765 48 438
776 48 282
787 48 681
798 48 886
809 48 93
820 48 872
831 48 893
842 48 251
853 48 504
864 48 435
875 48 790
886 48 291
897 48 913
908 48 485
919 48 904
930 48 862
941 48 813
952 48 322
963 48 881
974 48 968
985 48 665
996 48 908
1007 48 559
1018 48 242
1029 48 493
1040 48 412
1051 48 51
1062 48 51
1073 48 932
1084 48 15
1095 48 547
1106 48 932
1117 48 777
1128 48 818
1139 48 317
1150 48 119
1161 48 286
1172 48 412
1183 48 737
1194 48 287
1205 48 924
1216 48 54
1227 48 745
1238 48 184
1249 48 450
1260 48 499
1271 48 386
1282 48 185
1293 48 30
1304 48 787
1315 48 198
1326 48 440
1337 48 921
1348 48 728
1359 48 119
1370 48 382
1381 48 316
1392 48 462
1403 48 476
1414 48 789
1425 48 207
1436 48 631
1447 48 25
1458 48 843
1469 48 369
1480 48 90
1491 48 846
1502 48 431
1513 48 323
1524 48 266
1535 48 175
1546 48 39
1557 48 709
1568 48 571
1579 48 350
1590 48 933
1601 48 706
1612 48 298
1623 48 872
1634 48 422
1645 48 318
1656 48 784
1667 48 363
1678 48 101
1689 48 17
1700 48 422
1711 48 20
1722 48 185
1733 48 739
1744 48 926
1755 48 746
1766 48 320
1777 48 349
1788 48 209
1799 48 919
1810 48 728
1821 48 997
1832 48 324
1843 48 197
1854 48 997
1865 48 162
1876 48 293
1887 48 103
1898 48 519
1909 48 854
1920 48 923
1931 48 492
1942 48 776
1953 48 759
1964 48 723
1975 48 966
1986 48 980
1997 48 303
2008 48 346
2019 48 226
2030 48 227
2041 48 262
2052 48 797
2063 48 977
2074 48 592
2085 48 341
2096 48 1000
2107 48 716
2118 48 486
2129 48 294
2140 48 408
2151 48 436
2162 48 804
2173 48 598
2184 48 405
2195 48 775
2206 48 912
2217 48 65
2228 48 889
2239 48 258
2250 48 64
2261 48 389
2272 48 255
2283 48 814
2294 48 775
2305 48 521
2316 48 74
2327 48 640
2338 48 513
2349 48 111
2360 48 224
2371 48 832
2382 48 500
2393 48 657
2404 48 245
2415 48 550
2426 48 696
2437 48 850
2448 48 99
2459 48 228
2470 48 45
2481 48 499
2492 48 858
2503 48 77
2514 48 801
2525 48 947
2536 48 985
2547 48 874
2558 48 59
2569 48 570
2580 48 890
2591 48 542
2602 48 150
2613 48 649
2624 48 471
2635 48 147
2646 48 73
2657 48 730
2668 48 295
2679 48 480
2690 48 827
2701 48 790
2712 48 257
2723 48 266
2734 48 549
2745 48 311
2756 48 382
2767 48 896
2778 48 480
2789 48 416
2800 48 559
2811 48 491
2822 48 201
2833 48 214
2844 48 797
2855 48 297
2866 48 911
2877 48 951
2888 48 673
2899 48 3
2910 48 418
2921 48 969
2932 48 71
2943 48 90
2954 48 651
2965 48 395
2976 48 111
2987 48 925
2998 48 94
8 49 275
19 49 668
30 49 344
41 49 973
52 49 944
63 49 189
74 49 398
85 49 253
96 49 843
107 49 586
118 49 194
129 49 986
140 49 827
151 49 429
162 49 572
173 49 386
184 49 949
195 49 800
206 49 574
217 49 759
228 49 830
239 49 872
250 49 788
261 49 452
272 49 430
283 49 677
294 49 318
305 49 512
316 49 969
327 49 14
338 49 572
349 49 669
360 49 104
371 49 46
382 49 816
393 49 521
404 49 899
415 49 684
426 49 769
437 49 745
448 49 126
459 49 799
470 49 892
481 49 666
492 49 962
503 49 265
514 49 74
525 49 872
536 49 712
547 49 914
558 49 270
569 49 759
580 49 683
591 49 937
602 49 163
613 49 193
624 49 973
635 49 811
646 49 314
657 49 191
668 49 63
679 49 621
690 49 725
701 49 769
712 49 696
723 49 444
734 49 604
745 49 225
756 49 909
767 49 611
778 49 398
789 49 947
800 49 504
811 49 43
822 49 947
833 49 75
844 49 970
855 49 92
866 49 542
877 49 791
888 49 886
899 49 139
910 49 82
921 49 596
932 49 349
943 49 76
954 49 11
965 49 78
976 49 926
987 49 589
998 49 288
1009 49 969
1020 49 693
1031 49 507
1042 49 851
1053 49 363
1064 49 828
1075 49 779
1086 49 284
1097 49 151
1108 49 598
1119 49 155
1130 49 802
1141 49 563
1152 49 815
1163 49 715
1174 49 21
1185 49 833
1196 49 567
1207 49 597
1218 49 771
1229 49 429
1240 49 284
1251 49 670
1262 49 928
1273 49 868
1284 49 687
1295 49 255
1306 49 677
1317 49 574
1328 49 536
1339 49 810
1350 49 775
1361 49 22
1372 49 771
1383 49 744
1394 49 648
1405 49 877
1416 49 47
1427 49 855
1438 49 804
1449 49 494
1460 49 463
1471 49 598
1482 49 821
1493 49 510
1504 49 716
1515 49 525
1526 49 571
1537 49 163
1548 49 546
1559 49 939
1570 49 98
1581 49 464
1592 49 498
1603 49 707
1614 49 289
1625 49 276
1636 49 370
1647 49 433
1658 49 235
1669 49 636
1680 49 785
1691 49 603
1702 49 999
1713 49 768
1724 49 759
1735 49 270
1746 49 184
1757 49 610
1768 49 403
1779 49 278
1790 49 402
1801 49 47
1812 49 655
1823 49 449
1834 49 343
1845 49 920
1856 49 85
1867 49 411
1878 49 712
1889 49 521
1900 49 741
1911 49 753
1922 49 91
1933 49 788
1944 49 627
1955 49 799
1966 49 87
1977 49 984
1988 49 245
1999 49 150
2010 49 189
2021 49 240
2032 49 745
2043 49 374
2054 49 773
2065 49 632
2076 49 564
2087 49 274
2098 49 508
2109 49 839
2120 49 569
2131 49 258
2142 49 809
2153 49 908
2164 49 797
2175 49 375
2186 49 324
2197 49 284
2208 49 38
2219 49 220
2230 49 99
2241 49 326
2252 49 736
2263 49 27
2274 49 878
2285 49 47
2296 49 938
2307 49 412
2318 49 337
2329 49 24
2340 49 857
2351 49 645
2362 49 161
2373 49 589
2384 49 474
2395 49 191
2406 49 954
2417 49 291
2428 49 410
2439 49 805
2450 49 534
2461 49 294
2472 49 345
2483 49 663
2494 49 782
2505 49 182
2516 49 334
2527 49 201
2538 49 236
2549 49 961
2560 49 429
2571 49 895
2582 49 138
2593 49 184
2604 49 526
2615 49 263
2626 49 974
2637 49 726
2648 49 797
2659 49 701
2670 49 393
2681 49 511
2692 49 439
2703 49 439
2714 49 738
2725 49 637
2736 49 581
2747 49 302
2758 49 187
2769 49 437
2780 49 888
2791 49 305
2802 49 300
2813 49 35
2824 49 584
2835 49 809
2846 49 808
2857 49 127
2868 49 141
2879 49 630
2890 49 261
2901 49 930
2912 49 640
2923 49 220
2934 49 196
2945 49 618
2956 49 618
2967 49 226
2978 49 91
2989 49 852
10 50 266
21 50 256
32 50 650
43 50 740
54 50 734
65 50 924
76 50 134
87 50 656
98 50 138
109 50 118
120 50 398
131 50 254
142 50 183
153 50 134
164 50 870
175 50 942
186 50 975
197 50 745
208 50 919
219 50 115
230 50 726
241 50 641
252 50 766
263 50 650
274 50 417
285 50 550
296 50 979
307 50 143
318 50 119
329 50 218
340 50 574
351 50 903
362 50 380
373 50 809
384 50 727
395 50 586
406 50 814
417 50 988
428 50 135
439 50 19
450 50 839
461 50 464
472 50 931
483 50 128
494 50 334
505 50 592
516 50 657
527 50 100
538 50 873
549 50 884
560 50 461
571 50 625
582 50 83
593 50 517
604 50 963
615 50 581
626 50 553
637 50 837
648 50 624
659 50 350
670 50 960
681 50 893
692 50 682
703 50 439
714 50 840
725 50 386
736 50 866
747 50 174
758 50 934
769 50 429
780 50 9
791 50 643
802 50 244
813 50 857
824 50 972
835 50 552
846 50 136
857 50 302
868 50 3
879 50 142
890 50 628
901 50 910
912 50 888
923 50 841
934 50 114
945 50 432
956 50 550
967 50 544
978 50 65
989 50 674
1000 50 441
1011 50 626
1022 50 917
1033 50 426
1044 50 649
1055 50 20
1066 50 155
1077 50 746
1088 50 197
1099 50 32
1110 50 935
1121 50 787
1132 50 327
1143 50 329
1154 50 18
1165 50 921
1176 50 948
1187 50 493
1198 50 251
1209 50 987
1220 50 123
1231 50 412
1242 50 345
1253 50 384
1264 50 436
1275 50 435
1286 50 694
1297 50 693
1308 50 939
1319 50 675
1330 50 812
1341 50 714
1352 50 214
1363 50 487
1374 50 145
1385 50 92
1396 50 848
1407 50 602
1418 50 384
1429 50 106
1440 50 970
1451 50 122
1462 50 515
1473 50 179
1484 50 296
1495 50 819
1506 50 187
1517 50 873
1528 50 463
1539 50 990
1550 50 312
1561 50 43
1572 50 509
1583 50 224
1594 50 363
1605 50 246
1616 50 297
1627 50 265
1638 50 90
1649 50 814
1660 50 477
1671 50 558
1682 50 600
1693 50 396
1704 50 110
1715 50 276
1726 50 406
1737 50 590
1748 50 238
1759 50 992
1770 50 199
1781 50 189
1792 50 706
1803 50 49
1814 50 95
1825 50 892
1836 50 911
1847 50 68
1858 50 759
1869 50 593
1880 50 579
1891 50 180
1902 50 288
1913 50 440
1924 50 699
1935 50 749
1946 50 827
1957 50 166
1968 50 567
1979 50 746
1990 50 134
2001 50 462
2012 50 721
2023 50 716
2034 50 713
2045 50 959
2056 50 769
2067 50 513
2078 50 618
2089 50 531
2100 50 926
2111 50 354
2122 50 491
2133 50 385
2144 50 824
2155 50 519
2166 50 297
2177 50 292
2188 50 551
2199 50 869
2210 50 572
2221 50 419
2232 50 818
2243 50 420
2254 50 825
2265 50 275
2276 50 261
2287 50 681
2298 50 972
2309 50 396
2320 50 48
2331 50 528
2342 50 591
2353 50 316
2364 50 273
2375 50 464
2386 50 89
2397 50 56
2408 50 316
2419 50 214
2430 50 620
2441 50 314
2452 50 750
2463 50 747
2474 50 346
2485 50 872
2496 50 673
2507 50 6
2518 50 966
2529 50 210
2540 50 13
2551 50 195
2562 50 846
2573 50 289
2584 50 188
2595 50 652
2606 50 348
2617 50 224
2628 50 658
2639 50 965
2650 50 623
2661 50 559
2672 50 43
2683 50 215
2694 50 485
2705 50 72
2716 50 357
2727 50 516
2738 50 13
2749 50 814
2760 50 800
2771 50 375
2782 50 425
2793 50 25
2804 50 511
2815 50 584
2826 50 519
2837 50 810
2848 50 443
2859 50 742
2870 50 21
2881 50 602
2892 50 384
2903 50 474
2914 50 659
2925 50 18
2936 50 828
2947 50 282
2958 50 884
2969 50 613
2980 50 172
2991 50 506
1 51 824
12 51 101
23 51 878
34 51 702
45 51 571
56 51 794
67 51 378
78 51 372
89 51 871
100 51 119
111 51 698
122 51 153
133 51 909
144 51 628
155 51 192
166 51 611
177 51 755
188 51 975
199 51 891
210 51 274
221 51 43
232 51 439
243 51 590
254 51 514
265 51 663
276 51 362
287 51 527
298 51 307
309 51 127
320 51 778
331 51 935
342 51 263
353 51 96
364 51 742
375 51 892
386 51 753
397 51 177
408 51 230
419 51 480
430 51 849
441 51 652
452 51 809
463 51 977
474 51 481
485 51 145
496 51 541
507 51 202
518 51 842
529 51 270
540 51 474
551 51 412
562 51 267
573 51 464
584 51 346
595 51 977
606 51 588
617 51 566
628 51 795
639 51 700
650 51 463
661 51 303
672 51 33
683 51 968
694 51 230
705 51 962
716 51 379
727 51 469
738 51 396
749 51 651
760 51 57
771 51 617
782 51 717
793 51 903
804 51 245
815 51 380
826 51 67
837 51 16
848 51 183
859 51 804
870 51 495
881 51 766
892 51 153
903 51 194
914 51 643
925 51 559
936 51 765
947 51 318
958 51 387
969 51 787
980 51 82
991 51 965
1002 51 543
1013 51 492
1024 51 306
1035 51 23
1046 51 75
1057 51 317
1068 51 923
1079 51 17
1090 51 8
1101 51 94
1112 51 39
1123 51 943
1134 51 895
1145 51 535
1156 51 827
1167 51 958
1178 51 851
1189 51 395
1200 51 790
1211 51 516
1222 51 725
1233 51 758
1244 51 690
1255 51 62
1266 51 819
1277 51 772
1288 51 130
1299 51 655
1310 51 675
1321 51 331
1332 51 493
1343 51 387
1354 51 108
1365 51 476
1376 51 700
1387 51 483
1398 51 997
1409 51 693
1420 51 991
1431 51 978
1442 51 217
1453 51 705
1464 51 299
1475 51 469
1486 51 86
1497 51 311
1508 51 982
1519 51 60
1530 51 241
1541 51 62
1552 51 766
1563 51 578
1574 51 65
1585 51 907
1596 51 271
1607 51 169
1618 51 571
1629 51 704
1640 51 286
1651 51 107
1662 51 990
1673 51 757
1684 51 36
1695 51 123
1706 51 491
1717 51 50
1728 51 219
1739 51 333
1750 51 848
1761 51 563
1772 51 366
1783 51 528
1794 51 844
1805 51 346
1816 51 126
1827 51 309
1838 51 282
1849 51 490
1860 51 571
1871 51 200
1882 51 485
1893 51 559
1904 51 238
1915 51 783
1926 51 945
1937 51 8
1948 51 952
1959 51 637
1970 51 978
1981 51 750
1992 51 134
2003 51 680
2014 51 972
2025 51 343
2036 51 613
2047 51 883
2058 51 870
2069 51 557
2080 51 479
2091 51 827
2102 51 944
2113 51 573
2124 51 359
2135 51 432
2146 51 777
2157 51 866
2168 51 454
2179 51 470
2190 51 950
2201 51 690
2212 51 368
2223 51 338
2234 51 730
2245 51 394
2256 51 339
2267 51 928
2278 51 214
2289 51 911
2300 51 31
2311 51 911
2322 51 606
2333 51 517
2344 51 433
2355 51 528
2366 51 770
2377 51 326
2388 51 623
2399 51 828
2410 51 105
2421 51 11
2432 51 390
2443 51 757
2454 51 861
2465 51 12
2476 51 972
2487 51 41
2498 51 32
2509 51 757
2520 51 171
2531 51 616
2542 51 782
2553 51 579
2564 51 840
2575 51 585
2586 51 711
2597 51 670
2608 51 176
2619 51 837
2630 51 959
2641 51 478
2652 51 628
2663 51 665
2674 51 400
2685 51 887
2696 51 869
2707 51 447
2718 51 629
2729 51 398
2740 51 871
2751 51 476
2762 51 443
2773 51 667
2784 51 808
2795 51 331
2806 51 353
2817 51 877
2828 51 707
2839 51 849
2850 51 646
2861 51 16
2872 51 170
2883 51 609
2894 51 960
2905 51 329
2916 51 637
2927 51 342
2938 51 938
2949 51 108
2960 51 247
2971 51 999
2982 51 91
2993 51 834
3 52 614
14 52 638
25 52 93
36 52 373
47 52 574
58 52 228
69 52 253
80 52 727
91 52 910
102 52 336
113 52 791
124 52 408
135 52 797
146 52 630
157 52 777
168 52 464
179 52 233
190 52 363
201 52 346
212 52 407
223 52 528
234 52 797
245 52 919
256 52 976
267 52 612
278 52 276
289 52 828
300 52 338
311 52 654
322 52 590
333 52 316
344 52 757
355 52 877
366 52 563
377 52 643
388 52 500
399 52 890
410 52 504
421 52 62
432 52 869
443 52 913
454 52 331
465 52 277
476 52 257
487 52 708
498 52 718
509 52 424
520 52 588
531 52 160
542 52 359
553 52 772
564 52 680
575 52 222
586 52 142
597 52 685
608 52 386
619 52 596
630 52 455
641 52 13
652 52 180
663 52 974
674 52 180
685 52 343
696 52 551
707 52 741
718 52 398
729 52 142
740 52 398
751 52 316
762 52 710
773 52 942
784 52 24
795 52 705
806 52 536
817 52 767
828 52 843
839 52 400
850 52 884
861 52 60
872 52 402
883 52 847
894 52 254
905 52 338
916 52 986
927 52 555
938 52 196
949 52 460
960 52 433
971 52 941
982 52 991
993 52 221
1004 52 285
1015 52 183
1026 52 622
1037 52 963
1048 52 563
1059 52 289
1070 52 548
1081 52 686
1092 52 7
1103 52 867
1114 52 720
1125 52 196
1136 52 498
1147 52 92
1158 52 277
1169 52 102
1180 52 866
1191 52 417
1202 52 746
1213 52 973
1224 52 412
1235 52 471
1246 52 300
1257 52 661
1268 52 858
1279 52 721
1290 52 424
1301 52 640
1312 52 652
1323 52 999
1334 52 137
1345 52 15
1356 52 999
1367 52 295
1378 52 86
1389 52 580
1400 52 696
1411 52 645
1422 52 947
1433 52 324
1444 52 922
1455 52 679
1466 52 978
1477 52 626
1488 52 233
1499 52 457
1510 52 816
1521 52 156
1532 52 102
1543 52 223
1554 52 783
1565 52 341
1576 52 803
1587 52 311
1598 52 219
1609 52 859
1620 52 853
1631 52 245
1642 52 159
1653 52 169
1664 52 951
1675 52 399
1686 52 319
1697 52 82
1708 52 208
1719 52 859
1730 52 608
1741 52 528
1752 52 751
1763 52 482
1774 52 837
1785 52 681
1796 52 461
1807 52 101
1818 52 156
1829 52 569
1840 52 771
1851 52 448
1862 52 749
1873 52 607
1884 52 434
1895 52 567
1906 52 336
1917 52 130
1928 52 313
1939 52 918
1950 52 384
1961 52 765
1972 52 407
1983 52 13
1994 52 82
2005 52 276
2016 52 556
2027 52 230
2038 52 932
2049 52 50
2060 52 649
2071 52 616
2082 52 437
2093 52 846
2104 52 565
2115 52 218
2126 52 754
2137 52 34
2148 52 174
2159 52 41
2170 52 212
2181 52 627
2192 52 252
2203 52 741
2214 52 803
2225 52 532
2236 52 18
2247 52 215
2258 52 754
2269 52 753
2280 52 401
2291 52 937
2302 52 1000
2313 52 977
2324 52 762
2335 52 94
2346 52 547
2357 52 287
2368 52 851
2379 52 395
2390 52 231
2401 52 250
2412 52 27
2423 52 478
2434 52 550
2445 52 7
2456 52 95
2467 52 862
2478 52 184
2489 52 2
2500 52 971
2511 52 223
2522 52 92
2533 52 249
2544 52 991
2555 52 355
2566 52 255
2577 52 407
2588 52 755
2599 52 71
2610 52 189
2621 52 43
2632 52 902
2643 52 419
2654 52 691
2665 52 557
2676 52 409
2687 52 297
2698 52 849
2709 52 413
2720 52 158
2731 52 730
2742 52 782
2753 52 451
2764 52 291
2775 52 13
2786 52 218
2797 52 126
2808 52 90
2819 52 368
2830 52 313
2841 52 830
2852 52 904
2863 52 470
2874 52 269
2885 52 284
2896 52 643
2907 52 2
2918 52 237
2929 52 211
2940 52 349
2951 52 485
2962 52 190
2973 52 760
2984 52 266
2995 52 287
5 53 960
16 53 877
27 53 475
38 53 379
49 53 988
60 53 928
71 53 127
82 53 12
93 53 871
104 53 6
115 53 117
126 53 806
137 53 977
148 53 154
159 53 24
170 53 693
181 53 664
192 53 385
203 53 847
214 53 975
225 53 517
236 53 506
247 53 819
258 53 653
269 53 816
280 53 616
291 53 368
302 53 823
313 53 540
324 53 995
335 53 223
346 53 132
357 53 629
368 53 415
379 53 940
390 53 311
401 53 971
412 53 103
423 53 793
434 53 687
445 53 161
456 53 998
467 53 796
478 53 445
489 53 942
500 53 511
511 53 873
522 53 455
533 53 245
544 53 438
555 53 400
566 53 646
577 53 461
588 53 166
599 53 909
610 53 399
621 53 452
632 53 633
643 53 968
654 53 105
665 53 617
676 53 994
687 53 57
698 53 551
709 53 395
720 53 652
731 53 65
742 53 103
753 53 906
764 53 793
775 53 303
786 53 17
797 53 141
808 53 829
819 53 71
830 53 794
841 53 129
852 53 852
863 53 600
874 53 216
885 53 120
896 53 715
907 53 688
918 53 877
929 53 209
940 53 894
951 53 837
962 53 400
973 53 742
984 53 711
995 53 486
1006 53 82
1017 53 162
1028 53 862
1039 53 987
1050 53 296
1061 53 714
1072 53 716
1083 53 462
1094 53 6
1105 53 529
1116 53 601
1127 53 381
1138 53 759
1149 53 929
1160 53 837
1171 53 715
1182 53 52
1193 53 790
1204 53 317
1215 53 504
1226 53 689
1237 53 696
1248 53 845
1259 53 285
1270 53 990
1281 53 445
1292 53 275
1303 53 813
1314 53 769
1325 53 355
1336 53 630
1347 53 199
1358 53 454
1369 53 498
1380 53 631
1391 53 523
1402 53 32
1413 53 991
1424 53 98
1435 53 729
1446 53 511
1457 53 396
1468 53 834
1479 53 966
1490 53 327
1501 53 888
1512 53 65
1523 53 184
1534 53 189
1545 53 473
1556 53 26
1567 53 494
1578 53 547
1589 53 733
1600 53 209
1611 53 974
1622 53 747
1633 53 530
1644 53 143
1655 53 976
1666 53 65
1677 53 396
1688 53 793
1699 53 235
1710 53 278
1721 53 717
1732 53 919
1743 53 336
1754 53 169
1765 53 327
1776 53 723
1787 53 821
1798 53 906
1809 53 149
1820 53 400
1831 53 973
1842 53 403
1853 53 711
1864 53 146
1875 53 544
1886 53 451
1897 53 906
1908 53 465
1919 53 911
1930 53 116
1941 53 26
1952 53 931
1963 53 518
1974 53 717
1985 53 911
1996 53 637
2007 53 186
2018 53 222
2029 53 213
2040 53 799
2051 53 509
2062 53 543
2073 53 648
2084 53 7
2095 53 807
2106 53 571
2117 53 655
2128 53 133
2139 53 447
2150 53 108
2161 53 582
2172 53 401
2183 53 880
2194 53 184
2205 53 252
2216 53 308
2227 53 519
2238 53 194
2249 53 819
2260 53 45
2271 53 766
2282 53 440
2293 53 795
2304 53 764
2315 53 759
2326 53 286
2337 53 733
2348 53 394
2359 53 309
2370 53 825
2381 53 869
2392 53 556
2403 53 952
2414 53 87
2425 53 233
2436 53 964
2447 53 188
2458 53 778
2469 53 160
2480 53 115
2491 53 532
2502 53 912
2513 53 172
2524 53 172
2535 53 57
2546 53 856
2557 53 589
2568 53 62
2579 53 146
2590 53 773
2601 53 174
2612 53 616
2623 53 567
2634 53 925
2645 53 347
2656 53 746
2667 53 511
2678 53 9
2689 53 610
2700 53 171
2711 53 155
2722 53 717
2733 53 833
2744 53 51
2755 53 308
2766 53 218
2777 53 475
2788 53 580
2799 53 340
2810 53 563
2821 53 652
2832 53 226
2843 53 462
2854 53 722
2865 53 348
2876 53 804
2887 53 163
2898 53 763
2909 53 112
2920 53 513
2931 53 72
2942 53 430
2953 53 917
2964 53 418
2975 53 78
2986 53 913
2997 53 792
7 54 143
18 54 860
29 54 242
40 54 489
51 54 289
62 54 91
73 54 325
84 54 222
95 54 788
106 54 936
117 54 704
128 54 76
139 54 395
150 54 413
161 54 446
172 54 324
183 54 730
194 54 182
205 54 779
216 54 392
227 54 722
238 54 35
249 54 798
260 54 419
271 54 117
282 54 731
293 54 670
304 54 98
315 54 263
326 54 499
337 54 125
348 54 738
359 54 247
370 54 7
381 54 757
392 54 630
403 54 105
414 54 711
425 54 946
436 54 150
447 54 48
458 54 307
469 54 63
480 54 992
491 54 819
502 54 138
513 54 557
524 54 186
535 54 788
546 54 227
557 54 68
568 54 493
579 54 366
590 54 739
601 54 665
612 54 250
623 54 631
634 54 253
645 54 295
656 54 183
667 54 188
678 54 178
689 54 131
700 54 833
711 54 155
722 54 895
733 54 146
744 54 727
755 54 847
766 54 847
777 54 156
788 54 869
799 54 323
810 54 239
821 54 708
832 54 34
843 54 129
854 54 374
865 54 461
876 54 709
887 54 829
898 54 396
909 54 333
920 54 842
931 54 399
942 54 789
953 54 403
964 54 371
975 54 19
986 54 914
997 54 290
1008 54 292
1019 54 415
1030 54 472
1041 54 152
1052 54 808
1063 54 595
1074 54 371
1085 54 255
1096 54 803
1107 54 800
1118 54 250
1129 54 947
1140 54 317
1151 54 145
1162 54 497
1173 54 486
1184 54 185
1195 54 851
1206 54 94
1217 54 992
1228 54 677
1239 54 389
1250 54 795
1261 54 902
1272 54 541
1283 54 305
1294 54 981
1305 54 485
1316 54 174
1327 54 961
1338 54 596
1349 54 929
1360 54 178
1371 54 447
1382 54 206
1393 54 124
1404 54 189
1415 54 211
1426 54 244
1437 54 926
1448 54 394
1459 54 800
1470 54 711
1481 54 837
1492 54 238
1503 54 898
1514 54 495
1525 54 323
1536 54 499
1547 54 12
1558 54 628
1569 54 254
1580 54 30
1591 54 968
1602 54 653
1613 54 97
1624 54 458
1635 54 658
1646 54 631
1657 54 392
1668 54 17
1679 54 74
1690 54 921
1701 54 146
1712 54 537
1723 54 630
1734 54 235
1745 54 591
1756 54 342
1767 54 77
1778 54 538
1789 54 987
1800 54 498
1811 54 904
1822 54 283
1833 54 3
1844 54 639
1855 54 70
1866 54 598
1877 54 93
1888 54 333
1899 54 322
1910 54 974
1921 54 409
1932 54 987
1943 54 511
1954 54 106
1965 54 872
1976 54 759
1987 54 365
1998 54 845
2009 54 119
2020 54 448
2031 54 74
2042 54 872
2053 54 770
2064 54 693
2075 54 807
2086 54 982
2097 54 960
2108 54 399
2119 54 103
2130 54 11
2141 54 134
2152 54 194
2163 54 441
2174 54 210
2185 54 932
2196 54 106
2207 54 391
2218 54 736
2229 54 567
2240 54 316
2251 54 694
2262 54 959
2273 54 246
2284 54 807
2295 54 327
2306 54 341
2317 54 366
2328 54 188
2339 54 190
2350 54 11
2361 54 904
2372 54 237
2383 54 873
2394 54 863
2405 54 472
2416 54 253
2427 54 617
2438 54 148
2449 54 537
2460 54 363
2471 54 340
2482 54 972
2493 54 625
2504 54 622
2515 54 150
2526 54 126
2537 54 683
2548 54 202
2559 54 184
2570 54 109
2581 54 923
2592 54 908
2603 54 78
2614 54 903
2625 54 240
2636 54 655
2647 54 731
2658 54 300
2669 54 505
2680 54 691
2691 54 681
2702 54 697
2713 54 865
2724 54 827
2735 54 926
2746 54 583
2757 54 946
2768 54 653
2779 54 396
2790 54 997
2801 54 722
2812 54 361
2823 54 739
2834 54 553
2845 54 649
2856 54 814
2867 54 725
2878 54 827
2889 54 730
2900 54 258
2911 54 315
2922 54 983
2933 54 995
2944 54 762
2955 54 622
2966 54 122
2977 54 639
2988 54 916
2999 54 444
9 55 275
20 55 110
31 55 445
42 55 747
53 55 404
64 55 112
75 55 196
86 55 68
97 55 108
108 55 993
119 55 215
130 55 623
141 55 950
152 55 112
163 55 94
174 55 366
185 55 23
196 55 740
207 55 412
218 55 86
229 55 593
240 55 312
251 55 82
262 55 595
273 55 523
284 55 792
295 55 713
306 55 701
317 55 637
328 55 95
339 55 142
350 55 350
361 55 737
372 55 459
383 55 322
394 55 3
405 55 47
416 55 886
427 55 43
438 55 782
449 55 488
460 55 196
471 55 809
482 55 528
493 55 677
504 55 822
515 55 360
526 55 545
537 55 64
548 55 354
559 55 696
570 55 192
581 55 130
592 55 381
603 55 571
614 55 47
625 55 647
636 55 965
647 55 775
658 55 813
669 55 486
680 55 732
691 55 295
702 55 842
713 55 69
724 55 412
735 55 200
746 55 403
757 55 15
768 55 705
779 55 395
790 55 809
801 55 430
812 55 563
823 55 840
834 55 720
845 55 32
856 55 816
867 55 751
878 55 347
889 55 308
900 55 621
911 55 959
922 55 450
933 55 989
944 55 539
955 55 708
966 55 424
977 55 811
988 55 697
999 55 480
1010 55 347
1021 55 490
1032 55 391
1043 55 29
1054 55 179
1065 55 169
1076 55 673
1087 55 218
1098 55 113
1109 55 369
1120 55 679
1131 55 398
1142 55 461
1153 55 374
1164 55 459
1175 55 195
1186 55 144
1197 55 539
1208 55 111
1219 55 934
1230 55 292
1241 55 888
1252 55 414
1263 55 851
1274 55 828
1285 55 617
1296 55 787
1307 55 146
1318 55 502
1329 55 77
1340 55 4
1351 55 593
1362 55 798
1373 55 240
1384 55 680
1395 55 742
1406 55 365
1417 55 81
1428 55 204
1439 55 577
1450 55 65
1461 55 321
1472 55 881
1483 55 371
1494 55 834
1505 55 843
1516 55 881
1527 55 665
1538 55 832
1549 55 180
1560 55 441
1571 55 745
1582 55 955
1593 55 336
1604 55 670
1615 55 360
1626 55 211
1637 55 44
1648 55 50
1659 55 717
1670 55 940
1681 55 77
1692 55 73
1703 55 404
1714 55 619
1725 55 414
1736 55 891
1747 55 80
1758 55 653
1769 55 676
1780 55 424
1791 55 484
1802 55 3
1813 55 70
1824 55 318
1835 55 770
1846 55 575
1857 55 354
1868 55 289
1879 55 541
1890 55 663
1901 55 684
1912 55 267
1923 55 416
1934 55 922
1945 55 628
1956 55 845
1967 55 667
1978 55 664
1989 55 428
2000 55 59
2011 55 342
2022 55 970
2033 55 650
2044 55 656
2055 55 998
2066 55 570
2077 55 982
2088 55 627
2099 55 5
2110 55 303
2121 55 933
2132 55 29
2143 55 259
2154 55 783
2165 55 391
2176 55 178
2187 55 604
2198 55 721
2209 55 543
2220 55 771
2231 55 854
2242 55 131
2253 55 606
2264 55 577
2275 55 470
2286 55 277
2297 55 341
2308 55 844
2319 55 428
2330 55 737
2341 55 899
2352 55 392
2363 55 258
2374 55 297
2385 55 443
2396 55 336
2407 55 459
2418 55 962
2429 55 836
2440 55 662
2451 55 278
2462 55 344
2473 55 922
2484 55 483
2495 55 615
2506 55 376
2517 55 836
2528 55 970
2539 55 536
2550 55 337
2561 55 915
2572 55 286
2583 55 739
2594 55 821
2605 55 918
2616 55 897
2627 55 441
2638 55 814
2649 55 448
2660 55 836
2671 55 801
2682 55 609
2693 55 579
2704 55 32
2715 55 644
2726 55 758
2737 55 299
2748 55 749
2759 55 616
2770 55 577
2781 55 582
2792 55 266
2803 55 930
2814 55 106
2825 55 844
2836 55 847
2847 55 753
2858 55 333
2869 55 262
2880 55 507
2891 55 521
2902 55 27
2913 55 80
2924 55 240
2935 55 440
2946 55 96
2957 55 542
2968 55 706
2979 55 355
2990 55 604
0 56 326
11 56 722
22 56 973
33 56 594
44 56 602
55 56 397
66 56 35
77 56 111
88 56 233
99 56 47
110 56 36
121 56 681
132 56 985
143 56 350
154 56 105
165 56 221
176 56 516
187 56 288
198 56 271
209 56 44
220 56 950
231 56 758
242 56 598
253 56 191
264 56 538
275 56 618
286 56 503
297 56 495
308 56 174
319 56 975
330 56 490
341 56 459
352 56 306
363 56 259
374 56 123
385 56 432
396 56 454
407 56 691
418 56 33
429 56 774
440 56 507
451 56 49
462 56 383
473 56 425
484 56 327
495 56 969
506 56 615
517 56 641
528 56 974
539 56 446
550 56 418
561 56 384
572 56 115
583 56 373
594 56 132
605 56 894
616 56 387
627 56 133
638 56 563
649 56 501
660 56 580
671 56 412
682 56 514
693 56 212
704 56 752
715 56 879
726 56 227
737 56 759
748 56 239
759 56 211
770 56 956
781 56 704
792 56 322
803 56 420
814 56 627
825 56 215
836 56 234
847 56 471
858 56 162
869 56 423
880 56 471
891 56 740
902 56 476
913 56 369
924 56 836
935 56 72
946 56 755
957 56 630
968 56 391
979 56 45
990 56 673
1001 56 691
1012 56 721
1023 56 677
1034 56 763
1045 56 696
1056 56 324
1067 56 952
1078 56 315
1089 56 847
1100 56 57
1111 56 73
1122 56 604
1133 56 523
1144 56 429
1155 56 831
1166 56 193
1177 56 318
1188 56 762
1199 56 182
1210 56 552
1221 56 302
1232 56 384
1243 56 67
1254 56 273
1265 56 314
1276 56 804
1287 56 305
1298 56 988
1309 56 485
1320 56 203
1331 56 580
1342 56 114
1353 56 950
1364 56 299
1375 56 877
1386 56 298
1397 56 667
1408 56 26
1419 56 604
1430 56 311
1441 56 189
1452 56 850
1463 56 955
1474 56 738
1485 56 347
1496 56 496
1507 56 362
1518 56 375
1529 56 243
1540 56 900
1551 56 43
1562 56 455
1573 56 836
1584 56 797
1595 56 607
1606 56 537
1617 56 675
1628 56 577
1639 56 858
1650 56 851
1661 56 830
1672 56 788
1683 56 277
1694 56 636
1705 56 187
1716 56 754
1727 56 531
1738 56 242
1749 56 909
1760 56 109
1771 56 857
1782 56 640
1793 56 424
1804 56 462
1815 56 613
1826 56 819
1837 56 691
1848 56 810
1859 56 276
1870 56 423
1881 56 345
1892 56 426
1903 56 884
1914 56 568
1925 56 873
1936 56 276
1947 56 154
1958 56 86
1969 56 223
1980 56 810
1991 56 840
2002 56 691
2013 56 285
2024 56 533
2035 56 374
2046 56 943
2057 56 964
2068 56 277
2079 56 577
2090 56 194
2101 56 616
2112 56 463
2123 56 37
2134 56 537
2145 56 393
2156 56 830
2167 56 973
2178 56 86
2189 56 773
2200 56 61
2211 56 953
2222 56 294
2233 56 570
2244 56 650
2255 56 874
2266 56 675
2277 56 286
2288 56 669
2299 56 446
2310 56 8
2321 56 770
2332 56 467
2343 56 822
2354 56 103
2365 56 427
2376 56 288
2387 56 740
2398 56 162
2409 56 473
2420 56 994
2431 56 310
2442 56 934
2453 56 628
2464 56 853
2475 56 264
2486 56 515
2497 56 645
2508 56 346
2519 56 632
2530 56 726
2541 56 669
2552 56 497
2563 56 169
2574 56 420
2585 56 571
2596 56 430
2607 56 134
2618 56 468
2629 56 206
2640 56 273
2651 56 811
2662 56 748
2673 56 27
2684 56 154
2695 56 448
2706 56 114
2717 56 362
2728 56 745
2739 56 846
2750 56 430
2761 56 351
2772 56 596
2783 56 439
2794 56 642
2805 56 790
2816 56 785
2827 56 613
2838 56 922
2849 56 787
2860 56 245
2871 56 54
2882 56 30
2893 56 25
2904 56 822
2915 56 115
2926 56 16
2937 56 610
2948 56 322
2959 56 584
2970 56 6
2981 56 617
2992 56 855
2 57 823
13 57 211
24 57 596
35 57 248
46 57 345
57 57 144
68 57 170
79 57 598
90 57 604
101 57 432
112 57 335
123 57 946
134 57 177
145 57 229
156 57 62
167 57 8
178 57 181
189 57 524
200 57 441
211 57 813
222 57 237
233 57 34
244 57 536
255 57 289
266 57 973
277 57 404
288 57 37
299 57 475
310 57 203
321 57 626
332 57 345
343 57 970
354 57 365
365 57 107
376 57 268
387 57 422
398 57 140
409 57 441
420 57 469
431 57 31
442 57 396
453 57 484
464 57 571
475 57 10
486 57 173
497 57 342
508 57 566
519 57 781
530 57 564
541 57 9
552 57 655
563 57 272
574 57 239
585 57 877
596 57 729
607 57 791
618 57 955
629 57 820
640 57 425
651 57 162
662 57 309
673 57 924
684 57 729
695 57 281
706 57 373
717 57 397
728 57 769
739 57 311
750 57 964
761 57 278
772 57 126
783 57 223
794 57 506
805 57 538
816 57 925
827 57 961
838 57 747
849 57 772
860 57 437
871 57 270
882 57 419
893 57 705
904 57 680
915 57 744
926 57 463
937 57 504
948 57 388
959 57 204
970 57 977
981 57 356
992 57 834
1003 57 962
1014 57 3
1025 57 279
1036 57 191
1047 57 332
1058 57 571
1069 57 3
1080 57 398
1091 57 131
1102 57 195
1113 57 990
1124 57 497
1135 57 999
1146 57 491
1157 57 770
1168 57 1
1179 57 247
1190 57 364
1201 57 788
1212 57 983
1223 57 150
1234 57 104
1245 57 842
1256 57 92
1267 57 649
1278 57 47
1289 57 565
1300 57 628
1311 57 672
1322 57 426
1333 57 8
1344 57 445
1355 57 288
1366 57 710
1377 57 476
1388 57 872
1399 57 671
1410 57 591
1421 57 247
1432 57 594
1443 57 342
1454 57 519
1465 57 80
1476 57 64
1487 57 848
1498 57 556
1509 57 195
1520 57 540
1531 57 387
1542 57 711
1553 57 132
1564 57 455
1575 57 441
1586 57 668
1597 57 530
1608 57 958
1619 57 558
1630 57 371
1641 57 473
1652 57 238
1663 57 988
1674 57 343
1685 57 605
1696 57 287
1707 57 678
1718 57 767
1729 57 84
1740 57 351
1751 57 278
1762 57 67
1773 57 612
1784 57 514
1795 57 580
1806 57 630
1817 57 256
1828 57 488
1839 57 643
1850 57 232
1861 57 10
1872 57 433
1883 57 282
1894 57 901
1905 57 781
1916 57 18
1927 57 249
1938 57 169
1949 57 625
1960 57 646
1971 57 991
1982 57 240
1993 57 283
2004 57 312
2015 57 666
2026 57 657
2037 57 606
2048 57 636
2059 57 675
2070 57 163
2081 57 495
2092 57 687
2103 57 976
2114 57 547
2125 57 633
2136 57 740
2147 57 80
2158 57 974
2169 57 516
2180 57 592
2191 57 360
2202 57 871
2213 57 905
2224 57 912
2235 57 849
2246 57 891
2257 57 443
2268 57 857
2279 57 588
2290 57 125
2301 57 207
2312 57 673
2323 57 613
2334 57 310
2345 57 860
2356 57 783
2367 57 134
2378 57 470
2389 57 381
2400 57 457
2411 57 914
2422 57 681
2433 57 576
2444 57 623
2455 57 932
2466 57 755
2477 57 588
2488 57 245
2499 57 694
2510 57 58
2521 57 650
2532 57 249
2543 57 55
2554 57 475
2565 57 851
2576 57 342
2587 57 467
2598 57 691
2609 57 392
2620 57 553
2631 57 512
2642 57 55
2653 57 765
2664 57 280
2675 57 724
2686 57 902
2697 57 609
2708 57 269
2719 57 470
2730 57 961
2741 57 723
2752 57 881
2763 57 961
2774 57 86
2785 57 833
2796 57 85
2807 57 610
2818 57 21
2829 57 412
2840 57 952
2851 57 219
2862 57 394
2873 57 824
2884 57 655
2895 57 641
2906 57 460
2917 57 672
2928 57 79
2939 57 771
2950 57 787
2961 57 467
2972 57 695
2983 57 791
2994 57 355
4 58 283
15 58 144
26 58 545
37 58 702
48 58 480
59 58 477
70 58 346
81 58 127
92 58 977
103 58 800
114 58 843
125 58 122
136 58 496
147 58 513
158 58 393
169 58 190
180 58 67
191 58 577
202 58 984
213 58 24
224 58 132
235 58 737
246 58 540
257 58 174
268 58 19
279 58 454
290 58 468
301 58 867
312 58 121
323 58 765
334 58 384
345 58 447
356 58 926
367 58 666
378 58 462
389 58 162
400 58 662
411 58 651
422 58 796
433 58 140
444 58 95
455 58 77
466 58 207
477 58 706
488 58 145
499 58 363
510 58 707
521 58 222
532 58 284
543 58 411
554 58 992
565 58 515
576 58 32
587 58 504
598 58 49
609 58 172
620 58 932
631 58 304
642 58 296
653 58 778
664 58 287
675 58 137
686 58 337
697 58 295
708 58 680
719 58 911
730 58 721
741 58 142
752 58 932
763 58 6
774 58 81
785 58 334
796 58 100
807 58 528
818 58 83
829 58 411
840 58 812
851 58 653
862 58 625
873 58 304
884 58 762
895 58 904
906 58 368
917 58 341
928 58 132
939 58 772
950 58 978
961 58 645
972 58 111
983 58 30
994 58 197
1005 58 81
1016 58 38
1027 58 273
1038 58 90
1049 58 293
1060 58 628
1071 58 532
1082 58 13
1093 58 649
1104 58 845
1115 58 218
1126 58 93
1137 58 503
1148 58 811
1159 58 505
1170 58 173
1181 58 243
1192 58 248
1203 58 461
1214 58 896
1225 58 597
1236 58 829
1247 58 211
1258 58 894
1269 58 788
1280 58 318
1291 58 357
1302 58 814
1313 58 759
1324 58 346
1335 58 841
1346 58 173
1357 58 406
1368 58 496
1379 58 146
1390 58 41
1401 58 231
1412 58 286
1423 58 15
1434 58 486
1445 58 650
1456 58 503
1467 58 281
1478 58 178
1489 58 388
1500 58 362
1511 58 112
1522 58 563
1533 58 536
1544 58 115
1555 58 107
1566 58 528
1577 58 190
1588 58 75
1599 58 702
1610 58 667
1621 58 891
1632 58 589
1643 58 717
1654 58 519
1665 58 53
1676 58 790
1687 58 168
1698 58 947
1709 58 5
1720 58 11
1731 58 234
1742 58 853
1753 58 286
1764 58 943
1775 58 296
1786 58 891
1797 58 711
1808 58 340
1819 58 853
1830 58 835
1841 58 974
1852 58 381
1863 58 168
1874 58 138
1885 58 466
1896 58 523
1907 58 511
1918 58 569
1929 58 467
1940 58 832
1951 58 448
1962 58 979
1973 58 355
1984 58 956
1995 58 857
2006 58 714
2017 58 845
2028 58 383
2039 58 289
2050 58 574
2061 58 630
2072 58 206
2083 58 119
2094 58 546
2105 58 110
2116 58 272
2127 58 309
2138 58 546
2149 58 533
2160 58 232
2171 58 359
2182 58 852
2193 58 404
2204 58 989
2215 58 653
2226 58 258
2237 58 583
2248 58 609
2259 58 139
2270 58 946
2281 58 552
2292 58 349
2303 58 866
2314 58 444
2325 58 30
2336 58 223
2347 58 85
2358 58 844
2369 58 631
2380 58 316
2391 58 393
2402 58 506
2413 58 867
2424 58 734
2435 58 732
2446 58 996
2457 58 507
2468 58 270
2479 58 846
2490 58 946
2501 58 236
2512 58 35
2523 58 561
2534 58 113
2545 58 629
2556 58 284
2567 58 26
2578 58 268
2589 58 580
2600 58 472
2611 58 693
2622 58 380
2633 58 276
2644 58 397
2655 58 502
2666 58 203
2677 58 662
2688 58 460
2699 58 585
2710 58 468
2721 58 965
2732 58 970
2743 58 565
2754 58 209
2765 58 308
2776 58 883
2787 58 995
2798 58 317
2809 58 689
2820 58 829
2831 58 845
2842 58 660
2853 58 763
2864 58 845
2875 58 510
2886 58 806
2897 58 140
2908 58 902
2919 58 654
2930 58 263
2941 58 195
2952 58 665
2963 58 753
2974 58 535
2985 58 492
2996 58 316
6 59 627
17 59 952
28 59 155
39 59 289
50 59 511
61 59 994
72 59 530
83 59 470
94 59 291
105 59 616
116 59 888
127 59 785
138 59 987
149 59 363
160 59 417
171 59 534
182 59 364
193 59 900
204 59 737
215 59 156
226 59 180
237 59 714
248 59 139
259 59 811
270 59 264
281 59 422
292 59 390
303 59 392
314 59 165
325 59 189
336 59 747
347 59 901
358 59 612
369 59 274
380 59 312
391 59 357
402 59 672
413 59 481
424 59 480
435 59 561
446 59 50
457 59 130
468 59 764
479 59 9
490 59 230
501 59 124
512 59 234
523 59 619
534 59 968
545 59 344
556 59 771
567 59 78
578 59 604
589 59 54
600 59 897
611 59 370
622 59 764
633 59 461
644 59 419
655 59 55
666 59 342
677 59 61
688 59 699
699 59 887
710 59 433
721 59 954
732 59 537
743 59 41
754 59 277
765 59 460
776 59 849
787 59 767
798 59 565
809 59 37
820 59 256
831 59 119
842 59 272
853 59 10
864 59 751
875 59 654
886 59 848
897 59 827
908 59 85
919 59 845
930 59 421
941 59 80
952 59 107
963 59 782
974 59 660
985 59 93
996 59 531
1007 59 226
1018 59 946
1029 59 255
1040 59 740
1051 59 707
1062 59 913
1073 59 338
1084 59 856
1095 59 456
1106 59 637
1117 59 784
1128 59 805
1139 59 946
1150 59 282
1161 59 740
1172 59 69
1183 59 282
1194 59 981
1205 59 935
1216 59 388
1227 59 701
1238 59 947
1249 59 420
1260 59 410
1271 59 355
1282 59 260
1293 59 181
1304 59 840
1315 59 170
1326 59 250
1337 59 492
1348 59 899
1359 59 705
1370 59 975
1381 59 481
1392 59 41
1403 59 785
1414 59 813
1425 59 134
1436 59 985
1447 59 443
1458 59 686
1469 59 756
1480 59 222
1491 59 417
1502 59 305
1513 59 969
1524 59 349
1535 59 127
1546 59 274
1557 59 198
1568 59 545
1579 59 525
1590 59 765
1601 59 111
1612 59 357
1623 59 242
1634 59 725
1645 59 282
1656 59 67
1667 59 291
1678 59 868
1689 59 50
1700 59 911
1711 59 276
1722 59 914
1733 59 678
1744 59 217
1755 59 24
1766 59 414
1777 59 226
1788 59 717
1799 59 639
1810 59 923
1821 59 494
1832 59 217
1843 59 296
1854 59 324
1865 59 962
1876 59 925
1887 59 411
1898 59 646
1909 59 772
1920 59 656
1931 59 368
1942 59 73
1953 59 394
1964 59 394
1975 59 413
1986 59 695
1997 59 52
2008 59 15
2019 59 475
2030 59 476
2041 59 328
2052 59 974
2063 59 544
2074 59 186
2085 59 977
2096 59 441
2107 59 307
2118 59 583
2129 59 251
2140 59 603
2151 59 859
2162 59 110
2173 59 150
2184 59 558
2195 59 497
2206 59 186
2217 59 622
2228 59 144
2239 59 819
2250 59 847
2261 59 348
2272 59 176
2283 59 32
2294 59 837
2305 59 907
2316 59 89
2327 59 168
2338 59 504
2349 59 369
2360 59 453
2371 59 668
2382 59 560
2393 59 698
2404 59 293
2415 59 103
2426 59 173
2437 59 487
2448 59 645
2459 59 323
2470 59 471
2481 59 915
2492 59 541
2503 59 28
2514 59 849
2525 59 10
2536 59 152
2547 59 25
2558 59 312
2569 59 951
2580 59 660
2591 59 233
2602 59 737
2613 59 719
2624 59 119
2635 59 653
2646 59 22
2657 59 73
2668 59 452
2679 59 547
2690 59 440
2701 59 23
2712 59 700
2723 59 66
2734 59 863
2745 59 189
2756 59 564
2767 59 88
2778 59 13
2789 59 782
2800 59 412
2811 59 566
2822 59 352
2833 59 923
2844 59 96
2855 59 965
2866 59 706
2877 59 573
2888 59 80
2899 59 380
2910 59 938
2921 59 28
2932 59 766
2943 59 358
2954 59 616
2965 59 505
2976 59 441
2987 59 575
2998 59 704
8 60 640
19 60 441
30 60 421
41 60 957
52 60 111
63 60 12
74 60 254
85 60 541
96 60 800
107 60 833
118 60 758
129 60 856
140 60 471
151 60 565
162 60 279
173 60 835
184 60 811
195 60 748
206 60 541
217 60 880
228 60 81
239 60 350
250 60 361
261 60 899
272 60 65
283 60 662
294 60 256
305 60 496
316 60 486
327 60 21
338 60 773
349 60 801
360 60 585
371 60 396
382 60 604
393 60 759
404 60 356
415 60 490
426 60 456
437 60 467
448 60 311
459 60 243
470 60 98
481 60 741
492 60 535
503 60 747
514 60 248
525 60 793
536 60 333
547 60 735
558 60 578
569 60 127
580 60 783
591 60 932
602 60 637
613 60 579
624 60 611
635 60 222
646 60 602
657 60 532
668 60 279
679 60 221
690 60 235
701 60 815
712 60 314
723 60 328
734 60 862
745 60 84
756 60 384
767 60 543
778 60 327
789 60 900
800 60 221
811 60 88
822 60 514
833 60 320
844 60 301
855 60 679
866 60 422
877 60 165
888 60 306
899 60 726
910 60 929
921 60 245
932 60 605
943 60 911
954 60 894
965 60 9
976 60 728
987 60 387
998 60 46
1009 60 539
1020 60 73
1031 60 62
1042 60 734
1053 60 842
1064 60 837
1075 60 969
1086 60 897
1097 60 684
1108 60 302
1119 60 272
1130 60 179
1141 60 856
1152 60 584
1163 60 490
1174 60 641
1185 60 251
1196 60 829
1207 60 12
1218 60 33
1229 60 970
1240 60 746
1251 60 157
1262 60 876
1273 60 401
1284 60 190
1295 60 138
1306 60 553
1317 60 614
1328 60 939
1339 60 806
1350 60 827
1361 60 383
1372 60 679
1383 60 460
1394 60 612
1405 60 646
1416 60 667
1427 60 458
1438 60 920
1449 60 805
1460 60 321
1471 60 597
1482 60 195
1493 60 228
1504 60 251
1515 60 735
1526 60 32
1537 60 298
1548 60 484
1559 60 36
1570 60 700
1581 60 341
1592 60 177
1603 60 206
1614 60 330
1625 60 329
1636 60 20
1647 60 215
1658 60 757
1669 60 717
1680 60 43
1691 60 139
1702 60 759
1713 60 860
1724 60 467
1735 60 400
1746 60 427
1757 60 1000
1768 60 553
1779 60 137
1790 60 299
1801 60 483
1812 60 68
1823 60 400
1834 60 325
1845 60 460
1856 60 317
1867 60 779
1878 60 940
1889 60 904
1900 60 668
1911 60 674
1922 60 912
1933 60 516
1944 60 119
1955 60 863
1966 60 159
1977 60 267
1988 60 879
1999 60 471
2010 60 810
2021 60 99
2032 60 639
2043 60 798
2054 60 844
2065 60 787
2076 60 687
2087 60 580
2098 60 175
2109 60 992
2120 60 888
2131 60 421
2142 60 670
2153 60 483
2164 60 301
2175 60 322
2186 60 635
2197 60 961
2208 60 221
2219 60 310
2230 60 227
2241 60 643
2252 60 749
2263 60 675
2274 60 733
2285 60 285
2296 60 601
2307 60 679
2318 60 424
2329 60 371
2340 60 507
2351 60 9
2362 60 371
2373 60 393
2384 60 227
2395 60 784
2406 60 796
2417 60 742
2428 60 602
2439 60 288
2450 60 299
2461 60 77
2472 60 842
2483 60 859
2494 60 165
2505 60 589
2516 60 686
2527 60 925
2538 60 580
2549 60 989
2560 60 435
2571 60 21
2582 60 97
2593 60 510
2604 60 887
2615 60 163
2626 60 409
2637 60 309
2648 60 341
2659 60 265
2670 60 204
2681 60 831
2692 60 944
2703 60 972
2714 60 94
2725 60 919
2736 60 281
2747 60 629
2758 60 238
2769 60 221
2780 60 719
2791 60 952
2802 60 969
2813 60 141
2824 60 638
2835 60 729
2846 60 446
2857 60 988
2868 60 786
2879 60 320
2890 60 785
2901 60 805
2912 60 242
2923 60 370
2934 60 306
2945 60 439
2956 60 203
2967 60 527
2978 60 591
2989 60 965
10 61 41
21 61 975
32 61 826
43 61 666
54 61 667
65 61 291
76 61 163
87 61 795
98 61 915
109 61 46
120 61 379
131 61 982
142 61 704
153 61 22
164 61 672
175 61 117
186 61 121
197 61 204
208 61 299
219 61 249
230 61 831
241 61 673
252 61 232
263 61 997
274 61 918
285 61 826
296 61 294
307 61 213
318 61 606
329 61 324
340 61 84
351 61 778
362 61 288
373 61 459
384 61 428
395 61 675
406 61 375
417 61 696
428 61 590
439 61 614
450 61 233
461 61 76
472 61 947
483 61 180
494 61 492
505 61 429
516 61 250
527 61 229
538 61 711
549 61 62
560 61 667
571 61 514
582 61 773
593 61 412
604 61 788
615 61 372
626 61 515
637 61 654
648 61 9
659 61 204
670 61 235
681 61 241
692 61 800
703 61 397
714 61 33
725 61 773
736 61 745
747 61 946
758 61 965
769 61 607
780 61 37
791 61 559
802 61 139
813 61 485
824 61 641
835 61 605
846 61 58
857 61 989
868 61 195
879 61 634
890 61 671
901 61 164
912 61 469
923 61 562
934 61 650
945 61 742
956 61 680
967 61 665
978 61 648
989 61 354
1000 61 624
1011 61 22
1022 61 533
1033 61 97
1044 61 230
1055 61 754
1066 61 337
1077 61 155
1088 61 283
1099 61 131
1110 61 566
1121 61 927
1132 61 854
1143 61 656
1154 61 648
1165 61 844
1176 61 603
1187 61 464
1198 61 766
1209 61 996
1220 61 932
1231 61 934
1242 61 336
1253 61 773
1264 61 31
1275 61 638
1286 61 239
1297 61 912
1308 61 383
1319 61 210
1330 61 397
1341 61 773
1352 61 246
1363 61 183
1374 61 779
1385 61 632
1396 61 234
1407 61 697
1418 61 391
1429 61 376
1440 61 552
1451 61 597
1462 61 837
1473 61 42
1484 61 851
1495 61 765
1506 61 357
1517 61 19
1528 61 709
1539 61 682
1550 61 62
1561 61 739
1572 61 804
1583 61 985
1594 61 830
1605 61 407
1616 61 143
1627 61 525
1638 61 544
1649 61 839
1660 61 537
1671 61 478
1682 61 794
1693 61 859
1704 61 348
1715 61 644
1726 61 256
1737 61 645
1748 61 990
1759 61 619
1770 61 199
1781 61 830
1792 61 436
1803 61 681
1814 61 763
1825 61 758
1836 61 742
1847 61 818
1858 61 318
1869 61 420
1880 61 988
1891 61 794
1902 61 336
1913 61 827
1924 61 364
1935 61 731
1946 61 828
1957 61 169
1968 61 518
1979 61 305
1990 61 218
2001 61 94
2012 61 882
2023 61 277
2034 61 38
2045 61 111
2056 61 171
2067 61 853
2078 61 311
2089 61 480
2100 61 657
2111 61 992
2122 61 516
2133 61 989
2144 61 323
2155 61 849
2166 61 8
2177 61 951
2188 61 208
2199 61 886
2210 61 459
2221 61 292
2232 61 495
2243 61 72
2254 61 610
2265 61 799
2276 61 919
2287 61 513
2298 61 644
2309 61 37
2320 61 661
2331 61 249
2342 61 672
2353 61 726
2364 61 473
2375 61 569
2386 61 792
2397 61 758
2408 61 213
2419 61 922
2430 61 124
2441 61 956
2452 61 299
2463 61 562
2474 61 59
2485 61 205
2496 61 33
2507 61 355
2518 61 853
2529 61 524
2540 61 334
2551 61 830
2562 61 518
2573 61 918
2584 61 820
2595 61 87
2606 61 882
2617 61 921
2628 61 164
2639 61 218
2650 61 583
2661 61 705
2672 61 562
2683 61 258
2694 61 827
2705 61 346
2716 61 281
2727 61 294
2738 61 106
2749 61 55
2760 61 640
2771 61 741
2782 61 874
2793 61 981
2804 61 791
2815 61 371
2826 61 330
2837 61 562
2848 61 736
2859 61 38
2870 61 197
2881 61 160
2892 61 280
2903 61 877
2914 61 284
2925 61 183
2936 61 560
2947 61 606
2958 61 367
2969 61 440
2980 61 720
2991 61 50
1 62 114
12 62 235
23 62 733
34 62 536
45 62 654
56 62 228
67 62 510
78 62 260
89 62 638
100 62 537
111 62 874
122 62 324
133 62 849
144 62 328
155 62 240
166 62 417
177 62 426
188 62 847
199 62 851
210 62 385
221 62 790
232 62 364
243 62 603
254 62 84
265 62 542
276 62 562
287 62 41
298 62 631
309 62 666
320 62 963
331 62 975
342 62 438
353 62 707
364 62 704
375 62 665
386 62 756
397 62 657
408 62 858
419 62 590
430 62 748
441 62 26
452 62 171
463 62 837
474 62 600
485 62 935
496 62 332
507 62 144
518 62 175
529 62 420
540 62 368
551 62 33
562 62 409
573 62 827
584 62 889
595 62 922
606 62 319
617 62 347
628 62 774
639 62 864
650 62 546
661 62 104
672 62 466
683 62 641
694 62 835
705 62 505
716 62 806
727 62 972
738 62 163
749 62 397
760 62 30
771 62 30
782 62 123
793 62 531
804 62 135
815 62 609
826 62 84
837 62 60
848 62 769
859 62 666
870 62 234
881 62 843
892 62 219
903 62 590
914 62 858
925 62 258
936 62 642
947 62 989
958 62 575
969 62 738
980 62 529
991 62 604
1002 62 480
1013 62 463
1024 62 521
1035 62 353
1046 62 99
1057 62 270
1068 62 99
1079 62 237
1090 62 880
1101 62 407
1112 62 213
1123 62 72
1134 62 330
1145 62 89
1156 62 183
1167 62 352
1178 62 501
1189 62 852
1200 62 294
1211 62 581
1222 62 677
1233 62 951
1244 62 332
1255 62 410
1266 62 407
1277 62 201
1288 62 670
1299 62 396
1310 62 186
1321 62 477
1332 62 740
1343 62 747
1354 62 981
1365 62 902
1376 62 246
1387 62 224
1398 62 426
1409 62 985
1420 62 862
1431 62 151
1442 62 997
1453 62 808
1464 62 809
1475 62 500
1486 62 975
1497 62 447
1508 62 805
1519 62 823
1530 62 533
1541 62 826
1552 62 451
1563 62 410
1574 62 851
1585 62 119
1596 62 742
1607 62 920
1618 62 256
1629 62 279
1640 62 492
1651 62 822
1662 62 246
1673 62 762
1684 62 931
1695 62 319
1706 62 329
1717 62 791
1728 62 482
1739 62 580
1750 62 312
1761 62 279
1772 62 648
1783 62 615
1794 62 44
1805 62 699
1816 62 519
1827 62 40
1838 62 445
1849 62 893
1860 62 890
1871 62 856
1882 62 819
1893 62 759
1904 62 147
1915 62 463
1926 62 9
1937 62 680
1948 62 628
1959 62 72
1970 62 311
1981 62 683
1992 62 270
2003 62 783
2014 62 590
2025 62 344
2036 62 266
2047 62 190
2058 62 387
2069 62 743
2080 62 695
2091 62 897
2102 62 436
2113 62 504
2124 62 868
2135 62 285
2146 62 605
2157 62 602
2168 62 464
2179 62 709
2190 62 830
2201 62 722
2212 62 15
2223 62 568
2234 62 974
2245 62 506
2256 62 149
2267 62 21
2278 62 712
2289 62 91
2300 62 353
2311 62 644
2322 62 374
2333 62 899
2344 62 76
2355 62 898
2366 62 977
2377 62 344
2388 62 163
2399 62 859
2410 62 94
2421 62 517
2432 62 341
2443 62 126
2454 62 606
2465 62 928
2476 62 596
2487 62 891
2498 62 28
2509 62 79
2520 62 926
2531 62 870
2542 62 481
2553 62 168
2564 62 710
2575 62 584
2586 62 957
2597 62 52
2608 62 352
2619 62 807
2630 62 217
2641 62 505
2652 62 968
2663 62 622
2674 62 470
2685 62 237
2696 62 476
2707 62 838
2718 62 105
2729 62 965
2740 62 889
2751 62 267
2762 62 402
2773 62 157
2784 62 28
2795 62 840
2806 62 353
2817 62 750
2828 62 322
2839 62 286
2850 62 193
2861 62 794
2872 62 684
2883 62 14
2894 62 187
2905 62 59
2916 62 372
2927 62 972
2938 62 768
2949 62 462
2960 62 84
2971 62 164
2982 62 748
2993 62 382
3 63 152
14 63 321
25 63 557
36 63 191
47 63 884
58 63 245
69 63 701
80 63 995
91 63 511
102 63 678
113 63 565
124 63 518
135 63 193
146 63 808
157 63 234
168 63 565
179 63 626
190 63 599
201 63 898
212 63 447
223 63 18
234 63 10
245 63 274
256 63 484
267 63 860
278 63 582
289 63 744
300 63 372
311 63 41
322 63 333
333 63 342
344 63 757
355 63 755
366 63 755
377 63 126
388 63 549
399 63 792
410 63 908
421 63 918
432 63 949
443 63 367
454 63 742
465 63 430
476 63 97
487 63 276
498 63 806
509 63 366
520 63 41
531 63 266
542 63 792
553 63 98
564 63 456
575 63 35
586 63 207
597 63 426
608 63 293
619 63 168
630 63 518
641 63 911
652 63 99
663 63 736
674 63 680
685 63 855
696 63 28
707 63 866
718 63 63
729 63 411
740 63 565
751 63 838
762 63 388
773 63 158
784 63 933
795 63 433
806 63 991
817 63 588
828 63 112
839 63 173
850 63 133
861 63 902
872 63 495
883 63 323
894 63 536
905 63 176
916 63 580
927 63 438
938 63 787
949 63 328
960 63 111
971 63 496
982 63 761
993 63 541
1004 63 437
1015 63 919
1026 63 191
1037 63 458
1048 63 727
1059 63 908
1070 63 436
1081 63 816
1092 63 249
1103 63 755
1114 63 49
1125 63 389
1136 63 150
1147 63 479
1158 63 155
1169 63 640
1180 63 293
1191 63 72
1202 63 165
1213 63 768
1224 63 343
1235 63 338
1246 63 553
1257 63 950
1268 63 550
1279 63 573
1290 63 606
1301 63 92
1312 63 820
1323 63 995
1334 63 753
1345 63 768
1356 63 954
1367 63 907
1378 63 702
1389 63 383
1400 63 541
1411 63 239
1422 63 347
1433 63 111
1444 63 910
1455 63 741
1466 63 220
1477 63 942
1488 63 603
1499 63 516
1510 63 329
1521 63 503
1532 63 949
1543 63 905
1554 63 591
1565 63 456
1576 63 743
1587 63 178
1598 63 365
1609 63 817
1620 63 385
1631 63 250
1642 63 237
1653 63 291
1664 63 586
1675 63 679
1686 63 903
1697 63 993
1708 63 927
1719 63 96
1730 63 740
1741 63 743
1752 63 859
1763 63 142
1774 63 287
1785 63 259
1796 63 275
1807 63 189
1818 63 190
1829 63 46
1840 63 69
1851 63 496
1862 63 774
1873 63 372
1884 63 714
1895 63 260
1906 63 7
1917 63 543
1928 63 911
1939 63 732
1950 63 139
1961 63 869
1972 63 926
1983 63 439
1994 63 171
2005 63 866
2016 63 26
2027 63 19
2038 63 584
2049 63 741
2060 63 684
2071 63 274
2082 63 263
2093 63 61
2104 63 786
2115 63 897
2126 63 951
2137 63 64
2148 63 623
2159 63 995
2170 63 898
2181 63 816
2192 63 237
2203 63 525
2214 63 502
2225 63 929
2236 63 45
2247 63 618
2258 63 528
2269 63 485
2280 63 214
2291 63 775
2302 63 316
2313 63 902
2324 63 919
2335 63 787
2346 63 275
2357 63 616
2368 63 566
2379 63 788
2390 63 183
2401 63 723
2412 63 532
2423 63 510
2434 63 803
2445 63 448
2456 63 502
2467 63 37
2478 63 61
2489 63 311
2500 63 768
2511 63 846
2522 63 757
2533 63 800
2544 63 663
2555 63 772
2566 63 385
2577 63 346
2588 63 843
2599 63 343
2610 63 823
2621 63 348
2632 63 734
2643 63 628
2654 63 449
2665 63 15
2676 63 226
2687 63 102
2698 63 559
2709 63 781
2720 63 491
2731 63 365
2742 63 495
2753 63 312
2764 63 904
2775 63 37
2786 63 233
2797 63 115
2808 63 696
2819 63 287
2830 63 584
2841 63 588
2852 63 275
2863 63 785
2874 63 551
2885 63 111
2896 63 780
2907 63 503
2918 63 180
2929 63 691
2940 63 278
2951 63 569
2962 63 900
2973 63 214
2984 63 414
2995 63 695
5 64 716
16 64 267
27 64 905
38 64 751
49 64 79
60 64 147
71 64 487
82 64 948
93 64 824
104 64 490
115 64 833
126 64 378
137 64 970
148 64 471
159 64 392
170 64 197
181 64 793
192 64 539
203 64 159
214 64 585
225 64 647
236 64 521
247 64 568
258 64 757
269 64 749
280 64 217
291 64 98
302 64 44
313 64 166
324 64 70
335 64 144
346 64 860
357 64 145
368 64 137
379 64 174
390 64 691
401 64 128
412 64 349
423 64 629
434 64 72
445 64 840
456 64 81
467 64 558
478 64 704
489 64 790
500 64 822
511 64 28
522 64 85
533 64 682
544 64 207
555 64 514
566 64 709
577 64 735
588 64 655
599 64 786
610 64 521
621 64 697
632 64 335
643 64 96
654 64 369
665 64 366
676 64 220
687 64 612
698 64 313
709 64 833
720 64 469
731 64 920
742 64 194
753 64 706
764 64 483
775 64 907
786 64 998
797 64 931
808 64 468
819 64 662
830 64 99
841 64 300
852 64 513
863 64 292
874 64 461
885 64 287
896 64 980
907 64 17
918 64 308
929 64 189
940 64 4
951 64 990
962 64 336
973 64 860
984 64 982
995 64 910
1006 64 520
1017 64 962
1028 64 95
1039 64 197
1050 64 983
1061 64 879
1072 64 734
1083 64 812
1094 64 468
1105 64 152
1116 64 106
1127 64 399
1138 64 411
1149 64 566
1160 64 751
1171 64 501
1182 64 987
1193 64 393
1204 64 966
1215 64 977
1226 64 554
1237 64 282
1248 64 450
1259 64 836
1270 64 489
1281 64 659
1292 64 131
1303 64 469
1314 64 709
1325 64 439
1336 64 650
1347 64 431
1358 64 190
1369 64 984
1380 64 961
1391 64 487
1402 64 735
1413 64 558
1424 64 416
1435 64 274
1446 64 318
1457 64 528
1468 64 45
1479 64 140
1490 64 814
1501 64 148
1512 64 630
1523 64 526
1534 64 766
1545 64 1000
1556 64 179
1567 64 791
1578 64 634
1589 64 834
1600 64 366
1611 64 619
1622 64 217
1633 64 158
1644 64 624
1655 64 27
1666 64 989
1677 64 717
1688 64 679
1699 64 664
1710 64 557
1721 64 428
1732 64 538
1743 64 521
1754 64 900
1765 64 201
1776 64 215
1787 64 212
1798 64 860
1809 64 50
1820 64 55
1831 64 564
1842 64 386
1853 64 341
1864 64 316
1875 64 312
1886 64 906
1897 64 398
1908 64 174
1919 64 589
1930 64 835
1941 64 790
1952 64 474
1963 64 233
1974 64 133
1985 64 521
1996 64 955
2007 64 146
2018 64 851
2029 64 375
2040 64 510
2051 64 921
2062 64 253
2073 64 363
2084 64 106
2095 64 381
2106 64 234
2117 64 384
2128 64 353
2139 64 999
2150 64 51
2161 64 50
2172 64 673
2183 64 948
2194 64 809
2205 64 433
2216 64 310
2227 64 943
2238 64 60
2249 64 146
2260 64 528
2271 64 18
2282 64 926
2293 64 955
2304 64 206
2315 64 849
2326 64 256
2337 64 312
2348 64 145
2359 64 386
2370 64 496
2381 64 707
2392 64 382
2403 64 464
2414 64 809
2425 64 14
2436 64 139
2447 64 390
2458 64 406
2469 64 753
2480 64 522
2491 64 53
2502 64 821
2513 64 634
2524 64 567
2535 64 29
2546 64 653
2557 64 98
2568 64 539
2579 64 7
2590 64 11
2601 64 967
2612 64 300
2623 64 10
2634 64 131
2645 64 595
2656 64 765
2667 64 450
2678 64 657
2689 64 396
2700 64 193
2711 64 130
2722 64 203
2733 64 39
2744 64 624
2755 64 767
2766 64 371
2777 64 574
2788 64 293
2799 64 923
2810 64 14
2821 64 269
2832 64 571
2843 64 603
2854 64 440
2865 64 766
2876 64 717
2887 64 887
2898 64 605
2909 64 721
2920 64 343
2931 64 890
2942 64 672
2953 64 781
2964 64 892
2975 64 985
2986 64 277
2997 64 575
7 65 799
18 65 621
29 65 831
40 65 33
51 65 533
62 65 850
73 65 1000
84 65 528
95 65 831
106 65 642
117 65 178
128 65 9
139 65 824
150 65 931
161 65 452
172 65 499
183 65 448
194 65 299
205 65 16
216 65 289
227 65 565
238 65 406
249 65 648
260 65 22
271 65 155
282 65 173
293 65 598
304 65 522
315 65 574
326 65 516
337 65 762
348 65 196
359 65 422
370 65 256
381 65 180
392 65 404
403 65 767
414 65 53
425 65 780
436 65 406
447 65 129
458 65 986
469 65 334
480 65 611
491 65 904
502 65 287
513 65 37
524 65 225
535 65 323
546 65 494
557 65 817
568 65 693
579 65 603
590 65 945
601 65 451
612 65 174
623 65 293
634 65 11
645 65 23
656 65 639
667 65 100
678 65 711
689 65 462
700 65 875
711 65 743
722 65 171
733 65 686
744 65 945
755 65 923
766 65 384
777 65 120
788 65 481
799 65 871
810 65 990
821 65 474
832 65 999
843 65 569
854 65 420
865 65 717
876 65 967
887 65 630
898 65 25
909 65 117
920 65 3
931 65 736
942 65 447
953 65 830
964 65 434
975 65 714
986 65 795
997 65 508
1008 65 557
1019 65 730
1030 65 687
1041 65 485
1052 65 555
1063 65 182
1074 65 235
1085 65 905
1096 65 25
1107 65 5
1118 65 783
1129 65 199
1140 65 381
1151 65 217
1162 65 655
1173 65 46
1184 65 817
1195 65 359
1206 65 338
1217 65 146
1228 65 772
1239 65 854
1250 65 117
1261 65 752
1272 65 567
1283 65 495
1294 65 131
1305 65 648
1316 65 609
1327 65 571
1338 65 853
1349 65 977
1360 65 965
1371 65 131
1382 65 919
1393 65 374
1404 65 555
1415 65 145
1426 65 150
1437 65 536
1448 65 487
1459 65 970
1470 65 508
1481 65 537
1492 65 684
1503 65 983
1514 65 276
1525 65 763
1536 65 94
1547 65 48
1558 65 343
1569 65 713
1580 65 416
1591 65 426
1602 65 31
1613 65 441
1624 65 994
1635 65 948
1646 65 682
1657 65 152
1668 65 475
1679 65 556
1690 65 393
1701 65 616
1712 65 433
1723 65 404
1734 65 776
1745 65 682
1756 65 516
1767 65 135
1778 65 279
1789 65 502
1800 65 762
1811 65 847
1822 65 269
1833 65 508
1844 65 810
1855 65 580
1866 65 712
1877 65 276
1888 65 331
1899 65 439
1910 65 774
1921 65 136
1932 65 317
1943 65 435
1954 65 113
1965 65 562
1976 65 218
1987 65 374
1998 65 770
2009 65 406
2020 65 128
2031 65 398
2042 65 410
2053 65 244
2064 65 458
2075 65 512
2086 65 301
2097 65 34
2108 65 854
2119 65 115
2130 65 670
2141 65 605
2152 65 379
2163 65 488
2174 65 710
2185 65 160
2196 65 216
2207 65 98
2218 65 72
2229 65 946
2240 65 766
2251 65 875
2262 65 517
2273 65 237
2284 65 15
2295 65 389
2306 65 166
2317 65 117
2328 65 604
2339 65 235
2350 65 37
2361 65 318
2372 65 449
2383 65 11
2394 65 231
2405 65 455
2416 65 697
2427 65 240
2438 65 885
2449 65 297
2460 65 53
2471 65 609
2482 65 897
2493 65 596
2504 65 751
2515 65 162
2526 65 609
2537 65 764
2548 65 400
2559 65 954
2570 65 316
2581 65 642
2592 65 596
2603 65 583
2614 65 98
2625 65 209
2636 65 246
2647 65 851
2658 65 236
2669 65 357
2680 65 745
2691 65 969
2702 65 240
2713 65 910
2724 65 350
2735 65 839
2746 65 716
2757 65 395
2768 65 144
2779 65 182
2790 65 249
2801 65 968
2812 65 494
2823 65 901
2834 65 493
2845 65 446
2856 65 112
2867 65 624
2878 65 994
2889 65 43
2900 65 934
2911 65 25
2922 65 173
2933 65 712
2944 65 146
2955 65 634
2966 65 990
2977 65 442
2988 65 145
2999 65 641
9 66 15
20 66 670
31 66 620
42 66 308
53 66 224
64 66 315
75 66 582
86 66 949
97 66 502
108 66 549
119 66 455
130 66 812
141 66 149
152 66 939
163 66 970
174 66 874
185 66 75
196 66 102
207 66 210
218 66 609
229 66 671
240 66 197
251 66 455
262 66 984
273 66 658
284 66 669
295 66 922
306 66 916
317 66 697
328 66 910
339 66 756
350 66 893
361 66 952
372 66 267
383 66 174
394 66 834
405 66 536
416 66 320
427 66 244
438 66 839
449 66 110
460 66 558
471 66 151
482 66 467
493 66 201
504 66 790
515 66 448
526 66 603
537 66 800
548 66 711
559 66 635
570 66 990
581 66 984
592 66 615
603 66 466
614 66 261
625 66 367
636 66 310
647 66 664
658 66 162
669 66 819
680 66 64
691 66 192
702 66 636
713 66 183
724 66 129
735 66 905
746 66 567
757 66 226
768 66 678
779 66 364
790 66 940
801 66 560
812 66 52
823 66 97
834 66 268
845 66 823
856 66 641
867 66 115
878 66 534
889 66 844
900 66 62
911 66 393
922 66 643
933 66 179
944 66 323
955 66 487
966 66 15
977 66 601
988 66 368
999 66 18
1010 66 203
1021 66 474
1032 66 597
1043 66 870
1054 66 801
1065 66 950
1076 66 228
1087 66 929
1098 66 845
1109 66 610
1120 66 278
1131 66 913
1142 66 812
1153 66 90
1164 66 772
1175 66 475
1186 66 834
1197 66 754
1208 66 272
1219 66 678
1230 66 70
1241 66 188
1252 66 662
1263 66 826
1274 66 840
1285 66 248
1296 66 981
1307 66 439
1318 66 545
1329 66 798
1340 66 9
1351 66 155
1362 66 172
1373 66 237
1384 66 68
1395 66 664
1406 66 791
1417 66 501
1428 66 947
1439 66 260
1450 66 67
1461 66 741
1472 66 597
1483 66 544
1494 66 90
1505 66 286
1516 66 454
1527 66 609
1538 66 527
1549 66 749
1560 66 355
1571 66 74
1582 66 59
1593 66 235
1604 66 586
1615 66 579
1626 66 815
1637 66 870
1648 66 910
1659 66 414
1670 66 657
1681 66 888
1692 66 645
1703 66 871
1714 66 695
1725 66 192
1736 66 314
1747 66 719
1758 66 746
1769 66 723
1780 66 438
1791 66 424
1802 66 993
1813 66 724
1824 66 415
1835 66 253
1846 66 322
1857 66 125
1868 66 582
1879 66 239
1890 66 604
1901 66 625
1912 66 360
1923 66 348
1934 66 33
1945 66 260
1956 66 877
1967 66 788
1978 66 444
1989 66 308
2000 66 234
2011 66 441
2022 66 552
2033 66 560
2044 66 909
2055 66 598
2066 66 141
2077 66 435
2088 66 234
2099 66 605
2110 66 156
2121 66 743
2132 66 739
2143 66 820
2154 66 557
2165 66 406
2176 66 701
2187 66 7
2198 66 455
2209 66 305
2220 66 288
2231 66 515
2242 66 193
2253 66 467
2264 66 228
2275 66 359
2286 66 215
2297 66 3
2308 66 750
2319 66 866
2330 66 914
2341 66 683
2352 66 404
2363 66 340
2374 66 740
2385 66 113
2396 66 266
2407 66 748
2418 66 88
2429 66 324
2440 66 349
2451 66 545
2462 66 960
2473 66 240
2484 66 25
2495 66 991
2506 66 572
2517 66 421
2528 66 540
2539 66 171
2550 66 676
2561 66 683
2572 66 117
2583 66 820
2594 66 971
2605 66 590
2616 66 66
2627 66 693
2638 66 382
2649 66 211
2660 66 797
2671 66 704
2682 66 805
2693 66 616
2704 66 392
2715 66 195
2726 66 881
2737 66 197
2748 66 286
2759 66 808
2770 66 573
2781 66 572
2792 66 556
2803 66 577
2814 66 311
2825 66 93
2836 66 594
2847 66 521
2858 66 860
2869 66 750
2880 66 625
2891 66 228
2902 66 219
2913 66 616
2924 66 34
2935 66 864
2946 66 179
2957 66 319
2968 66 960
2979 66 799
2990 66 959
0 67 561
11 67 921
22 67 488
33 67 929
44 67 39
55 67 157
66 67 506
77 67 554
88 67 327
99 67 172
110 67 98
121 67 726
132 67 164
143 67 680
154 67 194
165 67 190
176 67 444
187 67 595
198 67 72
209 67 731
220 67 805
231 67 510
242 67 871
253 67 29
264 67 286
275 67 428
286 67 766
297 67 853
308 67 557
319 67 802
330 67 433
341 67 417
352 67 913
363 67 582
374 67 436
385 67 884
396 67 994
407 67 501
418 67 362
429 67 934
440 67 66
451 67 412
462 67 227
473 67 350
484 67 171
495 67 516
506 67 556
517 67 158
528 67 222
539 67 189
550 67 268
561 67 447
572 67 165
583 67 341
594 67 393
605 67 839
616 67 44
627 67 758
638 67 217
649 67 812
660 67 740
671 67 885
682 67 833
693 67 438
704 67 934
715 67 393
726 67 601
737 67 713
748 67 566
759 67 222
770 67 739
781 67 607
792 67 335
803 67 10
814 67 487
825 67 22
836 67 162
847 67 686
858 67 196
869 67 906
880 67 707
891 67 21
902 67 742
913 67 259
924 67 822
935 67 715
946 67 270
957 67 154
968 67 80
979 67 419
990 67 248
1001 67 952
1012 67 929
1023 67 601
1034 67 825
1045 67 947
1056 67 706
1067 67 211
1078 67 313
1089 67 286
1100 67 512
1111 67 119
1122 67 951
1133 67 388
1144 67 106
1155 67 724
1166 67 181
1177 67 631
1188 67 907
1199 67 327
1210 67 816
1221 67 860
1232 67 965
1243 67 563
1254 67 662
1265 67 430
1276 67 90
1287 67 667
1298 67 738
1309 67 377
1320 67 377
1331 67 221
1342 67 996
1353 67 277
1364 67 757
1375 67 120
1386 67 452
1397 67 84
1408 67 594
1419 67 685
1430 67 307
1441 67 823
1452 67 829
1463 67 203
1474 67 715
1485 67 836
1496 67 789
1507 67 322
1518 67 976
1529 67 184
1540 67 975
1551 67 85
1562 67 851
1573 67 474
1584 67 604
1595 67 415
1606 67 361
1617 67 790
1628 67 837
1639 67 249
1650 67 937
1661 67 632
1672 67 416
1683 67 147
1694 67 105
1705 67 376
1716 67 905
1727 67 980
1738 67 889
1749 67 265
1760 67 695
1771 67 981
1782 67 684
1793 67 968
1804 67 583
1815 67 467
1826 67 719
1837 67 188
1848 67 245
1859 67 792
1870 67 40
1881 67 598
1892 67 848
1903 67 237
1914 67 226
1925 67 508
1936 67 491
1947 67 741
1958 67 397
1969 67 802
1980 67 247
1991 67 840
2002 67 371
2013 67 970
2024 67 534
2035 67 110
2046 67 26
2057 67 967
2068 67 899
2079 67 505
2090 67 804
2101 67 679
2112 67 922
2123 67 62
2134 67 831
2145 67 892
2156 67 784
2167 67 900
2178 67 270
2189 67 430
2200 67 413
2211 67 27
2222 67 790
2233 67 743
2244 67 60
2255 67 66
2266 67 274
2277 67 460
2288 67 682
2299 67 309
2310 67 800
2321 67 308
2332 67 559
2343 67 384
2354 67 999
2365 67 945
2376 67 233
2387 67 297
2398 67 228
2409 67 544
2420 67 237
2431 67 348
2442 67 504
2453 67 356
2464 67 870
2475 67 508
2486 67 15
2497 67 654
2508 67 369
2519 67 379
2530 67 998
2541 67 804
2552 67 759
2563 67 777
2574 67 818
2585 67 68
2596 67 482
2607 67 394
2618 67 643
2629 67 166
2640 67 322
2651 67 148
2662 67 263
2673 67 515
2684 67 135
2695 67 782
2706 67 772
2717 67 412
2728 67 176
2739 67 115
2750 67 575
2761 67 795
2772 67 5
2783 67 198
2794 67 213
2805 67 904
2816 67 641
2827 67 551
2838 67 475
2849 67 37
2860 67 794
2871 67 518
2882 67 602
2893 67 557
2904 67 818
2915 67 950
2926 67 119
2937 67 452
2948 67 627
2959 67 36
2970 67 645
2981 67 961
2992 67 279
2 68 793
13 68 187
24 68 965
35 68 101
46 68 756
57 68 47
68 68 211
79 68 233
90 68 107
101 68 618
112 68 114
123 68 698
134 68 676
145 68 156
156 68 390
167 68 696
178 68 171
189 68 909
200 68 350
211 68 470
222 68 661
233 68 891
244 68 87
255 68 436
266 68 160
277 68 638
288 68 263
299 68 328
310 68 977
321 68 331
332 68 821
343 68 172
354 68 338
365 68 851
376 68 589
387 68 703
398 68 863
409 68 700
420 68 141
431 68 207
442 68 539
453 68 652
464 68 994
475 68 838
486 68 17
497 68 475
508 68 424
519 68 264
530 68 129
541 68 896
552 68 199
563 68 645
574 68 440
585 68 814
596 68 697
607 68 307
618 68 426
629 68 11
640 68 68
651 68 517
662 68 696
673 68 269
684 68 850
695 68 82
706 68 863
717 68 894
728 68 314
739 68 193
750 68 587
761 68 516
772 68 563
783 68 511
794 68 781
805 68 710
816 68 495
827 68 529
838 68 582
849 68 732
860 68 63
871 68 789
882 68 428
893 68 403
904 68 870
915 68 903
926 68 656
937 68 317
948 68 635
959 68 595
970 68 28
981 68 263
992 68 523
1003 68 868
1014 68 112
1025 68 380
1036 68 858
1047 68 997
1058 68 19
1069 68 245
1080 68 705
1091 68 122
1102 68 692
1113 68 395
1124 68 45
1135 68 782
1146 68 190
1157 68 165
1168 68 429
1179 68 511
1190 68 357
1201 68 810
1212 68 208
1223 68 471
1234 68 295
1245 68 230
1256 68 764
1267 68 869
1278 68 820
1289 68 676
1300 68 565
1311 68 58
1322 68 359
1333 68 922
1344 68 439
1355 68 138
1366 68 484
1377 68 884
1388 68 871
1399 68 714
1410 68 341
1421 68 636
1432 68 596
1443 68 470
1454 68 746
1465 68 79
1476 68 113
1487 68 589
1498 68 127
1509 68 27
1520 68 829
1531 68 150
1542 68 398
1553 68 890
1564 68 981
1575 68 738
1586 68 361
1597 68 654
1608 68 167
1619 68 18
1630 68 370
1641 68 285
1652 68 235
1663 68 280
1674 68 759
1685 68 311
1696 68 688
1707 68 274
1718 68 726
1729 68 895
1740 68 779
1751 68 665
1762 68 588
1773 68 460
1784 68 780
1795 68 943
1806 68 10
1817 68 540
1828 68 525
1839 68 131
1850 68 861
1861 68 582
1872 68 657
1883 68 707
1894 68 140
1905 68 858
1916 68 793
1927 68 670
1938 68 759
1949 68 194
1960 68 653
1971 68 216
1982 68 876
1993 68 430
2004 68 729
2015 68 385
2026 68 885
2037 68 556
2048 68 782
2059 68 647
2070 68 271
2081 68 715
2092 68 414
2103 68 438
2114 68 841
2125 68 207
2136 68 301
2147 68 232
2158 68 14
2169 68 256
2180 68 55
2191 68 457
2202 68 364
2213 68 187
2224 68 864
2235 68 648
2246 68 175
2257 68 18
2268 68 91
2279 68 810
2290 68 14
2301 68 425
2312 68 718
2323 68 361
2334 68 957
2345 68 816
2356 68 852
2367 68 796
2378 68 962
2389 68 473
2400 68 199
2411 68 613
2422 68 362
2433 68 696
2444 68 711
2455 68 332
2466 68 17
2477 68 432
2488 68 272
2499 68 919
2510 68 548
2521 68 995
2532 68 559
2543 68 185
2554 68 856
2565 68 276
2576 68 582
2587 68 407
2598 68 555
2609 68 999
2620 68 39
2631 68 492
2642 68 717
2653 68 583
2664 68 449
2675 68 788
2686 68 489
2697 68 91
2708 68 432
2719 68 951
2730 68 333
2741 68 440
2752 68 455
2763 68 950
2774 68 488
2785 68 785
2796 68 356
2807 68 188
2818 68 731
2829 68 593
2840 68 832
2851 68 914
2862 68 826
2873 68 783
2884 68 28
2895 68 4
2906 68 227
2917 68 930
2928 68 869
2939 68 417
2950 68 58
2961 68 186
2972 68 132
2983 68 248
2994 68 868
4 69 728
15 69 855
26 69 815
37 69 71
48 69 662
59 69 789
70 69 868
81 69 876
92 69 484
103 69 151
114 69 710
125 69 356
136 69 923
147 69 442
158 69 592
169 69 79
180 69 792
191 69 984
202 69 450
213 69 190
224 69 477
235 69 605
246 69 1000
257 69 398
268 69 209
279 69 46
290 69 423
301 69 758
312 69 589
323 69 116
334 69 227
345 69 227
356 69 145
367 69 165
378 69 546
389 69 634
400 69 585
411 69 51
422 69 248
433 69 406
444 69 69
455 69 701
466 69 628
477 69 507
488 69 970
499 69 269
510 69 786
521 69 608
532 69 513
543 69 481
554 69 625
565 69 937
576 69 899
587 69 121
598 69 668
609 69 841
620 69 972
631 69 128
642 69 731
653 69 622
664 69 960
675 69 32
686 69 143
697 69 703
708 69 454
719 69 546
730 69 932
741 69 350
752 69 580
763 69 259
774 69 523
785 69 544
796 69 895
807 69 241
818 69 961
829 69 234
840 69 605
851 69 406
862 69 293
873 69 52
884 69 587
895 69 644
906 69 532
917 69 848
928 69 31
939 69 181
950 69 652
961 69 864
972 69 384
983 69 110
994 69 268
1005 69 829
1016 69 271
1027 69 154
1038 69 488
1049 69 486
1060 69 922
1071 69 997
1082 69 151
1093 69 900
1104 69 617
1115 69 700
1126 69 10
1137 69 665
1148 69 767
1159 69 860
1170 69 984
1181 69 346
1192 69 996
1203 69 717
1214 69 872
1225 69 446
1236 69 703
1247 69 627
1258 69 434
1269 69 220
1280 69 156
1291 69 802
1302 69 973
1313 69 305
1324 69 722
1335 69 214
1346 69 288
1357 69 963
1368 69 335
1379 69 822
1390 69 166
1401 69 161
1412 69 967
1423 69 419
1434 69 71
1445 69 937
1456 69 511
1467 69 231
1478 69 539
1489 69 294
1500 69 355
1511 69 314
1522 69 933
1533 69 175
1544 69 433
1555 69 523
1566 69 621
1577 69 467
1588 69 374
1599 69 404
1610 69 296
1621 69 223
1632 69 335
1643 69 88
1654 69 57
1665 69 681
1676 69 129
1687 69 158
1698 69 757
1709 69 13
1720 69 524
1731 69 39
1742 69 793
1753 69 9
1764 69 762
1775 69 703
1786 69 634
1797 69 115
1808 69 453
1819 69 389
1830 69 268
1841 69 937
1852 69 64
1863 69 688
1874 69 70
1885 69 279
1896 69 354
1907 69 2
1918 69 707
1929 69 724
1940 69 866
1951 69 622
1962 69 258
1973 69 151
1984 69 758
1995 69 297
2006 69 392
2017 69 557
2028 69 760
2039 69 147
2050 69 771
2061 69 599
2072 69 748
2083 69 201
2094 69 666
2105 69 648
2116 69 220
2127 69 692
2138 69 960
2149 69 986
2160 69 701
2171 69 633
2182 69 401
2193 69 907
2204 69 203
2215 69 554
2226 69 283
2237 69 79
2248 69 539
2259 69 28
2270 69 702
2281 69 819
2292 69 330
2303 69 68
2314 69 923
2325 69 119
2336 69 105
2347 69 658
2358 69 457
2369 69 809
2380 69 211
2391 69 978
2402 69 584
2413 69 579
2424 69 578
2435 69 556
2446 69 617
2457 69 20
2468 69 534
2479 69 414
2490 69 566
2501 69 65
2512 69 824
2523 69 413
2534 69 678
2545 69 157
2556 69 935
2567 69 56
2578 69 607
2589 69 196
2600 69 849
2611 69 99
2622 69 620
2633 69 985
2644 69 620
2655 69 26
2666 69 2
2677 69 98
2688 69 13
2699 69 229
2710 69 684
2721 69 985
2732 69 634
2743 69 594
2754 69 589
2765 69 865
2776 69 403
2787 69 629
2798 69 495
2809 69 700
2820 69 33
2831 69 405
2842 69 770
2853 69 83
2864 69 558
2875 69 851
2886 69 219
2897 69 330
2908 69 438
2919 69 972
2930 69 259
2941 69 522
2952 69 542
2963 69 314
2974 69 593
2985 69 222
2996 69 19
6 70 983
17 70 324
28 70 572
39 70 929
50 70 464
61 70 23
72 70 111
83 70 624
94 70 792
105 70 928
116 70 138
127 70 556
138 70 826
149 70 664
160 70 793
171 70 357
182 70 261
193 70 444
204 70 65
215 70 193
226 70 879
237 70 396
248 70 755
259 70 373
270 70 121
281 70 775
292 70 722
303 70 29
314 70 308
325 70 971
336 70 346
347 70 938
358 70 73
369 70 307
380 70 723
391 70 607
402 70 393
413 70 520
424 70 917
435 70 214
446 70 954
457 70 370
468 70 583
479 70 754
490 70 2
501 70 476
512 70 697
523 70 915
534 70 515
545 70 979
556 70 459
567 70 444
578 70 27
589 70 802
600 70 626
611 70 246
622 70 231
633 70 130
644 70 335
655 70 214
666 70 325
677 70 392
688 70 73
699 70 665
710 70 155
721 70 338
732 70 596
743 70 186
754 70 405
765 70 480
776 70 229
787 70 533
798 70 156
809 70 667
820 70 980
831 70 402
842 70 570
853 70 695
864 70 250
875 70 8
886 70 565
897 70 894
908 70 157
919 70 49
930 70 972
941 70 376
952 70 877
963 70 200
974 70 2
985 70 829
996 70 628
1007 70 686
1018 70 991
1029 70 912
1040 70 157
1051 70 791
1062 70 850
1073 70 891
1084 70 278
1095 70 259
1106 70 357
1117 70 142
1128 70 278
1139 70 579
1150 70 944
1161 70 280
1172 70 194
1183 70 119
1194 70 158
1205 70 953
1216 70 680
1227 70 693
1238 70 54
1249 70 493
1260 70 584
1271 70 149
1282 70 750
1293 70 698
1304 70 578
1315 70 131
1326 70 196
1337 70 51
1348 70 522
1359 70 808
1370 70 15
1381 70 351
1392 70 855
1403 70 298
1414 70 621
1425 70 8
1436 70 105
1447 70 947
1458 70 953
1469 70 199
1480 70 404
1491 70 899
1502 70 535
1513 70 960
1524 70 233
1535 70 798
1546 70 308
1557 70 846
1568 70 281
1579 70 774
1590 70 212
1601 70 151
1612 70 121
1623 70 748
1634 70 629
1645 70 998
1656 70 732
1667 70 22
1678 70 763
1689 70 25
1700 70 397
1711 70 340
1722 70 835
1733 70 14
1744 70 764
1755 70 528
1766 70 763
1777 70 631
1788 70 847
1799 70 193
1810 70 360
1821 70 299
1832 70 485
1843 70 936
1854 70 479
1865 70 120
1876 70 280
1887 70 804
1898 70 317
1909 70 953
1920 70 24
1931 70 220
1942 70 459
1953 70 344
1964 70 73
1975 70 934
1986 70 249
1997 70 508
2008 70 81
2019 70 868
2030 70 760
2041 70 677
2052 70 382
2063 70 478
2074 70 226
2085 70 974
2096 70 795
2107 70 394
2118 70 942
2129 70 160
2140 70 811
2151 70 277
2162 70 863
2173 70 232
2184 70 554
2195 70 943
2206 70 412
2217 70 414
2228 70 962
2239 70 492
2250 70 319
2261 70 175
2272 70 307
2283 70 211
2294 70 448
2305 70 212
2316 70 69
2327 70 593
2338 70 930
2349 70 210
2360 70 588
2371 70 299
2382 70 13
2393 70 475
2404 70 993
2415 70 625
2426 70 320
2437 70 166
2448 70 109
2459 70 445
2470 70 681
2481 70 178
2492 70 240
2503 70 263
2514 70 713
2525 70 566
2536 70 421
2547 70 29
2558 70 13
2569 70 701
2580 70 397
2591 70 753
2602 70 786
2613 70 123
2624 70 461
2635 70 185
2646 70 391
2657 70 845
2668 70 167
2679 70 925
2690 70 988
2701 70 847
2712 70 714
2723 70 902
2734 70 11
2745 70 852
2756 70 591
2767 70 644
2778 70 888
2789 70 427
2800 70 198
2811 70 626
2822 70 700
2833 70 200
2844 70 904
2855 70 268
2866 70 888
2877 70 205
2888 70 183
2899 70 252
2910 70 407
2921 70 903
2932 70 928
2943 70 278
2954 70 636
2965 70 85
2976 70 487
2987 70 968
2998 70 210
8 71 812
19 71 564
30 71 592
41 71 270
52 71 819
63 71 898
74 71 376
85 71 761
96 71 937
107 71 858
118 71 675
129 71 381
140 71 430
151 71 340
162 71 756
173 71 449
184 71 201
195 71 801
206 71 479
217 71 965
228 71 348
239 71 936
250 71 109
261 71 777
272 71 243
283 71 867
294 71 750
305 71 673
316 71 976
327 71 403
338 71 409
349 71 628
360 71 48
371 71 753
382 71 467
393 71 726
404 71 822
415 71 587
426 71 735
437 71 617
448 71 113
459 71 576
470 71 347
481 71 771
492 71 826
503 71 343
514 71 907
525 71 809
536 71 240
547 71 231
558 71 384
569 71 109
580 71 903
591 71 713
602 71 819
613 71 367
624 71 618
635 71 498
646 71 152
657 71 997
668 71 231
679 71 291
690 71 945
701 71 480
712 71 760
723 71 154
734 71 797
745 71 559
756 71 552
767 71 336
778 71 447
789 71 35
800 71 25
811 71 881
822 71 35
833 71 709
844 71 682
855 71 627
866 71 995
877 71 216
888 71 555
899 71 368
910 71 420
921 71 410
932 71 406
943 71 951
954 71 332
965 71 637
976 71 176
987 71 183
998 71 26
1009 71 483
1020 71 123
1031 71 342
1042 71 730
1053 71 285
1064 71 884
1075 71 496
1086 71 566
1097 71 219
1108 71 317
1119 71 240
1130 71 899
1141 71 635
1152 71 74
1163 71 405
1174 71 947
1185 71 258
1196 71 353
1207 71 594
1218 71 657
1229 71 195
1240 71 874
1251 71 151
1262 71 688
1273 71 812
1284 71 203
1295 71 665
1306 71 281
1317 71 589
1328 71 360
1339 71 444
1350 71 478
1361 71 632
1372 71 734
1383 71 952
1394 71 414
1405 71 921
1416 71 534
1427 71 512
1438 71 878
1449 71 322
1460 71 414
1471 71 316
1482 71 446
1493 71 541
1504 71 995
1515 71 967
1526 71 569
1537 71 808
1548 71 505
1559 71 933
1570 71 672
1581 71 996
1592 71 18
1603 71 425
1614 71 315
1625 71 411
1636 71 2
1647 71 842
1658 71 871
1669 71 776
1680 71 184
1691 71 142
1702 71 386
1713 71 691
1724 71 596
1735 71 396
1746 71 547
1757 71 435
1768 71 634
1779 71 148
1790 71 875
1801 71 591
1812 71 746
1823 71 314
1834 71 655
1845 71 478
1856 71 169
1867 71 182
1878 71 746
1889 71 182
1900 71 243
1911 71 810
1922 71 696
1933 71 131
1944 71 918
1955 71 656
1966 71 99
1977 71 271
1988 71 890
1999 71 416
2010 71 614
2021 71 507
2032 71 932
2043 71 641
2054 71 503
2065 71 763
2076 71 321
2087 71 92
2098 71 907
2109 71 993
2120 71 833
2131 71 587
2142 71 117
2153 71 319
2164 71 591
2175 71 591
2186 71 739
2197 71 849
2208 71 577
2219 71 86
2230 71 199
2241 71 197
2252 71 461
2263 71 296
2274 71 408
2285 71 136
2296 71 113
2307 71 45
2318 71 232
2329 71 311
2340 71 317
2351 71 168
2362 71 410
2373 71 443
2384 71 513
2395 71 644
2406 71 814
2417 71 300
2428 71 78
2439 71 170
2450 71 284
2461 71 894
2472 71 611
2483 71 498
2494 71 609
2505 71 471
2516 71 507
2527 71 406
2538 71 839
2549 71 880
2560 71 267
2571 71 602
2582 71 380
2593 71 433
2604 71 23
2615 71 828
2626 71 33
2637 71 350
2648 71 124
2659 71 831
2670 71 355
2681 71 339
2692 71 5
2703 71 127
2714 71 998
2725 71 862
2736 71 932
2747 71 761
2758 71 407
2769 71 249
2780 71 20
2791 71 878
2802 71 205
2813 71 880
2824 71 469
2835 71 66
2846 71 677
2857 71 759
2868 71 552
2879 71 227
2890 71 932
2901 71 851
2912 71 455
2923 71 633
2934 71 675
2945 71 394
2956 71 118
2967 71 957
2978 71 35
2989 71 142
10 72 120
21 72 879
32 72 397
43 72 498
54 72 275
65 72 742
76 72 993
87 72 940
98 72 601
109 72 473
120 72 601
131 72 199
142 72 145
153 72 259
164 72 330
175 72 240
186 72 598
197 72 614
208 72 71
219 72 161
230 72 768
241 72 159
252 72 85
263 72 507
274 72 808
285 72 305
296 72 261
307 72 85
318 72 114
329 72 537
340 72 687
351 72 732
362 72 129
373 72 40
384 72 356
395 72 150
406 72 893
417 72 830
428 72 855
439 72 385
450 72 782
461 72 253
472 72 78
483 72 975
494 72 97
505 72 5
516 72 443
527 72 603
538 72 262
549 72 362
560 72 989
571 72 622
582 72 897
593 72 511
604 72 43
615 72 169
626 72 733
637 72 253
648 72 354
659 72 665
670 72 297
681 72 741
692 72 883
703 72 407
714 72 179
725 72 828
736 72 421
747 72 5
758 72 437
769 72 996
780 72 906
791 72 779
802 72 974
813 72 968
824 72 532
835 72 693
846 72 517
857 72 703
868 72 238
879 72 848
890 72 941
901 72 434
912 72 544
923 72 727
934 72 41
945 72 736
956 72 288
967 72 330
978 72 268
989 72 835
1000 72 237
1011 72 219
1022 72 78
1033 72 16
1044 72 214
1055 72 930
1066 72 561
1077 72 716
1088 72 790
1099 72 118
1110 72 9
1121 72 265
1132 72 527
1143 72 327
1154 72 182
1165 72 579
1176 72 293
1187 72 863
1198 72 323
1209 72 724
1220 72 188
1231 72 405
1242 72 874
1253 72 667
1264 72 782
1275 72 87
1286 72 669
1297 72 391
1308 72 346
1319 72 908
1330 72 957
1341 72 259
1352 72 20
1363 72 398
1374 72 254
1385 72 324
1396 72 184
1407 72 173
1418 72 9
1429 72 528
1440 72 391
1451 72 77
1462 72 649
1473 72 880
1484 72 470
1495 72 762
1506 72 19
1517 72 987
1528 72 894
1539 72 762
1550 72 425
1561 72 244
1572 72 175
1583 72 489
1594 72 919
1605 72 287
1616 72 209
1627 72 72
1638 72 12
1649 72 367
1660 72 404
1671 72 453
1682 72 392
1693 72 809
1704 72 112
1715 72 673
1726 72 451
1737 72 631
1748 72 628
1759 72 554
1770 72 256
1781 72 169
1792 72 521
1803 72 483
1814 72 39
1825 72 551
1836 72 952
1847 72 196
1858 72 123
1869 72 76
1880 72 635
1891 72 962
1902 72 469
1913 72 588
1924 72 502
1935 72 586
1946 72 807
1957 72 802
1968 72 302
1979 72 638
1990 72 158
2001 72 588
2012 72 366
2023 72 254
2034 72 168
2045 72 721
2056 72 100
2067 72 642
2078 72 606
2089 72 920
2100 72 853
2111 72 24
2122 72 531
2133 72 529
2144 72 808
2155 72 645
2166 72 476
2177 72 788
2188 72 573
2199 72 439
2210 72 359
2221 72 825
2232 72 779
2243 72 18
2254 72 537
2265 72 218
2276 72 47
2287 72 403
2298 72 173
2309 72 141
2320 72 7
2331 72 380
2342 72 767
2353 72 259
2364 72 632
2375 72 131
2386 72 567
2397 72 237
2408 72 853
2419 72 346
2430 72 881
2441 72 714
2452 72 252
2463 72 329
2474 72 729
2485 72 299
2496 72 303
2507 72 948
2518 72 857
2529 72 127
2540 72 54
2551 72 386
2562 72 599
2573 72 181
2584 72 499
2595 72 478
2606 72 1000
2617 72 542
2628 72 820
2639 72 332
2650 72 441
2661 72 343
2672 72 220
2683 72 656
2694 72 690
2705 72 228
2716 72 538
2727 72 595
2738 72 350
2749 72 500
2760 72 969
2771 72 204
2782 72 38
2793 72 439
2804 72 993
2815 72 635
2826 72 978
2837 72 853
2848 72 71
2859 72 286
2870 72 920
2881 72 729
2892 72 160
2903 72 3
2914 72 862
2925 72 183
2936 72 631
2947 72 412
2958 72 471
2969 72 416
2980 72 451
2991 72 441
1 73 107
12 73 658
23 73 237
34 73 57
45 73 377
56 73 247
67 73 838
78 73 126
89 73 918
100 73 46
111 73 204
122 73 227
133 73 970
144 73 298
155 73 63
166 73 632
177 73 275
188 73 75
199 73 817
210 73 50
221 73 59
232 73 798
243 73 146
254 73 259
265 73 230
276 73 154
287 73 787
298 73 897
309 73 35
320 73 908
331 73 707
342 73 540
353 73 825
364 73 64
375 73 861
386 73 759
397 73 33
408 73 754
419 73 915
430 73 776
441 73 447
452 73 669
463 73 490
474 73 277
485 73 141
496 73 461
507 73 333
518 73 725
529 73 964
540 73 632
551 73 858
562 73 407
573 73 383
584 73 670
595 73 366
606 73 70
617 73 919
628 73 295
639 73 975
650 73 994
661 73 269
672 73 878
683 73 346
694 73 92
705 73 674
716 73 818
727 73 384
738 73 188
749 73 696
760 73 354
771 73 209
782 73 733
793 73 572
804 73 628
815 73 548
826 73 637
837 73 142
848 73 951
859 73 828
870 73 522
881 73 59
892 73 874
903 73 2
914 73 950
925 73 81
936 73 537
947 73 711
958 73 482
969 73 239
980 73 236
991 73 316
1002 73 799
1013 73 248
1024 73 859
1035 73 820
1046 73 140
1057 73 491
1068 73 66
1079 73 942
1090 73 459
1101 73 526
1112 73 550
1123 73 241
1134 73 355
1145 73 978
1156 73 379
1167 73 89
1178 73 270
1189 73 790
1200 73 936
1211 73 247
1222 73 639
1233 73 3
1244 73 649
1255 73 17
1266 73 152
1277 73 306
1288 73 793
1299 73 31
1310 73 382
1321 73 512
1332 73 480
1343 73 683
1354 73 214
1365 73 473
1376 73 921
1387 73 578
1398 73 390
1409 73 68
1420 73 544
1431 73 409
1442 73 785
1453 73 887
1464 73 198
1475 73 421
1486 73 187
1497 73 75
1508 73 341
1519 73 266
1530 73 718
1541 73 757
1552 73 699
1563 73 865
1574 73 284
1585 73 3
1596 73 652
1607 73 288
1618 73 235
1629 73 834
1640 73 753
1651 73 819
1662 73 455
1673 73 989
1684 73 469
1695 73 597
1706 73 337
1717 73 228
1728 73 218
1739 73 168
1750 73 859
1761 73 9
1772 73 568
1783 73 311
1794 73 859
1805 73 975
1816 73 124
1827 73 616
1838 73 823
1849 73 519
1860 73 244
1871 73 125
1882 73 168
1893 73 781
1904 73 392
1915 73 144
1926 73 798
1937 73 605
1948 73 699
1959 73 607
1970 73 806
1981 73 188
1992 73 984
2003 73 464
2014 73 934
2025 73 158
2036 73 216
2047 73 195
2058 73 122
2069 73 350
2080 73 201
2091 73 970
2102 73 851
2113 73 299
2124 73 224
2135 73 505
2146 73 734
2157 73 135
2168 73 166
2179 73 779
2190 73 464
2201 73 974
2212 73 637
2223 73 609
2234 73 113
2245 73 528
2256 73 520
2267 73 380
2278 73 252
2289 73 611
2300 73 313
2311 73 121
2322 73 426
2333 73 814
2344 73 22
2355 73 510
2366 73 927
2377 73 233
2388 73 385
2399 73 805
2410 73 831
2421 73 620
2432 73 209
2443 73 350
2454 73 840
2465 73 420
2476 73 486
2487 73 167
2498 73 283
2509 73 594
2520 73 8
2531 73 283
2542 73 811
2553 73 858
2564 73 583
2575 73 956
2586 73 296
2597 73 806
2608 73 835
2619 73 343
2630 73 753
2641 73 363
2652 73 796
2663 73 270
2674 73 1
2685 73 974
2696 73 414
2707 73 317
2718 73 339
2729 73 287
2740 73 393
2751 73 479
2762 73 92
2773 73 579
2784 73 438
2795 73 606
2806 73 371
2817 73 116
2828 73 456
2839 73 934
2850 73 108
2861 73 232
2872 73 864
2883 73 431
2894 73 468
2905 73 993
2916 73 128
2927 73 181
2938 73 767
2949 73 263
2960 73 375
2971 73 696
2982 73 538
2993 73 242
3 74 103
14 74 969
25 74 442
36 74 355
47 74 48
58 74 906
69 74 723
80 74 936
91 74 584
102 74 273
113 74 663
124 74 579
135 74 413
146 74 50
157 74 39
168 74 564
179 74 903
190 74 740
201 74 816
212 74 982
223 74 338
234 74 289
245 74 196
256 74 21
267 74 285
278 74 179
289 74 65
300 74 312
311 74 18
322 74 777
333 74 934
344 74 936
355 74 453
366 74 588
377 74 133
388 74 421
399 74 564
410 74 746
421 74 991
432 74 16
443 74 674
454 74 833
465 74 302
476 74 781
487 74 798
498 74 89
509 74 416
520 74 361
531 74 110
542 74 353
553 74 732
564 74 334
575 74 511
586 74 543
597 74 39
608 74 547
619 74 441
630 74 396
641 74 627
652 74 411
663 74 473
674 74 150
685 74 557
696 74 917
707 74 534
718 74 798
729 74 457
740 74 918
751 74 938
762 74 56
773 74 389
784 74 105
795 74 913
806 74 402
817 74 217
828 74 172
839 74 189
850 74 904
861 74 850
872 74 525
883 74 87
894 74 108
905 74 922
916 74 884
927 74 696
938 74 709
949 74 699
960 74 619
971 74 157
982 74 934
993 74 675
1004 74 358
1015 74 560
1026 74 568
1037 74 785
1048 74 524
1059 74 150
1070 74 912
1081 74 705
1092 74 985
1103 74 429
1114 74 788
1125 74 324
1136 74 701
1147 74 171
1158 74 841
1169 74 365
1180 74 197
1191 74 450
1202 74 520
1213 74 898
1224 74 927
1235 74 163
1246 74 97
1257 74 343
1268 74 4
1279 74 42
1290 74 779
1301 74 133
1312 74 480
1323 74 468
1334 74 940
1345 74 647
1356 74 750
1367 74 986
1378 74 61
1389 74 318
1400 74 191
1411 74 617
1422 74 547
1433 74 561
1444 74 304
1455 74 27
1466 74 206
1477 74 956
1488 74 847
1499 74 579
1510 74 143
1521 74 64
1532 74 582
1543 74 56
1554 74 401
1565 74 384
1576 74 317
1587 74 227
1598 74 795
1609 74 501
1620 74 744
1631 74 25
1642 74 971
1653 74 565
1664 74 774
1675 74 388
1686 74 696
1697 74 889
1708 74 798
1719 74 56
1730 74 303
1741 74 899
1752 74 983
1763 74 54
1774 74 61
1785 74 106
1796 74 682
1807 74 26
1818 74 848
1829 74 149
1840 74 70
1851 74 764
1862 74 921
1873 74 23
1884 74 411
1895 74 959
1906 74 823
1917 74 851
1928 74 935
1939 74 915
1950 74 914
1961 74 905
1972 74 470
1983 74 857
1994 74 149
2005 74 748
2016 74 653
2027 74 965
2038 74 786
2049 74 630
2060 74 871
2071 74 913
2082 74 964
2093 74 783
2104 74 261
2115 74 927
2126 74 959
2137 74 787
2148 74 258
2159 74 405
2170 74 366
2181 74 187
2192 74 335
2203 74 966
2214 74 889
2225 74 232
2236 74 926
2247 74 563
2258 74 726
2269 74 304
2280 74 309
2291 74 549
2302 74 455
2313 74 430
2324 74 171
2335 74 488
2346 74 448
2357 74 555
2368 74 887
2379 74 550
2390 74 877
2401 74 683
2412 74 538
2423 74 293
2434 74 35
2445 74 741
2456 74 679
2467 74 528
2478 74 661
2489 74 981
2500 74 516
2511 74 545
2522 74 661
2533 74 785
2544 74 24
2555 74 695
2566 74 879
2577 74 721
2588 74 474
2599 74 423
2610 74 860
2621 74 525
2632 74 432
2643 74 736
2654 74 170
2665 74 693
2676 74 400
2687 74 392
2698 74 53
2709 74 182
2720 74 971
2731 74 831
2742 74 585
2753 74 17
2764 74 405
2775 74 721
2786 74 383
2797 74 957
2808 74 416
2819 74 152
2830 74 778
2841 74 870
2852 74 497
2863 74 305
2874 74 732
2885 74 834
2896 74 740
2907 74 825
2918 74 688
2929 74 433
2940 74 393
2951 74 232
2962 74 988
2973 74 3
2984 74 680
2995 74 759
5 75 16
16 75 712
27 75 402
38 75 519
49 75 809
60 75 543
71 75 8
82 75 743
93 75 675
104 75 93
115 75 382
126 75 163
137 75 733
148 75 436
159 75 377
170 75 338
181 75 75
192 75 782
203 75 921
214 75 922
225 75 962
236 75 4
247 75 120
258 75 733
269 75 32
280 75 757
291 75 280
302 75 328
313 75 503
324 75 690
335 75 236
346 75 653
357 75 420
368 75 825
379 75 254
390 75 728
401 75 218
412 75 508
423 75 272
434 75 35
445 75 396
456 75 83
467 75 358
478 75 311
489 75 532
500 75 654
511 75 824
522 75 693
533 75 623
544 75 39
555 75 841
566 75 912
577 75 276
588 75 936
599 75 529
610 75 255
621 75 795
632 75 605
643 75 453
654 75 97
665 75 891
676 75 138
687 75 250
698 75 145
709 75 238
720 75 278
731 75 200
742 75 55
753 75 43
764 75 287
775 75 946
786 75 648
797 75 353
808 75 110
819 75 935
830 75 456
841 75 211
852 75 654
863 75 927
874 75 114
885 75 434
896 75 387
907 75 443
918 75 236
929 75 514
940 75 769
951 75 565
962 75 164
973 75 487
984 75 957
995 75 254
1006 75 476
1017 75 796
1028 75 460
1039 75 920
1050 75 589
1061 75 879
1072 75 679
1083 75 219
1094 75 203
1105 75 756
1116 75 865
1127 75 40
1138 75 736
1149 75 483
1160 75 72
1171 75 366
1182 75 199
1193 75 60
1204 75 28
1215 75 726
1226 75 177
1237 75 309
1248 75 44
1259 75 100
1270 75 31
1281 75 670
1292 75 460
1303 75 783
1314 75 520
1325 75 92
1336 75 253
1347 75 824
1358 75 53
1369 75 795
1380 75 5
1391 75 955
1402 75 410
1413 75 158
1424 75 841
1435 75 365
1446 75 533
1457 75 949
1468 75 417
1479 75 682
1490 75 375
1501 75 469
1512 75 702
1523 75 9
1534 75 408
1545 75 627
1556 75 523
1567 75 590
1578 75 240
1589 75 28
1600 75 901
1611 75 490
1622 75 566
1633 75 409
1644 75 891
1655 75 69
1666 75 863
1677 75 216
1688 75 708
1699 75 887
1710 75 833
1721 75 148
1732 75 873
1743 75 773
1754 75 930
1765 75 176
1776 75 847
1787 75 684
1798 75 756
1809 75 685
1820 75 35
1831 75 222
1842 75 539
1853 75 364
1864 75 700
1875 75 610
1886 75 646
1897 75 690
1908 75 334
1919 75 201
1930 75 678
1941 75 377
1952 75 447
1963 75 600
1974 75 757
1985 75 51
1996 75 961
2007 75 911
2018 75 211
2029 75 605
2040 75 857
2051 75 356
2062 75 792
2073 75 843
2084 75 770
2095 75 428
2106 75 380
2117 75 275
2128 75 361
2139 75 216
2150 75 939
2161 75 307
2172 75 714
2183 75 310
2194 75 628
2205 75 73
2216 75 531
2227 75 486
2238 75 747
2249 75 425
2260 75 828
2271 75 10
2282 75 826
2293 75 15
2304 75 596
2315 75 912
2326 75 303
2337 75 407
2348 75 798
2359 75 788
2370 75 245
2381 75 418
2392 75 103
2403 75 423
2414 75 17
2425 75 804
2436 75 940
2447 75 895
2458 75 898
2469 75 448
2480 75 220
2491 75 448
2502 75 990
2513 75 143
2524 75 283
2535 75 663
2546 75 61
2557 75 10
2568 75 800
2579 75 835
2590 75 222
2601 75 44
2612 75 501
2623 75 564
2634 75 719
2645 75 274
2656 75 542
2667 75 920
2678 75 468
2689 75 232
2700 75 920
2711 75 971
2722 75 229
2733 75 542
2744 75 894
2755 75 663
2766 75 459
2777 75 308
2788 75 165
2799 75 962
2810 75 653
2821 75 919
2832 75 828
2843 75 559
2854 75 683
2865 75 135
2876 75 4
2887 75 416
2898 75 917
2909 75 959
2920 75 485
2931 75 717
2942 75 829
2953 75 944
2964 75 521
2975 75 739
2986 75 649
2997 75 75
7 76 230
18 76 198
29 76 296
40 76 332
51 76 276
62 76 378
73 76 305
84 76 785
95 76 355
106 76 72
117 76 18
128 76 166
139 76 947
150 76 152
161 76 59
172 76 236
183 76 710
194 76 708
205 76 728
216 76 247
227 76 682
238 76 824
249 76 168
260 76 283
271 76 972
282 76 339
293 76 672
304 76 776
315 76 647
326 76 291
337 76 557
348 76 43
359 76 7
370 76 868
381 76 145
392 76 521
403 76 803
414 76 275
425 76 550
436 76 273
447 76 141
458 76 108
469 76 730
480 76 461
491 76 526
502 76 277
513 76 162
524 76 626
535 76 485
546 76 499
557 76 924
568 76 786
579 76 526
590 76 274
601 76 173
612 76 578
623 76 714
634 76 130
645 76 621
656 76 954
667 76 856
678 76 770
689 76 695
700 76 749
711 76 977
722 76 420
733 76 526
744 76 32
755 76 528
766 76 677
777 76 183
788 76 559
799 76 561
810 76 540
821 76 346
832 76 953
843 76 310
854 76 584
865 76 126
876 76 890
887 76 993
898 76 730
909 76 224
920 76 455
931 76 316
942 76 424
953 76 518
964 76 746
975 76 986
986 76 375
997 76 98
1008 76 404
1019 76 576
1030 76 389
1041 76 512
1052 76 388
1063 76 528
1074 76 389
1085 76 813
1096 76 584
1107 76 365
1118 76 707
1129 76 794
1140 76 826
1151 76 113
1162 76 787
1173 76 668
1184 76 76
1195 76 318
1206 76 165
1217 76 874
1228 76 588
1239 76 886
1250 76 556
1261 76 506
1272 76 69
1283 76 868
1294 76 756
1305 76 262
1316 76 378
1327 76 381
1338 76 818
1349 76 385
1360 76 276
1371 76 312
1382 76 221
1393 76 985
1404 76 457
1415 76 385
1426 76 580
1437 76 787
1448 76 973
1459 76 421
1470 76 273
1481 76 408
1492 76 433
1503 76 613
1514 76 598
1525 76 406
1536 76 426
1547 76 348
1558 76 257
1569 76 223
1580 76 22
1591 76 37
1602 76 702
1613 76 182
1624 76 885
1635 76 393
1646 76 375
1657 76 131
1668 76 247
1679 76 127
1690 76 348
1701 76 315
1712 76 182
1723 76 494
1734 76 626
1745 76 867
1756 76 493
1767 76 523
1778 76 977
1789 76 200
1800 76 639
1811 76 887
1822 76 514
1833 76 424
1844 76 705
1855 76 489
1866 76 228
1877 76 937
1888 76 822
1899 76 706
1910 76 582
1921 76 804
1932 76 35
1943 76 192
1954 76 95
1965 76 805
1976 76 769
1987 76 593
1998 76 70
2009 76 14
2020 76 52
2031 76 735
2042 76 438
2053 76 893
2064 76 705
2075 76 642
2086 76 900
2097 76 761
2108 76 183
2119 76 86
2130 76 920
2141 76 482
2152 76 836
2163 76 623
2174 76 682
2185 76 466
2196 76 920
2207 76 895
2218 76 318
2229 76 632
2240 76 365
2251 76 688
2262 76 606
2273 76 431
2284 76 559
2295 76 740
2306 76 416
2317 76 525
2328 76 962
2339 76 850
2350 76 553
2361 76 89
2372 76 983
2383 76 14
2394 76 741
2405 76 406
2416 76 794
2427 76 720
2438 76 634
2449 76 953
2460 76 24
2471 76 271
2482 76 38
2493 76 775
2504 76 77
2515 76 239
2526 76 704
2537 76 952
2548 76 757
2559 76 357
2570 76 849
2581 76 672
2592 76 6
2603 76 173
2614 76 545
2625 76 850
2636 76 132
2647 76 208
2658 76 591
2669 76 379
2680 76 542
2691 76 996
2702 76 515
2713 76 319
2724 76 11
2735 76 971
2746 76 232
2757 76 546
2768 76 229
2779 76 570
2790 76 772
2801 76 311
2812 76 992
2823 76 182
2834 76 841
2845 76 225
2856 76 888
2867 76 287
2878 76 135
2889 76 200
2900 76 466
2911 76 447
2922 76 733
2933 76 613
2944 76 508
2955 76 643
2966 76 665
2977 76 139
2988 76 664
2999 76 655
9 77 86
20 77 217
31 77 579
42 77 239
53 77 946
64 77 884
75 77 846
86 77 453
97 77 966
108 77 374
119 77 416
130 77 824
141 77 377
152 77 596
163 77 849
174 77 222
185 77 890
196 77 452
207 77 432
218 77 994
229 77 336
240 77 886
251 77 348
262 77 671
273 77 243
284 77 479
295 77 831
306 77 814
317 77 950
328 77 733
339 77 855
350 77 769
361 77 216
372 77 603
383 77 949
394 77 169
405 77 434
416 77 566
427 77 772
438 77 391
449 77 373
460 77 598
471 77 88
482 77 843
493 77 495
504 77 833
515 77 103
526 77 559
537 77 399
548 77 944
559 77 195
570 77 203
581 77 359
592 77 261
603 77 916
614 77 112
625 77 421
636 77 102
647 77 640
658 77 397
669 77 927
680 77 26
691 77 929
702 77 8
713 77 331
724 77 12
735 77 380
746 77 173
757 77 842
768 77 47
779 77 127
790 77 336
801 77 605
812 77 994
823 77 854
834 77 797
845 77 507
856 77 776
867 77 277
878 77 72
889 77 690
900 77 146
911 77 914
922 77 8
933 77 997
944 77 232
955 77 178
966 77 130
977 77 122
988 77 79
999 77 358
1010 77 397
1021 77 327
1032 77 600
1043 77 760
1054 77 36
1065 77 578
1076 77 375
1087 77 752
1098 77 599
1109 77 452
1120 77 93
1131 77 514
1142 77 792
1153 77 779
1164 77 767
1175 77 610
1186 77 282
1197 77 63
1208 77 595
1219 77 410
1230 77 675
1241 77 394
1252 77 754
1263 77 153
1274 77 998
1285 77 856
1296 77 615
1307 77 784
1318 77 540
1329 77 552
1340 77 583
1351 77 218
1362 77 995
1373 77 626
1384 77 674
1395 77 776
1406 77 932
1417 77 185
1428 77 451
1439 77 464
1450 77 306
1461 77 302
1472 77 119
1483 77 69
1494 77 541
1505 77 282
1516 77 824
1527 77 551
1538 77 151
1549 77 320
1560 77 234
1571 77 537
1582 77 794
1593 77 342
1604 77 5
1615 77 16
1626 77 815
1637 77 856
1648 77 817
1659 77 887
1670 77 604
1681 77 460
1692 77 119
1703 77 394
1714 77 329
1725 77 682
1736 77 314
1747 77 634
1758 77 452
1769 77 720
1780 77 15
1791 77 742
1802 77 489
1813 77 647
1824 77 799
1835 77 623
1846 77 590
1857 77 467
1868 77 595
1879 77 892
1890 77 157
1901 77 583
1912 77 969
1923 77 419
1934 77 334
1945 77 600
1956 77 158
1967 77 989
1978 77 124
1989 77 846
2000 77 668
2011 77 943
2022 77 740
2033 77 621
2044 77 833
2055 77 117
2066 77 849
2077 77 471
2088 77 670
2099 77 78
2110 77 33
2121 77 148
2132 77 519
2143 77 853
2154 77 540
2165 77 637
2176 77 610
2187 77 367
2198 77 784
2209 77 788
2220 77 794
2231 77 244
2242 77 42
2253 77 236
2264 77 276
2275 77 653
2286 77 286
2297 77 524
2308 77 18
2319 77 644
2330 77 322
2341 77 859
2352 77 206
2363 77 158
2374 77 608
2385 77 246
2396 77 856
2407 77 494
2418 77 706
2429 77 80
2440 77 706
2451 77 152
2462 77 766
2473 77 463
2484 77 35
2495 77 901
2506 77 332
2517 77 524
2528 77 115
2539 77 327
2550 77 283
2561 77 599
2572 77 769
2583 77 652
2594 77 293
2605 77 957
2616 77 573
2627 77 52
2638 77 320
2649 77 318
2660 77 348
2671 77 526
2682 77 826
2693 77 305
2704 77 676
2715 77 513
2726 77 683
2737 77 158
2748 77 430
2759 77 881
2770 77 825
2781 77 856
2792 77 752
2803 77 327
2814 77 126
2825 77 106
2836 77 567
2847 77 55
2858 77 50
2869 77 712
2880 77 406
2891 77 469
2902 77 481
2913 77 73
2924 77 348
2935 77 143
2946 77 590
2957 77 333
2968 77 362
2979 77 644
2990 77 625
0 78 746
11 78 183
22 78 503
33 78 164
44 78 248
55 78 62
66 78 315
77 78 390
88 78 658
99 78 32
110 78 346
121 78 731
132 78 174
143 78 299
154 78 228
165 78 435
176 78 977
187 78 715
198 78 429
209 78 315
220 78 738
231 78 341
242 78 324
253 78 254
264 78 566
275 78 810
286 78 996
297 78 620
308 78 433
319 78 929
330 78 395
341 78 930
352 78 958
363 78 951
374 78 511
385 78 741
396 78 936
407 78 519
418 78 318
429 78 754
440 78 418
451 78 787
462 78 266
473 78 154
484 78 661
495 78 361
506 78 80
517 78 599
528 78 83
539 78 54
550 78 900
561 78 412
572 78 469
583 78 195
594 78 377
605 78 370
616 78 40
627 78 798
638 78 725
649 78 475
660 78 906
671 78 560
682 78 431
693 78 280
704 78 454
715 78 252
726 78 376
737 78 152
748 78 594
759 78 945
770 78 416
781 78 888
792 78 809
803 78 101
814 78 577
825 78 689
836 78 140
847 78 474
858 78 911
869 78 785
880 78 668
891 78 816
902 78 849
913 78 733
924 78 345
935 78 565
946 78 764
957 78 616
968 78 274
979 78 722
990 78 647
1001 78 677
1012 78 423
1023 78 83
1034 78 886
1045 78 327
1056 78 506
1067 78 95
1078 78 832
1089 78 893
1100 78 851
1111 78 905
1122 78 640
1133 78 946
1144 78 120
1155 78 200
1166 78 626
1177 78 308
1188 78 712
1199 78 411
1210 78 735
1221 78 59
1232 78 18
1243 78 275
1254 78 470
1265 78 28
1276 78 315
1287 78 610
1298 78 75
1309 78 545
1320 78 156
1331 78 860
1342 78 180
1353 78 803
1364 78 156
1375 78 54
1386 78 260
1397 78 701
1408 78 500
1419 78 929
1430 78 720
1441 78 546
1452 78 857
1463 78 220
1474 78 500
1485 78 172
1496 78 260
1507 78 114
1518 78 16
1529 78 74
1540 78 416
1551 78 967
1562 78 390
1573 78 278
1584 78 479
1595 78 949
1606 78 622
1617 78 834
1628 78 475
1639 78 61
1650 78 837
1661 78 298
1672 78 85
1683 78 399
1694 78 894
1705 78 360
1716 78 861
1727 78 455
1738 78 676
1749 78 995
1760 78 322
1771 78 79
1782 78 450
1793 78 866
1804 78 2
1815 78 28
1826 78 216
1837 78 150
1848 78 172
1859 78 393
1870 78 549
1881 78 326
1892 78 770
1903 78 482
1914 78 591
1925 78 720
1936 78 568
1947 78 889
1958 78 364
1969 78 644
1980 78 312
1991 78 587
2002 78 483
2013 78 768
2024 78 763
2035 78 965
2046 78 409
2057 78 238
2068 78 498
2079 78 938
2090 78 218
2101 78 204
2112 78 885
2123 78 722
2134 78 940
2145 78 380
2156 78 746
2167 78 969
2178 78 727
2189 78 546
2200 78 45
2211 78 731
2222 78 75
2233 78 958
2244 78 814
2255 78 61
2266 78 90
2277 78 196
2288 78 499
2299 78 233
2310 78 177
2321 78 854
2332 78 4
2343 78 348
2354 78 55
2365 78 805
2376 78 147
2387 78 811
2398 78 534
2409 78 420
2420 78 404
2431 78 937
2442 78 556
2453 78 479
2464 78 548
2475 78 623
2486 78 668
2497 78 200
2508 78 631
2519 78 229
2530 78 339
2541 78 709
2552 78 974
2563 78 763
2574 78 675
2585 78 490
2596 78 275
2607 78 370
2618 78 163
2629 78 214
2640 78 92
2651 78 252
2662 78 373
2673 78 269
2684 78 836
2695 78 629
2706 78 397
2717 78 253
2728 78 550
2739 78 102
2750 78 117
2761 78 529
2772 78 638
2783 78 790
2794 78 923
2805 78 307
2816 78 697
2827 78 710
2838 78 895
2849 78 152
2860 78 260
2871 78 776
2882 78 594
2893 78 482
2904 78 598
2915 78 565
2926 78 883
2937 78 842
2948 78 375
2959 78 50
2970 78 164
2981 78 203
2992 78 616
2 79 51
13 79 282
24 79 294
35 79 363
46 79 70
57 79 160
68 79 933
79 79 921
90 79 51
101 79 404
112 79 449
123 79 845
134 79 826
145 79 658
156 79 843
167 79 637
178 79 54
189 79 293
200 79 832
211 79 895
222 79 156
233 79 342
244 79 599
255 79 158
266 79 355
277 79 763
288 79 588
299 79 910
310 79 843
321 79 401
332 79 788
343 79 328
354 79 303
365 79 889
376 79 967
387 79 418
398 79 63
409 79 229
420 79 208
431 79 341
442 79 633
453 79 705
464 79 814
475 79 981
486 79 933
497 79 327
508 79 580
519 79 387
530 79 140
541 79 467
552 79 625
563 79 455
574 79 638
585 79 289
596 79 353
607 79 75
618 79 62
629 79 565
640 79 560
651 79 804
662 79 224
673 79 146
684 79 179
695 79 367
706 79 233
717 79 866
728 79 81
739 79 911
750 79 667
761 79 849
772 79 406
783 79 771
794 79 570
805 79 762
816 79 977
827 79 195
838 79 5
849 79 155
860 79 483
871 79 604
882 79 381
893 79 533
904 79 615
915 79 476
926 79 531
937 79 813
948 79 445
959 79 163
970 79 820
981 79 222
992 79 497
1003 79 328
1014 79 677
1025 79 551
1036 79 793
1047 79 88
1058 79 737
1069 79 919
1080 79 142
1091 79 508
1102 79 416
1113 79 862
1124 79 751
1135 79 194
1146 79 437
1157 79 513
1168 79 73
1179 79 187
1190 79 656
1201 79 550
1212 79 828
1223 79 139
1234 79 112
1245 79 855
1256 79 816
1267 79 378
1278 79 461
1289 79 538
1300 79 300
1311 79 318
1322 79 946
1333 79 131
1344 79 119
1355 79 488
1366 79 422
1377 79 353
1388 79 465
1399 79 854
1410 79 149
1421 79 230
1432 79 960
1443 79 307
1454 79 985
1465 79 908
1476 79 15
1487 79 907
1498 79 451
1509 79 537
1520 79 416
1531 79 342
1542 79 964
1553 79 812
1564 79 460
1575 79 426
1586 79 293
1597 79 888
1608 79 768
1619 79 990
1630 79 423
1641 79 765
1652 79 812
1663 79 367
1674 79 147
1685 79 608
1696 79 322
1707 79 414
1718 79 793
1729 79 307
1740 79 199
1751 79 23
1762 79 770
1773 79 499
1784 79 634
1795 79 607
1806 79 193
1817 79 101
1828 79 191
1839 79 357
1850 79 639
1861 79 536
1872 79 859
1883 79 263
1894 79 488
1905 79 467
1916 79 635
1927 79 841
1938 79 26
1949 79 518
1960 79 418
1971 79 387
1982 79 377
1993 79 650
2004 79 870
2015 79 369
2026 79 761
2037 79 281
2048 79 61
2059 79 147
2070 79 185
2081 79 335
2092 79 681
2103 79 12
2114 79 353
2125 79 465
2136 79 359
2147 79 789
2158 79 104
2169 79 46
2180 79 100
2191 79 543
2202 79 529
2213 79 732
2224 79 777
2235 79 554
2246 79 381
2257 79 15
2268 79 114
2279 79 724
2290 79 263
2301 79 971
2312 79 272
2323 79 713
2334 79 485
2345 79 316
2356 79 792
2367 79 127
2378 79 753
2389 79 793
2400 79 101
2411 79 160
2422 79 165
2433 79 583
2444 79 877
2455 79 863
2466 79 552
2477 79 995
2488 79 661
2499 79 769
2510 79 299
2521 79 13
2532 79 124
2543 79 123
2554 79 877
2565 79 753
2576 79 13
2587 79 652
2598 79 179
2609 79 786
2620 79 600
2631 79 76
2642 79 974
2653 79 173
2664 79 715
2675 79 925
2686 79 530
2697 79 313
2708 79 550
2719 79 995
2730 79 693
2741 79 453
2752 79 453
2763 79 599
2774 79 424
2785 79 477
2796 79 596
2807 79 571
2818 79 364
2829 79 464
2840 79 355
2851 79 217
2862 79 665
2873 79 321
2884 79 687
2895 79 308
2906 79 651
2917 79 767
2928 79 853
2939 79 332
2950 79 281
2961 79 651
2972 79 610
2983 79 939
2994 79 636