6891 865 8762 500 1000
29 57 48 42 109 75 37 25 57 64 35 27 52 40 959 47 39 43 98 83 25 77 40 55 52 45 42 39 38 49 68 982 69 44 68 62 33 59 64 66 79 93 47 67 50 69 122 45 101 40 68 49 84 62 55 29 46 33 22 51 991 83 48 942 101 66 49 34 72 39 991 250 92 86 51 68 43 76 50 72 52 71 62 26 28 200 72 51 42 61 62 46 43 43 75 45 48 76 58 24 77 66 55 50 30 80 58 59 30 74 41 44 134 37 975 98 43 40 66 28 110 60 24 33 48 40 32 33 987 29 58 125 55 35 32 34 39 50 989 23 69 53 52 500 48 991 35 104 31 948 66 70 39 64 44 109 55 969 94 999 50 51 107 31 59 49 53 66 44 991 37 64 46 61 53 22 67 52 65 51 78 38 981 112 36 69 32 70 23 34 968 52 32 64 59 49 56 52 38 71 35 986 90 48 42 976 33 47 53 53 988 52 34 44 109 60 61 85 36 981 37 74 60 25 54 94 59 75 51 46 55 104 53 86 41 82 65 66 43 35 52 38 67 81 25 36 44 90 50 166 35 76 60 44 64 40 82 53 59 59 48 39 125 86 50 52 37 52 61 51 80 50 49 58 57 31 61 967 31 35 45 977 60 987 49 45 54 62 24 35 51 48 67 66 44 75 57 51 60 93 980 995 65 71 993 64 36 33 39 39 52 43 45 166 61 86 73 991 986 83 333 86 69 43 50 65 990 113 120 967 39 34 32 22 200 23 166 58 59 63 92 40 58 102 85 39 83 114 72 34 64 53 990 63 333 24 41 70 50 58 56 23 62 101 95 43 80 35 52 45 39 37 41 20 200 75 64 81 36 166 50 78 45 63 19 39 23 43 200 92 35 37 946 77 83 992 47 69 108 80 962 72 82 31 76 77 41 36 74 51 122 36 89 106 72 51 37 46 40 45 83 75 114 74 43 21 85 41 41 74 44 44 122 29 30 64 28 41 40 166 37 74 59 91 47 53 29 27 91 977 333 29 37 68 333 166 38 37 101 166 46 99 56 33 49 58 72 31 73 53 41 57 84 84 58 34 75 108 43 56 51 49 67 985 90 59 46 36 333 73 55 37 42 81 58 66 43 98 52 40 50 59 66 40 47 51 24 94 76 43 56 61 75 84 54 44 46 39 64 52 33 79 75 121 66 56 57 41 45 77 61 28 133 64 93 22 63 48 89 971 28 84 44 51 70 50 128 63 66 70 83 37 333 57 33 67 74 74 997 53 67 38 971 74 500 53 51 71 34 40 43 71 166 52 986 43 61 38 67 80 26 62 52 33 61 61 41 48 166 45 93 32 132 999 60 53 95 23 42 45 115 27 71 51 970 112 39 96 51 48 59 58 969 85 51 37 55 43 47 74 84 91 333 41 77 119 91 66 25 58 51 62 90 44 44 52 71 39 46 33 47 166 940 65 35 49 73 985 200 53 30 33 66 42 42 54 126 43 990 39 44 49 33 34 62 32 90 95 54 55 75 76 500 42 80 977 72 70 42 111 31 89 90 59 64 75 35 50 73 100 26 99 333 42 45 44 69 55 40 57 39 37 71 43 64 66 33 48 76 56 31 73 77 51 74 45 54 142 500 84 80 37 38 71 49 166 62 38 36 33 81 74 27 51 75 25 72 71 56 99 38 62 33 41 44 66 59 333 26 52 998 48 85 61 87 42 59 998 80 25 47 116 65 39 42 111 119 38 99 77 29 63 49 200 44 112 45 44 35 970 333 55 86 250 985 56 85 41 56 52 166 65 88 971 77 71 987 166 39 36 65 166 166 500 35 59 49 166 45 56 33 59 47 967 977 39 69 34 983 63 70 92 59 31 56 49 40 88 41 982 77 54 41 58 500 33 20 57 64 39 250 29 80 73 114 45 985 70 66 118 62 50 27 37 56 44 47 23 22 47 86 32 69 500 67 30 100 47 49 42 62 33 38 44 68 112 34 53 71 21 43 166 57 25 54 78 57 37 21 59 26 87 45 979 32 35 37 124 66 76 86 250 45 55 88 55 38 982 333 48 972 976 42 49 58 98 970 34 38 76 52 80 72 48 50 35 124 62 79 60 37 109 43 41 51 91 37 68 21 65 47 48 70 50 73 31 49 86 37 58 250 65 45 53 333 103 62 333 55 71 101 60 80 166 72 27 39 114 49 333 84 28 42 42 36 88 57 21 333 63 68 26 41 85 26 70 111 33 36 36 38 37 60 34 983 61 953 35 55 166 989 62 166 52 79 71 23 57 69 94 135 986 73 90 106 50 72 73 35 61 38 65 37 500 53 48 35 52 53 47 987 53 52 80 71 37 82 967 35 37 166 51 76 57 51 60 33 65 73 21 57 166 54 60 999 48 71 999 79 49 26 74 987 39 57 77 115 61 50 62 68 37 85 66 35 200 333 42 57 122 43 23 41 65 68 73 51 49 46 28 36 72 115 48 55 36 983 44 48 200 55 34 51 39 80 30 123 47 36 26 114 38 71 75 983 110 977 106 57 24 166 69 63 110 84 115 76 963 34 54 47 48 62 70 82 988 38 61 41 102 65 166 41 65 59 28 72 56 103 989 47 32 63 29 983 37 59 166 98 47 61 74 46 200 34 64 48 76 72 90 28 104 63 250 43 69 990 137 82 80 200 40 78 63 58 63 86 38 48 991 32 46 77 106 95 67 66 934 973 46 109 70 38 34 70 83 74 90 48 44 166 51 68 38 32 31 24 44 86 98 63 65 73 97 50 55 85 55 62 104 79 48 49 38 81 64 35 118 44 41 55 52 54 54 73 75 58 41 67 87 166 68 54 71 45 989 63 26 73 40 21 28 200 57 42 81 52 38 59 333 62 30 69 44 36 71 40 62 51 84 79 121 52 77 47 47 96 41 95 32 64 59 963 42 91 66 58 36 49 58 85 55 24 52 32 63 51 67 37 54 45 30 23 134 48 42 62 74 35 980 500 52 60 46 989 23 73 80 42 60 59 57 74 52 64 135 36 33 77 50 57 73 42 166 29 98 78 31 23 48 39 79 77 78 83 947 71 166 50 37 62 48 26 53 79 55 250 45 69 41 993 30 72 50 32 54 47 67 109 56 124 30 52 73 166 52 89 25 75 76 20 131 78 71 66 33 998 28 83 44 985 73 45 45 333 59 959 36 43 63 85 46 45 103 62 86 34 35 975 64 32 35 991 29 51 86 44 30 65 26 500 72 992 966 60 34 98 40 44 36 86 69 52 45 107 67 61 65 82 48 61 92 250 70 35 56 40 57 33 52 71 41 22 76 58 39 89 47 73 75 35 63 64 49 82 977 75 62 68 28 41 60 81 41 200 974 56 21 56 45 39 35 970 65 45 48 47 36 35 73 62 44 55 45 31 25 39 63 58 166 69 68 28 91 41 107 45 34 53 49 40 52 22 56 50 25 64 959 74 81 39 52 49 21 87 52 55 55 68 47 94 28 58 60 42 54 166 997 36 93 37 500 54 39 54 333 31 981 44 113 35 42 82 66 55 50 991 967 53 37 66 42 166 72 119 50 23 62 68 42 25 51 65 57 57 38 74 250 64 34 959 26 57 46 62 45 71 66 38 33 76 45 49 49 41 136 113 61 75 56 66 333 68 105 103 55 25 65 49 965 44 33 48 50 130 105 43 57 35 95 46 71 85 166 99 72 58 69 23 48 988 44 62 57 92 46 57 1000 65 41 25 34 44 115 40 68 36 40 57 67 44 40 43 999 30 108 62 60 102 65 133 54 32 94 971 42 53 48 34 977 30 27 111 85 66 34 59 75 49 91 38 93 54 963 47 57 34 69 52 51 52 41 36 39 51 17 39 56 63 64 45 24 66 69 74 60 57 166 44 61 91 54 47 50 57 80 39 37 108 48 44 67 132 73 48 33 22 68 45 66 64 64 69 982 36 96 52 59 38 52 49 37 54 32 55 983 333 40 72 988 99 28 119 77 68 53 500 984 333 72 45 48 37 500 68 45 67 46 76 40 80 78 33 40 32 45 42 55 58 46 35 59 40 106 111 48 982 45 35 78 116 50 71 106 60 27 83 83 114 28 39 58 47 54 250 43 54 76 96 99 52 46 25 333 55 37 58 42 38 37 49 63 36 75 94 40 991 52 70 31 500 68 36 24 41 37 99 24 43 70 34 80 49 43 71 59 35 40 166 41 71 63 45 49 500 58 31 55 87 61 31 67 75 26 71 34 64 51 40 63 60 69 42 65 47 34 64 44 500 46 79 978 66 32 114 45 54 31 61 200 46 87 58 52 43 62 51 51 32 47 86 59 500 27 26 43 46 63 30 76 166 70 939 77 63 100 20 37 32 50 57 55 113 61 30 40 63 49 43 60 66 71 76 994 31 62 969 25 47 32 970 78 55 40 166 50 72 81 34 44 49 85 60 51 59 39 68 44 50 969 992 87 48 101 42 49 80 41 21 975 46 66 60 79 986 123 67 117 200 51 54 88 68 70 109 968 61 74 500 64 48 64 87 58 44 48 105 986 57 100 166 87 35 166 55 63 48 70 97 131 54 65 67 47 969 36 61 25 89 63 41 991 999 46 48 45 54 46 45 60 44 37 45 77 56 49 67 48 70 1000 42 45 68 63 75 44 43 64 65 24 114 38 64 85 85 27 51 44 987 75 946 27 70 73 74 89 73 54 49 60 46 65 45 21 84 26 58 79 78 28 166 67 61 70 64 41 55 40 70 53 77 43 40 90 81 97 38 37 977 26 66 64 32 951 30 53 999 996 500 86 85 49 104 47 333 166 70 37 35 965 996 61 992 36 27 48 67 124 65 46 46 40 40 57 31 43 32 41 34 46 58 72 40 19 30 83 26 60 68 113 42 62 37 40 70 60 55 36 60 25 51 27 84 81 37 40 82 65 53 83 60 87 80 68 28 114 21 35 79 49 39 54 85 46 47 32 995 95 20 995 65 67 64 989 70 95 56 36 68 333 48 36 80 250 39 34 66 77 83 54 43 50 54 49 55 72 78 33 66 32 71 28 96 38 38 41 75 76 23 500 51 42 41 40 56 46 70 129 970 975 37 58 58 103 63 333 126 45 71 67 112 999 70 59 50 38 166 58 31 106 38 34 51 37 49 29 48 53 82 45 58 61 72 103 40 46 67 48 40 43 45 82 66 75 59 54 43 45 45 40 41 71 57 74 51 30 85 45 57 999 57 49 61 71 64 44 101 87 80 200 166 69 500 76 54 52 88 49 57 28 333 57 333 41 30 77 65 36 85 41 48 66 81 52 974 79 76 45 48 76 30 106 982 45 166 71 42 46 39 41 81 86 37 37 200 34 67 54 39 43 74 32 80 45 55 55 58 54 250 66 29 37 40 25 31 58 44 60 58 28 37 23 977 75 978 25 52 112 64 46 77 60 54 46 72 42 78 101 972 105 56 968 25 994 43 43 979 105 28 37 61 47 74 996 56 40 73 127 46 57 166 30 70 30 970 70 61 123 56 38 59 58 52 51 43 49 62 103 81 71 42 52 56 34 41 71 166 78 37 43 60 56 79 47 22 84 66 82 27 41 29 85 31 42 124 55 200 72 43 40 65 72 31 56 65 27 47 57 64 54 981 40 974 36 58 70 51 120 49 61 42 53 995 57 29 38 971 66 65 42 27 46 59 55 29 63 52 38 32 42 49 77 72 72 25 62 47 66 67 973 54 88 36 31 36 93 35 30 54 41 44 34 62 75 999 41 39 43 98 47 36 35 82 70 44 65 33 981 35 986 124 57 75 972 73 89 41 51 74 34 200 77 78 63 111 79 43 975 969 73 112 54 26 48 44 41 49 34 34 46 76 64 55 90 53 38 48 86 35 41 44 32 76 974 40 113 66 106 62 31 52 53 500 25 45 57 29 67 91 46 25 79 39 23 32 28 166 108 56 72 48 53 58 996 59 49 36 32 986 52 41 73 37 84 98 166 23 37 48 44 28 58 49 333 943 73 64 53 94 60 74 94 100 500 84 79 45 53 64 61 72 333 333 61 43 166 75 51 333 34 250 71 47 37 22 69 55 24 33 53 47 99 36 127 50 66 81 48 91 43 64 22 986 59 28 50 47 34 91 333 61 36 44 57 41 968 38 81 75 73 42 36 63 33 46 44 31 67 40 45 37 64 27 65 45 47 72 988 33 114 995 107 68 36 63 74 51 75 48 27 115 76 56 64 83 84 31 71 65 55 51 47 27 23 65 34 65 70 70 33 43 166 71 44 75 33 54 40 53 92 41 84 42 48 37 51 50 68 968 46 31 85 25 67 42 43 29 65 47 79 500 974 86 55 87 80 47 49 73 54 84 970 166 33 42 90 62 39 75 36 989 27 32 48 24 980 43 28 37 40 108 65 1000 76 56 74 51 71 41 47 79 92 58 24 45 62 40 79 69 84 46 31 58 60 37 45 40 45 43 56 26 56 947 47 28 80 43 76 67 40 30 105 250 37 24 37 50 66 58 333 333 103 74 54 79 79 29 59 67 97 991 35 57 38 81 35 44 47 86 48 82 52 47 33 121 49 41 45 97 43 102 31 61 994 65 78 38 20 65 42 124 41 41 54 103 69 31 63 62 29 46 71 96 71 55 976 28 1000 58 98 28 83 121 59 54 56 57 75 30 39 75 76 75 29 70 71 70 45 44 61 43 46 166 74 51 32 41 44 36 103 56 46 23 36 56 68 59 43 47 26 25 53 59 958 48 38 48 56 58 38 28 333 85 57 79 25 44 61 52 333 58 81 135 34 333 102 70 24 72 47 44 967 31 50 22 104 36 41 972 34 36 95 77 79 60 47 32 101 58 39 44 60 64 30 45 88 47 73 33 68 63 110 112 32 333 35 26 51 35 46 65 115 62 35 79 52 51 152 110 46 32 980 103 57 92 65 49 73 34 53 110 70 56 54 39 74 32 333 66 43 45 67 36 86 87 45 52 72 994 57 46 45 29 35 33 35 983 32 47 34 82 45 72 91 61 79 500 47 139 34 73 52 22 76 42 28 74 76 66 50 53 956 73 46 68 33 87 39 25 86 54 500 65 38 62 31 31 25 49 39 53 28 59 69 989 80 63 983 65 40 39 27 32 98 62 59 71 55 73 28 58 77 75 91 50 33 83 49 200 30 20 37 49 23 51 37 50 142 50 333 995 49 40 42 45 36 34 57 995 52 82 38 1000 50 1000 87 87 64 48 70 32 47 90 44 41 45 978 51 44 54 29 54 68 43 59 166 25 945 43 63 59 21 23 65 70 62 58 200 57 89 33 44 976 993 64 999 63 67 66 77 109 71 45 60 84 90 64 48 998 42 65 48 78 29 46 76 47 44 17 32 33 46 960 333 34 333 970 29 42 72 250 89 69 107 71 53 66 39 63 32 67 100 63 34 26 35 41 105 38 22 500 60 997 65 36 53 69 30 38 200 45 250 49 49 166 30 53 48 47 66 40 29 96 970 28 49 166 54 114 39 64 39 81 57 72 996 27 43 58 61 53 29 58 86 26 48 93 42 166 55 250 48 43 40 76 98 44 46 43 42 43 37 45 38 58 51 48 49 64 55 64 104 52 76 54 69 47 25 56 47 75 978 82 35 987 57 23 36 57 76 87 21 30 85 36 66 94 974 44 52 41 20 26 68 39 95 112 90 57 39 73 52 84 980 48 970 38 989 121 57 56 56 85 73 95 80 94 116 20 49 60 38 77 34 70 66 51 62 33 32 61 64 35 45 67 115 38 50 44 28 44 61 62 72 63 34 61 41 57 88 49 51 49 48 35 73 113 48 81 74 55 64 49 47 985 74 995 38 958 81 52 70 978 67 46 75 35 52 36 989 46 38 200 983 59 43 62 38 333 500 37 37 60 48 83 42 74 115 55 36 87 1000 62 24 43 29 990 52 66 66 47 48 89 31 130 110 53 973 51 978 40 41 88 62 71 166 43 43 46 53 113 56 200 50 40 59 58 40 33 81 39 80 77 82 41 59 250 39 45 103 42 44 92 92 31 32 41 62 39 500 53 65 86 58 35 32 75 42 54 29 23 45 71 24 110 43 500 982 200 66 41 68 55 20 33 118 983 47 40 32 947 333 109 31 87 54 70 83 72 113 21 33 43 31 972 992 73 65 39 964 71 35 500 64 75 97 36 68 68 57 35 65 64 33 32 991 62 63 27 975 34 74 68 109 81 65 23 87 57 39 166 964 70 29 29 75 960 41 80 99 29 30 100 83 74 67 42 43 125 68 54 62 200 51 45 60 89 32 31 989 43 59 49 62 84 25 62 92 27 51 29 44 61 106 43 46 86 43 54 91 77 112 50 37 47 983 966 32 50 994 55 83 43 35 36 49 52 40 29 96 59 125 34 45 61 39 81 54 38 57 35 61 56 990 60 56 53 38 30 42 35 39 68 37 41 113 33 62 50 31 44 51 41 43 70 103 78 41 109 39 500 74 22 28 37 250 56 46 34 49 63 88 70 49 65 34 960 200 68 48 44 79 74 79 45 66 96 45 44 32 59 61 166 61 51 48 25 48 48 86 34 63 46 22 33 81 106 35 117 35 43 93 49 47 30 68 55 57 39 47 92 58 250 85 76 38 112 99 73 38 63 34 37 90 112 200 50 90 37 72 37 82 80 27 49 46 61 87 24 87 68 79 49 166 73 46 65 45 93 35 81 166 73 39 51 29 72 988 35 43 32 91 80 30 333 35 59 30 31 109 72 67 30 86 64 40 54 333 38 70 54 77 42 500 57 46 70 52 46 990 81 47 78 48 34 76 31 100 25 54 70 37 62 969 29 35 55 64 66 29 961 73 57 25 69 84 71 49 62 61 37 99 33 52 33 32 85 39 50 63 47 500 33 52 57 34 39 103 42 80 66 57 80 62 43 64 115 985 67 42 34 46 46 44 78 992 27 54 963 49 45 36 44 52 66 77 997 49 55 995 43 500 94 56 48 41 48 88 48 52 50 47 31 42 46 61 51 79 34 97 65 29 73 46 970 138 46 75 41 36 995 79 44 35 75 53 27 31 49 58 61 59 47 77 56 70 55 72 121 46 34 56 133 78 41 62 51 200 64 45 71 60 992 67 59 36 43 75 500 982 47 969 63 52 130 89 60 106 973 87 102 76 166 38 975 76 60 32 43 95 995 61 57 40 40 34 58 47 107 70 38 38 61 99 58 42 56 55 30 51 78 55 21 36 68 38 77 121 48 993 77 71 66 69 53 94 200 44 112 59 57 51 999 37 68 42 54 994 44 64 80 42 74 47 966 49 77 56 76 77 35 87 94 200 51 996 55 32 108 72 61 55 72 26 52 960 46 989 45 54 96 69 89 70 90 964 41 54 999 72 93 27 40 43 984 56 33 66 80 973 23 33 73 45 70 39 87 75 62 33 76 119 71 250 994 35 998 66 61 33 27 44 64 63 104 87 52 70 63 44 52 999 44 45 36 70 43 992 42 44 75 34 48 70 78 34 72 76 38 979 48 89 43 55 41 23 990 79 63 40 36 33 46 47 37 109 59 39 55 29 60 60 87 40 41 51 59 30 85 45 47 58 45 39 37 63 40 59 166 66 250 38 43 66 53 49 60 64 33 62 55 71 86 57 34 30 108 26 54 34 73 19 49 166 997 74 40 64 44 56 36 53 56 39 43 74 66 62 101 129 79 46 30 973 69 69 981 24 26 22 85 102 32 74 72 40 31 75 46 88 25 333 38 42 72 98 60 981 32 41 24 39 166 50 84 71 104 50 34 966 50 53 71 986 51 67 26 25 88 70 59 47 27 971 40 978 73 44 23 84 69 49 59 40 123 68 60 166 500 981 62 166 45 985 166 72 38 65 976 36 34 40 47 117 85 977 55 101 92 43 56 53 35 998 57 93 76 973 35 51 93 86 989 72 200 500 51 983 38 58 53 55 105 84 80 58 27 59 40 73 996 76 34 333 250 88 31 60 34 30 109 60 104 67 35 47 40 99 200 42 990 33 36 67 38 36 48 54 86 984 63 99 71 50 166 41 60 81 73 70 58 65 120 76 33 89 980 61 103 106 28 40 82 43 41 50 50 68 54 42 91 33 80 990 166 61 80 992 48 63 39 51 88 29 986 44 129 982 60 67 135 200 145 38 80 38 44 74 53 49 68 60 33 25 30 33 988 77 83 91 32 44 40 59 83 36 66 42 64 20 88 72 60 57 55 74 29 44 166 104 109 66 984 27 58 32 128 28 68 59 250 68 47 105 71 43 27 51 53 39 61 48 42 47 51 34 28 50 31 22 69 62 33 995 48 43 59 68 200 70 57 42 87 47 34 53 109 57 32 37 73 82 132 37 963 59 64 70 40 31 63 82 72 26 50 65 68 51 45 105 34 39 41 93 30 76 76 31 49 56 30 108 72 30 200 35 73 86 57 115 972 42 54 36 105 26 31 35 95 200 41 41 985 28 42 26 166 116 74 85 78 47 34 68 976 984 47 23 36 91 33 78 30 89 980 50 40 46 53 45 69 984 166 52 73 84 39 79 72 58 38 166 90 44 24 42 100 44 87 41 92 33 59 40 333 34 56 30 50 68 65 81 93 52 63 33 500 68 25 37 32 80 59 57 58 64 47 110 41 48 55 94 43 32 47 51 45 96 47 22 54 118 333 36 250 51 122 49 57 49 83 87 94 55 81 166 21 982 971 44 40 61 33 48 57 77 69 99 25 36 99 38 34 60 45 35 41 55 79 26 82 75 68 77 95 86 39 66 76 73 86 100 49 41 103 37 57 59 72 88 61 166 80 44 49 61 91 57 84 166 71 73 69 94 25 29 52 65 48 99 49 44 120 70 38 37 500 66 984 56 166 84 34 967 53 86 63 45 64 35 51 26 89 43 53 43 33 42 42 45 58 101 24 65 47 78 112 63 52 79 71 30 59 80 954 77 93 36 34 117 55 71 939 56 51 200 55 44 73 57 39 47 40 37 57 107 49 500 43 992 73 66 50 200 38 57 69 250 41 57 24 51 34 77 87 55 62 29 986 52 58 64 72 166 97 121 85 44 36 79 166 30 83 974 58 45 80 47 74 62 35 86 41 45 66 27 56 62 34 63 40 24 42 38 985 45 24 978 71 43 38 35 54 101 80 49 52 49 74 65 114 63 68 77 81 166 56 28 53 66 55 63 60 32 48 88 30 70 333 44 39 981 80 67 500 63 44 40 41 23 75 77 58 52 40 61 29 85 73 41 32 86 35 37 250 69 72 76 50 47 47 38 52 33 63 980 990 37 45 73 74 44 45 46 56 22 500 36 51 50 92 84 28 992 60 76 972 50 58 113 51 60 103 55 42 37 45 333 46 61 58 73 70 40 103 43 55 44 72 981 55 42 26 48 998 71 999 66 81 52 40 20 91 29 22 49 48 952 89 24 55 57 65 70 82 200 36 66 24 71 72 250 47 64 33 48 116 23 63 81 42 113 74 61 83 51 84 73 23 127 79 69 38 89 63 74 45 68 86 36 49 64 87 70 23 32 61 44 30 55 62 78 64 987 70 125 65 55 58 31 69 41 55 52 53 58 956 44 53 23 42 80 106 37 102 64 103 333 35 37 42 986 67 75 77 64 51 41 50 47 60 95 106 91 38 992 56 47 33 54 74 32 56 37 64 48 74 61 47 988 83 958 93 91 76 37 36 42 96 52 34 57 166 59 992 1000 79 980 86 27 994 994 20 53 52 993 94 57 40 30 80 100 46 73 67 39 121 48 72 43 69 47 50 35 33 24 77 75 58 43 40 36 59 50 38 41 41 55 65 41 22 77 48 46 36 65 71 37 31 90 82 56 43 333 84 970 47 52 61 43 971 88 116 45 35 105 68 79 37 976 48 50 44 83 964 24 41 56 38 41 69 64 47 67 61 77 93 75 48 33 46 86 87 64 995 43 166 991 28 69 500 66 60 74 49 975 31 57 33 70 137 57 200 37 30 52 53 44 58 71 72 49 250 77 986 981 37 23 71 166 22 333 60 36 32 120 72 120 41 64 50 77 72 37 46 59 78 983 54 77 45 89 34 49 109 55 333 40 84 984 82 999 91 64 76 48 64 44 106 47 37 33 67 50 83 41 69 45 52 24 81 81 81 73 60 31 72 45 40 981 30 40 41 79 90 30 35 52 980 44 500 82 41 20 36 40 80 66 60 31 125 74 70 60 44 67 38 54 86 62 124 74 38 52 39 31 65 32 74 43 83 28 33 74 65 80 41 63 54 89 59 54 998 61 500 46 80 137 86 55 91 985 36 39 82 76 37 49 32 54 44 76 993 45 62 45 54 57 40 51 87 86 37 33 500 57 45 26 77 61 57 47 53 59 105 64 69 45 81 333 200 108 42 60 63 47 47 42 39 34 115 72 51 62 27 29 40 27 32 47 95 79 71 46 56 23 1000 55 41 50 250 62 42 85 53 91 25 32 38 53 27 39 86 982 71 166 37 27 112 60 43 17 76 50 69 74 39 50 58 31 54 30 80 53 35 44 99 35 92 67 59 55 50 57 46 38 65 46 40 88 40 25 997 34 92 50 62 51 75 83 41 44 69 42 65 42 25 64 52 45 500 33 47 54 44 83 77 52 45 61 40 41 67 110 200 41 36 27 67 60 103 997 53 34 500 61 44 22 38 79 53 89 64 25 64 52 42 64 55 500 22 59 67 37 57 71 62 33 121 72 53 66 125 45 37 25 58 39 73 34 67 78 81 76 112 100 33 32 59 116 96 38 76 79 41 74 38 65 62 71 64 54 46 61 79 92 94 33 68 500 58 103 46 72 47 83 995 54 35 74 81 73 26 48 46 51 63 97 47 29 46 63 69 33 35 56 27 101 980 979 43 53 57 75 53 111 500 63 67 110 49 62 62 73 63 52 57 50 34 55 98 91 52 78 65 77 84 71 333 250 118 57 47 994 38 500 500 71 29 42 48 47 60 166 63 73 103 101 56 52 59 79 42 32 53 58 85 111 79 500 42 70 166 61 25 28 37 77 114 70 40 108 56 41 56 997 997 996 79 63 77 53 67 500 200 67 40 119 58 90 31 55 69 47 79 90 88 37 27 59 44 92 990 93 35 34 44 78 47 48 53 74 45 36 32 89 333 38 39 70 36 68 40 82 76 63 37 46 977 33 960 75 333 49 333 24 106 76 57 74 84 71 32 33 83 42 67 81 72 333 52 29 61 51 87 57 60 93 70 51 63 35 60 983 44 41 28 166 55 57 40 88 61 59 44 26 71 100 61 250 70 80 88 85 69 35 46 50 69 61 59 41 49 500 114 37 35 32 24 61 42 69 45 35 333 29 57 59 86 59 42 68 56 48 85 26 37 90 59 61 984 37 333 30 68 47 42 33 60 40 41 85 979 23 38 30 47 54 44 29 64 333 47 993 90 42 70 80 59 970 49 71 65 88 46 79 84 82 86 1000 333 88 77 71 37 84 63 31 43 979 993 26 52 69 94 45 140 97 48 51 977 66 135 26 38 67 30 64 27 972 57 996 37 85 43 38 57 43 45 38 50 26 26 66 56 58 958 38 40 61 42 965 46 65 39 62 974 333 48 49 41 47 56 55 90 45 40 979 19 48 56 78 53 200 30 104 35 55 27 75 30 103 28 46 28 48 43 90 80 37 44 62 998 104 997 87 40 65 31 51 56 55 43 60 50 37 101 105 88 62 54 93 81 72 61 72 43 66 89 75 36 31 92 48 992 63 26 28 250 250 47 67 36 35 41 47 57 137 44 60 75 42 25 56 53 21 37 166 25 47 51 87 71 55 987 956 68 62 60 333 39 50 102 59 69 76 32 46 22 40 50 55 44 30 95 34 71 65 35 42 28 73 57 48 56 976 77 998 986 39 74 49 40 40 75 53 166 76 35 17 27 40 74 34 38 30 92 59 60 131 45 54 44 52 46 38 76 68 47 42 89 109 39 41 41 34 34 68 56 39 51 21 115 39 60 44 1000 54 58 981 24 27 38 38 48 126 39 500 113 45 80 69 76 83 43 39 333 81 64 45 88 973 99 146 75 82 72 72 46 66 41 50 38 38 57 37 46 76 250 69 71 43 47 34 25 115 43 69 993 36 996 26 49 72 60 59 61 82 333 36 52 34 40 66 33 33 26 31 99 87 32 96 36 49 999 42 47 55 86 43 65 33 39 66 81 43 122 47 40 71 65 991 74 38 166 83 27 985 333 65 71 69 47 81 500 75 62 64 969 53 55 79 41 28 53 38 58 95 65 35 141 53 47 56 47 64 997 998 87 66 32 966 70 200 59 55 68 985 43 57 40 56 52 63 33 64 31 38 121 36 40 978 73 39 71 950 91 61 47 81 104 333 38 68 66 47 60 500 71 1000 53 62 25 66 60 55 90 37 69 53 28 45 68 58 31 33 52 26 43 64 33 89 42 37 80 25 55 987 49 50 31 38 24 75 91 47 76 23 68 60 48 23 58 26 31 28 45 110 32 59 76 52 92 48 78 991 65 35 74 25 954 997 48 40 333 200 67 44 61 82 25 989 63 120 47 32 166 84 55 43 60 995 39 93 104 59 71 333 38 73 56 50 59 41 103 983 43 80 56 77 990 56 48 57 55 48 36 66 85 75 44 65 55 69 27 84 31 40 83 70 990 25 31 66 97 28 33 32 61 62 33 34 83 102 51 49 200 17 38 166 48 41 41 49 43 60 36 38 61 63 54 59 55 61 61 95 67 72 989 56 997 46 24 22 500 77 104 997 55 56 51 51 77 30 75 965 166 103 55 76 75 50 500 57 45 65 59 80 38 68 53 138 71 97 85 999 51 971 38 250 166 64 66 48 80 50 47 983 67 55 50 42 81 43 37 30 47 62 43 29 71 82 39 60 26 57 997 67 87 120 65 74 46 47 50 49 74 45 62 88 80 60 64 37 39 51 56 975 43 66 58 84 44 40 63 55 34 46 46 62 52 984 166 106 69 97 50 39 23 40 87 62 62 45 58 65 42 103 47 78 38 121 29 86 55 81 26 996 57 200 106 78 57 45 37 28 69 54 60 69 33 166 39 89 45 994 109 53 968 83 73 108 56 74 64 58 43 45 48 66 80 78 88 86 62 79 67 20 90 42 121 68 73 24 38 51 24 43 166 76 41 41 42 47 60 47 64 36 51 46 55 966 40 57 118 61 39 37 29 83 48 81 43 47 110 77 68 57 49 60 48 51 30 34 50 45 988 970 43 42 64 74 35 49 67 61 200 39 59 89 80 66 23 47 63 83 36 61 29 54 64 65 994 34 32 42 59 62 47 66 971 72 50 33 62 107 44 995 166 58 73 48 27 981 47 44 52 69 58 250 999 29 62 80 73 43 75 53 32 23 63 72 29 90 69 73 986 44 36 32 50 48 31 26 61 100 59 66 59 126 80 56 52 36 49 500 44 59 52 47 35 57 59 21 21 50 61 72 59 88 63 38 118 39 51 979 42 36 58 40 69 63 79 66 49 70 938 68 76 49 52 61 39 90 87 991 20 105 37 88 41 49 1000 34 119 88 983 28 71 78 46
1111 1
464 202
1614 1
286 254
3723 1
480 77
499 1
186 300
1031 1
41 134
3988 1
257 61
915 1
342 123
3229 1
240 191
3337 1
173 197
401 1
61 300
843 1
0 270
444 1
95 300
3576 1
398 194
441 1
463 300
1340 1
355 101
422 1
265 300
3801 1
245 169
1012 1
296 221
1244 1
66 289
787 1
126 21
1849 1
320 239
913 1
446 26
3850 1
338 143
1684 1
409 207
1501 1
196 247
1234 1
215 213
1814 1
466 262
704 1
299 222
1747 1
429 151
1828 1
24 112
3319 1
151 150
450 1
279 300
3532 1
219 82
1556 1
68 47
414 1
314 300
649 1
406 153
1615 1
393 233
816 1
168 49
3638 1
236 106
1702 1
130 113
400 1
86 300
3861 1
353 56
1233 1
327 205
767 1
221 191
489 1
451 300
1633 1
79 74
413 1
127 300
3466 1
43 153
448 1
136 300
3330 1
456 196
1223 1
109 80
1630 1
346 176
3599 1
415 163
1105 1
209 144
1904 1
325 274
737 1
50 87
1950 1
188 148
3491 1
187 155
1830 1
118 69
639 1
329 288
3270 1
388 101
463 1
97 300
877 1
303 171
3445 1
7 134
727 1
454 237
1428 1
313 220
3352 1
376 61
1649 1
193 226
1508 1
458 241
1106 1
434 62
479 1
230 300
892 1
75 47
1202 1
291 277
452 1
301 300
3646 1
351 86
1006 1
8 212
805 1
494 73
1243 1
365 61
1955 1
485 165
663 1
339 23
407 1
330 300
3746 1
366 158
3229 1
35 168
482 1
489 300
3928 1
227 66
482 1
151 300
1214 1
260 248
3296 1
289 91
400 1
397 300
418 1
74 300
822 1
389 244
1792 1
172 246
470 1
350 300
3779 1
292 184
1060 1
435 86
1050 1
313 157
1190 1
478 190
3658 1
179 131
1223 1
44 139
437 1
157 300
700 1
341 114
3611 1
11 166
1456 1
310 273
3267 1
97 80
467 1
367 300
1311 1
413 59
492 1
297 300
1772 1
243 152
1869 1
390 118
1259 1
394 187
3525 1
492 188
455 1
216 300
3804 1
235 59
1416 1
138 91
609 1
286 48
451 1
316 300
1589 1
146 272
488 1
377 300
3354 1
430 173
3562 1
476 106
1189 1
109 111
772 1
46 232
3317 1
183 106
467 1
323 300
3846 1
69 113
491 1
6 300
486 1
200 300
3778 1
357 198
1241 1
411 193
1737 1
89 211
433 1
449 300
462 1
191 300
754 1
203 39
3237 1
220 79
1101 1
434 89
491 1
432 300
3999 1
332 108
1309 1
437 200
405 1
267 300
1964 1
54 183
459 1
476 300
1639 1
403 208
1214 1
119 295
1843 1
298 263
1618 1
12 110
3699 1
61 53
1043 1
22 267
1353 1
210 23
457 1
21 300
3953 1
385 157
1146 1
49 101
3422 1
195 195
499 1
410 300
1329 1
247 112
3927 1
275 154
689 1
58 54
1712 1
266 153
623 1
303 188
489 1
295 300
3485 1
40 170
955 1
229 36
3311 1
178 50
1143 1
334 136
1167 1
277 298
492 1
480 300
450 1
135 300
941 1
64 237
3718 1
316 187
1639 1
302 152
3461 1
228 190
744 1
369 215
428 1
181 300
3452 1
314 143
1920 1
87 206
642 1
39 212
1790 1
261 126
1495 1
373 239
3553 1
384 123
408 1
366 300
454 1
401 300
1718 1
214 76
431 1
57 300
859 1
440 258
1630 1
321 102
3644 1
115 165
1135 1
282 110
649 1
319 129
421 1
416 300
1785 1
34 181
1758 1
250 294
3416 1
88 55
496 1
328 300
826 1
197 168
1480 1
28 133
485 1
98 300
1489 1
196 199
3709 1
448 123
3978 1
10 189
3764 1
92 154
1669 1
460 109
733 1
137 223
1758 1
100 66
429 1
93 300
3949 1
401 70
708 1
368 285
939 1
320 91
1776 1
65 29
849 1
52 127
1951 1
417 54
403 1
80 300
3210 1
487 154
3742 1
363 151
944 1
221 114
1914 1
172 230
452 1
153 300
1023 1
445 114
442 1
232 300
445 1
239 300
1707 1
158 222
479 1
92 300
1644 1
394 138
1004 1
162 253
489 1
111 300
3821 1
308 109
429 1
169 300
927 1
458 162
1330 1
262 245
458 1
344 300
428 1
422 300
3515 1
278 198
1563 1
118 227
1918 1
248 190
3688 1
18 64
1897 1
170 20
451 1
275 300
1752 1
488 300
451 1
430 300
778 1
252 218
3267 1
136 133
1126 1
421 189
494 1
26 300
1871 1
303 97
467 1
482 300
3329 1
26 157
3502 1
191 96
1953 1
72 247
610 1
89 264
1492 1
132 51
683 1
452 101
3991 1
364 113
461 1
227 300
1137 1
5 228
492 1
465 300
432 1
10 300
1422 1
128 196
433 1
331 300
491 1
105 300
1084 1
48 182
714 1
84 137
481 1
235 300
1470 1
78 31
3264 1
143 140
1494 1
352 69
422 1
408 300
3542 1
14 119
1897 1
198 259
1576 1
359 258
787 1
63 133
1402 1
184 291
1411 1
294 266
3693 1
216 61
3613 1
190 93
3497 1
233 157
3881 1
56 173
3354 1
408 144
3960 1
85 111
1103 1
150 55
928 1
371 105
1177 1
46 121
471 1
335 300
1644 1
390 189
3916 1
449 79
3831 1
153 172
411 1
472 300
481 1
423 300
3809 1
270 121
3739 1
323 139
1884 1
170 56
1675 1
383 35
995 1
242 37
1541 1
70 230
1354 1
417 64
3691 1
367 53
3645 1
265 92
3728 1
280 68
446 1
345 300
487 1
219 300
1690 1
145 190
1191 1
467 279
620 1
493 232
3738 1
113 94
1668 1
172 120
1277 1
162 124
488 1
18 300
3464 1
80 51
444 1
257 300
464 1
289 300
815 1
440 188
3680 1
395 166
471 1
178 300
1501 1
117 229
1544 1
352 299
3777 1
74 63
1504 1
55 213
1598 1
396 241
960 1
117 229
1672 1
276 204
665 1
84 181
1171 1
255 250
1541 1
322 112
1447 1
493 213
3214 1
15 183
484 1
392 300
3720 1
472 67
648 1
224 173
958 1
83 58
456 1
32 300
731 1
149 249
1827 1
485 29
1101 1
89 98
490 1
381 300
3337 1
101 90
3624 1
271 74
412 1
148 300
1484 1
225 161
3381 1
497 110
1803 1
305 41
452 1
143 300
452 1
3 300
1787 1
194 273
3840 1
377 60
960 1
36 181
960 1
33 96
1267 1
281 287
1100 1
82 231
3573 1
20 128
3643 1
461 111
3934 1
414 87
619 1
132 218
1557 1
225 138
756 1
336 99
414 1
444 300
1531 1
453 180
1753 1
499 292
3643 1
96 119
1231 1
147 249
3655 1
164 144
1122 1
28 182
421 1
189 300
3648 1
95 71
3263 1
111 107
748 1
175 169
1405 1
378 231
3260 1
496 89
1529 1
79 98
468 1
271 300
886 1
180 203
491 1
459 300
484 1
173 300
1390 1
361 97
1878 1
273 196
1090 1
327 149
1560 1
286 81
1398 1
166 32
1586 1
59 53
1731 1
243 210
431 1
270 300
1420 1
402 210
820 1
399 240
1138 1
206 72
428 1
395 300
406 1
497 300
441 1
287 300
490 1
228 300
456 1
236 300
715 1
263 220
3342 1
354 113
3894 1
144 56
3469 1
123 178
1953 1
253 155
3607 1
104 100
625 1
67 130
1769 1
296 290
873 1
149 23
421 1
340 300
3620 1
106 113
464 1
9 300
1553 1
155 273
1971 1
49 147
409 1
240 300
950 1
128 31
1367 1
64 236
3562 1
372 58
473 1
179 300
1304 1
429 30
451 1
419 300
432 1
461 300
3376 1
350 65
1375 1
139 37
465 1
29 300
3653 1
9 92
1733 1
391 99
3497 1
86 75
408 1
159 300
440 1
442 300
989 1
199 52
3776 1
439 176
844 1
362 93
1990 1
433 297
3725 1
425 133
3287 1
259 107
1108 1
237 100
463 1
400 300
3630 1
267 117
1652 1
396 38
3782 1
423 102
405 1
490 300
441 1
308 300
459 1
204 300
1813 1
412 123
461 1
31 300
1591 1
99 110
1628 1
109 85
751 1
150 50
427 1
318 300
463 1
246 300
3792 1
309 166
436 1
88 300
496 1
91 300
3234 1
331 131
495 1
37 300
1564 1
253 270
453 1
426 300
1720 1
244 290
905 1
167 220
464 1
357 300
3638 1
379 155
467 1
25 300
3221 1
1 88
3377 1
375 99
474 1
96 300
975 1
352 212
1036 1
107 189
3350 1
108 101
496 1
163 300
1309 1
34 54
1170 1
315 175
847 1
121 219
1921 1
225 289
3330 1
360 130
1192 1
142 98
987 1
358 251
1624 1
467 125
942 1
346 53
910 1
479 182
3793 1
251 71
429 1
116 300
1097 1
305 275
3261 1
157 185
3706 1
239 169
3261 1
274 184
3215 1
163 168
751 1
122 195
1280 1
49 230
3810 1
474 178
453 1
123 300
737 1
436 173
1238 1
285 65
486 1
268 300
453 1
20 300
456 1
187 300
446 1
195 300
3516 1
116 130
401 1
375 300
3964 1
181 70
400 1
280 300
1824 1
365 276
3926 1
159 185
431 1
309 300
426 1
161 300
984 1
386 281
1668 1
499 221
1834 1
248 227
1220 1
441 237
463 1
385 300
1303 1
370 184
1370 1
114 114
3838 1
431 168
1448 1
488 260
1601 1
293 219
1667 1
17 160
3438 1
465 131
3948 1
91 193
886 1
12 132
3412 1
120 159
401 1
202 300
1614 1
361 38
3832 1
447 163
1945 1
62 124
435 1
486 300
3835 1
489 138
1547 1
125 209
3562 1
490 175
3709 1
103 65
1808 1
184 47
3727 1
328 108
772 1
47 293
486 1
439 300
3528 1
495 165
3724 1
71 190
3320 1
481 63
3679 1
491 64
413 1
220 300
3598 1
297 79
1729 1
428 23
990 1
266 90
3228 1
381 88
413 1
483 300
3814 1
93 66
476 1
372 300
3307 1
217 62
3365 1
404 95
1889 1
264 239
1219 1
146 297
1602 1
124 290
817 1
250 89
442 1
398 300
434 1
360 300
1733 1
212 72
3564 1
427 65
1717 1
288 25
480 1
71 300
3391 1
148 73
456 1
474 300
793 1
407 139
3527 1
258 167
1156 1
443 148
3204 1
110 130
444 1
222 300
440 1
56 300
3786 1
432 145
3470 1
176 185
430 1
332 300
1860 1
81 232
1615 1
382 120
1072 1
12 258
491 1
103 300
1378 1
263 98
3268 1
295 65
3692 1
444 116
1310 1
473 79
3707 1
345 187
3678 1
135 104
1568 1
361 215
489 1
113 300
409 1
284 300
3732 1
127 112
1226 1
477 104
481 1
38 300
477 1
69 300
1915 1
382 106
1651 1
234 30
1140 1
325 165
1919 1
112 89
1930 1
368 89
445 1
468 300
3729 1
222 90
1931 1
58 208
448 1
492 300
698 1
356 24
482 1
241 300
3457 1
25 135
1645 1
13 158
3787 1
76 124
886 1
131 295
1302 1
283 243
3440 1
208 133
402 1
278 300
435 1
351 300
1061 1
317 145
3552 1
422 130
1709 1
342 143
3751 1
21 196
740 1
140 54
3856 1
73 194
1612 1
294 85
1723 1
30 154
3273 1
207 96
3811 1
94 88
1027 1
171 58
475 1
414 300
1578 1
209 37
491 1
190 300
1028 1
16 269
1830 1
152 241
456 1
85 300
985 1
156 60
3959 1
37 177
1316 1
243 205
3289 1
232 156
465 1
353 300
478 1
7 300
999 1
418 65
439 1
106 300
411 1
205 300
440 1
427 300
478 1
60 300
486 1
448 300
3672 1
459 173
485 1
129 300
714 1
337 158
873 1
498 204
1002 1
131 154
454 1
73 300
917 1
39 98
456 1
245 300
3970 1
161 154
732 1
27 107
471 1
40 300
3407 1
98 187
3271 1
287 138
1320 1
283 119
1002 1
4 264
1686 1
24 191
483 1
425 300
423 1
110 300
1180 1
242 148
3580 1
105 99
3319 1
410 198
453 1
470 300
1064 1
460 117
979 1
133 132
3945 1
3 153
3743 1
205 118
469 1
364 300
917 1
51 136
405 1
272 300
432 1
104 300
1173 1
132 134
722 1
5 241
969 1
146 23
1701 1
114 262
1236 1
319 285
3987 1
397 70
601 1
387 62
1621 1
405 95
3651 1
380 153
467 1
496 300
933 1
154 61
1410 1
50 265
1827 1
455 281
1204 1
248 228
414 1
450 300
3856 1
340 123
451 1
192 300
405 1
447 300
1555 1
55 114
1476 1
417 157
3914 1
23 53
3809 1
38 173
493 1
183 300
1719 1
378 89
417 1
491 300
498 1
176 300
1442 1
141 245
3270 1
451 160
1367 1
373 276
1511 1
78 54
1637 1
494 86
455 1
415 300
860 1
185 147
3887 1
333 178
3953 1
416 66
998 1
455 37
628 1
407 148
1632 1
424 259
968 1
77 219
436 1
379 300
478 1
462 300
3788 1
284 140
1214 1
249 227
494 1
226 300
449 1
164 300
3791 1
189 130
480 1
101 300
3307 1
192 151
402 1
251 300
495 1
495 300
3638 1
57 63
1876 1
78 52
438 1
333 300
402 1
35 300
3905 1
426 134
430 1
1 300
1358 1
438 206
1133 1
466 118
1974 1
347 294
1526 1
436 183
1531 1
484 211
854 1
457 207
1931 1
231 120
424 1
108 300
3702 1
230 193
1792 1
452 291
3865 1
246 193
1884 1
53 116
1843 1
445 159
3374 1
450 178
467 1
376 300
1718 1
499 122
1224 1
174 106
1368 1
299 62
1874 1
90 102
3354 1
6 82
492 1
211 300
1937 1
188 26
457 1
487 300
1032 1
184 289
3891 1
186 116
1492 1
254 295
461 1
258 300
1676 1
312 261
1625 1
234 278
1429 1
42 278
415 1
259 300
3511 1
45 166
3555 1
279 188
607 1
342 247
1762 1
365 224
1467 1
68 230
1819 1
437 204
424 1
292 300
934 1
418 150
1731 1
327 216
435 1
165 300
1717 1
13 246
451 1
94 300
3283 1
241 87
1816 1
182 226
1547 1
2 183
1501 1
311 255
614 1
343 242
422 1
11 300
1404 1
313 71
853 1
326 229
3827 1
442 92
475 1
380 300
1079 1
133 183
1700 1
471 191
805 1
156 77
3489 1
463 89
3224 1
344 90
705 1
334 265
3521 1
202 132
416 1
115 300
793 1
238 70
925 1
134 217
795 1
142 69
1001 1
294 60
3865 1
272 179
453 1
274 300
1535 1
348 154
3244 1
400 93
449 1
431 300
1340 1
5 135
1944 1
389 244
471 1
354 300
3893 1
307 156
3790 1
31 59
3939 1
483 78
442 1
45 300
802 1
81 119
424 1
76 300
807 1
473 214
1262 1
378 250
444 1
120 300
429 1
208 300
661 1
475 195
3493 1
226 139
440 1
217 300
1005 1
349 89
473 1
43 300
1046 1
452 81
3370 1
268 118
1459 1
469 263
1223 1
117 296
1699 1
399 24
1216 1
39 83
3428 1
468 110
482 1
384 300
493 1
404 300
3394 1
301 61
3462 1
165 85
3994 1
335 163
1197 1
263 278
894 1
420 123
413 1
160 300
410 1
307 300
1599 1
141 77
691 1
436 78
3657 1
330 171
3382 1
129 144
781 1
324 205
3307 1
462 65
3741 1
392 160
487 1
207 300
402 1
15 300
3776 1
29 188
1906 1
0 105
1254 1
252 54
752 1
304 237
1749 1
221 146
1179 1
306 290
787 1
201 106
445 1
481 300
486 1
388 300
1679 1
177 242
970 1
67 190
3741 1
482 145
3971 1
169 196
453 1
144 300
1467 1
269 160
1505 1
223 171
3332 1
211 152
1034 1
290 154
3476 1
200 130
442 1
363 300
1348 1
102 53
3938 1
32 159
484 1
23 300
1962 1
370 90
637 1
386 193
3845 1
160 67
488 1
14 300
3746 1
470 104
1712 1
19 29
3405 1
60 175
648 1
242 67
3850 1
486 95
480 1
338 300
1730 1
300 66
953 1
213 116
3623 1
419 98
896 1
218 69
1459 1
256 98
458 1
233 300
431 1
456 300
1406 1
440 44
3489 1
204 148
3717 1
318 199
1087 1
498 211
1523 1
63 198
1291 1
374 214
919 1
150 87
1618 1
27 243
1652 821 464
570 625 3194
6651 527 5991
6868 409 7836
1622 441 614
2498 377 250
2479 102 533
4671 170 6396
2675 397 1324
234 320 409
5338 622 592
512 188 455
6740 831 544
2666 317 430
4082 690 216
5317 247 300
1626 831 540
3239 152 8061
1780 73 4574
2267 248 621
4302 624 182
1346 600 5423
6078 824 5981
1081 258 307
4281 826 811
4149 673 9040
4715 608 579
5801 430 5852
6745 445 4268
6890 155 524
6006 585 7005
3524 442 7158
4990 815 4645
125 205 292
6177 326 7054
2278 691 4919
339 241 761
1462 737 233
4874 194 6266
2648 664 7615
3768 50 801
5369 55 201
3229 509 5995
3686 384 9934
5896 754 197
3645 13 6012
6751 135 4834
6558 648 333
4191 690 6905
808 348 508
5528 602 6589
4362 339 469
4113 298 600
555 327 522
1915 215 538
6569 534 1851
5723 215 1001
3426 254 439
354 722 2651
2208 572 959
1668 587 3966
663 608 328
5560 823 423
2281 309 8672
4273 207 4504
4621 15 3991
1003 664 4974
2343 77 717
2955 267 746
5191 173 8992
2728 163 459
5097 92 9866
2010 19 6384
3115 495 440
5158 827 230
3547 404 448
4269 10 304
5266 316 563
756 187 3372
4053 269 439
3687 237 246
247 843 6329
1341 569 7988
2848 537 6692
1943 354 4216
6817 200 465
4249 374 492
397 34 3549
5575 822 495
279 633 319
5652 148 9937
4908 569 6917
465 75 710
1637 634 6013
6483 228 4000
5759 731 639
3296 826 826
6864 252 4294
4013 799 3899
5409 483 4664
6121 652 359
5807 650 870
5894 688 7324
6354 199 820
596 679 6552
3286 762 367
1993 364 753
562 484 2838
5388 286 3600
3267 721 349
4380 841 629
275 659 445
5144 427 3622
5715 533 682
5291 485 3457
3349 302 264
1648 646 4507
3537 690 391
2569 297 286
3988 54 208
2174 546 429
2985 851 222
267 348 608
4767 158 6088
2181 438 8497
5969 497 3539
5252 224 8221
5163 373 341
3948 556 4834
376 380 5913
5897 14 230
4328 204 448
4530 613 9815
5992 851 234
5333 85 3306
6340 422 6831
792 692 3331
704 639 9521
2362 200 381
3576 59 3664
294 628 8999
4720 33 381
2454 816 6539
943 260 489
3284 195 229
6468 599 772
993 506 229
5486 102 628
4213 263 3569
3834 279 8723
1216 353 132
4925 77 528
4749 86 320
798 857 565
154 826 610
591 24 236
3149 139 520
5689 69 182
6649 224 9495
6638 163 236
1149 460 5712
3896 379 257
364 447 5033
4310 818 205
3877 341 6270
4406 708 275
4238 780 5054
3661 255 7831
5556 254 605
6748 71 421
758 296 4136
3800 671 365
2547 800 9002
5223 759 331
3443 748 800
2671 749 328
783 226 2713
2123 26 345
6660 522 9980
3683 575 8536
634 456 511
4148 706 5773
3372 61 5540
6518 839 4625
1195 691 5754
6593 654 698
1009 399 9551
3643 771 362
3512 536 8912
6747 197 2683
371 156 229
5209 546 466
3057 644 6241
501 582 631
5167 165 5326
2314 337 7480
4286 677 787
387 349 594
5803 406 5506
4901 260 312
5139 94 217
1774 221 750
2323 427 9699
4566 14 445
2294 839 4018
1300 165 7092
4859 413 3851
1975 506 370
5668 116 686
340 438 5580
3 595 340
4226 481 8012
1862 496 342
686 230 356
4018 138 6544
2337 301 527
4283 73 6875
4241 687 8331
3945 329 622
1165 784 634
5216 284 6705
308 143 392
6456 405 3190
1654 400 447
4987 450 7387
6563 488 8079
3974 350 312
2596 69 341
3205 563 352
4169 315 275
3794 163 364
4580 125 8925
4660 549 5936
2190 144 335
742 591 423
4863 355 305
1810 182 632
2544 678 8063
4951 826 912
3847 595 460
599 115 5994
6293 141 289
5107 782 5930
708 466 3610
6013 217 8632
4922 818 345
3068 290 415
1228 782 8601
5394 517 9182
5203 807 5136
1870 287 336
4703 570 335
2530 194 5995
943 677 676
1297 6 391
182 754 4257
4692 44 3632
4442 556 3463
4424 364 402
4170 438 3227
3325 378 8175
6562 380 7995
440 771 368
3031 703 3000
189 94 195
1579 729 583
269 492 705
1173 837 648
144 611 9292
3831 533 932
6038 193 325
1326 605 5586
1172 85 5087
1105 573 392
682 104 3610
2258 634 3918
2123 705 580
6656 355 160
1035 137 370
6404 623 5988
2930 326 4286
1665 692 3489
123 404 378
3707 659 537
5229 3 8958
6423 464 309
2934 768 399
3668 839 7229
3177 711 3026
5008 754 328
1802 380 4894
4935 141 320
2062 661 404
1745 688 8567
4505 661 218
668 182 807
2028 334 969
2195 506 247
366 680 1029
5195 65 8303
1199 336 634
2756 495 498
2221 697 4279
6262 557 420
2047 753 465
3204 227 3001
1786 297 324
1889 105 423
1942 414 5951
3091 516 390
6768 379 248
5714 820 537
2799 305 8391
1529 51 455
2445 235 465
129 796 421
6770 183 893
5748 655 676
1423 108 204
2798 408 416
5865 287 512
4570 181 8241
1512 142 242
1940 820 681
2869 797 571
5155 58 9089
4106 310 397
2948 315 282
6250 166 4740
3705 427 5711
5024 1 502
3508 825 8665
549 374 495
3202 394 4422
138 582 8351
6285 302 302
2399 648 470
3687 819 357
2755 741 6026
4066 111 8553
3568 560 609
3493 141 287
3104 434 5741
1805 783 193
145 861 8094
2836 68 698
2540 563 401
512 455 420
2736 50 696
6160 620 342
2529 211 3879
245 639 6258
47 107 383
3141 651 284
932 508 282
1862 651 428
6596 67 8871
2239 805 6949
5395 759 232
3049 709 369
3504 121 660
793 231 4302
2596 134 351
6588 493 370
1012 130 4516
2146 247 527
53 400 937
1525 794 350
4345 467 4759
4257 555 678
163 715 281
2694 45 630
139 160 262
1685 818 271
2749 819 279
5017 649 632
4540 342 9123
2610 696 4199
1666 716 443
5208 434 6942
1693 607 3158
445 186 401
4693 553 618
1132 204 760
1310 680 469
4645 150 8154
1449 240 9612
44 563 391
1531 214 8170
627 608 764
2319 132 6045
2461 311 734
6082 483 6120
6289 255 3476
5619 21 2869
2376 422 8735
5807 116 1039
5693 690 275
5324 325 370
6775 411 449
6 189 429
3477 611 4494
4011 839 4778
1567 206 5497
1601 797 711
5212 113 599
1093 189 526
6447 700 6714
5339 326 4648
1972 605 4202
7 456 306
5840 544 695
4503 532 272
870 768 440
1619 736 2789
1938 546 404
5516 218 216
396 840 630
6221 636 9670
3516 193 610
3283 503 504
2878 516 736
3470 556 6917
2347 76 457
2725 797 755
2989 851 284
3678 257 360
947 767 420
5357 206 317
6439 255 4317
5813 677 583
530 219 3498
5386 593 360
1636 322 7569
5521 729 418
3895 541 4033
3505 237 174
54 299 510
4554 200 504
6352 827 430
2750 613 7807
2712 195 404
1910 616 5809
3309 568 4294
4493 180 193
3156 291 718
3710 246 787
2843 55 193
3832 672 5759
4744 263 7648
695 773 3648
769 240 7933
991 64 252
6134 337 8844
3845 413 6629
4948 685 505
2349 489 7325
3180 357 7194
2953 146 228
6640 115 8311
3222 818 161
5663 253 7351
4940 734 8589
2730 186 298
1464 490 498
1395 840 413
5736 18 5153
3893 120 615
4659 591 729
1624 568 4304
646 178 5575
6452 621 359
3467 622 451
4383 444 9147
5688 555 409
2062 231 350
2092 632 437
4783 433 515
1480 483 4695
6765 367 5197
3192 559 3299
4405 625 9673
4453 380 8621
3487 753 550
5600 564 6354
4174 772 5735
6662 255 3774
3335 90 420
1389 328 607
5766 578 8262
4814 704 768
6503 403 6942
4581 483 8811
5342 595 355
867 277 266
252 776 4784
6578 313 994
3942 334 829
132 483 9283
507 263 4121
3933 310 489
4203 694 7698
4652 182 404
359 426 8734
5867 603 5567
1432 4 8320
6760 215 965
4754 683 464
1199 467 296
6487 670 5547
41 647 4206
4234 753 522
4154 155 9259
4686 830 5021
3193 762 509
2853 289 502
3490 639 3214
2392 482 3329
6564 326 7973
4397 77 8382
2536 380 6315
2483 579 310
6799 845 6603
3641 838 2541
1241 450 6961
337 389 667
469 214 5463
2302 780 6153
5608 414 3821
2771 288 9768
1892 785 6125
4040 589 460
630 69 406
449 415 8604
6812 6 352
6515 398 736
1829 753 475
419 380 8650
1351 679 4936
2245 606 462
6267 737 296
2481 815 6284
4738 762 6438
2325 299 602
644 301 415
5177 505 8656
2966 686 478
3032 267 634
4595 680 551
6005 320 585
195 574 433
749 727 646
1622 389 533
853 850 357
2650 424 172
5393 237 117
6303 799 5937
6260 382 5415
6616 253 3816
6428 284 6325
609 355 349
1100 741 6418
4717 384 6342
492 462 479
6 535 375
44 369 258
926 549 4385
1270 88 7256
4097 823 347
4139 849 8331
951 339 761
4830 445 5067
4237 715 214
5385 307 353
228 336 803
1789 233 380
4211 296 7141
3768 120 1048
3012 68 327
6093 24 241
4215 683 198
1879 540 534
6558 247 500
3297 624 173
4865 478 6845
2102 495 513
6216 37 8216
1957 209 7307
1046 444 490
3598 478 8925
6573 162 569
3692 611 3644
2709 787 7780
1060 218 177
1474 458 784
915 13 6292
332 336 432
5023 767 331
4469 490 380
5151 478 4473
5616 652 350
5002 76 499
1334 208 369
1605 216 5104
291 537 5110
405 694 4576
3958 212 7233
2047 95 253
681 522 3521
3014 659 293
613 135 9890
3614 855 8113
1608 445 6154
2734 400 534
2114 280 257
6642 724 4000
1691 541 3546
6302 102 565
168 738 552
2828 426 3530
1663 411 6931
1378 480 8833
1120 603 8383
4510 589 370
4567 351 5940
990 774 501
4991 677 511
4330 376 6628
4981 333 9323
6123 578 8756
1187 72 245
1753 180 218
975 236 6282
6071 303 6647
6560 442 7910
2440 157 657
6184 610 3018
1846 662 4069
3915 384 4587
2064 99 7349
349 28 406
2584 569 7815
3404 535 531
1533 818 152
3876 762 542
625 536 8417
5245 82 1837
2432 713 507
5551 268 795
6729 34 8304
5968 366 451
660 620 617
1599 137 345
5900 48 4373
3232 335 2274
6080 768 273
3421 94 287
1056 283 3163
5944 31 9559
2797 533 695
744 381 5200
2172 437 9298
6696 339 792
4334 404 604
2668 492 591
2731 646 8471
5098 836 4260
3741 114 302
6193 233 368
3378 90 682
3497 165 7677
3344 786 8617
1220 241 659
5906 371 620
1638 58 347
3230 719 389
5428 310 535
3785 664 3709
567 463 868
3491 503 426
5997 189 573
5405 392 528
4155 614 7601
4519 532 185
4792 622 836
6111 697 6494
6523 4 559
1297 737 376
851 823 479
5214 166 178
3100 385 962
390 508 192
5530 175 302
1369 220 222
2459 338 8445
5961 799 5988
1990 451 747
552 341 6902
1329 276 583
2816 64 440
3520 544 247
6133 823 279
2567 706 433
5218 765 407
2112 26 313
4929 45 405
2025 847 268
2904 724 9850
2206 553 649
4571 708 456
1929 54 369
6214 708 484
1519 314 465
2643 228 9346
6573 762 487
2320 431 2616
5464 834 3907
2611 812 744
4627 301 444
2222 43 431
4111 25 261
4188 382 9345
2968 317 440
4186 543 6933
3910 360 4583
5800 529 4454
5399 29 309
5852 329 571
2758 514 459
4427 179 4853
1671 152 8192
3872 759 184
1932 135 8640
503 188 224
227 786 3614
1796 720 9435
5581 27 206
4390 726 6470
1908 189 318
2393 217 9527
4832 290 322
2874 258 305
894 417 331
5598 782 3649
3706 792 559
6509 19 9085
983 381 3108
1168 707 608
692 853 3710
5914 692 8236
5617 599 841
1382 850 411
3002 568 5138
3731 182 563
5810 782 6718
4920 732 476
2005 374 414
626 529 8928
3606 48 7669
1071 641 215
3782 170 8598
2044 350 321
1413 61 5772
6065 758 410
5435 570 288
3231 374 382
4687 95 204
3841 691 9346
5441 757 9369
6482 135 8947
4681 572 538
371 525 384
3884 460 437
2573 677 887
3561 673 5633
3658 383 9297
1050 134 452
3666 543 8332
4308 606 487
6312 511 265
4464 604 574
122 720 331
2271 50 376
553 554 652
6365 380 6616
3016 205 220
1472 748 662
3431 123 4160
4673 797 605
2912 370 747
5788 636 849
638 255 6512
6128 160 293
5145 377 399
4039 599 7999
6409 746 5051
105 454 9258
3587 508 319
254 832 499
886 70 4757
1077 215 544
1324 589 8052
3747 53 337
1556 854 185
3146 309 5460
4477 710 8521
6168 252 9980
1517 147 457
3392 464 225
1017 384 5670
6776 131 8370
4462 548 3741
382 591 604
5078 40 5947
1416 102 357
4159 561 3093
6610 295 4173
2310 516 703
3842 707 370
1612 438 3866
1102 1 485
6531 371 497
3485 836 3038
3635 85 3329
4543 330 6606
2438 860 491
6767 756 9213
4552 708 476
6445 246 477
1374 157 258
183 447 8733
6211 657 3776
2028 349 1040
1229 435 4973
6623 298 537
3342 385 422
6489 587 8282
4963 284 9408
471 445 6454
5843 369 195
3990 825 4544
5943 321 2763
5113 17 8654
5670 575 5179
1810 857 553
2287 440 4710
1390 237 145
593 324 7158
5702 362 750
4374 255 5707
5391 13 7182
563 405 3615
6647 89 6848
6261 64 243
4664 608 935
3045 641 201
6355 388 2246
2162 204 486
3030 51 280
4972 68 878
6680 370 921
6203 160 585
4715 375 252
2521 734 5691
6223 488 7474
4590 1 809
5471 156 231
4439 334 8474
169 863 5993
1542 725 506
1121 754 467
3324 557 683
114 680 7533
1344 287 416
1340 622 704
2935 501 4716
4586 20 794
1057 24 4899
5292 358 3167
6595 280 611
6104 574 447
3088 54 5397
3942 458 716
4897 23 299
2780 651 411
5558 776 7182
1821 150 564
1509 35 496
3744 697 8446
4123 343 3748
6395 139 292
3491 144 272
1806 115 9812
3474 188 273
3275 832 383
5634 336 495
1027 544 450
580 822 323
1690 434 4252
6490 134 6112
6698 799 7268
5428 315 639
4457 357 534
5454 333 8434
3195 217 7665
3538 660 302
2773 704 575
5221 685 291
6545 571 8435
2978 467 315
4827 297 347
4234 65 507
6425 237 4460
2756 840 432
1256 505 5132
6224 381 6487
1694 258 559
6264 0 283
3621 67 712
179 750 597
126 658 269
3501 277 4030
1235 441 692
344 687 3787
2463 767 226
6886 803 4422
6507 27 105
2297 783 323
5461 665 9445
3023 679 3208
3585 368 3185
357 48 7652
6719 256 4559
1109 706 200
2516 606 782
5407 569 8680
6736 222 5579
1783 428 9667
5710 280 540
4200 610 6478
2778 129 403
6049 325 422
4790 786 3699
5436 83 5777
1735 380 8014
5541 490 205
6834 854 260
6469 646 8210
5715 116 666
1736 113 372
2002 691 4103
3216 71 237
4992 329 425
2037 48 8232
2108 275 3621
1087 697 7939
5576 278 309
5375 841 437
5768 494 9221
3289 94 130
5570 3 9006
2425 697 5036
4151 163 270
2458 794 378
4161 175 233
5732 189 517
3855 822 292
5674 773 3918
3697 134 285
1014 509 4530
218 147 458
5763 585 717
2635 58 704
936 70 7338
2865 426 7192
2387 476 847
4525 236 4470
2004 240 9840
4818 165 7986
1106 602 4242
4473 260 6368
5042 715 236
3460 437 4041
2762 589 329
3134 225 804
8 392 469
5915 6 300
2767 279 4037
4481 525 455
58 373 233
5665 475 3172
1412 166 283
3816 488 4689
579 522 3100
5308 676 408
3070 770 7459
3565 827 205
150 284 9658
2058 673 9755
5201 202 7883
4423 863 622
672 128 2020
5754 857 733
5080 160 553
1628 614 6335
1491 766 442
1243 375 278
5364 623 6614
5423 588 5609
5506 137 7492
2356 807 6235
5063 117 4474
655 864 395
5875 794 348
1723 152 4758
3934 768 438
2776 639 3324
3737 479 6169
825 672 7502
1826 766 747
1642 376 6025
2578 103 3032
2869 624 219
1289 827 206
6690 394 8000
4169 310 244
1272 623 6185
4430 640 5637
2035 495 623
2814 796 599
64 522 3251
3255 79 936
3951 374 343
285 670 8405
6278 89 4813
5204 517 5636
329 101 2461
5678 591 375
3882 525 425
6043 175 339
198 143 314
4959 26 379
2091 64 475
2442 156 340
543 413 6528
34 696 6406
788 808 310
3760 768 381
1596 614 8119
301 629 5859
6095 796 695
6346 67 415
6093 195 367
1790 17 415
5494 720 319
729 479 7038
6668 543 4804
3850 734 7902
1064 585 592
4344 256 9979
2077 437 6864
5597 417 368
2617 483 4426
4911 692 5651
5360 348 324
1557 516 7461
9 752 8047
5219 826 556
1136 310 267
210 532 7238
559 746 4784
1313 303 4514
3530 303 3055
6620 252 3854
5450 832 337
2764 398 857
5482 45 493
2369 540 451
96 255 7372
4518 46 3910
3956 850 238
1541 819 259
2713 396 3608
2669 588 5660
4496 632 429
6710 472 241
5891 836 9475
5977 399 6540
5667 499 243
3704 578 4733
1287 744 8119
673 309 9498
1603 377 332
174 23 400
1400 203 2784
4637 688 5269
5255 46 9120
4521 734 9307
3571 158 5868
1883 727 988
4861 257 607
6500 745 301
1117 382 8137
3457 13 8231
4085 72 371
6072 158 4292
2538 503 565
6604 1 462
68 171 7779
4664 375 418
1590 390 2506
5246 192 619
1189 377 4283
1370 393 9066
2391 290 245
4986 617 8333
3539 569 7957
5979 352 385
1993 45 831
3265 98 8362
3922 320 284
550 791 9292
4776 743 396
577 455 244
6723 253 4212
942 707 540
4348 535 300
2388 70 7632
2551 648 309
1249 575 8607
209 639 8447
4842 636 689
6381 404 435
4601 654 485
2348 457 482
2589 645 581
2397 376 3248
3864 524 7185
4092 352 477
3790 721 408
5526 113 611
5596 818 272
873 247 701
2329 496 244
3814 61 6390
6159 143 174
5724 178 7858
6512 204 593
5698 633 6731
2432 248 657
6129 719 393
3703 511 172
1728 726 3412
5547 610 4122
5455 612 356
3541 646 9251
389 489 4170
6074 554 858
5398 786 7177
4886 537 4898
2763 596 293
22 3 9261
3487 95 286
1563 11 9465
1371 819 262
1439 771 416
2844 71 456
1503 214 5155
4292 812 371
6792 218 167
4648 230 311
3547 28 405
2910 44 6978
3381 257 350
5717 349 765
5362 125 8748
5927 324 401
6565 456 9012
2219 283 9835
6262 804 454
5406 557 421
3856 499 555
6731 296 3524
2975 739 402
5636 329 561
6506 862 3623
1020 156 242
2875 808 180
5826 786 6382
5037 579 254
311 257 637
3909 775 287
5953 437 9938
6341 699 716
2717 9 4116
5227 427 8953
1702 14 215
4821 831 327
1210 207 6782
2733 649 925
2988 600 9465
87 450 9945
414 339 826
5776 498 6139
4967 709 255
5749 330 6008
3147 503 9130
2192 283 8878
2363 588 9926
3211 138 7748
4252 577 594
3604 530 2702
4949 785 4906
1337 424 188
1514 90 430
5698 29 6963
481 414 4594
1052 187 8836
479 191 7934
3675 180 125
269 661 417
1054 254 6094
5722 544 383
453 187 4293
2555 849 5853
5256 839 9086
3518 783 392
2225 303 8736
5843 563 277
288 457 240
3338 35 5301
1363 627 580
176 537 5531
1821 473 304
6804 428 6596
6370 415 654
3166 138 6152
1505 95 199
1304 690 316
841 137 320
2408 526 3573
4083 426 6364
5128 14 314
4320 58 282
6052 372 5345
2441 825 5861
5181 138 7611
2052 405 5642
6290 31 8017
2268 456 353
900 430 9632
2194 240 5064
4408 574 333
3454 262 212
3757 706 335
6044 147 360
1125 89 9857
4030 441 915
1307 108 413
1085 494 4453
6221 847 4870
3205 506 285
2020 379 535
1142 620 475
5916 408 360
1127 597 4210
6818 622 367
6432 809 655
6086 378 246
1212 242 9171
4145 16 3899
4560 434 7063
3947 129 5473
332 467 188
6794 181 7455
5838 131 5688
5939 596 356
564 59 2676
4682 613 4309
3430 239 465
4106 315 475
3060 823 290
2891 328 232
485 441 595
4234 95 306
2150 307 574
3083 46 3098
3283 144 325
4562 589 405
5870 861 473
1374 62 311
5271 499 644
4561 427 8959
3264 366 356
2410 571 652
1450 383 9352
770 72 197
605 568 8548
3160 666 548
1947 278 270
3885 740 468
5134 382 4861
2067 25 278
4880 818 224
3837 202 8262
3429 659 427
3089 146 377
3681 338 7543
5092 153 267
993 563 281
3450 317 544
4449 622 842
6452 860 408
2209 787 6804
6490 69 5446
4647 95 154
1424 165 5304
3665 533 639
3904 24 234
5861 27 234
4181 351 8645
690 686 336
3030 463 563
1971 665 7724
1254 0 491
2055 0 443
173 750 730
1900 91 399
6210 349 994
2135 617 5056
1974 258 469
3534 42 576
4233 589 522
361 589 243
3164 737 467
5077 290 283
5186 267 761
1773 418 782
3729 498 304
620 413 8579
3520 684 397
11 823 222
4296 182 9963
3051 140 6289
125 20 640
4147 816 8255
533 362 862
2276 318 491
1729 604 669
2662 330 3359
6459 219 8369
801 185 864
3670 753 433
1569 336 597
3248 792 9302
2863 71 496
765 165 8468
2210 336 576
3092 601 316
2380 71 285
2445 498 485
5251 209 9345
1283 724 5597
4499 166 295
3607 351 7484
2501 511 319
4228 194 4193
3016 20 467
2734 254 328
3534 743 220
6087 654 309
5621 707 501
6103 173 625
5883 807 4539
6879 481 6054
457 370 374
498 500 603
2637 661 208
6494 117 5993
6091 428 9314
3911 296 6383
6286 644 5183
4452 106 9959
446 641 190
4163 155 537
6195 284 4118
939 610 7082
1149 767 4386
3853 477 371
5996 595 656
2915 381 5527
847 181 4093
6003 280 615
3535 320 535
4356 824 8175
4454 408 380
3190 326 4588
2035 840 570
2069 748 977
3938 704 558
2624 444 370
1428 262 365
407 205 269
3626 770 6599
6291 844 3886
5302 132 4531
3012 225 365
3526 369 275
3822 166 238
539 52 2309
1903 134 365
230 463 644
984 812 352
1428 451 792
4578 677 366
442 839 6807
5023 460 385
4597 393 542
128 292 3462
3801 575 7086
6004 64 369
2575 194 3257
965 596 352
2248 386 4399
4624 623 4899
6083 218 333
1496 111 4819
2900 600 9051
3115 840 385
5642 701 7607
1339 173 572
4045 615 9052
492 298 584
3259 589 327
6341 677 744
845 633 488
1654 254 282
3085 651 393
1302 55 182
940 24 326
3594 489 6889
1750 242 3376
3355 843 3573
4920 571 526
5485 719 510
5379 766 8948
4645 398 8410
4616 405 7125
3623 766 385
1752 632 491
637 113 503
6512 574 383
6253 358 5699
4855 421 6136
1443 580 9241
1574 99 8263
1246 839 4272
959 179 3139
1524 278 593
4957 125 5042
6706 720 341
3581 447 4238
4738 162 8367
4360 575 6726
1368 786 9459
1333 165 3402
2715 249 2098
2272 847 368
6838 62 581
5941 96 6472
4594 775 585
6855 627 6935
4290 437 3188
1874 253 5246
5533 861 549
5683 422 8600
3295 317 464
3842 476 503
1955 771 543
3726 92 7000
1572 185 9438
5699 477 7636
2849 619 6722
2121 588 4542
378 85 3045
5240 480 7014
6581 401 590
2538 555 408
5987 647 7717
1144 673 3247
5499 467 373
6411 325 197
4265 472 226
2632 667 714
5001 193 439
1396 53 4895
2973 237 232
5828 391 4623
1475 233 5846
4794 373 261
1306 685 343
6056 76 435
1800 764 8897
4138 617 3942
5996 269 682
1312 532 223
2808 804 778
2704 823 280
639 94 196
391 328 293
1293 639 4452
5936 571 549
5656 90 359
4816 572 960
4469 841 599
258 808 294
5028 825 7158
6496 65 380
3227 132 8391
5426 230 296
6273 26 353
776 189 610
5718 355 183
1746 202 4724
3050 548 8871
2211 414 7785
4630 823 348
5929 309 5265
1040 603 4377
2843 659 280
3351 417 362
2913 328 5453
5830 412 2381
6319 28 427
5905 500 275
842 9 3474
3198 221 542
5192 641 110
4914 135 9649
3994 727 9509
3691 475 3795
2480 117 8441
2175 417 465
4219 483 6641
2977 782 7714
1759 315 6934
6685 168 703
3934 269 700
3892 527 4685
630 134 486
6212 730 4706
1494 516 545
6704 42 580
3753 100 299
1188 670 4395
918 378 436
474 78 833
1440 644 9900
4837 209 4680
3213 654 450
1102 372 355
375 426 9947
989 570 234
1779 433 490
5534 435 3047
2399 348 454
5932 735 3532
330 417 512
6227 585 828
4941 800 6780
3777 366 418
742 6 337
2220 440 5677
1145 818 225
3595 309 7702
5270 125 4287
3560 307 585
1013 224 5406
3631 153 430
71 226 3842
5888 744 4767
127 660 296
589 748 448
3462 279 9859
5537 426 3357
504 783 366
1053 43 573
3336 585 725
1872 445 5666
5611 611 6223
505 773 8580
29 116 506
6073 821 611
2733 251 861
486 6 544
4378 148 3126
3766 244 3100
4038 59 7686
2460 440 3399
1976 635 3484
3373 48 8241
6200 174 294
6683 235 515
4178 227 7182
3395 406 9145
865 189 355
3223 820 672
2490 632 6164
739 613 4176
5326 56 547
3663 86 626
1492 793 3483
6701 442 9548
1266 231 246
5500 88 6929
862 774 965
2394 533 8160
1771 744 4162
1088 628 5279
1250 207 4697
6403 250 8545
447 705 350
380 245 502
3804 298 487
1277 709 372
6182 765 266
5310 181 4575
2615 824 8975
2642 807 7184
1528 88 8266
2111 517 7773
4306 532 257
6777 357 605
517 569 8765
4086 252 3484
5848 227 4474
5034 46 7447
4258 706 240
6475 72 364
168 486 269
407 20 536
4822 164 9939
670 381 3388
212 208 261
2203 840 9461
2400 427 4396
6761 816 4813
4009 657 5651
6232 622 456
5880 485 8343
2519 180 188
5089 399 6865
2897 187 9679
3445 850 325
3059 155 752
5662 333 5713
14 84 2241
5207 215 510
2921 86 503
1206 333 6018
4549 192 483
2558 739 304
6462 396 8453
6167 350 421
2819 795 431
5303 67 459
6825 31 3150
1559 855 8559
5325 106 3635
4737 733 7044
6233 572 520
3253 105 347
2070 669 2063
147 406 5606
861 23 183
4641 40 5806
3975 739 298
4167 780 9388
2679 645 409
5517 831 407
5322 537 5318
6358 320 561
2426 676 644
4857 757 545
2207 94 207
432 99 6427
456 322 3695
3110 821 867
3672 105 515
6552 59 6334
2995 860 233
553 570 296
1721 320 674
4312 200 380
292 739 413
3555 584 414
4110 9 5296
1162 194 8135
6666 120 946
2290 589 427
2365 107 306
3248 248 7138
955 855 4327
2105 789 5970
5946 615 8237
1784 20 430
5621 809 772
3390 699 567
1553 634 8494
3765 490 281
4695 408 339
145 267 8495
602 92 8256
5649 46 5772
4819 72 317
3113 80 7233
5851 477 369
3440 76 516
1710 687 6277
1537 153 405
459 265 2595
615 633 377
3424 427 4397
2240 148 7349
2925 855 5684
5188 381 4376
4242 309 7728
5306 31 9712
3557 744 3377
4326 130 5069
3335 775 432
3551 577 536
6611 687 9221
3689 646 5229
4420 435 9627
1734 678 528
258 674 410
1632 816 6085
248 704 808
764 411 486
2389 493 187
2102 840 460
170 804 416
2961 466 9708
1350 582 511
6306 445 4794
2766 807 4534
6030 199 810
2517 3 7221
4729 105 506
828 318 401
2475 740 661
3994 268 9739
1627 782 6285
663 107 274
3525 288 3565
194 556 3840
1882 325 362
6842 565 6622
918 796 504
4889 80 7303
3715 786 3244
585 730 4542
4572 214 4226
1062 5 2886
2594 65 712
3189 800 4993
4649 475 7649
5763 631 472
3997 9 4359
2210 467 294
5589 326 7005
6454 46 8328
4455 15 9049
6040 560 412
2607 376 3750
2338 604 907
6873 679 9623
374 344 520
216 614 6813
2644 543 5138
1795 776 6777
199 383 6367
5481 734 3804
1096 576 2972
3980 279 6555
3994 514 5013
5117 864 472
3613 815 7957
1263 839 5097
6152 142 399
747 853 2551
2544 76 8088
2855 137 452
5791 673 3594
3281 234 6084
4130 307 538
4261 466 5045
5562 808 4095
5653 791 6887
1902 380 9065
6297 446 3171
4980 827 174
5158 391 237
5945 92 5020
545 24 279
4652 307 304
5136 602 7690
4363 667 9341
4930 100 363
3639 45 403
1781 433 931
444 413 5205
5889 377 335
1080 840 615
5265 508 142
4553 92 5209
6880 325 354
5148 245 436
2031 591 9597
5926 413 7703
3456 399 5961
2701 180 137
4799 746 3548
2659 605 9580
3026 783 229
2185 224 5868
4042 414 4210
2972 659 275
5639 633 278
5021 517 7001
5381 1 436
1580 200 237
6480 758 465
1897 462 290
4495 525 316
4975 732 584
3287 565 5145
1749 23 314
4915 23 190
3702 86 373
5820 571 496
5295 22 4025
4623 596 524
1053 821 803
2133 794 408
1740 517 5648
6380 444 384
5273 821 813
566 393 657
1219 856 7976
1464 841 866
6458 208 280
2822 268 377
635 14 421
6117 786 4493
5280 639 9053
6478 236 6868
654 610 4009
795 673 4951
3696 109 7888
4974 604 423
6153 180 243
2271 432 372
3772 338 7374
4296 307 7490
6402 369 158
2472 850 257
2918 381 4684
1303 168 650
4091 672 9001
6548 333 8126
4158 199 1089
6116 255 6460
4259 123 5055
3065 253 6723
1032 381 6405
2996 123 4292
3849 380 8821
5317 648 185
5614 569 7926
6164 277 212
1502 442 7139
4033 123 4941
464 472 426
2260 250 5468
5654 477 433
1281 44 8101
6832 713 493
892 840 559
3522 548 7530
2308 25 332
4962 623 6570
5624 56 473
1279 816 9746
3706 713 412
6064 254 456
4352 730 7622
2901 42 865
5205 381 8207
1099 132 5772
4129 611 8406
6366 45 649
3545 786 7909
789 753 575
5462 417 350
4431 832 261
2330 341 304
5038 697 3768
2540 369 271
1677 230 423
5114 187 6523
4698 660 235
2226 724 6875
2911 208 201
6505 775 616
6369 557 7162
2535 224 7436
5609 15 5592
5433 657 9893
1520 596 499
1098 221 539
871 591 440
4576 306 8325
2784 153 252
3659 350 364
5588 422 4397
5035 812 506
2527 403 9757
5594 862 7911
5881 580 3478
5548 789 6578
5861 721 425
6833 537 4998
2222 212 522
757 563 5923
2353 729 566
2546 183 500
5170 295 3469
6486 65 390
5232 611 5151
5833 529 6123
6265 417 318
1428 311 679
4833 311 724
312 91 542
4924 645 8994
171 162 647
4231 262 319
591 195 334
4029 280 411
4274 261 3178
3578 421 6039
3779 24 202
1831 525 665
1458 195 339
3386 337 9375
3700 696 8704
1126 825 3336
5964 215 508
1271 683 340
1190 685 258
1838 46 3209
5842 94 209
3831 116 853
2938 85 6377
789 65 613
3927 192 434
108 823 241
2887 70 7039
4533 357 327
3857 245 6716
6641 776 8345
1587 266 1673
3156 667 977
4345 336 9605
2475 137 623
5981 697 6539
4820 391 374
655 627 456
6401 500 418
6803 104 7460
2929 624 194
5498 357 256
2496 483 3151
2197 541 4901
5275 426 4862
6019 457 604
3920 34 5581
1788 135 5195
4328 574 286
4264 338 3337
5753 740 382
6279 860 403
5717 334 646
135 556 6541
2609 462 322
4401 856 8678
5272 125 3766
2313 276 898
723 4 920
4014 90 464
6046 854 236
180 732 683
3156 208 526
1652 212 412
1358 309 6638
1207 764 9522
5501 569 6147
3478 173 427
3952 839 8345
1038 658 252
2059 721 249
5400 250 9589
5684 113 539
3711 367 9906
993 369 192
4943 696 5759
2551 247 479
826 606 527
4675 548 8222
1058 575 5629
3437 398 610
5336 438 3965
463 649 340
6707 496 406
55 325 270
6178 111 7291
6120 175 303
1707 605 5882
5602 199 687
5380 174 431
649 557 563
5794 536 9585
2852 277 359
3018 425 4334
5627 727 497
3555 622 415
3243 517 5075
6884 306 4297
6774 143 248
3340 342 8941
1586 804 819
2494 374 515
4370 187 7974
603 493 499
1961 214 4025
2668 661 376
4784 213 532
3160 313 687
3749 322 7474
2453 639 8340
4907 426 8389
865 535 347
2943 92 3113
1676 317 511
6823 69 212
2253 587 7728
736 830 8089
224 134 445
950 534 1282
1108 255 9961
821 382 7940
1176 373 7698
1532 175 294
6309 1 583
3985 248 672
1545 426 9315
4823 827 259
2144 467 194
3111 401 686
180 571 862
6327 108 4295
679 830 9028
3075 635 8560
5525 288 229
2387 707 614
497 165 3661
3516 357 553
558 33 6430
2450 463 532
3600 424 122
2407 701 8414
3955 653 1586
3126 365 4997
4662 429 7432
5328 582 411
4317 551 5145
5428 795 863
4663 401 632
5317 348 192
1569 467 263
1220 157 548
201 161 4471
2725 624 306
2289 456 435
6198 204 659
3020 797 440
3353 596 474
4868 540 393
1111 740 367
5773 164 7687
2842 310 506
5069 171 5892
3214 413 8381
5463 113 472
6397 520 2756
3567 76 521
3284 24 174
3320 628 5053
5485 353 294
1422 364 7251
6727 220 204
6655 191 7004
4396 596 857
2007 262 4052
431 620 555
1457 202 9215
2506 474 2367
1530 733 420
4465 601 502
3280 234 5590
1979 66 3002
4308 759 227
2364 361 8300
657 237 260
2431 143 274
6754 428 9680
6521 100 835
1555 36 7170
5811 786 8142
1007 671 566
899 687 3317
1564 375 338
2273 240 7461
5651 258 428
6713 428 5645
5858 330 6856
617 349 485
2332 37 6215
5572 150 655
4288 691 5023
4106 795 616
3142 479 3731
1037 550 3469
4852 12 2560
1592 156 296
3388 599 428
2410 732 625
6526 148 8007
6471 277 293
2652 781 519
3763 166 288
6314 709 415
3186 750 377
6883 776 3818
3178 666 531
3009 298 593
62 756 9307
1072 228 3110
6420 322 5022
4363 208 4787
3914 437 4852
2166 287 895
2827 68 306
1859 720 485
4707 88 5765
3710 129 421
6543 705 451
75 816 5795
6201 139 327
350 311 811
3450 258 635
3721 392 574
4163 577 521
309 142 321
4210 645 495
3256 4 567
2439 70 6305
3830 766 449
3312 296 3549
12 836 7370
5741 433 540
3878 826 437
2493 537 8967
4670 836 5310
350 451 1056
1253 619 3145
1415 296 5699
1266 492 522
1261 1 233
3020 624 169
2950 780 9334
883 658 192
2581 377 321
6755 64 412
2243 95 248
334 361 445
396 495 735
4286 260 601
4137 493 6067
4809 253 4004
4152 620 601
3575 289 412
5980 49 2735
257 640 426
2189 148 5908
4535 452 379
5026 452 646
4402 615 4534
5001 357 445
215 584 843
5222 400 784
6025 532 426
6466 517 3350
24 789 3840
1050 69 425
5806 175 251
1426 765 276
5623 424 229
3238 481 6550
921 296 4637
5795 665 5948
5083 625 9671
439 185 7783
4267 683 236
4884 527 3572
1095 854 232
1549 646 3529
4028 51 400
5105 213 442
5754 307 599
3873 44 4760
5550 125 3808
628 160 256
4538 578 6646
848 179 9855
6266 840 309
5111 639 4450
6450 99 6065
6415 94 141
5298 768 258
2651 64 430
2487 115 5754
4311 787 2773
5343 86 426
425 690 217
1137 676 420
2196 452 8407
3565 391 209
1083 815 8157
3352 111 5296
3852 605 4258
812 690 490
1264 10 459
5864 163 623
6161 496 352
1801 408 440
1703 860 340
5363 789 6012
3588 818 307
2080 839 3367
3217 149 2255
1467 791 7714
1998 731 9211
1412 401 614
5176 327 212
6621 617 5543
4968 589 529
6026 401 463
6285 221 430
4522 617 8787
3868 745 211
663 375 183
509 192 591
5281 843 5776
2115 193 631
2471 126 3899
6841 240 5017
2593 450 3372
6798 123 6923
6337 188 4262
5084 384 8401
5509 596 665
5813 699 504
3302 322 6840
2842 795 886
1960 91 451
4970 564 6849
2365 375 195
3582 125 5398
5938 73 7698
2027 195 204
1215 143 289
1830 179 8466
6194 48 8438
6118 655 715
4843 478 3201
2732 0 329
4212 477 533
6814 171 6461
2706 424 263
2684 373 201
5485 491 574
6247 415 763
202 92 4825
648 132 3067
5688 503 545
4472 51 473
957 37 3139
4204 552 3033
2710 328 414
2467 80 7258
855 277 192
6863 422 6138
755 338 3834
4185 267 916
6081 180 161
5013 374 5635
4724 226 2821
6101 612 307
5254 94 229
1963 171 9405
946 126 3250
4845 165 9761
4408 204 470
111 219 5828
2217 450 7903
818 535 8024
3005 711 8408
2804 791 8766
4189 532 480
1243 608 588
2079 836 5912
5507 324 595
2184 174 312
6252 622 577
6163 455 210
2396 158 8739
4460 180 149
2631 860 468
1243 107 399
2512 856 9077
4102 470 3675
5157 684 476
4437 560 538
1393 455 431
3054 399 3896
3481 708 384
3999 860 288
6304 418 7896
275 55 262
569 143 421
4333 620 9535
2714 610 4432
3932 27 207
995 600 8893
74 667 560
963 567 7857
2003 3 5045
4810 288 3972
1274 17 464
4316 142 484
2304 142 539
4 746 9841
3728 457 272
1700 29 526
3572 701 4112
1456 741 5903
793 661 4760
527 205 268
1086 212 415
4087 734 7475
4439 349 9477
5241 655 615
948 299 337
1914 493 233
72 333 7120
6352 391 537
2668 231 327
6353 495 569
5906 743 350
1064 631 461
5470 187 4361
4072 782 3381
4132 517 7628
264 378 584
2873 445 6028
2537 599 312
4447 305 3315
2694 364 531
5487 676 299
6206 831 348
1278 380 9335
170 557 344
4922 10 522
3014 55 230
2098 766 837
4067 192 645
3685 366 469
845 29 509
1330 384 7824
4095 856 4415
5790 247 378
5688 144 381
2895 733 302
2853 636 908
408 473 386
5877 202 9879
2179 256 8747
6362 812 525
448 217 3192
937 552 9295
5316 215 495
6730 864 436
6179 414 6577
3084 843 4985
2432 792 770
2822 514 223
4120 163 451
6140 758 315
2371 720 487
2399 247 606
3709 179 7293
5207 716 375
5296 180 182
6546 170 5668
793 492 7838
3019 113 480
3591 751 9134
798 307 498
2845 549 3146
5347 840 596
2089 775 277
2050 278 481
4769 537 6215
1168 476 864
6678 761 3781
6445 329 329
6733 4 463
4853 784 666
1660 744 7174
5090 181 5762
4956 318 316
1252 740 609
3605 190 2998
4901 677 404
2083 257 353
1857 843 3921
156 13 9330
2866 759 295
3946 764 4921
4584 32 3371
2097 619 4318
6845 413 3970
1297 591 433
1066 824 9268
5311 506 350
127 683 291
3611 277 221
5112 206 564
2411 282 3283
5664 227 7107
5818 317 360
1048 770 5961
4482 752 7403
5703 544 533
181 589 467
4365 544 442
5213 708 350
4864 378 671
6010 160 606
1751 113 510
88 353 255
916 811 5360
1967 56 307
360 382 6751
2191 773 3490
2473 485 8871
2787 541 5609
1225 621 530
4563 350 4519
3875 339 479
2645 265 1613
5441 641 4094
4484 656 4904
158 789 7152
6890 577 572
627 375 360
2965 139 451
2598 55 300
5200 450 7723
3930 573 509
1462 591 280
3647 758 537
1713 168 1053
4476 434 7205
3096 353 4429
2116 624 4200
3247 511 300
3907 555 740
2782 102 532
3337 58 510
4303 209 4585
4133 733 250
834 319 1237
5587 247 717
6806 543 3976
54 320 543
913 144 437
1656 237 204
574 424 4182
2435 679 4092
4593 794 384
5859 126 6642
6808 55 268
2839 408 516
6032 517 6647
2582 94 150
1984 831 7974
1986 529 5837
5784 421 3552
1343 603 4789
2952 295 9215
1231 105 485
6699 428 4267
1989 652 530
2864 573 284
3072 672 6878
6712 358 6807
5172 333 7815
979 739 447
6613 373 497
4697 351 5983
2482 579 181
6270 591 346
2325 320 548
2485 24 184
714 610 4754
4706 430 4258
4080 564 4297
1501 676 304
4841 457 299
5374 326 5371
2995 621 251
4590 114 435
5020 227 6970
4101 815 8340
4069 646 9330
3560 857 713
5590 336 484
186 686 451
871 6 425
4318 641 189
2772 830 5309
3137 297 202
3827 752 8875
2071 579 208
1533 10 197
5159 153 344
6198 574 503
5434 443 3610
1733 780 3256
3011 60 5399
1488 806 8090
1701 256 4198
6298 749 8361
4613 173 338
4980 391 186
1876 625 4073
280 253 4685
2316 438 6822
5818 258 432
586 710 463
1103 706 283
76 741 6544
522 432 1018
6727 109 362
922 171 6992
5949 316 9175
4418 245 325
5195 95 4884
1706 710 490
4751 821 330
4089 801 3805
1704 800 5259
3922 299 329
909 703 5637
6112 809 798
3554 601 284
4340 573 761
1861 34 5771
1102 114 278
3048 595 306
3531 481 7177
5741 276 485
6823 134 219
5650 191 3688
749 268 768
3679 808 312
5730 587 8003
2735 102 600
95 146 380
2890 348 6948
5828 827 4248
2629 250 8346
1695 593 508
4764 565 6431
6461 279 5369
743 153 357
6516 705 428
1282 116 677
5003 424 236
4820 827 374
1685 10 364
467 621 300
3917 279 3758
5962 403 6648
6470 779 1415
4348 189 269
5047 322 3146
5681 279 5604
1618 775 509
136 139 414
4526 690 239
2946 355 402
4944 234 3855
6367 18 377
1360 628 3776
6151 71 472
1744 290 387
175 139 309
4626 683 319
19 684 1045
3410 839 3523
1131 329 502
1420 819 264
5756 460 618
3810 770 7898
6002 812 322
346 135 8344
3887 355 278
2026 674 503
5983 757 361
4250 266 6469
6202 355 211
2161 517 6256
520 560 388
2140 766 500
3292 487 2429
1489 709 240
478 578 7552
5076 224 8409
3907 503 896
5573 393 468
6544 44 6821
6059 572 786
5095 158 3164
6317 856 7093
968 297 479
5973 593 693
664 697 9322
3246 780 8433
1849 505 3454
2060 616 8407
6499 673 6034
2740 204 9218
4103 555 363
5319 35 3682
4244 795 458
157 119 2370
4255 506 405
3285 314 328
4748 29 298
3324 385 754
3111 166 350
5309 45 747
495 605 9081
4727 850 419
2597 73 3847
3207 455 332
2635 230 583
6561 447 5747
2774 625 5428
6308 410 3745
4286 699 832
4893 170 1316
5639 29 274
6859 225 489
2832 708 7243
1926 143 209
610 704 785
2436 256 6809
365 194 5501
1461 218 268
219 860 6966
3127 758 494
26 325 408
3314 577 312
2707 6 348
4758 283 5452
168 77 426
2127 500 424
4262 73 4977
1562 780 7710
4991 260 317
5815 152 8832
1790 392 255
6688 505 8455
2138 472 377
5592 83 8393
4985 252 8167
6170 102 644
5048 703 4669
3842 809 511
658 496 6483
5700 514 269
4812 673 3048
6839 411 392
5580 790 6163
5359 687 8361
3486 578 8783
1640 553 8880
5483 92 6213
908 37 341
4109 422 4767
3788 278 454
5233 673 7785
5919 476 616
2789 771 494
3515 752 7563
6086 796 317
451 411 242
5882 575 9967
169 276 8385
1835 588 4950
1484 361 918
1684 178 6914
2169 10 230
1994 724 5389
1903 69 380
6780 448 2499
631 125 3928
3694 284 3585
2723 139 368
4168 599 709
2040 29 416
2036 785 8057
3897 61 4148
1720 752 6335
5044 417 8080
807 19 1223
6527 217 7976
5094 104 3874
2531 703 4350
4351 339 540
5694 105 344
1362 298 268
107 647 5172
942 809 765
2202 241 724
1110 688 5920
6524 773 7561
2419 651 369
2321 628 5249
973 392 312
2778 329 551
4034 394 8411
5813 260 347
5738 508 177
3822 401 534
2886 771 375
3291 362 846
3164 6 495
3451 579 261
3033 67 395
5420 434 3328
1877 325 459
5119 173 359
1178 413 6769
3105 48 9637
5908 284 8769
5268 781 408
1033 263 9669
110 532 362
6433 114 248
242 75 733
6783 121 452
1336 432 427
956 836 7867
4880 10 281
5250 42 9845
5180 451 391
6644 204 735
3829 442 4310
2195 563 301
2909 20 548
421 305 7021
2270 325 400
3484 766 852
1136 795 429
3171 414 9785
1825 710 540
6023 585 540
4823 391 249
1015 415 595
3063 666 565
1399 634 9991
1001 213 937
1732 527 7260
3622 647 6827
290 739 441
4397 486 5206
6654 231 309
4417 301 704
5972 311 676
1829 95 294
1920 19 8706
5182 185 5497
6584 206 311
2346 222 6849
4550 442 3591
1956 150 768
4364 567 998
2016 596 763
2361 333 8636
6126 310 205
3513 189 315
185 422 7557
4685 505 3275
5862 142 651
2090 170 8771
5732 535 489
5655 148 6444
351 287 616
6538 125 4331
6379 665 6869
3933 315 609
3976 508 274
5529 157 709
463 251 348
3103 305 3313
2300 767 271
33 227 7439
5790 648 305
4588 850 477
1759 310 5860
1878 605 7319
3580 632 326
6424 792 938
4854 366 442
4858 776 7372
5562 674 5824
608 219 5340
4700 348 348
6525 259 3940
5978 126 3481
4197 210 3257
4815 454 6728
5809 157 558
1922 359 2575
2374 756 9774
2606 600 8081
6832 248 514
997 358 3922
1968 278 548
5775 269 7778
1906 123 5245
165 111 9431
4732 700 4777
4548 719 610
6207 18 3011
420 4 894
3963 570 338
4020 143 323
6432 707 467
4472 463 824
3328 654 542
3447 231 229
5297 671 617
6241 624 221
6382 305 4218
5793 744 3173
1847 705 329
4062 329 607
3584 456 395
2366 291 689
5079 744 8487
1131 129 365
4156 235 235
1444 785 9469
6393 754 214
49 389 365
6654 492 517
5153 694 6735
1202 697 6914
2491 48 6344
5011 3 8307
5737 517 5786
1946 232 2754
193 208 480
891 485 4773
3965 384 9873
4609 83 6737
5238 200 351
5799 505 9533
6598 191 3761
3901 614 4852
4380 490 363
3276 182 848
2103 478 9598
4627 213 411
4795 721 353
3187 231 306
1582 48 3866
6132 42 598
1238 741 6437
862 251 945
2559 490 5384
5586 106 3302
326 449 2303
870 269 748
2344 775 7933
1022 442 8924
3417 447 4218
3114 604 512
1824 692 9668
4243 588 4203
5225 73 8939
3123 76 592
3876 162 727
4248 288 7842
5643 61 8294
4443 442 7100
710 371 282
3778 758 633
6493 358 4167
5707 726 9347
1323 162 532
2971 506 375
5729 266 1784
3469 191 8773
904 376 5475
1842 366 300
4385 44 9340
1248 604 747
314 239 431
4610 404 319
2829 29 369
3363 752 8496
2262 333 6785
4124 639 3426
6608 422 4705
3428 268 460
207 631 367
6225 700 8719
4305 729 405
6226 588 8647
3860 76 342
5921 555 368
6837 636 646
293 730 9198
2983 848 1889
5211 85 7252
581 599 620
4107 846 3067
312 213 709
1365 302 429
5235 578 7085
5918 310 510
2148 601 304
6292 70 5628
4448 295 5536
800 316 780
3025 610 7252
5330 186 295
1658 3 9631
5804 415 354
3734 219 9868
42 6 569
6831 440 3742
2926 310 236
1881 553 1023
3987 337 9421
5448 641 218
678 673 5483
896 109 404
6496 95 220
13 252 5213
3356 305 9748
6612 187 5737
5377 43 426
6607 302 379
5106 193 778
6295 267 994
3201 141 399
2803 582 574
6343 262 366
6843 113 328
3593 451 418
1448 816 8912
31 704 9751
42 591 610
4153 105 476
5417 298 423
6663 687 6887
2031 6 8199
2835 696 7507
754 440 6444
2515 138 9138
1150 23 274
3843 265 5180
2081 131 6055
4321 654 463
267 648 528
6243 188 161
1699 580 7052
718 834 6711
6147 464 5448
3350 287 602
839 214 5814
271 73 3691
6077 115 7457
6582 619 9964
5552 577 495
6249 658 357
2244 44 8342
1271 660 323
3043 379 306
5514 647 5379
1371 237 166
724 651 501
5347 495 608
1669 164 5838
5231 240 3319
1160 146 350
6295 861 851
2110 505 5961
949 619 9727
81 352 572
1164 708 310
3924 532 339
1602 70 9730
436 794 370
4019 665 4848
6326 528 2944
4825 710 511
5052 489 8120
4001 856 4109
3219 152 3546
3540 53 282
2693 216 9050
3427 389 560
2154 58 391
1829 65 489
5166 687 8957
6244 189 299
2414 72 310
4835 548 7535
3798 330 8441
1927 706 338
4931 102 506
4215 660 180
88 491 481
2779 403 5225
6031 40 7127
2958 588 5286
4419 733 292
3099 240 7867
287 438 4026
3859 620 615
6838 157 408
5903 455 200
1951 222 8205
6757 610 9973
3291 784 702
4342 404 268
3283 555 354
4894 406 8040
5017 251 633
3242 593 442
417 20 599
1481 570 317
2553 380 8974
4337 155 340
6141 730 7842
547 804 659
3107 234 8177
2724 373 571
4536 303 9962
5865 233 284
1221 634 9928
901 845 2883
833 279 8372
5613 317 300
2680 342 1332
333 174 270
5399 633 310
2592 34 4224
2124 341 3223
5856 670 5213
4636 170 3371
5393 819 158
5726 164 9844
6276 812 572
4879 405 5552
2979 508 145
4051 255 7117
4848 392 271
5740 3 7927
675 127 3575
3908 178 9951
3058 724 8413
5117 627 556
4996 794 8780
5644 541 7706
6760 716 650
5341 283 5504
2001 4 687
2846 705 575
504 560 502
5590 467 250
5559 478 4713
3404 189 618
6882 658 6703
6112 707 533
2661 259 8931
674 454 5595
5972 262 285
1991 703 7449
1362 462 226
5647 733 326
4068 662 6917
2485 195 269
2707 591 484
621 635 6275
5788 289 615
3403 416 5122
5351 375 4271
2119 565 3851
5834 461 3166
5827 540 519
3458 367 6943
5593 475 6134
98 228 6882
5571 176 397
3913 411 221
2131 569 4499
6836 819 428
4579 680 351
2870 134 267
4604 720 414
5311 563 371
6589 491 379
6187 657 5119
6618 73 4397
575 631 245
4966 43 368
4435 554 378
6528 113 9899
4627 91 305
1132 574 505
2817 696 6491
6322 457 447
5337 97 2663
4993 364 373
6809 851 131
4027 421 9963
213 765 282
3438 218 330
5641 784 816
2228 256 9445
2634 548 9933
3200 245 262
4755 205 255
6695 680 920
5185 239 5468
5775 595 6965
5563 690 375
30 123 4483
4495 156 205
6012 720 671
3488 751 9461
2733 774 794
4414 534 1038
1482 575 9041
2590 646 5135
5439 483 5495
187 786 5103
2168 505 7620
6671 185 8498
1296 478 8182
2344 90 7185
4700 648 365
1511 625 8496
5983 641 163
6333 132 9763
5533 267 509
2422 242 5866
3097 315 334
2415 456 554
2944 781 587
1483 40 9424
5120 125 3867
6130 825 9802
3550 26 391
3550 705 533
6210 334 845
1601 624 295
1158 724 9900
1311 278 293
6155 696 5004
6667 313 598
889 437 7526
1820 338 8359
3076 822 283
4222 307 483
300 698 3085
2666 258 482
2540 506 332
4475 540 660
1139 665 8502
3345 764 3078
3833 297 185
393 338 5477
4410 313 9597
5518 685 292
6246 596 601
1821 398 526
1816 330 5465
5195 753 8880
1621 579 172
5874 14 300
6797 466 6767
6659 421 1781
3454 451 470
1311 121 344
384 27 90
571 396 3065
1388 428 8373
6583 164 7299
6324 759 260
2719 349 1031
5223 606 614
3979 670 4015
3357 438 7788
3513 535 294
3767 343 411
4741 79 745
2424 849 5521
3212 746 4644
1092 384 5351
2186 645 277
373 27 112
6237 414 6115
6407 26 203
2545 715 325
328 718 9279
5770 442 7118
2317 687 7021
143 538 2843
3048 768 198
1840 538 5737
6238 534 220
283 721 7445
6183 160 433
3628 408 310
1047 864 494
6158 313 464
536 639 9926
5868 514 359
2306 718 9734
3374 50 8221
5484 368 9657
4192 797 580
3993 25 325
4507 703 9357
1 250 6437
6375 42 743
2598 659 448
2621 88 5464
742 737 310
726 509 7254
5383 326 8001
3725 481 4408
5487 176 330
1515 536 9825
4826 208 217
5955 696 9359
1689 394 5237
1034 338 4993
1140 580 4500
6821 146 354
4103 503 483
3197 251 778
6374 568 8947
99 831 268
6208 700 9068
4797 587 8511
5133 240 5257
6316 381 8176
6407 705 303
3428 514 245
1705 27 92
5273 43 677
5180 311 301
1463 409 4592
3390 677 553
3123 678 577
5297 784 715
47 375 269
2405 187 6416
4872 296 8417
2229 33 246
4919 309 4874
4206 479 3743
4017 255 9560
2883 816 8903
5116 574 557
2718 56 499
1500 718 7284
5261 70 4009
583 491 342
592 367 9569
4716 206 281
5217 394 9163
3230 491 474
1897 298 386
3158 442 3604
5602 640 431
6113 280 535
1514 775 457
647 462 6768
5852 129 483
5091 3 8456
5964 716 305
2837 463 765
4289 724 3571
3791 219 5546
485 389 607
2815 799 6205
1675 843 8007
4254 141 355
1551 18 8192
5958 73 3020
1023 18 2402
3634 80 9112
137 309 9694
2241 458 313
953 472 413
273 743 288
5871 564 6697
6674 762 464
1661 686 614
50 600 4729
6687 619 9417
435 13 7123
3926 219 10000
4003 408 353
1629 543 6019
1157 567 8067
6064 400 768
5857 179 6441
1370 327 5102
5709 616 8646
2061 836 5507
6417 228 8509
3964 400 821
4172 628 9261
1220 62 613
4435 570 209
2838 280 400
2394 116 8797
6338 589 471
260 426 9710
3654 396 3165
317 573 8521
902 588 7057
6787 323 2121
2857 17 662
5224 411 328
3001 283 7705
4056 726 7118
3839 488 7155
5329 187 5683
3574 616 4645
3527 472 330
115 382 7055
5565 187 9971
5832 96 4520
2872 226 2115
2565 171 6105
3503 166 182
237 780 4908
5402 832 465
4450 799 3575
2604 137 419
2129 723 4294
2284 54 294
2416 612 5058
5289 351 9275
1086 821 441
4775 393 575
5591 670 6566
3348 500 554
325 339 609
973 17 552
2836 225 659
945 782 9893
5822 809 538
2012 499 256
3690 414 8847
2551 348 338
1213 610 9825
2759 647 5219
2940 851 180
6458 667 536
4430 199 9552
2628 147 780
1320 805 5868
278 53 185
6800 110 4422
1738 353 279
4965 625 4554
1236 514 233
1521 28 632
3821 794 335
4231 311 629
1552 477 585
6359 263 7384
5671 536 9310
6248 23 4994
2227 860 281
6820 825 4470
270 216 6023
4459 806 8118
731 773 3874
3788 121 523
6716 148 6565
3718 189 405
1029 147 616
3562 843 3679
4381 351 7979
5878 3 9707
6531 743 275
2805 181 8226
6763 452 559
6196 159 3921
6623 462 399
967 734 5843
5351 608 8486
1776 670 9527
92 80 3559
2139 771 567
1805 560 264
561 155 528
2182 529 8212
1518 29 612
1554 117 8596
4372 511 287
5055 255 4739
2532 659 463
38 604 699
410 99 5898
3900 209 5923
398 242 6042
6872 466 9449
3278 827 389
2300 460 327
5685 15 5048
2050 121 584
862 649 940
5127 619 9130
4257 144 638
5869 115 8230
3148 578 9889
2048 295 9085
4300 435 9976
44 506 347
4659 6 597
2286 73 8640
5954 706 386
383 541 5748
6554 532 554
5677 338 3785
3268 67 538
748 290 393
3064 236 9859
6114 26 6345
1873 258 268
1290 236 5536
694 424 245
1234 368 8090
67 660 311
3487 65 491
2315 678 434
3252 617 9414
5293 529 9465
3918 588 9236
964 445 6597
1767 93 3054
5431 48 4774
4157 605 7953
1651 53 259
3863 297 221
978 787 921
6361 36 8199
1513 83 7305
428 414 8359
4927 297 6269
2470 68 287
6351 684 7688
582 741 7196
1601 174 556
4171 403 5911
3272 726 9279
2324 685 425
5921 144 368
4434 720 417
3526 563 432
148 659 345
1458 24 231
3502 240 4608
4668 115 8321
2387 809 856
5430 687 5442
460 657 3525
3526 506 341
2516 759 326
1218 126 8520
2770 687 5201
1543 729 660
5313 635 3375
2990 633 295
4299 139 322
3128 686 318
3713 832 353
120 824 4600
5130 540 341
2785 617 9629
3756 573 708
537 601 514
3971 790 1482
121 358 8164
5435 554 624
4449 584 858
3376 24 156
1761 121 372
4992 129 368
1988 862 7371
2618 13 4158
3649 615 7083
4337 577 299
2507 578 9896
315 665 9129
633 756 4413
2443 214 5589
4036 573 528
313 429 9258
3110 43 685
400 7 1747
5019 613 9309
1224 422 7899
1286 664 5130
3230 353 229
5088 160 296
893 500 7922
1924 627 676
940 195 468
4112 316 1001
2025 636 564
6474 141 437
6021 634 8537
5656 775 442
5031 445 4257
3398 150 562
6732 836 8121
6296 686 339
1045 445 3915
2019 61 6531
546 399 3712
4906 117 5525
1146 153 532
4856 279 9970
4654 118 2804
3760 269 602
6343 451 884
971 686 373
4353 816 5777
2632 291 612
5868 727 728
1774 302 493
6301 517 9235
4468 826 660
2899 584 607
1267 715 310
2355 316 706
5490 480 8484
5297 362 842
5703 684 721
1948 773 4397
6786 251 563
988 277 169
1216 491 220
2359 437 8959
3129 767 493
1894 752 4938
5696 297 261
4771 856 8737
1848 123 5274
4423 276 825
3329 654 774
930 452 445
6321 499 499
3145 351 9055
2543 623 6970
876 535 343
195 204 514
3688 240 8917
4667 352 593
824 171 4611
6567 141 4734
392 272 2251
2132 102 9905
5622 574 674
4665 450 7066
1232 456 589
890 758 322
4207 40 5622
6342 634 7511
2997 525 625
5529 241 707
3010 189 438
6274 579 4485
5852 246 853
3722 140 4908
5901 236 9202
1196 782 4119
3548 606 621
1155 620 479
3893 50 532
6674 162 613
814 86 7525
2585 392 335
4298 218 182
1165 362 660
4466 694 5108
6068 296 7605
3959 13 3054
3073 730 8709
4005 404 615
3097 795 505
5767 368 8965
6585 287 429
2147 102 682
1799 540 902
3933 795 829
6677 619 9733
4887 314 244
4136 68 534
6369 804 8394
1298 456 540
4862 65 414
2758 268 873
2991 96 3299
2604 740 448
3150 68 620
3608 385 431
4782 216 7882
6067 549 7625
3024 556 5907
5372 623 8029
1174 605 3824
4185 861 805
3660 54 426
2577 347 4242
4318 757 468
4659 737 558
6217 437 4526
2838 108 267
4864 796 834
4230 623 8903
3806 776 4319
6414 496 335
881 429 7186
1546 35 8833
2282 789 5326
5344 549 9043
4386 548 5586
4885 490 377
4558 850 282
3885 137 468
6875 75 9543
1595 404 530
161 664 6965
1974 317 422
1730 452 575
5419 278 410
5318 120 777
6429 355 172
3620 389 373
6753 599 683
2279 612 292
2466 194 9819
1564 107 437
5024 372 374
6054 238 3941
3733 657 6316
929 138 9665
2580 616 9925
2583 358 9139
2054 283 7343
5396 540 708
1389 78 1044
6658 490 453
1818 259 8614
1057 195 6758
1949 218 179
2199 156 4079
296 808 345
4770 376 9908
2889 367 5867
1798 123 7158
6127 129 362
6042 720 412
958 222 8364
6034 134 250
4199 40 6666
406 14 255
1505 753 325
4934 540 728
3718 535 419
4622 15 5417
5321 37 8042
358 146 422
2541 827 204
3408 383 3330
2907 239 278
1328 240 7069
3934 595 594
6099 303 6712
4838 440 4637
208 324 577
4223 357 367
2975 33 520
1718 350 333
3494 377 416
5595 71 397
36 765 220
6085 316 894
1373 187 9034
4653 744 3507
3178 313 674
3535 299 603
6715 64 341
1044 783 475
203 257 626
6484 71 213
5947 183 1260
4548 491 742
1042 85 9957
3429 55 277
572 288 1570
2525 221 505
1065 610 6981
3811 80 4763
1001 91 629
4277 85 5943
2564 776 5377
4075 9 7846
6231 152 4293
1454 730 9072
3958 43 6072
6169 644 5508
728 730 5986
2085 237 199
5902 194 3428
4759 27 187
273 42 725
3257 147 649
6149 532 427
771 762 602
6781 256 8184
3909 90 284
3986 378 542
3995 11 7570
1982 605 3857
6773 42 524
4231 451 830
2421 441 566
3333 383 5558
4890 227 9422
2446 3 6291
1325 710 278
5535 405 7472
2433 91 295
706 860 333
6822 648 271
4021 632 456
1534 552 8001
2442 525 558
3783 173 585
6511 710 408
3780 762 516
2075 148 9500
2595 48 8489
5449 445 3828
4392 763 2900
6052 114 4173
3415 664 7457
5873 774 550
6366 364 567
2335 222 9124
849 447 6535
1952 17 743
1845 318 443
4938 664 3772
3625 540 7065
1505 65 299
6828 739 456
4953 28 392
5776 235 5751
661 570 229
3143 466 3919
352 765 5349
2796 721 358
1403 414 9497
2591 634 9314
3323 657 5308
1350 745 285
3660 572 849
3180 193 7963
4236 754 401
1128 794 398
1687 70 6733
6866 523 2569
3330 578 8937
5796 664 6970
6465 851 4536
2011 104 9901
6386 756 6134
2452 131 9266
6148 778 3518
6319 404 437
3360 580 5847
3648 327 559
1970 760 3016
1025 756 8341
433 794 307
3988 572 396
2902 162 583
4775 327 313
4804 411 312
5234 708 383
5823 688 8816
6251 94 169
3608 557 436
2737 196 4943
895 70 6018
4913 219 7771
362 614 7683
6590 171 4751
4511 457 430
1666 215 665
577 188 223
3600 314 208
4534 839 9991
5190 79 9432
2727 634 3304
4578 699 375
4229 854 181
1063 142 377
2298 162 529
5421 464 216
5301 826 830
1947 121 305
6254 493 458
3472 91 6931
2158 80 8282
455 431 4277
6632 397 180
6665 641 170
2810 140 8280
5290 21 2634
3784 375 284
6694 756 3770
4887 424 159
2292 529 3740
4881 444 653
152 720 465
2257 696 8252
5196 31 4673
529 426 4014
869 797 515
1522 180 128
2401 657 6393
134 444 475
2687 546 234
3136 573 313
5543 605 6705
4871 481 7625
1860 825 7941
5531 794 201
1410 214 6501
6856 498 331
5971 121 356
2398 409 4240
1583 734 9597
4141 80 9450
249 429 9443
2775 404 438
3359 579 311
6109 831 621
2970 856 7311
5822 707 436
490 537 8167
683 209 4659
102 254 354
5716 493 506
542 56 264
1111 137 347
416 320 430
794 9 7382
4766 168 515
4556 95 190
3226 277 387
6343 311 794
3840 741 8626
6451 320 7621
5353 3 3978
2204 393 828
1550 773 4449
6288 72 332
3197 649 763
2791 367 9109
4933 83 5966
4658 800 6341
787 818 339
3680 315 258
3371 769 2093
3738 415 560
5835 297 251
2086 199 733
3241 85 3184
2023 380 3141
3007 851 135
2096 434 9299
925 517 9285
6073 212 591
4594 90 527
6048 181 3061
3124 396 7643
5672 53 332
5641 671 699
6440 401 341
1588 754 338
5711 370 738
2736 432 704
1167 616 9059
6445 129 267
4661 355 4839
1090 546 430
477 855 7790
267 247 837
531 134 222
5873 649 610
4780 256 9375
363 83 5066
1269 749 2023
1609 655 758
6384 823 287
5360 247 541
4076 164 9082
6539 600 9336
5457 537 5623
4537 14 216
5015 333 7591
6171 433 615
5214 401 412
4892 48 6843
2366 208 467
1645 109 626
640 53 334
3140 83 4350
3184 791 9259
1837 785 5404
4612 440 3058
3731 307 480
6096 745 441
5480 343 5436
2234 477 429
4559 139 246
4055 836 7233
3187 492 508
924 393 613
1937 150 671
5915 591 319
5532 405 8504
734 676 542
261 86 374
5369 659 286
1725 306 5673
5510 342 9657
1186 849 9468
3505 819 243
388 39 6004
2541 391 228
831 100 643
2941 549 8277
2296 123 8244
804 79 396
3847 269 523
6309 114 325
5041 440 6323
1183 108 461
2216 481 4023
4953 404 336
870 595 666
1233 794 472
222 426 5838
6670 290 406
920 441 737
4631 782 3611
5572 473 348
3889 362 9131
3799 72 308
6137 153 499
4643 358 8048
387 334 584
391 78 442
1759 795 9433
3407 725 6122
6323 67 800
2948 310 221
2794 766 430
4753 295 3364
3963 554 755
4084 214 5736
2128 373 447
1584 824 8357
3820 588 6461
5971 278 367
1008 11 6404
2231 379 284
3446 380 3222
3638 450 3097
817 160 463
5226 514 280
6508 79 558
5879 534 3658
4220 685 337
6672 142 371
784 716 5720
906 434 3027
1884 284 9899
1059 746 6888
5358 830 8705
6515 473 315
4615 473 240
5582 396 3837
3903 300 2231
1282 533 586
4596 9 9256
6832 792 675
4276 58 534
5330 652 404
5502 767 456
3170 290 298
61 219 5272
1956 398 877
3923 141 336
4035 641 225
159 146 5242
6801 69 214
4509 687 9997
6838 241 470
4689 553 853
3179 524 8006
6345 815 3521
6220 611 4246
2200 516 614
5215 733 268
5934 284 7857
5660 599 782
2917 660 148
5573 327 252
1604 554 494
3589 710 387
5180 262 163
5846 75 1002
1039 721 478
5630 202 6219
4516 338 9516
6396 505 5577
1168 809 923
6783 278 397
6270 737 307
773 421 4629
719 672 9113
296 674 451
1839 313 403
1754 126 3971
2109 589 251
3390 260 408
345 175 250
5993 40 7428
2552 242 6269
4422 568 4709
2434 389 7678
1408 529 8906
5263 40 7330
6684 406 8207
6837 847 332
4690 313 878
169 433 8966
5569 152 9212
5704 789 6876
6414 651 328
6726 237 286
3563 202 5906
298 104 6679
4214 505 9447
3773 253 3913
2619 815 6221
3736 645 474
6281 477 328
1421 560 408
4826 667 451
1337 314 351
1937 473 319
6088 226 9903
6604 372 317
97 556 6948
2688 139 555
3207 188 370
5425 383 4301
6200 624 150
88 719 386
5257 611 7185
1147 77 693
3279 721 383
1116 457 7197
2377 738 738
5524 130 7990
1958 715 237
859 612 308
3957 276 580
6039 248 691
4131 318 637
4275 687 7251
3797 500 401
4833 262 400
2548 662 3031
2566 645 524
2508 742 733
5820 732 380
200 847 255
5626 89 9060
4687 753 333
1079 541 5531
2504 660 252
4578 260 271
1068 738 611
5412 237 244
6594 457 253
1890 253 6709
3151 105 280
4788 611 5097
3131 418 8595
4731 861 853
6721 709 4748
1478 611 5527
4367 138 5079
5355 253 5634
3985 792 924
644 91 345
6444 617 3794
3261 126 8300
2283 306 7222
3172 505 6439
6664 582 403
6282 174 460
2637 492 352
6090 708 479
106 157 568
5764 686 342
2062 492 715
3846 517 8728
2888 454 9358
6697 94 123
5488 204 415
859 742 500
1143 428 9495
5286 431 7958
6793 508 4398
4700 247 514
318 558 3484
373 721 203
5299 111 3445
3808 245 395
6744 456 686
284 466 3853
53 254 536
5007 56 283
5162 744 9178
6114 705 9809
1850 490 244
2026 808 413
3805 661 422
5669 538 2234
1781 863 638
2967 129 387
3290 21 5468
4752 683 324
6657 822 8005
3233 659 9667
4982 358 5955
3199 754 426
1748 614 4191
5909 138 7937
221 789 7535
4323 483 6840
2524 417 277
5030 674 510
6492 71 281
2265 329 301
6485 222 3417
6542 138 8570
1819 806 8969
1431 365 6478
4828 854 272
3427 441 715
19 544 725
6328 367 5651
6007 685 272
5747 488 6718
5104 24 189
5382 466 9241
5855 782 4297
5613 258 327
2585 17 463
1912 790 1140
5101 168 901
1863 651 592
2076 396 9600
3898 233 230
1643 318 598
119 645 309
3282 117 8272
1134 305 6399
1964 553 889
3433 350 238
2420 20 845
5054 686 272
5746 337 4597
5175 150 390
1227 411 516
5371 337 4211
4498 83 6652
4256 752 6590
2178 51 288
917 317 332
4600 758 521
5789 600 7177
5844 383 6463
65 830 3251
2150 857 674
4557 381 9101
5067 670 4559
2573 699 918
6849 724 5076
2959 212 683
6018 832 455
3133 641 256
6433 1 455
875 403 3909
1506 589 409
4028 463 686
6026 166 227
4044 228 9232
3989 31 7580
5622 204 1055
3592 224 5073
3748 770 8333
1954 265 7230
2177 832 569
510 485 6394
5715 650 679
3108 11 7189
5657 3 6993
2034 658 450
4165 733 440
4857 641 281
5492 168 833
2520 485 7211
4701 824 9069
4952 673 4391
2744 283 8411
3317 123 5776
1153 160 405
1198 304 1882
2322 443 5328
1719 352 509
810 508 179
4324 565 3144
4910 173 401
1510 40 9193
1810 307 485
1348 708 253
3902 856 5178
3616 278 443
2743 0 334
5340 105 491
2802 741 7058
1832 187 9219
1409 125 3950
797 603 4556
4666 666 327
1329 863 484
5566 126 5863
516 113 624
141 147 707
2853 847 453
796 294 1834
5305 245 492
4778 426 4448
1329 433 715
6307 111 8096
3750 805 2278
3867 599 303
4813 176 6118
1061 672 7019
6074 570 408
1447 703 9475
5976 564 4027
3461 92 5108
5056 377 269
5377 821 536
1662 744 7343
6045 733 552
1359 14 291
106 241 804
200 289 312
2167 577 418
2343 738 764
4969 314 226
6294 567 7359
5062 256 6855
4798 756 9834
1781 276 991
837 422 9783
5839 11 8087
3609 468 2622
3074 23 272
2570 344 9862
4062 129 494
3879 183 981
295 450 6508
6364 240 3911
6424 713 671
3300 634 7008
6516 26 296
2700 427 9139
2275 500 283
2486 849 8317
531 69 183
32 253 7611
2826 744 4611
1247 254 414
5376 40 6968
2820 0 7225
2007 311 8243
4646 247 721
6279 621 484
6349 477 415
767 854 195
2074 79 903
1391 383 7786
2238 163 244
1353 376 3650
2740 574 6636
651 297 317
943 699 625
3332 600 9598
2145 53 340
4895 527 8364
5467 546 263
4551 309 9092
1757 556 6825
5491 186 533
6232 584 568
2819 310 278
1006 645 292
3874 144 598
4194 750 462
5640 843 9657
4169 795 366
982 796 581
4252 155 605
3418 715 172
826 759 246
1960 213 613
5025 298 463
1742 744 7291
6585 233 271
5519 433 612
4470 718 3973
6050 556 8668
3365 235 551
4783 276 491
3957 863 435
836 818 190
2379 316 807
5115 718 6507
5919 707 437
2413 402 4401
162 250 6521
1680 404 359
989 554 469
2572 634 5430
3618 730 9425
104 237 163
2920 494 6554
4937 396 6769
1379 677 640
1437 508 225
3047 358 6136
409 697 9849
3118 326 6416
2043 165 9413
5036 380 3669
5816 524 9538
3936 318 414
1446 640 493
2808 385 768
1316 413 6844
5010 849 7675
3984 434 9051
5323 840 453
5937 815 4783
3163 430 3413
5142 396 5340
5847 322 5050
6039 792 913
4928 50 833
2237 670 3027
160 200 427
2086 640 437
3889 671 6745
1429 715 161
2007 451 9524
2088 791 9807
2203 495 9888
4411 305 3786
6047 222 7542
594 406 6716
5641 362 820
5401 399 4491
3741 1 534
207 585 561
264 796 645
677 240 4302
3707 55 327
3187 661 326
1082 297 362
3398 398 567
689 435 9472
6165 831 299
2681 31 6597
4269 818 229
3511 621 521
3271 239 565
1289 391 199
2813 771 359
149 547 2699
636 328 580
5033 843 3476
3416 806 6673
5527 658 218
4150 99 4506
3155 25 422
1336 50 481
2190 503 447
873 348 453
5733 546 8046
5073 31 9736
6692 489 7157
6532 373 259
1242 854 308
3081 548 9443
1727 71 324
3455 263 4817
4296 857 8749
4676 31 6172
3838 660 185
532 494 6972
1460 228 5960
4247 178 8407
3732 800 8464
5672 601 512
299 131 8541
3784 608 611
4755 20 495
3374 120 9188
3133 757 574
408 150 828
3931 443 5016
4350 45 702
369 126 4278
6372 620 418
5994 582 453
2656 383 6983
4446 40 5665
5930 379 391
1831 156 386
1925 209 3237
778 245 302
3 768 247
565 479 3060
5335 434 6501
1909 259 8780
5118 556 4610
2842 315 650
2249 408 7305
2184 797 342
2272 636 746
3616 121 507
4078 225 389
1185 381 3581
4875 694 3364
5788 847 408
6376 703 5427
104 819 257
2025 289 337
6425 819 6547
6387 95 159
2954 527 5550
813 439 3079
4811 791 4697
4502 50 377
3511 860 529
5222 254 449
5141 72 5800
6418 677 472
5264 352 5881
518 785 3883
6138 278 417
2899 622 448
6473 1 623
798 182 603
6209 113 514
5100 822 571
3564 58 497
3006 123 6905
29 650 541
462 580 4478
348 692 9381
6097 855 5087
2202 62 755
3218 672 8361
355 163 279
5367 214 8424
6550 148 9926
4878 405 4338
3552 106 6160
350 262 395
2678 722 9270
5792 254 649
5489 218 236
5523 714 3001
3533 685 428
6100 328 628
3078 191 5377
6243 455 181
6089 845 3794
3299 361 7026
2944 553 624
6759 256 7130
5568 791 8894
6764 843 5686
5365 732 409
1791 438 5740
5750 827 368
5868 268 685
2255 524 2816
2914 252 3463
1854 726 7951
4343 172 2505
2421 389 466
5318 432 711
669 295 3228
3426 400 607
3096 491 8057
3258 143 132
508 148 7065
5792 400 1097
1566 105 7566
1900 301 450
5632 602 6568
4590 372 511
4270 406 5713
2558 33 304
6421 405 7458
4687 65 336
4010 100 665
4876 505 3695
3039 164 5179
1295 571 800
5298 595 391
353 125 5598
2664 224 4030
4046 263 6189
3590 387 2260
5050 373 367
917 258 390
868 773 5890
2195 369 193
3364 670 9249
3978 67 550
3964 254 487
4094 738 641
3132 328 443
6375 743 292
4545 687 4067
2640 0 363
6830 283 7712
60 121 9302
3109 299 461
6436 785 6923
5829 822 300
1184 494 8755
4720 739 367
2534 411 385
1047 627 522
6836 237 265
1031 647 3634
2293 88 7816
1793 726 5856
4586 205 457
2745 824 6902
3921 522 3522
4834 104 8116
2230 427 9655
5002 678 517
1777 104 5470
1257 336 390
5276 600 6938
1527 463 7639
5043 152 6497
5249 324 416
2073 776 7325
969 749 8209
2478 462 391
4731 267 1012
4633 493 258
2291 306 9955
4432 658 289
1262 39 6174
696 15 7932
6408 604 859
1647 38 3074
1354 349 864
4098 368 8418
4057 173 402
5053 94 156
698 400 660
4126 324 543
5706 418 4894
1452 845 3294
2562 248 598
1886 365 5631
2768 593 671
4407 765 442
2806 424 231
3102 485 9325
4426 222 9802
1977 738 550
5519 276 620
601 706 197
2929 797 439
1977 77 413
595 183 664
3569 841 425
3784 107 443
3940 615 7618
5150 25 481
6570 170 2408
5936 732 502
5576 121 327
5427 209 7544
484 228 9112
4054 62 8374
3770 107 412
3608 804 434
3017 641 258
4190 40 4730
869 624 226
3954 242 6938
2706 314 506
6746 812 8969
5621 476 722
5460 454 7709
6505 90 472
2188 256 6900
2890 648 6796
560 610 9198
615 29 404
3554 53 161
588 288 7302
3385 106 3073
5444 106 5770
2880 96 5508
6419 131 4537
1004 85 5108
3972 565 5426
5870 267 517
617 458 351
5893 59 6017
3294 142 350
666 131 3415
3929 585 548
2818 588 9173
5808 158 3815
2788 87 3184
281 270 4033
1586 557 731
6412 79 704
513 351 9559
6515 150 635
3573 508 137
1236 727 400
2068 707 6280
1726 745 325
2455 556 7061
5950 628 7110
2068 809 9033
1294 135 6162
3779 195 280
6175 125 5114
1118 605 4356
5802 379 6478
413 665 7882
5039 332 2549
6556 15 3378
6449 324 405
2428 164 4732
1376 832 362
316 611 7061
91 596 567
2366 667 924
5338 584 573
1600 522 9027
4456 817 4317
3266 626 2214
23 306 5017
2156 175 169
4268 183 719
3559 443 2854
2518 75 463
1354 334 817
4485 23 352
6335 15 5739
784 215 9009
2107 163 501
752 89 7622
914 14 501
3138 578 4975
4359 264 3944
4218 9 5790
3944 729 521
799 160 522
283 27 4272
6405 658 465
377 217 6756
2042 278 494
2797 116 769
1459 107 415
4853 362 830
2309 750 9016
6353 840 487
5165 452 613
394 770 9971
2347 678 438
1968 121 705
3795 227 4348
6735 509 3948
2594 95 393
223 258 318
6385 742 375
4444 567 5463
852 155 412
2869 174 454
1302 659 274
923 109 637
2997 156 347
6262 385 482
2409 711 7615
4478 827 306
3377 405 9358
5022 454 3999
2265 129 253
3671 178 7708
493 628 6015
5661 366 427
6245 130 5535
702 644 3255
6574 109 796
2266 397 4642
2721 532 316
2474 855 7066
5140 188 285
2825 339 8437
5742 9 7532
5995 657 5798
1137 176 416
2605 679 7667
4053 768 271
3161 88 3684
5103 479 4001
1093 535 495
5782 725 446
2800 201 624
1518 633 506
6558 348 345
1869 616 5055
4497 358 6465
716 85 8842
2205 509 4837
735 620 308
5502 460 587
1679 64 4972
2247 565 8219
2622 318 523
2561 438 7059
4966 212 450
6132 743 247
5237 588 3529
6709 202 7784
5228 830 4952
1526 126 3734
1703 621 347
4620 854 4392
5171 285 1976
4384 357 625
1561 233 392
4750 711 9521
6197 444 592
5508 373 501
697 405 8551
3745 726 6848
2232 382 5287
4606 171 8527
2284 572 624
652 239 427
5982 616 8820
3996 496 372
2430 431 8038
3463 684 584
474 328 416
2778 246 761
1995 814 4488
1000 404 8292
3303 374 390
2665 227 3021
979 33 491
6039 713 656
4801 556 9397
6057 222 3120
2957 508 272
1761 278 330
3188 274 2518
3950 733 333
649 385 704
2385 571 813
4192 174 490
2100 73 7639
3569 490 242
2469 738 493
768 527 9104
2218 256 8338
6332 104 7903
6789 413 9880
727 240 4851
6559 766 749
4831 764 5214
5624 725 578
623 102 615
1698 13 5779
4118 279 7474
2792 719 251
4187 544 511
1782 53 223
2423 407 3671
4638 83 7269
2046 75 871
6805 585 417
1625 543 9528
3463 544 398
257 199 857
2877 219 4070
5603 94 220
4184 234 7713
3063 313 718
3117 746 6721
2478 298 601
5099 864 305
123 28 386
3276 857 811
5179 230 503
5468 140 8718
4942 756 5759
4078 68 439
3449 115 3139
5242 687 3447
4802 99 6912
470 350 290
6531 42 662
4117 405 6459
5638 88 3022
6855 864 5905
4947 23 172
5571 676 385
835 146 221
5458 353 190
74 208 272
4445 849 3304
2049 642 3527
3602 493 402
3883 128 168
2382 606 423
4585 696 8229
3306 183 746
2893 434 7967
5253 178 4881
1166 579 287
6108 290 296
1659 202 5104
6847 252 8661
4634 284 7970
4319 720 536
2059 27 141
3055 701 5340
5005 452 303
1708 338 4815
701 379 297
632 236 3466
5312 226 6431
1145 10 308
1336 120 494
5466 401 685
2936 757 442
491 324 342
4694 396 8770
4565 56 345
6816 471 4303
5606 800 5635
860 696 5763
3699 139 9801
1764 571 765
6580 605 6274
4365 684 638
5250 743 4224
171 762 502
1681 53 177
4222 182 734
5990 414 4140
2549 786 6852
5074 516 297
3960 408 518
304 180 4175
5352 703 9843
4302 174 371
2856 807 3551
6844 532 180
5760 706 305
2151 123 6911
3646 519 2615
5697 447 9590
2313 863 670
1709 70 4015
2923 171 7049
2637 231 186
2703 123 6592
5666 131 3240
266 537 7064
827 381 9700
3665 650 604
6779 791 7790
5283 472 443
6181 99 6241
6079 646 8299
6786 774 537
1738 491 449
557 358 6108
5469 780 8629
5965 259 5115
4547 78 616
2297 560 419
4842 847 352
3880 799 5846
3125 350 212
5850 181 6296
3387 668 4324
5414 318 423
2149 134 326
3624 706 246
423 730 7223
6635 403 6688
4350 364 631
1535 258 580
907 513 4721
5072 686 713
83 708 260
6530 852 3745
4347 599 480
738 34 4283
4122 13 7433
1779 863 371
499 245 320
2682 164 3114
2603 469 2923
5294 65 547
3035 296 8444
4673 174 529
1635 381 9032
2402 100 606
6750 83 8525
4325 40 9602
5731 588 6479
4860 589 459
3912 807 7808
3293 202 6947
5247 56 317
3868 582 337
913 555 470
2942 824 9174
4882 26 254
6571 251 845
3400 748 684
5169 859 2912
1959 415 487
6080 595 358
2903 373 352
1804 351 7707
1459 608 538
5886 316 643
5989 57 2684
762 673 4279
573 654 618
2155 383 6641
5498 193 285
6180 855 4712
583 353 213
6154 445 6349
3847 768 337
2370 634 4922
3045 757 443
4128 394 8256
1900 213 460
6060 783 560
386 155 288
5104 195 261
153 208 372
6324 606 570
1990 311 571
653 322 9490
215 622 681
2939 138 8294
6311 234 3896
5378 800 6648
2609 298 491
2078 709 370
3425 92 9899
6666 432 936
1259 532 408
4784 91 437
1616 314 299
46 140 4746
2764 150 779
3311 831 276
5951 435 9196
2646 819 208
6762 721 255
6027 317 7063
5522 615 5812
6871 602 3629
6334 199 753
3391 758 200
3506 560 8386
2901 743 368
514 498 385
2579 252 4091
446 757 464
6139 634 5038
4973 479 4573
4768 707 820
844 216 3707
6036 287 571
6061 115 5956
3095 739 257
4465 53 382
2822 727 419
6166 575 5948
2045 230 495
2811 518 5431
3603 733 277
2594 753 719
3575 847 300
6496 753 387
1866 444 395
3676 415 721
3440 678 493
1384 397 6459
2272 289 480
4728 428 3034
1983 430 6466
4726 764 8868
5121 632 352
3316 431 9756
1076 98 998
4763 634 5422
3382 355 216
4065 546 439
545 195 453
5728 722 9350
1318 324 301
3176 137 544
5695 392 488
6327 280 6909
841 740 353
5680 785 6667
724 496 530
6250 401 9547
5646 705 532
1936 435 8828
2890 247 9741
6722 325 435
5259 41 4049
2613 812 357
5822 476 496
5920 419 4588
4130 857 698
2377 77 727
3662 361 7078
1434 214 9996
5058 217 4288
77 644 6000
6037 192 623
5701 756 9340
661 554 499
1716 489 9345
1067 612 393
1091 537 8808
4781 35 2832
5377 212 558
6185 750 386
2911 291 341
5599 0 551
5553 86 581
4625 189 271
225 548 6771
6749 450 8600
4183 364 606
4680 228 4706
2339 426 6400
1672 452 294
6129 353 241
2305 794 425
3770 375 308
4976 408 277
2860 771 296
2542 509 3262
2689 175 365
3991 72 274
4309 816 8817
3962 298 541
5991 686 8939
2614 676 319
6084 370 7879
1592 525 534
771 162 794
3805 231 380
2243 65 409
4491 421 9040
78 632 446
3101 444 553
2616 851 143
238 373 486
4284 639 6204
2164 326 5199
6453 130 8918
3224 657 4551
3276 307 728
786 437 7007
2183 756 3301
5762 288 9731
1843 720 280
4850 414 9055
1258 123 4820
399 602 6324
3630 593 291
6284 703 3103
3861 283 6149
1827 200 472
2 625 5497
60 278 8048
4783 863 348
3452 380 4208
1548 658 316
6020 442 8841
1980 579 300
3967 76 633
412 11 9646
5863 758 8878
251 427 5705
4785 399 6023
3544 315 362
5124 299 523
3967 678 663
4743 546 658
2846 26 375
4416 76 370
2697 789 4466
2315 76 462
1536 263 5563
4094 486 364
1696 659 442
82 455 371
6743 505 3078
2707 737 309
4349 830 8263
4346 806 8597
69 546 486
5443 604 600
607 688 5098
2550 457 366
2256 602 8777
1499 109 806
3886 543 5589
4615 150 463
944 827 391
514 235 414
1794 806 4869
5775 768 4628
438 147 507
830 322 6836
980 613 7499
6014 180 235
3975 33 353
502 820 626
6373 187 3984
5482 364 445
1758 701 9019
1147 486 418
5174 25 552
2972 55 179
2264 179 6823
4487 340 3869
1357 431 290
4972 225 739
1230 435 3223
6705 31 8033
4842 289 415
5123 137 454
5183 580 8805
6192 435 7616
2854 350 220
4240 490 334
4416 678 416
4267 660 214
5596 10 349
6566 409 3947
1973 664 9628
534 450 8602
3495 355 261
4708 9 6942
680 366 237
196 800 9846
5831 537 4717
863 790 7639
1465 220 227
3503 401 370
2384 794 368
2065 27 169
6096 582 619
1996 379 602
2263 242 4994
6069 284 4104
118 194 8978
3339 56 393
5323 495 486
2288 277 230
3004 524 7262
693 456 525
5557 627 350
2406 600 9447
2084 696 3813
3665 116 726
4301 855 6255
1739 843 8797
4114 539 3013
3739 378 319
467 860 330
2725 174 606
4371 307 457
1036 351 8784
2627 635 9139
5758 88 6548
4461 765 366
6615 252 4592
5679 770 4392
938 102 310
2337 91 347
1523 284 3273
4936 701 4287
6664 745 241
2166 233 528
4458 135 7877
2560 130 7865
4824 403 9431
2433 301 379
730 34 6993
273 371 493
2477 9 7222
3872 606 380
1148 623 4679
4492 11 7432
411 391 278
102 400 668
6277 255 4020
2556 64 222
5438 179 9654
6329 657 6904
4816 54 575
1039 27 264
3041 700 8072
320 787 132
6339 379 567
5085 142 556
3100 804 923
2318 697 5951
4439 458 6814
6691 330 7751
6336 556 7941
5765 456 336
5783 201 2993
5912 756 3675
1547 168 9857
1905 573 764
1487 851 142
263 135 6401
2781 403 9594
6242 456 616
6854 364 468
757 369 4459
5198 491 456
6427 708 411
2913 78 9558
5919 809 648
1035 740 397
226 146 412
2354 397 1449
5817 401 516
927 617 5455
1817 815 3135
384 721 172
4176 499 5988
1575 680 456
4954 297 373
4574 633 264
3642 741 5899
5787 89 5622
4719 757 332
6275 771 459
2154 230 305
3695 243 5965
1811 666 679
4899 234 3083
5143 206 615
6479 256 7522
606 409 5108
6876 237 115
3436 116 496
2450 51 266
725 397 3970
5705 480 7203
811 67 876
2984 68 525
2967 329 417
4166 543 3616
3206 685 5935
5198 719 380
1765 206 430
2031 737 7330
2252 73 5540
1865 836 8238
3543 628 4971
2311 659 737
43 422 8191
3741 372 378
4714 514 331
3008 252 3955
2667 614 7185
321 92 5342
3147 555 7007
1055 823 370
2695 752 4911
5390 319 3790
2299 483 8691
4848 17 414
4603 406 3021
4589 745 212
6522 773 9493
4869 858 5012
2850 85 3401
5442 199 450
1119 500 273
3751 214 7605
2495 111 7380
5772 825 4547
4486 691 9250
3267 27 200
5432 459 3439
6052 1 7357
5125 250 8447
3324 804 729
3919 358 9575
4792 584 904
6888 11 4352
526 511 438
5294 753 663
5314 683 7089
1898 776 7506
2906 843 3430
3305 851 220
920 389 691
2373 338 5797
5564 734 5144
4714 727 629
3010 535 385
1907 9 9602
272 836 9882
403 355 249
4398 338 8964
1918 710 414
2757 529 7889
3803 696 9404
6669 252 5013
5413 652 440
4735 567 9557
70 465 2532
6807 466 3843
6173 464 354
4000 748 7635
4533 193 340
3279 27 219
1731 730 6142
2528 600 8418
3062 543 9631
522 120 1086
2719 458 717
3394 690 469
5739 102 653
1365 221 604
1768 751 695
525 164 9342
6406 625 9379
4718 51 307
998 242 6677
279 29 389
4556 753 329
3807 832 436
6808 659 374
5397 748 679
6334 640 432
4882 705 443
1597 80 9497
6591 623 6596
2006 701 6441
1355 609 2594
1466 46 8551
3236 750 760
2014 79 714
1917 13 8148
541 509 4964
737 632 639
4896 138 3487
3544 795 502
6448 657 7720
367 409 8954
524 610 9754
2513 580 5128
4805 757 482
671 701 6579
5769 305 7582
2118 201 7452
3235 759 4256
6707 651 520
3237 61 5511
750 147 9467
6055 40 4239
1485 654 8033
1192 279 7806
3343 4 510
3277 556 3378
6035 191 9632
5187 637 5353
5504 165 5552
803 443 1301
2038 72 385
1273 192 607
1521 404 677
1067 742 674
5446 546 363
1349 452 519
434 720 418
5472 843 7687
5173 789 7337
1019 34 9799
2650 314 258
4232 799 7162
6498 322 8829
349 404 362
2981 464 461
3437 473 312
4772 297 408
1941 815 4188
519 4 682
2868 655 895
4520 697 9854
4688 659 843
1043 165 9635
6426 104 6050
2646 237 130
3129 460 550
2236 639 5795
3866 537 7148
2212 694 7347
2568 556 5952
3228 792 878
6172 72 356
2870 69 236
3154 742 735
4175 733 329
4105 445 3447
3947 246 9620
1122 578 5739
3396 711 8122
2885 752 4791
3315 355 330
5604 128 2077
5411 352 630
5890 782 6674
6648 540 417
1107 257 529
5164 15 8216
6222 752 4340
3183 54 288
1604 570 276
4279 807 6042
5966 313 859
4424 45 418
278 601 314
3066 163 615
6413 851 141
4366 27 213
2368 200 362
6822 348 266
3169 54 231
2976 20 675
1686 498 388
5405 17 675
6432 476 562
6752 366 342
4555 673 5059
4756 90 433
1363 864 469
3169 572 466
2973 819 394
1858 207 6434
5691 612 342
155 117 5058
3342 557 369
3361 688 6231
5557 864 355
2047 65 458
5093 413 3979
1850 841 426
3092 53 203
5365 571 473
2994 688 8634
4041 223 3188
5385 182 524
268 73 5365
3090 789 6505
1138 257 527
4358 790 6215
5673 480 5547
4291 532 510
3968 652 485
3851 431 9182
4696 21 6382
2761 20 655
3196 148 4725
2654 689 1646
6162 730 9258
500 414 3756
2065 721 287
3183 572 533
2874 317 269
3056 625 7603
6008 143 317
290 33 463
2372 483 7290
5843 506 223
463 774 331
5735 834 2332
511 615 5942
2222 821 537
6639 741 9968
3034 245 383
1978 715 152
2444 146 294
6633 217 9234
4995 47 5082
2683 822 425
6661 578 7351
6190 396 3634
6076 295 7124
6717 405 4407
5294 95 316
4644 25 5250
3540 601 394
2122 746 4414
763 715 314
627 107 574
1335 726 7144
4500 674 672
1493 104 8852
2053 587 5887
6547 694 7513
6477 61 9248
6330 457 338
4591 791 5493
6604 114 270
3471 414 6494
5627 514 275
2765 71 365
6371 405 6026
1217 262 221
4008 697 5972
5422 685 235
869 174 498
5012 245 294
4762 428 8834
6607 221 531
211 477 543
2056 355 274
3319 771 357
722 163 513
4377 259 6457
6009 295 8256
6790 409 9979
850 573 771
167 634 7855
3575 636 662
4759 721 323
3729 235 255
5620 715 158
6605 847 406
544 786 3754
892 495 625
3375 807 3611
3724 499 564
1486 825 8398
2879 37 5115
6270 6 336
5448 757 458
1913 417 306
5244 644 5527
292 33 480
6718 839 7803
2964 318 534
4542 452 525
2969 770 7723
6457 461 5790
372 92 4117
6818 584 403
644 213 434
888 710 271
289 404 443
4614 39 3946
611 593 523
2233 794 514
5024 114 275
5551 514 401
3447 661 263
1021 569 9734
4049 158 9498
4505 231 192
3436 533 453
5574 328 543
6266 495 314
1129 806 7830
1070 460 494
5540 287 781
452 730 4536
4357 265 5076
5475 415 652
4162 773 3730
259 612 432
1962 202 5179
5853 62 561
3116 588 6202
6402 563 176
4598 456 509
5761 650 808
2063 126 3726
5754 182 826
250 424 234
4058 353 219
3013 665 6489
6305 242 9427
193 291 760
1923 617 9003
2404 131 4960
4506 281 1939
395 820 6485
1613 616 4272
1770 673 5112
2429 20 691
3904 195 292
4725 625 8459
4093 111 6799
1717 207 2254
5030 808 324
6828 33 602
1807 619 7595
4394 343 4343
1112 505 6967
2823 694 9539
475 230 249
445 652 462
5948 826 838
3003 408 434
2576 173 501
5282 61 8500
4568 132 3571
1394 483 9163
3365 498 598
6100 78 1053
2101 464 333
2488 85 5534
6510 111 3837
3341 113 641
387 458 499
2280 333 8668
2636 370 382
6300 670 3991
1573 263 4553
487 94 261
3891 716 431
4146 141 248
2812 567 2474
5003 314 417
4061 187 3467
1634 217 8704
3510 245 414
5447 472 344
4071 705 500
5370 611 8221
566 327 411
3334 77 321
6501 68 520
5403 565 8017
6313 831 290
1372 221 656
4983 173 369
6578 666 749
2072 485 5172
4745 830 9086
6714 856 3684
3152 218 201
3696 220 4254
587 85 3111
3036 195 375
5288 23 200
6481 338 4698
6739 766 806
2259 104 7451
1398 692 3233
3874 555 670
3144 318 7876
4826 291 377
3731 857 561
3473 614 8735
6860 537 6612
2022 428 5346
4539 48 5281
2894 718 3938
2301 34 5192
3153 337 8463
1524 121 701
4202 493 424
1495 179 6181
3893 432 518
3544 310 277
18 306 6392
1468 34 5143
3655 816 8692
1756 341 6003
4635 733 214
2009 789 8121
2033 704 606
2144 336 429
776 535 533
802 429 1331
2722 220 301
2142 328 271
2729 578 3070
5140 455 316
3393 773 6146
6673 647 5170
2345 303 8780
2489 209 9906
4862 95 244
836 10 227
2807 379 429
2936 641 174
2559 841 9447
212 667 487
6092 840 541
3339 725 451
1266 661 286
1904 654 572
6235 823 310
4597 327 293
6854 45 536
305 413 4660
6700 46 5621
5199 287 472
3534 371 398
4648 58 435
5009 104 4899
3209 194 8783
952 333 9484
2710 78 778
3194 192 8363
3413 92 6896
1397 660 225
5152 117 3688
4669 580 5846
6053 644 4384
5061 192 570
1692 864 491
93 6 451
4903 154 2695
1656 819 339
3174 80 9239
1633 207 4300
3652 454 8382
6348 44 7037
5086 117 7137
884 200 443
4354 724 8794
2116 174 8591
5692 704 958
2711 245 349
2692 715 280
6586 100 461
6455 765 432
4528 19 608
2949 555 355
1856 287 369
282 701 3879
2508 612 511
5220 645 553
4958 749 4068
3752 794 230
713 147 782
3720 820 343
336 35 6891
3657 180 290
4421 15 6810
6520 499 432
665 659 383
3819 200 332
3882 156 279
6080 269 429
6540 415 556
1479 139 378
822 309 4627
5743 567 8808
942 476 674
2777 508 257
1887 252 9386
5761 116 838
5892 647 5400
629 822 650
5529 62 800
1291 13 5243
6681 522 8324
4652 857 382
5658 422 3022
5243 722 1290
751 426 6590
5000 849 5720
5178 679 7347
2130 774 8601
1997 123 3650
5478 785 7742
3098 464 323
84 579 171
5841 672 5116
4673 624 229
5269 277 246
4251 428 6325
6171 276 611
5051 620 274
640 601 552
1568 401 767
4703 554 693
5997 535 504
1535 317 512
2298 762 408
533 671 627
3596 351 7027
2630 417 579
3110 212 728
3150 225 516
1630 176 424
928 807 6310
2028 458 764
4853 671 522
6244 535 276
1896 396 3149
4928 120 804
3000 792 700
6756 421 1732
4916 219 3850
2647 442 4949
5752 831 396
4776 371 659
1285 372 380
3907 144 599
3 269 367
4006 233 251
4043 34 9833
1352 697 9218
2982 194 3033
402 454 4631
4441 394 6341
2639 780 6926
1393 188 412
1784 205 225
781 219 5403
6534 443 2396
1870 233 219
443 234 9051
4313 373 467
2235 444 410
2937 835 3895
6431 14 5195
3021 806 9048
4779 552 8398
3708 794 407
1356 741 7022
3291 671 597
1664 257 500
3269 782 9495
6422 130 3284
1135 94 4481
710 743 167
4074 14 349
1216 719 198
4369 428 3454
4135 521 2737
1171 700 3196
3890 489 7684
228 467 381
106 62 770
3771 187 6909
2429 205 358
129 378 366
1863 496 507
1711 624 140
274 752 7305
4592 580 4327
427 171 9804
6070 771 682
2382 759 191
2160 765 288
6241 797 544
4926 462 266
415 111 9789
1568 166 372
6015 554 756
2040 633 347
461 209 7124
1001 301 910
4488 382 8774
6229 75 967
2334 180 173
5824 440 4520
6358 299 660
6819 366 304
1163 862 5027
5812 864 289
4615 398 473
5554 457 400
4693 781 601
5836 480 3150
5309 364 656
2626 265 7428
66 141 283
3973 100 655
3894 314 316
5334 608 512
6398 588 4913
5645 88 3480
3730 67 406
5605 9 8973
1561 287 705
5032 126 4568
3899 672 5188
6127 329 501
2027 24 143
2204 327 456
5160 479 3236
5545 194 6362
779 151 3341
4663 166 302
6356 475 3619
1068 486 351
1020 525 390
2420 205 469
866 691 4543
2931 178 7379
3165 500 384
554 409 4770
5314 660 6157
2655 479 9671
3221 139 273
2956 295 8715
3813 152 7498
6073 43 534
1724 479 3854
6344 645 483
1340 584 803
2631 621 475
4368 229 1874
3112 160 302
5375 490 248
2801 828 3039
1321 316 609
5913 227 9347
6125 489 5678
3998 146 338
4335 433 795
6771 70 7047
4425 694 9716
6063 466 5820
1181 660 396
1700 633 557
6703 163 334
1024 437 5221
4282 437 3770
244 651 274
5308 176 551
6056 678 424
4573 633 450
808 247 673
3793 290 269
4070 48 4931
4705 253 3370
2962 397 6449
4409 709 457
1007 784 690
1686 235 418
430 67 612
1094 628 4519
858 705 331
4672 171 7677
2792 353 137
3017 757 638
3770 608 526
2484 481 7218
6572 773 9049
4912 147 566
4888 655 8990
4605 181 9989
5678 737 312
2448 326 3597
5853 157 533
5071 534 3581
1975 369 299
3536 252 6367
3693 831 440
4278 23 338
5809 62 593
2163 472 322
4739 230 396
3139 143 406
1462 6 252
6205 11 4858
3556 71 461
5817 166 264
5635 257 374
138 745 5340
1586 385 779
343 191 6833
5029 625 5097
2148 53 222
3475 672 5757
94 358 9814
578 259 7142
3898 287 357
1779 276 496
262 106 8734
3374 432 8092
732 645 326
6430 436 2013
3208 498 312
2000 33 423
103 85 5406
486 591 607
4395 731 1176
5956 191 8074
864 316 814
6390 290 499
1644 435 4895
3119 460 405
5106 357 591
2803 745 365
5138 685 308
6000 492 531
913 503 612
2999 37 8404
974 841 491
5625 253 6468
1053 212 662
6812 737 284
5727 776 4610
4773 377 275
2746 479 6303
1225 860 531
4722 751 4725
3719 610 5818
1539 452 626
4575 655 708
4904 239 398
1631 376 6241
3263 98 1290
5027 36 2947
5623 314 386
4208 176 314
4239 318 572
6517 432 434
5408 234 7061
1252 137 556
3679 674 408
3844 619 7210
3154 612 458
4245 141 439
2024 675 3854
2041 160 535
1338 405 8954
4257 503 912
3597 644 7709
5161 86 355
3176 740 593
4404 613 3546
2663 59 8400
4950 141 302
5154 257 530
45 309 6928
1383 295 9532
5723 716 692
4765 784 1099
858 26 240
351 233 402
1327 615 5592
3401 355 359
4688 55 564
3479 257 9771
342 773 9671
1421 783 295
584 782 9668
3932 721 339
6676 131 6894
3928 500 545
6029 548 7835
4054 157 6729
5135 228 8098
3740 849 8103
4302 797 444
2718 725 632
6535 283 5535
6636 593 550
2505 200 311
6066 575 6378
6357 228 8894
3314 155 369
6230 620 634
3082 832 344
741 108 309
6287 709 272
3208 235 323
1261 372 191
4932 850 466
5506 740 8042
4481 156 328
1435 464 276
740 415 499
3650 452 369
5361 325 298
4103 144 337
1928 139 408
4515 508 223
1180 343 6224
4032 143 6214
4905 776 3174
1844 861 456
3411 379 516
188 373 217
2837 51 423
4483 105 247
3274 849 6580
4205 589 312
458 770 9483
3085 496 349
3746 614 6670
924 327 332
5381 114 239
521 88 6904
230 51 385
6576 673 9994
3240 130 4237
1939 15 7768
5812 627 412
2045 58 752
1814 837 1468
3653 140 7694
3881 588 5106
1240 665 4262
2241 334 400
3175 72 282
709 396 4805
2747 536 9705
197 158 5404
2797 650 748
408 398 817
6337 455 4322
658 651 7118
6801 134 245
2599 163 410
6856 235 337
3453 309 6345
3754 479 9513
4489 600 5244
1711 797 380
6786 649 562
3854 377 338
5348 662 6413
2187 516 411
2620 508 141
1769 445 5139
759 298 371
854 766 702
6236 596 643
4293 177 2960
4099 125 6910
966 757 543
2928 111 7720
1593 430 4786
5279 355 259
5539 0 371
1345 856 6948
3402 413 8527
5455 742 625
1620 277 223
166 428 6567
1436 734 3531
533 784 721
4840 365 5211
3298 180 202
5615 353 288
3929 631 413
1965 168 517
1977 486 274
6762 27 147
3506 783 5708
5202 617 5192
5116 204 906
56 854 241
6467 4 865
6024 179 3036
5277 130 6598
4287 320 632
5860 430 7099
897 568 3633
2949 144 323
6015 570 387
4607 831 362
4702 664 8473
2947 602 9170
3444 252 6474
1369 109 469
6867 422 9837
5186 861 711
2649 472 394
2013 265 9248
3134 68 859
706 621 353
5520 685 240
1204 481 7829
2990 29 311
5066 452 440
5108 75 326
2134 72 191
6391 552 3221
6631 507 2276
1737 384 9598
3514 662 6876
746 673 9286
5935 143 240
4192 624 215
6545 732 7339
1705 721 161
1086 43 337
1789 287 686
5497 783 222
4088 708 450
6399 657 8718
2365 608 405
335 314 202
2716 352 370
1201 466 7451
1646 486 355
999 431 4689
912 619 9917
6634 849 8110
2722 109 648
4410 666 7500
116 218 312
5412 819 320
2686 428 8505
829 554 8505
2986 658 451
1540 664 5944
3398 473 298
668 857 647
3812 226 1599
3546 266 7127
3286 162 447
4618 251 669
694 314 392
2008 358 3414
691 259 4220
1154 596 9902
2563 545 4104
4047 613 3963
3549 692 8984
1611 853 4667
3347 147 504
4116 478 6423
1651 601 366
721 704 541
5316 716 315
1762 368 5831
1005 614 9859
4310 10 257
6145 198 4193
1308 686 520
2381 757 389
1041 227 5666
5189 860 277
2456 265 5794
483 630 3126
5778 665 6206
590 568 3000
2367 765 370
472 305 7421
6368 252 5144
3000 713 491
5538 820 486
3644 200 295
4179 102 404
3701 206 762
4921 290 363
4502 432 350
5678 6 315
2525 302 415
1497 546 482
2018 688 7129
4108 214 8439
3342 804 486
1331 279 4419
6476 706 244
2586 259 9355
2215 589 363
3786 645 310
1402 413 8241
5583 222 3472
2433 213 343
1529 463 809
6533 163 302
4817 318 533
3027 564 6331
2193 464 338
1987 527 8560
5618 213 662
5825 181 9749
4399 704 861
1809 76 273
933 628 7749
6460 776 4592
1868 692 7871
6802 9 7031
2945 339 619
809 409 3130
6724 394 5061
741 280 486
480 316 688
1028 593 490
2833 171 4127
1211 672 5204
2796 27 174
6785 494 7775
6693 164 9555
4870 488 4317
911 604 9549
1901 489 8697
1080 495 718
3629 562 2939
6617 308 3685
6282 797 507
6146 138 6540
873 648 488
3496 216 8967
1323 762 446
5722 684 577
3680 310 231
4656 628 5855
6119 751 895
1342 620 602
4014 775 530
4140 830 3599
5132 382 4096
2960 831 474
3297 174 298
73 222 5152
1284 632 375
5417 462 304
2307 706 369
1960 301 695
6805 631 291
4505 492 397
1481 554 642
990 649 532
647 298 9487
2971 369 304
6354 640 525
5710 108 305
476 646 5431
5198 353 253
4754 660 392
4629 421 6172
1623 816 7245
934 665 8329
6383 569 5667
2416 742 7823
515 417 543
3331 686 304
6157 662 5068
522 50 1039
4994 277 395
1471 548 9566
4006 287 395
1282 650 656
5741 863 337
3067 85 6550
2227 621 299
3447 492 496
5779 466 5577
2760 467 415
3939 214 9901
3764 214 5593
574 314 6807
3197 774 825
2658 138 6010
5814 472 252
4776 42 951
4423 433 941
1681 601 276
5488 574 338
3727 183 496
2602 227 6135
688 442 7944
6161 651 336
6827 227 5518
4387 221 7202
2269 242 7621
6782 556 6261
2202 157 635
3193 162 617
4287 299 610
2153 139 244
1734 76 515
4035 757 523
4839 815 3505
5474 568 3127
686 58 439
4784 301 521
4836 475 7089
2381 641 183
3106 319 796
3130 209 7341
1251 434 4064
1097 79 490
788 674 461
2340 771 524
4546 500 330
503 455 195
1078 709 414
5907 628 3527
1950 345 3706
5922 96 6059
4945 185 6257
1828 818 334
4796 672 8812
47 608 546
4294 80 6559
6874 15 9245
1175 440 5167
6658 841 778
1935 850 433
818 189 8365
3036 24 274
3601 441 430
4005 28 714
5967 457 353
1542 56 422
6742 72 229
885 178 5785
1152 409 9568
1247 400 645
3037 222 4036
960 691 3453
4573 29 388
5587 348 476
6378 529 5206
4664 107 673
1235 389 730
4023 564 4997
2360 34 4999
5805 750 457
4564 839 4474
6646 176 378
2790 690 357
3307 654 444
5099 627 349
5579 493 362
6271 306 5292
2859 796 701
2539 409 9234
4221 445 6121
246 297 403
1285 1 475
3094 143 230
2094 861 691
4244 310 295
3366 822 530
6113 108 350
2901 371 592
852 577 326
2440 62 816
4883 283 3040
4177 70 8097
4209 200 7041
6772 504 2924
10 477 330
418 532 428
4618 774 639
1797 750 502
1182 263 8285
3038 556 9807
3619 822 568
6094 219 9431
4761 849 6149
1607 685 598
5511 17 671
3958 821 7371
2830 785 8350
5911 428 6538
3439 180 180
2449 614 6134
3884 767 328
1697 499 597
3716 228 5830
4320 230 240
994 502 3950
2978 336 635
3405 802 2822
2066 766 694
614 729 614
3969 652 6206
4480 733 337
1077 716 303
1113 764 3755
2809 569 7498
6595 108 389
5918 795 843
4223 193 453
4143 194 4318
4829 438 4731
333 797 351
6189 851 295
1741 186 387
333 624 134
1581 147 565
787 10 439
2190 555 347
5636 246 763
1455 34 5035
1131 246 714
5503 370 600
1519 424 301
253 710 509
3977 111 8637
6385 612 220
5356 575 5269
6788 265 3017
840 266 7090
1682 89 6398
327 824 8634
1815 786 8157
2176 111 4607
1030 777 2056
2250 424 270
6001 822 244
3273 216 9875
4640 109 741
4335 863 547
5544 822 456
2719 334 950
5373 283 5180
224 69 449
1275 799 9084
972 658 364
2751 92 5279
703 105 478
5453 422 5710
720 236 5866
2143 741 9217
1237 384 5846
2949 503 459
4134 187 4113
3203 80 6704
2926 315 273
5230 113 253
6400 297 254
5260 325 432
3586 205 4763
426 611 3775
3326 452 347
6163 188 234
1390 819 184
6720 175 383
1222 255 9874
3824 692 4535
2980 633 227
1257 467 172
3260 710 418
5651 317 344
3558 147 414
1646 738 725
1881 781 856
5273 212 825
2892 807 7972
6557 691 6329
662 325 306
3185 690 345
506 160 334
3848 785 8744
576 365 5950
3891 215 599
6543 26 286
1674 510 2957
1075 39 4658
2511 636 777
411 827 213
5561 818 183
4501 250 3130
766 701 5088
1803 217 4461
6267 591 322
1380 368 7958
5342 269 378
6273 705 556
1694 317 407
2685 437 5086
3961 605 6435
5081 365 7578
1073 309 4916
3669 363 4317
6571 649 905
2093 587 8687
1334 667 763
5777 71 7060
5925 791 9200
4993 45 371
537 53 361
4547 328 350
6104 204 726
4255 563 471
6812 591 343
2533 658 307
4336 733 229
1217 451 564
3992 716 520
1895 826 632
1649 126 8294
172 105 475
3742 370 358
5584 146 322
124 812 704
3925 374 197
1811 313 848
1933 279 7827
3088 572 9986
4260 854 317
2114 108 168
558 739 5348
6129 491 498
5157 544 401
1919 396 7208
2998 466 4902
4513 770 8241
5176 393 417
5495 94 190
3225 206 464
6568 227 3199
239 408 393
4747 564 4240
4689 781 929
4999 856 3552
6702 158 3382
42 737 517
6188 748 580
235 680 781
1924 864 590
5713 806 3297
3789 488 9294
2955 861 767
1364 680 945
3802 175 350
4113 462 381
3297 797 384
6156 603 9248
4647 753 255
3983 222 4987
5734 573 379
1578 836 7104
2383 851 189
482 744 6935
4024 456 531
3674 478 8607
3945 129 463
6653 164 4252
2699 709 333
4502 120 412
1425 181 7386
3349 221 347
2214 610 8653
2039 214 5809
2738 508 232
4363 291 7718
598 849 7972
5389 70 9155
4514 527 5579
3823 15 3902
4499 401 567
5334 107 376
919 619 9840
6176 580 8136
3762 600 4231
5717 458 531
4433 158 3482
4031 605 8883
3464 832 5837
4136 225 560
2758 727 760
6463 206 293
6679 430 8377
4081 843 5587
3509 614 9343
3941 816 8384
4898 427 9143
6106 175 232
4512 621 341
4201 14 298
3389 522 8453
948 320 319
4645 473 4313
4104 628 6209
6027 258 8398
4992 246 625
6259 579 203
2336 370 705
1264 818 356
6227 631 605
4789 429 826
153 667 784
233 485 9990
1276 800 8462
3419 704 670
6392 171 6285
2499 104 3553
4805 641 200
1147 738 712
3817 701 5004
3454 311 403
6441 511 4535
5985 358 3520
2764 473 455
1084 427 5888
1673 209 6385
1430 538 7530
3787 422 8030
2968 258 503
6135 532 294
4723 428 6144
2126 440 5559
4391 602 6103
2150 182 769
4610 28 323
2029 815 6195
5068 686 329
2417 799 5663
6389 466 5619
3945 246 878
1847 26 207
4164 153 542
6665 757 364
2178 463 528
5984 690 374
1161 48 6061
4646 348 543
5585 152 3093
5327 549 8933
6822 247 390
5607 24 120
2841 447 4156
4918 614 9427
93 737 401
5413 186 360
331 850 402
4058 491 400
1476 333 5337
1016 104 5211
1422 45 8043
4925 486 347
6204 823 529
816 839 3941
3318 303 4910
3759 284 7576
368 771 521
3482 39 4424
1151 113 478
2327 15 7945
2867 377 407
3648 393 940
5761 533 764
3937 615 3486
856 720 574
3869 435 9186
6331 512 2879
1585 765 262
1576 620 277
2919 617 8358
3528 720 638
6040 783 297
6536 679 5793
2447 250 3444
4711 478 5822
5966 666 630
63 663 2058
67 683 373
5872 73 4824
6171 863 396
5689 134 206
5318 50 653
618 191 5080
5751 483 4785
2085 819 255
935 529 9059
6517 50 442
2502 325 7293
1347 290 439
981 683 282
6571 774 903
4494 791 9597
385 678 497
488 751 2667
962 126 9474
1419 70 3178
2971 563 410
4710 582 590
643 322 9075
82 188 356
2858 28 499
2470 225 299
6619 406 6099
2030 660 336
3059 577 691
5109 322 9931
5168 194 9324
4417 213 810
4222 857 651
5552 155 563
668 307 541
2600 173 491
1197 681 2138
5193 762 448
200 636 457
6851 690 407
1715 79 690
3086 825 6132
3747 601 445
6813 780 6692
2562 713 557
6011 515 3342
1508 635 7359
1808 700 6038
5332 580 7675
3288 686 471
4474 19 8603
4121 430 9023
4544 188 416
1641 437 4210
3080 500 451
3322 664 5015
4929 364 369
192 71 339
4777 646 9417
3474 455 249
4959 705 650
5616 186 274
3015 623 5441
1170 758 328
1646 77 602
2351 106 8151
3835 450 8234
6443 536 6172
2099 351 8602
1915 716 281
4582 679 9079
4341 209 3474
6092 495 533
4198 632 390
2142 78 486
4803 365 3496
5578 67 651
3442 836 7797
3743 15 9504
5884 309 6626
2806 314 402
3121 453 1862
4751 43 321
4463 434 3430
876 189 420
4577 694 5225
3615 403 3278
3376 195 181
6708 265 9758
3384 173 527
2993 240 6936
3593 262 159
57 23 197
4467 227 5316
527 20 570
4651 48 8412
2329 651 295
3489 418 2896
3721 17 786
1169 830 4525
4052 429 6261
2113 136 1708
417 205 335
1871 605 9623
2526 426 5690
4969 424 153
5809 241 628
217 117 7442
4064 134 320
4719 641 147
6600 617 9547
1453 670 5142
5082 849 8585
2532 55 326
74 291 465
319 224 8814
2896 379 450
5206 106 6479
1989 186 371
4314 296 5743
1571 493 390
641 19 8528
5049 422 7062
6138 121 536
1268 639 8181
1885 290 438
3717 578 4417
4991 699 488
2875 674 270
473 447 9655
6625 434 6711
976 434 7022
5659 178 3235
5442 640 256
4710 745 372
3796 785 7375
2752 427 9544
6132 371 412
2829 633 331
4504 143 288
4709 781 498
2125 397 6702
4227 24 220
1504 76 334
3191 3 7536
5429 494 5123
6098 854 285
3825 862 4779
4384 193 670
6434 853 3945
6870 477 545
5226 727 573
2948 795 416
25 812 502
5497 560 313
1544 80 8443
4158 640 577
6416 257 550
4800 485 3582
6537 153 5309
3664 438 8413
303 617 7863
4647 65 239
3567 678 535
5744 255 4119
4216 81 2374
5631 815 9855
3935 794 403
5351 107 6142
6272 796 483
846 584 9030
1205 284 7527
5466 166 351
4071 26 333
6199 728 5944
2242 92 4389
5018 164 3624
6514 67 539
3818 529 9792
4964 790 429
1381 218 244
486 737 534
3499 508 279
2934 269 679
1315 352 430
347 564 4266
528 690 420
6500 582 424
4058 719 384
3100 557 745
1653 692 7826
3800 784 407
715 664 9347
6267 6 274
4625 535 228
3905 818 296
4844 169 3420
28 708 403
6387 753 283
3244 816 9638
4928 432 823
2690 100 534
3800 362 457
1929 572 755
1396 601 7530
5933 113 323
2976 205 353
1560 139 384
2754 764 5727
6726 819 430
5511 392 447
2057 380 4286
3723 366 6801
542 725 298
3053 139 560
5311 369 321
3210 146 198
5354 485 6828
1446 199 979
2819 315 364
5646 26 319
5285 686 489
3327 179 8588
2412 477 303
749 514 335
3617 440 8063
6473 372 423
6614 765 347
4457 193 651
2588 1 274
5686 442 5687
3560 182 755
1921 130 3097
4154 577 8812
5004 632 515
5924 800 7589
243 786 6910
5957 836 8557
3308 440 3946
6310 673 4182
2427 399 4954
3412 368 6905
4255 369 340
712 672 8481
4523 86 528
4060 594 2594
447 26 265
711 202 7848
5445 855 9443
5682 290 348
255 309 6525
6769 365 4207
130 406 9992
6034 69 228
1614 602 6386
4632 472 5258
1465 109 417
5542 522 7667
1193 701 6712
6318 808 462
6581 166 269
1888 805 2326
4611 549 5683
178 709 452
4389 655 630
289 28 461
1474 334 978
6213 236 5239
6605 636 723
4436 596 595
5866 218 184
6003 108 436
86 628 5953
808 648 455
4795 27 183
5137 461 9546
4846 647 4666
6862 781 1124
5719 34 7995
6107 170 2589
5612 381 6446
5970 175 4836
4361 185 4043
5668 650 694
1334 291 614
6437 186 272
2929 174 362
5918 315 591
2051 706 314
4315 394 6173
882 825 4790
5959 682 3008
2438 621 549
5057 184 1371
1747 569 5395
5194 604 649
6000 661 319
3472 213 8939
2251 175 420
6686 338 4551
142 100 487
339 62 820
3529 414 7126
772 72 398
3048 269 368
1657 71 378
6777 193 755
4397 738 9745
5175 473 198
6628 296 8457
1397 683 274
4867 128 8662
2082 257 598
5785 700 5860
3551 155 638
2696 613 9889
5404 776 6337
1361 493 445
21 327 493
5250 371 6725
6228 614 5172
6766 800 8752
6058 218 241
3761 631 690
4978 475 6023
4338 259 9794
6602 358 3776
5328 745 247
2783 665 6829
2916 800 9851
5110 394 5361
2902 762 477
5131 305 3119
2705 625 7609
6005 299 552
5175 398 434
4272 472 383
277 145 2234
1301 615 7595
6433 372 341
717 61 9816
5239 481 3124
2254 80 6371
4225 746 9575
6652 729 349
4583 25 242
548 498 549
4160 710 248
3483 30 4321
1696 55 288
3776 403 6911
1477 800 7167
4440 330 7082
5193 162 597
1007 362 791
5236 696 9488
6626 715 293
6491 297 198
356 373 451
2509 221 406
1208 255 4442
5687 115 7420
4280 850 312
2418 143 251
5458 491 343
2623 200 229
2510 546 332
2130 251 8385
2021 31 3160
4806 201 589
3507 178 6843
4512 860 305
3245 242 6889
4438 672 4773
48 549 8080
3996 651 421
5307 703 4800
2437 454 3660
4125 183 9672
3383 619 3720
6497 160 490
3234 748 751
4451 324 751
6599 564 5027
2171 160 312
1992 240 8919
1288 647 7650
3480 34 6157
5725 613 9881
6889 227 4310
80 155 712
1130 234 9899
4429 655 530
6811 517 7801
1498 408 376
4413 96 8074
3032 861 645
1680 28 421
5549 756 7063
1787 125 5155
3472 301 8929
1934 67 424
5473 89 5620
1470 517 3882
164 181 6854
3157 670 8683
6829 536 9277
2608 623 9155
6541 825 6676
4618 649 655
1451 509 7538
6555 168 941
3670 65 428
6381 28 532
5493 236 6168
2198 139 219
636 78 988
4371 182 567
2847 351 7049
3254 532 435
6424 248 797
5105 91 328
4849 824 9132
6737 781 643
131 140 3498
5124 320 440
214 509 6711
37 284 9252
4266 263 6524
1864 319 1687
1245 647 3688
4666 313 458
4960 466 6902
1027 684 589
140 505 5669
3122 483 5527
5567 770 7265
4733 740 550
4998 257 606
382 737 412
3077 749 3634
745 296 8320
2476 361 8662
1191 645 573
1692 627 566
3181 808 249
1209 225 596
4718 463 494
1930 422 8981
5895 299 482
3601 389 386
5807 533 946
2795 839 6740
244 496 274
5745 718 6104
6418 260 342
2141 680 375
5268 553 444
3981 477 458
3220 339 663
597 163 283
2857 392 362
4037 140 8427
3420 511 378
1688 741 6200
3399 489 8789
1893 690 288
1880 580 9805
898 194 8304
2279 742 405
416 299 464
2509 302 297
6885 115 7037
5757 303 3849
1785 782 9474
3769 75 532
6773 743 216
699 854 320
5334 375 236
4751 212 361
6464 565 3050
153 291 595
4379 113 722
3346 628 8613
5627 268 544
2562 792 912
4704 509 5727
2932 236 4385
624 199 1130
5561 10 242
6377 163 450
1411 850 426
184 370 472
2831 219 7312
3519 695 3144
3763 401 687
4208 676 241
6028 715 116
6000 231 294
468 454 9228
1051 431 5380
879 462 189
1617 409 5907
1115 635 8138
4565 725 341
1844 267 511
5633 148 7746
5465 430 9202
3432 200 371
2042 121 608
3916 374 551
4062 246 865
5064 843 8137
4048 133 2317
5702 671 492
4713 457 298
3593 311 351
2245 759 221
5636 129 499
5459 789 5051
4988 457 516
1652 43 362
5113 392 5784
5786 222 7002
5702 784 574
2769 25 252
6486 95 214
974 490 271
4677 417 552
1474 349 978
2792 491 289
5197 324 453
3321 417 461
4589 582 361
2352 810 2742
5102 106 7896
5551 727 716
1114 273 1802
466 816 3395
4925 738 590
3568 783 422
1589 511 216
1141 288 8900
6473 114 350
685 330 3664
4096 344 4725
6320 552 5657
93 591 567
805 580 6184
4989 160 691
4130 182 795
5248 350 479
1414 750 747
6859 68 559
2876 733 519
2261 717 1729
2834 430 5006
6006 631 5002
3637 662 5617
941 396 4152
3599 152 7733
6737 553 647
815 428 5656
791 856 8123
2503 454 5086
6682 142 572
5415 163 318
4975 571 721
1002 207 9369
1200 764 5229
385 76 466
1855 654 751
6256 505 6030
5512 658 422
191 123 6959
2884 322 8262
259 742 620
3406 696 3858
877 0 565
6738 785 7510
2891 78 433
2726 192 351
2652 553 525
2741 711 6245
1181 683 426
1406 592 3208
523 337 3047
5267 236 3067
2343 486 454
1792 450 9200
3962 462 413
6734 216 8514
4403 575 3277
4182 536 6966
1475 287 9678
6624 339 709
2243 753 468
5676 290 9403
6101 742 473
2588 114 179
6513 776 5349
404 611 5616
2223 444 598
1683 263 7739
4628 430 6016
1354 458 674
2911 667 416
5471 525 332
3362 606 625
1875 64 223
4285 789 6740
232 746 4621
6835 319 404
2015 338 8575
986 224 8363
4094 77 580
5774 454 7092
1223 694 6411
2588 372 202
2859 378 623
6121 186 302
4524 499 481
1813 593 556
2882 509 3555
1319 160 9499
4240 841 655
4054 241 8020
1179 158 5106
5360 648 349
3135 500 325
4244 315 381
6824 99 8011
286 100 528
1873 317 218
6877 726 4037
3548 759 309
6016 100 8509
1442 511 320
1367 822 421
3071 697 7112
5797 532 381
3046 457 238
896 220 200
1344 233 229
6643 440 3683
5780 326 8219
665 55 270
6369 385 8609
4786 691 3844
5192 757 260
5146 556 9569
1722 370 572
5410 552 8846
3860 678 347
4626 660 256
4866 218 437
4650 325 342
1999 825 7063
5963 178 7087
733 573 609
1981 384 6322
961 164 4597
583 719 325
1630 676 344
370 729 465
5380 797 503
556 791 3485
1836 771 8058
3168 343 6986
1104 178 7921
3957 433 691
1856 233 244
2720 302 318
6437 652 354
5368 505 5298
823 593 281
4382 29 418
3251 776 8481
2638 747 4140
6200 797 364
4500 808 392
2378 534 2277
2000 739 354
5452 593 7027
2909 205 276
2313 433 946
3468 542 2744
1841 815 6226
1159 235 348
3369 560 563
6315 851 233
5837 664 5261
302 75 900
3760 595 577
5381 372 298
2377 486 376
1314 76 474
2967 246 577
6233 54 259
177 409 9671
5346 461 6085
2676 730 9199
3437 150 553
2271 120 455
5476 625 9100
1049 180 97
567 51 469
4681 54 283
3441 565 7842
3677 488 6065
5199 233 288
4891 479 8320
2736 120 747
5385 857 430
5999 297 307
2748 619 9382
2987 366 524
2167 155 481
3858 851 193
2963 800 6000
6263 696 3353
2881 382 8270
5129 733 234
5915 737 275
698 254 355
2375 750 763
1305 652 560
1839 666 339
3586 20 9143
4752 660 294
4714 268 724
5942 775 460
6388 164 6775
339 157 698
5451 475 8498
1975 563 387
5581 721 364
1507 730 8334
1834 480 7432
4736 757 268
6878 366 322
2068 476 8323
1236 268 407
5700 268 521
4355 820 485
256 438 9850
3765 841 420
6402 506 163
4787 582 696
5210 711 8375
5087 773 6054
6041 234 5470
954 341 5556
4030 389 809
6711 373 450
2434 441 8691
3079 697 3282
5025 462 306
2463 460 307
619 548 9942
4077 370 651
1911 776 4956
2146 348 350
4376 86 556
2246 800 8169
5541 841 422
8 17 723
3982 708 365
4388 493 303
3564 230 362
4955 165 7223
2250 314 382
6363 104 6656
6122 135 6778
3310 15 8454
170 385 451
1026 748 331
6502 131 4699
1990 262 313
3542 741 3982
1417 192 448
1616 424 161
4926 298 326
4740 100 488
540 851 217
785 175 357
6605 289 481
3448 522 9345
3758 405 6091
6826 569 3077
6124 646 9408
2670 746 7267
441 326 5839
2465 718 8497
4690 666 700
4373 368 3280
3248 713 6461
684 61 7712
2898 488 3914
5419 121 456
6784 475 7557
5278 489 8507
1594 25 459
3198 302 433
6258 749 6024
4227 195 315
600 365 6917
6861 619 3268
2641 152 7510
6852 700 9303
880 582 502
910 586 2680
3000 248 498
4415 527 5755
5790 348 319
341 409 9655
3325 796 9845
489 635 8470
4961 833 3129
1538 744 3438
323 239 274
6517 120 480
5059 102 352
6504 537 9211
2840 485 8667
3969 186 5067
6174 579 349
6606 442 4386
4619 488 6785
2030 683 443
3334 738 382
659 75 528
1516 647 5781
1577 309 4279
1295 732 622
3682 380 4490
6519 800 9750
4327 850 437
6143 13 5965
2749 237 187
931 140 3742
231 494 3495
35 516 777
4765 671 878
6038 357 312
437 86 498
6075 242 9021
1883 268 950
2858 404 524
4026 580 4678
734 176 617
4297 325 195
1217 311 497
1469 522 5126
2032 163 8870
3020 174 355
2152 729 519
6630 217 8903
204 408 464
3735 806 9721
5750 391 451
3670 95 254
4966 821 399
5556 400 867
1615 485 3164
335 424 124
6592 187 4867
0 411 292
4119 694 7374
4734 807 6402
4639 711 7153
6269 202 4900
3792 765 333
3755 837 3876
1261 114 151
2511 289 429
206 758 440
5 338 5612
4144 746 7816
4007 366 348
789 95 376
777 23 292
3570 715 162
1044 560 657
3774 477 524
5345 406 5376
1823 787 9227
6257 741 9103
3712 820 253
4437 783 368
4342 28 281
5849 96 7520
3714 635 6665
5720 830 4777
6221 289 6168
832 812 625
5873 251 618
2112 705 417
5437 718 3112
379 185 8098
6667 666 450
4698 683 275
4224 579 183
2601 415 341
6218 31 5197
4683 832 368
6105 94 112
1285 114 294
6191 620 283
4655 405 5181
1891 167 3574
687 464 392
1599 740 430
6577 712 4275
6410 511 313
2201 825 8330
6689 222 9729
5046 829 2102
3052 173 742
6646 676 347
2170 750 617
382 6 492
857 245 235
6791 234 4357
5304 685 205
4263 86 572
1931 665 4801
2451 746 5740
4679 426 8481
2924 330 5355
2469 77 458
6131 754 323
4307 466 9027
4768 809 1116
5496 142 403
3250 569 9271
1068 77 529
6299 807 4217
3888 620 508
547 557 581
5986 464 237
2500 499 289
1274 392 298
5903 188 218
3805 492 677
622 341 9905
6394 306 7763
4127 633 267
3228 248 650
3233 55 6593
1655 615 7043
4329 755 3393
4100 836 4087
5424 179 5833
2357 457 434
3380 179 5972
6158 666 332
1711 174 318
3087 376 8892
1782 601 356
2295 750 648
1101 508 248
1606 250 4480
1676 258 607
2980 29 253
1299 322 6229
981 660 239
2136 409 6998
4173 837 1062
2095 440 3150
3367 710 310
5928 839 5828
1766 538 1565
2657 516 689
4901 699 397
2358 815 5608
5700 727 490
1645 220 290
6589 353 204
555 393 833
1401 117 7972
4971 836 4726
1309 599 712
3337 230 372
1952 392 504
2461 451 844
6725 517 3702
5006 805 8922
1123 44 7687
1459 375 242
6341 260 544
3358 40 5391
1852 430 9411
3831 650 865
2342 148 6672
49 441 420
236 253 7407
4331 0 536
1159 498 356
4939 537 7252
5491 652 688
401 442 5912
1124 181 7345
3871 44 3068
2395 831 301
5615 719 480
4979 79 516
5536 351 9949
5628 806 7626
4393 305 9086
5840 684 1118
944 391 446
6318 674 578
3249 396 5161
4885 841 670
6186 452 417
4532 218 5146
5753 137 326
3422 131 3875
4371 857 520
2184 624 157
3109 320 369
6603 209 6977
1089 645 348
1423 280 319
6741 147 684
6501 225 498
4322 185 9787
1726 582 458
535 758 288
700 690 360
494 178 9723
4684 722 1625
4428 39 4295
3985 713 658
1226 644 5565
5065 862 1663
5395 606 480
2265 246 464
2612 538 6592
829 570 4042
4115 812 644
4984 342 8388
2130 649 8909
2206 781 579
551 729 552
5668 533 686
6446 288 8088
5513 703 9851
5906 42 959
4807 548 3280
5940 158 3990
3889 784 8042
5406 385 517
2821 729 363
6272 378 430
5184 356 2750
612 693 2539
1966 326 9450
4657 438 7563
2538 144 395
5853 241 552
4674 715 147
1265 183 908
4490 480 6842
4608 73 6490
2461 262 337
3350 233 361
234 299 418
5610 279 8518
4977 616 4033
1098 302 412
5300 718 8574
5845 338 4635
5923 373 255
4063 812 518
2861 466 6545
879 298 257
6627 408 456
1985 89 4175
2285 479 6780
3336 631 609
5014 734 3491
1194 399 5160
5418 126 7437
2426 176 666
6127 246 654
4059 475 9436
29 533 538
2117 63 3182
985 578 7292
4808 618 3338
6758 511 337
6033 39 3352
3120 92 3694
707 625 5158
2992 635 7665
982 378 522
240 593 507
4569 670 9921
2165 70 4664
2922 782 4674
6609 587 4429
2385 732 612
878 413 7987
220 168 431
1809 678 258
990 251 501
3096 719 7045
381 135 5437
3521 639 9475
5505 690 262
2614 176 445
1677 58 558
5854 509 3098
3414 694 5088
4193 511 284
1375 376 7187
2824 245 208
947 460 628
5123 740 580
1867 647 3862
2905 414 9385
6675 850 7002
2786 733 524
1565 615 7911
6095 378 601
2974 673 6543
1969 122 5418
3870 217 5421
3370 485 3219
6730 627 528
871 737 399
1379 699 650
6601 662 8188
5477 102 625
1377 409 6151
1828 10 402
269 231 324
6239 13 6942
4196 445 4897
2180 481 5890
645 417 547
3504 278 576
2115 357 485
6574 220 447
2660 153 569
4079 427 5064
624 640 639
3636 105 257
6495 411 321
3205 369 288
616 729 643
3992 215 860
4473 699 8870
496 843 9114
568 409 6705
1714 780 3770
3182 316 594
2267 792 772
4531 657 5977
650 733 251
2984 225 445
753 374 422
6115 566 1591
5917 587 8023
5247 725 339
306 456 508
2554 477 427
3270 845 2657
3684 426 3496
5634 467 258
4339 352 560
133 253 5872
5781 655 723
5998 546 564
4479 73 6927
6280 444 996
212 291 447
338 295 5815
3639 364 362
6848 849 5540
2120 662 3216
21 393 929
4253 754 347
3162 111 6975
5147 604 611
85 132 1747
80 577 664
5994 745 317
422 549 3174
1372 302 528
3706 248 466
548 235 495
6810 569 3787
2760 336 813
3173 424 142
6059 54 408
6654 661 343
6553 807 4078
5342 768 205
2653 853 2511
667 703 7885
151 377 472
5771 635 3868
4471 422 7714
6142 117 9234
4517 464 366
3632 216 5341
2241 349 431
3069 191 3247
4715 107 404
6629 657 9149
561 577 459
5456 34 7534
2862 346 2742
6030 640 441
3999 621 327
6488 617 7986
5440 88 9262
6853 279 9327
5287 74 3750
2633 823 6661
2793 780 7993
1214 773 8468
1760 216 8405
27 710 419
5515 383 7974
3656 370 536
1069 516 645
905 236 5137
5298 269 436
4246 105 405
6645 791 9830
4025 820 609
5126 395 2670
6644 574 535
5350 662 9156
2277 442 3032
5898 143 199
4599 337 9289
3739 796 398
547 385 715
4813 676 5304
386 577 238
4997 579 250
4691 140 3818
3966 813 2662
5155 230 6774
5782 56 396
6435 343 301
5349 331 3621
3566 639 6951
5618 91 466
6193 287 595
59 415 585
2504 683 309
3943 615 8907
5798 218 230
761 330 6635
4016 610 5836
5096 634 5389
1772 125 9602
2464 589 193
6210 458 805
5016 293 2913
3423 139 501
205 225 8613
1743 420 1983
1420 237 196
2274 279 7772
2917 683 174
1074 350 177
5885 645 428
2775 28 400
6837 289 446
6255 825 4179
4022 494 5651
5960 751 6071
2492 531 6526
6440 166 172
3905 10 365
1610 256 6480
1260 71 239
1407 588 5348
4556 65 276
2522 376 4845
6234 493 397
3167 125 3546
322 324 662
5972 451 735
6126 315 263
1177 679 3456
1156 670 5304
4847 593 340
5380 624 186
2390 355 296
1392 11 8233
3362 759 285
775 250 5046
3222 10 243
2089 90 252
3368 654 617
1504 678 326
1712 337 4239
5060 625 7754
2017 447 9308
1385 23 367
1322 409 5727
3612 18 4105
2386 694 5020
4902 489 4071
1379 260 442
6252 584 639
3986 796 673
2557 818 5417
6637 754 246
3147 144 6516
6876 819 181
1018 758 431
3407 56 5203
3132 78 803
3313 826 9435
970 541 6952
1764 732 684
6666 50 960
6587 529 8652
52 158 4646
6112 476 732
6240 780 4643
3042 365 6535
759 462 267
5675 3 9177
2677 511 321
5574 78 910
4746 152 3820
705 256 5027
2933 587 8232
3028 202 8563
6102 290 302
1618 90 398
424 102 580
2855 740 524
2720 221 484
819 406 3592
1899 344 3447
297 126 5625
5070 239 505
6022 481 7345
5458 719 345
1755 2 4946
109 183 869
3278 391 442
3159 456 350
3435 394 7023
307 516 361
1812 318 464
2213 226 1816
6283 148 3927
5392 70 6410
1639 4 465
5942 90 376
4142 337 6581
4760 376 5648
5587 648 491
3804 462 323
4180 290 323
3295 258 574
2169 818 168
6857 411 273
3809 840 574
4900 207 9735
276 158 3501
2173 552 4189
2326 613 7532
5416 756 3733
5105 301 419
4187 684 648
4946 670 8536
450 853 4214
4304 478 4766
2469 486 263
4709 553 574
782 306 3603
4640 220 425
5189 621 270
3768 432 912
5179 58 592
241 540 418
3009 462 398
1775 438 7187
4064 69 270
5708 295 8662
5040 756 6475
5899 83 3873
6796 706 367
1944 508 173
987 192 355
3466 715 5437
3620 441 486
657 819 414
1070 767 382
710 42 402
6241 174 469
3061 842 1853
1499 220 438
3627 440 8547
1307 280 693
923 220 337
4877 837 3332
2162 574 341
1183 280 698
4678 764 3447
3577 312 1727
6219 634 8602
4073 259 6670
2341 568 6407
3651 831 349
6215 579 246
475 58 360
3836 782 6890
2394 650 8319
3428 727 493
2331 434 7303
6347 396 3411
501 745 422
5952 604 805
3476 71 282
3953 284 8446
2808 557 629
15 505 8208
1640 781 8523
5017 774 696
4791 744 4705
3397 303 4745
324 284 7041
4793 548 8493
146 79 459
3874 503 846
4587 434 5091
3640 170 705
2730 652 337
1386 799 6834
3942 349 922
1405 445 5860
3285 424 178
1570 194 7748
1741 652 497
3044 461 8645
3828 601 425
5366 543 5277
6136 522 5598
2625 464 217
1527 51 4306
3517 112 3034
3436 650 495
1366 534 2248
4721 365 9289
5712 430 6195
6438 670 6576
4757 80 7665
790 397 687
5075 658 429
3949 479 9064
617 334 446
1595 28 676
3583 758 257
4335 276 778
2104 726 5912
757 506 5172
2457 578 9356
3790 27 227
6622 444 470
5691 742 630
148 55 238
3498 744 3518
3434 639 3059
6268 368 7495
887 756 4806
4548 353 377
16 680 472
2851 23 246
2208 54 476
3215 35 1400
4602 180 294
2523 662 8114
3780 162 701
5988 645 306
2229 739 210
5876 239 504
5519 863 442
2959 821 735
1667 382 5353
4217 131 3603
4002 605 3146
1071 757 536
1670 89 8691
2691 587 3965
4478 391 304
3970 373 491
6507 721 153
1292 598 2778
6862 553 1128
5426 58 459
1558 13 3505
4473 677 9737
1427 589 299
4053 595 449
2149 69 304
2827 225 320
1081 317 236
903 807 6057
429 657 6812
2157 376 3932
992 483 4044
2511 847 392
3491 555 289
806 295 7014
2934 595 607
6486 753 366
3667 464 231
2116 797 9883
4712 464 365
846 622 7994
3579 367 6156
3862 178 8253
3781 786 3008
1591 822 257
1203 823 337
112 367 3719
1853 715 274
2106 708 306
656 552 4257
4412 64 210
4873 344 2957
6881 579 245
1851 9 5637
843 479 5082
250 314 390
4004 80 6646
2673 617 7624
4015 580 3417
6728 794 346
774 75 626
1244 481 6138
649 804 647
5975 191 9854
2632 208 381
1395 495 459
4366 721 366
454 36 3350
6815 639 5330
4183 45 619
117 599 381
2303 79 1103
265 352 463
5895 320 401
3838 683 199
113 826 467
1418 271 2575
5690 450 7450
3409 587 7688
1916 619 4099
1650 411 243
5406 804 492
1564 608 616
2587 765 234
79 741 8860
5601 142 7152
4382 633 401
3173 314 238
3467 584 560
3947 329 7023
3906 427 4267
1953 0 324
3334 486 214
1255 124 4690
310 168 804
6551 200 560
312 301 594
6418 699 420
3809 495 586
5572 398 749
4235 192 524
2419 496 353
2350 758 296
89 485 5254
1937 398 690
4742 660 299
2739 536 4545
4387 302 5169
820 384 7017
3095 33 286
1967 725 358
1778 259 4181
4527 146 255
3698 854 273
4508 481 6120
1010 46 9145
2137 541 7180
5618 301 626
4739 58 548
6865 48 9411
6144 64 366
2674 417 515
3029 744 6917
223 317 263
6442 499 501
4156 498 239
40 475 3454
5331 351 7971
5577 309 4211
2814 378 496
1000 28 8808
4862 753 479
4765 362 1236
4909 234 8631
4400 647 5510
2571 240 6682
2224 168 761
5387 657 6096
4295 140 9271
5629 206 600
5122 756 5171
4271 851 134
4276 230 342
5262 305 5930
4012 706 404
5910 305 9489
4851 782 5703
6704 371 399
2742 672 5924
1239 849 4982
5921 503 543
20 710 283
5384 489 6187
337 441 685
2159 552 8949
219 621 7107
3181 674 352
3119 767 299
4127 29 243
1441 253 5033
6023 631 361
2145 601 498
4742 683 325
4699 771 412
3492 239 407
3532 344 6657
90 171 7138
17 23 335
5931 807 5737
5637 194 4899
6325 115 4998
1822 160 380
6375 371 484
1598 854 256
5479 98 9722
2514 113 355
604 643 3510
6451 299 8544
4733 137 555
3633 700 3272
3553 543 7333
966 641 217
2199 525 6564
3141 496 293
3093 818 297
4748 633 255
100 3 3900
1964 781 865
5149 0 552
1374 241 344
1908 535 324
1404 98 1343
6887 417 289
3775 773 7154
4090 414 6629
2574 711 3854
3378 775 688
5887 427 7588
3523 820 530
2951 333 5020
4332 800 8955
2267 713 567
5755 146 418
2780 496 414
2468 851 179
6472 529 9655
1638 230 227
1209 68 618
6869 625 9983
1011 423 2410
6575 645 693
5648 854 391
874 614 4663
5546 646 8266
1314 678 463
3518 560 666
3093 10 383
1738 719 452
6589 719 337
4923 279 5815
3097 310 274
6017 461 7320
838 529 3288
642 788 3184
1956 473 414
4617 306 5754
5615 491 549
3304 603 8416
6773 371 342
2146 648 320
538 219 3191
2440 241 786
190 590 2384
6846 330 3700
5904 461 3044
1678 773 8389
977 758 265
4774 799 8673
4195 635 9341
3968 186 381
2672 722 8202
2462 691 7997
6360 367 8613
2087 31 6793
880 745 344
4050 83 3392
1883 514 474
5320 686 280
6704 743 243
6351 544 5307
6683 498 604
1763 478 7558
4417 91 578
6309 372 398
5974 263 5352
3354 365 9466
872 279 4564
5819 44 8169
1136 315 294
229 825 7270
2926 795 413
1317 115 5294
2712 24 265
5555 605 7658
6549 770 4450
6858 158 6350
2702 638 4153
4544 455 437
101 480 7235
760 257 560
1473 756 5275
3301 342 3119
4375 729 9009
5284 583 3279
5226 268 616
6126 795 385
4768 476 1074
6051 494 4829
5326 725 727
2403 411 413
3673 339 734
676 748 797
2311 55 496
1833 219 7110
3710 329 534
575 585 359
3164 591 538
2708 541 6448
6850 25 437
3815 776 8732
3379 437 6158
3500 181 8918
3894 424 180
1165 671 581
51 440 3253
1721 299 698
3828 53 257
2557 10 7289
2927 711 4135
2871 480 9151
4029 108 286
5756 767 489
3538 683 329
5315 798 3103
6387 65 270
6062 614 8011
1445 655 904
6650 14 324
3262 581 2955
6795 173 502
996 8 2988
4736 641 107
6579 70 6565
3228 713 548
3680 795 337
4917 115 5944
2908 688 4641
4334 28 693
205 68 9107
3697 69 280
5996 768 416
5695 17 710
1433 702 3808
2753 164 5082
6282 624 222
2094 267 712
1945 610 8803
1490 546 421
6529 194 6940
4756 775 491
5274 839 5718
3865 614 7783
1280 242 5914
4787 745 476
2959 43 574
3022 322 6661
2312 85 5399
4529 99 6462
4730 450 9845
1305 186 437
6060 560 715
1133 130 8539
1054 400 9712
3026 560 367
4642 832 227
2497 565 8407
5607 195 168
2328 152 6244
2698 83 9590
2866 606 594
5540 233 457
3459 406 7369
4541 541 5234
1501 176 384
3761 585 896
6150 479 3040
4574 29 265
3588 10 476
39 3 4112
3040 687 9022
5499 336 730
3465 730 4160
6597 815 5759
5258 352 274
1332 295 4050
520 783 298
6458 291 431
3369 783 407
1438 628 5799
6778 831 613
5156 754 346
6110 117 9218
3610 322 4420
2333 500 445
5721 191 4939
2761 205 342
5045 610 6513
4646 648 510
193 667 955
6350 481 7470
1387 645 352
6036 233 313
4833 451 958
3235 606 8944
1541 237 186
780 524 5439
2573 260 600
5007 725 291
6840 290 506
3826 179 8337
2337 213 456
5821 111 6463
