600 100 37408 40 8000
1000 1000 1000 999 996 1000 999 998 996 994 995 991 994 1000 997 985 991 983 989 996 1000 980 994 983 980 994 990 990 998 980 990 984 983 996 986 996 993 969 962 976 963 995 991 994 965 979 973 987 987 975 981 952 957 985 978 990 981 965 966 956 951 950 967 949 950 942 966 940 998 951 991 965 960 960 992 989 938 966 955 999 952 970 978 984 935 917 983 968 949 925 997 957 975 928 939 998 921 937 915 987 985 934 981 905 931 992 908 988 896 929 982 911 986 887 940 917 992 955 898 970 966 922 967 974 944 938 884 954 892 993 933 939 928 984 917 913 923 932 985 973 953 965 866 904 897 900 970 920 993 933 907 978 966 872 923 941 855 911 878 871 960 852 908 984 944 844 988 937 973 917 898 913 975 973 915 856 913 978 867 966 996 870 992 958 863 963 893 813 915 826 930 848 947 949 956 819 924 888 811 911 904 833 852 822 848 999 887 942 800 910 869 965 807 823 941 862 947 828 891 859 958 805 829 786 890 797 867 884 995 862 779 938 897 822 831 835 962 964 766 995 940 844 898 922 955 868 962 806 932 889 793 902 870 841 987 976 790 812 879 993 959 849 770 756 788 823 984 895 736 979 999 775 750 964 974 850 798 816 760 785 997 889 823 777 797 778 952 988 864 801 877 815 901 829 899 729 827 712 795 764 767 827 878 791 944 924 960 922 820 963 797 868 860 785 761 961 957 693 895 953 1000 881 965 813 763 931 846 804 822 827 996 897 976 744 907 913 741 922 697 974 765 897 875 789 847 761 888 940 996 840 777 661 864 916 844 727 918 683 966 939 995 764 795 725 991 680 646 644 679 847 788 734 823 889 930 907 662 849 818 829 925 653 894 830 680 731 754 748 761 934 800 779 916 619 610 855 835 868 966 811 994 780 985 873 603 627 957 822 683 820 617 862 844 972 932 886 729 646 830 708 851 833 971 984 672 712 863 648 755 947 920 916 937 676 913 674 666 798 596 564 601 678 915 801 929 691 844 793 702 827 688 734 809 761 921 831 581 966 710 812 829 638 674 756 604 980 844 845 721 755 646 544 749 797 888 580 527 880 638 601 798 984 896 604 551 706 568 970 687 862 802 748 965 508 716 577 608 965 591 640 686 595 884 539 700 821 980 903 981 700 500 705 889 834 679 618 703 569 667 761 935 801 516 564 731 802 740 526 681 537 523 497 648 470 923 605 562 924 687 622 860 737 991 869 515 998 594 830 629 839 646 851 822 662 524 690 599 479 572 917 706 860 880 563 625 852 588 778 595 711 505 642 500 703 611 834 945 915 446 841 660 883 515 708 520 885 618 490 979 616 471 873 743 549 616 776 582 803 647 646
1940 29
0 405
1 70
3 88
4 1
5 492
6 472
8 309
9 171
10 59
12 248
13 259
15 407
17 46
18 93
19 151
20 232
21 175
23 66
24 15
26 7
27 367
28 358
29 443
30 499
34 417
35 17
36 380
37 277
39 226
1983 23
0 348
1 466
4 433
6 164
7 135
8 231
9 457
11 97
13 489
14 390
15 291
17 276
18 472
23 92
24 442
28 431
29 145
31 97
32 408
36 404
37 42
38 262
39 225
1908 24
0 55
1 109
2 44
3 62
5 93
6 248
10 214
11 481
13 261
14 201
15 424
16 206
17 239
18 282
19 476
22 252
24 338
25 415
26 407
27 215
28 171
32 37
34 276
38 78
1926 26
0 130
1 233
2 57
4 94
9 208
10 466
11 169
12 59
13 383
14 243
19 210
20 250
21 46
22 12
23 83
27 409
28 193
29 108
30 70
31 447
32 317
33 432
34 299
36 305
37 233
38 356
1944 25
0 104
2 139
3 331
4 407
8 450
10 175
13 96
14 10
15 253
16 47
17 73
19 352
21 26
22 161
23 82
24 58
26 375
27 199
28 222
32 258
33 71
34 200
35 28
36 121
39 384
2059 26
0 326
1 407
2 41
6 370
7 190
8 277
9 1
10 396
11 31
12 441
13 378
14 227
15 113
16 399
17 190
18 78
19 130
21 114
22 132
25 101
26 330
33 367
34 42
36 393
37 330
38 82
1967 24
2 415
3 310
4 20
5 331
6 72
8 220
9 233
10 178
13 1
16 274
18 39
19 197
20 374
21 132
23 366
24 398
25 193
28 234
30 254
31 33
32 464
33 165
36 32
39 285
1969 24
1 382
2 372
4 424
6 156
7 481
9 489
11 26
12 349
13 148
14 239
18 8
19 252
20 41
21 374
23 294
24 93
27 171
29 474
30 455
33 121
34 419
36 387
37 276
38 264
2031 30
0 43
1 390
2 295
3 23
4 347
6 189
7 411
8 446
9 493
10 199
11 11
13 183
14 251
15 235
17 242
18 494
19 469
20 81
21 308
24 207
25 368
27 45
29 281
30 167
31 77
32 26
34 124
35 455
36 40
38 367
2060 23
0 89
1 187
4 23
5 160
7 150
9 143
10 164
13 337
15 325
16 17
17 286
19 286
21 72
22 298
23 287
27 20
28 178
30 228
31 233
33 55
37 157
38 37
39 202
1999 26
0 96
2 28
3 63
4 402
6 453
7 240
9 454
10 33
12 400
15 73
17 234
18 215
20 490
21 115
23 32
24 114
27 342
28 268
29 62
31 427
32 173
33 135
34 38
35 23
37 54
38 336
1980 25
0 69
1 45
3 29
4 178
5 273
6 432
8 154
9 359
10 19
12 61
16 24
19 263
20 117
22 202
23 141
26 8
27 399
28 405
30 5
31 193
34 224
35 480
36 183
38 312
39 178
2031 31
0 172
1 4
4 2
5 98
6 5
7 50
8 9
9 149
11 172
12 332
13 485
14 342
15 348
16 356
19 336
21 83
22 177
24 372
25 104
26 294
27 294
29 326
30 377
31 231
32 395
34 303
35 404
36 253
37 3
38 394
39 242
2009 26
0 302
3 289
4 314
5 465
6 60
9 227
10 244
11 405
13 385
14 318
16 496
18 481
19 50
21 149
24 324
25 139
27 147
28 41
29 289
30 315
31 400
32 404
33 29
34 19
35 163
37 493
1919 27
0 140
2 479
3 279
7 205
9 493
10 14
11 446
13 308
15 348
17 483
18 248
19 310
20 382
21 257
22 434
23 437
25 321
26 403
27 82
28 247
29 349
31 36
32 14
33 111
35 106
37 228
39 347
2085 23
0 231
1 257
2 66
3 50
4 28
5 118
6 87
7 395
9 186
11 252
12 363
14 291
16 432
17 337
18 299
24 196
26 257
28 448
30 275
31 392
32 195
34 388
35 404
2012 23
0 479
1 209
4 190
5 114
7 328
8 26
11 216
15 232
16 190
17 456
20 42
21 198
22 207
23 89
24 208
25 211
27 39
28 343
30 288
32 376
33 332
34 64
35 310
2095 25
0 125
3 134
8 164
10 144
11 209
13 324
14 439
16 182
18 139
20 1
21 404
22 476
23 475
25 180
26 457
27 145
28 475
30 312
31 198
32 121
33 66
34 220
35 229
36 477
38 318
2005 21
3 284
5 186
6 93
7 450
11 421
14 273
15 266
18 38
19 428
21 290
23 352
24 254
25 356
27 426
28 494
29 271
31 412
33 38
34 116
37 204
38 37
2052 21
0 464
3 196
4 228
5 50
6 469
7 415
9 393
13 157
14 89
18 159
19 461
24 152
27 239
29 337
30 392
31 121
32 305
34 481
36 222
38 289
39 329
1933 30
2 128
3 88
4 241
6 194
7 441
10 355
12 416
13 183
14 432
15 232
16 288
17 404
18 487
19 339
21 263
22 328
23 434
24 385
27 102
28 58
29 464
30 136
31 221
32 101
33 124
34 292
35 397
36 259
37 70
38 409
2064 18
3 173
4 216
9 67
10 215
12 326
13 95
15 405
16 138
17 292
19 286
20 107
21 346
22 260
24 113
25 343
29 297
31 162
35 499
1961 26
0 310
1 264
3 222
4 299
5 92
6 322
9 87
10 315
11 408
12 261
13 16
15 124
16 113
18 495
19 391
21 101
24 100
25 224
26 156
28 222
31 408
32 42
33 394
34 216
36 223
39 474
2059 29
0 274
2 33
3 130
4 222
5 444
6 334
7 308
9 289
10 466
11 84
12 244
13 224
14 434
15 457
16 32
17 320
18 463
20 190
21 274
23 406
24 85
26 290
29 396
31 112
32 22
35 289
36 3
38 457
39 348
1956 25
1 42
4 458
5 190
7 239
10 362
11 208
12 345
14 134
15 403
16 152
18 215
19 1
20 376
22 107
23 99
25 109
27 480
28 431
31 56
32 238
34 112
35 155
37 191
38 74
39 105
1985 24
0 64
2 172
4 41
5 140
6 344
7 362
9 466
11 405
12 243
13 265
14 7
15 47
16 373
20 4
22 283
23 460
25 119
26 475
27 182
28 184
30 259
31 221
38 143
39 104
2010 26
1 28
3 356
4 168
5 344
6 217
8 15
9 368
10 162
11 51
15 154
16 309
17 449
18 466
19 150
20 18
21 313
24 381
26 359
29 492
30 347
31 411
33 324
36 322
37 386
38 41
39 414
2091 26
1 256
2 483
3 136
4 10
7 113
10 450
11 36
12 300
13 174
14 131
15 111
16 369
18 290
19 314
20 233
22 47
25 251
26 7
27 143
28 161
29 295
31 88
33 452
35 480
38 211
39 206
2009 24
0 82
1 211
4 219
5 240
6 466
8 294
9 173
11 226
12 209
13 393
15 337
16 244
17 233
19 325
20 386
21 368
23 492
25 179
28 50
30 143
32 341
36 209
37 364
39 256
1915 22
0 311
3 2
4 224
6 213
9 262
10 23
11 334
12 74
14 479
15 459
18 53
20 82
21 336
26 130
27 47
29 216
31 133
32 374
33 94
35 101
36 472
39 119
1918 21
1 32
3 159
5 158
6 34
11 95
12 419
15 83
17 192
20 263
22 450
23 466
24 6
26 31
28 415
29 347
30 261
32 366
33 204
35 156
38 450
39 389
1931 24
0 106
3 329
5 361
6 220
7 420
10 349
12 73
14 162
15 58
16 450
18 441
19 169
21 175
24 22
25 140
27 191
28 400
29 489
30 311
32 96
33 365
34 476
37 218
39 58
1958 25
0 459
1 490
3 241
6 497
7 3
8 125
10 313
11 171
16 18
17 318
18 73
20 277
21 79
22 191
23 80
24 334
27 360
29 387
30 6
31 100
32 377
34 183
35 99
36 185
38 286
1962 24
2 133
3 366
5 200
6 40
7 367
8 410
9 49
10 299
13 381
15 237
17 177
18 68
20 44
21 475
24 255
25 283
26 123
28 279
29 289
30 394
31 57
32 408
35 43
37 343
1964 24
0 311
3 453
4 30
6 378
8 207
9 424
10 282
11 64
14 375
16 256
18 416
20 64
21 448
23 126
24 441
25 6
26 117
27 446
28 498
31 73
33 263
34 239
35 211
38 490
2040 32
0 25
1 149
2 466
4 419
5 179
6 55
7 328
8 492
9 273
10 318
13 332
14 435
15 460
17 307
19 225
20 455
21 319
25 43
26 139
27 321
28 497
29 387
30 7
31 269
32 299
33 30
34 283
35 147
36 409
37 464
38 230
39 272
2103 19
4 262
10 39
11 27
12 169
13 485
14 388
15 139
20 359
21 363
22 491
25 30
26 494
27 424
28 279
30 487
32 206
33 233
37 481
38 469
2042 24
0 19
1 289
2 183
7 431
9 255
10 402
12 138
14 498
15 203
16 218
18 402
20 195
21 258
22 164
23 393
24 116
26 349
27 4
33 304
34 242
35 136
36 482
38 66
39 338
2085 24
0 273
4 214
5 300
7 83
8 363
9 471
11 356
12 86
16 348
18 359
19 11
21 210
23 474
25 154
27 372
28 464
29 88
30 314
31 10
32 209
33 275
36 476
38 449
39 297
1987 27
1 385
2 99
3 360
4 473
5 146
8 111
9 347
10 124
11 427
12 396
13 364
14 236
15 233
16 301
17 392
18 415
19 458
20 142
23 295
24 152
26 444
27 16
28 382
30 350
32 61
34 174
36 295
2083 23
2 254
3 193
4 169
5 107
7 120
8 95
9 305
12 47
18 212
19 261
20 493
24 302
26 440
27 244
29 134
30 260
31 173
32 228
33 491
35 192
36 18
38 277
39 49
1923 24
0 445
1 305
3 201
6 467
7 437
8 11
10 300
11 233
13 432
17 286
18 167
19 376
20 37
21 379
23 189
24 92
26 257
28 409
34 254
35 68
36 141
37 60
38 330
39 45
2035 26
0 156
2 118
4 10
5 186
6 416
7 82
8 31
9 74
11 10
12 315
14 276
16 498
18 115
20 139
22 274
24 451
25 216
27 140
28 434
29 274
30 381
31 78
33 306
37 488
38 325
39 217
1973 22
0 383
1 152
7 318
9 339
12 442
13 34
14 241
17 16
18 224
20 407
22 78
23 480
26 368
27 307
28 312
30 267
31 35
33 73
34 407
35 201
36 47
39 5
2097 20
2 198
4 388
6 363
7 15
9 58
10 14
12 156
14 344
15 72
20 288
22 193
24 361
25 172
26 407
29 320
30 431
33 266
34 75
36 405
39 471
1925 30
0 209
2 328
4 148
5 466
7 30
9 85
11 67
12 223
13 163
16 233
17 137
19 55
20 127
21 197
22 135
23 447
24 354
25 237
26 197
27 170
28 438
29 294
30 79
31 162
33 301
34 200
35 71
36 22
37 271
38 144
1956 27
1 258
2 187
3 36
6 311
7 270
8 383
10 129
11 54
12 264
13 74
14 107
15 111
16 80
17 217
21 203
24 359
25 273
26 359
27 424
28 485
29 394
30 422
33 446
34 330
35 363
38 83
39 163
1930 19
4 312
5 368
6 133
13 72
14 182
15 327
17 331
18 7
19 431
21 177
22 290
23 133
25 350
27 389
30 421
31 277
33 387
37 401
38 347
2076 24
0 128
1 302
2 65
3 377
4 420
5 185
9 44
11 78
12 425
14 466
16 490
17 7
19 224
21 253
22 24
23 21
25 91
26 487
28 115
29 246
31 68
33 450
37 338
38 240
2064 23
3 259
5 96
6 280
7 299
8 12
10 366
12 153
15 337
16 318
19 266
20 11
21 386
24 63
27 325
29 444
30 392
31 173
32 3
33 235
34 373
35 370
37 185
39 112
2078 28
1 178
2 456
4 408
5 72
6 156
7 456
8 145
11 41
12 227
13 388
16 203
17 478
18 298
19 335
21 100
22 259
23 372
24 428
25 331
26 163
27 22
28 219
30 157
33 301
34 238
35 255
38 113
39 161
1950 23
0 264
1 220
3 462
4 413
5 469
6 313
10 437
15 412
16 203
18 433
19 348
21 383
27 442
28 113
29 348
30 332
32 209
33 137
35 342
36 290
37 474
38 256
39 17
2080 26
0 365
1 299
2 63
4 451
5 308
8 263
9 110
11 212
14 281
15 495
18 105
19 451
21 276
23 208
24 72
25 498
26 284
31 184
32 118
33 1
34 186
35 69
36 453
37 474
38 146
39 130
2020 25
3 66
8 411
9 475
11 212
12 395
14 464
15 219
16 408
18 197
19 118
20 35
21 84
22 384
23 155
26 129
27 73
28 30
29 355
30 399
31 352
33 23
34 448
35 1
36 264
38 474
2029 24
0 407
3 183
6 492
8 167
9 321
10 163
12 275
13 19
14 164
15 470
16 118
18 412
19 274
20 330
22 452
26 304
27 441
29 447
30 402
31 350
36 360
37 385
38 346
39 304
1981 24
0 430
3 283
4 168
5 304
7 94
8 76
9 272
10 426
11 295
12 365
13 257
25 77
26 15
27 95
28 19
29 203
31 131
32 87
33 298
35 326
36 310
37 203
38 389
39 490
2118 26
1 44
2 22
4 116
5 357
6 395
8 60
9 231
12 483
13 92
15 39
17 179
18 287
20 239
22 37
24 413
25 490
26 111
27 22
29 215
30 343
31 330
32 172
33 378
36 238
37 249
38 334
2027 27
0 123
1 153
3 354
4 374
5 140
6 483
8 382
9 315
10 42
11 343
13 259
14 429
16 384
17 301
18 228
20 21
21 415
22 255
24 301
25 429
29 268
31 70
32 45
34 4
36 62
37 227
39 250
2098 26
2 206
3 407
4 360
5 197
7 86
8 269
11 440
12 373
13 81
15 106
16 499
17 146
18 130
19 293
21 293
24 111
26 474
28 266
29 315
32 182
33 187
34 432
35 72
36 498
37 257
38 300
1960 26
0 147
1 361
2 281
4 121
7 296
10 492
11 384
12 138
13 422
14 144
15 360
17 365
19 67
20 151
21 256
22 31
24 478
26 289
29 351
30 453
31 210
32 290
33 269
34 294
37 257
39 45
2025 21
0 336
1 414
2 335
3 197
4 108
8 461
9 341
14 204
15 424
16 428
17 229
18 330
20 39
23 220
28 143
29 45
31 54
32 221
34 225
35 264
39 22
2076 27
2 263
3 135
5 83
7 136
9 152
10 207
11 5
12 81
13 126
14 472
16 55
17 346
18 122
19 337
21 182
23 146
26 335
27 187
28 227
29 9
33 98
34 98
35 312
36 334
37 176
38 173
39 422
2045 25
1 95
3 115
5 339
6 337
7 400
13 352
15 123
16 435
17 238
18 199
19 199
21 217
22 46
23 482
25 190
26 302
27 133
29 161
32 332
33 110
34 278
35 379
36 390
38 109
39 367
2033 26
2 448
7 322
9 114
10 182
12 84
14 71
15 478
16 265
17 121
18 285
20 37
21 109
22 82
23 473
24 41
26 404
27 175
28 216
30 276
31 300
32 499
33 487
35 253
36 212
38 21
39 428
2125 28
0 321
3 4
4 178
5 158
6 347
7 287
8 314
9 69
10 409
11 318
12 359
13 242
17 372
19 121
20 389
21 48
22 311
23 163
25 361
26 160
29 93
30 76
31 164
32 205
34 270
35 44
38 264
39 172
2113 28
0 86
1 299
3 419
6 139
7 83
8 319
9 98
10 159
11 143
12 341
13 436
14 44
15 279
16 207
17 168
20 297
21 195
23 97
25 124
26 145
29 110
30 288
31 205
32 311
36 170
37 276
38 171
39 466
2058 21
0 340
1 371
3 162
4 93
5 94
6 323
7 460
8 191
9 300
11 494
13 133
14 155
16 495
18 132
24 303
28 402
29 33
32 489
33 171
34 380
38 411
1997 28
0 400
1 110
2 221
4 64
5 157
7 116
8 237
10 169
11 240
12 9
13 239
15 233
16 421
18 232
19 92
20 48
22 445
23 301
25 319
27 239
28 152
29 129
30 31
31 33
32 370
33 251
36 381
37 166
2026 26
0 483
5 354
6 392
7 165
8 439
9 373
10 469
11 76
13 40
14 229
15 479
16 54
18 105
19 43
20 223
21 172
23 265
25 290
26 56
27 274
29 228
30 138
31 259
32 3
33 256
39 376
2027 27
0 78
3 455
4 281
5 439
6 152
7 256
8 152
9 366
13 210
14 80
16 185
17 46
18 247
19 114
20 368
21 426
24 146
25 237
27 273
28 441
29 480
30 148
31 146
32 285
35 305
36 404
39 197
2077 20
1 10
2 29
3 224
5 411
6 276
7 341
13 288
16 412
18 148
19 292
23 26
25 20
26 361
27 186
28 43
29 133
30 194
32 87
34 457
38 301
1942 23
0 387
1 191
4 44
6 119
7 402
8 99
9 323
10 385
13 14
14 150
15 402
16 133
17 436
22 242
23 75
24 333
31 136
32 301
34 152
35 187
36 10
38 7
39 33
2067 26
0 142
1 82
2 74
4 457
8 418
12 123
14 69
15 109
16 319
17 355
18 480
19 318
21 389
24 349
25 159
27 187
28 192
29 350
30 285
31 479
32 393
34 379
36 407
37 121
38 100
39 9
1938 24
0 353
2 350
3 319
4 197
6 28
8 35
10 437
13 111
14 122
17 130
18 191
19 468
22 332
25 145
26 127
27 3
30 380
31 472
33 160
34 91
35 390
37 130
38 22
39 30
2118 29
0 487
2 57
3 485
4 173
5 205
6 223
7 429
10 153
11 115
13 411
15 244
16 248
17 74
19 297
20 336
22 230
23 181
25 457
27 20
28 39
29 445
30 81
31 415
32 358
33 104
36 11
37 23
38 302
39 145
2057 24
2 491
3 489
5 354
7 339
8 490
9 313
10 435
12 138
13 338
14 53
15 364
18 85
19 422
21 379
22 252
23 281
24 77
26 218
28 352
32 122
33 30
34 120
37 274
38 314
2089 20
2 221
3 312
6 234
10 344
11 14
12 72
13 207
14 47
15 55
16 450
18 225
19 377
21 41
23 13
24 146
32 468
33 491
34 143
37 250
38 105
1959 23
4 460
6 54
7 284
8 408
9 119
10 19
11 339
12 119
13 324
19 122
20 168
21 340
22 105
24 443
25 482
27 462
28 285
30 371
31 144
36 402
37 311
38 114
39 156
1987 27
0 42
1 463
2 259
3 423
4 62
5 239
6 17
7 183
8 280
9 13
10 462
11 265
15 448
18 438
19 414
21 331
23 22
25 408
26 166
27 188
29 379
30 6
31 335
34 38
36 158
37 369
39 213
2110 29
0 145
2 106
3 20
4 81
5 476
6 330
7 122
8 215
9 476
10 109
11 317
12 121
14 86
18 361
20 15
22 445
23 435
25 279
26 442
27 355
28 18
30 426
32 142
33 258
34 440
36 334
37 417
38 411
39 104
2112 27
0 215
1 181
3 334
4 106
5 302
7 12
8 212
10 201
11 103
12 187
13 170
15 453
21 66
23 238
24 255
25 288
26 410
27 335
28 447
30 446
31 220
33 94
34 137
35 4
36 112
38 220
39 355
2027 25
0 440
2 206
3 196
4 468
6 412
7 491
8 123
9 485
10 486
14 96
15 298
16 409
17 395
18 284
20 370
22 88
26 167
27 77
28 183
29 3
30 22
31 174
32 471
37 282
39 279
2065 23
2 269
3 304
4 200
5 440
6 463
7 378
8 403
9 487
10 113
11 32
13 206
14 357
16 238
18 80
20 277
22 162
24 220
25 265
27 368
29 290
30 419
37 312
38 35
1996 26
1 94
3 86
4 119
5 411
6 87
7 328
11 69
12 185
13 478
14 62
18 119
19 280
20 420
22 153
23 7
26 129
27 255
28 122
29 6
30 374
31 207
32 462
33 101
36 237
37 82
38 104
2135 27
0 229
1 256
3 405
4 344
6 339
11 168
12 435
14 483
15 380
16 286
19 304
20 289
21 262
22 256
23 259
24 307
25 297
26 82
27 459
29 193
30 360
32 164
33 118
36 62
37 2
38 425
39 149
2107 27
0 247
2 39
4 275
5 199
7 423
8 413
9 424
10 47
11 201
12 140
15 400
16 180
17 139
20 333
21 77
24 60
29 242
30 430
31 252
32 425
33 178
34 131
35 219
36 370
37 192
38 418
39 81
2025 21
0 105
1 316
3 132
10 167
15 432
17 81
18 447
19 15
20 393
23 50
25 170
26 121
29 206
30 358
31 414
32 486
33 423
34 452
36 258
37 327
38 408
2079 27
0 189
1 347
2 1
4 405
5 373
6 17
7 6
8 259
9 336
10 281
11 113
12 65
14 1
16 87
19 91
20 285
21 409
24 376
25 7
26 14
28 441
31 110
33 488
34 64
36 489
38 252
39 277
1971 21
0 368
2 20
7 160
9 91
11 364
12 68
13 71
16 480
19 313
21 444
24 160
26 35
28 274
31 363
33 261
34 409
35 282
36 290
37 275
38 356
39 344
1994 24
0 333
1 327
3 390
4 63
5 295
6 308
8 39
9 118
11 485
13 318
14 280
15 410
20 471
21 389
23 345
24 260
25 254
28 13
29 484
33 419
34 416
36 7
37 373
39 495
2034 22
0 312
1 363
2 419
3 160
5 177
6 217
7 2
8 432
11 144
13 100
15 316
16 10
17 122
25 468
26 344
27 486
30 83
32 205
34 366
36 193
38 161
39 435
1950 31
2 153
3 347
4 300
7 319
8 330
9 166
10 286
11 343
12 18
13 479
15 462
16 70
17 211
18 78
19 401
21 442
23 60
24 209
25 458
26 105
27 293
30 15
31 341
32 111
33 240
34 297
35 365
36 270
37 470
38 318
39 433
2013 25
0 51
3 498
5 497
7 486
10 393
11 57
13 426
14 490
15 343
16 371
18 267
19 465
20 350
21 41
25 84
27 156
28 362
29 462
30 281
31 150
32 470
33 259
35 424
36 68
38 429
2082 23
1 43
3 119
4 280
7 454
8 101
10 212
12 24
14 188
16 241
17 224
19 59
20 403
21 255
23 106
24 2
25 199
28 473
29 59
31 124
32 270
36 185
37 2
38 485
1996 21
0 371
1 95
4 140
6 301
7 493
10 6
11 180
13 223
14 24
15 146
16 329
18 67
19 359
25 414
26 380
27 249
28 260
30 379
34 290
37 205
38 214
1981 21
1 310
3 32
6 51
7 491
8 349
10 215
12 280
15 287
16 27
17 384
20 309
22 203
23 324
26 435
27 279
28 489
29 11
30 178
32 263
36 3
37 377
2089 26
0 181
2 312
3 212
4 76
6 129
7 102
8 357
10 215
11 349
13 361
14 205
16 429
18 19
19 428
20 329
22 74
24 269
28 169
30 157
31 229
32 324
34 476
35 287
36 193
37 440
39 222
2016 27
1 470
3 22
4 13
5 470
6 273
9 291
10 491
11 123
12 238
13 232
15 421
17 316
18 105
19 394
20 184
21 293
22 227
26 414
27 63
28 105
29 175
30 313
33 158
34 124
35 302
38 204
39 381
2049 27
1 42
5 443
6 40
7 414
8 245
9 306
10 273
11 284
12 104
14 370
15 1
16 134
20 405
21 419
22 94
23 490
24 460
25 28
26 343
27 398
28 165
31 224
34 354
35 143
36 281
37 161
38 68
2137 25
0 410
1 113
2 265
5 83
8 375
9 55
13 28
14 22
16 191
17 174
18 206
19 375
21 482
22 199
23 233
25 143
26 429
27 344
29 160
30 22
31 132
32 473
35 122
38 474
39 96
0 0 95
1 0 10938
3 0 9967
4 0 66
5 0 11840
6 0 78
7 0 10484
8 0 61
9 0 11708
10 0 54
11 0 8142
13 0 11418
14 0 58
15 0 11884
16 0 28
17 0 9168
18 0 71
19 0 9702
21 0 8133
22 0 49
23 0 11298
24 0 24
25 0 10866
27 0 11752
29 0 10430
30 0 22
31 0 11559
32 0 53
33 0 9801
34 0 48
35 0 9240
36 0 67
37 0 9302
38 0 65
39 0 11152
40 0 12
41 0 8230
42 0 76
43 0 9404
44 0 84
45 0 9577
47 0 10408
48 0 81
49 0 10056
51 0 9488
53 0 10985
55 0 11843
56 0 60
57 0 10607
59 0 11300
61 0 10548
62 0 94
63 0 9784
64 0 11
65 0 10908
67 0 8282
69 0 11926
71 0 10545
73 0 11138
75 0 8309
77 0 8417
78 0 43
79 0 11803
81 0 11935
82 0 65
83 0 9728
84 0 40
85 0 10333
87 0 10466
88 0 47
89 0 9467
91 0 10831
93 0 9318
94 0 37
95 0 8549
96 0 80
97 0 10530
98 0 56
99 0 11256
100 0 89
101 0 10103
102 0 94
103 0 10526
104 0 89
105 0 9563
106 0 74
107 0 10838
108 0 100
109 0 9146
110 0 55
111 0 8898
113 0 9599
115 0 9516
116 0 65
117 0 11360
119 0 11736
120 0 70
121 0 10782
123 0 8420
124 0 86
125 0 9732
126 0 15
127 0 11064
129 0 11187
130 0 12
131 0 9905
133 0 9935
135 0 11603
137 0 8263
138 0 86
139 0 11910
141 0 11922
142 0 55
143 0 11948
144 0 32
145 0 8555
147 0 11229
148 0 81
149 0 9038
151 0 10674
152 0 44
153 0 8206
154 0 78
155 0 9094
157 0 10278
158 0 18
159 0 10409
161 0 11415
163 0 9311
165 0 8498
167 0 8791
169 0 9892
171 0 11955
172 0 97
173 0 9065
174 0 81
175 0 11762
176 0 2
177 0 10333
179 0 11824
180 0 30
181 0 8165
183 0 8437
185 0 11286
187 0 8184
189 0 11665
191 0 11693
193 0 11586
194 0 77
195 0 8575
196 0 28
197 0 10912
199 0 11155
201 0 9430
202 0 67
203 0 8300
205 0 10769
206 0 65
207 0 11689
209 0 10158
210 0 46
211 0 11637
213 0 10238
215 0 8550
216 0 31
217 0 10216
219 0 11325
221 0 9261
223 0 10036
224 0 96
225 0 10071
226 0 66
227 0 8028
229 0 10914
231 0 10105
232 0 27
233 0 11995
235 0 9877
236 0 13
237 0 10235
238 0 43
239 0 9913
240 0 54
241 0 10004
242 0 57
243 0 10390
244 0 79
245 0 10277
246 0 17
247 0 11417
248 0 15
249 0 11439
251 0 10867
252 0 28
253 0 11180
255 0 11409
256 0 36
257 0 11758
259 0 11260
261 0 10565
262 0 14
263 0 8176
264 0 54
265 0 8402
267 0 8997
268 0 25
269 0 9052
270 0 40
271 0 8551
273 0 11103
274 0 35
275 0 8677
277 0 8867
279 0 11824
280 0 41
281 0 11505
283 0 8447
284 0 15
285 0 9902
287 0 10802
289 0 8229
291 0 8810
293 0 8368
295 0 11759
296 0 91
297 0 8600
299 0 8052
300 0 6
301 0 11125
302 0 11
303 0 10232
304 0 80
305 0 9249
307 0 9921
309 0 10850
310 0 16
311 0 9549
312 0 47
313 0 10117
315 0 11988
317 0 11046
319 0 10538
320 0 70
321 0 11472
323 0 9291
324 0 4
325 0 10598
327 0 9358
329 0 9006
330 0 59
331 0 10212
333 0 10267
334 0 45
335 0 11466
337 0 10901
338 0 51
339 0 10754
341 0 9796
342 0 62
343 0 11725
345 0 10340
346 0 7
347 0 9282
348 0 90
349 0 11861
351 0 8000
353 0 8956
354 0 95
355 0 10256
356 0 12
357 0 10226
358 0 99
359 0 11587
360 0 45
361 0 9040
363 0 10583
365 0 9454
367 0 10505
369 0 9504
371 0 11053
373 0 8584
375 0 10066
377 0 11530
379 0 9239
380 0 7
381 0 9947
383 0 11843
384 0 18
385 0 10806
387 0 10587
388 0 45
389 0 9711
391 0 9257
392 0 89
393 0 8987
394 0 43
395 0 10485
396 0 40
397 0 9801
399 0 8823
401 0 8279
402 0 26
403 0 11052
404 0 76
405 0 9198
407 0 8984
409 0 8725
411 0 10778
413 0 8913
414 0 78
415 0 9230
416 0 67
417 0 10453
418 0 81
419 0 9114
420 0 39
421 0 11108
422 0 41
423 0 10892
424 0 56
425 0 10819
426 0 83
427 0 8872
428 0 100
429 0 9036
430 0 35
431 0 11087
433 0 11854
434 0 42
435 0 9522
436 0 11
437 0 10387
438 0 99
439 0 11773
441 0 8639
442 0 35
443 0 9870
445 0 10554
446 0 13
447 0 11892
449 0 10375
450 0 36
451 0 9003
452 0 47
453 0 11246
454 0 55
455 0 8221
457 0 10939
459 0 8910
461 0 11626
463 0 10253
465 0 9641
467 0 10786
469 0 10040
471 0 10805
472 0 60
473 0 10163
474 0 33
475 0 9976
476 0 27
477 0 9269
478 0 94
479 0 8320
480 0 93
481 0 9898
483 0 11706
485 0 10783
487 0 10571
489 0 9284
490 0 27
491 0 11851
493 0 8206
495 0 8728
496 0 11
497 0 11163
499 0 10092
500 0 23
501 0 8620
503 0 9500
505 0 10172
507 0 9699
509 0 9069
510 0 65
511 0 11417
512 0 66
513 0 10726
514 0 88
515 0 11483
517 0 11257
519 0 8148
520 0 72
521 0 9553
522 0 60
523 0 10915
525 0 10760
526 0 29
527 0 10268
528 0 28
529 0 9047
531 0 11286
532 0 94
533 0 10843
535 0 9569
537 0 10814
539 0 10919
540 0 82
541 0 9003
543 0 11453
544 0 7
545 0 8565
546 0 76
547 0 10743
549 0 10005
551 0 8870
553 0 10266
554 0 3
555 0 9450
557 0 9266
559 0 9749
561 0 9466
563 0 10226
564 0 63
565 0 9006
566 0 72
567 0 10752
568 0 14
569 0 10117
571 0 9760
572 0 53
573 0 11336
574 0 65
575 0 9442
576 0 98
577 0 8846
579 0 8586
580 0 55
581 0 8393
583 0 11786
584 0 83
585 0 9703
587 0 9528
588 0 69
589 0 11732
591 0 8999
593 0 8559
595 0 9923
597 0 9119
598 0 81
599 0 8177
2 1 75
5 1 62
6 1 68
7 1 64
8 1 23
9 1 93
10 1 62
11 1 6
12 1 93
13 1 22
14 1 86
15 1 34
17 1 76
18 1 76
20 1 70
21 1 62
22 1 88
23 1 51
25 1 73
29 1 98
32 1 57
33 1 75
34 1 91
35 1 91
37 1 78
40 1 6
42 1 95
43 1 43
45 1 39
47 1 18
50 1 20
54 1 100
55 1 52
57 1 75
60 1 89
63 1 44
64 1 32
65 1 38
66 1 100
69 1 73
73 1 59
75 1 64
76 1 84
77 1 20
79 1 52
81 1 38
82 1 35
84 1 18
87 1 13
88 1 81
89 1 11
91 1 44
93 1 90
95 1 42
98 1 54
100 1 53
101 1 55
102 1 99
104 1 91
106 1 16
109 1 55
115 1 40
120 1 31
122 1 57
123 1 74
130 1 44
139 1 25
141 1 8
143 1 24
145 1 97
149 1 54
150 1 95
151 1 35
154 1 9
156 1 68
157 1 51
158 1 98
159 1 19
161 1 100
162 1 47
163 1 97
164 1 14
165 1 28
166 1 96
171 1 94
172 1 12
174 1 71
175 1 1
176 1 16
177 1 1
179 1 83
185 1 3
187 1 75
188 1 70
189 1 39
191 1 23
193 1 98
194 1 86
196 1 68
201 1 10
204 1 22
205 1 84
206 1 19
209 1 31
210 1 92
213 1 93
216 1 3
217 1 20
220 1 4
221 1 31
223 1 28
224 1 4
225 1 69
228 1 85
229 1 64
233 1 26
234 1 51
239 1 58
240 1 17
241 1 64
242 1 9
247 1 60
248 1 65
249 1 11
253 1 97
255 1 96
256 1 5
258 1 17
260 1 5
261 1 12
262 1 34
264 1 38
265 1 27
267 1 24
270 1 30
271 1 44
277 1 53
278 1 70
279 1 55
282 1 51
286 1 81
287 1 98
289 1 33
292 1 79
293 1 47
295 1 84
300 1 21
301 1 42
303 1 63
305 1 29
308 1 59
311 1 22
312 1 61
313 1 22
316 1 48
318 1 62
319 1 48
321 1 42
325 1 25
327 1 24
328 1 6
330 1 61
331 1 22
332 1 98
333 1 72
341 1 38
342 1 70
344 1 26
346 1 87
347 1 32
348 1 1
350 1 39
353 1 66
355 1 16
356 1 46
357 1 27
361 1 29
363 1 90
367 1 53
368 1 53
369 1 24
370 1 15
372 1 83
373 1 26
375 1 55
377 1 74
378 1 17
386 1 10
387 1 45
388 1 20
392 1 67
394 1 79
395 1 81
400 1 1
401 1 25
402 1 57
403 1 39
405 1 61
406 1 18
408 1 83
410 1 35
411 1 59
412 1 49
413 1 27
416 1 52
417 1 46
418 1 23
421 1 99
423 1 48
426 1 64
427 1 23
430 1 48
431 1 10
432 1 20
434 1 80
437 1 66
438 1 82
439 1 49
443 1 71
447 1 9
448 1 54
449 1 70
450 1 13
451 1 98
452 1 39
453 1 14
454 1 42
457 1 6
458 1 64
459 1 98
460 1 79
461 1 52
462 1 7
463 1 44
464 1 83
466 1 23
467 1 27
471 1 43
473 1 98
477 1 85
478 1 68
479 1 92
481 1 7
482 1 10
484 1 43
485 1 58
487 1 20
489 1 88
490 1 44
491 1 52
493 1 87
496 1 17
499 1 35
503 1 18
504 1 61
506 1 18
509 1 97
511 1 12
512 1 52
514 1 14
515 1 35
516 1 86
518 1 69
519 1 15
520 1 21
524 1 66
525 1 47
526 1 87
527 1 75
528 1 95
529 1 45
531 1 13
533 1 35
534 1 40
540 1 76
542 1 76
543 1 60
548 1 44
549 1 71
551 1 47
552 1 74
559 1 39
564 1 26
565 1 27
567 1 47
569 1 42
570 1 59
572 1 23
573 1 50
575 1 21
578 1 50
583 1 64
586 1 1
588 1 95
590 1 54
591 1 21
592 1 46
594 1 72
595 1 81
596 1 31
598 1 27
599 1 10
1 2 11733
2 2 32
3 2 11861
5 2 9630
7 2 10180
9 2 9545
10 2 3
11 2 10419
12 2 15
13 2 11884
14 2 7
15 2 11615
16 2 75
17 2 11685
18 2 77
19 2 10292
20 2 44
21 2 8511
22 2 39
23 2 8533
24 2 44
25 2 10435
26 2 52
27 2 9771
28 2 68
29 2 11488
31 2 9438
33 2 10114
35 2 11079
37 2 9674
38 2 2
39 2 8003
41 2 9316
42 2 64
43 2 11672
45 2 9757
47 2 9222
49 2 9065
50 2 18
51 2 10152
53 2 11512
55 2 10439
57 2 10569
59 2 11547
60 2 14
61 2 11022
63 2 10352
64 2 16
65 2 11254
67 2 11152
69 2 11233
70 2 50
71 2 9099
72 2 16
73 2 11863
74 2 67
75 2 8883
77 2 8503
79 2 9612
81 2 11981
82 2 53
83 2 10981
84 2 8
85 2 9239
86 2 7
87 2 9267
89 2 9829
91 2 11760
92 2 31
93 2 9982
94 2 33
95 2 8287
97 2 8173
99 2 11924
100 2 82
101 2 8065
103 2 10279
105 2 8652
106 2 94
107 2 10008
109 2 8055
110 2 7
111 2 10831
112 2 51
113 2 10990
115 2 11719
117 2 9500
118 2 34
119 2 10547
120 2 62
121 2 10146
123 2 11469
125 2 8397
126 2 35
127 2 10447
129 2 10115
130 2 63
131 2 10817
133 2 10774
134 2 84
135 2 10070
136 2 38
137 2 11725
139 2 8983
140 2 62
141 2 9537
142 2 37
143 2 9555
145 2 8744
146 2 87
147 2 8957
149 2 10036
151 2 11800
153 2 11160
155 2 9702
157 2 9940
159 2 11917
161 2 11631
162 2 33
163 2 11508
165 2 11740
166 2 49
167 2 8920
169 2 8159
170 2 53
171 2 8363
172 2 21
173 2 8238
174 2 59
175 2 10978
177 2 9973
179 2 8814
181 2 8890
183 2 9428
184 2 41
185 2 10217
187 2 8210
188 2 2
189 2 8891
191 2 10304
193 2 11803
194 2 68
195 2 10675
197 2 11666
199 2 8198
201 2 9527
203 2 11097
205 2 11262
206 2 20
207 2 8408
208 2 80
209 2 11912
211 2 11950
213 2 11411
214 2 41
215 2 9331
216 2 85
217 2 10101
219 2 11484
221 2 9743
223 2 10303
225 2 8549
227 2 9556
229 2 9035
231 2 11540
233 2 10601
234 2 93
235 2 8416
236 2 16
237 2 9589
239 2 8332
241 2 9502
243 2 11573
245 2 11972
247 2 8942
248 2 60
249 2 11730
250 2 32
251 2 10243
252 2 59
253 2 9891
254 2 10
255 2 10965
256 2 65
257 2 9510
259 2 11499
260 2 87
261 2 11848
262 2 95
263 2 10126
265 2 8731
267 2 10025
269 2 8387
270 2 27
271 2 8214
272 2 33
273 2 10347
274 2 7
275 2 11464
276 2 26
277 2 10272
279 2 9575
281 2 9925
283 2 10569
285 2 9090
287 2 10419
288 2 14
289 2 9421
291 2 10595
292 2 36
293 2 8532
294 2 5
295 2 9325
297 2 8598
298 2 57
299 2 11253
300 2 43
301 2 10538
302 2 99
303 2 8241
305 2 8579
307 2 10846
308 2 46
309 2 11466
311 2 11757
312 2 87
313 2 10658
314 2 40
315 2 9949
316 2 11
317 2 11192
319 2 8961
320 2 22
321 2 11656
323 2 8696
324 2 47
325 2 11532
327 2 8652
329 2 10438
330 2 27
331 2 11191
333 2 10906
335 2 8122
336 2 42
337 2 11290
339 2 9995
341 2 8411
343 2 10270
344 2 28
345 2 10254
347 2 8902
348 2 39
349 2 8049
350 2 31
351 2 10229
352 2 81
353 2 10756
355 2 11484
356 2 85
357 2 11918
359 2 8420
361 2 10563
363 2 12000
364 2 37
365 2 9605
367 2 9653
368 2 3
369 2 9086
370 2 83
371 2 8272
372 2 41
373 2 11671
375 2 11091
376 2 28
377 2 10804
378 2 42
379 2 8551
380 2 20
381 2 9431
383 2 11554
385 2 10960
386 2 74
387 2 9776
388 2 94
389 2 9895
390 2 29
391 2 9541
393 2 9919
395 2 9228
397 2 10225
399 2 9533
400 2 85
401 2 11375
402 2 70
403 2 8208
404 2 98
405 2 10638
406 2 35
407 2 10476
408 2 99
409 2 11141
411 2 10848
412 2 33
413 2 11049
415 2 8259
417 2 9540
418 2 32
419 2 9732
420 2 71
421 2 10659
423 2 10264
424 2 45
425 2 10048
426 2 32
427 2 10735
429 2 10314
431 2 8762
433 2 11398
435 2 11112
437 2 10781
438 2 46
439 2 11551
441 2 9931
442 2 15
443 2 10015
444 2 29
445 2 10068
446 2 39
447 2 10374
448 2 29
449 2 11060
450 2 95
451 2 9507
452 2 18
453 2 10667
455 2 11692
457 2 9376
459 2 9833
461 2 9635
462 2 21
463 2 10033
465 2 9017
466 2 69
467 2 11491
469 2 9833
471 2 8061
472 2 72
473 2 9799
475 2 10821
476 2 19
477 2 9067
478 2 79
479 2 8290
481 2 8102
482 2 60
483 2 10185
484 2 74
485 2 11596
486 2 38
487 2 8622
489 2 8500
490 2 71
491 2 8504
492 2 54
493 2 9791
494 2 35
495 2 8295
497 2 10761
498 2 8
499 2 10102
501 2 11353
502 2 5
503 2 9562
505 2 10181
507 2 11289
508 2 28
509 2 9217
511 2 8149
513 2 11931
514 2 85
515 2 9153
516 2 72
517 2 10204
519 2 10305
520 2 1
521 2 10244
523 2 9352
524 2 69
525 2 10549
527 2 11733
529 2 11811
531 2 8728
532 2 81
533 2 9245
535 2 9853
537 2 10408
538 2 2
539 2 8896
541 2 10113
542 2 1
543 2 11072
545 2 9653
546 2 50
547 2 9745
549 2 10248
550 2 31
551 2 9951
553 2 10865
555 2 9795
556 2 56
557 2 9269
559 2 8040
561 2 8948
563 2 9444
565 2 8432
566 2 65
567 2 9811
569 2 8556
570 2 73
571 2 11290
572 2 57
573 2 8582
575 2 11914
577 2 11301
579 2 10769
580 2 66
581 2 8181
583 2 10914
584 2 29
585 2 11524
587 2 10000
588 2 7
589 2 11843
590 2 82
591 2 10767
592 2 8
593 2 10933
594 2 9
595 2 11818
596 2 26
597 2 8629
599 2 11574
0 3 54
1 3 50
2 3 54
6 3 49
7 3 26
10 3 40
12 3 8
13 3 7
15 3 5
16 3 86
18 3 16
19 3 66
21 3 67
22 3 50
23 3 52
25 3 68
26 3 63
28 3 16
30 3 83
31 3 32
33 3 81
34 3 70
35 3 70
36 3 74
39 3 100
41 3 12
42 3 62
44 3 80
47 3 66
48 3 82
50 3 85
51 3 76
52 3 64
53 3 41
55 3 69
57 3 25
58 3 91
60 3 74
64 3 57
67 3 73
70 3 53
71 3 9
73 3 51
75 3 13
76 3 29
77 3 32
80 3 22
83 3 91
84 3 48
85 3 32
87 3 46
88 3 57
89 3 35
91 3 8
92 3 72
93 3 32
95 3 86
97 3 77
98 3 49
99 3 50
100 3 80
103 3 10
105 3 77
106 3 84
114 3 40
115 3 48
122 3 50
125 3 35
126 3 57
130 3 2
131 3 83
134 3 22
135 3 67
137 3 20
139 3 73
140 3 69
143 3 53
144 3 93
151 3 14
154 3 95
156 3 68
157 3 51
158 3 96
160 3 29
161 3 69
162 3 78
164 3 45
167 3 4
168 3 73
169 3 72
170 3 21
172 3 64
174 3 71
175 3 44
176 3 13
178 3 43
179 3 59
181 3 53
184 3 68
186 3 65
191 3 12
193 3 27
194 3 17
197 3 94
199 3 86
201 3 87
208 3 40
211 3 8
212 3 29
213 3 72
214 3 83
215 3 36
216 3 47
222 3 74
225 3 87
227 3 44
231 3 73
232 3 31
233 3 5
234 3 36
239 3 7
240 3 63
241 3 78
245 3 63
248 3 51
251 3 49
253 3 34
256 3 20
257 3 88
260 3 36
261 3 48
263 3 98
266 3 61
268 3 30
270 3 47
271 3 45
272 3 12
274 3 57
275 3 86
277 3 82
278 3 36
279 3 58
280 3 6
281 3 31
290 3 84
291 3 46
292 3 9
297 3 16
298 3 30
302 3 77
306 3 16
308 3 56
309 3 100
311 3 77
312 3 88
313 3 1
317 3 23
319 3 75
321 3 10
323 3 80
324 3 83
326 3 31
327 3 40
330 3 14
331 3 39
341 3 44
343 3 14
345 3 98
346 3 27
352 3 4
355 3 76
356 3 64
358 3 95
359 3 83
360 3 61
361 3 85
362 3 70
363 3 88
364 3 34
365 3 8
369 3 19
372 3 91
373 3 62
378 3 96
379 3 82
381 3 4
382 3 11
383 3 89
384 3 46
386 3 60
388 3 27
389 3 94
394 3 56
396 3 9
398 3 24
403 3 97
407 3 29
408 3 100
409 3 38
412 3 65
414 3 86
415 3 19
421 3 53
424 3 23
428 3 44
429 3 98
430 3 7
431 3 12
432 3 83
434 3 49
437 3 66
438 3 77
439 3 96
443 3 80
444 3 76
445 3 45
446 3 85
447 3 3
448 3 34
449 3 51
450 3 91
452 3 74
453 3 22
454 3 18
455 3 78
456 3 17
457 3 87
466 3 68
467 3 11
468 3 42
471 3 67
472 3 78
473 3 83
474 3 51
476 3 100
481 3 39
482 3 62
483 3 75
484 3 94
487 3 98
491 3 66
498 3 89
500 3 80
505 3 62
506 3 76
507 3 47
508 3 84
510 3 81
511 3 56
512 3 2
513 3 84
514 3 30
515 3 58
517 3 91
518 3 100
521 3 86
522 3 99
523 3 38
528 3 17
529 3 30
533 3 81
538 3 26
539 3 54
543 3 71
544 3 47
545 3 55
547 3 67
548 3 64
549 3 10
550 3 71
552 3 34
554 3 77
555 3 30
556 3 47
558 3 53
560 3 62
561 3 68
562 3 70
566 3 69
567 3 71
568 3 54
575 3 37
576 3 56
577 3 81
579 3 78
580 3 100
581 3 47
583 3 100
587 3 58
589 3 54
590 3 87
593 3 86
594 3 88
596 3 69
598 3 39
599 3 20
1 4 10854
3 4 9616
4 4 18
5 4 9583
6 4 66
7 4 10907
8 4 78
9 4 11598
11 4 10208
12 4 50
13 4 9185
14 4 69
15 4 10007
17 4 11594
18 4 46
19 4 8134
21 4 9963
23 4 10673
25 4 9416
26 4 67
27 4 10635
29 4 9364
30 4 46
31 4 11824
32 4 50
33 4 10640
34 4 1
35 4 10061
37 4 9574
38 4 12
39 4 9642
41 4 9939
42 4 89
43 4 10858
45 4 10643
47 4 11597
48 4 12
49 4 8927
50 4 52
51 4 11629
52 4 7
53 4 11500
55 4 9444
56 4 34
57 4 9806
58 4 80
59 4 8487
60 4 25
61 4 8770
63 4 11532
64 4 68
65 4 11910
66 4 79
67 4 8392
69 4 11360
71 4 10901
72 4 94
73 4 9703
74 4 62
75 4 11140
77 4 8803
79 4 11632
80 4 13
81 4 9521
82 4 22
83 4 8993
85 4 9782
86 4 59
87 4 8742
88 4 56
89 4 10530
91 4 9628
93 4 10912
95 4 9368
97 4 11049
98 4 82
99 4 10688
101 4 9208
102 4 14
103 4 11930
105 4 10260
107 4 11898
108 4 44
109 4 11034
111 4 8036
113 4 8130
115 4 8153
116 4 36
117 4 8159
118 4 87
119 4 8620
121 4 9577
123 4 9676
125 4 8270
127 4 11457
129 4 8680
131 4 11780
133 4 10669
135 4 8111
136 4 62
137 4 11539
139 4 11942
141 4 8221
143 4 11592
144 4 25
145 4 8591
146 4 72
147 4 9406
149 4 10026
150 4 35
151 4 10402
153 4 11919
154 4 42
155 4 10126
157 4 10833
159 4 11024
160 4 96
161 4 8486
162 4 33
163 4 8081
164 4 89
165 4 9454
167 4 9249
169 4 10775
171 4 9679
173 4 9294
175 4 9222
176 4 22
177 4 8680
179 4 9081
181 4 9737
183 4 9352
185 4 10251
187 4 11656
189 4 11148
191 4 11765
192 4 36
193 4 8423
194 4 78
195 4 11421
196 4 69
197 4 8133
199 4 9202
201 4 11754
203 4 9142
205 4 9440
207 4 11391
209 4 8118
210 4 57
211 4 10096
212 4 72
213 4 11321
215 4 10602
216 4 35
217 4 9419
219 4 9479
220 4 84
221 4 9111
222 4 94
223 4 11545
225 4 8652
227 4 11912
228 4 29
229 4 10903
230 4 34
231 4 8052
232 4 77
233 4 11385
235 4 9740
236 4 87
237 4 10077
239 4 8338
240 4 85
241 4 10047
242 4 13
243 4 10456
244 4 65
245 4 9825
247 4 9193
248 4 48
249 4 8151
251 4 10572
253 4 10081
255 4 8905
257 4 11539
258 4 99
259 4 8851
260 4 10
261 4 9315
263 4 11040
265 4 10734
267 4 9779
269 4 10648
270 4 21
271 4 10569
272 4 25
273 4 10249
275 4 11149
277 4 10482
279 4 11843
280 4 25
281 4 9425
282 4 26
283 4 10981
285 4 10638
286 4 69
287 4 11420
289 4 11317
291 4 8485
293 4 11275
294 4 92
295 4 9685
297 4 11656
299 4 9297
301 4 8068
303 4 11697
304 4 10
305 4 8745
306 4 33
307 4 8381
309 4 9250
311 4 8549
313 4 8320
315 4 11395
317 4 9305
318 4 35
319 4 10907
321 4 8351
323 4 10199
324 4 35
325 4 10101
327 4 9305
328 4 66
329 4 10989
331 4 10313
333 4 11980
335 4 10236
337 4 9444
339 4 9673
341 4 9727
342 4 64
343 4 10503
344 4 98
345 4 9315
346 4 93
347 4 9619
349 4 11431
351 4 9359
353 4 9412
355 4 9286
356 4 25
357 4 9983
359 4 11458
360 4 39
361 4 9911
363 4 10233
365 4 11429
367 4 9669
369 4 9206
370 4 47
371 4 11609
373 4 11909
375 4 9852
377 4 9102
379 4 9225
380 4 46
381 4 9559
383 4 10917
385 4 11080
386 4 60
387 4 9766
388 4 43
389 4 8705
391 4 11038
392 4 82
393 4 10890
394 4 70
395 4 8949
397 4 9611
399 4 9644
400 4 48
401 4 10765
402 4 92
403 4 8115
405 4 11124
406 4 56
407 4 9873
408 4 19
409 4 9992
411 4 11236
413 4 10347
414 4 81
415 4 10295
417 4 11881
419 4 9631
420 4 78
421 4 10564
422 4 75
423 4 8127
424 4 31
425 4 9241
426 4 5
427 4 10332
428 4 42
429 4 8756
431 4 9380
432 4 5
433 4 8425
434 4 90
435 4 8587
436 4 56
437 4 8300
439 4 11787
440 4 10
441 4 10554
442 4 21
443 4 10728
444 4 95
445 4 11817
446 4 13
447 4 11702
448 4 32
449 4 10247
450 4 17
451 4 8872
453 4 11728
455 4 11806
457 4 11446
458 4 32
459 4 9668
460 4 1
461 4 10505
463 4 11012
464 4 61
465 4 9162
467 4 8057
469 4 10740
470 4 53
471 4 10010
472 4 82
473 4 10399
474 4 42
475 4 9819
477 4 8923
478 4 52
479 4 8064
481 4 10210
483 4 10437
485 4 11288
487 4 11736
489 4 9340
491 4 9674
493 4 11645
495 4 11383
496 4 37
497 4 10532
499 4 11277
500 4 36
501 4 10430
503 4 9088
505 4 9976
506 4 9
507 4 10619
508 4 95
509 4 9492
511 4 8221
512 4 74
513 4 11195
515 4 11897
517 4 10270
519 4 8382
521 4 9839
522 4 29
523 4 8916
525 4 8281
527 4 11748
529 4 11738
531 4 8913
533 4 10017
535 4 9575
536 4 66
537 4 11360
539 4 8537
541 4 8812
543 4 10760
545 4 9803
546 4 71
547 4 8044
549 4 8967
550 4 25
551 4 11005
552 4 83
553 4 8979
554 4 52
555 4 9939
556 4 40
557 4 11782
559 4 8459
560 4 45
561 4 9439
562 4 33
563 4 10908
564 4 44
565 4 11888
567 4 9255
568 4 27
569 4 9672
570 4 33
571 4 10753
573 4 11828
575 4 9152
576 4 82
577 4 9796
579 4 8153
580 4 8
581 4 8482
582 4 61
583 4 9821
584 4 26
585 4 11672
587 4 9492
588 4 12
589 4 10205
590 4 60
591 4 9341
592 4 32
593 4 10681
594 4 50
595 4 10023
596 4 25
597 4 9798
599 4 10310
0 5 45
1 5 13
3 5 53
5 5 77
7 5 67
8 5 23
11 5 69
15 5 89
16 5 63
22 5 91
23 5 91
24 5 32
28 5 9
36 5 70
38 5 99
40 5 79
43 5 13
45 5 94
46 5 31
47 5 85
53 5 35
57 5 76
58 5 37
60 5 25
61 5 48
65 5 38
66 5 60
68 5 36
70 5 21
73 5 79
74 5 53
76 5 57
79 5 39
81 5 61
83 5 12
85 5 42
86 5 70
87 5 77
88 5 82
89 5 34
90 5 55
92 5 90
93 5 89
94 5 93
97 5 92
101 5 92
103 5 30
109 5 98
112 5 85
113 5 1
116 5 47
117 5 96
119 5 73
121 5 51
122 5 87
126 5 51
127 5 22
128 5 63
130 5 21
133 5 97
134 5 44
135 5 45
139 5 79
140 5 39
142 5 44
143 5 57
144 5 18
146 5 93
147 5 14
149 5 52
154 5 82
155 5 63
156 5 37
158 5 84
159 5 51
163 5 99
164 5 8
168 5 24
169 5 54
170 5 99
171 5 60
174 5 92
177 5 1
178 5 3
181 5 22
182 5 76
184 5 4
185 5 46
188 5 62
189 5 97
193 5 38
195 5 69
196 5 50
200 5 22
201 5 46
202 5 37
203 5 83
204 5 82
208 5 24
211 5 78
212 5 28
213 5 68
214 5 2
216 5 74
217 5 15
218 5 2
221 5 63
222 5 52
223 5 27
224 5 23
226 5 71
228 5 100
231 5 36
232 5 80
234 5 96
236 5 23
239 5 28
241 5 6
243 5 97
244 5 83
246 5 9
249 5 25
250 5 78
252 5 18
253 5 31
256 5 6
257 5 34
259 5 10
260 5 16
261 5 99
263 5 17
266 5 81
267 5 78
269 5 28
271 5 2
273 5 83
277 5 78
278 5 10
279 5 58
281 5 33
282 5 44
284 5 81
288 5 25
291 5 47
292 5 94
294 5 19
295 5 6
297 5 84
299 5 44
300 5 38
302 5 80
305 5 94
307 5 29
311 5 81
312 5 2
313 5 41
315 5 24
319 5 17
321 5 56
322 5 83
324 5 83
325 5 41
326 5 81
330 5 71
331 5 9
334 5 1
335 5 27
336 5 23
337 5 54
338 5 54
339 5 75
343 5 8
344 5 42
347 5 74
348 5 91
350 5 68
353 5 64
354 5 42
359 5 100
361 5 86
362 5 30
365 5 63
366 5 96
368 5 82
370 5 78
371 5 58
373 5 100
374 5 82
376 5 36
377 5 1
379 5 90
380 5 95
387 5 58
388 5 21
392 5 96
393 5 42
397 5 64
404 5 63
406 5 56
407 5 10
409 5 70
410 5 17
411 5 11
414 5 76
415 5 25
418 5 50
421 5 16
423 5 67
426 5 76
427 5 90
430 5 86
431 5 99
432 5 85
433 5 87
436 5 61
441 5 85
442 5 10
449 5 7
451 5 10
456 5 63
458 5 97
459 5 9
460 5 39
462 5 13
464 5 40
468 5 73
471 5 3
473 5 73
475 5 58
476 5 78
477 5 13
478 5 90
481 5 4
484 5 10
489 5 6
490 5 30
492 5 51
494 5 46
495 5 41
496 5 11
498 5 66
499 5 6
503 5 54
505 5 20
506 5 46
511 5 11
518 5 66
519 5 18
523 5 30
524 5 99
525 5 22
526 5 85
529 5 42
535 5 100
536 5 17
539 5 87
540 5 71
541 5 59
542 5 89
548 5 31
549 5 82
550 5 98
551 5 85
552 5 43
554 5 75
555 5 73
559 5 64
560 5 71
563 5 79
567 5 46
568 5 96
569 5 28
571 5 36
575 5 90
577 5 45
578 5 31
580 5 40
586 5 50
587 5 1
588 5 93
590 5 57
592 5 63
598 5 3
599 5 58
0 6 56
1 6 8624
2 6 99
3 6 11070
5 6 9526
7 6 10585
8 6 2
9 6 11278
10 6 75
11 6 8032
13 6 10921
15 6 10504
16 6 25
17 6 11959
18 6 74
19 6 10952
20 6 45
21 6 8795
22 6 35
23 6 11206
24 6 78
25 6 10181
27 6 9663
28 6 66
29 6 11772
31 6 8223
33 6 9540
35 6 8714
37 6 8810
39 6 10807
40 6 53
41 6 8961
43 6 8708
44 6 21
45 6 9793
47 6 11998
48 6 97
49 6 10574
50 6 23
51 6 10569
52 6 81
53 6 11928
55 6 9815
56 6 50
57 6 9709
59 6 11583
61 6 11600
62 6 34
63 6 9448
65 6 11745
67 6 8819
68 6 67
69 6 9796
71 6 8216
72 6 36
73 6 10862
75 6 10806
77 6 10087
79 6 10521
80 6 73
81 6 9153
82 6 73
83 6 11840
84 6 70
85 6 9354
87 6 10579
88 6 47
89 6 8791
90 6 50
91 6 10327
93 6 8390
94 6 69
95 6 11791
96 6 51
97 6 11506
98 6 61
99 6 9865
101 6 10939
103 6 10998
105 6 9044
106 6 41
107 6 9060
108 6 60
109 6 8461
110 6 12
111 6 10961
112 6 71
113 6 8531
114 6 7
115 6 10215
116 6 75
117 6 9568
119 6 8664
120 6 24
121 6 11455
122 6 28
123 6 9748
125 6 9885
126 6 6
127 6 9726
128 6 60
129 6 9661
130 6 12
131 6 11777
133 6 10846
134 6 74
135 6 9714
137 6 11763
138 6 39
139 6 10945
140 6 4
141 6 11142
142 6 45
143 6 11126
144 6 12
145 6 9664
147 6 9860
148 6 97
149 6 10239
150 6 3
151 6 9367
152 6 91
153 6 11473
154 6 56
155 6 11016
156 6 3
157 6 8188
158 6 6
159 6 11554
161 6 11854
163 6 10917
165 6 9317
166 6 93
167 6 11551
169 6 11598
171 6 10587
173 6 9126
174 6 99
175 6 11677
177 6 9874
178 6 28
179 6 10636
180 6 4
181 6 8515
182 6 73
183 6 8595
185 6 10836
187 6 11285
189 6 8907
190 6 54
191 6 11534
192 6 51
193 6 11901
195 6 9492
197 6 8166
198 6 33
199 6 10503
201 6 8098
202 6 92
203 6 11656
204 6 95
205 6 11779
206 6 80
207 6 9770
208 6 35
209 6 10994
211 6 10067
212 6 29
213 6 8251
214 6 13
215 6 9150
216 6 54
217 6 11563
218 6 27
219 6 8894
220 6 22
221 6 10254
223 6 11293
224 6 59
225 6 11576
226 6 22
227 6 9480
228 6 79
229 6 11589
231 6 9239
232 6 64
233 6 8497
235 6 10145
237 6 11831
238 6 39
239 6 11632
240 6 45
241 6 10939
242 6 36
243 6 11263
244 6 60
245 6 11471
246 6 21
247 6 9646
249 6 9618
250 6 34
251 6 9379
252 6 82
253 6 11926
254 6 57
255 6 11839
257 6 11661
258 6 35
259 6 11961
260 6 92
261 6 9826
263 6 11679
264 6 32
265 6 11986
267 6 10591
268 6 72
269 6 9707
270 6 48
271 6 11503
273 6 8986
275 6 8169
277 6 11535
279 6 8140
280 6 84
281 6 11816
283 6 10163
284 6 37
285 6 10553
287 6 9986
289 6 10932
290 6 21
291 6 11966
292 6 61
293 6 8232
294 6 40
295 6 11367
296 6 11
297 6 11178
298 6 98
299 6 8009
301 6 11409
302 6 14
303 6 9957
304 6 96
305 6 10274
306 6 7
307 6 9487
308 6 63
309 6 11453
310 6 70
311 6 10837
312 6 99
313 6 9326
315 6 11583
316 6 20
317 6 8650
318 6 30
319 6 8203
321 6 9402
322 6 29
323 6 8731
325 6 11402
326 6 59
327 6 8362
328 6 64
329 6 10759
330 6 49
331 6 9321
333 6 9834
335 6 11620
337 6 11789
339 6 9455
340 6 89
341 6 8714
343 6 9696
345 6 8191
347 6 8568
349 6 8556
350 6 42
351 6 8356
352 6 16
353 6 9065
355 6 11325
356 6 49
357 6 8436
358 6 18
359 6 11809
360 6 9
361 6 11534
363 6 11204
364 6 11
365 6 10847
366 6 55
367 6 11052
369 6 10435
370 6 22
371 6 10778
373 6 8463
374 6 48
375 6 9000
377 6 10940
379 6 8352
380 6 61
381 6 11102
382 6 20
383 6 9616
385 6 11542
386 6 88
387 6 8961
389 6 10585
391 6 10668
392 6 66
393 6 10892
394 6 69
395 6 10072
397 6 11571
399 6 8747
401 6 11582
402 6 34
403 6 10723
404 6 77
405 6 11962
407 6 10109
409 6 10825
411 6 9104
412 6 39
413 6 11893
414 6 66
415 6 9264
416 6 92
417 6 9241
418 6 80
419 6 8035
421 6 11338
422 6 73
423 6 10032
424 6 10
425 6 8037
426 6 30
427 6 10739
429 6 11235
430 6 53
431 6 10767
433 6 8353
434 6 19
435 6 10814
436 6 30
437 6 8895
438 6 13
439 6 11709
441 6 8935
443 6 10066
445 6 8442
446 6 90
447 6 8005
448 6 69
449 6 10496
451 6 8925
453 6 9412
455 6 9397
457 6 8502
459 6 10640
460 6 31
461 6 11694
462 6 48
463 6 11129
465 6 10395
466 6 7
467 6 11685
468 6 17
469 6 8218
470 6 12
471 6 9547
472 6 50
473 6 10096
474 6 22
475 6 11653
477 6 10040
479 6 8815
480 6 89
481 6 8074
482 6 75
483 6 8300
485 6 9241
486 6 59
487 6 9086
488 6 56
489 6 9759
491 6 11178
492 6 93
493 6 10116
494 6 11
495 6 8086
497 6 10195
498 6 42
499 6 8406
500 6 67
501 6 9109
502 6 74
503 6 10079
504 6 75
505 6 9157
507 6 8370
509 6 9730
510 6 58
511 6 8656
512 6 3
513 6 11063
515 6 10963
516 6 31
517 6 8402
519 6 8286
520 6 50
521 6 9511
522 6 6
523 6 8547
524 6 35
525 6 8102
527 6 9712
529 6 8379
531 6 11484
532 6 46
533 6 8921
535 6 9915
536 6 61
537 6 10143
538 6 29
539 6 8013
540 6 9
541 6 10090
542 6 72
543 6 11023
545 6 8492
546 6 2
547 6 10451
548 6 82
549 6 8078
550 6 83
551 6 8096
553 6 11416
554 6 15
555 6 8329
556 6 32
557 6 8817
559 6 11325
560 6 69
561 6 10395
562 6 85
563 6 9144
565 6 11745
566 6 48
567 6 10398
569 6 11618
570 6 34
571 6 8576
573 6 11833
575 6 9553
577 6 8813
578 6 88
579 6 11045
581 6 10855
582 6 28
583 6 8727
584 6 96
585 6 8299
587 6 8093
589 6 10891
591 6 8977
593 6 11325
595 6 8574
596 6 66
597 6 9467
599 6 10689
0 7 61
1 7 43
2 7 24
4 7 7
9 7 14
11 7 43
12 7 43
14 7 12
15 7 71
17 7 17
18 7 29
19 7 47
20 7 40
22 7 41
26 7 71
27 7 5
29 7 86
30 7 84
32 7 56
38 7 6
41 7 20
42 7 24
43 7 68
45 7 91
47 7 12
51 7 57
53 7 41
55 7 38
56 7 73
59 7 61
61 7 49
69 7 31
70 7 91
72 7 54
73 7 28
76 7 50
77 7 52
78 7 60
80 7 24
81 7 55
83 7 63
84 7 57
85 7 29
86 7 87
88 7 5
91 7 52
92 7 98
95 7 62
97 7 5
99 7 9
101 7 3
103 7 9
105 7 55
106 7 28
107 7 13
108 7 95
109 7 6
112 7 39
113 7 51
114 7 71
115 7 45
116 7 88
117 7 93
119 7 76
121 7 81
122 7 51
123 7 14
125 7 47
126 7 72
129 7 95
133 7 10
134 7 3
138 7 7
143 7 17
144 7 90
146 7 8
147 7 16
151 7 81
152 7 35
155 7 66
156 7 22
158 7 84
160 7 60
161 7 33
162 7 91
164 7 36
169 7 26
170 7 96
175 7 66
176 7 41
182 7 23
186 7 14
187 7 4
191 7 45
193 7 58
196 7 91
198 7 49
200 7 53
202 7 13
209 7 93
213 7 28
214 7 86
216 7 38
217 7 78
218 7 1
219 7 51
220 7 60
221 7 56
223 7 52
227 7 26
228 7 39
229 7 57
231 7 70
235 7 94
239 7 16
240 7 41
241 7 50
242 7 96
244 7 89
245 7 71
246 7 61
247 7 36
248 7 56
250 7 12
252 7 30
256 7 53
257 7 39
258 7 38
265 7 83
266 7 73
268 7 98
269 7 95
271 7 46
272 7 69
274 7 36
275 7 11
277 7 34
278 7 84
280 7 36
282 7 1
286 7 61
287 7 18
288 7 12
291 7 16
292 7 38
293 7 42
294 7 44
296 7 3
302 7 25
306 7 8
309 7 76
310 7 26
311 7 93
312 7 86
314 7 64
318 7 91
321 7 55
322 7 49
324 7 79
327 7 99
328 7 49
331 7 81
336 7 36
337 7 79
340 7 96
344 7 78
345 7 70
346 7 25
347 7 17
349 7 58
350 7 42
352 7 99
353 7 65
354 7 41
355 7 2
356 7 38
359 7 23
360 7 51
363 7 64
364 7 40
366 7 15
367 7 83
368 7 57
369 7 21
371 7 79
373 7 50
374 7 18
376 7 76
377 7 89
379 7 49
380 7 22
382 7 27
383 7 47
385 7 29
387 7 31
388 7 1
390 7 55
392 7 58
395 7 66
396 7 2
400 7 89
404 7 97
405 7 16
406 7 59
412 7 94
413 7 65
414 7 49
416 7 80
419 7 90
420 7 83
423 7 17
426 7 3
427 7 21
431 7 60
434 7 8
439 7 16
441 7 6
444 7 12
446 7 30
448 7 37
450 7 81
451 7 51
452 7 38
454 7 27
455 7 86
456 7 35
462 7 62
463 7 42
464 7 15
467 7 64
468 7 24
470 7 16
471 7 52
472 7 9
473 7 27
474 7 14
476 7 56
478 7 45
481 7 50
484 7 1
486 7 61
488 7 33
489 7 56
492 7 36
494 7 71
495 7 30
498 7 71
500 7 92
503 7 23
505 7 39
509 7 89
510 7 83
512 7 92
513 7 83
516 7 27
517 7 20
518 7 35
524 7 17
525 7 15
526 7 49
528 7 41
529 7 51
530 7 61
533 7 48
535 7 67
538 7 23
541 7 43
542 7 28
543 7 38
544 7 64
546 7 49
547 7 99
552 7 90
554 7 98
555 7 84
556 7 10
559 7 42
560 7 29
562 7 26
564 7 81
566 7 59
568 7 73
572 7 84
573 7 15
575 7 8
577 7 70
578 7 80
579 7 69
583 7 32
586 7 81
588 7 68
591 7 91
596 7 23
599 7 39
0 8 36
1 8 8366
3 8 9367
5 8 11277
6 8 20
7 8 11353
9 8 9343
11 8 8835
13 8 10949
14 8 3
15 8 11066
16 8 95
17 8 10751
18 8 57
19 8 10934
20 8 46
21 8 11500
22 8 55
23 8 8543
24 8 7
25 8 9945
27 8 9451
29 8 9837
31 8 8567
33 8 8605
35 8 9556
37 8 9523
39 8 11240
40 8 71
41 8 10154
43 8 8203
45 8 10136
47 8 9874
48 8 24
49 8 11834
50 8 1
51 8 11605
53 8 8458
54 8 5
55 8 11612
56 8 61
57 8 8571
59 8 11539
60 8 74
61 8 8853
62 8 41
63 8 10125
65 8 9502
66 8 43
67 8 8632
69 8 8685
70 8 74
71 8 10090
72 8 12
73 8 9932
75 8 9929
77 8 9902
78 8 45
79 8 8058
80 8 51
81 8 10122
82 8 74
83 8 10995
85 8 11738
86 8 25
87 8 8479
89 8 11511
91 8 9346
93 8 8491
95 8 8161
96 8 55
97 8 11801
99 8 8517
101 8 8981
103 8 10891
105 8 10904
107 8 8798
108 8 50
109 8 11702
110 8 6
111 8 8521
112 8 100
113 8 11322
114 8 17
115 8 11263
116 8 87
117 8 9365
118 8 57
119 8 8198
120 8 24
121 8 9223
123 8 11580
125 8 11979
126 8 98
127 8 10621
129 8 9270
131 8 10324
132 8 10
133 8 9637
135 8 11138
136 8 81
137 8 10043
138 8 41
139 8 9835
141 8 10538
142 8 26
143 8 11048
144 8 57
145 8 11884
146 8 11
147 8 10250
149 8 8677
150 8 73
151 8 9633
152 8 75
153 8 9440
154 8 22
155 8 10587
156 8 98
157 8 11663
158 8 96
159 8 10736
160 8 35
161 8 8287
163 8 11410
165 8 11681
166 8 80
167 8 9282
169 8 8645
171 8 11864
173 8 11139
174 8 42
175 8 9184
176 8 42
177 8 9422
178 8 90
179 8 9998
181 8 11897
183 8 11403
185 8 8678
187 8 8941
189 8 11348
191 8 9579
193 8 9085
195 8 9106
196 8 1
197 8 8594
198 8 48
199 8 10808
200 8 46
201 8 8129
202 8 75
203 8 10026
205 8 9147
206 8 13
207 8 8555
208 8 77
209 8 10861
210 8 13
211 8 11575
213 8 11436
215 8 9933
216 8 61
217 8 10732
219 8 11269
221 8 10329
223 8 8544
225 8 8167
227 8 10166
229 8 11416
230 8 58
231 8 10837
233 8 10599
235 8 11050
236 8 68
237 8 10672
239 8 8897
240 8 45
241 8 11017
242 8 74
243 8 11034
245 8 11566
246 8 98
247 8 9104
248 8 41
249 8 10921
251 8 9753
253 8 9912
255 8 11837
257 8 10037
258 8 57
259 8 10429
260 8 32
261 8 10220
262 8 35
263 8 10117
264 8 4
265 8 9592
267 8 10076
268 8 27
269 8 9644
271 8 11778
273 8 8282
275 8 9805
276 8 59
277 8 8798
278 8 44
279 8 8751
281 8 11568
282 8 92
283 8 10849
284 8 60
285 8 9823
286 8 62
287 8 10814
289 8 9561
290 8 58
291 8 10321
292 8 77
293 8 11097
295 8 11238
296 8 25
297 8 10495
299 8 9720
301 8 8422
302 8 89
303 8 9950
304 8 89
305 8 11733
306 8 12
307 8 11952
309 8 10694
311 8 10820
313 8 9591
315 8 10087
316 8 13
317 8 8387
319 8 10797
320 8 79
321 8 11478
322 8 66
323 8 11130
324 8 94
325 8 8576
327 8 10851
329 8 11336
330 8 87
331 8 8431
333 8 10997
335 8 9195
337 8 9829
339 8 11218
341 8 9940
343 8 11343
345 8 11879
346 8 26
347 8 11249
349 8 11316
350 8 13
351 8 8171
353 8 9003
354 8 13
355 8 9525
356 8 95
357 8 11389
359 8 8369
360 8 18
361 8 11237
363 8 8366
365 8 9937
367 8 11435
369 8 8045
371 8 11716
373 8 10665
374 8 11
375 8 9105
377 8 8493
378 8 11
379 8 10553
380 8 92
381 8 10437
383 8 8029
385 8 10513
386 8 41
387 8 9750
388 8 29
389 8 8509
390 8 13
391 8 8781
393 8 8219
394 8 60
395 8 11957
396 8 76
397 8 8936
399 8 10965
400 8 2
401 8 9397
403 8 10067
404 8 83
405 8 11964
406 8 34
407 8 9555
409 8 9367
411 8 11040
412 8 72
413 8 11241
415 8 11909
416 8 19
417 8 11689
418 8 70
419 8 9537
420 8 8
421 8 8279
423 8 11981
425 8 10060
426 8 100
427 8 10611
428 8 87
429 8 9597
431 8 9621
432 8 79
433 8 9421
435 8 9932
437 8 8114
439 8 9265
440 8 13
441 8 10657
443 8 9726
445 8 11544
447 8 9555
449 8 9020
450 8 28
451 8 10193
453 8 8383
455 8 10391
457 8 9060
459 8 8508
460 8 25
461 8 10644
463 8 8471
465 8 10525
466 8 31
467 8 8832
469 8 9212
471 8 9635
472 8 49
473 8 8733
475 8 10012
476 8 11
477 8 9732
478 8 46
479 8 11437
481 8 8137
483 8 8061
485 8 9194
486 8 54
487 8 10130
489 8 10685
491 8 11349
492 8 25
493 8 10469
495 8 9496
496 8 79
497 8 11122
499 8 9665
501 8 10564
502 8 53
503 8 9037
505 8 8796
506 8 70
507 8 9820
509 8 10025
510 8 3
511 8 10998
512 8 74
513 8 10073
514 8 13
515 8 8011
517 8 10429
519 8 10528
520 8 28
521 8 8504
522 8 87
523 8 9382
525 8 11879
526 8 34
527 8 9421
528 8 47
529 8 9250
530 8 23
531 8 8119
533 8 11877
534 8 17
535 8 9420
536 8 47
537 8 9877
538 8 1
539 8 10845
541 8 8398
542 8 14
543 8 8765
545 8 10177
547 8 8550
549 8 8347
550 8 70
551 8 10663
552 8 17
553 8 8193
555 8 9827
556 8 84
557 8 10485
559 8 10904
561 8 11302
562 8 53
563 8 11221
565 8 8168
566 8 1
567 8 11954
569 8 8832
571 8 9491
572 8 37
573 8 10757
574 8 66
575 8 8075
577 8 9739
578 8 32
579 8 9855
581 8 10397
583 8 9036
584 8 86
585 8 11264
586 8 35
587 8 9175
589 8 11117
590 8 92
591 8 9178
593 8 11691
595 8 10146
596 8 23
597 8 8678
599 8 11240
3 9 95
6 9 5
8 9 37
9 9 92
11 9 31
13 9 70
17 9 50
19 9 25
23 9 70
25 9 20
26 9 86
27 9 34
28 9 14
31 9 34
33 9 66
34 9 26
36 9 19
38 9 3
39 9 27
42 9 83
43 9 18
46 9 1
48 9 5
50 9 93
52 9 32
53 9 83
55 9 97
58 9 14
61 9 99
62 9 21
63 9 4
64 9 32
66 9 76
68 9 9
73 9 29
75 9 33
76 9 89
78 9 63
79 9 14
80 9 64
82 9 73
84 9 80
85 9 40
86 9 65
87 9 11
90 9 39
93 9 20
94 9 8
95 9 30
96 9 15
97 9 62
98 9 88
99 9 59
100 9 77
101 9 1
102 9 27
103 9 86
105 9 13
106 9 80
108 9 56
109 9 21
110 9 62
112 9 32
117 9 7
120 9 50
124 9 24
125 9 28
126 9 24
131 9 70
133 9 72
139 9 90
140 9 93
141 9 9
142 9 80
144 9 64
145 9 42
146 9 100
147 9 89
148 9 58
151 9 36
152 9 84
156 9 90
157 9 74
159 9 57
160 9 73
164 9 12
165 9 38
166 9 66
168 9 90
169 9 8
170 9 85
171 9 96
172 9 71
173 9 26
176 9 84
178 9 99
181 9 18
182 9 77
183 9 44
184 9 80
186 9 75
187 9 61
189 9 18
190 9 26
192 9 89
197 9 40
198 9 24
199 9 19
200 9 16
201 9 79
202 9 23
203 9 68
204 9 19
205 9 82
207 9 79
208 9 22
215 9 76
217 9 16
218 9 87
219 9 20
220 9 11
226 9 91
233 9 80
234 9 54
235 9 36
238 9 10
240 9 36
242 9 8
243 9 58
244 9 65
247 9 44
249 9 97
252 9 28
253 9 15
255 9 9
256 9 84
257 9 68
260 9 30
261 9 9
262 9 43
263 9 44
264 9 21
265 9 29
268 9 16
269 9 7
271 9 30
274 9 36
276 9 75
277 9 23
279 9 20
280 9 29
282 9 24
284 9 17
286 9 59
287 9 72
291 9 67
293 9 64
296 9 97
297 9 71
298 9 10
300 9 8
301 9 50
303 9 97
306 9 51
307 9 98
308 9 85
309 9 66
310 9 87
311 9 74
312 9 89
313 9 29
314 9 45
315 9 79
321 9 57
322 9 82
323 9 21
324 9 47
328 9 19
336 9 89
338 9 18
339 9 94
340 9 14
343 9 62
345 9 35
347 9 81
349 9 9
351 9 87
352 9 10
356 9 12
357 9 32
359 9 70
360 9 13
361 9 90
366 9 67
367 9 55
370 9 70
372 9 14
374 9 39
376 9 18
377 9 54
379 9 83
380 9 65
382 9 36
383 9 58
385 9 3
386 9 78
390 9 27
391 9 25
393 9 85
395 9 50
399 9 67
402 9 76
404 9 81
405 9 15
406 9 3
408 9 43
409 9 44
410 9 62
411 9 11
413 9 23
415 9 86
417 9 89
418 9 63
419 9 73
421 9 5
422 9 39
428 9 90
429 9 73
430 9 69
431 9 96
432 9 53
435 9 66
436 9 100
437 9 41
438 9 36
440 9 62
442 9 96
443 9 78
445 9 95
446 9 61
447 9 26
448 9 57
449 9 34
450 9 97
451 9 11
453 9 81
459 9 99
460 9 17
464 9 31
466 9 17
471 9 52
475 9 84
479 9 73
480 9 38
481 9 4
483 9 83
484 9 31
485 9 22
491 9 26
496 9 42
497 9 76
500 9 87
501 9 17
502 9 75
503 9 50
504 9 46
507 9 26
508 9 61
509 9 82
510 9 72
511 9 89
513 9 3
514 9 46
515 9 53
516 9 6
520 9 3
521 9 89
527 9 12
528 9 95
534 9 81
537 9 42
539 9 89
541 9 23
544 9 84
546 9 58
547 9 2
551 9 20
553 9 27
556 9 52
557 9 17
558 9 37
559 9 7
561 9 95
562 9 43
564 9 80
569 9 3
572 9 45
574 9 56
575 9 85
577 9 47
580 9 15
583 9 97
585 9 88
589 9 100
592 9 85
595 9 55
597 9 50
599 9 55
0 10 20
1 10 10441
2 10 35
3 10 11009
5 10 11834
6 10 74
7 10 11021
8 10 23
9 10 10650
11 10 8312
13 10 8763
14 10 30
15 10 9898
16 10 3
17 10 8753
18 10 31
19 10 9888
20 10 45
21 10 11879
22 10 65
23 10 10809
25 10 9413
27 10 9382
28 10 95
29 10 10515
31 10 8538
32 10 33
33 10 10420
34 10 80
35 10 10918
36 10 19
37 10 8354
39 10 9836
40 10 4
41 10 10348
43 10 9267
45 10 8577
47 10 10140
49 10 10618
50 10 99
51 10 9004
53 10 8844
54 10 12
55 10 8236
56 10 15
57 10 8936
59 10 11502
60 10 89
61 10 9781
62 10 11
63 10 9650
65 10 9479
66 10 7
67 10 8649
68 10 11
69 10 10087
70 10 52
71 10 10808
73 10 11651
74 10 98
75 10 11298
77 10 8497
78 10 53
79 10 11399
81 10 9663
82 10 16
83 10 9068
85 10 9371
86 10 37
87 10 9782
88 10 28
89 10 9694
90 10 34
91 10 9768
92 10 45
93 10 9468
95 10 11556
97 10 9879
98 10 15
99 10 9349
100 10 1
101 10 9374
103 10 10471
105 10 9543
107 10 10487
109 10 10740
111 10 9695
112 10 76
113 10 10473
114 10 53
115 10 9952
116 10 16
117 10 10091
119 10 9534
120 10 33
121 10 8150
122 10 100
123 10 9321
125 10 10774
126 10 28
127 10 9039
129 10 8544
131 10 11389
133 10 8003
135 10 9026
137 10 10020
139 10 11130
140 10 82
141 10 8298
142 10 12
143 10 9802
144 10 92
145 10 10108
146 10 89
147 10 9602
149 10 9924
150 10 52
151 10 8041
153 10 9385
154 10 49
155 10 11862
157 10 11418
159 10 10420
161 10 11244
162 10 58
163 10 10868
165 10 9397
166 10 74
167 10 11453
169 10 9799
171 10 10497
173 10 10432
174 10 78
175 10 10877
176 10 46
177 10 11366
178 10 88
179 10 9575
181 10 9595
182 10 28
183 10 8735
184 10 8
185 10 10390
186 10 22
187 10 11177
188 10 69
189 10 8594
191 10 10528
192 10 77
193 10 11845
195 10 10103
196 10 6
197 10 11271
198 10 76
199 10 10991
200 10 24
201 10 8970
202 10 23
203 10 8884
204 10 42
205 10 11133
206 10 4
207 10 8450
208 10 26
209 10 10043
210 10 88
211 10 9435
212 10 54
213 10 10288
215 10 10099
216 10 26
217 10 11777
218 10 65
219 10 11558
221 10 9536
223 10 9598
225 10 11708
226 10 33
227 10 8520
228 10 85
229 10 11654
230 10 67
231 10 11252
233 10 9850
234 10 60
235 10 9883
237 10 11615
238 10 23
239 10 11804
241 10 11528
242 10 86
243 10 10570
245 10 10777
246 10 44
247 10 8400
248 10 28
249 10 11060
251 10 10061
252 10 88
253 10 8905
255 10 11084
256 10 17
257 10 8012
259 10 10411
260 10 26
261 10 8058
263 10 10733
264 10 67
265 10 10513
267 10 8154
269 10 10788
270 10 42
271 10 8939
273 10 10187
274 10 38
275 10 10068
276 10 56
277 10 9683
279 10 10211
280 10 76
281 10 8631
282 10 36
283 10 10876
285 10 9770
286 10 45
287 10 10446
288 10 63
289 10 9218
290 10 25
291 10 9175
293 10 9893
294 10 96
295 10 8070
296 10 42
297 10 8702
299 10 9069
301 10 9656
303 10 11348
304 10 13
305 10 8800
307 10 8459
308 10 81
309 10 9681
311 10 9630
312 10 77
313 10 8911
315 10 8066
316 10 49
317 10 8893
319 10 8627
320 10 63
321 10 11227
323 10 9064
324 10 8
325 10 11256
326 10 96
327 10 8136
329 10 8971
331 10 9653
332 10 16
333 10 8460
335 10 9156
337 10 10259
338 10 56
339 10 11791
341 10 8329
342 10 82
343 10 10189
345 10 10334
346 10 100
347 10 10716
349 10 10656
351 10 10799
353 10 8184
355 10 8920
357 10 11458
359 10 9980
360 10 30
361 10 8335
362 10 83
363 10 8973
364 10 45
365 10 11019
366 10 83
367 10 11553
368 10 11
369 10 10465
370 10 27
371 10 8016
372 10 94
373 10 11853
375 10 10607
377 10 10218
379 10 8214
381 10 8843
383 10 11584
385 10 8596
386 10 11
387 10 9059
389 10 8143
390 10 12
391 10 9995
392 10 25
393 10 9392
394 10 84
395 10 10370
397 10 10317
399 10 11812
400 10 4
401 10 10732
403 10 8905
404 10 68
405 10 8368
407 10 11276
408 10 55
409 10 10757
410 10 72
411 10 9615
412 10 98
413 10 11234
415 10 11707
416 10 20
417 10 10459
419 10 8793
421 10 11267
423 10 10129
425 10 10052
426 10 44
427 10 11975
428 10 70
429 10 9442
430 10 49
431 10 9489
432 10 70
433 10 8902
434 10 98
435 10 11982
437 10 11986
438 10 86
439 10 9304
441 10 9825
443 10 9103
444 10 50
445 10 10350
447 10 10104
448 10 1
449 10 11462
451 10 8098
452 10 97
453 10 8275
454 10 37
455 10 10913
456 10 11
457 10 9000
459 10 11359
460 10 87
461 10 9960
463 10 9938
465 10 10117
466 10 5
467 10 11202
469 10 9464
471 10 9415
472 10 78
473 10 8016
474 10 25
475 10 10436
477 10 9898
478 10 23
479 10 11280
481 10 8451
483 10 8986
485 10 9154
486 10 5
487 10 8586
489 10 9129
490 10 5
491 10 11580
493 10 11155
495 10 9093
496 10 50
497 10 8375
498 10 19
499 10 9296
501 10 10799
502 10 100
503 10 11453
504 10 56
505 10 10919
506 10 88
507 10 9102
509 10 9540
511 10 9065
513 10 10037
515 10 8962
516 10 91
517 10 11027
519 10 8855
521 10 11680
522 10 23
523 10 9337
525 10 10605
527 10 9968
529 10 9468
531 10 11045
533 10 8220
535 10 10010
536 10 45
537 10 11933
539 10 11050
541 10 11172
543 10 10861
544 10 12
545 10 10114
546 10 81
547 10 10881
549 10 10250
550 10 4
551 10 9882
552 10 3
553 10 8735
555 10 11792
556 10 8
557 10 9080
558 10 22
559 10 8211
561 10 8319
562 10 90
563 10 9810
565 10 8149
566 10 55
567 10 10740
569 10 10876
571 10 8946
572 10 78
573 10 11447
575 10 10869
576 10 64
577 10 9939
578 10 30
579 10 8296
581 10 11717
583 10 10842
584 10 76
585 10 11517
587 10 10654
588 10 6
589 10 9672
590 10 90
591 10 10745
593 10 11217
595 10 10115
597 10 9782
599 10 8301
0 11 51
2 11 24
5 11 48
6 11 64
7 11 68
10 11 85
12 11 55
15 11 48
16 11 16
17 11 17
18 11 83
19 11 46
21 11 72
30 11 71
31 11 21
34 11 26
37 11 53
40 11 53
42 11 18
43 11 7
44 11 40
46 11 50
47 11 7
48 11 73
53 11 10
58 11 71
62 11 48
63 11 98
67 11 41
69 11 36
70 11 40
73 11 83
75 11 37
80 11 5
82 11 96
83 11 19
84 11 40
85 11 9
88 11 30
89 11 52
90 11 36
91 11 99
92 11 94
94 11 51
99 11 53
100 11 61
103 11 23
104 11 3
105 11 100
110 11 33
113 11 81
115 11 70
116 11 36
117 11 100
119 11 86
123 11 98
125 11 43
127 11 88
128 11 73
129 11 87
131 11 64
133 11 24
134 11 42
136 11 51
138 11 82
139 11 19
141 11 50
142 11 33
144 11 33
146 11 40
148 11 95
150 11 64
151 11 86
153 11 74
154 11 99
156 11 71
157 11 100
158 11 53
159 11 77
160 11 71
161 11 60
162 11 15
164 11 82
166 11 52
167 11 77
170 11 55
174 11 100
176 11 90
177 11 98
179 11 21
180 11 19
183 11 49
184 11 21
192 11 14
193 11 88
194 11 64
195 11 29
198 11 22
200 11 49
201 11 12
205 11 73
206 11 16
207 11 79
208 11 29
210 11 73
212 11 34
214 11 95
215 11 75
216 11 47
217 11 66
218 11 9
219 11 63
220 11 54
222 11 20
223 11 38
228 11 39
229 11 54
230 11 46
231 11 57
233 11 63
234 11 56
235 11 42
240 11 10
244 11 24
248 11 83
249 11 65
250 11 15
251 11 89
253 11 25
254 11 52
257 11 46
260 11 55
262 11 75
266 11 32
268 11 2
270 11 38
271 11 24
273 11 20
274 11 30
276 11 97
277 11 11
279 11 55
280 11 71
289 11 26
293 11 1
296 11 65
298 11 98
300 11 97
303 11 81
304 11 49
305 11 39
307 11 70
309 11 48
311 11 86
316 11 3
317 11 93
318 11 29
319 11 69
320 11 33
321 11 5
325 11 100
326 11 25
328 11 76
330 11 6
333 11 36
334 11 62
335 11 63
336 11 29
338 11 52
340 11 41
345 11 85
347 11 25
349 11 97
351 11 7
352 11 9
355 11 63
356 11 56
361 11 73
363 11 48
364 11 57
365 11 65
366 11 1
367 11 61
368 11 88
369 11 9
370 11 37
376 11 28
380 11 88
381 11 36
382 11 62
386 11 1
387 11 56
388 11 68
389 11 69
390 11 44
391 11 19
396 11 34
397 11 93
398 11 52
400 11 52
401 11 82
402 11 44
403 11 12
404 11 35
406 11 10
407 11 99
412 11 9
413 11 92
416 11 97
417 11 34
418 11 53
419 11 65
421 11 52
422 11 93
423 11 91
425 11 48
427 11 9
428 11 32
430 11 92
431 11 68
432 11 53
433 11 91
437 11 30
438 11 97
439 11 89
443 11 72
444 11 63
449 11 63
451 11 29
452 11 36
453 11 10
454 11 53
455 11 59
456 11 95
457 11 72
458 11 9
460 11 18
462 11 89
466 11 90
470 11 66
471 11 67
473 11 12
476 11 63
478 11 63
479 11 32
480 11 35
482 11 34
483 11 82
484 11 68
487 11 18
488 11 85
489 11 43
490 11 38
492 11 44
493 11 72
494 11 77
495 11 68
498 11 97
500 11 79
501 11 35
506 11 62
508 11 98
509 11 30
510 11 78
514 11 76
520 11 70
521 11 97
523 11 39
528 11 56
529 11 59
530 11 54
531 11 1
533 11 15
534 11 42
535 11 69
536 11 54
538 11 81
539 11 4
544 11 9
546 11 84
548 11 21
551 11 81
553 11 53
554 11 46
555 11 34
556 11 23
557 11 88
559 11 1
562 11 10
565 11 91
568 11 60
569 11 68
571 11 48
575 11 60
577 11 94
580 11 61
585 11 10
588 11 33
589 11 78
590 11 15
592 11 53
593 11 41
596 11 47
1 12 9300
3 12 10587
5 12 8459
7 12 9266
9 12 8513
11 12 8603
12 12 5
13 12 10261
14 12 29
15 12 8533
17 12 8427
19 12 9076
20 12 10
21 12 9749
22 12 59
23 12 9920
24 12 82
25 12 9405
26 12 58
27 12 9006
29 12 11039
31 12 10931
32 12 62
33 12 8890
35 12 9182
36 12 94
37 12 11653
39 12 11238
41 12 8108
43 12 8898
44 12 55
45 12 10818
47 12 10170
49 12 10509
50 12 80
51 12 8786
52 12 93
53 12 11428
55 12 10954
57 12 9794
59 12 9705
60 12 55
61 12 11446
63 12 9706
65 12 9371
66 12 89
67 12 8271
68 12 37
69 12 10414
71 12 11749
72 12 35
73 12 8112
74 12 2
75 12 9665
77 12 9404
79 12 9174
80 12 78
81 12 10116
83 12 9472
84 12 70
85 12 11042
86 12 52
87 12 8135
89 12 10995
91 12 8460
92 12 13
93 12 9344
95 12 11715
96 12 9
97 12 8023
99 12 9012
100 12 70
101 12 8067
102 12 72
103 12 9226
104 12 14
105 12 11178
107 12 11242
108 12 32
109 12 8548
111 12 10647
112 12 32
113 12 10057
114 12 20
115 12 10956
117 12 9478
118 12 63
119 12 10662
120 12 28
121 12 10072
123 12 9839
125 12 11770
127 12 11466
128 12 32
129 12 8122
131 12 9642
133 12 8447
134 12 29
135 12 10055
137 12 10656
138 12 31
139 12 11173
140 12 47
141 12 8767
142 12 72
143 12 8677
145 12 11612
147 12 8802
149 12 8755
151 12 11339
152 12 15
153 12 9868
154 12 18
155 12 8939
156 12 60
157 12 10950
159 12 8249
160 12 80
161 12 9919
162 12 74
163 12 11054
164 12 77
165 12 9950
167 12 8835
168 12 62
169 12 10685
170 12 48
171 12 9105
173 12 8215
175 12 11882
176 12 89
177 12 8339
178 12 34
179 12 10577
180 12 17
181 12 10326
182 12 93
183 12 8776
184 12 93
185 12 9067
187 12 9112
188 12 32
189 12 11168
191 12 8585
193 12 9499
194 12 62
195 12 11761
196 12 56
197 12 10671
198 12 65
199 12 8393
201 12 10620
203 12 8809
205 12 10000
206 12 100
207 12 9450
209 12 8272
210 12 35
211 12 10809
213 12 8702
214 12 35
215 12 10822
216 12 36
217 12 9114
219 12 11957
220 12 61
221 12 10712
222 12 71
223 12 8769
225 12 9596
227 12 10523
229 12 11961
231 12 9467
232 12 14
233 12 10999
235 12 8569
236 12 100
237 12 10960
238 12 39
239 12 11707
241 12 10684
243 12 11042
245 12 11103
247 12 11668
249 12 10299
250 12 63
251 12 10672
253 12 10490
254 12 17
255 12 8039
256 12 54
257 12 8831
259 12 10134
260 12 91
261 12 11490
262 12 54
263 12 9791
264 12 21
265 12 11999
267 12 11864
268 12 3
269 12 8989
270 12 57
271 12 11579
273 12 11501
275 12 8252
276 12 53
277 12 9525
279 12 9227
280 12 68
281 12 10370
283 12 8808
285 12 9415
287 12 8640
288 12 85
289 12 8205
291 12 8091
292 12 17
293 12 11596
295 12 10493
296 12 2
297 12 11550
299 12 8873
300 12 94
301 12 8453
303 12 10398
305 12 8064
307 12 11468
308 12 68
309 12 9294
310 12 25
311 12 11658
312 12 28
313 12 9492
315 12 10626
317 12 9487
318 12 68
319 12 9898
321 12 10193
323 12 10146
324 12 76
325 12 8616
327 12 10840
328 12 36
329 12 10106
331 12 11165
332 12 58
333 12 10563
335 12 10571
337 12 11252
339 12 10424
341 12 9948
342 12 42
343 12 10760
345 12 10123
346 12 62
347 12 9432
348 12 14
349 12 11740
351 12 10152
353 12 11028
355 12 8412
356 12 65
357 12 10464
359 12 8682
361 12 9110
362 12 75
363 12 11763
364 12 98
365 12 9842
367 12 9916
368 12 35
369 12 8032
371 12 9059
372 12 9
373 12 10437
375 12 11211
377 12 9773
378 12 36
379 12 10513
381 12 10988
383 12 9860
384 12 2
385 12 11715
386 12 82
387 12 9305
388 12 8
389 12 8097
391 12 8743
392 12 13
393 12 9583
395 12 9764
396 12 37
397 12 9490
399 12 10829
401 12 8343
402 12 48
403 12 10290
405 12 11476
407 12 10333
408 12 66
409 12 8978
410 12 22
411 12 9227
412 12 69
413 12 10867
415 12 9925
417 12 11135
419 12 11140
420 12 4
421 12 9171
422 12 95
423 12 8144
425 12 8664
426 12 67
427 12 11755
429 12 8912
430 12 32
431 12 10281
433 12 9408
435 12 9277
437 12 8660
439 12 8365
441 12 8856
443 12 8600
445 12 8430
447 12 11714
448 12 85
449 12 9336
451 12 9555
453 12 8172
455 12 11305
457 12 10118
458 12 9
459 12 8853
460 12 7
461 12 8052
462 12 89
463 12 11004
465 12 11832
466 12 14
467 12 11468
469 12 9173
471 12 8908
473 12 11009
475 12 10228
476 12 96
477 12 10075
478 12 43
479 12 10061
480 12 15
481 12 9613
482 12 64
483 12 8547
484 12 51
485 12 8948
487 12 10194
488 12 81
489 12 11730
491 12 11423
493 12 8846
494 12 47
495 12 9839
496 12 79
497 12 8235
499 12 9240
501 12 9719
503 12 11981
504 12 52
505 12 9638
507 12 11307
509 12 9822
510 12 30
511 12 11262
513 12 8547
514 12 54
515 12 9138
516 12 73
517 12 10386
519 12 11913
520 12 88
521 12 9030
522 12 21
523 12 9063
524 12 70
525 12 8849
527 12 10880
529 12 9645
530 12 69
531 12 9141
532 12 12
533 12 10721
534 12 86
535 12 8832
537 12 10313
539 12 10251
541 12 11574
542 12 23
543 12 11837
545 12 11731
547 12 10208
548 12 8
549 12 11092
551 12 11163
553 12 10240
555 12 10358
557 12 11664
558 12 87
559 12 11345
560 12 8
561 12 10687
562 12 41
563 12 8043
565 12 11825
567 12 9391
568 12 11
569 12 9164
571 12 9771
572 12 91
573 12 10339
574 12 78
575 12 10927
577 12 9713
578 12 83
579 12 10990
581 12 11576
582 12 51
583 12 11429
584 12 88
585 12 10827
586 12 82
587 12 11002
589 12 9670
590 12 71
591 12 8858
592 12 41
593 12 8440
594 12 42
595 12 11008
597 12 11265
598 12 38
599 12 10066
2 13 84
3 13 92
4 13 90
5 13 15
6 13 92
7 13 54
11 13 60
14 13 74
15 13 31
17 13 30
23 13 31
24 13 37
25 13 44
28 13 18
29 13 14
30 13 80
32 13 58
33 13 20
34 13 66
35 13 23
38 13 82
40 13 88
42 13 91
44 13 20
45 13 65
46 13 16
49 13 59
50 13 98
56 13 90
60 13 27
61 13 48
63 13 12
64 13 94
66 13 99
68 13 74
69 13 60
70 13 6
71 13 75
72 13 98
75 13 96
76 13 26
77 13 55
78 13 87
80 13 33
82 13 5
83 13 85
84 13 25
85 13 88
88 13 23
92 13 68
94 13 59
101 13 43
104 13 64
113 13 73
114 13 5
115 13 98
116 13 68
118 13 45
119 13 42
122 13 29
123 13 38
124 13 76
125 13 10
126 13 7
127 13 2
129 13 49
131 13 97
132 13 11
133 13 31
135 13 76
137 13 5
139 13 61
141 13 30
142 13 60
143 13 93
151 13 77
156 13 60
158 13 100
159 13 50
160 13 44
163 13 26
164 13 34
165 13 99
166 13 72
167 13 12
168 13 25
169 13 99
171 13 29
173 13 85
174 13 54
175 13 10
177 13 58
178 13 96
181 13 64
185 13 92
190 13 91
192 13 43
193 13 56
194 13 55
195 13 55
196 13 83
197 13 63
198 13 46
201 13 77
202 13 66
203 13 23
204 13 34
206 13 51
207 13 94
210 13 14
212 13 63
214 13 21
216 13 66
218 13 18
219 13 41
222 13 67
223 13 42
228 13 91
229 13 65
230 13 29
232 13 20
233 13 94
234 13 68
237 13 48
238 13 51
239 13 59
240 13 44
241 13 83
244 13 42
246 13 5
247 13 80
252 13 91
253 13 35
254 13 90
257 13 2
259 13 90
261 13 23
262 13 74
264 13 86
265 13 21
268 13 36
269 13 17
270 13 89
273 13 36
275 13 49
276 13 100
279 13 77
282 13 40
283 13 60
284 13 28
285 13 96
287 13 98
289 13 17
291 13 29
293 13 65
294 13 80
295 13 15
297 13 93
299 13 32
300 13 15
301 13 53
303 13 82
308 13 46
309 13 7
310 13 43
311 13 74
315 13 86
316 13 52
318 13 42
320 13 55
321 13 40
322 13 13
323 13 67
324 13 58
325 13 66
326 13 40
327 13 78
329 13 25
331 13 17
332 13 33
333 13 58
338 13 30
339 13 66
340 13 83
341 13 57
342 13 75
343 13 16
344 13 56
348 13 20
349 13 1
350 13 6
352 13 79
354 13 44
356 13 68
357 13 94
358 13 15
359 13 17
360 13 39
364 13 81
365 13 47
367 13 26
370 13 68
372 13 32
373 13 73
374 13 97
375 13 5
378 13 8
379 13 59
380 13 10
384 13 87
385 13 98
386 13 98
389 13 26
390 13 13
391 13 17
393 13 80
395 13 78
398 13 87
399 13 92
400 13 85
402 13 81
403 13 6
405 13 99
409 13 27
410 13 92
411 13 91
413 13 34
416 13 48
420 13 84
421 13 80
425 13 2
428 13 78
432 13 17
433 13 75
434 13 57
435 13 25
437 13 21
439 13 65
440 13 60
442 13 95
444 13 58
446 13 60
449 13 48
451 13 26
452 13 80
455 13 58
457 13 14
459 13 88
460 13 16
461 13 11
464 13 56
467 13 10
468 13 58
469 13 76
470 13 53
472 13 38
474 13 86
480 13 80
481 13 38
484 13 16
485 13 32
486 13 69
487 13 42
489 13 98
491 13 17
498 13 45
499 13 91
501 13 59
502 13 50
503 13 34
504 13 78
505 13 47
509 13 9
510 13 67
511 13 76
519 13 19
521 13 84
522 13 41
524 13 50
525 13 37
527 13 43
528 13 66
529 13 99
530 13 47
531 13 85
534 13 38
536 13 32
539 13 51
540 13 22
542 13 9
545 13 97
546 13 40
548 13 72
549 13 4
550 13 69
552 13 76
554 13 95
555 13 55
556 13 38
557 13 54
558 13 6
561 13 52
562 13 70
564 13 12
566 13 13
575 13 30
577 13 5
578 13 92
581 13 7
582 13 87
583 13 47
585 13 99
586 13 78
587 13 88
589 13 85
591 13 97
592 13 80
593 13 24
594 13 96
0 14 93
1 14 11534
3 14 9765
5 14 10053
6 14 22
7 14 8300
8 14 89
9 14 11137
11 14 8306
12 14 20
13 14 8460
14 14 1
15 14 11068
17 14 10781
18 14 54
19 14 10131
21 14 11828
23 14 11643
25 14 11335
27 14 11707
28 14 68
29 14 11700
31 14 9915
33 14 11352
35 14 9051
37 14 11384
39 14 8571
40 14 12
41 14 8965
42 14 10
43 14 9776
44 14 31
45 14 8901
47 14 10510
48 14 68
49 14 10771
50 14 24
51 14 10325
53 14 10322
54 14 36
55 14 10515
56 14 78
57 14 10730
59 14 10625
61 14 8652
62 14 24
63 14 11678
64 14 86
65 14 9261
67 14 10033
68 14 58
69 14 11198
71 14 9157
73 14 9395
74 14 11
75 14 11363
76 14 82
77 14 10062
79 14 9265
81 14 8637
83 14 11417
84 14 49
85 14 10470
86 14 54
87 14 10856
88 14 4
89 14 11429
90 14 75
91 14 11233
92 14 97
93 14 10980
94 14 5
95 14 9445
97 14 11519
99 14 10351
101 14 10585
103 14 11906
105 14 9650
106 14 85
107 14 9506
109 14 11493
110 14 10
111 14 8398
112 14 49
113 14 8666
115 14 8947
116 14 49
117 14 11261
119 14 10350
120 14 93
121 14 9614
122 14 42
123 14 8172
124 14 3
125 14 9654
126 14 49
127 14 9798
129 14 11341
130 14 65
131 14 11938
133 14 10298
134 14 20
135 14 9832
136 14 28
137 14 11822
138 14 7
139 14 11801
140 14 68
141 14 10552
142 14 20
143 14 11573
144 14 8
145 14 9615
147 14 8313
149 14 9431
150 14 41
151 14 8651
153 14 9593
154 14 73
155 14 8147
157 14 9108
159 14 8723
160 14 91
161 14 10021
163 14 9399
165 14 11250
166 14 6
167 14 9584
169 14 11525
171 14 11388
172 14 82
173 14 9758
174 14 40
175 14 11534
176 14 36
177 14 11350
178 14 75
179 14 9583
180 14 72
181 14 11023
182 14 49
183 14 11758
185 14 11120
187 14 11979
188 14 82
189 14 10191
190 14 37
191 14 8314
192 14 22
193 14 10331
194 14 25
195 14 9134
196 14 39
197 14 10853
198 14 60
199 14 10760
200 14 56
201 14 9819
202 14 56
203 14 9241
205 14 9775
207 14 10444
208 14 14
209 14 9703
210 14 76
211 14 8248
213 14 8916
214 14 98
215 14 9357
217 14 10481
218 14 60
219 14 9580
221 14 8271
222 14 20
223 14 11180
224 14 32
225 14 10954
226 14 52
227 14 9943
228 14 93
229 14 11172
230 14 16
231 14 10545
232 14 51
233 14 9164
234 14 54
235 14 10509
236 14 40
237 14 9854
238 14 33
239 14 10281
241 14 10237
242 14 80
243 14 11306
244 14 33
245 14 9001
246 14 20
247 14 9541
249 14 11134
251 14 9720
252 14 65
253 14 10166
254 14 71
255 14 10219
257 14 10868
258 14 71
259 14 11355
261 14 11412
263 14 8428
264 14 54
265 14 9833
266 14 95
267 14 11722
269 14 10866
270 14 16
271 14 9164
273 14 8823
275 14 9810
276 14 60
277 14 11760
278 14 24
279 14 11256
280 14 22
281 14 9855
283 14 10596
285 14 10254
286 14 83
287 14 9773
289 14 8848
290 14 57
291 14 10328
292 14 17
293 14 10934
295 14 9302
296 14 30
297 14 10847
298 14 61
299 14 8916
300 14 62
301 14 11047
303 14 8940
305 14 9902
306 14 86
307 14 11919
309 14 8761
311 14 11396
313 14 8405
315 14 9853
317 14 10622
319 14 8001
321 14 8603
323 14 8275
325 14 8091
327 14 10963
329 14 9565
331 14 9318
332 14 27
333 14 8409
335 14 10678
336 14 83
337 14 10385
339 14 11741
341 14 8358
343 14 11878
345 14 10935
347 14 11395
348 14 73
349 14 9464
350 14 29
351 14 10931
353 14 9458
354 14 47
355 14 10601
357 14 8613
359 14 9299
361 14 10536
363 14 11901
365 14 10080
366 14 95
367 14 8550
369 14 9829
370 14 46
371 14 9240
373 14 11462
375 14 10636
377 14 8586
379 14 11242
380 14 55
381 14 8494
383 14 9183
385 14 8139
386 14 35
387 14 9723
388 14 45
389 14 10095
391 14 10698
392 14 56
393 14 8774
395 14 10908
396 14 6
397 14 8743
399 14 8243
400 14 73
401 14 9097
402 14 60
403 14 8787
404 14 45
405 14 9433
407 14 9778
408 14 62
409 14 10121
410 14 54
411 14 11925
412 14 43
413 14 11497
415 14 8073
416 14 60
417 14 11754
419 14 11368
421 14 8020
422 14 93
423 14 8114
424 14 20
425 14 8588
427 14 8282
429 14 8644
430 14 85
431 14 8675
433 14 8572
435 14 8012
436 14 26
437 14 11776
438 14 55
439 14 10531
441 14 9733
442 14 55
443 14 10994
444 14 42
445 14 8595
447 14 10016
449 14 11347
451 14 10610
452 14 47
453 14 10371
455 14 10892
457 14 9411
459 14 10653
461 14 9010
462 14 33
463 14 8979
464 14 57
465 14 8790
467 14 11695
469 14 11742
470 14 74
471 14 10686
473 14 9330
474 14 75
475 14 9881
476 14 53
477 14 10596
478 14 35
479 14 9568
480 14 42
481 14 10857
483 14 8916
485 14 11640
487 14 11379
488 14 10
489 14 10838
491 14 8996
492 14 39
493 14 9204
495 14 10079
496 14 69
497 14 9583
498 14 90
499 14 9746
501 14 9609
503 14 11021
505 14 10656
507 14 8665
508 14 7
509 14 10143
510 14 83
511 14 8481
513 14 11263
514 14 35
515 14 11684
517 14 11635
519 14 8442
520 14 28
521 14 11999
523 14 9943
524 14 74
525 14 10226
526 14 74
527 14 11465
529 14 9844
530 14 27
531 14 9651
533 14 9106
534 14 72
535 14 11298
537 14 11566
539 14 10174
541 14 8385
542 14 41
543 14 11448
545 14 10290
546 14 26
547 14 11482
549 14 10686
550 14 84
551 14 10174
553 14 8231
554 14 85
555 14 8494
556 14 88
557 14 11149
559 14 11287
561 14 8238
563 14 8549
565 14 11753
566 14 81
567 14 11079
568 14 34
569 14 8511
571 14 9115
572 14 54
573 14 9624
575 14 11531
577 14 8629
578 14 85
579 14 8393
581 14 11285
583 14 10650
584 14 78
585 14 9737
586 14 17
587 14 10961
589 14 9443
590 14 39
591 14 8121
592 14 46
593 14 11033
594 14 54
595 14 11550
597 14 9993
599 14 10474
1 15 81
5 15 48
6 15 1
10 15 26
11 15 62
13 15 72
15 15 85
21 15 4
22 15 35
23 15 91
25 15 89
26 15 56
27 15 95
28 15 82
30 15 29
33 15 20
34 15 42
36 15 50
37 15 55
39 15 9
40 15 29
42 15 40
45 15 44
46 15 34
48 15 84
50 15 22
51 15 11
52 15 9
56 15 3
57 15 22
59 15 48
60 15 15
62 15 61
65 15 51
69 15 37
72 15 33
74 15 24
75 15 66
77 15 98
78 15 85
79 15 59
81 15 79
85 15 24
86 15 95
87 15 11
89 15 48
90 15 65
92 15 6
94 15 84
96 15 89
97 15 94
101 15 42
103 15 74
104 15 68
105 15 18
107 15 68
113 15 59
116 15 64
120 15 4
122 15 80
123 15 84
124 15 99
126 15 6
127 15 57
128 15 90
131 15 58
132 15 39
133 15 83
135 15 17
139 15 48
141 15 18
144 15 34
146 15 73
147 15 94
148 15 55
149 15 39
151 15 15
152 15 62
153 15 57
155 15 1
157 15 25
159 15 11
160 15 49
162 15 73
164 15 42
165 15 3
166 15 21
167 15 28
168 15 13
169 15 32
173 15 97
177 15 75
181 15 47
185 15 31
186 15 53
187 15 79
191 15 10
192 15 50
194 15 65
195 15 69
201 15 56
203 15 78
207 15 47
208 15 52
210 15 27
212 15 59
213 15 9
214 15 61
219 15 24
222 15 98
223 15 98
224 15 39
225 15 83
226 15 84
227 15 12
230 15 89
231 15 86
232 15 93
233 15 19
236 15 17
237 15 98
239 15 68
244 15 66
245 15 59
246 15 25
247 15 13
250 15 37
251 15 83
255 15 47
256 15 95
257 15 80
264 15 64
267 15 20
276 15 97
278 15 94
280 15 86
281 15 53
282 15 21
283 15 32
285 15 61
286 15 59
289 15 9
291 15 37
292 15 90
293 15 100
295 15 5
299 15 71
300 15 5
301 15 60
302 15 85
303 15 49
304 15 60
307 15 98
308 15 23
309 15 53
313 15 77
316 15 78
317 15 54
319 15 60
323 15 51
324 15 50
330 15 31
332 15 30
334 15 37
335 15 71
337 15 62
341 15 13
342 15 18
343 15 6
346 15 60
348 15 51
351 15 24
353 15 1
354 15 94
355 15 69
356 15 53
357 15 69
359 15 45
360 15 82
361 15 3
362 15 14
363 15 8
366 15 38
368 15 48
369 15 10
371 15 28
372 15 12
373 15 47
376 15 92
380 15 91
381 15 91
382 15 25
383 15 34
384 15 99
385 15 4
387 15 98
388 15 78
390 15 23
391 15 63
393 15 50
394 15 36
395 15 66
396 15 70
397 15 76
400 15 96
401 15 45
403 15 32
405 15 67
406 15 31
408 15 28
415 15 1
418 15 97
419 15 59
420 15 69
421 15 78
422 15 46
424 15 35
427 15 93
428 15 17
430 15 17
435 15 30
436 15 14
437 15 83
438 15 80
441 15 94
444 15 82
451 15 72
452 15 76
453 15 43
454 15 56
457 15 48
461 15 71
462 15 9
463 15 2
464 15 70
466 15 14
467 15 35
468 15 58
472 15 70
474 15 30
482 15 3
485 15 32
487 15 22
488 15 12
491 15 100
492 15 89
494 15 79
495 15 62
498 15 56
499 15 62
500 15 85
502 15 98
504 15 66
509 15 5
514 15 17
515 15 68
518 15 88
519 15 36
520 15 90
523 15 20
524 15 17
526 15 7
530 15 65
535 15 75
537 15 68
541 15 31
543 15 71
544 15 69
545 15 65
547 15 9
548 15 8
549 15 50
550 15 3
552 15 12
553 15 39
554 15 60
556 15 56
557 15 93
558 15 71
561 15 88
563 15 1
565 15 31
567 15 53
569 15 73
570 15 62
573 15 31
575 15 22
576 15 26
582 15 29
585 15 46
590 15 56
591 15 68
594 15 78
596 15 67
1 16 8052
3 16 8903
4 16 91
5 16 9764
7 16 11412
8 16 32
9 16 11311
10 16 11
11 16 10953
12 16 95
13 16 10852
15 16 9008
16 16 3
17 16 9131
19 16 10392
21 16 9774
22 16 46
23 16 9265
24 16 32
25 16 11180
26 16 59
27 16 11061
28 16 43
29 16 10713
30 16 39
31 16 9725
33 16 10273
34 16 85
35 16 9714
37 16 11587
38 16 11
39 16 8004
41 16 11673
43 16 9023
45 16 8837
46 16 96
47 16 9215
48 16 34
49 16 8196
51 16 8365
52 16 83
53 16 11642
55 16 11812
56 16 35
57 16 11709
59 16 11311
61 16 10722
62 16 56
63 16 8136
64 16 89
65 16 9289
66 16 42
67 16 11455
68 16 62
69 16 8422
71 16 8866
73 16 11830
75 16 9639
77 16 11246
78 16 88
79 16 10618
81 16 9926
83 16 8680
85 16 11653
86 16 95
87 16 10100
88 16 96
89 16 8363
90 16 6
91 16 11300
93 16 8254
94 16 96
95 16 8455
96 16 56
97 16 10318
99 16 9998
100 16 51
101 16 8221
103 16 11437
105 16 8908
106 16 75
107 16 10968
109 16 10798
111 16 11593
113 16 9491
115 16 9792
116 16 13
117 16 8052
118 16 82
119 16 11170
120 16 39
121 16 8225
123 16 11886
125 16 9344
127 16 8399
129 16 9517
131 16 9707
133 16 11885
135 16 10662
137 16 9151
139 16 10977
141 16 10138
143 16 10713
144 16 92
145 16 10941
146 16 58
147 16 8072
149 16 9640
151 16 8148
152 16 62
153 16 10161
154 16 48
155 16 11777
157 16 9794
159 16 10346
160 16 40
161 16 10352
162 16 98
163 16 11256
164 16 82
165 16 9353
167 16 8387
169 16 8239
171 16 8620
172 16 76
173 16 9315
175 16 11509
177 16 8802
178 16 70
179 16 9934
180 16 83
181 16 11868
183 16 8076
184 16 16
185 16 8356
186 16 2
187 16 9490
189 16 10530
190 16 75
191 16 8742
193 16 9096
195 16 8990
196 16 82
197 16 9476
199 16 8766
201 16 11737
202 16 6
203 16 10412
204 16 82
205 16 9738
207 16 10912
208 16 68
209 16 8952
211 16 8461
212 16 49
213 16 9450
215 16 8412
217 16 8893
218 16 64
219 16 11379
220 16 98
221 16 8956
222 16 50
223 16 8549
224 16 82
225 16 10275
226 16 8
227 16 10527
228 16 22
229 16 10592
230 16 1
231 16 11706
232 16 28
233 16 9412
235 16 9767
237 16 8859
238 16 98
239 16 11659
241 16 10713
242 16 46
243 16 10691
244 16 28
245 16 8894
246 16 27
247 16 10223
248 16 94
249 16 10591
250 16 36
251 16 10705
253 16 9854
255 16 9212
257 16 11717
259 16 9186
261 16 8706
262 16 10
263 16 9489
265 16 10419
266 16 21
267 16 10109
269 16 11525
270 16 94
271 16 10093
273 16 11242
275 16 10260
276 16 69
277 16 9852
279 16 11558
281 16 9728
282 16 57
283 16 10205
285 16 10915
286 16 57
287 16 11627
288 16 51
289 16 11335
291 16 9113
293 16 10316
295 16 8014
297 16 10235
299 16 9401
301 16 8505
303 16 8415
305 16 9775
306 16 91
307 16 11289
309 16 10739
310 16 25
311 16 8576
312 16 37
313 16 11853
315 16 8362
316 16 87
317 16 8930
318 16 32
319 16 10004
321 16 8777
323 16 8157
324 16 62
325 16 10197
326 16 81
327 16 10760
328 16 53
329 16 9743
330 16 40
331 16 8306
332 16 72
333 16 10799
334 16 41
335 16 9632
337 16 11565
339 16 9979
340 16 45
341 16 11108
342 16 63
343 16 9871
344 16 58
345 16 9613
346 16 34
347 16 11445
349 16 10105
350 16 60
351 16 9287
353 16 11299
354 16 48
355 16 11867
357 16 10160
358 16 6
359 16 10081
361 16 8672
362 16 60
363 16 11319
365 16 8503
367 16 8436
368 16 59
369 16 11660
371 16 8313
373 16 10633
375 16 10985
377 16 8431
378 16 8
379 16 9484
381 16 10952
382 16 17
383 16 11012
384 16 36
385 16 9905
386 16 64
387 16 8465
389 16 11040
390 16 11
391 16 8106
392 16 41
393 16 8369
395 16 11411
397 16 10227
398 16 19
399 16 8715
400 16 90
401 16 11393
402 16 63
403 16 8144
405 16 10879
407 16 11619
408 16 53
409 16 8124
410 16 9
411 16 10169
413 16 9035
415 16 11635
416 16 33
417 16 10200
418 16 26
419 16 11595
421 16 10802
422 16 55
423 16 8980
425 16 10503
427 16 10616
428 16 35
429 16 10038
430 16 11
431 16 8994
432 16 34
433 16 11598
434 16 51
435 16 11830
436 16 25
437 16 8661
439 16 11979
440 16 38
441 16 8357
442 16 55
443 16 11497
445 16 11200
446 16 54
447 16 8582
449 16 9383
450 16 83
451 16 8620
452 16 97
453 16 11621
455 16 8606
457 16 9961
459 16 8668
461 16 10911
462 16 24
463 16 9132
465 16 11984
466 16 2
467 16 9812
469 16 11510
471 16 10610
473 16 11124
474 16 18
475 16 10779
476 16 52
477 16 9047
479 16 9384
481 16 8264
482 16 29
483 16 10751
485 16 8988
486 16 27
487 16 8624
488 16 87
489 16 11756
490 16 75
491 16 10751
493 16 9474
495 16 9264
496 16 4
497 16 10254
498 16 28
499 16 11850
501 16 10800
502 16 67
503 16 8331
504 16 49
505 16 8801
506 16 7
507 16 10398
508 16 94
509 16 11425
510 16 91
511 16 8309
513 16 8593
515 16 8808
516 16 1
517 16 9961
518 16 96
519 16 10686
521 16 11907
522 16 29
523 16 8853
525 16 9964
526 16 61
527 16 10411
528 16 60
529 16 11162
531 16 10594
533 16 10874
534 16 54
535 16 9784
537 16 11559
539 16 10346
540 16 75
541 16 10349
542 16 98
543 16 8948
544 16 16
545 16 9647
546 16 96
547 16 11389
548 16 100
549 16 9216
550 16 6
551 16 10613
552 16 32
553 16 9333
554 16 43
555 16 11029
557 16 10783
559 16 9127
561 16 11949
563 16 10170
565 16 8800
567 16 8630
568 16 64
569 16 9675
570 16 84
571 16 10200
573 16 9265
575 16 9128
576 16 92
577 16 8842
578 16 26
579 16 10287
580 16 11
581 16 9296
582 16 14
583 16 8846
585 16 10776
587 16 11017
588 16 79
589 16 8621
591 16 11105
593 16 11277
595 16 11027
597 16 10795
599 16 9798
3 17 46
4 17 11
5 17 86
7 17 36
8 17 27
10 17 60
13 17 39
14 17 94
18 17 46
21 17 87
24 17 38
26 17 73
27 17 7
29 17 43
30 17 66
31 17 7
32 17 69
35 17 10
37 17 94
39 17 76
40 17 35
41 17 63
44 17 13
45 17 83
46 17 67
47 17 19
52 17 6
53 17 42
54 17 39
56 17 5
59 17 17
60 17 60
61 17 25
62 17 13
63 17 40
64 17 4
66 17 83
71 17 78
72 17 83
73 17 92
74 17 72
75 17 5
76 17 62
77 17 13
80 17 46
81 17 63
83 17 4
86 17 100
87 17 41
88 17 12
89 17 91
90 17 49
92 17 68
99 17 80
100 17 67
101 17 47
102 17 51
104 17 91
106 17 33
107 17 88
108 17 94
109 17 44
111 17 21
113 17 92
114 17 58
115 17 22
118 17 38
119 17 79
121 17 77
122 17 43
123 17 78
124 17 11
125 17 74
127 17 51
128 17 17
129 17 100
130 17 96
137 17 4
140 17 24
141 17 44
143 17 10
145 17 14
151 17 70
152 17 94
153 17 55
155 17 81
156 17 81
157 17 5
159 17 32
161 17 9
164 17 87
167 17 23
168 17 5
169 17 3
170 17 72
171 17 65
175 17 11
180 17 7
181 17 55
182 17 12
183 17 93
184 17 46
187 17 19
188 17 15
189 17 46
194 17 49
195 17 34
196 17 17
197 17 22
200 17 71
204 17 60
205 17 53
207 17 46
209 17 87
212 17 21
214 17 26
215 17 82
216 17 50
219 17 25
221 17 71
222 17 45
223 17 71
228 17 61
230 17 10
232 17 14
235 17 50
237 17 77
238 17 45
239 17 97
240 17 56
241 17 3
243 17 87
245 17 51
248 17 82
249 17 64
253 17 73
258 17 12
261 17 63
262 17 29
263 17 56
266 17 53
269 17 98
270 17 41
273 17 21
274 17 54
276 17 71
277 17 16
278 17 39
281 17 21
282 17 88
283 17 36
285 17 36
288 17 57
289 17 60
291 17 29
292 17 15
295 17 2
296 17 58
297 17 44
298 17 17
299 17 67
300 17 90
302 17 50
303 17 32
304 17 75
306 17 73
307 17 29
309 17 39
314 17 99
315 17 23
317 17 4
319 17 16
321 17 19
324 17 76
325 17 19
328 17 100
329 17 49
330 17 88
331 17 69
332 17 13
334 17 92
335 17 79
337 17 52
338 17 78
339 17 27
340 17 82
341 17 21
342 17 3
343 17 80
346 17 56
352 17 56
355 17 40
357 17 54
359 17 38
360 17 4
361 17 66
362 17 73
363 17 2
365 17 22
367 17 19
369 17 8
370 17 98
372 17 88
373 17 65
374 17 59
375 17 68
378 17 50
380 17 98
382 17 19
383 17 69
387 17 38
391 17 40
392 17 21
393 17 28
394 17 62
396 17 4
397 17 50
398 17 13
399 17 23
402 17 12
403 17 100
406 17 79
407 17 54
408 17 52
409 17 47
413 17 30
417 17 25
418 17 68
419 17 54
422 17 56
423 17 99
424 17 99
435 17 13
436 17 86
439 17 66
440 17 75
443 17 46
444 17 82
446 17 39
448 17 12
449 17 60
450 17 85
454 17 24
455 17 93
456 17 91
458 17 34
459 17 88
460 17 7
461 17 7
462 17 86
463 17 63
465 17 15
468 17 90
470 17 49
472 17 25
474 17 2
476 17 78
478 17 67
479 17 36
482 17 91
483 17 37
484 17 88
486 17 1
487 17 40
489 17 59
490 17 65
491 17 86
492 17 37
493 17 76
494 17 89
495 17 32
497 17 52
498 17 54
499 17 66
500 17 9
503 17 85
505 17 65
508 17 82
509 17 31
511 17 18
513 17 85
515 17 2
516 17 71
518 17 32
522 17 77
524 17 49
525 17 3
526 17 60
527 17 11
529 17 54
532 17 42
533 17 1
535 17 10
536 17 11
537 17 96
538 17 4
539 17 48
541 17 31
542 17 27
543 17 41
544 17 79
545 17 37
547 17 86
548 17 18
549 17 57
550 17 90
551 17 65
552 17 8
553 17 94
554 17 46
555 17 33
556 17 61
558 17 62
561 17 24
562 17 47
563 17 49
564 17 81
567 17 92
568 17 42
569 17 28
570 17 69
574 17 15
575 17 91
576 17 46
577 17 29
581 17 29
582 17 86
584 17 17
585 17 25
586 17 94
588 17 88
589 17 76
592 17 41
593 17 69
595 17 90
596 17 38
1 18 9860
3 18 9789
5 18 8528
7 18 8216
9 18 9863
10 18 58
11 18 10719
12 18 96
13 18 9675
14 18 46
15 18 8403
16 18 12
17 18 9552
19 18 10688
21 18 10052
22 18 58
23 18 9997
25 18 9711
27 18 10317
28 18 30
29 18 11259
30 18 11
31 18 9570
32 18 94
33 18 8767
34 18 26
35 18 10024
36 18 4
37 18 8960
39 18 11804
41 18 10444
42 18 36
43 18 10950
45 18 8621
46 18 66
47 18 8010
48 18 54
49 18 8519
51 18 9588
53 18 9439
55 18 8103
57 18 8258
59 18 8167
61 18 8911
62 18 6
63 18 10520
65 18 10962
67 18 8680
68 18 96
69 18 8247
70 18 16
71 18 8994
72 18 87
73 18 11031
74 18 65
75 18 10344
76 18 90
77 18 10297
78 18 77
79 18 10644
80 18 8
81 18 10216
83 18 10176
84 18 67
85 18 10361
86 18 84
87 18 11017
89 18 9659
90 18 62
91 18 9601
93 18 10720
95 18 10188
96 18 8
97 18 9493
98 18 56
99 18 8113
101 18 9300
103 18 11932
105 18 9981
106 18 32
107 18 10605
108 18 6
109 18 11685
110 18 50
111 18 9891
112 18 79
113 18 8743
114 18 90
115 18 9611
117 18 9467
118 18 72
119 18 11074
121 18 9424
123 18 9231
125 18 10262
127 18 10758
129 18 8814
131 18 11276
132 18 17
133 18 11404
135 18 10571
136 18 85
137 18 10818
138 18 14
139 18 11991
141 18 11636
142 18 38
143 18 8336
144 18 23
145 18 11832
147 18 9319
149 18 11872
151 18 9621
152 18 6
153 18 11552
154 18 42
155 18 10901
156 18 4
157 18 11519
158 18 74
159 18 10044
160 18 16
161 18 10831
162 18 47
163 18 11892
165 18 8105
167 18 9371
168 18 60
169 18 10381
171 18 11685
172 18 9
173 18 9387
175 18 8213
177 18 11479
178 18 69
179 18 11758
180 18 69
181 18 11993
183 18 9901
184 18 18
185 18 8606
186 18 59
187 18 11120
188 18 19
189 18 8964
190 18 55
191 18 11650
192 18 76
193 18 11634
194 18 54
195 18 11861
197 18 8887
199 18 11801
201 18 11491
202 18 37
203 18 9694
204 18 98
205 18 9249
206 18 99
207 18 8831
209 18 8061
211 18 9150
212 18 85
213 18 11585
215 18 11105
216 18 17
217 18 10861
218 18 67
219 18 10260
221 18 9479
223 18 9722
225 18 10273
227 18 11265
228 18 13
229 18 10648
231 18 8922
232 18 46
233 18 9325
235 18 11871
236 18 92
237 18 10306
239 18 11635
241 18 10830
242 18 76
243 18 8469
245 18 10800
246 18 82
247 18 9144
248 18 89
249 18 9111
251 18 10168
252 18 33
253 18 10834
254 18 4
255 18 9411
256 18 5
257 18 8674
259 18 8907
260 18 16
261 18 10309
262 18 75
263 18 8702
265 18 9480
266 18 85
267 18 11927
269 18 8587
271 18 8068
272 18 99
273 18 9855
275 18 11964
276 18 19
277 18 10405
279 18 10865
280 18 92
281 18 10015
282 18 26
283 18 10350
284 18 92
285 18 11289
287 18 10131
289 18 9627
291 18 8158
293 18 9001
295 18 10976
296 18 6
297 18 10971
299 18 9384
301 18 8214
303 18 10007
304 18 15
305 18 9386
307 18 11028
308 18 47
309 18 8772
311 18 8234
312 18 37
313 18 9588
315 18 10527
317 18 9700
319 18 9069
320 18 6
321 18 9635
322 18 71
323 18 11339
325 18 10435
327 18 8187
329 18 8514
331 18 8284
333 18 8414
335 18 11216
336 18 62
337 18 11176
338 18 34
339 18 8400
340 18 5
341 18 8035
343 18 11820
344 18 64
345 18 8549
346 18 18
347 18 9427
348 18 59
349 18 10704
351 18 10440
352 18 20
353 18 10844
354 18 50
355 18 9092
356 18 54
357 18 8492
359 18 10929
361 18 11015
362 18 34
363 18 10158
365 18 9428
366 18 62
367 18 9609
368 18 86
369 18 11260
370 18 9
371 18 11965
373 18 10710
375 18 10996
376 18 81
377 18 11498
378 18 84
379 18 8226
380 18 98
381 18 8049
383 18 11333
384 18 20
385 18 10971
387 18 10429
388 18 80
389 18 10587
391 18 8381
392 18 8
393 18 11643
395 18 8493
397 18 9997
399 18 8325
401 18 9177
403 18 11017
404 18 7
405 18 10190
406 18 68
407 18 8538
409 18 8770
411 18 8125
412 18 94
413 18 11448
414 18 53
415 18 9722
416 18 22
417 18 8194
419 18 9807
420 18 3
421 18 11757
423 18 11675
425 18 10498
427 18 11659
429 18 8034
431 18 8926
432 18 75
433 18 9565
435 18 8323
436 18 59
437 18 11500
438 18 4
439 18 9553
441 18 8278
442 18 51
443 18 10922
445 18 9916
447 18 8059
449 18 10746
450 18 56
451 18 10035
452 18 16
453 18 8064
454 18 37
455 18 9176
457 18 11862
458 18 49
459 18 8271
460 18 28
461 18 11778
463 18 9690
465 18 9071
467 18 10442
468 18 56
469 18 10402
470 18 79
471 18 10396
472 18 95
473 18 11024
474 18 97
475 18 10713
476 18 47
477 18 9619
478 18 64
479 18 10501
480 18 72
481 18 11917
483 18 10351
484 18 86
485 18 9855
487 18 9101
488 18 63
489 18 8675
491 18 11578
493 18 11722
495 18 9117
496 18 73
497 18 10267
499 18 9003
501 18 9055
502 18 91
503 18 9599
504 18 13
505 18 9949
506 18 23
507 18 11027
508 18 49
509 18 10483
510 18 39
511 18 9770
513 18 10176
514 18 82
515 18 9601
516 18 85
517 18 11085
518 18 55
519 18 9624
520 18 30
521 18 11155
522 18 81
523 18 11076
525 18 9878
527 18 9554
529 18 8715
530 18 5
531 18 8436
533 18 8531
534 18 29
535 18 8013
537 18 9665
539 18 8233
540 18 47
541 18 8791
542 18 62
543 18 10079
544 18 67
545 18 11361
547 18 8092
548 18 16
549 18 11235
550 18 41
551 18 11438
552 18 85
553 18 8419
554 18 74
555 18 11417
556 18 67
557 18 10242
558 18 84
559 18 10780
561 18 11858
562 18 87
563 18 8944
565 18 10356
567 18 11980
568 18 41
569 18 8037
571 18 10715
572 18 14
573 18 11188
574 18 58
575 18 9828
577 18 9931
579 18 9668
580 18 7
581 18 8918
583 18 8627
585 18 10278
587 18 10976
588 18 81
589 18 8085
591 18 11000
593 18 11386
594 18 89
595 18 9694
597 18 9824
598 18 85
599 18 10052
0 19 65
2 19 54
4 19 28
5 19 24
6 19 88
7 19 80
9 19 62
10 19 36
11 19 33
14 19 92
15 19 12
22 19 49
24 19 93
28 19 6
33 19 26
35 19 93
38 19 60
41 19 32
42 19 6
45 19 60
51 19 28
52 19 45
59 19 96
61 19 24
68 19 57
69 19 70
71 19 99
72 19 15
73 19 53
76 19 63
77 19 23
79 19 36
80 19 10
83 19 19
85 19 18
87 19 96
92 19 18
96 19 50
97 19 74
99 19 53
100 19 81
104 19 11
106 19 64
108 19 16
112 19 77
113 19 100
114 19 54
115 19 62
116 19 94
117 19 33
118 19 4
119 19 86
120 19 63
123 19 7
124 19 4
126 19 46
128 19 86
130 19 59
134 19 51
135 19 21
138 19 5
140 19 57
143 19 96
145 19 30
146 19 91
147 19 29
150 19 19
151 19 7
152 19 32
154 19 82
156 19 39
157 19 3
159 19 65
160 19 67
161 19 97
163 19 57
165 19 33
169 19 50
170 19 83
173 19 75
177 19 32
182 19 66
183 19 16
185 19 51
187 19 47
188 19 72
189 19 92
191 19 76
193 19 75
195 19 95
197 19 70
198 19 59
199 19 95
203 19 37
204 19 13
205 19 88
207 19 78
208 19 96
212 19 73
213 19 10
214 19 51
216 19 39
217 19 86
219 19 68
220 19 91
221 19 47
223 19 30
224 19 14
225 19 1
226 19 42
227 19 42
228 19 60
230 19 93
231 19 10
233 19 90
234 19 72
235 19 35
236 19 3
237 19 39
239 19 26
240 19 7
244 19 57
245 19 80
247 19 20
252 19 97
253 19 6
256 19 76
258 19 37
259 19 41
260 19 49
264 19 13
265 19 31
266 19 78
267 19 11
269 19 70
270 19 2
272 19 74
273 19 53
275 19 17
279 19 70
281 19 11
282 19 32
283 19 47
288 19 14
293 19 36
295 19 85
300 19 9
301 19 44
307 19 91
310 19 38
312 19 98
313 19 3
315 19 2
316 19 88
317 19 60
319 19 6
320 19 64
325 19 90
327 19 4
328 19 71
330 19 5
331 19 53
333 19 77
334 19 33
335 19 28
338 19 12
339 19 15
341 19 23
343 19 23
344 19 68
348 19 63
350 19 19
352 19 21
354 19 13
364 19 63
368 19 66
369 19 33
370 19 49
371 19 13
372 19 33
373 19 95
374 19 27
375 19 92
378 19 97
379 19 32
380 19 11
381 19 8
382 19 95
386 19 73
387 19 36
388 19 72
394 19 25
395 19 84
404 19 33
405 19 9
407 19 26
408 19 57
409 19 7
410 19 78
411 19 25
412 19 39
414 19 49
415 19 50
416 19 81
422 19 31
423 19 79
426 19 28
427 19 12
428 19 43
429 19 1
433 19 61
435 19 81
438 19 66
442 19 19
445 19 34
447 19 34
452 19 6
455 19 70
456 19 50
457 19 6
460 19 79
461 19 12
463 19 31
466 19 41
470 19 69
471 19 67
473 19 47
475 19 55
476 19 77
477 19 20
479 19 63
481 19 53
482 19 42
484 19 13
487 19 10
493 19 56
494 19 89
498 19 33
501 19 77
502 19 73
503 19 7
504 19 34
506 19 4
507 19 2
508 19 48
509 19 34
510 19 11
511 19 62
515 19 2
518 19 5
519 19 25
521 19 6
523 19 15
526 19 75
528 19 68
530 19 58
535 19 46
536 19 91
539 19 98
542 19 1
543 19 2
546 19 83
548 19 58
549 19 3
550 19 28
552 19 17
553 19 65
556 19 40
557 19 71
559 19 92
560 19 68
561 19 52
562 19 50
564 19 10
565 19 96
566 19 34
567 19 20
570 19 91
573 19 87
576 19 53
578 19 73
579 19 91
580 19 94
581 19 66
582 19 48
584 19 43
586 19 60
588 19 61
590 19 10
591 19 1
594 19 63
595 19 29
596 19 57
597 19 22
599 19 2
0 20 94
1 20 11146
2 20 86
3 20 10985
5 20 8576
7 20 8610
9 20 8689
11 20 8371
12 20 63
13 20 10123
14 20 82
15 20 8172
17 20 11296
18 20 91
19 20 8727
20 20 87
21 20 10097
22 20 92
23 20 11563
25 20 11097
26 20 87
27 20 9387
28 20 9
29 20 10751
31 20 8528
32 20 86
33 20 10797
34 20 61
35 20 10741
36 20 88
37 20 9215
38 20 29
39 20 10426
40 20 89
41 20 9827
42 20 39
43 20 9801
44 20 65
45 20 8105
47 20 11619
49 20 8923
50 20 71
51 20 10016
52 20 26
53 20 11644
54 20 20
55 20 9860
57 20 10708
58 20 78
59 20 10136
61 20 8086
63 20 9121
65 20 11828
66 20 30
67 20 10437
68 20 38
69 20 11191
70 20 74
71 20 11914
72 20 5
73 20 10111
74 20 32
75 20 8333
76 20 95
77 20 9744
79 20 8779
80 20 37
81 20 11807
83 20 9996
84 20 43
85 20 8751
86 20 63
87 20 9253
89 20 11577
90 20 24
91 20 10798
92 20 92
93 20 9447
95 20 9747
96 20 18
97 20 8645
99 20 10936
101 20 9148
102 20 26
103 20 8233
104 20 76
105 20 11754
107 20 10257
109 20 9541
110 20 38
111 20 11875
112 20 3
113 20 9414
114 20 14
115 20 8366
117 20 9294
119 20 9829
121 20 10934
122 20 92
123 20 11178
125 20 8462
126 20 10
127 20 8872
129 20 10267
130 20 40
131 20 8416
132 20 25
133 20 9052
134 20 71
135 20 9762
137 20 10867
138 20 99
139 20 10236
140 20 13
141 20 11483
142 20 39
143 20 10990
145 20 10254
146 20 8
147 20 8450
149 20 8397
150 20 99
151 20 10238
153 20 9612
155 20 10988
157 20 10077
159 20 8717
161 20 10722
163 20 10792
164 20 84
165 20 9967
166 20 91
167 20 8228
168 20 100
169 20 8828
171 20 11853
172 20 37
173 20 11689
174 20 11
175 20 10286
176 20 28
177 20 8393
178 20 60
179 20 8349
181 20 8023
182 20 44
183 20 8605
184 20 42
185 20 11840
187 20 11207
189 20 8578
191 20 8094
192 20 20
193 20 9319
194 20 77
195 20 8197
196 20 29
197 20 10866
198 20 57
199 20 11447
200 20 89
201 20 8118
203 20 10092
204 20 56
205 20 9050
206 20 30
207 20 10498
209 20 8789
211 20 10053
212 20 82
213 20 11256
215 20 11741
217 20 8709
219 20 9062
220 20 57
221 20 8542
223 20 11354
224 20 39
225 20 9399
226 20 26
227 20 8058
229 20 8488
230 20 94
231 20 8441
232 20 38
233 20 11391
235 20 9141
236 20 77
237 20 11465
238 20 91
239 20 11266
240 20 80
241 20 11811
242 20 21
243 20 10276
245 20 11242
247 20 8556
249 20 8826
250 20 48
251 20 11476
253 20 10774
254 20 89
255 20 10516
256 20 88
257 20 11986
258 20 71
259 20 10004
260 20 51
261 20 11394
263 20 9026
264 20 39
265 20 10119
267 20 10660
269 20 9981
271 20 10543
273 20 11377
274 20 24
275 20 8903
277 20 9948
279 20 8210
280 20 25
281 20 10233
283 20 8947
284 20 6
285 20 8418
286 20 19
287 20 9579
289 20 11610
291 20 9527
292 20 73
293 20 10674
295 20 10622
297 20 9808
299 20 8212
300 20 19
301 20 8100
302 20 82
303 20 8429
305 20 8664
307 20 9763
308 20 19
309 20 9705
310 20 22
311 20 11713
312 20 14
313 20 9647
314 20 11
315 20 11375
316 20 84
317 20 8321
318 20 38
319 20 8398
320 20 97
321 20 9653
322 20 23
323 20 9524
324 20 86
325 20 10973
326 20 8
327 20 11807
328 20 58
329 20 10468
330 20 72
331 20 11663
333 20 11945
334 20 42
335 20 8090
336 20 98
337 20 10063
339 20 8648
341 20 8532
342 20 9
343 20 9838
345 20 11035
347 20 11366
349 20 10474
351 20 8362
353 20 8203
354 20 33
355 20 8550
357 20 11834
358 20 43
359 20 10591
360 20 13
361 20 9758
362 20 91
363 20 9372
365 20 10374
367 20 8687
368 20 3
369 20 8362
370 20 61
371 20 9800
372 20 53
373 20 10309
375 20 10792
376 20 13
377 20 10618
378 20 55
379 20 10619
381 20 11558
382 20 66
383 20 8647
384 20 61
385 20 10943
386 20 98
387 20 9666
388 20 79
389 20 8668
391 20 9090
393 20 11898
395 20 11344
396 20 85
397 20 11653
399 20 9295
400 20 68
401 20 10085
402 20 2
403 20 9643
405 20 11744
407 20 9171
408 20 9
409 20 11660
410 20 97
411 20 10269
413 20 11253
414 20 53
415 20 10944
416 20 4
417 20 9784
418 20 86
419 20 10993
420 20 37
421 20 10896
423 20 10701
424 20 5
425 20 9822
427 20 10167
428 20 68
429 20 10876
431 20 10483
432 20 50
433 20 8390
434 20 1
435 20 9974
436 20 84
437 20 11027
439 20 11005
441 20 11122
442 20 90
443 20 9003
445 20 8597
447 20 8212
448 20 61
449 20 11192
451 20 11448
453 20 8469
454 20 63
455 20 10206
457 20 8256
459 20 10340
461 20 10553
462 20 87
463 20 9934
464 20 31
465 20 11184
466 20 51
467 20 10345
468 20 27
469 20 8921
471 20 11178
472 20 11
473 20 11248
474 20 44
475 20 10376
477 20 9488
478 20 88
479 20 8746
481 20 11420
483 20 9406
484 20 28
485 20 8526
487 20 8455
488 20 85
489 20 10853
491 20 9033
492 20 48
493 20 8417
494 20 58
495 20 9589
497 20 11124
498 20 37
499 20 11770
500 20 82
501 20 8397
503 20 8342
504 20 92
505 20 8661
507 20 8642
508 20 19
509 20 9578
510 20 49
511 20 10476
512 20 59
513 20 10402
515 20 9942
516 20 71
517 20 11526
518 20 11
519 20 8514
520 20 55
521 20 8953
522 20 55
523 20 11780
525 20 8781
527 20 9630
529 20 11003
531 20 11847
533 20 10009
535 20 11706
536 20 73
537 20 10131
539 20 8615
541 20 8601
543 20 9494
544 20 69
545 20 8795
547 20 10375
549 20 9841
551 20 9580
553 20 11349
555 20 8996
557 20 8157
558 20 76
559 20 8609
560 20 3
561 20 8789
562 20 44
563 20 10323
565 20 8389
566 20 43
567 20 9766
568 20 61
569 20 10734
570 20 83
571 20 10228
573 20 8061
574 20 22
575 20 11216
577 20 8433
578 20 86
579 20 10229
580 20 85
581 20 11275
582 20 30
583 20 10795
584 20 21
585 20 8879
586 20 9
587 20 8743
589 20 11465
591 20 11166
592 20 75
593 20 8279
594 20 12
595 20 8968
597 20 10869
599 20 10487
1 21 15
2 21 5
4 21 28
5 21 82
8 21 85
10 21 96
11 21 94
12 21 31
14 21 5
15 21 51
16 21 4
22 21 5
23 21 34
25 21 6
26 21 46
28 21 87
32 21 100
33 21 14
34 21 80
35 21 34
36 21 95
38 21 18
39 21 64
40 21 25
43 21 90
44 21 20
47 21 84
48 21 53
50 21 65
51 21 91
53 21 71
54 21 56
55 21 58
57 21 38
59 21 15
61 21 93
67 21 44
69 21 47
70 21 52
72 21 6
73 21 41
74 21 72
76 21 91
82 21 7
84 21 69
86 21 93
87 21 59
90 21 95
97 21 83
99 21 14
101 21 93
102 21 2
105 21 87
107 21 16
108 21 56
111 21 84
113 21 15
119 21 69
121 21 30
122 21 97
123 21 18
124 21 24
127 21 13
128 21 96
129 21 7
130 21 95
131 21 71
132 21 48
135 21 92
138 21 3
139 21 37
141 21 29
144 21 13
145 21 9
146 21 92
147 21 24
154 21 49
155 21 61
156 21 11
161 21 83
164 21 4
165 21 84
169 21 99
171 21 60
173 21 53
174 21 65
175 21 82
176 21 40
178 21 1
179 21 29
180 21 80
183 21 85
184 21 62
185 21 87
186 21 55
188 21 36
189 21 48
194 21 6
201 21 83
203 21 39
205 21 19
210 21 75
211 21 24
213 21 49
216 21 16
218 21 36
222 21 35
226 21 7
228 21 25
229 21 24
230 21 21
231 21 22
232 21 87
237 21 80
238 21 25
239 21 68
241 21 62
242 21 54
244 21 71
246 21 6
247 21 18
250 21 48
252 21 99
254 21 59
257 21 46
259 21 77
262 21 39
264 21 65
265 21 90
267 21 39
268 21 18
272 21 97
273 21 85
275 21 3
277 21 80
279 21 31
280 21 96
282 21 16
283 21 71
284 21 24
287 21 6
288 21 36
289 21 56
293 21 78
296 21 25
298 21 16
299 21 56
300 21 14
302 21 80
303 21 61
305 21 40
306 21 83
307 21 84
308 21 13
315 21 64
317 21 77
318 21 75
319 21 39
320 21 93
322 21 8
324 21 23
326 21 57
327 21 81
330 21 5
331 21 23
334 21 71
338 21 77
339 21 48
341 21 12
342 21 79
344 21 48
348 21 56
353 21 93
358 21 31
359 21 30
362 21 90
364 21 38
366 21 28
367 21 36
369 21 61
370 21 27
374 21 62
375 21 88
377 21 83
378 21 71
385 21 15
386 21 62
388 21 56
389 21 62
391 21 6
392 21 91
394 21 86
396 21 22
397 21 4
402 21 1
403 21 66
404 21 17
405 21 6
406 21 44
411 21 5
412 21 57
413 21 89
421 21 1
422 21 88
423 21 70
426 21 86
428 21 85
429 21 50
431 21 50
432 21 93
435 21 11
437 21 81
441 21 80
442 21 58
443 21 51
446 21 61
448 21 16
449 21 41
451 21 8
452 21 40
461 21 67
464 21 2
465 21 14
466 21 86
468 21 84
486 21 100
488 21 72
490 21 49
491 21 63
493 21 10
497 21 22
498 21 85
500 21 80
501 21 5
505 21 78
506 21 29
509 21 22
510 21 42
511 21 42
513 21 27
519 21 53
520 21 11
525 21 48
527 21 30
529 21 97
530 21 4
532 21 49
533 21 33
535 21 78
537 21 2
538 21 10
539 21 33
540 21 89
544 21 10
549 21 85
552 21 23
553 21 81
555 21 21
561 21 76
563 21 82
565 21 41
566 21 75
568 21 23
569 21 68
571 21 41
574 21 85
575 21 25
576 21 46
578 21 49
579 21 8
581 21 42
582 21 74
585 21 41
586 21 7
588 21 2
591 21 3
592 21 26
593 21 64
597 21 25
0 22 49
1 22 9842
2 22 6
3 22 8772
4 22 72
5 22 9389
7 22 10898
8 22 67
9 22 11108
10 22 24
11 22 11701
12 22 21
13 22 11493
15 22 10951
16 22 65
17 22 9282
18 22 77
19 22 11568
20 22 2
21 22 9772
22 22 65
23 22 8987
25 22 10691
26 22 63
27 22 8915
28 22 60
29 22 9787
31 22 9663
33 22 9712
34 22 80
35 22 8439
37 22 8085
39 22 9054
40 22 49
41 22 8408
42 22 81
43 22 11449
45 22 11487
47 22 9315
49 22 10168
50 22 30
51 22 10916
52 22 4
53 22 11607
54 22 10
55 22 8383
57 22 10336
59 22 11606
60 22 28
61 22 8911
63 22 11134
64 22 11
65 22 9270
67 22 11808
69 22 8170
70 22 93
71 22 8390
73 22 8787
75 22 8324
76 22 12
77 22 11754
78 22 15
79 22 8017
81 22 11102
82 22 3
83 22 9787
85 22 11604
86 22 50
87 22 11041
89 22 9521
90 22 48
91 22 10916
92 22 15
93 22 11817
94 22 73
95 22 10437
97 22 10667
98 22 2
99 22 11481
101 22 11647
103 22 10972
104 22 6
105 22 8520
106 22 26
107 22 9499
108 22 13
109 22 11858
111 22 10365
113 22 10599
114 22 92
115 22 11339
117 22 8556
119 22 10161
121 22 9853
123 22 10807
124 22 32
125 22 8693
127 22 11383
129 22 9825
130 22 54
131 22 10626
133 22 8581
134 22 32
135 22 10296
136 22 100
137 22 11635
138 22 87
139 22 11487
140 22 95
141 22 11457
142 22 48
143 22 8256
144 22 40
145 22 11386
147 22 11758
148 22 99
149 22 10544
150 22 20
151 22 9281
153 22 8020
155 22 11014
157 22 11376
158 22 87
159 22 11066
160 22 41
161 22 10280
163 22 8650
165 22 11760
167 22 10009
169 22 9001
170 22 58
171 22 10579
172 22 85
173 22 11008
175 22 9766
176 22 78
177 22 9943
179 22 8015
181 22 11249
183 22 9137
185 22 10595
187 22 10847
189 22 11091
190 22 100
191 22 10436
192 22 92
193 22 10044
194 22 20
195 22 11150
197 22 11204
198 22 30
199 22 8751
201 22 9482
202 22 59
203 22 9150
204 22 40
205 22 8983
206 22 22
207 22 11359
209 22 10511
211 22 11775
212 22 14
213 22 9315
214 22 85
215 22 9306
217 22 8777
218 22 36
219 22 8177
221 22 10953
222 22 2
223 22 10521
225 22 10247
227 22 8046
229 22 9915
231 22 9823
233 22 9490
235 22 11566
237 22 11435
238 22 25
239 22 10967
241 22 11857
243 22 11133
245 22 8270
247 22 10588
248 22 64
249 22 8649
251 22 9116
253 22 9892
255 22 10287
257 22 10322
258 22 11
259 22 11562
261 22 10440
262 22 61
263 22 11917
264 22 87
265 22 8655
266 22 35
267 22 10272
268 22 13
269 22 9031
271 22 11526
273 22 9214
274 22 52
275 22 11747
277 22 8570
278 22 32
279 22 11321
280 22 28
281 22 10259
282 22 84
283 22 8801
285 22 11942
286 22 48
287 22 8556
288 22 47
289 22 9180
290 22 65
291 22 9918
293 22 11636
294 22 9
295 22 11995
297 22 10842
298 22 96
299 22 11767
301 22 10457
303 22 10922
305 22 11166
306 22 38
307 22 11487
308 22 26
309 22 9199
310 22 54
311 22 8520
313 22 8035
314 22 87
315 22 8557
317 22 8631
318 22 31
319 22 9891
321 22 9564
323 22 11906
324 22 48
325 22 11688
326 22 88
327 22 8685
329 22 8252
331 22 9458
333 22 8115
335 22 10727
336 22 57
337 22 10347
339 22 9441
341 22 11574
343 22 11022
345 22 9215
346 22 29
347 22 9270
349 22 11650
350 22 22
351 22 9009
352 22 79
353 22 8083
354 22 16
355 22 9879
357 22 9550
359 22 11380
360 22 48
361 22 9463
363 22 8193
365 22 11419
366 22 39
367 22 10247
368 22 100
369 22 8016
371 22 9252
373 22 9048
374 22 71
375 22 11972
376 22 68
377 22 9848
378 22 32
379 22 10064
380 22 68
381 22 9234
382 22 38
383 22 8786
385 22 10667
386 22 78
387 22 9293
389 22 9268
390 22 37
391 22 11349
392 22 14
393 22 9976
395 22 11519
396 22 79
397 22 10513
399 22 9900
400 22 26
401 22 8113
402 22 63
403 22 9793
405 22 11138
406 22 15
407 22 9785
409 22 10569
410 22 96
411 22 9645
412 22 5
413 22 9941
414 22 58
415 22 8975
416 22 79
417 22 11856
418 22 75
419 22 8640
420 22 76
421 22 8593
423 22 10529
424 22 52
425 22 9363
427 22 11553
429 22 9334
431 22 8720
432 22 53
433 22 9567
434 22 91
435 22 11303
437 22 9738
439 22 11692
441 22 10158
442 22 68
443 22 11844
445 22 8485
446 22 52
447 22 10988
449 22 10426
450 22 24
451 22 8013
452 22 75
453 22 10551
455 22 9903
457 22 11116
458 22 8
459 22 9330
461 22 8767
462 22 97
463 22 9068
464 22 33
465 22 8431
466 22 63
467 22 10451
468 22 36
469 22 8952
471 22 8146
472 22 9
473 22 11842
474 22 82
475 22 8886
477 22 9422
478 22 80
479 22 10918
481 22 8777
483 22 11722
485 22 10948
486 22 68
487 22 10184
489 22 10713
491 22 10600
492 22 80
493 22 8936
494 22 17
495 22 10167
497 22 10392
499 22 11390
500 22 28
501 22 9619
502 22 30
503 22 11352
504 22 100
505 22 9597
507 22 9530
509 22 10045
510 22 78
511 22 8868
512 22 70
513 22 10756
515 22 10459
517 22 9394
518 22 69
519 22 11255
521 22 10697
522 22 86
523 22 9816
525 22 9410
526 22 44
527 22 8444
529 22 9439
530 22 3
531 22 8156
533 22 8263
534 22 63
535 22 9670
537 22 9382
538 22 36
539 22 9389
540 22 44
541 22 11881
542 22 18
543 22 9271
545 22 8006
547 22 11562
548 22 31
549 22 9423
550 22 94
551 22 9098
552 22 40
553 22 10256
554 22 78
555 22 11339
556 22 17
557 22 11078
558 22 40
559 22 9351
561 22 8450
563 22 8972
564 22 87
565 22 8720
566 22 79
567 22 10498
569 22 8363
571 22 9524
573 22 10752
574 22 7
575 22 9072
576 22 27
577 22 10852
578 22 62
579 22 8348
581 22 11466
582 22 69
583 22 9983
584 22 15
585 22 10449
587 22 11582
589 22 10853
590 22 33
591 22 9705
592 22 91
593 22 11154
594 22 8
595 22 10145
597 22 8893
598 22 6
599 22 11173
0 23 97
4 23 32
5 23 52
6 23 46
7 23 32
8 23 13
9 23 8
11 23 57
14 23 87
17 23 94
19 23 96
24 23 87
27 23 62
28 23 69
29 23 71
32 23 23
34 23 11
35 23 38
37 23 42
40 23 2
46 23 34
47 23 80
48 23 6
49 23 28
52 23 74
55 23 74
56 23 87
58 23 23
60 23 49
63 23 11
65 23 31
66 23 72
67 23 8
71 23 98
73 23 75
74 23 45
75 23 48
76 23 31
77 23 46
78 23 22
79 23 63
81 23 14
82 23 98
83 23 18
84 23 88
85 23 79
86 23 84
88 23 31
89 23 74
90 23 73
92 23 38
95 23 25
97 23 32
106 23 1
108 23 1
109 23 57
110 23 67
112 23 28
116 23 64
117 23 14
118 23 21
119 23 88
122 23 29
124 23 89
125 23 82
126 23 85
127 23 83
130 23 14
131 23 79
132 23 92
133 23 41
135 23 71
137 23 40
139 23 40
140 23 89
141 23 94
142 23 47
145 23 15
146 23 52
149 23 39
151 23 61
153 23 69
154 23 56
156 23 7
162 23 90
164 23 68
165 23 26
167 23 23
168 23 87
169 23 13
172 23 57
176 23 80
177 23 80
178 23 36
179 23 37
180 23 99
181 23 46
182 23 20
183 23 7
185 23 95
187 23 100
190 23 88
199 23 8
200 23 46
202 23 45
209 23 68
211 23 73
212 23 7
214 23 89
215 23 8
217 23 72
219 23 85
220 23 21
221 23 36
222 23 94
225 23 52
228 23 60
233 23 2
234 23 94
235 23 77
236 23 45
237 23 44
238 23 95
240 23 62
241 23 37
242 23 7
243 23 58
248 23 83
250 23 96
251 23 6
253 23 95
256 23 49
257 23 82
259 23 17
261 23 45
263 23 36
264 23 39
265 23 54
266 23 67
267 23 65
268 23 58
269 23 75
270 23 26
271 23 57
273 23 1
276 23 78
277 23 90
281 23 45
282 23 29
289 23 40
292 23 28
294 23 71
296 23 97
298 23 92
299 23 99
301 23 98
303 23 19
305 23 30
307 23 88
310 23 99
314 23 17
315 23 72
317 23 26
319 23 85
321 23 45
323 23 27
325 23 4
330 23 18
332 23 95
333 23 11
335 23 69
336 23 60
338 23 65
344 23 46
347 23 72
348 23 51
349 23 46
353 23 100
354 23 65
355 23 83
356 23 20
359 23 45
360 23 7
363 23 71
364 23 9
365 23 68
367 23 11
368 23 98
370 23 77
371 23 30
373 23 94
376 23 22
377 23 46
379 23 68
380 23 30
381 23 80
382 23 93
383 23 45
388 23 19
392 23 12
393 23 53
395 23 75
397 23 91
398 23 77
405 23 75
406 23 17
407 23 88
408 23 29
409 23 21
410 23 57
413 23 59
414 23 19
415 23 22
417 23 89
418 23 99
419 23 41
420 23 17
424 23 9
428 23 33
429 23 33
430 23 55
431 23 60
433 23 62
435 23 40
436 23 82
437 23 57
440 23 80
441 23 4
442 23 67
443 23 45
444 23 63
445 23 14
447 23 83
448 23 80
450 23 10
451 23 15
452 23 33
453 23 28
455 23 45
456 23 92
460 23 12
463 23 27
464 23 15
465 23 86
466 23 59
467 23 51
469 23 30
473 23 53
475 23 64
476 23 8
478 23 52
479 23 97
480 23 27
481 23 33
482 23 68
484 23 72
488 23 4
490 23 12
491 23 2
492 23 93
493 23 17
494 23 93
495 23 48
496 23 84
497 23 43
498 23 52
500 23 37
502 23 89
503 23 16
505 23 68
506 23 84
507 23 34
508 23 95
509 23 26
511 23 88
518 23 45
521 23 73
524 23 76
525 23 57
527 23 34
528 23 53
532 23 24
534 23 87
537 23 89
538 23 90
539 23 48
544 23 42
545 23 25
547 23 94
548 23 65
549 23 23
552 23 37
553 23 21
555 23 35
557 23 14
558 23 97
559 23 61
560 23 34
563 23 73
566 23 7
567 23 63
570 23 45
571 23 86
576 23 33
577 23 93
578 23 40
580 23 30
581 23 15
582 23 62
583 23 64
588 23 61
590 23 76
591 23 8
592 23 29
593 23 17
596 23 100
598 23 11
599 23 51
0 24 16
1 24 8785
2 24 54
3 24 10660
4 24 52
5 24 10369
7 24 11440
8 24 64
9 24 8892
10 24 3
11 24 8705
12 24 91
13 24 8982
15 24 8781
16 24 62
17 24 10806
19 24 9815
21 24 11916
23 24 10475
24 24 36
25 24 10428
27 24 9523
29 24 10933
30 24 2
31 24 10184
32 24 37
33 24 9573
35 24 9988
36 24 93
37 24 11031
39 24 9890
41 24 11079
43 24 9593
44 24 91
45 24 11011
47 24 8193
49 24 11612
51 24 8588
53 24 11561
54 24 1
55 24 8550
56 24 58
57 24 9936
59 24 11108
61 24 8095
63 24 10767
64 24 33
65 24 8046
66 24 73
67 24 11624
68 24 7
69 24 8442
70 24 81
71 24 8469
72 24 6
73 24 9262
75 24 9453
77 24 11455
79 24 10364
80 24 63
81 24 9770
82 24 88
83 24 10478
85 24 9871
87 24 9179
88 24 59
89 24 11594
91 24 11462
93 24 9120
95 24 8995
96 24 51
97 24 11434
98 24 37
99 24 9081
100 24 2
101 24 8732
103 24 9575
104 24 72
105 24 11669
106 24 74
107 24 11817
108 24 77
109 24 9901
111 24 8623
113 24 9720
115 24 8853
117 24 10919
119 24 9708
121 24 8676
122 24 39
123 24 8153
124 24 78
125 24 8760
126 24 21
127 24 9797
128 24 22
129 24 9838
130 24 19
131 24 9927
132 24 95
133 24 11738
135 24 9681
136 24 56
137 24 10816
139 24 10535
141 24 9587
143 24 8620
145 24 8046
147 24 8595
149 24 10052
150 24 58
151 24 11332
152 24 5
153 24 11811
155 24 9614
156 24 12
157 24 11742
159 24 9547
160 24 53
161 24 8896
162 24 10
163 24 11889
164 24 61
165 24 9262
166 24 26
167 24 8955
168 24 75
169 24 11887
171 24 11618
173 24 8310
174 24 88
175 24 10345
176 24 7
177 24 10651
178 24 18
179 24 10266
181 24 8865
183 24 9963
184 24 56
185 24 9818
186 24 32
187 24 9053
188 24 71
189 24 10714
191 24 10638
192 24 83
193 24 11900
195 24 8297
197 24 11516
198 24 29
199 24 10733
200 24 93
201 24 11854
202 24 65
203 24 8603
205 24 11111
207 24 11555
209 24 9669
211 24 9127
212 24 18
213 24 11233
214 24 52
215 24 11749
216 24 27
217 24 10646
219 24 11294
220 24 2
221 24 8283
223 24 11487
224 24 11
225 24 8106
227 24 10673
229 24 8501
230 24 40
231 24 8069
232 24 54
233 24 8292
235 24 8294
236 24 87
237 24 9265
238 24 4
239 24 8399
240 24 43
241 24 11871
242 24 5
243 24 9443
244 24 22
245 24 11216
246 24 56
247 24 10070
248 24 19
249 24 9664
251 24 8936
252 24 79
253 24 11745
254 24 89
255 24 8325
257 24 8912
258 24 91
259 24 9451
261 24 11638
262 24 96
263 24 8412
264 24 97
265 24 8067
266 24 51
267 24 9428
268 24 47
269 24 11364
271 24 9357
272 24 71
273 24 10263
274 24 62
275 24 11192
276 24 25
277 24 9888
278 24 79
279 24 8738
281 24 8995
283 24 8114
284 24 54
285 24 9845
287 24 10289
289 24 8973
290 24 69
291 24 9343
292 24 56
293 24 10552
295 24 8117
297 24 8427
298 24 59
299 24 11527
300 24 1
301 24 8169
302 24 6
303 24 8766
305 24 10958
307 24 9895
308 24 53
309 24 10027
310 24 55
311 24 11396
312 24 22
313 24 10046
314 24 22
315 24 11096
316 24 78
317 24 9556
318 24 72
319 24 8591
321 24 9385
322 24 50
323 24 10051
324 24 53
325 24 11855
326 24 3
327 24 11292
329 24 9342
331 24 10542
333 24 11510
335 24 8385
337 24 9641
339 24 10028
340 24 59
341 24 11356
343 24 11023
345 24 9245
346 24 67
347 24 9246
349 24 8280
351 24 9661
353 24 8300
354 24 57
355 24 8480
356 24 2
357 24 10138
358 24 95
359 24 9376
361 24 11465
362 24 39
363 24 9474
365 24 8637
366 24 77
367 24 10733
368 24 94
369 24 9303
371 24 10606
373 24 9320
375 24 11039
376 24 35
377 24 10844
378 24 68
379 24 10456
380 24 91
381 24 8068
382 24 17
383 24 10848
384 24 6
385 24 9046
387 24 10457
389 24 10329
391 24 11885
392 24 62
393 24 10527
395 24 10627
397 24 8704
398 24 87
399 24 11749
401 24 10596
402 24 94
403 24 10093
405 24 8654
406 24 51
407 24 9229
408 24 24
409 24 8886
410 24 2
411 24 10130
413 24 11762
415 24 8971
417 24 8311
419 24 9177
421 24 9608
422 24 44
423 24 9299
425 24 9831
427 24 11018
428 24 14
429 24 11196
430 24 34
431 24 11561
432 24 53
433 24 10827
434 24 31
435 24 8246
436 24 14
437 24 8913
438 24 40
439 24 9941
441 24 8215
443 24 9117
444 24 69
445 24 11345
447 24 10547
449 24 9130
450 24 26
451 24 10989
453 24 8268
455 24 8863
457 24 10016
458 24 15
459 24 9712
460 24 83
461 24 9895
462 24 74
463 24 8458
465 24 11006
467 24 9967
469 24 10175
471 24 8485
473 24 10781
474 24 90
475 24 11923
477 24 9803
479 24 8300
481 24 10327
483 24 8702
484 24 77
485 24 9012
487 24 10015
488 24 59
489 24 10927
491 24 11340
492 24 11
493 24 8797
494 24 73
495 24 8524
497 24 9098
499 24 9686
500 24 15
501 24 11234
503 24 11648
505 24 8168
507 24 10521
509 24 10902
511 24 10601
512 24 66
513 24 10845
514 24 21
515 24 9530
516 24 70
517 24 8711
519 24 11234
520 24 41
521 24 8524
522 24 51
523 24 11928
524 24 23
525 24 8315
526 24 28
527 24 10728
529 24 10032
531 24 11539
533 24 11123
534 24 90
535 24 9302
536 24 34
537 24 11663
538 24 51
539 24 8048
541 24 11021
543 24 10870
545 24 8982
547 24 10251
548 24 46
549 24 8916
551 24 9871
552 24 11
553 24 10383
555 24 10211
556 24 89
557 24 8701
558 24 62
559 24 9352
561 24 9824
562 24 7
563 24 9322
565 24 9881
566 24 38
567 24 8002
568 24 35
569 24 8656
570 24 49
571 24 10398
572 24 88
573 24 9352
574 24 70
575 24 9676
577 24 8197
578 24 60
579 24 11988
581 24 10805
582 24 26
583 24 10125
585 24 9140
586 24 11
587 24 11881
589 24 11521
590 24 82
591 24 11257
593 24 9186
594 24 47
595 24 8615
597 24 10429
599 24 10866
1 25 23
3 25 65
4 25 52
6 25 80
12 25 15
13 25 98
15 25 67
16 25 94
20 25 66
21 25 12
22 25 38
23 25 14
25 25 19
26 25 25
27 25 51
28 25 96
30 25 29
31 25 15
34 25 71
35 25 23
36 25 60
40 25 54
43 25 40
44 25 97
45 25 24
46 25 78
47 25 100
48 25 1
50 25 88
56 25 61
58 25 11
67 25 41
71 25 53
73 25 19
74 25 80
76 25 75
77 25 86
83 25 28
88 25 72
90 25 85
95 25 41
98 25 5
99 25 5
100 25 43
103 25 96
104 25 37
109 25 61
113 25 40
114 25 11
115 25 9
116 25 88
118 25 40
119 25 31
121 25 30
123 25 23
124 25 11
125 25 31
126 25 30
127 25 63
129 25 50
130 25 8
132 25 65
135 25 53
137 25 34
139 25 81
140 25 41
141 25 93
142 25 91
143 25 66
145 25 41
148 25 45
150 25 11
151 25 87
152 25 42
153 25 16
154 25 32
157 25 3
159 25 62
160 25 90
166 25 3
167 25 55
171 25 49
179 25 61
183 25 36
186 25 45
191 25 88
192 25 18
195 25 99
196 25 67
198 25 52
199 25 58
200 25 81
202 25 59
204 25 53
207 25 86
208 25 76
209 25 7
210 25 79
212 25 42
215 25 31
217 25 49
218 25 6
219 25 26
222 25 77
225 25 33
228 25 5
231 25 22
232 25 27
237 25 65
238 25 63
240 25 74
241 25 71
244 25 100
246 25 64
247 25 26
253 25 58
254 25 62
255 25 33
256 25 99
257 25 41
261 25 18
263 25 55
265 25 22
268 25 45
269 25 83
271 25 29
272 25 94
273 25 27
276 25 55
277 25 7
281 25 5
283 25 59
284 25 48
288 25 63
292 25 41
293 25 35
294 25 8
295 25 8
297 25 76
298 25 43
299 25 97
300 25 52
303 25 5
307 25 3
309 25 74
316 25 43
317 25 65
323 25 93
325 25 97
326 25 66
327 25 84
328 25 56
329 25 41
330 25 44
331 25 75
333 25 89
334 25 91
335 25 81
336 25 44
337 25 58
339 25 76
341 25 50
343 25 88
350 25 17
353 25 7
355 25 15
356 25 65
357 25 8
359 25 45
360 25 71
363 25 35
366 25 100
367 25 50
369 25 33
370 25 44
373 25 19
374 25 76
375 25 8
376 25 66
378 25 7
379 25 28
380 25 2
381 25 17
382 25 36
383 25 3
386 25 59
387 25 96
388 25 94
390 25 23
400 25 63
401 25 6
403 25 50
404 25 7
410 25 11
412 25 88
419 25 56
420 25 99
424 25 62
425 25 19
427 25 89
428 25 20
430 25 39
431 25 23
432 25 79
433 25 15
438 25 85
440 25 8
444 25 36
445 25 26
447 25 26
449 25 14
451 25 30
459 25 50
460 25 73
461 25 59
462 25 79
466 25 54
468 25 20
470 25 87
471 25 70
472 25 72
473 25 6
475 25 33
476 25 61
479 25 10
480 25 31
481 25 35
483 25 3
484 25 100
485 25 75
486 25 86
488 25 9
490 25 74
493 25 64
495 25 36
499 25 80
502 25 4
504 25 68
505 25 48
507 25 5
513 25 53
514 25 84
516 25 74
518 25 12
519 25 10
520 25 95
521 25 26
523 25 54
525 25 78
526 25 86
529 25 50
531 25 45
532 25 29
534 25 70
535 25 98
536 25 73
537 25 56
538 25 18
539 25 88
541 25 86
543 25 30
545 25 58
547 25 65
550 25 15
552 25 18
558 25 5
561 25 16
564 25 14
565 25 66
566 25 96
567 25 33
568 25 28
569 25 82
574 25 88
576 25 37
581 25 10
592 25 26
595 25 13
597 25 25
598 25 45
599 25 90
0 26 82
1 26 9377
3 26 9326
5 26 8684
6 26 82
7 26 9463
8 26 91
9 26 10914
11 26 10867
12 26 68
13 26 11400
15 26 8324
16 26 49
17 26 9594
18 26 53
19 26 11060
21 26 8350
22 26 92
23 26 8718
24 26 38
25 26 11453
26 26 68
27 26 10208
29 26 10776
31 26 11544
32 26 64
33 26 10827
35 26 8619
37 26 10851
38 26 41
39 26 9304
40 26 68
41 26 11577
42 26 14
43 26 8764
45 26 10959
47 26 10158
49 26 9484
50 26 90
51 26 11268
53 26 11479
55 26 10943
57 26 8715
59 26 11809
60 26 47
61 26 11922
62 26 54
63 26 11715
65 26 8334
67 26 9448
68 26 89
69 26 8300
70 26 90
71 26 9892
73 26 10703
75 26 11715
77 26 9445
79 26 11411
81 26 10951
83 26 11626
85 26 8515
86 26 56
87 26 8061
89 26 10474
91 26 9710
93 26 10365
95 26 9372
97 26 11757
98 26 66
99 26 9421
100 26 40
101 26 10397
102 26 46
103 26 9155
104 26 55
105 26 9039
107 26 8584
108 26 77
109 26 11361
110 26 89
111 26 10788
112 26 31
113 26 11939
115 26 8341
117 26 10938
119 26 9449
121 26 11359
123 26 8283
124 26 20
125 26 11010
126 26 100
127 26 11094
129 26 11249
130 26 61
131 26 11741
133 26 10875
135 26 11051
137 26 11505
139 26 11168
141 26 9853
143 26 10658
145 26 9419
147 26 8654
149 26 8470
151 26 8565
152 26 96
153 26 8645
155 26 11121
156 26 62
157 26 9214
159 26 10683
161 26 10490
162 26 87
163 26 10025
165 26 10893
166 26 19
167 26 10215
168 26 17
169 26 10047
171 26 9234
172 26 28
173 26 10997
175 26 10586
177 26 8720
178 26 53
179 26 8792
181 26 9246
183 26 10014
184 26 72
185 26 9032
186 26 55
187 26 8230
188 26 100
189 26 9303
191 26 11235
193 26 8126
195 26 11728
197 26 11923
198 26 61
199 26 11694
201 26 9806
203 26 10948
205 26 10995
206 26 51
207 26 9222
208 26 100
209 26 9170
211 26 9590
213 26 9362
215 26 11130
217 26 11264
219 26 11699
221 26 8277
222 26 61
223 26 9305
224 26 67
225 26 9828
226 26 71
227 26 9887
228 26 94
229 26 9278
230 26 13
231 26 8520
233 26 11145
234 26 45
235 26 8381
236 26 20
237 26 9362
238 26 73
239 26 8408
241 26 9353
242 26 90
243 26 9125
244 26 66
245 26 8011
246 26 77
247 26 11994
248 26 17
249 26 8956
251 26 11690
253 26 11535
254 26 19
255 26 8263
256 26 89
257 26 11548
259 26 10399
260 26 30
261 26 11928
263 26 11972
264 26 43
265 26 11746
266 26 86
267 26 11401
269 26 11738
270 26 32
271 26 8673
272 26 99
273 26 10728
274 26 4
275 26 8395
277 26 9698
278 26 68
279 26 9978
280 26 69
281 26 8675
283 26 10025
284 26 11
285 26 11418
286 26 13
287 26 11908
288 26 25
289 26 10227
291 26 9128
292 26 45
293 26 9079
294 26 72
295 26 9871
297 26 10791
298 26 24
299 26 10019
301 26 11784
303 26 11342
305 26 11642
307 26 8659
309 26 11546
311 26 9266
312 26 4
313 26 9903
315 26 10335
316 26 27
317 26 11390
319 26 10085
320 26 25
321 26 9530
322 26 49
323 26 10851
324 26 10
325 26 10907
326 26 25
327 26 8397
328 26 72
329 26 9977
330 26 27
331 26 9564
333 26 8188
334 26 99
335 26 11336
336 26 26
337 26 11892
339 26 8950
340 26 34
341 26 9700
343 26 9605
345 26 11746
347 26 11679
349 26 9951
351 26 8375
352 26 57
353 26 11721
354 26 80
355 26 11890
356 26 29
357 26 8401
358 26 61
359 26 8700
361 26 10541
362 26 95
363 26 10299
364 26 60
365 26 8059
367 26 10042
368 26 34
369 26 10995
370 26 18
371 26 10604
372 26 85
373 26 10548
374 26 78
375 26 9834
377 26 11982
379 26 9022
380 26 44
381 26 9938
382 26 58
383 26 11642
384 26 20
385 26 8012
387 26 9771
388 26 88
389 26 11685
391 26 11043
393 26 9976
394 26 46
395 26 11951
397 26 8303
398 26 85
399 26 8868
400 26 1
401 26 8192
403 26 8454
405 26 9666
407 26 11469
408 26 55
409 26 10455
410 26 100
411 26 9705
412 26 99
413 26 8267
415 26 11022
417 26 8537
419 26 10146
421 26 11619
422 26 26
423 26 9430
424 26 59
425 26 11948
426 26 49
427 26 9431
428 26 97
429 26 11483
430 26 75
431 26 9499
433 26 9954
435 26 9191
436 26 56
437 26 11555
439 26 10565
440 26 80
441 26 11779
442 26 79
443 26 11504
444 26 40
445 26 8123
446 26 59
447 26 8946
448 26 100
449 26 10393
451 26 9574
452 26 58
453 26 8161
454 26 37
455 26 9146
456 26 81
457 26 11518
458 26 74
459 26 10530
461 26 11399
462 26 41
463 26 8691
464 26 5
465 26 11217
466 26 81
467 26 11105
468 26 72
469 26 11985
471 26 10955
473 26 10803
475 26 9555
477 26 11517
478 26 56
479 26 9265
480 26 60
481 26 9081
482 26 28
483 26 9769
484 26 11
485 26 11774
486 26 34
487 26 11362
489 26 10608
491 26 11734
492 26 88
493 26 8433
494 26 55
495 26 8733
497 26 9781
499 26 10454
500 26 1
501 26 8149
502 26 67
503 26 8818
504 26 78
505 26 8648
507 26 8530
509 26 9781
510 26 96
511 26 10902
512 26 47
513 26 11425
514 26 54
515 26 8149
516 26 60
517 26 8408
518 26 100
519 26 9368
521 26 11646
522 26 61
523 26 8984
525 26 11641
526 26 50
527 26 8356
529 26 8181
531 26 10877
533 26 8698
535 26 10286
537 26 10937
539 26 10924
541 26 10279
542 26 95
543 26 9139
544 26 76
545 26 10708
546 26 97
547 26 9133
548 26 20
549 26 9064
550 26 81
551 26 11983
553 26 9825
555 26 8428
556 26 85
557 26 10162
558 26 30
559 26 10541
561 26 10100
563 26 10983
565 26 8870
566 26 1
567 26 10527
568 26 66
569 26 8555
571 26 11068
572 26 15
573 26 8919
575 26 8584
577 26 10274
579 26 11530
581 26 10447
582 26 96
583 26 11281
584 26 58
585 26 10781
587 26 9350
588 26 78
589 26 11039
591 26 10491
593 26 9148
594 26 58
595 26 8632
597 26 10766
598 26 8
599 26 10724
1 27 77
6 27 50
8 27 64
11 27 98
13 27 88
14 27 56
15 27 22
17 27 60
20 27 6
23 27 34
24 27 57
25 27 52
26 27 46
27 27 71
28 27 78
29 27 83
30 27 84
32 27 16
34 27 54
36 27 67
37 27 30
43 27 10
45 27 35
46 27 62
49 27 36
53 27 86
54 27 3
56 27 87
57 27 62
58 27 58
60 27 100
62 27 73
63 27 49
65 27 42
66 27 98
67 27 78
69 27 8
70 27 30
71 27 21
73 27 77
74 27 45
76 27 14
77 27 57
80 27 95
82 27 46
83 27 91
84 27 5
86 27 68
87 27 32
91 27 96
92 27 89
93 27 68
94 27 17
96 27 48
97 27 91
104 27 52
105 27 60
106 27 24
111 27 1
113 27 39
115 27 22
116 27 78
117 27 41
118 27 15
119 27 88
121 27 57
123 27 68
125 27 59
126 27 6
129 27 83
130 27 61
132 27 53
135 27 66
138 27 47
139 27 34
142 27 55
145 27 72
146 27 28
148 27 14
149 27 45
150 27 23
152 27 14
153 27 71
158 27 21
162 27 22
167 27 27
168 27 17
170 27 30
171 27 8
173 27 65
174 27 97
175 27 56
179 27 100
182 27 73
184 27 46
186 27 70
187 27 13
190 27 44
191 27 91
192 27 59
196 27 73
198 27 30
201 27 58
202 27 97
205 27 44
208 27 96
210 27 96
211 27 84
216 27 36
220 27 77
222 27 21
223 27 16
224 27 22
226 27 6
227 27 81
230 27 20
231 27 13
232 27 28
233 27 92
234 27 20
236 27 59
240 27 27
241 27 7
243 27 31
244 27 54
245 27 37
246 27 52
247 27 88
248 27 64
250 27 81
251 27 36
252 27 25
254 27 15
255 27 55
257 27 45
259 27 54
260 27 31
261 27 100
263 27 16
264 27 15
266 27 99
267 27 96
268 27 28
272 27 40
277 27 98
282 27 38
284 27 88
286 27 9
290 27 3
292 27 96
293 27 87
295 27 23
297 27 8
298 27 12
300 27 45
301 27 84
302 27 41
306 27 46
307 27 11
308 27 65
309 27 14
311 27 50
312 27 29
313 27 85
314 27 54
321 27 13
324 27 15
325 27 13
326 27 40
327 27 93
328 27 66
330 27 47
335 27 26
339 27 1
341 27 28
342 27 56
343 27 46
344 27 25
345 27 4
346 27 52
348 27 95
349 27 87
351 27 50
353 27 73
354 27 36
355 27 58
358 27 59
359 27 48
362 27 94
365 27 30
367 27 87
368 27 7
370 27 85
371 27 31
372 27 9
373 27 64
377 27 92
378 27 90
380 27 94
382 27 16
383 27 15
386 27 54
387 27 62
390 27 72
392 27 19
393 27 52
396 27 84
397 27 91
398 27 89
404 27 91
405 27 95
408 27 51
411 27 84
412 27 63
415 27 1
417 27 16
418 27 64
419 27 41
423 27 11
424 27 61
426 27 13
428 27 4
429 27 84
430 27 26
431 27 65
433 27 46
434 27 30
436 27 27
438 27 42
440 27 65
447 27 61
451 27 48
454 27 64
456 27 23
457 27 98
458 27 35
463 27 94
467 27 53
470 27 32
471 27 42
472 27 100
474 27 27
476 27 92
478 27 5
484 27 32
487 27 93
489 27 20
490 27 89
491 27 80
494 27 49
495 27 52
498 27 33
499 27 79
501 27 6
505 27 19
506 27 88
509 27 37
510 27 4
512 27 69
514 27 65
515 27 70
516 27 68
519 27 51
520 27 89
522 27 74
523 27 33
526 27 57
529 27 56
530 27 62
534 27 50
535 27 62
537 27 72
540 27 1
541 27 47
543 27 43
544 27 86
547 27 92
549 27 49
552 27 81
553 27 5
554 27 87
561 27 50
563 27 62
564 27 25
565 27 17
566 27 36
569 27 86
571 27 48
574 27 19
575 27 95
576 27 59
579 27 69
580 27 94
583 27 62
584 27 1
586 27 51
587 27 88
589 27 61
591 27 61
592 27 32
593 27 60
594 27 96
595 27 30
596 27 44
597 27 53
599 27 41
0 28 82
1 28 8079
2 28 33
3 28 9340
5 28 10178
6 28 90
7 28 11758
9 28 9908
10 28 89
11 28 8810
13 28 8975
15 28 8631
17 28 11764
18 28 38
19 28 8844
21 28 9279
22 28 95
23 28 9592
24 28 94
25 28 10497
26 28 40
27 28 9301
28 28 56
29 28 11076
31 28 11541
32 28 50
33 28 10508
34 28 79
35 28 11840
37 28 9214
39 28 9454
41 28 11132
42 28 28
43 28 10991
44 28 70
45 28 10020
46 28 30
47 28 9581
48 28 41
49 28 11713
51 28 8118
53 28 9360
55 28 11917
57 28 10113
59 28 8567
60 28 10
61 28 9854
62 28 85
63 28 10521
65 28 11658
66 28 52
67 28 8857
69 28 9486
70 28 84
71 28 11861
72 28 70
73 28 10130
74 28 68
75 28 11998
76 28 85
77 28 10053
79 28 8706
81 28 11933
83 28 11119
84 28 73
85 28 10921
87 28 10121
88 28 1
89 28 11788
90 28 17
91 28 9197
93 28 9824
95 28 8872
97 28 8390
98 28 4
99 28 9758
101 28 9684
102 28 70
103 28 10774
104 28 39
105 28 11835
107 28 9426
109 28 10502
111 28 10060
112 28 50
113 28 9117
115 28 11731
117 28 8125
118 28 14
119 28 9137
121 28 9817
122 28 84
123 28 10452
124 28 51
125 28 8926
127 28 8110
128 28 1
129 28 10737
131 28 10226
133 28 10422
135 28 11581
136 28 98
137 28 8358
138 28 69
139 28 11605
141 28 10694
143 28 9125
145 28 8187
146 28 5
147 28 8955
148 28 8
149 28 8154
150 28 38
151 28 9739
153 28 9388
154 28 9
155 28 9964
157 28 10521
159 28 9374
161 28 9733
163 28 9318
165 28 10110
167 28 10591
168 28 23
169 28 9150
171 28 8283
173 28 9840
175 28 9604
176 28 75
177 28 8409
178 28 5
179 28 11271
181 28 10635
183 28 8011
184 28 93
185 28 10500
186 28 9
187 28 10392
188 28 83
189 28 11088
191 28 9881
192 28 99
193 28 10119
194 28 79
195 28 9449
197 28 9353
199 28 8005
200 28 31
201 28 11051
203 28 8630
205 28 10060
207 28 8613
208 28 98
209 28 9871
211 28 10517
213 28 9955
215 28 9947
217 28 9877
219 28 8469
221 28 9484
223 28 8163
225 28 10997
227 28 10984
229 28 9674
230 28 100
231 28 10185
233 28 8809
234 28 24
235 28 10077
236 28 28
237 28 8298
239 28 9357
241 28 8444
242 28 86
243 28 11391
244 28 68
245 28 10456
247 28 11352
249 28 9693
251 28 8086
252 28 100
253 28 10342
255 28 8660
257 28 9061
259 28 11861
261 28 11857
263 28 11910
264 28 50
265 28 8139
267 28 9618
268 28 57
269 28 11141
270 28 69
271 28 10791
272 28 78
273 28 9027
274 28 59
275 28 9455
276 28 37
277 28 11145
278 28 19
279 28 9965
280 28 23
281 28 10557
283 28 11376
285 28 10203
287 28 10836
289 28 9212
290 28 22
291 28 8151
292 28 1
293 28 11227
295 28 10522
297 28 9040
299 28 8949
301 28 11173
303 28 10195
304 28 89
305 28 10729
306 28 52
307 28 11996
308 28 69
309 28 11692
310 28 25
311 28 11802
313 28 10182
315 28 11139
317 28 8460
319 28 8945
320 28 33
321 28 10523
322 28 50
323 28 8605
325 28 9181
327 28 10368
328 28 95
329 28 10162
330 28 12
331 28 10148
333 28 9480
334 28 59
335 28 8381
337 28 11155
339 28 9582
341 28 8402
342 28 30
343 28 11028
345 28 8891
347 28 10685
348 28 96
349 28 9907
350 28 50
351 28 8964
353 28 8757
354 28 98
355 28 10776
356 28 67
357 28 10037
358 28 85
359 28 11490
360 28 50
361 28 11114
362 28 7
363 28 9626
364 28 59
365 28 9767
366 28 21
367 28 8715
369 28 11359
370 28 4
371 28 9719
373 28 11493
374 28 72
375 28 9255
376 28 37
377 28 8374
378 28 91
379 28 10851
380 28 76
381 28 8551
382 28 85
383 28 8885
385 28 8587
387 28 10068
389 28 10537
390 28 55
391 28 10907
393 28 11735
394 28 24
395 28 10007
396 28 21
397 28 8547
398 28 87
399 28 8838
401 28 9586
402 28 45
403 28 8321
404 28 48
405 28 10892
407 28 11820
409 28 9231
411 28 10174
412 28 94
413 28 10231
414 28 63
415 28 10476
417 28 11343
419 28 9048
420 28 92
421 28 9329
422 28 72
423 28 8865
424 28 96
425 28 9349
426 28 67
427 28 9912
428 28 85
429 28 9072
430 28 76
431 28 11919
433 28 11645
435 28 10396
437 28 8052
439 28 8086
441 28 11083
443 28 8845
444 28 15
445 28 10563
447 28 9786
449 28 8202
450 28 96
451 28 10602
453 28 8964
455 28 11832
456 28 81
457 28 9831
459 28 8880
460 28 100
461 28 10137
462 28 5
463 28 8470
464 28 62
465 28 9674
466 28 55
467 28 8708
469 28 9248
470 28 74
471 28 10550
473 28 9589
475 28 8521
476 28 47
477 28 11674
479 28 11458
481 28 10257
483 28 9531
485 28 8469
486 28 60
487 28 9703
488 28 53
489 28 11880
490 28 36
491 28 8167
492 28 49
493 28 10478
495 28 8854
496 28 13
497 28 8393
499 28 10525
501 28 9468
502 28 82
503 28 8822
504 28 13
505 28 8605
507 28 10782
509 28 8101
510 28 10
511 28 10193
513 28 10939
514 28 11
515 28 11842
517 28 10970
518 28 20
519 28 8530
520 28 20
521 28 11239
523 28 11751
524 28 36
525 28 11025
526 28 38
527 28 10498
528 28 49
529 28 11077
530 28 38
531 28 9586
532 28 66
533 28 8867
535 28 11880
536 28 46
537 28 8039
538 28 76
539 28 11163
540 28 36
541 28 8364
543 28 10211
545 28 8852
547 28 8755
549 28 11811
551 28 11871
552 28 22
553 28 11914
554 28 64
555 28 8642
556 28 38
557 28 10000
559 28 10355
561 28 8900
563 28 11180
564 28 35
565 28 11835
567 28 11857
569 28 11800
571 28 8178
572 28 87
573 28 8737
574 28 9
575 28 8114
576 28 41
577 28 9229
579 28 8363
581 28 11230
583 28 8484
584 28 75
585 28 10592
586 28 82
587 28 11283
589 28 10930
591 28 9576
592 28 65
593 28 8027
595 28 8507
596 28 79
597 28 9580
599 28 11077
0 29 61
1 29 30
5 29 70
7 29 47
10 29 62
11 29 17
12 29 14
13 29 36
15 29 20
18 29 70
21 29 60
22 29 43
23 29 30
25 29 55
28 29 97
30 29 93
31 29 20
32 29 89
33 29 18
35 29 41
37 29 58
39 29 95
42 29 31
43 29 72
44 29 34
46 29 17
53 29 99
54 29 80
55 29 57
56 29 96
59 29 60
65 29 16
66 29 86
69 29 43
70 29 1
73 29 24
76 29 67
80 29 73
81 29 54
84 29 9
85 29 44
87 29 24
88 29 55
89 29 87
90 29 88
94 29 94
95 29 37
96 29 35
97 29 100
99 29 75
100 29 77
101 29 21
104 29 75
107 29 9
109 29 85
110 29 99
112 29 47
113 29 84
114 29 2
115 29 24
116 29 46
119 29 37
120 29 24
121 29 51
122 29 99
123 29 44
128 29 40
131 29 52
132 29 10
133 29 67
134 29 22
137 29 51
138 29 48
141 29 18
142 29 57
144 29 46
145 29 72
146 29 33
147 29 95
150 29 96
153 29 19
159 29 51
160 29 86
161 29 77
162 29 27
163 29 67
167 29 79
170 29 22
171 29 70
172 29 57
174 29 22
176 29 43
177 29 6
178 29 65
181 29 58
183 29 48
185 29 55
186 29 85
189 29 48
193 29 74
195 29 87
196 29 11
197 29 27
198 29 87
199 29 70
200 29 33
202 29 91
203 29 29
204 29 71
205 29 14
207 29 72
208 29 51
210 29 38
211 29 14
212 29 61
213 29 88
214 29 92
216 29 45
217 29 63
218 29 38
219 29 52
220 29 72
221 29 34
222 29 58
223 29 18
224 29 29
225 29 47
226 29 68
228 29 36
229 29 17
230 29 13
232 29 53
235 29 99
238 29 37
241 29 18
242 29 96
245 29 67
246 29 47
247 29 49
249 29 55
250 29 77
254 29 6
255 29 70
256 29 49
259 29 98
260 29 94
261 29 53
262 29 54
264 29 83
266 29 55
267 29 30
268 29 19
270 29 79
276 29 25
277 29 52
278 29 99
279 29 20
280 29 14
281 29 13
282 29 73
285 29 92
286 29 39
287 29 4
288 29 58
289 29 75
293 29 7
300 29 56
301 29 83
302 29 2
304 29 34
306 29 43
309 29 22
310 29 74
311 29 28
312 29 19
317 29 93
318 29 96
320 29 75
321 29 54
322 29 46
326 29 75
329 29 29
330 29 75
335 29 25
336 29 53
337 29 49
338 29 34
342 29 94
343 29 62
347 29 57
348 29 52
352 29 72
354 29 72
356 29 50
357 29 85
358 29 25
360 29 8
361 29 12
364 29 4
365 29 42
366 29 95
371 29 57
372 29 68
373 29 64
375 29 70
376 29 28
377 29 66
378 29 67
379 29 70
380 29 42
381 29 46
386 29 8
388 29 53
390 29 72
392 29 75
395 29 14
397 29 17
398 29 27
399 29 74
402 29 83
404 29 40
407 29 7
408 29 12
411 29 1
417 29 13
418 29 16
422 29 85
425 29 88
429 29 79
430 29 62
431 29 27
433 29 54
435 29 9
436 29 72
439 29 54
440 29 19
443 29 6
444 29 23
445 29 3
452 29 20
454 29 84
463 29 10
466 29 89
468 29 56
469 29 40
470 29 96
472 29 12
473 29 15
474 29 3
475 29 44
476 29 59
479 29 76
481 29 89
483 29 88
484 29 18
485 29 91
486 29 60
487 29 12
488 29 89
490 29 8
492 29 18
494 29 64
498 29 55
499 29 72
502 29 86
503 29 84
505 29 70
506 29 9
508 29 23
512 29 93
515 29 68
519 29 13
520 29 48
524 29 38
525 29 75
526 29 91
529 29 17
530 29 50
532 29 90
535 29 80
536 29 52
540 29 23
546 29 26
547 29 93
548 29 14
550 29 20
551 29 6
557 29 20
558 29 94
560 29 9
563 29 5
565 29 59
566 29 80
567 29 53
568 29 37
573 29 50
574 29 22
575 29 38
577 29 46
580 29 47
581 29 44
582 29 66
586 29 85
588 29 1
591 29 28
592 29 72
594 29 40
599 29 19
0 30 40
1 30 8785
2 30 49
3 30 8985
5 30 11048
6 30 29
7 30 9499
8 30 75
9 30 11865
10 30 70
11 30 8704
12 30 94
13 30 10345
14 30 85
15 30 11717
16 30 97
17 30 9398
18 30 8
19 30 9292
20 30 69
21 30 11096
22 30 92
23 30 9628
24 30 74
25 30 9289
26 30 91
27 30 9442
29 30 9090
31 30 9989
33 30 8712
35 30 11975
36 30 34
37 30 11970
39 30 8457
40 30 8
41 30 8447
42 30 87
43 30 10199
45 30 11197
46 30 45
47 30 11561
49 30 8183
50 30 33
51 30 10196
52 30 25
53 30 8850
55 30 9433
56 30 11
57 30 11669
59 30 8887
60 30 43
61 30 9879
63 30 11384
64 30 8
65 30 9482
66 30 57
67 30 9972
68 30 15
69 30 9658
70 30 4
71 30 9062
73 30 10282
74 30 64
75 30 9081
77 30 9808
78 30 35
79 30 11699
81 30 9528
83 30 8571
85 30 8807
87 30 11677
89 30 11043
90 30 59
91 30 10777
92 30 58
93 30 8943
94 30 4
95 30 10626
97 30 8589
99 30 10855
101 30 9191
103 30 11907
105 30 10140
107 30 11011
108 30 55
109 30 9256
110 30 89
111 30 10600
113 30 10926
115 30 11998
117 30 8427
118 30 29
119 30 10699
121 30 11566
123 30 11993
125 30 11294
126 30 33
127 30 8887
129 30 8968
131 30 11542
133 30 9731
134 30 85
135 30 11991
136 30 49
137 30 10860
138 30 27
139 30 9987
140 30 50
141 30 8679
142 30 62
143 30 9087
145 30 10138
146 30 53
147 30 8522
148 30 75
149 30 11841
151 30 9187
153 30 11830
155 30 11965
156 30 3
157 30 10896
159 30 11380
161 30 9624
163 30 8254
164 30 92
165 30 10564
167 30 9565
168 30 5
169 30 11929
171 30 10349
173 30 11467
175 30 9194
176 30 19
177 30 8924
178 30 65
179 30 11206
180 30 24
181 30 9141
183 30 10477
185 30 9580
187 30 8187
188 30 61
189 30 8982
190 30 39
191 30 9556
192 30 28
193 30 9120
194 30 47
195 30 10144
196 30 74
197 30 8339
198 30 90
199 30 9287
201 30 11500
203 30 8280
205 30 8537
207 30 8626
209 30 9385
211 30 8252
213 30 11609
214 30 67
215 30 9144
217 30 9476
218 30 32
219 30 10412
220 30 85
221 30 8574
223 30 9910
225 30 8199
227 30 8647
228 30 16
229 30 10294
231 30 8425
232 30 100
233 30 10796
234 30 26
235 30 11596
236 30 95
237 30 11553
239 30 10294
241 30 10917
243 30 9118
245 30 8467
246 30 23
247 30 10254
249 30 9905
251 30 9539
253 30 9388
254 30 40
255 30 11475
256 30 2
257 30 10089
259 30 8740
260 30 78
261 30 11158
263 30 11275
265 30 9332
266 30 66
267 30 9350
269 30 9135
271 30 8814
273 30 10750
275 30 9736
276 30 9
277 30 10768
278 30 35
279 30 11248
281 30 11585
282 30 95
283 30 8521
285 30 9161
287 30 9783
288 30 45
289 30 10137
291 30 9884
292 30 44
293 30 11061
294 30 12
295 30 10137
296 30 21
297 30 11048
298 30 36
299 30 9738
300 30 34
301 30 11802
303 30 11177
305 30 8835
307 30 11763
308 30 76
309 30 11264
311 30 11650
313 30 10832
315 30 9211
317 30 11395
318 30 74
319 30 11782
321 30 11597
322 30 34
323 30 8541
324 30 16
325 30 8303
327 30 11218
329 30 11229
330 30 92
331 30 8364
332 30 16
333 30 9263
334 30 94
335 30 8212
337 30 10993
338 30 18
339 30 9385
341 30 8901
342 30 83
343 30 11256
344 30 94
345 30 8985
346 30 70
347 30 10970
348 30 73
349 30 11048
350 30 100
351 30 11884
352 30 42
353 30 10303
355 30 10334
357 30 8150
359 30 11741
361 30 10924
363 30 8818
365 30 9597
366 30 97
367 30 8780
368 30 76
369 30 8820
370 30 46
371 30 11727
373 30 11612
375 30 11932
377 30 11801
378 30 22
379 30 9832
380 30 63
381 30 11562
383 30 11185
384 30 46
385 30 8122
387 30 11002
388 30 3
389 30 10448
391 30 8895
393 30 11747
394 30 14
395 30 8141
396 30 25
397 30 8264
398 30 14
399 30 11940
401 30 11254
403 30 9977
404 30 14
405 30 11231
406 30 98
407 30 11310
409 30 8544
411 30 9573
413 30 11356
414 30 81
415 30 11327
417 30 10365
419 30 11376
421 30 8705
422 30 92
423 30 11334
424 30 16
425 30 9916
427 30 9847
429 30 11778
431 30 11850
432 30 48
433 30 10694
435 30 10838
437 30 8403
439 30 8904
440 30 6
441 30 8978
443 30 11020
445 30 8331
446 30 27
447 30 8640
448 30 6
449 30 8792
451 30 11660
453 30 9748
455 30 8009
456 30 44
457 30 9837
458 30 57
459 30 8554
460 30 73
461 30 9427
463 30 8177
464 30 4
465 30 11276
466 30 96
467 30 8164
469 30 10476
470 30 16
471 30 11994
472 30 44
473 30 9058
475 30 11418
476 30 2
477 30 9394
478 30 76
479 30 11879
481 30 11597
483 30 10756
485 30 8075
487 30 8970
488 30 84
489 30 10748
491 30 10680
493 30 8747
495 30 10207
496 30 10
497 30 8124
499 30 9115
500 30 78
501 30 10208
502 30 99
503 30 10991
504 30 15
505 30 8102
506 30 17
507 30 9121
509 30 8761
511 30 8017
513 30 9931
515 30 10175
516 30 54
517 30 8542
518 30 50
519 30 10485
520 30 16
521 30 9451
523 30 10094
524 30 16
525 30 9445
526 30 65
527 30 10368
528 30 84
529 30 11459
530 30 59
531 30 9648
533 30 11655
535 30 11082
536 30 32
537 30 10566
539 30 8937
540 30 82
541 30 10309
543 30 11031
545 30 11495
546 30 90
547 30 11806
549 30 9050
550 30 57
551 30 11549
553 30 10282
555 30 10537
556 30 5
557 30 8698
558 30 47
559 30 10932
561 30 10884
562 30 98
563 30 10908
564 30 97
565 30 11944
567 30 10173
569 30 8748
571 30 9767
573 30 9086
575 30 10843
576 30 92
577 30 8193
578 30 67
579 30 10937
581 30 8147
583 30 10213
585 30 10570
586 30 43
587 30 9360
589 30 9524
591 30 10265
593 30 8274
594 30 99
595 30 9426
597 30 9379
598 30 27
599 30 8759
0 31 96
1 31 100
3 31 97
6 31 72
8 31 33
9 31 80
11 31 3
13 31 41
18 31 33
19 31 36
26 31 31
27 31 82
29 31 31
31 31 36
33 31 66
36 31 67
39 31 13
40 31 97
43 31 31
45 31 59
48 31 69
52 31 53
56 31 35
60 31 53
61 31 47
64 31 38
66 31 12
67 31 68
68 31 2
70 31 69
73 31 80
74 31 26
75 31 94
76 31 45
78 31 98
80 31 78
81 31 91
84 31 5
86 31 64
89 31 65
91 31 63
92 31 12
95 31 5
98 31 69
99 31 99
101 31 16
103 31 63
104 31 81
106 31 35
108 31 71
111 31 47
113 31 16
115 31 22
116 31 19
120 31 97
124 31 34
125 31 47
126 31 13
127 31 85
128 31 93
129 31 46
131 31 78
132 31 45
135 31 81
136 31 59
138 31 76
140 31 16
141 31 98
142 31 71
147 31 3
157 31 66
159 31 35
161 31 15
162 31 3
166 31 82
171 31 70
172 31 15
175 31 30
176 31 33
178 31 18
179 31 56
181 31 43
183 31 60
185 31 89
186 31 52
188 31 92
189 31 74
190 31 7
191 31 56
194 31 49
197 31 5
201 31 57
202 31 39
203 31 19
204 31 86
205 31 92
207 31 18
212 31 35
213 31 20
214 31 20
215 31 77
216 31 20
217 31 50
219 31 99
220 31 2
221 31 15
222 31 92
223 31 36
225 31 83
227 31 87
228 31 67
229 31 9
230 31 34
232 31 30
233 31 88
235 31 27
238 31 7
240 31 87
243 31 53
245 31 7
246 31 53
248 31 95
250 31 79
257 31 62
258 31 95
259 31 12
260 31 96
262 31 54
263 31 71
266 31 28
267 31 47
268 31 15
270 31 93
271 31 50
274 31 93
278 31 44
279 31 60
285 31 67
286 31 55
287 31 30
288 31 19
291 31 95
292 31 68
293 31 89
296 31 86
299 31 57
301 31 36
302 31 46
305 31 68
306 31 20
307 31 87
308 31 26
309 31 94
310 31 67
313 31 11
314 31 59
316 31 36
317 31 26
319 31 26
320 31 66
321 31 48
325 31 69
326 31 9
328 31 56
330 31 60
331 31 93
334 31 87
335 31 79
336 31 7
339 31 36
340 31 71
343 31 91
347 31 95
351 31 41
353 31 81
354 31 58
357 31 19
362 31 56
364 31 95
366 31 62
367 31 42
372 31 29
373 31 22
374 31 81
375 31 70
376 31 41
380 31 23
381 31 57
385 31 26
388 31 48
389 31 30
391 31 33
392 31 14
393 31 77
396 31 17
397 31 80
398 31 68
399 31 99
402 31 4
405 31 16
407 31 4
408 31 82
409 31 31
413 31 55
414 31 22
415 31 41
418 31 18
419 31 82
422 31 19
423 31 59
425 31 49
426 31 27
427 31 44
430 31 62
431 31 84
432 31 61
433 31 10
435 31 46
437 31 7
439 31 31
440 31 26
441 31 73
442 31 53
447 31 73
448 31 17
449 31 10
451 31 54
454 31 2
456 31 21
457 31 83
462 31 71
463 31 96
466 31 46
467 31 46
468 31 49
470 31 29
471 31 53
472 31 84
474 31 39
475 31 11
476 31 77
477 31 16
479 31 13
484 31 76
487 31 3
494 31 12
495 31 69
498 31 84
499 31 5
508 31 58
509 31 74
510 31 95
512 31 68
514 31 97
515 31 29
520 31 70
521 31 54
523 31 34
525 31 4
526 31 11
527 31 50
528 31 9
532 31 81
533 31 35
535 31 29
538 31 82
539 31 99
540 31 25
541 31 79
542 31 96
543 31 20
544 31 36
545 31 93
551 31 60
552 31 72
553 31 10
555 31 18
556 31 82
558 31 49
561 31 97
564 31 18
565 31 51
567 31 33
568 31 9
569 31 69
575 31 73
579 31 12
581 31 43
583 31 80
584 31 95
585 31 94
587 31 87
589 31 40
593 31 80
594 31 31
597 31 39
0 32 28
1 32 8244
3 32 8295
5 32 10983
6 32 18
7 32 11995
9 32 9037
11 32 10687
13 32 9236
14 32 12
15 32 10188
17 32 9634
18 32 76
19 32 10200
20 32 36
21 32 8102
23 32 11796
24 32 46
25 32 9227
27 32 9019
29 32 9234
31 32 11641
33 32 9281
34 32 47
35 32 11131
37 32 8230
38 32 71
39 32 10042
40 32 52
41 32 8141
42 32 67
43 32 9222
44 32 46
45 32 10434
47 32 9434
48 32 37
49 32 10860
50 32 67
51 32 8943
52 32 88
53 32 10402
55 32 11324
57 32 11146
59 32 9097
60 32 24
61 32 9915
62 32 65
63 32 10165
65 32 9714
67 32 11995
68 32 18
69 32 11201
71 32 9822
73 32 8346
74 32 32
75 32 10089
77 32 11914
79 32 8903
80 32 13
81 32 11369
82 32 99
83 32 10561
85 32 10196
87 32 8470
89 32 8046
91 32 10966
92 32 97
93 32 11603
94 32 62
95 32 11975
96 32 54
97 32 8571
98 32 55
99 32 10581
100 32 25
101 32 11607
103 32 11544
104 32 25
105 32 8032
106 32 69
107 32 9572
108 32 29
109 32 8543
111 32 8002
113 32 9086
115 32 11790
116 32 7
117 32 10262
118 32 61
119 32 11213
120 32 45
121 32 9673
122 32 98
123 32 10240
124 32 51
125 32 10582
127 32 8640
128 32 41
129 32 10437
130 32 7
131 32 8193
132 32 45
133 32 10309
135 32 8021
136 32 11
137 32 10523
139 32 10022
141 32 11732
143 32 11438
145 32 11091
146 32 11
147 32 11704
148 32 91
149 32 9776
151 32 10441
152 32 31
153 32 9957
155 32 8308
156 32 51
157 32 10687
158 32 8
159 32 10543
161 32 10070
162 32 32
163 32 9567
165 32 11946
166 32 27
167 32 11591
169 32 10393
171 32 9498
172 32 21
173 32 9382
174 32 95
175 32 8373
176 32 95
177 32 10086
179 32 11971
181 32 9929
183 32 11277
185 32 8583
187 32 10133
188 32 65
189 32 11155
190 32 94
191 32 8493
193 32 9053
194 32 31
195 32 10169
196 32 30
197 32 8467
198 32 78
199 32 10338
201 32 9274
203 32 11617
205 32 11315
207 32 10790
209 32 9152
211 32 9783
213 32 8247
215 32 8895
217 32 11812
219 32 11424
221 32 8673
223 32 10212
224 32 24
225 32 10777
227 32 8620
228 32 65
229 32 9576
230 32 56
231 32 10323
232 32 23
233 32 8177
235 32 8416
237 32 8664
239 32 9839
240 32 91
241 32 9501
243 32 8290
245 32 10615
246 32 53
247 32 11525
248 32 26
249 32 8599
251 32 10835
252 32 54
253 32 9103
254 32 34
255 32 10991
256 32 19
257 32 10454
258 32 10
259 32 11906
260 32 38
261 32 9319
263 32 8340
265 32 8362
267 32 11619
269 32 9622
271 32 8827
272 32 79
273 32 9878
275 32 11156
276 32 32
277 32 9563
278 32 44
279 32 10431
280 32 17
281 32 9493
282 32 60
283 32 8437
285 32 11591
286 32 79
287 32 11132
288 32 45
289 32 10670
290 32 61
291 32 10598
293 32 11282
294 32 62
295 32 10824
296 32 61
297 32 9153
299 32 10764
300 32 40
301 32 8255
303 32 9388
305 32 8553
306 32 13
307 32 9232
308 32 33
309 32 10096
311 32 9410
313 32 9045
314 32 85
315 32 8243
317 32 9962
318 32 62
319 32 11662
320 32 81
321 32 11291
323 32 8112
325 32 9469
326 32 81
327 32 8229
329 32 11766
330 32 57
331 32 10929
333 32 11184
334 32 89
335 32 10726
337 32 11442
339 32 11091
341 32 11137
342 32 19
343 32 10926
345 32 9520
346 32 77
347 32 9415
349 32 9226
350 32 7
351 32 10698
353 32 8277
355 32 11597
356 32 87
357 32 8190
359 32 10609
360 32 47
361 32 10027
363 32 10749
364 32 92
365 32 11220
366 32 59
367 32 11248
368 32 75
369 32 11885
370 32 75
371 32 9265
373 32 8723
374 32 23
375 32 8994
376 32 26
377 32 9200
378 32 53
379 32 11010
381 32 9503
382 32 43
383 32 9264
385 32 9451
387 32 8288
388 32 75
389 32 9920
391 32 9650
392 32 39
393 32 9765
395 32 9666
397 32 10578
398 32 16
399 32 8355
400 32 20
401 32 11245
403 32 11301
404 32 75
405 32 10657
407 32 9515
408 32 33
409 32 11166
411 32 11987
412 32 28
413 32 10225
415 32 9819
416 32 16
417 32 11745
419 32 9705
420 32 96
421 32 9937
423 32 8782
424 32 35
425 32 8137
427 32 9736
428 32 79
429 32 10026
430 32 75
431 32 11099
433 32 10029
434 32 95
435 32 10191
436 32 63
437 32 8825
439 32 9309
440 32 63
441 32 9400
442 32 58
443 32 9024
445 32 10519
447 32 8330
449 32 11639
450 32 71
451 32 11130
453 32 11177
455 32 10964
457 32 10831
459 32 8584
460 32 21
461 32 9121
462 32 25
463 32 9678
465 32 11961
467 32 11603
468 32 76
469 32 8089
471 32 8118
472 32 41
473 32 8684
475 32 9552
477 32 10648
479 32 9453
480 32 46
481 32 11274
483 32 10669
484 32 66
485 32 10658
486 32 53
487 32 11825
489 32 11411
491 32 10440
492 32 21
493 32 9272
495 32 9275
497 32 10412
498 32 97
499 32 10938
500 32 25
501 32 8243
502 32 35
503 32 8543
505 32 10204
506 32 11
507 32 8791
509 32 11304
511 32 9861
513 32 11288
515 32 9040
516 32 93
517 32 10012
519 32 10924
520 32 76
521 32 10441
522 32 66
523 32 9227
524 32 39
525 32 10721
527 32 11412
528 32 66
529 32 11925
531 32 11981
532 32 97
533 32 10073
534 32 91
535 32 11413
536 32 15
537 32 8313
539 32 10623
541 32 9833
543 32 9700
544 32 2
545 32 11473
547 32 10760
548 32 76
549 32 8286
551 32 8532
553 32 10153
554 32 67
555 32 11438
556 32 40
557 32 11704
559 32 8018
561 32 8215
563 32 10860
565 32 9448
567 32 11299
569 32 9574
571 32 11995
572 32 35
573 32 11004
575 32 10637
576 32 54
577 32 9815
579 32 11719
580 32 4
581 32 9106
582 32 25
583 32 9236
584 32 82
585 32 9080
586 32 87
587 32 11386
588 32 33
589 32 8461
591 32 10497
593 32 9384
595 32 10297
596 32 62
597 32 11460
599 32 9403
1 33 87
2 33 50
3 33 9
6 33 99
7 33 64
8 33 11
9 33 65
10 33 34
13 33 71
16 33 74
18 33 62
19 33 5
21 33 36
24 33 14
25 33 69
28 33 60
31 33 52
32 33 18
35 33 27
37 33 31
41 33 25
43 33 37
44 33 21
45 33 37
48 33 62
52 33 48
55 33 52
56 33 29
59 33 72
63 33 94
64 33 13
65 33 23
68 33 35
69 33 53
70 33 26
71 33 83
72 33 63
73 33 76
75 33 42
76 33 15
79 33 16
80 33 77
85 33 62
86 33 23
87 33 32
91 33 16
92 33 11
95 33 74
98 33 83
99 33 21
101 33 43
102 33 74
104 33 25
105 33 53
106 33 9
111 33 84
112 33 73
115 33 75
116 33 88
119 33 27
121 33 93
122 33 14
125 33 54
127 33 33
128 33 5
134 33 51
135 33 89
137 33 90
139 33 24
141 33 100
142 33 25
143 33 5
144 33 10
145 33 60
149 33 40
154 33 90
155 33 90
156 33 70
157 33 16
159 33 37
163 33 31
167 33 64
170 33 76
175 33 95
183 33 87
185 33 99
187 33 18
188 33 55
189 33 6
190 33 81
192 33 73
193 33 26
194 33 34
197 33 8
198 33 17
199 33 75
200 33 77
203 33 37
204 33 12
208 33 24
211 33 62
212 33 50
213 33 65
216 33 65
218 33 81
220 33 71
222 33 71
223 33 12
227 33 88
230 33 30
232 33 91
233 33 8
239 33 50
240 33 84
243 33 48
245 33 29
247 33 36
248 33 49
249 33 68
251 33 94
252 33 34
253 33 10
254 33 72
255 33 79
257 33 85
259 33 97
260 33 18
262 33 21
263 33 8
265 33 13
267 33 67
268 33 32
270 33 43
272 33 25
275 33 67
278 33 68
280 33 74
281 33 55
283 33 60
284 33 88
285 33 72
286 33 8
288 33 71
289 33 92
290 33 78
292 33 84
293 33 52
295 33 79
296 33 18
304 33 20
306 33 53
307 33 67
309 33 61
310 33 77
312 33 83
314 33 1
317 33 63
328 33 73
333 33 14
335 33 50
336 33 17
337 33 53
338 33 30
339 33 78
341 33 19
342 33 57
345 33 69
346 33 91
347 33 62
349 33 29
353 33 25
354 33 45
358 33 24
359 33 17
360 33 45
361 33 44
362 33 13
363 33 95
364 33 100
365 33 11
366 33 74
368 33 52
370 33 32
371 33 34
372 33 11
373 33 2
374 33 74
376 33 42
379 33 37
380 33 1
381 33 74
382 33 86
385 33 23
386 33 33
387 33 60
388 33 56
394 33 1
399 33 26
403 33 28
406 33 70
408 33 26
409 33 41
411 33 8
412 33 62
414 33 33
416 33 27
421 33 84
423 33 38
424 33 31
425 33 3
427 33 23
431 33 38
432 33 79
433 33 30
434 33 59
435 33 96
442 33 44
443 33 12
444 33 27
445 33 97
446 33 69
447 33 47
448 33 89
455 33 10
457 33 51
458 33 74
459 33 78
461 33 51
464 33 17
465 33 67
466 33 26
467 33 79
468 33 80
470 33 40
472 33 41
474 33 2
476 33 90
477 33 81
479 33 42
482 33 54
484 33 61
485 33 48
486 33 82
487 33 68
489 33 87
490 33 88
491 33 100
493 33 72
494 33 6
496 33 59
497 33 16
502 33 67
509 33 23
510 33 84
511 33 41
513 33 15
515 33 24
517 33 96
518 33 70
524 33 41
527 33 14
528 33 67
534 33 54
537 33 27
540 33 52
541 33 30
542 33 50
544 33 5
546 33 93
548 33 51
549 33 15
552 33 9
556 33 86
557 33 57
558 33 76
559 33 19
560 33 59
561 33 79
562 33 17
564 33 58
565 33 73
569 33 41
570 33 50
572 33 86
573 33 62
574 33 68
575 33 22
579 33 4
580 33 41
582 33 31
583 33 27
587 33 20
588 33 20
589 33 48
591 33 18
592 33 78
595 33 13
596 33 72
597 33 55
1 34 9396
3 34 11805
5 34 9245
6 34 10
7 34 9461
9 34 9725
11 34 9382
12 34 9
13 34 10888
14 34 41
15 34 8950
16 34 16
17 34 10959
18 34 50
19 34 10452
20 34 61
21 34 10399
22 34 70
23 34 8053
25 34 9711
26 34 98
27 34 10663
28 34 20
29 34 8366
31 34 11758
33 34 8938
34 34 14
35 34 9027
36 34 39
37 34 8527
38 34 33
39 34 10220
41 34 9458
43 34 11306
45 34 10694
47 34 11200
48 34 81
49 34 10567
50 34 9
51 34 9066
52 34 69
53 34 10103
55 34 9389
57 34 11739
58 34 2
59 34 10590
61 34 9343
63 34 11261
65 34 9940
67 34 10591
68 34 30
69 34 11605
70 34 52
71 34 9895
72 34 91
73 34 10968
74 34 52
75 34 11454
77 34 10982
78 34 62
79 34 9247
80 34 43
81 34 11963
82 34 81
83 34 10194
84 34 77
85 34 11462
86 34 59
87 34 10135
89 34 11684
91 34 9398
93 34 9805
94 34 75
95 34 8010
97 34 8245
99 34 9376
100 34 30
101 34 8780
102 34 61
103 34 11916
105 34 11798
107 34 11551
109 34 8633
110 34 90
111 34 11971
113 34 11599
115 34 8822
117 34 8875
119 34 10223
121 34 10163
123 34 10584
124 34 72
125 34 8972
126 34 39
127 34 10414
128 34 89
129 34 11917
130 34 87
131 34 8923
132 34 23
133 34 8622
134 34 23
135 34 10575
137 34 9614
139 34 8958
141 34 10744
143 34 10377
144 34 53
145 34 11126
147 34 8160
148 34 14
149 34 11182
151 34 11280
153 34 11925
154 34 20
155 34 9546
156 34 80
157 34 11940
159 34 8299
160 34 81
161 34 10185
162 34 83
163 34 9134
165 34 10268
167 34 8545
168 34 47
169 34 10850
171 34 11372
173 34 10238
174 34 96
175 34 10283
177 34 8530
178 34 38
179 34 8096
181 34 10952
183 34 8202
184 34 4
185 34 9696
187 34 10127
189 34 8033
191 34 11955
192 34 93
193 34 10633
195 34 10775
197 34 10905
198 34 47
199 34 9718
200 34 36
201 34 10136
202 34 98
203 34 9082
204 34 42
205 34 10776
207 34 10279
208 34 38
209 34 11570
211 34 10593
213 34 9065
215 34 10633
217 34 11023
218 34 58
219 34 9401
221 34 11525
223 34 11363
224 34 73
225 34 10806
227 34 8390
229 34 11009
231 34 11231
232 34 44
233 34 9862
235 34 8898
237 34 10716
239 34 9457
240 34 76
241 34 8854
243 34 8391
244 34 95
245 34 8152
247 34 9648
248 34 94
249 34 9335
251 34 9436
253 34 10420
255 34 11061
257 34 11843
258 34 89
259 34 9256
261 34 11235
263 34 8735
264 34 35
265 34 10871
266 34 9
267 34 9551
268 34 85
269 34 9119
270 34 94
271 34 11604
273 34 11261
274 34 53
275 34 9541
276 34 39
277 34 10277
278 34 41
279 34 11688
281 34 8174
283 34 10170
285 34 10046
287 34 11158
289 34 9914
291 34 9723
292 34 31
293 34 8998
295 34 9211
297 34 9161
298 34 69
299 34 9195
301 34 9363
303 34 10447
305 34 8289
307 34 9810
308 34 7
309 34 8039
311 34 8428
312 34 57
313 34 10462
314 34 50
315 34 8737
316 34 13
317 34 10244
318 34 29
319 34 8232
320 34 40
321 34 11784
323 34 8949
325 34 11878
326 34 8
327 34 11705
328 34 84
329 34 9999
331 34 11145
333 34 11078
335 34 8844
336 34 78
337 34 10857
339 34 11541
341 34 10827
342 34 65
343 34 9422
344 34 16
345 34 10891
347 34 9244
349 34 9344
350 34 31
351 34 11999
353 34 8761
355 34 11456
356 34 83
357 34 9485
358 34 85
359 34 11138
360 34 16
361 34 11360
363 34 11431
364 34 41
365 34 11004
367 34 10065
368 34 63
369 34 11180
371 34 11554
372 34 38
373 34 11729
374 34 57
375 34 11458
377 34 8133
379 34 8349
381 34 8543
383 34 11707
385 34 9443
387 34 8627
389 34 11474
390 34 8
391 34 11131
393 34 8135
395 34 11213
396 34 29
397 34 11887
398 34 55
399 34 10736
401 34 11807
402 34 29
403 34 9009
404 34 7
405 34 11295
407 34 10029
408 34 47
409 34 8917
411 34 10433
412 34 4
413 34 11795
414 34 11
415 34 8321
417 34 10488
418 34 8
419 34 11443
420 34 31
421 34 10698
423 34 10989
424 34 45
425 34 8264
426 34 17
427 34 10049
429 34 10912
430 34 44
431 34 11346
432 34 11
433 34 8373
435 34 8392
436 34 12
437 34 10828
439 34 9403
440 34 54
441 34 8933
442 34 42
443 34 8598
445 34 9773
446 34 8
447 34 9599
448 34 89
449 34 11819
451 34 8494
452 34 69
453 34 10877
454 34 36
455 34 11608
457 34 9304
458 34 82
459 34 11688
460 34 39
461 34 9798
463 34 8173
464 34 16
465 34 11515
466 34 30
467 34 10078
468 34 77
469 34 8614
470 34 18
471 34 9181
473 34 11375
475 34 11862
476 34 85
477 34 11187
479 34 11858
480 34 77
481 34 11697
482 34 100
483 34 8392
484 34 21
485 34 9410
487 34 10025
489 34 10949
490 34 37
491 34 9604
493 34 11305
494 34 83
495 34 9439
496 34 69
497 34 11269
499 34 10053
500 34 39
501 34 10821
503 34 8225
505 34 8282
506 34 55
507 34 10112
509 34 9522
511 34 8230
512 34 98
513 34 11978
515 34 11212
517 34 10681
519 34 8642
521 34 10195
522 34 12
523 34 8672
524 34 91
525 34 8513
527 34 10601
529 34 10797
531 34 11156
532 34 56
533 34 11975
535 34 11677
537 34 11690
539 34 8652
541 34 11740
543 34 10469
545 34 11897
546 34 58
547 34 11775
549 34 11134
551 34 9807
553 34 11899
554 34 52
555 34 11061
556 34 90
557 34 10726
559 34 9913
560 34 51
561 34 10790
562 34 19
563 34 11160
565 34 8494
566 34 84
567 34 10874
568 34 53
569 34 9141
571 34 8474
572 34 95
573 34 9071
574 34 39
575 34 9757
577 34 11790
578 34 70
579 34 11903
581 34 10669
583 34 9964
584 34 21
585 34 10194
586 34 69
587 34 8030
589 34 11937
590 34 58
591 34 8290
593 34 11326
595 34 11388
596 34 5
597 34 8914
599 34 9041
2 35 72
3 35 76
7 35 96
8 35 92
9 35 67
11 35 9
14 35 47
15 35 93
17 35 59
18 35 92
19 35 54
21 35 87
22 35 75
23 35 54
24 35 28
27 35 30
29 35 85
32 35 24
33 35 60
35 35 34
39 35 68
41 35 47
49 35 40
53 35 96
56 35 11
58 35 34
59 35 33
61 35 41
69 35 80
70 35 54
72 35 36
74 35 66
84 35 86
86 35 19
87 35 40
92 35 5
93 35 92
96 35 96
98 35 76
100 35 9
101 35 81
108 35 58
112 35 92
116 35 71
117 35 53
119 35 25
120 35 41
121 35 45
123 35 26
128 35 79
130 35 42
131 35 16
132 35 75
139 35 66
140 35 75
144 35 83
145 35 76
146 35 17
147 35 39
148 35 36
152 35 58
153 35 19
154 35 64
157 35 16
159 35 31
161 35 2
162 35 62
163 35 23
165 35 34
168 35 10
169 35 52
170 35 23
174 35 26
176 35 93
178 35 70
182 35 56
183 35 40
184 35 69
185 35 44
186 35 80
189 35 22
190 35 36
192 35 62
193 35 74
194 35 97
198 35 9
199 35 62
201 35 14
202 35 42
203 35 86
204 35 66
206 35 23
208 35 45
210 35 41
211 35 57
212 35 26
214 35 36
215 35 99
216 35 25
217 35 95
220 35 57
221 35 8
223 35 61
229 35 60
230 35 88
233 35 68
235 35 49
239 35 9
244 35 50
251 35 57
256 35 28
257 35 54
258 35 12
259 35 58
260 35 51
261 35 25
264 35 50
266 35 30
268 35 85
270 35 57
272 35 24
273 35 38
274 35 33
275 35 96
276 35 97
284 35 92
285 35 79
286 35 21
287 35 73
288 35 25
289 35 41
290 35 9
291 35 73
292 35 92
296 35 60
297 35 16
300 35 86
301 35 87
302 35 73
305 35 98
308 35 39
309 35 42
310 35 17
311 35 12
313 35 21
315 35 16
316 35 82
317 35 36
322 35 62
324 35 55
325 35 13
331 35 4
334 35 67
343 35 98
345 35 94
349 35 86
350 35 53
354 35 84
355 35 22
356 35 17
357 35 3
360 35 57
361 35 22
363 35 91
364 35 48
366 35 51
368 35 5
369 35 85
370 35 36
374 35 16
375 35 55
377 35 95
378 35 92
381 35 52
383 35 20
387 35 24
390 35 17
391 35 11
392 35 82
393 35 32
394 35 71
395 35 98
399 35 32
400 35 64
405 35 76
407 35 12
412 35 15
413 35 94
414 35 12
415 35 71
416 35 68
417 35 69
418 35 75
420 35 50
421 35 37
422 35 7
424 35 3
427 35 99
428 35 18
429 35 44
433 35 96
434 35 60
435 35 11
438 35 50
440 35 85
441 35 74
442 35 80
443 35 5
444 35 40
447 35 66
449 35 92
457 35 34
461 35 32
462 35 96
464 35 81
466 35 95
470 35 73
471 35 35
473 35 84
475 35 56
477 35 69
478 35 48
479 35 17
482 35 74
485 35 8
486 35 8
487 35 56
488 35 20
489 35 17
490 35 39
491 35 1
492 35 18
493 35 79
494 35 48
496 35 51
497 35 38
503 35 45
509 35 91
510 35 72
511 35 47
512 35 89
513 35 9
518 35 98
519 35 65
520 35 50
521 35 18
523 35 49
524 35 68
526 35 55
527 35 53
529 35 68
530 35 87
531 35 80
532 35 86
533 35 57
535 35 71
536 35 49
538 35 32
539 35 90
544 35 28
546 35 100
551 35 57
552 35 40
556 35 7
561 35 49
562 35 45
563 35 30
565 35 33
566 35 74
572 35 62
574 35 30
576 35 51
580 35 34
581 35 60
584 35 59
586 35 5
590 35 16
596 35 85
597 35 1
598 35 97
0 36 72
1 36 10156
3 36 11476
4 36 72
5 36 11506
6 36 35
7 36 9166
9 36 9195
11 36 11913
12 36 93
13 36 10947
14 36 20
15 36 10821
16 36 27
17 36 8372
18 36 95
19 36 9195
21 36 9313
22 36 62
23 36 9643
24 36 5
25 36 9445
27 36 10340
28 36 56
29 36 10927
30 36 6
31 36 11270
33 36 8594
34 36 36
35 36 10746
37 36 11347
38 36 98
39 36 9753
41 36 11128
43 36 8733
44 36 27
45 36 9813
47 36 10714
49 36 9503
50 36 86
51 36 11835
52 36 19
53 36 10363
55 36 11600
57 36 8091
59 36 8027
61 36 9817
63 36 10268
64 36 59
65 36 11532
66 36 7
67 36 9083
69 36 8202
71 36 9291
73 36 10470
74 36 50
75 36 9779
77 36 9958
79 36 8721
80 36 17
81 36 9465
82 36 65
83 36 8935
84 36 84
85 36 11606
87 36 8064
88 36 54
89 36 11794
91 36 11387
92 36 63
93 36 11451
95 36 11814
97 36 9812
99 36 10069
101 36 10854
102 36 48
103 36 11295
104 36 59
105 36 10723
106 36 92
107 36 11357
109 36 10751
111 36 8697
113 36 10371
115 36 8925
116 36 34
117 36 11089
118 36 50
119 36 9781
121 36 10277
123 36 8113
124 36 58
125 36 11295
127 36 10964
129 36 10602
131 36 9030
133 36 11951
135 36 10825
137 36 9429
138 36 26
139 36 9874
141 36 8366
143 36 8582
145 36 11928
147 36 8569
149 36 8312
151 36 9641
153 36 8348
155 36 9725
157 36 8309
158 36 41
159 36 9016
161 36 8382
162 36 90
163 36 9703
165 36 8489
166 36 8
167 36 9394
168 36 70
169 36 9255
171 36 11145
172 36 35
173 36 10180
175 36 10697
177 36 8837
179 36 8126
180 36 97
181 36 11451
183 36 11894
184 36 6
185 36 10229
187 36 8961
189 36 9838
191 36 8029
193 36 11955
194 36 35
195 36 11777
196 36 7
197 36 10543
199 36 9770
201 36 8968
203 36 10045
205 36 11997
207 36 10525
209 36 10475
210 36 45
211 36 9165
212 36 66
213 36 9402
214 36 41
215 36 8471
217 36 11746
218 36 58
219 36 8114
220 36 75
221 36 10595
222 36 54
223 36 8456
224 36 99
225 36 11438
227 36 10824
228 36 28
229 36 9545
231 36 9158
232 36 14
233 36 10940
234 36 39
235 36 9772
236 36 93
237 36 9359
238 36 1
239 36 9296
241 36 10472
243 36 10801
245 36 11030
246 36 52
247 36 11982
249 36 10005
251 36 10725
252 36 44
253 36 8123
254 36 61
255 36 10944
256 36 72
257 36 11523
259 36 11432
261 36 8400
263 36 9626
264 36 75
265 36 8611
267 36 11159
269 36 9570
270 36 76
271 36 9136
273 36 10329
274 36 41
275 36 8265
276 36 86
277 36 8497
279 36 10674
280 36 46
281 36 11314
282 36 33
283 36 9822
285 36 11305
287 36 9372
288 36 66
289 36 10030
290 36 76
291 36 8362
293 36 8582
294 36 22
295 36 11185
296 36 4
297 36 8344
299 36 10479
300 36 97
301 36 9351
303 36 8942
304 36 95
305 36 9154
306 36 20
307 36 8628
309 36 10570
310 36 83
311 36 9575
313 36 9076
314 36 5
315 36 10475
317 36 8546
319 36 11740
321 36 11268
323 36 9170
325 36 11208
326 36 89
327 36 9910
329 36 10150
331 36 8773
332 36 81
333 36 9665
334 36 4
335 36 8691
336 36 19
337 36 10536
338 36 8
339 36 10594
340 36 73
341 36 8436
342 36 8
343 36 10462
345 36 11925
346 36 98
347 36 9226
349 36 9123
350 36 72
351 36 10852
352 36 44
353 36 9825
354 36 62
355 36 8358
357 36 8336
358 36 97
359 36 10849
361 36 11801
362 36 55
363 36 10055
364 36 97
365 36 11520
366 36 62
367 36 8997
368 36 29
369 36 11902
370 36 97
371 36 10168
372 36 50
373 36 8274
374 36 99
375 36 8238
377 36 9528
379 36 8061
381 36 9047
382 36 6
383 36 9020
385 36 11429
387 36 10400
388 36 68
389 36 9989
390 36 64
391 36 8617
392 36 79
393 36 11988
394 36 12
395 36 9345
396 36 53
397 36 10447
399 36 9554
401 36 11728
403 36 8312
405 36 10362
406 36 72
407 36 11197
408 36 9
409 36 8923
411 36 11113
413 36 10873
414 36 36
415 36 9632
417 36 9743
419 36 11645
420 36 94
421 36 9376
423 36 8473
425 36 10207
426 36 41
427 36 10531
429 36 9381
430 36 24
431 36 9953
433 36 8257
434 36 47
435 36 8555
437 36 8057
439 36 11692
440 36 93
441 36 10919
443 36 11916
445 36 8433
446 36 20
447 36 9015
449 36 8108
450 36 73
451 36 11350
453 36 8717
454 36 78
455 36 10019
457 36 10241
458 36 77
459 36 10550
460 36 53
461 36 10415
462 36 2
463 36 11360
464 36 100
465 36 11554
467 36 8960
469 36 11117
470 36 45
471 36 11408
473 36 11293
475 36 9751
476 36 52
477 36 8689
479 36 8752
481 36 8921
483 36 9027
485 36 9117
487 36 8705
489 36 11429
490 36 72
491 36 8677
493 36 10605
494 36 81
495 36 10931
497 36 11586
498 36 50
499 36 11685
500 36 23
501 36 10566
502 36 68
503 36 8576
505 36 9848
506 36 41
507 36 8930
508 36 94
509 36 8077
510 36 90
511 36 10474
512 36 38
513 36 9862
514 36 65
515 36 11143
516 36 47
517 36 9386
518 36 40
519 36 11226
520 36 79
521 36 10020
523 36 11827
525 36 10555
527 36 11481
528 36 88
529 36 10322
530 36 31
531 36 11915
533 36 8502
534 36 6
535 36 8418
536 36 22
537 36 8041
538 36 9
539 36 9697
540 36 53
541 36 8607
543 36 9825
545 36 8737
547 36 8078
548 36 51
549 36 10062
550 36 11
551 36 11517
552 36 51
553 36 11464
555 36 9859
557 36 10372
558 36 97
559 36 10955
560 36 63
561 36 11254
563 36 11888
565 36 8527
566 36 58
567 36 11004
569 36 9113
570 36 76
571 36 11299
573 36 11085
574 36 79
575 36 10404
577 36 8180
578 36 72
579 36 8758
581 36 10164
582 36 1
583 36 8949
585 36 10899
587 36 8732
589 36 11367
590 36 93
591 36 11859
593 36 10547
594 36 58
595 36 8082
596 36 32
597 36 11363
599 36 8630
1 37 97
2 37 3
3 37 10
4 37 41
7 37 94
8 37 23
9 37 64
10 37 100
11 37 56
15 37 84
17 37 28
20 37 21
21 37 23
24 37 63
26 37 18
27 37 19
28 37 14
31 37 60
33 37 25
35 37 83
37 37 40
38 37 18
39 37 4
47 37 49
48 37 54
49 37 6
54 37 24
56 37 5
57 37 99
58 37 15
60 37 73
61 37 64
62 37 47
63 37 49
69 37 84
70 37 89
71 37 51
73 37 56
75 37 48
76 37 53
79 37 46
80 37 54
81 37 4
82 37 25
83 37 45
84 37 65
86 37 6
87 37 6
89 37 11
91 37 42
92 37 75
93 37 29
96 37 54
97 37 60
99 37 9
101 37 88
103 37 63
104 37 28
105 37 2
106 37 17
107 37 59
108 37 65
112 37 36
114 37 14
115 37 78
117 37 38
118 37 72
120 37 65
123 37 1
124 37 50
127 37 2
129 37 97
132 37 49
133 37 60
134 37 92
135 37 83
136 37 8
138 37 54
139 37 97
140 37 15
142 37 100
145 37 98
146 37 5
147 37 11
149 37 56
152 37 8
154 37 67
161 37 61
162 37 55
163 37 25
167 37 45
169 37 54
171 37 40
173 37 36
175 37 50
177 37 82
178 37 51
179 37 95
182 37 30
183 37 90
186 37 75
187 37 99
189 37 69
191 37 33
192 37 22
195 37 16
199 37 84
201 37 65
204 37 15
205 37 50
209 37 35
211 37 1
212 37 69
213 37 43
217 37 100
218 37 66
220 37 84
221 37 72
222 37 42
223 37 52
224 37 68
225 37 25
227 37 90
229 37 5
238 37 55
239 37 61
240 37 36
244 37 95
245 37 54
249 37 93
252 37 57
253 37 2
254 37 92
255 37 49
257 37 15
259 37 43
263 37 41
270 37 51
271 37 15
273 37 15
276 37 63
279 37 70
282 37 87
283 37 40
284 37 55
286 37 77
289 37 79
291 37 6
292 37 23
293 37 43
297 37 46
299 37 63
300 37 62
301 37 69
302 37 12
303 37 25
304 37 21
305 37 36
306 37 62
309 37 41
310 37 43
311 37 54
312 37 74
313 37 25
317 37 16
321 37 20
323 37 33
326 37 68
330 37 73
333 37 65
334 37 75
336 37 48
338 37 98
339 37 43
340 37 62
341 37 35
343 37 73
344 37 64
347 37 32
350 37 97
351 37 42
353 37 22
361 37 57
366 37 24
367 37 26
368 37 16
370 37 57
372 37 35
373 37 98
375 37 17
379 37 53
381 37 64
382 37 72
385 37 61
386 37 3
389 37 64
393 37 99
396 37 78
397 37 7
398 37 96
399 37 97
400 37 69
402 37 26
403 37 17
404 37 83
409 37 66
412 37 62
414 37 22
415 37 56
418 37 93
419 37 94
421 37 16
425 37 50
426 37 75
428 37 56
429 37 99
431 37 28
434 37 95
435 37 66
437 37 12
438 37 75
439 37 60
441 37 92
443 37 5
447 37 30
448 37 69
449 37 84
450 37 70
452 37 72
454 37 91
455 37 43
456 37 8
458 37 17
459 37 100
461 37 14
463 37 55
466 37 26
471 37 69
472 37 31
473 37 98
474 37 43
475 37 33
476 37 33
478 37 7
479 37 31
480 37 65
483 37 47
484 37 8
490 37 87
491 37 86
493 37 54
496 37 72
497 37 83
498 37 65
500 37 39
503 37 7
504 37 87
510 37 10
511 37 50
514 37 74
515 37 49
516 37 27
518 37 64
523 37 58
526 37 61
529 37 43
532 37 7
534 37 53
537 37 75
538 37 7
539 37 38
543 37 90
545 37 43
546 37 96
550 37 73
551 37 33
553 37 64
554 37 11
555 37 63
556 37 36
565 37 23
568 37 72
570 37 30
572 37 43
576 37 33
578 37 63
582 37 80
583 37 4
584 37 55
591 37 9
592 37 93
599 37 47
1 38 9058
2 38 1
3 38 9181
4 38 43
5 38 9917
6 38 39
7 38 10760
8 38 85
9 38 8033
10 38 97
11 38 8633
13 38 10046
15 38 8112
17 38 10905
18 38 50
19 38 8829
20 38 11
21 38 11514
23 38 10799
24 38 25
25 38 9341
27 38 11371
29 38 8544
31 38 10636
33 38 8210
35 38 8912
36 38 56
37 38 11873
38 38 88
39 38 10012
40 38 41
41 38 8673
43 38 10328
44 38 10
45 38 11434
47 38 8257
48 38 89
49 38 11002
51 38 9485
53 38 10835
55 38 8573
57 38 10816
59 38 9321
60 38 3
61 38 11997
63 38 9119
65 38 9521
66 38 61
67 38 11642
68 38 35
69 38 11730
70 38 10
71 38 9384
73 38 10761
75 38 9547
76 38 60
77 38 11662
78 38 58
79 38 10857
80 38 34
81 38 11197
83 38 10151
85 38 8121
86 38 65
87 38 11393
89 38 10737
90 38 38
91 38 10938
92 38 14
93 38 8721
95 38 10251
96 38 55
97 38 11711
98 38 76
99 38 11169
100 38 78
101 38 8856
102 38 66
103 38 8748
104 38 20
105 38 9225
107 38 8915
108 38 60
109 38 11015
110 38 57
111 38 8349
113 38 9298
114 38 81
115 38 8591
116 38 45
117 38 10085
118 38 6
119 38 9853
121 38 9845
122 38 79
123 38 9521
124 38 34
125 38 10641
126 38 73
127 38 10408
129 38 11292
130 38 74
131 38 11848
133 38 11166
134 38 21
135 38 11376
137 38 10767
138 38 11
139 38 8516
141 38 8239
142 38 41
143 38 10146
145 38 8836
147 38 11616
148 38 4
149 38 8199
150 38 65
151 38 10010
153 38 10342
154 38 2
155 38 9767
156 38 66
157 38 8830
159 38 10393
161 38 10757
163 38 8326
165 38 10184
167 38 10675
169 38 10366
171 38 11071
172 38 29
173 38 8353
175 38 9637
177 38 11558
179 38 8421
181 38 10572
182 38 73
183 38 9208
185 38 8479
186 38 33
187 38 11794
189 38 8272
191 38 10341
192 38 57
193 38 8593
195 38 10072
196 38 15
197 38 11285
198 38 58
199 38 10703
200 38 68
201 38 9887
202 38 34
203 38 11940
205 38 10061
206 38 63
207 38 9440
209 38 9510
210 38 56
211 38 11827
213 38 11093
214 38 83
215 38 9337
216 38 36
217 38 9758
219 38 11972
221 38 11597
223 38 8223
224 38 58
225 38 9062
227 38 9424
229 38 10429
231 38 11456
232 38 100
233 38 8859
234 38 70
235 38 10271
236 38 54
237 38 8693
238 38 55
239 38 11062
241 38 8740
242 38 16
243 38 8251
244 38 44
245 38 11964
246 38 72
247 38 9313
248 38 46
249 38 8064
250 38 94
251 38 8438
253 38 10209
255 38 11505
256 38 68
257 38 11340
258 38 62
259 38 11921
260 38 92
261 38 10010
262 38 10
263 38 11268
265 38 11369
266 38 72
267 38 8301
269 38 11989
270 38 56
271 38 11923
272 38 79
273 38 10190
274 38 86
275 38 11034
276 38 30
277 38 10484
279 38 10764
281 38 8189
283 38 10754
285 38 11802
287 38 10764
289 38 9362
290 38 57
291 38 9238
293 38 11044
295 38 9267
297 38 9488
299 38 10065
300 38 51
301 38 9053
303 38 8255
305 38 10923
306 38 31
307 38 11351
309 38 11738
311 38 11565
312 38 9
313 38 8672
315 38 10744
316 38 60
317 38 8302
318 38 41
319 38 9769
320 38 94
321 38 9032
322 38 93
323 38 9909
324 38 13
325 38 11801
327 38 8028
329 38 8574
331 38 10264
333 38 8763
335 38 10485
336 38 63
337 38 10907
338 38 73
339 38 10217
341 38 11836
342 38 6
343 38 8933
345 38 8512
346 38 41
347 38 11560
348 38 65
349 38 9526
350 38 70
351 38 11695
352 38 87
353 38 8713
354 38 58
355 38 8070
357 38 8288
358 38 47
359 38 9556
361 38 9452
363 38 11820
365 38 8365
366 38 54
367 38 11802
369 38 10361
370 38 60
371 38 8718
373 38 8211
374 38 57
375 38 9329
376 38 37
377 38 9583
379 38 10312
381 38 8090
382 38 46
383 38 11728
385 38 11784
386 38 63
387 38 11033
389 38 9125
391 38 8847
393 38 11703
395 38 10579
397 38 8814
398 38 89
399 38 11894
400 38 79
401 38 11722
402 38 81
403 38 9331
404 38 79
405 38 10763
406 38 64
407 38 10861
409 38 8873
411 38 8746
413 38 11197
414 38 3
415 38 10358
416 38 23
417 38 10302
418 38 68
419 38 9744
420 38 40
421 38 9865
422 38 61
423 38 10128
424 38 51
425 38 10381
426 38 1
427 38 10152
428 38 61
429 38 10812
431 38 11685
432 38 18
433 38 8624
434 38 47
435 38 10422
437 38 8797
439 38 8925
441 38 9727
443 38 9941
444 38 4
445 38 8818
446 38 58
447 38 9282
448 38 15
449 38 11131
451 38 11556
453 38 10427
454 38 76
455 38 11437
456 38 53
457 38 10405
458 38 30
459 38 10610
460 38 55
461 38 11198
462 38 69
463 38 11741
465 38 11343
467 38 9000
469 38 9938
470 38 46
471 38 10668
472 38 100
473 38 11984
474 38 43
475 38 11098
477 38 9896
479 38 9194
481 38 11849
482 38 40
483 38 9349
485 38 8540
487 38 9710
489 38 9896
490 38 80
491 38 11679
493 38 11649
495 38 11847
497 38 10525
499 38 9276
500 38 63
501 38 10191
503 38 11736
505 38 9962
506 38 79
507 38 11667
508 38 47
509 38 8542
511 38 8349
512 38 93
513 38 8401
515 38 11145
517 38 9696
519 38 11430
520 38 82
521 38 10693
523 38 11795
524 38 53
525 38 11576
527 38 8579
529 38 8476
531 38 8459
532 38 18
533 38 9755
534 38 54
535 38 11532
537 38 11891
539 38 10580
541 38 9571
543 38 10881
544 38 12
545 38 10383
546 38 66
547 38 9805
548 38 30
549 38 9932
550 38 5
551 38 9776
552 38 70
553 38 10717
555 38 9222
556 38 96
557 38 8191
558 38 64
559 38 10315
561 38 11004
562 38 64
563 38 8453
564 38 97
565 38 8289
566 38 99
567 38 11019
569 38 10521
570 38 19
571 38 9371
573 38 8692
574 38 34
575 38 10348
577 38 11654
579 38 8808
581 38 10171
583 38 8616
584 38 34
585 38 10082
586 38 66
587 38 10973
589 38 11968
590 38 72
591 38 9451
592 38 39
593 38 10602
594 38 84
595 38 11335
597 38 9972
598 38 5
599 38 11262
0 39 60
1 39 31
2 39 52
3 39 42
4 39 39
9 39 73
11 39 28
12 39 5
13 39 21
16 39 83
19 39 88
21 39 50
22 39 39
23 39 58
24 39 59
25 39 25
28 39 100
31 39 40
32 39 91
33 39 32
34 39 39
35 39 41
36 39 82
37 39 35
38 39 16
41 39 99
43 39 91
44 39 78
48 39 98
54 39 99
55 39 18
56 39 84
57 39 8
58 39 52
62 39 95
63 39 43
64 39 36
68 39 82
74 39 26
75 39 34
76 39 56
81 39 9
83 39 89
84 39 31
89 39 92
92 39 5
98 39 35
99 39 9
101 39 60
102 39 7
103 39 17
106 39 61
108 39 47
109 39 78
110 39 49
111 39 34
114 39 8
115 39 81
116 39 87
117 39 14
118 39 27
123 39 72
124 39 67
125 39 74
126 39 22
127 39 63
128 39 54
131 39 39
132 39 27
133 39 22
134 39 91
135 39 39
136 39 26
137 39 95
138 39 23
139 39 23
142 39 33
143 39 67
144 39 78
145 39 29
146 39 15
147 39 34
150 39 59
151 39 87
153 39 64
155 39 61
156 39 85
158 39 79
160 39 37
161 39 87
166 39 76
167 39 50
168 39 67
169 39 67
170 39 51
175 39 3
176 39 62
177 39 68
178 39 6
179 39 40
180 39 84
185 39 73
186 39 44
188 39 96
190 39 21
194 39 26
196 39 77
197 39 4
198 39 55
199 39 25
200 39 18
201 39 58
204 39 74
205 39 86
208 39 29
210 39 40
213 39 81
216 39 6
217 39 32
218 39 46
220 39 91
222 39 57
225 39 64
228 39 26
230 39 2
231 39 82
232 39 74
236 39 89
238 39 45
240 39 67
242 39 17
243 39 72
245 39 72
246 39 9
247 39 79
248 39 27
249 39 33
252 39 52
254 39 91
259 39 70
264 39 21
265 39 6
267 39 64
269 39 28
274 39 27
276 39 42
277 39 38
279 39 8
280 39 44
283 39 76
284 39 48
285 39 71
286 39 98
287 39 6
288 39 36
292 39 70
293 39 83
294 39 52
297 39 7
298 39 41
299 39 47
301 39 93
302 39 98
306 39 46
309 39 93
311 39 38
313 39 43
316 39 78
317 39 91
318 39 32
319 39 48
320 39 88
323 39 13
325 39 51
326 39 51
327 39 89
328 39 6
329 39 35
330 39 42
331 39 9
332 39 14
336 39 53
340 39 66
341 39 15
342 39 23
343 39 70
345 39 83
346 39 97
349 39 99
353 39 56
354 39 97
355 39 70
357 39 74
358 39 87
360 39 31
361 39 37
362 39 57
371 39 13
373 39 96
374 39 69
375 39 59
376 39 98
378 39 12
379 39 43
380 39 43
381 39 90
383 39 83
384 39 41
388 39 34
391 39 40
393 39 72
397 39 85
398 39 6
400 39 2
402 39 76
404 39 91
408 39 71
409 39 51
412 39 88
415 39 25
416 39 8
417 39 78
419 39 93
422 39 65
423 39 72
424 39 69
429 39 12
430 39 63
434 39 52
435 39 98
439 39 94
440 39 5
441 39 57
443 39 72
445 39 4
446 39 87
448 39 67
449 39 27
450 39 44
451 39 77
452 39 13
454 39 8
455 39 81
457 39 23
458 39 10
459 39 90
461 39 65
462 39 24
466 39 4
469 39 63
470 39 56
475 39 42
477 39 97
479 39 84
480 39 69
481 39 75
483 39 10
485 39 50
486 39 63
487 39 42
488 39 70
489 39 26
491 39 35
495 39 64
496 39 7
497 39 90
498 39 85
499 39 39
500 39 20
501 39 48
503 39 55
504 39 68
505 39 30
507 39 42
508 39 64
509 39 89
510 39 28
511 39 60
513 39 12
515 39 2
516 39 1
517 39 59
519 39 66
522 39 52
525 39 27
526 39 59
528 39 30
530 39 24
532 39 63
534 39 48
536 39 76
538 39 42
543 39 14
544 39 39
545 39 54
550 39 52
551 39 69
552 39 68
556 39 90
557 39 47
560 39 46
561 39 60
564 39 52
566 39 63
568 39 53
569 39 96
570 39 84
571 39 14
574 39 6
575 39 51
576 39 68
577 39 88
578 39 28
579 39 78
581 39 30
582 39 100
585 39 72
586 39 26
588 39 65
589 39 31
591 39 80
592 39 4
593 39 43
595 39 55
0 40 45
1 40 8454
2 40 20
3 40 11646
4 40 85
5 40 10006
6 40 8
7 40 8748
8 40 83
9 40 10245
11 40 9180
13 40 10612
15 40 10344
16 40 7
17 40 10091
18 40 26
19 40 8905
21 40 11642
23 40 9909
25 40 11056
26 40 93
27 40 11827
28 40 99
29 40 8498
31 40 10447
32 40 58
33 40 10766
34 40 14
35 40 11936
36 40 8
37 40 9428
38 40 75
39 40 9365
41 40 10098
43 40 11236
45 40 11740
47 40 8603
49 40 8509
50 40 34
51 40 9880
52 40 7
53 40 8296
55 40 11768
56 40 33
57 40 11858
59 40 9638
61 40 10790
63 40 8222
65 40 10751
67 40 9092
69 40 9843
70 40 85
71 40 8328
73 40 8017
74 40 52
75 40 11228
77 40 11396
79 40 8953
80 40 88
81 40 9377
82 40 78
83 40 11378
84 40 51
85 40 11128
87 40 9803
89 40 9002
90 40 45
91 40 9546
92 40 32
93 40 8232
94 40 31
95 40 8344
96 40 37
97 40 10109
99 40 9652
101 40 8617
102 40 73
103 40 10963
105 40 11583
106 40 39
107 40 8502
109 40 11879
110 40 21
111 40 8320
113 40 10069
115 40 11589
116 40 79
117 40 11019
118 40 36
119 40 10231
120 40 69
121 40 11216
122 40 14
123 40 10842
125 40 11380
126 40 97
127 40 10194
128 40 59
129 40 11041
131 40 11035
133 40 8456
134 40 97
135 40 10573
136 40 73
137 40 11412
139 40 8327
140 40 19
141 40 11589
142 40 63
143 40 8820
145 40 9670
146 40 68
147 40 10965
148 40 43
149 40 8932
151 40 9666
152 40 52
153 40 11934
155 40 9524
156 40 72
157 40 8402
159 40 9878
160 40 12
161 40 9379
162 40 15
163 40 11912
165 40 10740
166 40 5
167 40 10990
169 40 11426
170 40 73
171 40 8055
172 40 50
173 40 10574
174 40 59
175 40 10754
176 40 72
177 40 8910
179 40 11644
181 40 10669
183 40 9716
185 40 8075
186 40 28
187 40 9231
188 40 70
189 40 9067
191 40 8675
192 40 35
193 40 10057
194 40 32
195 40 8005
196 40 10
197 40 9170
199 40 10231
201 40 10399
202 40 10
203 40 11608
204 40 17
205 40 10540
206 40 55
207 40 11113
209 40 10750
210 40 15
211 40 9361
213 40 8330
214 40 30
215 40 11447
216 40 45
217 40 9403
218 40 23
219 40 11900
221 40 8574
223 40 10496
224 40 29
225 40 10334
227 40 8292
229 40 11714
231 40 8318
232 40 16
233 40 8811
234 40 77
235 40 11995
237 40 11460
238 40 15
239 40 11081
240 40 86
241 40 10830
243 40 10607
244 40 91
245 40 8470
246 40 33
247 40 10479
248 40 18
249 40 8174
251 40 8964
252 40 27
253 40 11601
255 40 10673
256 40 68
257 40 9138
258 40 26
259 40 8721
260 40 90
261 40 10508
263 40 11271
265 40 10590
266 40 71
267 40 10227
268 40 21
269 40 9543
270 40 55
271 40 10640
273 40 9420
274 40 20
275 40 9615
276 40 36
277 40 10965
278 40 15
279 40 11994
280 40 34
281 40 11258
282 40 38
283 40 11240
285 40 11247
287 40 9076
289 40 11865
291 40 10348
292 40 57
293 40 11603
295 40 8566
296 40 53
297 40 10585
299 40 9497
301 40 8364
303 40 10931
304 40 10
305 40 10663
306 40 32
307 40 8270
309 40 11712
311 40 8380
312 40 55
313 40 9085
315 40 11001
317 40 11571
318 40 33
319 40 10847
320 40 23
321 40 10839
323 40 10688
324 40 32
325 40 9354
326 40 64
327 40 10058
329 40 10478
331 40 11355
333 40 9455
335 40 10341
336 40 57
337 40 8269
339 40 10988
341 40 9933
342 40 14
343 40 8331
344 40 79
345 40 10760
346 40 22
347 40 11182
349 40 8808
350 40 24
351 40 9995
353 40 11329
354 40 91
355 40 8419
356 40 77
357 40 11471
359 40 8266
361 40 10127
362 40 53
363 40 11538
365 40 9646
367 40 8193
368 40 36
369 40 10641
371 40 8072
373 40 10641
375 40 10173
377 40 9085
378 40 73
379 40 8574
380 40 9
381 40 8870
383 40 11837
384 40 48
385 40 11023
386 40 42
387 40 8454
388 40 67
389 40 8293
391 40 10858
392 40 96
393 40 8916
395 40 9525
396 40 32
397 40 9586
398 40 23
399 40 11809
401 40 9868
403 40 8996
404 40 93
405 40 9474
406 40 6
407 40 11014
409 40 11030
411 40 8692
412 40 62
413 40 9544
414 40 42
415 40 9744
417 40 10590
418 40 95
419 40 10524
420 40 73
421 40 10356
423 40 9876
425 40 11440
426 40 9
427 40 10368
429 40 8759
431 40 8655
433 40 9689
435 40 10080
436 40 21
437 40 9028
438 40 93
439 40 10769
440 40 4
441 40 10506
443 40 8029
444 40 9
445 40 10240
446 40 63
447 40 11170
449 40 11375
451 40 10015
452 40 33
453 40 11250
454 40 17
455 40 9840
457 40 11063
459 40 10046
461 40 11797
462 40 98
463 40 8814
465 40 9687
467 40 11277
469 40 11764
470 40 89
471 40 10161
473 40 10266
474 40 13
475 40 9183
477 40 11499
478 40 20
479 40 9917
480 40 63
481 40 10956
483 40 9267
484 40 62
485 40 11288
487 40 9866
488 40 48
489 40 8479
490 40 66
491 40 11461
492 40 90
493 40 10123
494 40 95
495 40 9932
496 40 7
497 40 10531
498 40 69
499 40 10248
501 40 9358
503 40 11442
505 40 10798
506 40 20
507 40 8981
508 40 86
509 40 10219
510 40 84
511 40 9229
512 40 62
513 40 8280
514 40 5
515 40 8802
516 40 6
517 40 10491
518 40 68
519 40 10370
521 40 8118
522 40 62
523 40 9894
524 40 28
525 40 11126
526 40 72
527 40 9750
529 40 8557
530 40 35
531 40 10835
532 40 81
533 40 9658
535 40 8349
537 40 8245
538 40 33
539 40 9992
541 40 9694
542 40 69
543 40 8880
544 40 49
545 40 10385
546 40 32
547 40 8287
549 40 9949
551 40 8557
552 40 63
553 40 8593
554 40 46
555 40 8855
557 40 11406
558 40 20
559 40 11196
561 40 8434
562 40 28
563 40 11338
564 40 91
565 40 8485
567 40 11936
568 40 84
569 40 9445
570 40 71
571 40 11079
573 40 8505
575 40 10730
576 40 11
577 40 9517
578 40 100
579 40 8899
581 40 9355
582 40 39
583 40 9509
585 40 10553
586 40 79
587 40 8311
588 40 39
589 40 11876
590 40 2
591 40 10572
593 40 9906
594 40 13
595 40 9745
596 40 10
597 40 8995
599 40 11815
8 41 93
14 41 13
15 41 19
20 41 57
21 41 29
22 41 46
28 41 74
29 41 11
30 41 78
33 41 68
36 41 7
37 41 76
38 41 10
40 41 35
41 41 9
43 41 46
44 41 95
45 41 68
46 41 81
48 41 61
50 41 24
51 41 72
52 41 32
53 41 95
54 41 4
55 41 43
56 41 42
60 41 79
62 41 73
64 41 2
65 41 2
67 41 62
69 41 99
72 41 61
78 41 34
80 41 81
82 41 14
83 41 16
84 41 30
86 41 73
92 41 56
95 41 97
96 41 34
97 41 60
98 41 43
102 41 49
103 41 78
104 41 68
105 41 93
106 41 84
107 41 79
109 41 74
113 41 30
116 41 56
119 41 52
123 41 69
124 41 79
127 41 16
128 41 38
134 41 16
137 41 10
139 41 98
141 41 25
142 41 37
143 41 75
145 41 44
147 41 24
149 41 30
152 41 16
155 41 4
158 41 87
161 41 99
163 41 21
165 41 64
167 41 14
168 41 73
170 41 89
171 41 78
172 41 46
173 41 34
174 41 21
175 41 10
176 41 40
179 41 77
180 41 58
183 41 90
184 41 79
185 41 99
186 41 58
189 41 68
195 41 12
197 41 64
198 41 68
199 41 53
202 41 7
204 41 89
205 41 25
206 41 71
208 41 69
209 41 78
210 41 46
212 41 47
214 41 5
215 41 95
216 41 41
217 41 86
219 41 2
222 41 38
223 41 25
224 41 51
225 41 44
227 41 48
234 41 90
235 41 6
236 41 38
238 41 6
240 41 95
241 41 34
243 41 79
246 41 9
249 41 14
250 41 35
251 41 37
252 41 15
253 41 72
254 41 46
255 41 98
256 41 46
257 41 65
258 41 16
259 41 69
263 41 25
266 41 68
269 41 34
270 41 16
271 41 68
272 41 85
274 41 2
275 41 81
277 41 30
278 41 13
279 41 11
280 41 5
282 41 90
284 41 84
285 41 37
287 41 77
289 41 43
290 41 26
291 41 69
295 41 89
296 41 96
302 41 57
304 41 45
306 41 47
307 41 66
308 41 25
309 41 2
311 41 2
312 41 21
322 41 61
323 41 60
324 41 18
325 41 86
328 41 47
329 41 49
332 41 90
334 41 21
335 41 37
336 41 65
339 41 60
342 41 37
343 41 47
344 41 91
345 41 82
346 41 38
348 41 70
349 41 56
351 41 17
352 41 54
353 41 87
356 41 53
359 41 87
360 41 86
361 41 24
362 41 65
364 41 49
367 41 64
369 41 61
372 41 72
373 41 70
374 41 47
376 41 74
377 41 78
378 41 89
384 41 47
386 41 11
387 41 25
392 41 29
393 41 79
396 41 100
397 41 54
401 41 13
402 41 2
404 41 19
407 41 44
412 41 52
413 41 81
414 41 62
418 41 31
419 41 91
424 41 68
427 41 87
432 41 27
434 41 18
435 41 54
436 41 21
437 41 20
442 41 11
443 41 27
449 41 68
450 41 67
451 41 72
452 41 39
456 41 80
457 41 29
459 41 48
461 41 61
465 41 92
467 41 17
468 41 29
474 41 57
476 41 71
477 41 86
479 41 38
480 41 78
481 41 16
482 41 52
484 41 1
485 41 72
486 41 64
488 41 55
489 41 81
490 41 86
491 41 12
492 41 30
493 41 35
495 41 43
496 41 43
498 41 40
500 41 58
502 41 16
503 41 98
506 41 1
507 41 43
508 41 80
512 41 43
519 41 60
521 41 68
523 41 86
526 41 44
527 41 68
528 41 90
529 41 87
531 41 19
532 41 77
534 41 37
538 41 37
539 41 43
540 41 84
542 41 34
544 41 27
545 41 25
547 41 11
548 41 78
549 41 41
550 41 5
554 41 21
558 41 75
559 41 74
560 41 40
561 41 95
562 41 56
563 41 28
564 41 59
568 41 54
572 41 74
573 41 63
576 41 92
579 41 57
580 41 77
583 41 68
584 41 54
585 41 39
588 41 13
589 41 6
593 41 44
594 41 21
596 41 46
598 41 10
1 42 8738
3 42 8453
5 42 11529
7 42 9292
8 42 17
9 42 8029
11 42 10434
13 42 9303
15 42 11776
17 42 10387
19 42 8901
20 42 36
21 42 9051
22 42 29
23 42 8342
25 42 9760
27 42 9840
29 42 10177
30 42 99
31 42 8690
33 42 10422
35 42 9873
37 42 10647
39 42 11125
40 42 57
41 42 11607
42 42 19
43 42 10753
44 42 52
45 42 11313
46 42 96
47 42 11031
49 42 11980
50 42 15
51 42 10805
52 42 17
53 42 9560
55 42 10790
57 42 9158
58 42 83
59 42 8079
61 42 9734
63 42 11594
64 42 34
65 42 8494
67 42 9442
68 42 66
69 42 8291
71 42 10479
73 42 11395
75 42 11556
77 42 8788
79 42 8058
81 42 11315
82 42 66
83 42 11330
84 42 71
85 42 9309
86 42 86
87 42 9370
89 42 9422
91 42 8557
93 42 8684
95 42 10033
97 42 10170
98 42 13
99 42 9619
101 42 8561
103 42 11228
105 42 9633
107 42 9481
109 42 9449
111 42 10230
112 42 76
113 42 9535
114 42 100
115 42 10385
116 42 43
117 42 11843
119 42 10840
121 42 9485
122 42 12
123 42 9875
124 42 60
125 42 11840
127 42 9625
128 42 6
129 42 8387
130 42 6
131 42 9142
132 42 66
133 42 11024
135 42 11429
137 42 10237
139 42 10748
141 42 10462
142 42 14
143 42 8925
144 42 24
145 42 11487
146 42 25
147 42 9398
148 42 58
149 42 11762
150 42 72
151 42 10268
153 42 9954
155 42 8939
157 42 8362
158 42 89
159 42 9449
160 42 35
161 42 10774
162 42 52
163 42 8713
165 42 11656
166 42 31
167 42 8898
169 42 11484
171 42 9359
172 42 99
173 42 8841
174 42 33
175 42 10894
176 42 42
177 42 11250
179 42 11204
180 42 31
181 42 11058
182 42 38
183 42 10847
184 42 44
185 42 8612
187 42 9946
189 42 8938
190 42 70
191 42 8331
192 42 7
193 42 10684
194 42 40
195 42 11532
197 42 11153
199 42 8106
201 42 10910
202 42 83
203 42 10502
204 42 77
205 42 8506
206 42 73
207 42 11456
208 42 54
209 42 10230
210 42 74
211 42 9353
213 42 10330
214 42 89
215 42 10546
217 42 9298
219 42 8440
221 42 10109
222 42 70
223 42 9153
224 42 75
225 42 9782
226 42 34
227 42 10736
228 42 81
229 42 8615
231 42 10624
232 42 69
233 42 10452
235 42 8634
237 42 11527
239 42 9667
241 42 9066
242 42 70
243 42 11122
244 42 2
245 42 10570
246 42 60
247 42 9322
248 42 50
249 42 9346
251 42 9344
252 42 89
253 42 8727
254 42 4
255 42 8260
257 42 10067
258 42 31
259 42 10625
261 42 9905
263 42 8652
264 42 6
265 42 10425
267 42 9845
269 42 9423
270 42 46
271 42 10401
273 42 8362
274 42 92
275 42 10433
276 42 59
277 42 10712
278 42 33
279 42 11083
280 42 24
281 42 11999
283 42 11498
285 42 10013
287 42 11210
289 42 11162
291 42 10072
292 42 85
293 42 9909
294 42 19
295 42 11692
296 42 91
297 42 10867
298 42 47
299 42 10710
301 42 9588
302 42 74
303 42 11314
305 42 10714
307 42 10448
309 42 9985
310 42 69
311 42 9230
312 42 24
313 42 8356
314 42 34
315 42 9801
317 42 11085
319 42 8037
320 42 85
321 42 10084
322 42 44
323 42 11905
324 42 38
325 42 10196
326 42 51
327 42 11186
329 42 10394
331 42 10530
333 42 10795
334 42 84
335 42 11258
337 42 10896
339 42 10459
341 42 8501
342 42 29
343 42 11562
345 42 11474
347 42 11179
348 42 44
349 42 10529
350 42 38
351 42 10209
353 42 8462
355 42 11148
357 42 11291
358 42 12
359 42 11950
361 42 11296
363 42 11200
365 42 9383
366 42 42
367 42 9511
369 42 11557
371 42 9373
372 42 63
373 42 8112
375 42 8614
376 42 73
377 42 8792
378 42 10
379 42 9401
380 42 92
381 42 11073
382 42 35
383 42 10549
384 42 98
385 42 8898
386 42 47
387 42 8811
389 42 10301
390 42 76
391 42 11640
393 42 8014
395 42 11054
396 42 10
397 42 8367
398 42 42
399 42 8305
400 42 78
401 42 10569
402 42 17
403 42 11244
404 42 59
405 42 9375
406 42 32
407 42 9663
409 42 10615
410 42 49
411 42 9208
413 42 11413
415 42 8752
416 42 26
417 42 9618
419 42 10667
421 42 8300
423 42 8979
425 42 11226
427 42 11714
429 42 10779
431 42 8845
432 42 71
433 42 11461
435 42 11229
436 42 64
437 42 10987
438 42 32
439 42 10765
441 42 10657
442 42 76
443 42 10673
445 42 10918
447 42 11435
448 42 57
449 42 9117
451 42 8315
452 42 48
453 42 10271
455 42 9933
456 42 12
457 42 10667
458 42 58
459 42 8298
460 42 28
461 42 10122
462 42 83
463 42 11337
465 42 9945
466 42 45
467 42 8363
468 42 48
469 42 9861
470 42 61
471 42 9041
472 42 56
473 42 11364
475 42 8459
476 42 7
477 42 9754
479 42 8513
481 42 11089
482 42 70
483 42 9542
485 42 8027
487 42 10144
488 42 36
489 42 11756
491 42 11412
493 42 10631
495 42 9506
497 42 8718
499 42 11207
500 42 23
501 42 10874
502 42 10
503 42 8840
505 42 8730
506 42 90
507 42 9110
509 42 11016
511 42 8201
513 42 9135
515 42 11641
516 42 75
517 42 8255
519 42 11501
521 42 11210
522 42 11
523 42 10678
525 42 11170
526 42 84
527 42 8479
528 42 64
529 42 8933
531 42 9376
533 42 11475
535 42 10002
536 42 56
537 42 9117
538 42 56
539 42 9665
540 42 74
541 42 9748
543 42 10688
545 42 8132
546 42 25
547 42 11846
549 42 11044
551 42 11632
552 42 95
553 42 9034
554 42 2
555 42 9703
556 42 62
557 42 9916
558 42 46
559 42 8578
561 42 8151
563 42 9660
565 42 8988
567 42 8669
568 42 83
569 42 8891
570 42 44
571 42 9791
572 42 1
573 42 9323
575 42 11602
577 42 8526
579 42 10100
580 42 10
581 42 8214
582 42 5
583 42 10177
585 42 11296
587 42 11705
589 42 11380
590 42 75
591 42 8965
593 42 11873
595 42 8482
597 42 11734
599 42 10948
0 43 36
3 43 98
4 43 59
5 43 35
6 43 52
9 43 72
10 43 34
11 43 89
12 43 60
13 43 61
15 43 85
16 43 16
17 43 3
19 43 85
20 43 96
21 43 41
24 43 41
26 43 96
34 43 63
35 43 9
38 43 81
39 43 48
42 43 50
43 43 23
46 43 69
49 43 69
51 43 59
52 43 42
53 43 89
55 43 42
56 43 4
57 43 57
59 43 60
60 43 10
62 43 4
63 43 89
64 43 28
67 43 64
68 43 7
74 43 97
75 43 74
78 43 41
80 43 5
81 43 17
82 43 39
87 43 38
89 43 49
95 43 94
97 43 46
100 43 27
101 43 80
102 43 29
103 43 32
104 43 51
106 43 34
107 43 32
108 43 42
109 43 71
113 43 12
115 43 90
118 43 13
119 43 63
120 43 32
122 43 62
123 43 6
131 43 52
135 43 94
137 43 2
138 43 1
140 43 81
141 43 54
143 43 30
145 43 36
154 43 41
156 43 95
157 43 94
158 43 14
159 43 81
160 43 49
162 43 56
163 43 4
165 43 50
167 43 40
169 43 67
170 43 98
172 43 6
176 43 67
177 43 18
178 43 24
179 43 56
180 43 92
182 43 30
183 43 83
184 43 5
185 43 57
186 43 37
188 43 24
189 43 46
193 43 25
195 43 30
196 43 39
197 43 90
199 43 67
200 43 85
202 43 77
206 43 27
208 43 12
209 43 16
210 43 6
211 43 98
213 43 7
214 43 38
215 43 47
216 43 71
218 43 19
221 43 42
224 43 37
226 43 94
227 43 69
229 43 8
231 43 11
235 43 94
238 43 74
240 43 1
243 43 21
244 43 66
245 43 75
246 43 32
249 43 84
250 43 2
251 43 17
252 43 94
253 43 48
254 43 97
255 43 38
256 43 95
263 43 62
266 43 11
267 43 71
269 43 27
274 43 45
275 43 86
276 43 20
277 43 3
278 43 33
279 43 18
280 43 58
281 43 3
282 43 4
294 43 29
295 43 62
296 43 18
297 43 77
298 43 76
309 43 72
312 43 32
313 43 80
314 43 47
316 43 40
317 43 81
319 43 94
320 43 100
321 43 21
324 43 11
326 43 68
328 43 11
332 43 25
333 43 91
335 43 66
336 43 9
338 43 100
340 43 19
341 43 25
342 43 36
348 43 6
351 43 78
352 43 8
354 43 33
358 43 51
359 43 89
360 43 23
365 43 21
367 43 74
373 43 33
374 43 85
375 43 36
377 43 92
378 43 45
383 43 56
386 43 79
387 43 91
389 43 21
390 43 31
394 43 51
396 43 79
398 43 51
400 43 95
404 43 97
407 43 39
408 43 97
409 43 45
411 43 66
412 43 14
415 43 12
420 43 66
423 43 21
424 43 5
426 43 5
429 43 24
435 43 48
438 43 36
440 43 17
441 43 95
443 43 24
444 43 89
445 43 55
446 43 27
447 43 29
448 43 5
449 43 90
451 43 59
453 43 68
455 43 72
457 43 49
458 43 67
459 43 100
460 43 37
462 43 68
465 43 2
466 43 3
467 43 10
468 43 74
469 43 23
470 43 37
475 43 76
476 43 73
477 43 79
478 43 5
479 43 64
483 43 45
484 43 92
485 43 61
486 43 87
487 43 12
488 43 70
489 43 2
491 43 75
495 43 15
496 43 85
498 43 46
500 43 47
502 43 93
503 43 20
506 43 22
507 43 48
508 43 78
509 43 52
511 43 8
518 43 37
519 43 36
521 43 53
522 43 93
526 43 85
527 43 97
528 43 10
529 43 27
530 43 18
533 43 54
534 43 78
535 43 21
543 43 43
545 43 6
546 43 7
547 43 2
549 43 1
553 43 11
555 43 79
558 43 67
559 43 65
560 43 68
562 43 20
563 43 95
564 43 75
565 43 18
569 43 23
572 43 85
578 43 27
581 43 43
586 43 14
587 43 39
588 43 57
589 43 49
590 43 37
591 43 90
592 43 68
593 43 79
595 43 51
596 43 40
597 43 33
1 44 11943
3 44 8692
5 44 11763
7 44 11635
8 44 45
9 44 11476
10 44 42
11 44 8847
13 44 8870
14 44 45
15 44 8524
17 44 10707
18 44 95
19 44 10389
21 44 9119
22 44 12
23 44 9317
24 44 28
25 44 8865
27 44 8583
28 44 16
29 44 9909
31 44 8892
33 44 11635
34 44 59
35 44 10267
36 44 64
37 44 8722
38 44 10
39 44 11590
41 44 9318
43 44 11423
44 44 92
45 44 9266
47 44 8673
48 44 47
49 44 11062
51 44 9961
52 44 95
53 44 8864
55 44 9596
57 44 10626
59 44 10320
60 44 4
61 44 10468
62 44 58
63 44 11312
64 44 44
65 44 11551
67 44 11809
68 44 88
69 44 9537
70 44 7
71 44 10903
72 44 32
73 44 9393
74 44 57
75 44 10216
77 44 10524
78 44 8
79 44 10011
80 44 95
81 44 10797
83 44 10603
85 44 9349
86 44 66
87 44 11761
89 44 10356
90 44 35
91 44 9634
93 44 11311
95 44 10186
97 44 10401
99 44 10615
100 44 74
101 44 8831
102 44 80
103 44 10020
104 44 30
105 44 8182
106 44 7
107 44 9856
108 44 71
109 44 10158
111 44 10396
112 44 80
113 44 11017
115 44 8388
117 44 9722
119 44 11741
120 44 79
121 44 10596
122 44 21
123 44 11401
125 44 9726
127 44 9614
128 44 45
129 44 9860
131 44 10220
133 44 10874
135 44 8389
136 44 92
137 44 10269
139 44 9876
140 44 96
141 44 11814
143 44 9343
145 44 10229
147 44 10924
149 44 11414
150 44 100
151 44 11309
153 44 10558
154 44 44
155 44 10387
157 44 8031
159 44 10265
161 44 8628
163 44 10798
164 44 75
165 44 10595
166 44 18
167 44 9484
169 44 8022
171 44 9657
172 44 39
173 44 8736
174 44 43
175 44 9006
176 44 72
177 44 11540
178 44 70
179 44 10829
181 44 9540
183 44 9494
185 44 11620
187 44 10607
189 44 11259
191 44 9987
192 44 81
193 44 10745
195 44 8515
197 44 8217
199 44 10023
200 44 99
201 44 10020
202 44 26
203 44 10760
204 44 62
205 44 9597
207 44 9385
208 44 35
209 44 11797
210 44 30
211 44 10415
213 44 10036
215 44 9949
217 44 11038
218 44 58
219 44 11724
220 44 81
221 44 11817
222 44 62
223 44 8487
225 44 10233
227 44 9681
228 44 35
229 44 8100
231 44 10722
232 44 73
233 44 11003
235 44 11002
236 44 26
237 44 8361
238 44 61
239 44 9182
241 44 8381
243 44 11159
244 44 55
245 44 10390
247 44 11113
248 44 44
249 44 9291
250 44 99
251 44 9706
252 44 6
253 44 8498
254 44 8
255 44 10131
256 44 28
257 44 9283
259 44 11515
260 44 70
261 44 10060
262 44 95
263 44 9342
264 44 41
265 44 9253
266 44 49
267 44 9632
269 44 10881
270 44 38
271 44 9990
272 44 16
273 44 10095
274 44 51
275 44 8082
276 44 13
277 44 10089
279 44 11074
280 44 33
281 44 10877
283 44 10555
284 44 84
285 44 11770
286 44 50
287 44 9455
289 44 9830
291 44 10178
293 44 11291
294 44 78
295 44 9804
296 44 63
297 44 8442
299 44 10353
301 44 11757
302 44 33
303 44 8173
304 44 93
305 44 8295
306 44 47
307 44 9019
309 44 8022
311 44 11707
312 44 28
313 44 9283
315 44 9797
317 44 8630
319 44 10849
321 44 11672
322 44 31
323 44 8644
324 44 33
325 44 9804
326 44 67
327 44 10128
328 44 76
329 44 11848
331 44 9203
333 44 9246
335 44 11724
336 44 7
337 44 10340
339 44 11388
341 44 10471
342 44 79
343 44 8335
344 44 21
345 44 11136
347 44 11772
349 44 11914
350 44 33
351 44 9727
352 44 9
353 44 8868
354 44 24
355 44 8009
357 44 11642
359 44 9085
361 44 11276
362 44 86
363 44 11323
364 44 74
365 44 11380
366 44 80
367 44 11429
369 44 8826
371 44 11197
373 44 11406
374 44 93
375 44 8387
376 44 67
377 44 9424
378 44 47
379 44 8232
380 44 65
381 44 9350
383 44 10971
385 44 10371
387 44 11844
388 44 23
389 44 9784
391 44 8143
393 44 10886
394 44 14
395 44 11441
397 44 9865
398 44 99
399 44 8773
401 44 8206
402 44 74
403 44 10394
405 44 11265
406 44 82
407 44 10095
409 44 9330
411 44 11163
413 44 8856
415 44 10900
416 44 26
417 44 11452
418 44 87
419 44 9390
420 44 47
421 44 11785
423 44 9378
424 44 26
425 44 10014
427 44 11025
429 44 10419
431 44 11260
432 44 45
433 44 11785
435 44 10930
436 44 64
437 44 11618
438 44 14
439 44 8146
441 44 10530
443 44 8247
444 44 96
445 44 8396
446 44 80
447 44 10254
449 44 11516
450 44 27
451 44 9209
453 44 11544
455 44 11982
457 44 11817
458 44 95
459 44 11918
461 44 8155
462 44 26
463 44 11840
465 44 11270
466 44 54
467 44 9978
469 44 9495
470 44 82
471 44 10842
472 44 44
473 44 8739
474 44 14
475 44 8931
476 44 98
477 44 9815
479 44 8619
481 44 9079
482 44 98
483 44 10984
484 44 81
485 44 10506
486 44 46
487 44 9925
489 44 8319
490 44 23
491 44 8001
492 44 35
493 44 11032
495 44 10979
496 44 6
497 44 11969
499 44 11910
501 44 9844
503 44 11186
504 44 11
505 44 8232
506 44 66
507 44 8903
508 44 24
509 44 9714
510 44 21
511 44 8581
513 44 11935
514 44 52
515 44 8373
517 44 11782
519 44 10307
521 44 9013
523 44 9745
525 44 9885
527 44 9090
529 44 9106
531 44 10451
533 44 10252
534 44 66
535 44 10713
537 44 8827
539 44 10741
541 44 11189
542 44 32
543 44 8199
544 44 62
545 44 10234
547 44 10443
548 44 55
549 44 10457
551 44 8184
553 44 11277
554 44 27
555 44 11560
556 44 2
557 44 11223
558 44 52
559 44 10310
561 44 10924
563 44 10802
564 44 71
565 44 9791
566 44 91
567 44 10309
569 44 9766
570 44 70
571 44 9167
573 44 9177
575 44 10746
577 44 10133
579 44 11817
580 44 16
581 44 9854
583 44 11249
585 44 8448
586 44 35
587 44 11144
589 44 9276
591 44 11460
593 44 9488
595 44 11388
596 44 59
597 44 8669
598 44 48
599 44 10641
2 45 96
5 45 63
6 45 59
7 45 81
9 45 38
10 45 40
11 45 12
13 45 6
14 45 28
16 45 53
18 45 84
19 45 79
22 45 78
23 45 24
26 45 6
27 45 82
28 45 84
29 45 32
31 45 53
32 45 94
34 45 78
35 45 69
36 45 1
37 45 77
43 45 16
45 45 91
46 45 50
47 45 38
50 45 10
52 45 66
54 45 10
55 45 37
60 45 60
61 45 2
62 45 14
64 45 20
65 45 79
66 45 66
67 45 28
68 45 17
72 45 8
74 45 37
75 45 45
76 45 34
77 45 12
78 45 92
82 45 80
83 45 6
85 45 37
86 45 90
87 45 37
95 45 71
96 45 12
97 45 5
99 45 88
100 45 53
101 45 67
105 45 74
110 45 45
112 45 61
113 45 37
114 45 100
116 45 10
118 45 30
119 45 81
120 45 94
121 45 73
126 45 31
127 45 93
129 45 4
130 45 5
132 45 20
142 45 97
144 45 95
150 45 61
151 45 11
152 45 1
155 45 81
156 45 32
159 45 93
160 45 1
165 45 95
167 45 58
168 45 68
170 45 45
172 45 49
175 45 98
177 45 52
179 45 21
180 45 53
181 45 76
182 45 34
190 45 91
191 45 83
193 45 92
195 45 21
198 45 33
200 45 66
202 45 1
204 45 13
206 45 7
207 45 75
209 45 52
210 45 32
211 45 31
212 45 80
214 45 85
216 45 38
217 45 72
218 45 57
219 45 51
220 45 38
221 45 24
224 45 34
225 45 34
226 45 47
228 45 48
229 45 60
231 45 35
234 45 12
236 45 49
237 45 21
238 45 87
240 45 47
241 45 42
243 45 2
246 45 32
252 45 64
254 45 2
255 45 81
256 45 53
258 45 3
261 45 24
262 45 80
264 45 11
265 45 12
269 45 78
270 45 69
273 45 90
282 45 50
286 45 57
298 45 58
302 45 97
303 45 72
306 45 54
307 45 76
308 45 87
311 45 18
314 45 27
316 45 25
317 45 22
319 45 40
321 45 7
325 45 74
326 45 78
328 45 31
329 45 12
330 45 15
334 45 41
337 45 68
338 45 95
342 45 9
346 45 65
347 45 98
350 45 89
351 45 31
352 45 19
354 45 69
356 45 20
358 45 19
359 45 28
363 45 16
364 45 68
365 45 30
366 45 1
367 45 68
368 45 23
369 45 53
372 45 64
374 45 16
375 45 60
378 45 94
380 45 51
382 45 7
384 45 13
385 45 8
388 45 63
389 45 44
390 45 64
395 45 84
396 45 20
397 45 52
398 45 37
399 45 28
401 45 3
402 45 8
403 45 75
406 45 19
410 45 96
412 45 19
415 45 7
416 45 48
418 45 86
421 45 68
422 45 54
424 45 56
425 45 63
426 45 79
431 45 15
432 45 44
434 45 22
441 45 30
444 45 77
445 45 53
446 45 71
448 45 58
449 45 69
451 45 77
454 45 42
455 45 75
459 45 89
462 45 22
463 45 58
466 45 61
467 45 64
468 45 34
470 45 50
471 45 74
473 45 18
476 45 34
477 45 24
479 45 19
481 45 16
482 45 45
483 45 26
485 45 60
487 45 38
488 45 68
490 45 92
491 45 88
492 45 74
493 45 34
494 45 17
495 45 52
502 45 80
503 45 1
505 45 63
506 45 65
507 45 71
508 45 13
509 45 15
511 45 54
512 45 12
514 45 28
516 45 45
518 45 68
523 45 68
530 45 18
532 45 48
533 45 44
534 45 7
535 45 74
536 45 78
537 45 52
546 45 71
550 45 47
552 45 55
554 45 96
555 45 70
556 45 45
557 45 6
558 45 83
560 45 98
561 45 100
563 45 75
565 45 26
566 45 18
567 45 74
570 45 42
576 45 8
580 45 84
581 45 63
584 45 74
586 45 5
589 45 18
590 45 23
591 45 74
592 45 76
593 45 55
596 45 10
598 45 78
599 45 54
1 46 8403
3 46 10932
5 46 8982
7 46 9666
8 46 40
9 46 11584
10 46 12
11 46 11817
12 46 88
13 46 10719
15 46 9280
16 46 68
17 46 10241
19 46 8043
21 46 11025
22 46 99
23 46 9928
24 46 82
25 46 9122
26 46 98
27 46 8421
28 46 99
29 46 9004
31 46 10075
32 46 66
33 46 8104
35 46 11474
36 46 16
37 46 10830
38 46 29
39 46 10243
41 46 11072
42 46 57
43 46 11125
45 46 11505
47 46 9369
48 46 91
49 46 9028
50 46 82
51 46 11671
53 46 8482
54 46 91
55 46 9923
57 46 11644
59 46 10292
61 46 11260
63 46 10242
64 46 81
65 46 10498
67 46 9771
68 46 51
69 46 10666
71 46 8395
73 46 9802
75 46 11566
76 46 38
77 46 8511
78 46 6
79 46 8371
80 46 30
81 46 8078
83 46 10484
85 46 11331
86 46 88
87 46 11800
88 46 11
89 46 10654
90 46 25
91 46 9589
93 46 8742
94 46 92
95 46 8509
97 46 10285
99 46 10551
100 46 80
101 46 11368
103 46 9149
105 46 9829
107 46 11636
108 46 74
109 46 10877
111 46 8689
112 46 56
113 46 9001
115 46 11825
116 46 35
117 46 10346
118 46 23
119 46 11044
120 46 87
121 46 8182
122 46 43
123 46 10047
125 46 11869
126 46 39
127 46 9234
129 46 11278
131 46 9264
133 46 10386
135 46 11092
137 46 10048
138 46 26
139 46 10447
141 46 8548
142 46 25
143 46 8775
145 46 8811
147 46 8626
148 46 51
149 46 8295
151 46 8690
152 46 6
153 46 8176
155 46 11559
157 46 8982
158 46 64
159 46 8242
161 46 9336
162 46 27
163 46 8186
164 46 55
165 46 11777
166 46 2
167 46 11405
169 46 11356
171 46 9804
172 46 19
173 46 10223
174 46 29
175 46 9047
177 46 10274
178 46 31
179 46 8798
181 46 9603
183 46 11293
184 46 51
185 46 9336
187 46 10281
189 46 11110
190 46 2
191 46 9263
193 46 8448
194 46 18
195 46 11012
196 46 85
197 46 11683
198 46 59
199 46 10421
200 46 74
201 46 11746
202 46 71
203 46 11025
205 46 11463
206 46 20
207 46 9011
208 46 8
209 46 10997
211 46 10187
212 46 29
213 46 9096
214 46 92
215 46 9300
216 46 65
217 46 8451
218 46 7
219 46 8470
220 46 91
221 46 11856
222 46 58
223 46 11972
225 46 9978
226 46 44
227 46 10112
228 46 24
229 46 8417
231 46 11651
232 46 38
233 46 11442
235 46 10812
237 46 10429
239 46 8232
240 46 16
241 46 11168
243 46 8364
245 46 9993
246 46 84
247 46 11194
248 46 24
249 46 9174
250 46 69
251 46 11068
253 46 9661
255 46 10933
257 46 10119
259 46 10103
260 46 63
261 46 8929
262 46 75
263 46 9390
264 46 21
265 46 10122
266 46 25
267 46 11193
269 46 8797
270 46 59
271 46 8987
273 46 11807
274 46 4
275 46 8695
276 46 92
277 46 10402
278 46 7
279 46 11740
280 46 5
281 46 10652
283 46 8032
285 46 10712
287 46 11852
289 46 8651
291 46 10178
292 46 18
293 46 8805
294 46 8
295 46 8395
297 46 11415
299 46 8645
300 46 70
301 46 10983
302 46 20
303 46 9940
304 46 72
305 46 9902
307 46 10581
309 46 9645
310 46 80
311 46 9252
313 46 8771
314 46 43
315 46 8216
317 46 11771
319 46 10038
321 46 10680
322 46 73
323 46 10724
324 46 24
325 46 9574
327 46 10131
329 46 8047
331 46 8968
333 46 10583
335 46 8348
337 46 9498
339 46 11176
340 46 26
341 46 9869
342 46 22
343 46 9839
344 46 86
345 46 9567
346 46 87
347 46 10220
349 46 11606
350 46 85
351 46 8439
353 46 8891
354 46 3
355 46 8397
356 46 77
357 46 11891
359 46 9248
361 46 11879
363 46 11714
365 46 9909
366 46 55
367 46 8488
369 46 8134
370 46 37
371 46 9587
372 46 94
373 46 8987
375 46 10722
376 46 99
377 46 9895
378 46 61
379 46 11174
380 46 4
381 46 8032
382 46 5
383 46 8776
384 46 1
385 46 11806
386 46 50
387 46 8200
389 46 10741
391 46 9759
393 46 11507
395 46 10815
396 46 36
397 46 8349
398 46 14
399 46 10992
401 46 11110
403 46 9830
405 46 8434
406 46 9
407 46 11077
408 46 73
409 46 11276
410 46 63
411 46 9351
412 46 76
413 46 8139
415 46 8959
417 46 11754
418 46 96
419 46 8156
420 46 53
421 46 9371
422 46 65
423 46 11947
425 46 10184
427 46 10423
429 46 11853
431 46 10573
433 46 10450
435 46 10955
436 46 19
437 46 9243
438 46 56
439 46 8686
440 46 80
441 46 8700
442 46 20
443 46 10767
445 46 9372
447 46 8420
448 46 89
449 46 8135
450 46 73
451 46 9496
453 46 9239
454 46 3
455 46 8721
457 46 10374
458 46 83
459 46 10465
460 46 45
461 46 8884
462 46 1
463 46 9696
464 46 40
465 46 10479
467 46 10209
469 46 10109
470 46 24
471 46 10699
473 46 10684
475 46 9205
476 46 49
477 46 10006
479 46 10726
481 46 10655
483 46 11675
485 46 8894
487 46 10757
488 46 38
489 46 10339
490 46 32
491 46 9787
492 46 48
493 46 11418
494 46 60
495 46 9281
496 46 18
497 46 9166
499 46 8163
501 46 11633
503 46 9480
505 46 10853
507 46 8539
509 46 11861
511 46 11650
513 46 10800
514 46 25
515 46 8947
517 46 11598
518 46 72
519 46 8886
521 46 11337
522 46 82
523 46 8594
524 46 48
525 46 8396
526 46 23
527 46 10279
529 46 8838
530 46 29
531 46 9000
532 46 84
533 46 9554
534 46 81
535 46 10492
536 46 97
537 46 8711
539 46 9947
541 46 11286
543 46 11513
544 46 98
545 46 8601
546 46 49
547 46 10993
548 46 44
549 46 10287
550 46 90
551 46 8770
552 46 85
553 46 9443
555 46 10114
557 46 9976
559 46 11795
560 46 73
561 46 11339
563 46 11597
565 46 9016
566 46 68
567 46 10918
568 46 13
569 46 8843
570 46 73
571 46 10323
573 46 8916
575 46 8371
577 46 8629
578 46 98
579 46 8989
581 46 9102
583 46 8389
584 46 87
585 46 11375
587 46 8375
589 46 9654
590 46 33
591 46 9285
592 46 12
593 46 10342
594 46 31
595 46 8329
597 46 8040
599 46 8524
1 47 83
2 47 99
3 47 43
4 47 27
11 47 39
13 47 46
16 47 17
20 47 90
21 47 17
24 47 94
26 47 62
27 47 94
29 47 11
31 47 35
33 47 31
34 47 62
36 47 20
42 47 69
43 47 82
44 47 37
45 47 98
47 47 77
49 47 39
50 47 14
52 47 12
53 47 83
55 47 35
56 47 30
57 47 82
58 47 21
63 47 55
65 47 14
66 47 67
68 47 73
69 47 84
70 47 23
72 47 47
73 47 63
78 47 56
84 47 17
85 47 35
86 47 2
89 47 40
90 47 82
91 47 83
92 47 83
93 47 18
96 47 4
97 47 97
98 47 47
99 47 35
100 47 82
101 47 10
103 47 24
104 47 7
107 47 8
109 47 93
110 47 68
111 47 4
113 47 91
118 47 84
121 47 15
123 47 71
124 47 2
126 47 73
133 47 87
137 47 93
139 47 2
140 47 16
141 47 48
142 47 14
143 47 12
147 47 58
148 47 67
150 47 21
152 47 24
155 47 87
156 47 90
159 47 56
160 47 17
162 47 74
164 47 63
168 47 39
169 47 70
171 47 45
173 47 76
177 47 2
179 47 54
180 47 76
182 47 16
184 47 89
187 47 26
190 47 43
192 47 4
193 47 77
194 47 37
195 47 37
196 47 34
198 47 49
199 47 72
205 47 16
207 47 30
212 47 39
213 47 41
217 47 16
220 47 68
222 47 53
223 47 35
225 47 91
229 47 67
230 47 40
235 47 32
237 47 49
238 47 90
239 47 60
240 47 77
244 47 63
250 47 66
251 47 74
252 47 82
256 47 27
258 47 45
260 47 56
261 47 29
264 47 92
265 47 33
270 47 60
271 47 72
272 47 44
273 47 1
274 47 18
275 47 83
276 47 68
277 47 15
279 47 95
280 47 23
281 47 66
285 47 29
288 47 98
289 47 28
290 47 17
292 47 59
294 47 49
296 47 61
297 47 85
301 47 61
302 47 25
304 47 78
305 47 45
306 47 74
313 47 76
315 47 6
317 47 13
318 47 51
324 47 50
330 47 16
333 47 82
339 47 83
346 47 30
347 47 97
348 47 57
352 47 56
354 47 11
355 47 64
357 47 23
360 47 78
361 47 56
364 47 87
366 47 35
369 47 37
370 47 88
372 47 26
376 47 41
377 47 5
378 47 84
379 47 57
381 47 27
382 47 76
383 47 79
384 47 36
387 47 28
393 47 34
395 47 87
396 47 3
398 47 30
399 47 55
400 47 35
408 47 68
409 47 37
411 47 82
414 47 51
415 47 28
416 47 92
418 47 58
419 47 98
424 47 20
425 47 48
428 47 60
429 47 91
431 47 18
433 47 86
435 47 16
436 47 42
437 47 66
438 47 27
441 47 68
442 47 37
443 47 34
447 47 71
451 47 53
452 47 14
455 47 79
456 47 87
458 47 47
466 47 38
470 47 53
474 47 62
476 47 79
478 47 25
481 47 84
482 47 21
486 47 93
488 47 5
493 47 46
494 47 41
501 47 16
505 47 21
507 47 8
508 47 7
509 47 78
510 47 26
511 47 70
517 47 3
518 47 56
521 47 21
522 47 57
524 47 42
525 47 58
530 47 84
531 47 83
533 47 33
534 47 54
535 47 74
537 47 95
539 47 81
540 47 71
542 47 58
544 47 79
545 47 66
546 47 29
550 47 72
551 47 38
552 47 49
553 47 63
555 47 19
557 47 85
560 47 26
561 47 59
562 47 54
563 47 4
564 47 89
565 47 31
567 47 24
569 47 64
570 47 53
572 47 76
574 47 87
579 47 11
582 47 9
586 47 50
587 47 26
588 47 13
589 47 19
590 47 78
595 47 75
597 47 6
598 47 52
599 47 15
1 48 8172
3 48 10266
4 48 31
5 48 10968
6 48 36
7 48 10014
8 48 94
9 48 8265
10 48 82
11 48 9977
13 48 10866
15 48 10286
16 48 51
17 48 11166
19 48 11713
20 48 85
21 48 11767
23 48 9410
24 48 93
25 48 8981
27 48 9860
29 48 9448
31 48 9675
32 48 37
33 48 8398
35 48 8596
36 48 18
37 48 10144
39 48 10475
40 48 56
41 48 11806
43 48 11799
45 48 10860
47 48 10669
48 48 30
49 48 9115
50 48 63
51 48 8861
52 48 77
53 48 8858
54 48 60
55 48 9456
57 48 9210
59 48 9148
60 48 76
61 48 10094
62 48 95
63 48 11318
65 48 11612
66 48 91
67 48 10045
68 48 57
69 48 8726
70 48 3
71 48 11922
73 48 9024
74 48 38
75 48 10998
76 48 8
77 48 9908
79 48 8601
80 48 14
81 48 11917
82 48 96
83 48 8197
85 48 11155
87 48 9398
89 48 11192
91 48 8862
92 48 25
93 48 11099
94 48 32
95 48 10472
97 48 10192
98 48 21
99 48 8896
101 48 8771
102 48 14
103 48 8269
105 48 10310
106 48 99
107 48 10263
109 48 11094
111 48 8093
112 48 11
113 48 9780
114 48 21
115 48 10536
116 48 47
117 48 9767
118 48 36
119 48 11940
120 48 48
121 48 9990
123 48 10394
124 48 43
125 48 9622
127 48 9683
128 48 100
129 48 9018
131 48 9304
132 48 97
133 48 10113
135 48 10719
136 48 5
137 48 9948
139 48 8112
140 48 27
141 48 9192
143 48 9412
144 48 16
145 48 8062
146 48 22
147 48 9490
148 48 9
149 48 8077
150 48 26
151 48 10546
153 48 11143
155 48 10045
157 48 8796
158 48 16
159 48 9997
160 48 69
161 48 10421
163 48 9069
165 48 10662
167 48 10261
168 48 46
169 48 8577
170 48 24
171 48 10323
172 48 76
173 48 11927
175 48 9548
177 48 9103
179 48 9395
180 48 25
181 48 11823
182 48 81
183 48 10151
185 48 8410
186 48 57
187 48 8239
188 48 29
189 48 10302
190 48 89
191 48 10561
192 48 7
193 48 9053
194 48 14
195 48 8464
197 48 11714
198 48 42
199 48 9087
201 48 9869
203 48 9792
204 48 87
205 48 8214
206 48 59
207 48 8415
208 48 80
209 48 8087
211 48 9443
213 48 9400
215 48 9884
217 48 11126
218 48 73
219 48 8493
221 48 11881
222 48 34
223 48 9159
225 48 11156
226 48 62
227 48 8626
228 48 29
229 48 11189
231 48 8320
232 48 30
233 48 8312
235 48 11743
236 48 9
237 48 8539
238 48 63
239 48 10428
241 48 11978
243 48 10519
245 48 9236
247 48 10432
248 48 6
249 48 10605
251 48 9691
252 48 12
253 48 10435
255 48 8976
257 48 10939
258 48 66
259 48 10472
261 48 9629
262 48 26
263 48 11582
265 48 10470
266 48 96
267 48 8563
268 48 14
269 48 8375
270 48 35
271 48 11438
272 48 61
273 48 10161
274 48 4
275 48 9627
277 48 11061
278 48 41
279 48 10292
281 48 10077
283 48 10680
285 48 9955
286 48 99
287 48 10187
289 48 9866
290 48 2
291 48 8148
293 48 8077
294 48 36
295 48 10050
296 48 34
297 48 11086
299 48 11629
300 48 68
301 48 9793
303 48 8653
305 48 11686
306 48 48
307 48 8207
309 48 10687
310 48 38
311 48 11128
313 48 8535
315 48 8657
317 48 10884
318 48 42
319 48 10718
321 48 8730
322 48 73
323 48 10392
324 48 54
325 48 10584
327 48 10451
328 48 28
329 48 9751
330 48 4
331 48 8171
333 48 10946
335 48 9630
336 48 99
337 48 9744
339 48 11829
341 48 8430
343 48 11058
345 48 8073
347 48 9489
348 48 15
349 48 11365
350 48 99
351 48 8715
353 48 10297
355 48 8134
357 48 11057
358 48 78
359 48 11091
360 48 82
361 48 10595
363 48 10407
365 48 9003
366 48 50
367 48 9243
369 48 10331
370 48 12
371 48 11494
373 48 8970
374 48 83
375 48 10368
377 48 8336
379 48 8737
381 48 9850
382 48 49
383 48 8325
384 48 91
385 48 9912
387 48 8406
388 48 30
389 48 9751
391 48 8534
393 48 8821
395 48 8970
396 48 90
397 48 9261
398 48 32
399 48 10066
401 48 9406
402 48 99
403 48 11289
405 48 9327
407 48 9532
409 48 9557
411 48 11258
412 48 3
413 48 10497
414 48 53
415 48 8629
417 48 9697
418 48 71
419 48 8948
421 48 10316
422 48 47
423 48 10840
424 48 34
425 48 9478
427 48 8615
428 48 13
429 48 8707
430 48 63
431 48 9466
433 48 10131
434 48 38
435 48 9254
436 48 78
437 48 10640
439 48 9845
440 48 63
441 48 8306
442 48 38
443 48 8954
444 48 67
445 48 9132
447 48 8030
448 48 44
449 48 9131
450 48 97
451 48 10411
453 48 10217
454 48 30
455 48 11792
456 48 85
457 48 9989
458 48 72
459 48 10868
461 48 10183
463 48 8091
465 48 8779
467 48 11334
469 48 9365
471 48 8532
472 48 62
473 48 10942
475 48 9205
476 48 91
477 48 10110
478 48 35
479 48 9948
481 48 8742
483 48 8264
484 48 39
485 48 11141
487 48 8755
488 48 73
489 48 10167
490 48 71
491 48 11276
492 48 57
493 48 9021
494 48 48
495 48 10837
497 48 9088
498 48 10
499 48 9798
501 48 8264
503 48 9768
504 48 9
505 48 11470
506 48 38
507 48 8163
509 48 11596
510 48 32
511 48 8114
512 48 78
513 48 11661
515 48 11791
517 48 10727
519 48 10913
520 48 15
521 48 11735
523 48 8017
525 48 10532
526 48 70
527 48 10090
528 48 67
529 48 8293
531 48 10993
533 48 11945
534 48 51
535 48 8194
536 48 24
537 48 11602
539 48 11429
541 48 11947
542 48 75
543 48 8075
545 48 10700
547 48 8062
549 48 9696
550 48 5
551 48 10690
553 48 10322
554 48 85
555 48 11528
557 48 9734
558 48 74
559 48 11841
560 48 75
561 48 8824
562 48 27
563 48 8334
564 48 54
565 48 11007
566 48 51
567 48 10214
568 48 34
569 48 9432
571 48 9423
572 48 85
573 48 11257
574 48 13
575 48 10354
577 48 11825
578 48 49
579 48 11213
580 48 68
581 48 8922
582 48 80
583 48 11519
585 48 11397
586 48 71
587 48 9679
588 48 76
589 48 9231
591 48 10736
593 48 9557
594 48 20
595 48 11803
597 48 8756
598 48 17
599 48 8747
0 49 99
2 49 28
3 49 42
5 49 19
7 49 48
10 49 75
12 49 98
13 49 44
17 49 86
18 49 58
19 49 26
20 49 82
21 49 77
22 49 18
23 49 5
24 49 90
25 49 33
26 49 46
28 49 33
30 49 60
34 49 7
37 49 62
41 49 32
43 49 73
46 49 50
47 49 52
48 49 57
49 49 95
51 49 67
54 49 95
56 49 1
57 49 93
58 49 46
59 49 13
61 49 59
63 49 47
69 49 26
70 49 38
71 49 94
72 49 85
75 49 76
76 49 20
77 49 70
80 49 100
82 49 63
85 49 28
86 49 100
89 49 25
90 49 99
92 49 17
93 49 23
94 49 10
97 49 40
98 49 67
105 49 92
106 49 77
110 49 47
112 49 6
119 49 28
120 49 32
121 49 66
122 49 87
125 49 94
126 49 68
129 49 15
130 49 94
133 49 61
134 49 24
136 49 46
137 49 39
139 49 30
140 49 99
141 49 3
142 49 28
143 49 91
145 49 29
147 49 51
149 49 6
151 49 34
154 49 48
156 49 38
159 49 74
160 49 6
161 49 24
164 49 44
167 49 45
170 49 22
172 49 12
174 49 73
175 49 41
177 49 56
181 49 12
183 49 68
184 49 39
186 49 93
188 49 39
189 49 14
190 49 67
191 49 99
193 49 59
194 49 56
196 49 89
197 49 5
199 49 80
200 49 73
201 49 27
202 49 42
212 49 3
215 49 65
217 49 20
218 49 30
221 49 88
222 49 19
225 49 48
226 49 22
228 49 74
229 49 72
230 49 67
232 49 1
234 49 48
237 49 6
242 49 5
243 49 34
245 49 8
246 49 9
248 49 77
249 49 10
250 49 73
252 49 66
253 49 49
255 49 20
256 49 52
257 49 85
259 49 72
261 49 39
262 49 97
265 49 32
266 49 70
267 49 30
269 49 81
271 49 77
275 49 93
278 49 66
279 49 16
280 49 63
281 49 54
284 49 21
286 49 81
288 49 67
289 49 75
290 49 24
294 49 71
297 49 94
298 49 22
299 49 38
301 49 7
302 49 55
309 49 1
311 49 98
312 49 63
314 49 70
317 49 23
318 49 11
320 49 39
321 49 13
322 49 22
323 49 32
324 49 60
329 49 13
334 49 51
335 49 70
336 49 30
337 49 89
340 49 84
343 49 86
344 49 37
345 49 99
346 49 27
347 49 83
348 49 76
351 49 50
355 49 100
356 49 52
358 49 14
360 49 71
361 49 57
362 49 72
363 49 7
364 49 27
365 49 63
371 49 43
374 49 51
375 49 3
377 49 47
379 49 33
381 49 28
382 49 80
383 49 21
385 49 51
388 49 72
389 49 83
391 49 97
395 49 2
396 49 22
400 49 33
401 49 13
402 49 100
403 49 56
407 49 31
409 49 71
411 49 36
412 49 34
414 49 28
415 49 67
417 49 31
420 49 24
422 49 29
423 49 26
425 49 83
426 49 16
429 49 54
431 49 55
432 49 59
436 49 56
439 49 26
442 49 100
444 49 97
445 49 68
446 49 23
448 49 50
449 49 29
452 49 18
454 49 51
455 49 93
456 49 95
457 49 76
459 49 60
460 49 5
461 49 79
462 49 37
463 49 68
464 49 49
466 49 73
467 49 86
472 49 3
473 49 3
475 49 24
476 49 95
477 49 6
478 49 6
484 49 29
489 49 83
490 49 43
494 49 97
495 49 97
496 49 45
497 49 88
498 49 31
499 49 22
502 49 50
504 49 56
508 49 36
509 49 35
510 49 68
511 49 76
513 49 76
515 49 42
518 49 24
521 49 50
523 49 16
526 49 24
529 49 70
531 49 29
536 49 17
538 49 77
539 49 59
540 49 73
542 49 99
543 49 59
545 49 51
546 49 15
548 49 23
551 49 24
553 49 25
554 49 95
558 49 13
562 49 36
565 49 70
569 49 62
570 49 69
571 49 72
573 49 38
576 49 44
577 49 67
580 49 43
582 49 86
585 49 85
586 49 86
589 49 67
590 49 46
592 49 15
593 49 94
599 49 73
0 50 92
1 50 11023
3 50 8405
4 50 49
5 50 10253
6 50 32
7 50 11737
8 50 11
9 50 11628
11 50 9885
13 50 11070
15 50 10222
17 50 10494
19 50 8351
21 50 8975
23 50 9313
25 50 10799
27 50 8694
29 50 9233
31 50 11986
33 50 8280
34 50 73
35 50 11134
36 50 55
37 50 11905
39 50 8136
40 50 70
41 50 9760
42 50 70
43 50 10334
44 50 56
45 50 9792
46 50 36
47 50 10017
48 50 47
49 50 9555
51 50 9121
53 50 9470
54 50 33
55 50 9986
57 50 8812
58 50 74
59 50 8535
61 50 9447
63 50 10764
65 50 10273
67 50 8589
68 50 18
69 50 8363
70 50 29
71 50 11152
72 50 75
73 50 8258
75 50 10689
76 50 52
77 50 10040
78 50 65
79 50 8528
80 50 23
81 50 10873
83 50 10998
85 50 11034
86 50 100
87 50 9325
88 50 63
89 50 11276
91 50 8584
92 50 86
93 50 11118
95 50 11820
96 50 33
97 50 8666
99 50 11917
101 50 11226
103 50 9845
104 50 18
105 50 9032
106 50 96
107 50 9183
108 50 41
109 50 8567
111 50 9896
113 50 8660
114 50 75
115 50 9475
116 50 74
117 50 10096
119 50 11791
121 50 8097
122 50 3
123 50 8560
124 50 42
125 50 11136
126 50 20
127 50 9572
128 50 97
129 50 10398
130 50 70
131 50 10580
133 50 11877
134 50 25
135 50 11128
136 50 51
137 50 11159
138 50 33
139 50 9128
140 50 5
141 50 11569
142 50 8
143 50 10832
144 50 41
145 50 9758
147 50 10405
149 50 10613
151 50 9825
153 50 11131
154 50 27
155 50 8286
156 50 59
157 50 10214
159 50 8251
161 50 11184
163 50 8524
164 50 59
165 50 11619
166 50 64
167 50 11690
169 50 9397
170 50 40
171 50 8522
173 50 9869
174 50 94
175 50 10835
176 50 46
177 50 10429
178 50 35
179 50 10839
181 50 8355
182 50 79
183 50 11961
185 50 8884
187 50 11567
188 50 25
189 50 9520
191 50 9674
193 50 9236
195 50 8766
197 50 9590
199 50 10921
201 50 11231
203 50 11784
205 50 8400
207 50 9758
208 50 49
209 50 8923
211 50 11028
212 50 72
213 50 11851
215 50 11753
216 50 10
217 50 10517
218 50 81
219 50 8492
220 50 58
221 50 8461
223 50 8089
225 50 11782
227 50 11968
228 50 93
229 50 9585
230 50 64
231 50 11306
232 50 65
233 50 11189
235 50 9840
236 50 27
237 50 8956
239 50 11431
240 50 48
241 50 11109
242 50 25
243 50 10205
244 50 89
245 50 10082
246 50 95
247 50 9533
249 50 10938
250 50 10
251 50 8255
252 50 26
253 50 9858
254 50 97
255 50 10276
256 50 94
257 50 9410
258 50 10
259 50 9002
260 50 54
261 50 9509
263 50 8595
264 50 52
265 50 9433
266 50 68
267 50 11272
269 50 8516
271 50 11712
273 50 8103
274 50 100
275 50 10328
277 50 8918
278 50 80
279 50 8702
280 50 73
281 50 9385
282 50 41
283 50 9431
285 50 11742
286 50 39
287 50 11461
289 50 10245
291 50 10775
293 50 11308
294 50 67
295 50 9839
297 50 8698
299 50 11608
300 50 47
301 50 10570
303 50 9847
305 50 9043
307 50 9858
309 50 8698
311 50 11819
313 50 11828
315 50 9199
316 50 39
317 50 8521
319 50 8881
320 50 59
321 50 8109
322 50 62
323 50 8745
324 50 88
325 50 9441
326 50 54
327 50 8339
329 50 8106
330 50 66
331 50 8002
332 50 19
333 50 8975
335 50 8586
337 50 9148
338 50 30
339 50 8590
340 50 89
341 50 10403
343 50 10489
345 50 8278
347 50 10107
349 50 11047
350 50 88
351 50 10164
353 50 9567
355 50 9084
357 50 11204
359 50 9220
361 50 8939
363 50 10534
365 50 10765
367 50 10648
369 50 8866
371 50 8969
372 50 10
373 50 10256
375 50 9392
377 50 10923
378 50 99
379 50 11829
380 50 43
381 50 11139
383 50 8746
384 50 69
385 50 8604
386 50 59
387 50 11752
388 50 22
389 50 8941
390 50 43
391 50 8716
393 50 9567
394 50 91
395 50 10208
396 50 57
397 50 8667
398 50 51
399 50 11368
400 50 86
401 50 9268
403 50 8765
404 50 43
405 50 10459
407 50 11447
409 50 10836
411 50 10682
412 50 78
413 50 10027
415 50 11395
416 50 15
417 50 11276
418 50 48
419 50 11541
420 50 38
421 50 8480
422 50 74
423 50 8638
425 50 10154
427 50 10325
429 50 8947
431 50 8385
432 50 25
433 50 11414
435 50 11783
436 50 62
437 50 10613
439 50 10502
440 50 38
441 50 9059
442 50 20
443 50 11689
444 50 81
445 50 10470
446 50 4
447 50 11307
448 50 31
449 50 9035
451 50 11305
452 50 97
453 50 9224
455 50 8156
456 50 98
457 50 11096
458 50 82
459 50 8681
461 50 8692
462 50 26
463 50 8630
464 50 47
465 50 11197
467 50 9803
469 50 10215
470 50 26
471 50 10100
472 50 6
473 50 11596
475 50 10567
476 50 98
477 50 9345
478 50 43
479 50 10034
481 50 10774
482 50 79
483 50 10617
485 50 8506
486 50 28
487 50 11674
488 50 14
489 50 8413
490 50 89
491 50 10717
493 50 10780
495 50 10023
496 50 84
497 50 10449
499 50 8203
501 50 11674
502 50 32
503 50 10595
504 50 19
505 50 8524
506 50 5
507 50 10459
508 50 1
509 50 9220
511 50 10904
513 50 11774
514 50 72
515 50 11045
516 50 78
517 50 9940
519 50 10428
521 50 8144
523 50 8556
524 50 14
525 50 9264
526 50 72
527 50 8857
528 50 10
529 50 8198
531 50 9953
533 50 10454
535 50 9448
536 50 32
537 50 10869
538 50 5
539 50 9453
540 50 2
541 50 10366
543 50 10721
545 50 11143
546 50 81
547 50 10340
548 50 94
549 50 9451
550 50 80
551 50 11271
552 50 31
553 50 9510
554 50 60
555 50 11208
557 50 8428
558 50 20
559 50 9319
560 50 27
561 50 8259
562 50 50
563 50 11477
565 50 11462
566 50 80
567 50 8059
568 50 17
569 50 11111
570 50 32
571 50 9965
573 50 8201
575 50 9513
577 50 10749
578 50 56
579 50 8427
581 50 10046
582 50 94
583 50 9126
585 50 9393
586 50 83
587 50 9307
589 50 11314
591 50 10422
592 50 19
593 50 8338
594 50 43
595 50 8046
597 50 8561
598 50 8
599 50 9767
0 51 31
1 51 97
2 51 97
3 51 73
4 51 35
8 51 28
9 51 19
10 51 83
11 51 71
13 51 31
17 51 12
18 51 79
19 51 87
20 51 87
22 51 19
25 51 91
26 51 60
27 51 59
28 51 77
30 51 66
32 51 65
34 51 71
35 51 5
36 51 85
39 51 35
41 51 74
44 51 76
45 51 2
46 51 92
48 51 66
50 51 72
53 51 54
54 51 70
55 51 96
56 51 26
58 51 18
60 51 2
62 51 94
64 51 22
65 51 77
66 51 60
68 51 32
69 51 2
70 51 98
75 51 87
76 51 88
78 51 42
80 51 28
87 51 61
91 51 27
93 51 95
97 51 45
99 51 73
101 51 24
102 51 57
103 51 83
106 51 1
109 51 55
110 51 59
113 51 20
114 51 78
121 51 41
122 51 97
123 51 32
124 51 18
128 51 88
129 51 48
130 51 98
131 51 83
132 51 34
133 51 88
136 51 80
137 51 10
138 51 35
141 51 34
144 51 13
145 51 47
150 51 24
152 51 65
153 51 78
154 51 23
156 51 10
157 51 95
160 51 51
161 51 26
162 51 33
163 51 11
164 51 60
165 51 93
166 51 84
167 51 90
172 51 5
175 51 13
176 51 83
178 51 81
179 51 41
180 51 21
181 51 15
185 51 53
188 51 92
190 51 17
191 51 7
193 51 41
194 51 40
195 51 14
197 51 5
198 51 36
201 51 36
204 51 15
206 51 27
207 51 87
211 51 84
213 51 56
214 51 12
215 51 67
217 51 22
218 51 97
219 51 80
220 51 69
221 51 16
223 51 30
225 51 71
226 51 89
228 51 8
230 51 10
231 51 90
233 51 82
234 51 18
236 51 37
238 51 60
240 51 11
244 51 42
245 51 74
246 51 38
248 51 5
249 51 2
253 51 96
257 51 13
259 51 62
260 51 83
262 51 90
264 51 23
265 51 91
268 51 69
272 51 6
273 51 51
274 51 48
275 51 45
276 51 36
279 51 94
281 51 73
284 51 52
285 51 37
287 51 58
289 51 71
291 51 40
292 51 84
293 51 48
294 51 71
295 51 33
296 51 45
298 51 67
299 51 32
300 51 7
301 51 41
302 51 55
303 51 95
304 51 86
305 51 44
306 51 32
307 51 23
311 51 67
312 51 77
313 51 83
316 51 88
318 51 73
319 51 69
320 51 69
321 51 41
322 51 63
325 51 7
328 51 59
329 51 92
331 51 41
332 51 1
335 51 56
337 51 37
342 51 96
343 51 95
345 51 99
347 51 55
349 51 78
350 51 3
351 51 11
352 51 24
355 51 7
357 51 51
358 51 22
360 51 81
361 51 32
364 51 90
368 51 27
370 51 6
371 51 54
372 51 38
374 51 98
375 51 19
376 51 6
377 51 9
378 51 39
379 51 47
380 51 46
381 51 100
382 51 78
383 51 54
387 51 93
393 51 81
394 51 11
396 51 53
397 51 45
399 51 27
401 51 22
402 51 90
406 51 44
407 51 100
409 51 29
410 51 59
411 51 1
412 51 86
414 51 67
418 51 72
419 51 11
421 51 47
422 51 29
423 51 33
424 51 82
428 51 7
429 51 56
430 51 25
431 51 18
432 51 29
433 51 14
434 51 26
435 51 47
437 51 40
441 51 2
442 51 93
443 51 95
444 51 18
446 51 10
449 51 89
452 51 10
453 51 65
454 51 71
456 51 7
458 51 36
459 51 88
460 51 70
461 51 24
463 51 95
469 51 43
471 51 18
472 51 64
473 51 90
475 51 16
476 51 40
477 51 46
478 51 14
480 51 57
482 51 77
485 51 39
487 51 30
492 51 44
496 51 8
503 51 43
504 51 73
505 51 27
506 51 82
507 51 39
511 51 55
512 51 26
515 51 27
526 51 48
530 51 58
531 51 83
535 51 98
536 51 41
537 51 55
538 51 15
540 51 65
541 51 32
543 51 83
545 51 92
549 51 20
554 51 18
555 51 46
557 51 65
562 51 62
565 51 76
566 51 63
567 51 95
568 51 96
569 51 82
570 51 75
572 51 66
573 51 33
574 51 31
576 51 75
579 51 57
582 51 7
583 51 7
584 51 86
585 51 28
586 51 37
587 51 75
590 51 83
591 51 99
592 51 50
593 51 46
594 51 65
596 51 32
598 51 54
599 51 71
0 52 29
1 52 9497
2 52 24
3 52 9270
5 52 9566
6 52 25
7 52 11835
9 52 10789
11 52 9622
13 52 11708
15 52 8452
16 52 97
17 52 8745
18 52 3
19 52 8603
20 52 46
21 52 11714
22 52 97
23 52 11306
24 52 88
25 52 9517
27 52 10596
28 52 90
29 52 10516
31 52 11577
33 52 10341
34 52 75
35 52 8460
36 52 37
37 52 9251
39 52 10814
40 52 77
41 52 9612
43 52 9555
45 52 8399
47 52 9603
48 52 16
49 52 11440
50 52 73
51 52 8078
53 52 10394
55 52 10332
56 52 1
57 52 8610
59 52 9964
61 52 8227
63 52 11067
64 52 14
65 52 10311
66 52 67
67 52 11732
68 52 70
69 52 10636
70 52 100
71 52 8176
72 52 10
73 52 8505
74 52 95
75 52 8207
77 52 11578
78 52 36
79 52 10687
81 52 8824
83 52 11613
85 52 11241
87 52 11976
89 52 9832
91 52 9857
93 52 8516
95 52 9081
96 52 8
97 52 9404
98 52 18
99 52 9235
101 52 11618
103 52 8578
104 52 89
105 52 10144
106 52 61
107 52 11038
109 52 8590
110 52 42
111 52 9336
113 52 9913
114 52 21
115 52 9211
116 52 98
117 52 10642
119 52 8972
121 52 8650
123 52 9407
125 52 11149
126 52 80
127 52 11928
128 52 59
129 52 11690
130 52 98
131 52 11986
133 52 10419
135 52 8788
137 52 10318
138 52 75
139 52 9144
141 52 10967
143 52 11517
144 52 20
145 52 9264
146 52 36
147 52 10084
149 52 11379
151 52 9912
152 52 97
153 52 10653
154 52 98
155 52 8960
157 52 11008
158 52 98
159 52 10140
161 52 8943
163 52 8205
165 52 11591
167 52 11418
169 52 11018
171 52 8627
173 52 8920
174 52 21
175 52 9289
177 52 9412
179 52 11051
180 52 12
181 52 9477
183 52 9189
185 52 11638
187 52 8721
188 52 54
189 52 8014
190 52 56
191 52 9626
193 52 9960
195 52 9837
197 52 11164
199 52 11856
200 52 100
201 52 9871
203 52 10653
204 52 3
205 52 11432
206 52 12
207 52 9873
209 52 11366
211 52 11190
212 52 48
213 52 10391
215 52 9860
217 52 10791
218 52 47
219 52 11432
221 52 9121
223 52 8130
225 52 8640
226 52 87
227 52 10533
229 52 10479
230 52 56
231 52 10011
233 52 11229
235 52 10571
237 52 11153
239 52 8590
241 52 11449
242 52 18
243 52 10762
245 52 11750
246 52 71
247 52 11918
249 52 11107
251 52 9115
253 52 8358
255 52 8577
256 52 1
257 52 8528
259 52 11258
260 52 7
261 52 11449
263 52 9935
264 52 66
265 52 9008
266 52 97
267 52 8102
268 52 76
269 52 8190
271 52 11408
272 52 9
273 52 10671
274 52 77
275 52 11843
276 52 40
277 52 8835
279 52 8709
280 52 59
281 52 9993
283 52 10277
285 52 11615
286 52 66
287 52 10343
288 52 98
289 52 8842
291 52 11312
293 52 10189
295 52 11685
296 52 14
297 52 8886
299 52 11283
300 52 91
301 52 11589
302 52 3
303 52 11088
305 52 11506
306 52 30
307 52 9016
309 52 10142
311 52 10021
313 52 11092
315 52 10652
317 52 9616
318 52 73
319 52 9468
320 52 27
321 52 11690
322 52 88
323 52 8054
325 52 8166
326 52 71
327 52 8515
329 52 10118
330 52 56
331 52 10267
332 52 45
333 52 9243
334 52 98
335 52 10291
336 52 45
337 52 10542
338 52 48
339 52 9415
341 52 11500
342 52 65
343 52 8382
344 52 47
345 52 8420
346 52 69
347 52 11933
348 52 32
349 52 11324
350 52 30
351 52 8340
352 52 59
353 52 10796
355 52 10550
357 52 9453
359 52 9947
361 52 9129
362 52 36
363 52 10697
364 52 3
365 52 11321
367 52 11364
368 52 51
369 52 10818
371 52 8171
372 52 29
373 52 11338
374 52 71
375 52 9287
376 52 44
377 52 10452
379 52 8642
380 52 19
381 52 8700
382 52 93
383 52 11402
385 52 10353
386 52 22
387 52 9496
389 52 8118
390 52 56
391 52 8927
392 52 65
393 52 9845
394 52 14
395 52 8715
397 52 11127
399 52 9650
401 52 8438
403 52 9798
404 52 49
405 52 8836
407 52 10142
408 52 71
409 52 10754
411 52 10221
413 52 11737
415 52 11686
417 52 9782
419 52 8154
421 52 8922
423 52 9630
424 52 93
425 52 10971
427 52 8231
428 52 72
429 52 10739
430 52 61
431 52 8651
432 52 18
433 52 8520
434 52 48
435 52 11891
437 52 10143
439 52 10461
440 52 51
441 52 10249
442 52 46
443 52 8944
444 52 90
445 52 10175
446 52 25
447 52 11753
449 52 10445
451 52 11153
452 52 4
453 52 8458
455 52 8096
457 52 11981
459 52 9772
461 52 11358
462 52 87
463 52 8109
464 52 73
465 52 10051
466 52 27
467 52 10717
469 52 11359
470 52 1
471 52 9753
473 52 9719
475 52 11355
476 52 20
477 52 8334
478 52 44
479 52 11069
480 52 22
481 52 11868
483 52 10005
485 52 8736
487 52 9660
488 52 46
489 52 8830
491 52 9112
493 52 9176
494 52 12
495 52 9126
496 52 45
497 52 9093
499 52 11151
501 52 8075
502 52 17
503 52 11045
505 52 9139
507 52 11379
509 52 8513
510 52 91
511 52 10868
513 52 11616
515 52 8089
516 52 29
517 52 10896
518 52 55
519 52 11030
521 52 10249
523 52 10054
524 52 5
525 52 8279
527 52 9571
529 52 11311
531 52 9729
533 52 8367
534 52 97
535 52 11038
536 52 22
537 52 11362
539 52 8358
541 52 8733
542 52 56
543 52 10007
545 52 9110
546 52 65
547 52 10106
548 52 88
549 52 8423
551 52 10659
552 52 65
553 52 10970
555 52 11480
557 52 10503
558 52 8
559 52 8049
560 52 55
561 52 9025
562 52 96
563 52 8593
565 52 11201
567 52 11774
569 52 9678
571 52 8593
572 52 94
573 52 9646
575 52 10851
576 52 60
577 52 8086
579 52 8154
581 52 9992
583 52 10923
585 52 8745
587 52 8823
588 52 69
589 52 11737
590 52 35
591 52 11489
593 52 8029
594 52 33
595 52 11966
596 52 76
597 52 9970
598 52 50
599 52 9574
0 53 44
1 53 31
5 53 54
8 53 45
10 53 39
11 53 46
12 53 22
16 53 16
17 53 68
18 53 61
19 53 32
21 53 22
23 53 17
26 53 25
27 53 98
28 53 70
30 53 68
31 53 71
34 53 62
35 53 14
36 53 95
37 53 34
39 53 37
46 53 39
48 53 47
49 53 51
50 53 42
51 53 14
52 53 66
53 53 28
56 53 15
59 53 26
64 53 67
65 53 60
66 53 96
71 53 31
72 53 5
73 53 87
75 53 97
77 53 18
81 53 100
82 53 87
84 53 89
89 53 25
92 53 74
93 53 29
97 53 94
100 53 99
103 53 17
104 53 61
105 53 45
106 53 36
107 53 51
109 53 29
113 53 72
114 53 40
116 53 62
117 53 1
118 53 86
119 53 40
121 53 54
123 53 37
124 53 7
126 53 32
127 53 83
132 53 4
133 53 75
134 53 2
135 53 64
136 53 74
137 53 64
138 53 65
141 53 25
142 53 8
144 53 87
145 53 37
146 53 37
148 53 9
149 53 19
150 53 85
151 53 64
152 53 96
153 53 1
155 53 38
156 53 71
157 53 45
158 53 50
159 53 87
161 53 56
165 53 84
166 53 40
167 53 58
169 53 99
170 53 14
171 53 76
173 53 37
177 53 26
181 53 41
183 53 98
184 53 21
188 53 96
189 53 46
190 53 48
192 53 78
193 53 26
197 53 77
199 53 45
200 53 52
202 53 47
206 53 5
213 53 11
214 53 77
215 53 79
220 53 81
223 53 41
224 53 27
227 53 79
229 53 17
234 53 10
235 53 26
236 53 3
243 53 72
244 53 79
245 53 17
246 53 91
248 53 78
249 53 62
251 53 70
254 53 2
257 53 34
258 53 1
259 53 63
260 53 29
262 53 1
263 53 29
264 53 100
266 53 76
269 53 10
271 53 100
272 53 23
274 53 84
275 53 48
278 53 90
279 53 84
280 53 46
281 53 89
283 53 40
284 53 87
294 53 43
295 53 59
297 53 3
298 53 78
301 53 32
302 53 82
303 53 1
304 53 58
305 53 64
306 53 97
307 53 47
311 53 50
312 53 45
313 53 55
314 53 19
316 53 22
318 53 87
319 53 16
320 53 2
321 53 31
325 53 89
327 53 23
328 53 42
331 53 32
335 53 40
336 53 40
338 53 54
342 53 9
345 53 98
346 53 19
348 53 66
349 53 12
350 53 8
351 53 15
353 53 21
354 53 46
356 53 61
357 53 100
359 53 7
361 53 75
362 53 10
364 53 81
366 53 17
367 53 69
368 53 4
370 53 62
371 53 5
372 53 1
373 53 16
375 53 87
381 53 85
383 53 36
384 53 41
386 53 56
387 53 36
389 53 18
391 53 46
394 53 96
395 53 54
396 53 23
401 53 91
403 53 75
404 53 53
407 53 74
408 53 32
412 53 100
413 53 73
414 53 56
418 53 17
419 53 67
420 53 15
421 53 1
422 53 51
424 53 31
425 53 6
426 53 5
427 53 97
429 53 32
430 53 34
431 53 58
433 53 77
434 53 76
435 53 27
436 53 99
440 53 9
442 53 8
443 53 78
446 53 19
447 53 98
448 53 39
450 53 53
453 53 47
454 53 53
455 53 36
460 53 26
464 53 15
466 53 30
471 53 18
475 53 18
477 53 52
478 53 59
479 53 43
480 53 62
481 53 64
484 53 90
485 53 76
486 53 41
488 53 54
490 53 90
491 53 16
493 53 77
494 53 54
496 53 73
498 53 37
499 53 92
501 53 68
503 53 86
504 53 43
505 53 87
506 53 45
508 53 71
510 53 4
511 53 39
512 53 11
513 53 32
514 53 70
517 53 92
519 53 41
520 53 17
521 53 52
522 53 76
523 53 38
524 53 1
525 53 4
529 53 28
531 53 21
532 53 97
533 53 87
534 53 100
536 53 64
538 53 53
540 53 77
542 53 62
543 53 20
545 53 75
547 53 87
548 53 47
549 53 53
550 53 12
551 53 82
553 53 64
556 53 14
557 53 27
558 53 27
559 53 92
560 53 29
565 53 67
569 53 30
570 53 37
571 53 77
574 53 97
575 53 19
576 53 16
579 53 99
587 53 53
588 53 11
591 53 100
594 53 70
598 53 90
1 54 9570
2 54 79
3 54 10952
5 54 10284
7 54 10284
9 54 10468
11 54 10908
13 54 9508
15 54 10805
16 54 5
17 54 10785
19 54 11133
20 54 55
21 54 11108
23 54 11550
25 54 11842
26 54 29
27 54 8177
28 54 28
29 54 10614
30 54 76
31 54 9981
32 54 82
33 54 8050
35 54 11827
37 54 9682
39 54 11260
40 54 34
41 54 8759
42 54 98
43 54 8483
45 54 9782
47 54 8622
49 54 8363
51 54 9224
53 54 9958
55 54 10077
56 54 4
57 54 8787
59 54 9517
60 54 94
61 54 8443
63 54 10129
65 54 9031
66 54 87
67 54 11797
68 54 65
69 54 9681
71 54 8392
73 54 11966
74 54 26
75 54 9478
77 54 11575
79 54 11385
81 54 10731
82 54 54
83 54 11178
84 54 3
85 54 9215
86 54 14
87 54 11043
88 54 71
89 54 9435
90 54 57
91 54 10365
93 54 9665
95 54 10194
96 54 93
97 54 8899
99 54 8107
101 54 11000
103 54 11070
104 54 30
105 54 9599
107 54 8742
109 54 8785
111 54 11801
112 54 42
113 54 11627
114 54 2
115 54 11385
117 54 11286
119 54 11580
120 54 3
121 54 11291
123 54 11234
125 54 10174
126 54 33
127 54 10260
129 54 11338
131 54 8966
133 54 8526
135 54 8693
136 54 80
137 54 8306
139 54 10916
141 54 8211
142 54 39
143 54 8409
144 54 11
145 54 10303
147 54 9804
148 54 81
149 54 8499
150 54 37
151 54 11127
153 54 10535
154 54 86
155 54 11248
156 54 34
157 54 9751
158 54 81
159 54 8235
161 54 10812
163 54 10074
164 54 96
165 54 8899
167 54 9654
169 54 8240
170 54 46
171 54 9719
173 54 11337
175 54 8319
177 54 9502
179 54 9033
180 54 21
181 54 8881
182 54 29
183 54 10670
184 54 31
185 54 8742
186 54 58
187 54 9598
189 54 10006
191 54 11157
193 54 10463
195 54 9473
197 54 11402
199 54 10375
200 54 88
201 54 9475
202 54 76
203 54 9023
205 54 10530
207 54 11810
209 54 10285
210 54 13
211 54 9293
213 54 11443
214 54 24
215 54 9593
216 54 66
217 54 9566
218 54 53
219 54 8638
220 54 38
221 54 9535
223 54 10784
225 54 8165
227 54 11057
229 54 10044
230 54 67
231 54 11550
233 54 11016
234 54 11
235 54 11148
237 54 11628
239 54 9396
240 54 37
241 54 9233
243 54 8411
244 54 25
245 54 11918
246 54 19
247 54 11791
249 54 11582
250 54 66
251 54 11438
252 54 88
253 54 9989
254 54 78
255 54 11569
257 54 9875
258 54 56
259 54 8699
261 54 11387
262 54 93
263 54 11543
265 54 9052
266 54 46
267 54 8851
268 54 46
269 54 8771
271 54 10330
273 54 10327
274 54 92
275 54 11915
276 54 48
277 54 9444
278 54 18
279 54 9556
280 54 70
281 54 10980
282 54 10
283 54 10849
285 54 10414
287 54 11197
288 54 25
289 54 9531
291 54 10916
292 54 22
293 54 9725
294 54 96
295 54 11692
296 54 34
297 54 9667
299 54 11211
301 54 10287
302 54 64
303 54 8133
304 54 57
305 54 8551
307 54 8384
308 54 81
309 54 9438
311 54 10851
313 54 10750
314 54 59
315 54 8249
316 54 2
317 54 10612
319 54 11152
321 54 9858
322 54 90
323 54 11695
325 54 11444
326 54 13
327 54 8710
328 54 21
329 54 11748
330 54 79
331 54 8105
333 54 10244
334 54 55
335 54 9896
337 54 9229
339 54 10550
341 54 11582
342 54 5
343 54 11893
345 54 9050
346 54 28
347 54 9674
348 54 12
349 54 9759
351 54 9271
353 54 11165
354 54 20
355 54 9339
356 54 38
357 54 9167
358 54 63
359 54 11275
360 54 80
361 54 8564
363 54 11588
365 54 10442
366 54 30
367 54 8282
368 54 84
369 54 11288
370 54 2
371 54 8187
372 54 5
373 54 10734
375 54 11443
377 54 11335
378 54 53
379 54 10912
380 54 7
381 54 9638
382 54 47
383 54 10727
384 54 35
385 54 11922
386 54 75
387 54 8885
389 54 9700
390 54 80
391 54 10427
392 54 86
393 54 9214
394 54 6
395 54 9458
396 54 68
397 54 9763
399 54 10261
400 54 54
401 54 11707
402 54 17
403 54 11953
404 54 98
405 54 8766
407 54 9270
408 54 7
409 54 10391
410 54 16
411 54 10059
413 54 11618
415 54 11265
417 54 8074
418 54 89
419 54 10661
420 54 36
421 54 9137
423 54 11208
424 54 90
425 54 9336
426 54 27
427 54 9718
428 54 57
429 54 11928
430 54 37
431 54 9930
432 54 30
433 54 9427
435 54 8876
437 54 8101
439 54 9246
441 54 8166
442 54 34
443 54 11175
444 54 34
445 54 8845
447 54 8131
449 54 10309
450 54 40
451 54 8552
452 54 47
453 54 9091
454 54 7
455 54 9000
456 54 9
457 54 8515
458 54 42
459 54 10543
461 54 8984
462 54 63
463 54 8087
465 54 10845
467 54 11344
469 54 9144
471 54 10434
473 54 9584
475 54 9531
476 54 20
477 54 8254
478 54 84
479 54 9552
481 54 11769
483 54 9380
485 54 9688
487 54 8055
488 54 13
489 54 9888
491 54 11981
493 54 8345
494 54 74
495 54 9310
496 54 20
497 54 10742
499 54 9366
501 54 10952
502 54 24
503 54 11728
504 54 40
505 54 9889
507 54 8706
509 54 11110
510 54 59
511 54 8967
512 54 80
513 54 10847
514 54 78
515 54 10910
516 54 52
517 54 8296
518 54 74
519 54 8222
520 54 55
521 54 9635
522 54 37
523 54 11280
524 54 61
525 54 10204
527 54 10206
528 54 51
529 54 11685
531 54 10307
533 54 10452
535 54 9752
536 54 96
537 54 9736
539 54 11964
540 54 1
541 54 10200
543 54 11393
545 54 10468
547 54 9896
549 54 10282
551 54 11212
553 54 10283
554 54 85
555 54 9972
557 54 10185
559 54 11355
561 54 10969
562 54 40
563 54 10003
565 54 11237
566 54 88
567 54 9472
568 54 48
569 54 8675
571 54 9927
573 54 9651
575 54 10103
576 54 3
577 54 10091
578 54 69
579 54 10292
580 54 30
581 54 8714
583 54 8670
585 54 10332
587 54 10399
589 54 10046
590 54 3
591 54 11024
592 54 51
593 54 8215
594 54 35
595 54 9439
596 54 88
597 54 8293
599 54 9356
0 55 27
3 55 49
4 55 25
8 55 29
10 55 38
13 55 78
16 55 73
17 55 90
20 55 67
22 55 89
32 55 18
35 55 91
36 55 71
39 55 98
41 55 74
43 55 99
48 55 84
49 55 66
52 55 88
56 55 93
58 55 49
59 55 38
61 55 69
62 55 67
66 55 47
68 55 86
71 55 79
72 55 35
75 55 87
76 55 95
77 55 72
79 55 66
82 55 24
84 55 52
85 55 21
88 55 80
90 55 96
92 55 55
93 55 84
94 55 69
95 55 78
97 55 48
98 55 45
104 55 19
109 55 6
113 55 70
114 55 16
115 55 78
119 55 57
122 55 5
123 55 13
124 55 9
125 55 87
127 55 42
128 55 21
132 55 4
134 55 26
137 55 44
143 55 77
146 55 8
148 55 38
150 55 38
153 55 23
155 55 5
156 55 55
157 55 50
160 55 28
164 55 44
167 55 45
168 55 73
169 55 43
173 55 72
176 55 58
178 55 2
180 55 94
184 55 11
185 55 89
189 55 65
190 55 53
196 55 52
197 55 20
200 55 70
201 55 32
202 55 12
203 55 7
204 55 42
206 55 71
207 55 91
211 55 61
212 55 72
213 55 61
216 55 51
219 55 10
220 55 13
222 55 74
227 55 1
228 55 38
230 55 1
231 55 28
233 55 80
234 55 82
235 55 82
236 55 82
237 55 70
238 55 18
239 55 93
242 55 86
243 55 46
244 55 45
246 55 67
247 55 72
250 55 91
251 55 35
252 55 50
253 55 20
257 55 46
258 55 54
261 55 68
262 55 39
264 55 48
267 55 35
270 55 41
272 55 26
276 55 96
277 55 87
279 55 56
284 55 6
285 55 100
287 55 4
288 55 73
290 55 78
291 55 56
296 55 97
297 55 70
298 55 66
302 55 37
303 55 63
307 55 67
309 55 85
310 55 39
311 55 95
312 55 58
313 55 90
314 55 72
315 55 85
317 55 76
318 55 81
320 55 100
321 55 83
322 55 44
323 55 43
325 55 81
327 55 23
328 55 39
334 55 86
337 55 71
339 55 71
348 55 40
349 55 91
351 55 25
358 55 92
361 55 38
362 55 66
364 55 13
368 55 96
369 55 23
371 55 26
372 55 37
374 55 39
375 55 93
381 55 68
385 55 4
387 55 58
388 55 37
390 55 23
391 55 27
393 55 81
394 55 67
395 55 93
396 55 100
397 55 1
400 55 5
403 55 39
408 55 89
409 55 20
410 55 6
411 55 88
414 55 8
415 55 26
416 55 44
417 55 54
418 55 50
419 55 33
422 55 75
423 55 31
425 55 62
427 55 33
430 55 12
431 55 95
432 55 77
433 55 38
434 55 78
435 55 73
437 55 63
438 55 60
439 55 63
440 55 99
441 55 88
442 55 37
443 55 84
444 55 92
448 55 88
453 55 67
455 55 16
458 55 5
459 55 26
463 55 84
464 55 93
465 55 98
469 55 93
470 55 68
474 55 26
478 55 44
480 55 27
483 55 4
484 55 84
486 55 72
487 55 22
488 55 71
489 55 76
490 55 27
492 55 77
493 55 90
496 55 46
499 55 41
500 55 61
503 55 19
504 55 68
506 55 5
512 55 41
514 55 31
515 55 5
520 55 77
522 55 22
524 55 57
525 55 87
526 55 12
530 55 31
534 55 14
535 55 6
541 55 67
543 55 46
545 55 30
546 55 11
547 55 31
550 55 5
552 55 48
553 55 67
554 55 83
555 55 14
556 55 72
557 55 100
559 55 56
561 55 24
562 55 98
564 55 73
568 55 72
569 55 77
572 55 46
574 55 45
575 55 69
578 55 75
580 55 100
581 55 71
583 55 4
587 55 71
588 55 73
589 55 74
593 55 72
598 55 90
0 56 92
1 56 9455
3 56 8562
4 56 53
5 56 11945
7 56 10869
8 56 32
9 56 11606
10 56 82
11 56 9188
13 56 8807
14 56 40
15 56 11266
17 56 10873
18 56 100
19 56 8728
20 56 26
21 56 9167
22 56 65
23 56 9813
24 56 30
25 56 10300
27 56 8437
28 56 94
29 56 9312
31 56 9964
33 56 9887
34 56 65
35 56 9263
37 56 11700
39 56 11043
40 56 73
41 56 11599
42 56 66
43 56 10622
44 56 4
45 56 10742
47 56 11573
48 56 54
49 56 10783
51 56 11143
52 56 23
53 56 10072
54 56 85
55 56 9652
56 56 99
57 56 11006
58 56 19
59 56 8215
61 56 9506
63 56 11812
64 56 96
65 56 10058
67 56 10794
68 56 9
69 56 11050
70 56 82
71 56 8318
73 56 10021
74 56 85
75 56 10849
76 56 52
77 56 9906
79 56 8362
80 56 1
81 56 9382
83 56 8818
84 56 73
85 56 9051
87 56 9356
88 56 33
89 56 11058
91 56 10587
92 56 67
93 56 10531
94 56 11
95 56 9893
96 56 27
97 56 9693
98 56 3
99 56 9658
101 56 9498
102 56 27
103 56 8591
105 56 10728
106 56 77
107 56 8546
108 56 74
109 56 11963
110 56 39
111 56 11756
113 56 8552
115 56 11526
116 56 63
117 56 8617
118 56 14
119 56 9213
120 56 31
121 56 9341
123 56 9877
125 56 11986
127 56 8185
128 56 29
129 56 11877
130 56 54
131 56 10157
132 56 53
133 56 9692
134 56 94
135 56 11948
136 56 5
137 56 10431
139 56 11628
140 56 11
141 56 10711
143 56 11698
145 56 10849
146 56 72
147 56 8835
148 56 24
149 56 9116
151 56 11602
152 56 14
153 56 11593
155 56 11904
156 56 54
157 56 9649
158 56 65
159 56 10897
160 56 7
161 56 10737
163 56 10131
164 56 31
165 56 10172
166 56 55
167 56 10129
168 56 51
169 56 10383
171 56 10984
172 56 94
173 56 10644
174 56 82
175 56 8590
176 56 55
177 56 9066
179 56 9815
180 56 54
181 56 9800
182 56 57
183 56 10716
185 56 10934
186 56 1
187 56 10825
189 56 11025
191 56 8870
192 56 4
193 56 9698
194 56 32
195 56 10753
197 56 11194
198 56 38
199 56 8854
200 56 89
201 56 11780
203 56 10254
204 56 47
205 56 9985
206 56 52
207 56 8046
209 56 8231
211 56 11444
212 56 60
213 56 8078
214 56 71
215 56 11992
217 56 11271
218 56 90
219 56 9462
221 56 8773
222 56 99
223 56 9627
224 56 81
225 56 8234
226 56 75
227 56 9353
228 56 42
229 56 11488
231 56 10942
232 56 45
233 56 11828
235 56 10519
237 56 10131
239 56 8893
241 56 10644
243 56 10475
244 56 23
245 56 11278
246 56 77
247 56 11783
249 56 8332
251 56 10697
253 56 9547
255 56 9524
257 56 9990
259 56 11014
260 56 93
261 56 11791
262 56 83
263 56 8268
265 56 10020
267 56 11580
268 56 94
269 56 9301
270 56 3
271 56 11793
272 56 93
273 56 9782
275 56 9117
276 56 48
277 56 10805
279 56 10068
280 56 38
281 56 10030
282 56 7
283 56 10818
284 56 47
285 56 10376
287 56 8776
288 56 1
289 56 11667
290 56 9
291 56 8233
292 56 38
293 56 11984
294 56 72
295 56 8960
297 56 10070
298 56 87
299 56 10671
301 56 8466
303 56 8019
304 56 100
305 56 9504
307 56 10023
308 56 88
309 56 11134
311 56 10240
313 56 9824
315 56 10782
317 56 11835
319 56 11471
321 56 10521
323 56 8796
325 56 10119
326 56 100
327 56 11359
328 56 80
329 56 8709
331 56 9101
332 56 99
333 56 11568
334 56 21
335 56 8397
336 56 68
337 56 9015
338 56 68
339 56 9434
341 56 11146
342 56 76
343 56 11683
345 56 8092
347 56 8017
348 56 16
349 56 9441
351 56 11018
352 56 98
353 56 9800
355 56 11846
356 56 14
357 56 8504
359 56 9619
360 56 41
361 56 8978
362 56 69
363 56 9767
365 56 11010
367 56 10710
368 56 51
369 56 10027
370 56 61
371 56 9509
372 56 87
373 56 11926
374 56 92
375 56 9167
376 56 17
377 56 9360
379 56 10492
380 56 53
381 56 9413
383 56 8916
384 56 46
385 56 8775
387 56 9316
389 56 8514
390 56 54
391 56 10095
392 56 34
393 56 8182
394 56 77
395 56 10377
396 56 80
397 56 11160
399 56 10232
400 56 99
401 56 10653
402 56 87
403 56 8262
404 56 62
405 56 8587
407 56 10012
408 56 14
409 56 9905
411 56 10107
413 56 10349
414 56 30
415 56 11425
417 56 9911
418 56 26
419 56 10116
420 56 95
421 56 11338
422 56 100
423 56 10974
424 56 14
425 56 11147
426 56 45
427 56 10026
429 56 8150
431 56 10224
432 56 87
433 56 9661
435 56 9252
436 56 20
437 56 8384
438 56 58
439 56 8282
441 56 8823
442 56 71
443 56 8989
445 56 11029
446 56 98
447 56 10375
449 56 11178
451 56 9233
452 56 96
453 56 11137
454 56 19
455 56 8293
457 56 11225
459 56 10659
460 56 79
461 56 10906
463 56 9394
465 56 11214
466 56 14
467 56 8021
469 56 10671
471 56 8091
473 56 9996
474 56 60
475 56 9040
476 56 55
477 56 8208
478 56 2
479 56 11268
481 56 8324
483 56 9846
485 56 11064
487 56 11578
489 56 9943
491 56 8113
492 56 27
493 56 11490
495 56 10110
496 56 19
497 56 8664
499 56 9054
500 56 13
501 56 11504
503 56 10538
505 56 9307
506 56 48
507 56 8635
508 56 28
509 56 10223
511 56 11224
513 56 9145
515 56 8045
516 56 12
517 56 8525
519 56 11247
520 56 77
521 56 11630
523 56 8766
524 56 32
525 56 11409
526 56 9
527 56 11696
529 56 11892
531 56 8185
533 56 11013
535 56 10736
537 56 9811
538 56 49
539 56 11570
541 56 8523
543 56 11572
545 56 9058
546 56 22
547 56 10200
549 56 9157
550 56 54
551 56 10061
552 56 81
553 56 11664
555 56 9493
557 56 9542
559 56 8385
561 56 11393
563 56 10039
564 56 29
565 56 9959
566 56 71
567 56 11079
569 56 11429
570 56 47
571 56 8721
573 56 10363
575 56 11424
577 56 8988
579 56 8080
580 56 59
581 56 8029
583 56 11208
585 56 8990
587 56 8009
588 56 68
589 56 10229
591 56 10880
592 56 16
593 56 8129
595 56 9763
596 56 34
597 56 8753
599 56 8921
0 57 62
1 57 1
2 57 63
5 57 96
6 57 77
8 57 47
9 57 67
10 57 98
13 57 81
14 57 51
18 57 70
19 57 48
22 57 54
25 57 96
27 57 23
28 57 25
30 57 64
31 57 61
34 57 89
40 57 57
41 57 40
43 57 54
44 57 78
46 57 17
49 57 72
52 57 92
53 57 81
55 57 32
57 57 76
61 57 3
62 57 6
63 57 46
66 57 50
69 57 94
70 57 93
72 57 3
73 57 72
74 57 60
80 57 52
82 57 27
83 57 76
86 57 83
88 57 33
89 57 14
91 57 50
92 57 2
95 57 65
96 57 40
99 57 79
101 57 94
106 57 78
110 57 20
111 57 88
113 57 23
114 57 16
115 57 95
116 57 52
117 57 77
123 57 56
124 57 65
125 57 91
127 57 25
129 57 3
130 57 96
131 57 88
135 57 56
136 57 75
138 57 73
140 57 53
144 57 28
149 57 84
150 57 34
151 57 95
155 57 15
156 57 52
159 57 11
161 57 53
162 57 78
163 57 13
164 57 95
165 57 87
167 57 81
170 57 51
173 57 91
174 57 66
175 57 42
179 57 15
180 57 81
186 57 52
188 57 32
189 57 64
191 57 43
192 57 93
193 57 8
194 57 37
195 57 67
199 57 36
202 57 57
203 57 42
205 57 86
206 57 96
207 57 68
208 57 44
209 57 6
210 57 23
211 57 50
212 57 67
215 57 49
216 57 38
218 57 19
219 57 73
222 57 28
223 57 98
224 57 15
225 57 63
227 57 60
229 57 67
234 57 16
235 57 9
236 57 5
238 57 45
239 57 88
241 57 43
242 57 8
243 57 96
246 57 9
247 57 72
249 57 32
251 57 60
252 57 39
254 57 87
257 57 92
263 57 43
264 57 99
265 57 88
266 57 32
269 57 66
278 57 70
279 57 32
281 57 15
282 57 20
283 57 7
286 57 74
289 57 28
291 57 17
292 57 63
293 57 8
295 57 92
296 57 97
299 57 28
300 57 1
303 57 15
305 57 99
307 57 97
308 57 1
309 57 86
311 57 8
312 57 100
314 57 74
316 57 19
317 57 15
318 57 80
320 57 13
322 57 99
324 57 77
325 57 16
326 57 8
328 57 61
330 57 37
331 57 35
333 57 58
335 57 16
337 57 74
338 57 6
345 57 82
350 57 21
351 57 41
356 57 97
358 57 7
363 57 3
364 57 6
365 57 67
366 57 46
368 57 91
372 57 43
373 57 25
374 57 90
375 57 3
376 57 91
377 57 88
382 57 41
386 57 23
389 57 62
394 57 92
397 57 27
398 57 33
399 57 31
403 57 62
407 57 81
409 57 72
412 57 23
413 57 68
415 57 41
416 57 2
417 57 79
418 57 63
419 57 18
422 57 27
425 57 71
426 57 62
431 57 62
433 57 51
434 57 11
436 57 4
437 57 95
438 57 56
442 57 73
446 57 5
447 57 14
449 57 2
453 57 70
455 57 88
457 57 24
458 57 35
460 57 25
461 57 68
463 57 76
469 57 100
480 57 27
481 57 60
482 57 18
486 57 68
487 57 3
489 57 92
490 57 100
493 57 33
496 57 90
498 57 85
499 57 55
500 57 56
501 57 81
502 57 33
505 57 8
506 57 43
508 57 78
515 57 67
516 57 45
517 57 33
518 57 13
519 57 14
521 57 14
524 57 15
525 57 55
526 57 65
528 57 3
529 57 16
530 57 78
532 57 93
536 57 18
537 57 92
538 57 47
540 57 69
541 57 61
542 57 71
544 57 61
546 57 63
547 57 29
548 57 83
551 57 51
554 57 5
558 57 48
562 57 70
565 57 32
566 57 62
568 57 57
570 57 87
571 57 88
572 57 48
573 57 72
577 57 51
581 57 93
584 57 85
585 57 72
592 57 82
594 57 77
597 57 96
598 57 57
599 57 34
1 58 11443
2 58 8
3 58 9464
5 58 11980
6 58 100
7 58 10666
8 58 26
9 58 8841
10 58 25
11 58 11758
12 58 55
13 58 10630
15 58 9157
16 58 74
17 58 10793
18 58 28
19 58 9618
20 58 64
21 58 8474
22 58 20
23 58 8566
25 58 8338
27 58 8709
28 58 93
29 58 10114
30 58 64
31 58 11910
32 58 58
33 58 9817
35 58 8579
36 58 99
37 58 9086
39 58 10010
40 58 51
41 58 10662
42 58 88
43 58 10189
45 58 11313
47 58 10158
48 58 79
49 58 8136
50 58 99
51 58 10171
52 58 53
53 58 11380
54 58 15
55 58 10315
57 58 9780
58 58 57
59 58 8457
61 58 10914
62 58 99
63 58 10908
64 58 83
65 58 9044
66 58 84
67 58 10137
68 58 59
69 58 9831
70 58 36
71 58 8744
72 58 22
73 58 8052
74 58 41
75 58 11603
77 58 9090
79 58 9585
81 58 10050
83 58 11584
84 58 5
85 58 10460
87 58 10441
89 58 8561
91 58 10602
92 58 100
93 58 9774
94 58 15
95 58 9944
96 58 71
97 58 8387
99 58 9791
100 58 43
101 58 8762
103 58 10570
105 58 10727
107 58 9647
108 58 17
109 58 11076
111 58 8564
112 58 24
113 58 10883
115 58 8813
116 58 73
117 58 9097
119 58 10709
120 58 21
121 58 11336
122 58 23
123 58 9182
125 58 10642
127 58 8490
128 58 14
129 58 8464
130 58 33
131 58 11437
132 58 45
133 58 9018
134 58 9
135 58 8079
136 58 27
137 58 10394
139 58 11308
141 58 9652
143 58 9465
145 58 10065
146 58 60
147 58 9732
148 58 94
149 58 11750
150 58 22
151 58 9874
152 58 26
153 58 8010
155 58 11294
156 58 99
157 58 9772
159 58 10354
160 58 69
161 58 9485
162 58 80
163 58 9464
165 58 8867
167 58 10611
168 58 53
169 58 10934
171 58 11212
173 58 10256
174 58 38
175 58 8662
176 58 9
177 58 11995
178 58 95
179 58 10294
180 58 28
181 58 9344
182 58 46
183 58 11744
185 58 9537
187 58 8705
189 58 8614
191 58 9436
193 58 11448
194 58 97
195 58 10249
196 58 4
197 58 11074
199 58 10985
200 58 64
201 58 11441
202 58 67
203 58 10825
205 58 9990
206 58 95
207 58 11226
208 58 88
209 58 9766
210 58 60
211 58 11215
213 58 10067
214 58 62
215 58 10154
217 58 9131
219 58 8024
220 58 65
221 58 10931
222 58 90
223 58 9093
224 58 63
225 58 9483
226 58 32
227 58 10409
228 58 100
229 58 11112
231 58 9252
233 58 10328
235 58 9634
236 58 74
237 58 10100
238 58 70
239 58 9095
241 58 11330
243 58 9426
245 58 9295
247 58 10727
248 58 45
249 58 8775
251 58 8531
252 58 61
253 58 10397
254 58 98
255 58 9761
256 58 99
257 58 11452
259 58 8542
261 58 9022
262 58 24
263 58 9678
264 58 38
265 58 8732
266 58 80
267 58 9356
268 58 70
269 58 10358
270 58 26
271 58 8593
272 58 27
273 58 8939
274 58 46
275 58 9286
276 58 46
277 58 11662
279 58 11284
280 58 68
281 58 11694
283 58 8183
285 58 11198
286 58 95
287 58 11259
289 58 9710
291 58 9916
292 58 83
293 58 8011
295 58 11810
297 58 10939
298 58 32
299 58 11971
301 58 11762
303 58 10159
305 58 8924
307 58 10086
308 58 69
309 58 10525
311 58 9019
313 58 8775
314 58 89
315 58 10561
317 58 8308
319 58 11760
321 58 8209
323 58 10920
324 58 41
325 58 11622
327 58 9642
329 58 11183
330 58 12
331 58 8876
332 58 50
333 58 8724
335 58 11049
337 58 11165
339 58 9425
340 58 34
341 58 9959
342 58 7
343 58 8742
345 58 9002
347 58 8247
348 58 71
349 58 9976
351 58 10391
352 58 57
353 58 10861
355 58 8079
356 58 37
357 58 10192
358 58 44
359 58 11985
361 58 8916
363 58 8265
365 58 8266
367 58 11326
368 58 58
369 58 10391
370 58 16
371 58 10852
372 58 38
373 58 8051
374 58 6
375 58 8902
377 58 9518
379 58 8075
381 58 10388
383 58 9299
384 58 97
385 58 10087
387 58 8907
388 58 41
389 58 9642
391 58 8057
392 58 17
393 58 11913
395 58 8955
397 58 10159
399 58 11308
401 58 9086
402 58 23
403 58 9871
404 58 33
405 58 10090
407 58 10735
408 58 24
409 58 11276
411 58 10486
412 58 34
413 58 8433
415 58 9398
416 58 38
417 58 10282
418 58 81
419 58 10160
421 58 9826
422 58 68
423 58 8125
425 58 8732
427 58 10259
429 58 9024
431 58 8976
432 58 96
433 58 8440
434 58 96
435 58 11101
437 58 11917
439 58 8241
440 58 55
441 58 11898
442 58 69
443 58 11188
444 58 82
445 58 11295
447 58 9837
448 58 73
449 58 9534
451 58 11405
452 58 79
453 58 11503
454 58 35
455 58 9132
456 58 12
457 58 9745
458 58 24
459 58 8085
461 58 11231
463 58 9186
464 58 75
465 58 10924
467 58 11048
468 58 63
469 58 10200
470 58 65
471 58 10503
473 58 9801
475 58 11021
477 58 8288
479 58 9693
480 58 48
481 58 8676
483 58 8446
484 58 74
485 58 10192
487 58 11073
488 58 96
489 58 8008
491 58 11818
492 58 19
493 58 9036
495 58 9568
496 58 59
497 58 11927
499 58 9587
500 58 30
501 58 10988
502 58 20
503 58 11694
505 58 8974
506 58 6
507 58 8451
509 58 10531
510 58 34
511 58 9266
512 58 34
513 58 11844
515 58 11137
517 58 11654
519 58 9250
520 58 64
521 58 9469
523 58 8899
524 58 92
525 58 9345
526 58 59
527 58 9791
529 58 10551
531 58 11228
533 58 11454
534 58 12
535 58 9091
536 58 89
537 58 11914
539 58 10240
540 58 10
541 58 11540
542 58 11
543 58 8496
544 58 2
545 58 10326
547 58 9897
548 58 65
549 58 10900
551 58 10671
552 58 11
553 58 8995
555 58 9566
556 58 31
557 58 11491
559 58 8185
560 58 74
561 58 9860
562 58 91
563 58 10950
564 58 71
565 58 10257
566 58 32
567 58 9576
569 58 10935
570 58 71
571 58 11974
572 58 89
573 58 11767
574 58 76
575 58 11212
576 58 27
577 58 11581
578 58 94
579 58 10932
581 58 9163
583 58 10951
585 58 11497
587 58 9559
589 58 8395
590 58 16
591 58 10124
593 58 8554
594 58 97
595 58 8214
596 58 85
597 58 10778
599 58 11489
5 59 9
7 59 78
9 59 19
11 59 32
14 59 15
15 59 86
18 59 47
19 59 98
22 59 7
24 59 84
25 59 92
26 59 34
31 59 32
33 59 99
35 59 50
36 59 15
38 59 80
39 59 26
42 59 68
43 59 85
44 59 53
45 59 100
46 59 45
47 59 68
50 59 21
52 59 52
54 59 77
55 59 100
60 59 64
62 59 84
66 59 64
67 59 93
68 59 95
70 59 68
71 59 19
73 59 98
74 59 42
75 59 69
76 59 75
78 59 73
79 59 38
83 59 34
84 59 69
85 59 62
87 59 40
89 59 69
90 59 30
92 59 56
95 59 52
96 59 32
98 59 21
99 59 87
100 59 96
103 59 91
104 59 99
105 59 95
109 59 4
111 59 13
112 59 23
113 59 45
117 59 9
119 59 90
121 59 87
122 59 23
129 59 35
135 59 62
138 59 92
142 59 27
145 59 27
148 59 82
150 59 85
152 59 51
154 59 35
157 59 48
159 59 27
161 59 51
163 59 1
166 59 89
171 59 11
172 59 30
173 59 18
175 59 97
177 59 80
183 59 15
190 59 7
191 59 61
192 59 9
196 59 13
197 59 28
198 59 88
200 59 85
202 59 24
203 59 1
204 59 2
205 59 58
206 59 97
207 59 80
208 59 79
209 59 57
212 59 29
213 59 88
214 59 49
215 59 95
217 59 28
219 59 89
220 59 37
221 59 1
223 59 24
224 59 19
226 59 52
227 59 98
228 59 42
229 59 90
233 59 83
235 59 4
236 59 81
237 59 29
238 59 83
239 59 26
240 59 92
241 59 45
244 59 34
253 59 54
254 59 4
256 59 55
257 59 59
258 59 43
259 59 92
261 59 94
262 59 55
264 59 40
270 59 50
272 59 51
274 59 21
276 59 15
279 59 28
281 59 23
285 59 24
286 59 41
290 59 71
292 59 68
293 59 2
296 59 29
297 59 80
298 59 28
300 59 72
302 59 39
303 59 34
305 59 36
306 59 69
307 59 75
309 59 50
313 59 51
317 59 18
318 59 78
320 59 14
321 59 23
323 59 92
325 59 16
327 59 55
328 59 16
329 59 92
331 59 52
336 59 84
338 59 96
340 59 77
342 59 79
344 59 54
346 59 96
347 59 28
348 59 6
352 59 73
353 59 54
354 59 90
355 59 19
356 59 22
357 59 30
360 59 44
361 59 53
362 59 54
364 59 19
366 59 94
367 59 26
369 59 24
371 59 3
372 59 55
375 59 46
377 59 1
378 59 66
381 59 84
382 59 88
384 59 6
390 59 25
391 59 80
396 59 30
398 59 36
399 59 98
410 59 43
411 59 96
412 59 64
415 59 24
417 59 57
418 59 24
419 59 66
420 59 96
424 59 66
426 59 80
427 59 55
429 59 5
433 59 87
434 59 34
436 59 73
437 59 31
438 59 25
439 59 67
444 59 54
445 59 66
446 59 6
447 59 48
453 59 28
455 59 60
458 59 76
459 59 35
460 59 73
464 59 40
466 59 38
467 59 20
470 59 1
473 59 16
474 59 66
476 59 57
477 59 56
478 59 39
479 59 70
487 59 96
492 59 55
493 59 31
496 59 80
498 59 96
502 59 40
503 59 59
505 59 6
506 59 87
508 59 73
509 59 71
515 59 32
516 59 66
517 59 77
520 59 96
521 59 42
523 59 47
527 59 28
532 59 51
534 59 57
536 59 69
541 59 81
543 59 47
550 59 59
551 59 15
552 59 35
558 59 59
562 59 65
564 59 100
565 59 19
567 59 39
568 59 87
570 59 2
572 59 47
574 59 80
581 59 17
585 59 88
586 59 61
589 59 88
591 59 51
595 59 7
597 59 27
0 60 96
1 60 11779
3 60 11932
4 60 74
5 60 8390
7 60 10420
8 60 81
9 60 8321
11 60 8553
12 60 78
13 60 11462
15 60 10772
17 60 10942
19 60 11094
21 60 9310
22 60 32
23 60 10297
25 60 11347
26 60 58
27 60 8804
29 60 11184
31 60 8971
33 60 8801
34 60 93
35 60 10445
37 60 11489
39 60 9110
41 60 11191
42 60 42
43 60 8446
45 60 9887
46 60 59
47 60 9939
48 60 62
49 60 10952
50 60 45
51 60 8049
53 60 10996
55 60 8228
57 60 9823
59 60 11977
61 60 8694
63 60 8219
64 60 15
65 60 9999
67 60 8502
69 60 9512
70 60 83
71 60 10950
72 60 79
73 60 10879
74 60 91
75 60 11243
77 60 8435
78 60 70
79 60 10869
80 60 88
81 60 10837
83 60 11345
84 60 50
85 60 8375
87 60 11100
89 60 8242
91 60 10464
92 60 23
93 60 10351
95 60 10637
96 60 93
97 60 11589
98 60 28
99 60 10671
101 60 8394
103 60 8988
104 60 1
105 60 11278
107 60 9387
108 60 86
109 60 11506
111 60 8398
113 60 10660
115 60 10752
117 60 11802
119 60 8503
121 60 11843
122 60 85
123 60 10527
124 60 28
125 60 9909
127 60 8357
128 60 53
129 60 10877
131 60 10008
133 60 8185
135 60 8046
136 60 56
137 60 8940
138 60 23
139 60 9277
140 60 80
141 60 11668
142 60 88
143 60 10274
144 60 88
145 60 9419
146 60 22
147 60 10156
148 60 69
149 60 10420
150 60 91
151 60 11680
153 60 11305
155 60 9433
156 60 97
157 60 8250
159 60 11303
161 60 9478
162 60 21
163 60 9433
165 60 9004
167 60 8215
168 60 78
169 60 10195
170 60 93
171 60 10632
173 60 9273
175 60 8336
177 60 8037
178 60 49
179 60 9744
180 60 42
181 60 10539
182 60 34
183 60 8189
184 60 83
185 60 8025
186 60 37
187 60 10114
188 60 40
189 60 11668
190 60 92
191 60 11042
192 60 47
193 60 10672
194 60 67
195 60 8084
197 60 8785
198 60 61
199 60 8213
201 60 9907
202 60 96
203 60 11991
204 60 46
205 60 9249
207 60 10805
209 60 11422
210 60 81
211 60 10593
212 60 73
213 60 8642
214 60 100
215 60 9298
216 60 26
217 60 10430
219 60 9678
220 60 96
221 60 10399
222 60 20
223 60 9097
225 60 9166
227 60 8837
229 60 10658
230 60 27
231 60 11929
232 60 79
233 60 9625
234 60 69
235 60 11280
237 60 11368
239 60 8804
240 60 3
241 60 8020
242 60 22
243 60 8714
245 60 10461
247 60 8681
248 60 25
249 60 10402
251 60 11732
253 60 8634
255 60 8429
256 60 71
257 60 8698
258 60 9
259 60 10265
260 60 17
261 60 9195
263 60 11835
264 60 10
265 60 8147
266 60 37
267 60 11127
269 60 9269
270 60 86
271 60 11286
272 60 48
273 60 11401
274 60 40
275 60 11996
276 60 60
277 60 11917
278 60 23
279 60 11484
281 60 8901
282 60 9
283 60 10309
284 60 38
285 60 10371
286 60 33
287 60 10488
288 60 43
289 60 8643
290 60 79
291 60 11971
293 60 8310
294 60 58
295 60 9731
296 60 16
297 60 8732
299 60 10806
301 60 10347
302 60 34
303 60 8671
305 60 10245
306 60 26
307 60 11145
309 60 10156
310 60 80
311 60 9862
312 60 36
313 60 9525
314 60 57
315 60 10159
317 60 10925
318 60 97
319 60 10383
320 60 24
321 60 9460
323 60 10660
325 60 10125
326 60 86
327 60 10463
329 60 11368
330 60 93
331 60 9188
332 60 30
333 60 8807
334 60 53
335 60 8105
337 60 8825
338 60 88
339 60 10221
340 60 63
341 60 11815
342 60 80
343 60 11761
344 60 58
345 60 10590
346 60 18
347 60 9111
348 60 17
349 60 9706
351 60 11806
353 60 8235
354 60 4
355 60 10067
357 60 11203
358 60 16
359 60 11822
361 60 10318
362 60 77
363 60 10626
365 60 9252
367 60 11773
369 60 11097
371 60 8733
372 60 86
373 60 8409
375 60 10298
377 60 11131
378 60 93
379 60 9231
381 60 10386
382 60 71
383 60 8763
385 60 10632
387 60 11812
388 60 53
389 60 9303
391 60 11332
393 60 10124
395 60 9131
397 60 9821
398 60 79
399 60 8914
400 60 29
401 60 8407
403 60 9475
405 60 10429
406 60 28
407 60 10155
408 60 90
409 60 11473
410 60 45
411 60 9888
412 60 87
413 60 10858
414 60 68
415 60 10000
417 60 9225
418 60 96
419 60 10444
421 60 8869
422 60 77
423 60 11143
424 60 17
425 60 9607
426 60 50
427 60 9231
428 60 54
429 60 9690
431 60 9634
432 60 23
433 60 11101
435 60 11765
437 60 9105
438 60 69
439 60 8477
441 60 10483
442 60 45
443 60 11539
444 60 50
445 60 8191
446 60 73
447 60 8223
448 60 40
449 60 9985
451 60 8783
453 60 8592
454 60 84
455 60 9764
456 60 49
457 60 10416
458 60 44
459 60 10608
461 60 10258
463 60 10621
465 60 11004
466 60 4
467 60 11801
469 60 9474
470 60 61
471 60 11782
472 60 72
473 60 10590
475 60 9403
477 60 10209
479 60 8460
481 60 11259
482 60 55
483 60 8767
484 60 16
485 60 10996
486 60 35
487 60 8451
489 60 10086
491 60 9874
493 60 8402
495 60 10464
496 60 10
497 60 9110
498 60 98
499 60 8435
501 60 11300
502 60 75
503 60 10179
505 60 11565
507 60 8201
509 60 9156
510 60 56
511 60 10053
512 60 6
513 60 8314
514 60 33
515 60 11282
516 60 87
517 60 11869
518 60 43
519 60 11158
520 60 49
521 60 11126
523 60 10797
525 60 10522
527 60 8531
529 60 8721
530 60 67
531 60 8422
533 60 11851
535 60 9454
536 60 57
537 60 8196
539 60 8505
541 60 11981
543 60 8981
544 60 23
545 60 11860
547 60 8387
548 60 64
549 60 8344
551 60 11638
552 60 6
553 60 11614
554 60 17
555 60 8666
557 60 8063
559 60 8815
561 60 10562
562 60 93
563 60 8871
565 60 10872
566 60 84
567 60 8266
569 60 8423
571 60 9435
572 60 100
573 60 11371
575 60 11014
577 60 10222
578 60 22
579 60 8809
581 60 11239
583 60 11264
585 60 8929
587 60 11195
588 60 19
589 60 11986
591 60 9811
592 60 84
593 60 8976
594 60 56
595 60 8715
596 60 74
597 60 8119
599 60 10901
0 61 90
1 61 74
2 61 5
5 61 58
7 61 32
9 61 76
10 61 55
12 61 39
14 61 6
19 61 13
20 61 65
22 61 79
24 61 57
27 61 84
29 61 78
30 61 22
31 61 93
34 61 65
35 61 75
44 61 86
45 61 21
47 61 8
48 61 4
49 61 50
52 61 85
55 61 61
58 61 80
59 61 80
61 61 46
63 61 48
65 61 19
67 61 5
78 61 41
79 61 46
87 61 80
88 61 60
89 61 35
92 61 60
94 61 17
99 61 15
101 61 8
102 61 26
103 61 57
109 61 36
112 61 41
115 61 30
119 61 84
127 61 63
131 61 32
137 61 19
140 61 50
142 61 85
143 61 3
147 61 55
150 61 64
151 61 12
152 61 45
156 61 75
158 61 5
162 61 46
166 61 18
169 61 22
170 61 32
171 61 67
174 61 40
175 61 55
176 61 61
177 61 70
182 61 33
185 61 78
186 61 51
189 61 54
191 61 17
195 61 73
196 61 50
199 61 39
200 61 97
201 61 94
202 61 24
203 61 69
205 61 46
208 61 85
209 61 45
210 61 98
211 61 90
212 61 95
213 61 40
215 61 68
216 61 100
217 61 39
220 61 54
221 61 52
222 61 35
224 61 90
228 61 76
229 61 21
232 61 70
233 61 22
235 61 7
236 61 46
237 61 55
238 61 22
241 61 73
243 61 46
244 61 34
245 61 68
246 61 69
247 61 9
250 61 53
252 61 42
254 61 61
256 61 29
258 61 16
259 61 25
262 61 77
264 61 38
267 61 47
270 61 63
271 61 52
273 61 32
274 61 27
276 61 22
278 61 52
279 61 63
281 61 64
282 61 12
284 61 51
286 61 52
287 61 22
288 61 39
289 61 31
291 61 9
295 61 65
297 61 94
298 61 50
301 61 43
303 61 82
307 61 10
310 61 45
311 61 43
314 61 92
319 61 53
323 61 20
325 61 21
327 61 34
330 61 57
331 61 64
333 61 23
335 61 20
337 61 98
338 61 91
339 61 49
340 61 58
341 61 82
342 61 8
343 61 97
344 61 24
347 61 21
350 61 84
351 61 12
352 61 84
356 61 31
357 61 92
359 61 41
361 61 11
363 61 88
367 61 69
368 61 89
369 61 74
370 61 53
373 61 69
374 61 51
377 61 67
378 61 62
380 61 3
382 61 42
383 61 31
384 61 100
385 61 2
386 61 39
389 61 44
391 61 97
396 61 68
397 61 93
398 61 36
399 61 74
407 61 32
411 61 54
412 61 18
417 61 62
419 61 20
421 61 11
423 61 86
424 61 14
425 61 16
426 61 52
428 61 13
429 61 7
430 61 98
431 61 97
432 61 9
433 61 13
437 61 83
438 61 17
439 61 54
442 61 7
443 61 48
445 61 34
447 61 37
448 61 43
451 61 74
452 61 5
453 61 76
454 61 80
461 61 18
464 61 73
465 61 8
467 61 8
468 61 30
469 61 13
471 61 64
472 61 54
473 61 74
474 61 10
475 61 85
476 61 33
480 61 70
481 61 3
483 61 58
484 61 44
485 61 76
486 61 5
487 61 47
492 61 3
497 61 65
499 61 34
500 61 32
502 61 57
503 61 11
504 61 35
506 61 4
507 61 20
510 61 97
511 61 35
516 61 1
517 61 26
518 61 70
519 61 53
520 61 82
523 61 93
525 61 86
526 61 5
530 61 52
531 61 24
532 61 64
533 61 61
542 61 66
544 61 81
545 61 21
546 61 5
548 61 29
556 61 21
557 61 97
561 61 77
562 61 9
564 61 43
565 61 2
567 61 36
569 61 99
571 61 72
572 61 19
576 61 52
577 61 85
579 61 15
581 61 45
582 61 77
583 61 60
584 61 91
586 61 95
587 61 43
588 61 41
590 61 93
596 61 15
0 62 83
1 62 9074
2 62 39
3 62 9080
4 62 22
5 62 11241
7 62 9629
9 62 9804
10 62 24
11 62 11997
13 62 10947
15 62 9181
17 62 8699
18 62 72
19 62 9879
20 62 36
21 62 9617
22 62 33
23 62 10843
24 62 21
25 62 11714
26 62 2
27 62 8630
29 62 9685
31 62 9623
32 62 4
33 62 8966
35 62 10657
36 62 22
37 62 9617
38 62 52
39 62 11125
40 62 85
41 62 8608
43 62 11045
44 62 11
45 62 10703
47 62 10510
48 62 28
49 62 10103
50 62 48
51 62 10270
52 62 73
53 62 9382
54 62 62
55 62 8768
56 62 38
57 62 11448
58 62 51
59 62 8553
60 62 58
61 62 11278
62 62 35
63 62 11732
64 62 15
65 62 11274
66 62 43
67 62 8487
68 62 57
69 62 11486
71 62 8798
73 62 11088
74 62 90
75 62 10549
76 62 7
77 62 10782
78 62 68
79 62 11676
81 62 9192
83 62 10939
85 62 9895
87 62 10734
88 62 52
89 62 9896
90 62 26
91 62 9819
92 62 19
93 62 8543
94 62 6
95 62 11081
96 62 33
97 62 9006
98 62 57
99 62 10352
100 62 95
101 62 10531
102 62 87
103 62 11648
104 62 64
105 62 9212
106 62 14
107 62 11218
109 62 9577
110 62 46
111 62 9600
113 62 10841
114 62 5
115 62 8890
117 62 11468
119 62 8352
120 62 81
121 62 11923
123 62 8184
125 62 9497
127 62 8187
128 62 61
129 62 11002
131 62 8046
132 62 88
133 62 10914
135 62 11310
137 62 10329
139 62 10084
141 62 9468
142 62 71
143 62 8457
144 62 27
145 62 11952
147 62 10884
148 62 53
149 62 11380
150 62 95
151 62 9287
152 62 35
153 62 11413
154 62 40
155 62 11748
156 62 98
157 62 10649
159 62 11416
161 62 8862
162 62 91
163 62 9129
164 62 50
165 62 9247
167 62 8190
169 62 9535
171 62 8259
173 62 8145
174 62 22
175 62 9044
177 62 9701
178 62 89
179 62 8200
181 62 10300
182 62 91
183 62 8993
184 62 15
185 62 11894
186 62 24
187 62 9947
188 62 3
189 62 9880
190 62 64
191 62 10465
192 62 31
193 62 11778
195 62 11459
196 62 93
197 62 8393
198 62 73
199 62 11824
201 62 10536
203 62 8628
204 62 56
205 62 10926
206 62 93
207 62 8001
208 62 52
209 62 11283
210 62 8
211 62 9680
212 62 22
213 62 10953
214 62 31
215 62 10770
217 62 10766
219 62 10143
221 62 11570
223 62 8781
224 62 59
225 62 11045
226 62 5
227 62 9528
229 62 10690
230 62 4
231 62 10016
233 62 11899
234 62 68
235 62 9425
236 62 16
237 62 8463
239 62 8160
240 62 78
241 62 8056
243 62 11509
244 62 67
245 62 8365
247 62 11759
249 62 9419
251 62 11112
253 62 11924
254 62 92
255 62 11344
257 62 10348
259 62 8184
261 62 9525
262 62 93
263 62 11216
264 62 65
265 62 10223
266 62 28
267 62 11163
269 62 10909
271 62 8738
272 62 7
273 62 9113
274 62 57
275 62 10968
276 62 67
277 62 8370
278 62 83
279 62 11651
281 62 8760
282 62 44
283 62 11071
285 62 9058
286 62 99
287 62 10738
289 62 9793
291 62 10138
293 62 8538
294 62 66
295 62 8268
296 62 69
297 62 8581
299 62 11110
301 62 11724
303 62 9250
304 62 12
305 62 8411
306 62 58
307 62 11757
308 62 30
309 62 9813
311 62 8612
313 62 11459
314 62 62
315 62 9151
316 62 25
317 62 10452
318 62 92
319 62 8797
320 62 70
321 62 10191
323 62 11143
324 62 25
325 62 8847
327 62 10815
329 62 9481
330 62 11
331 62 8249
332 62 34
333 62 11824
334 62 82
335 62 8587
337 62 11950
339 62 8476
340 62 44
341 62 9128
343 62 10119
345 62 10000
347 62 11577
348 62 60
349 62 9497
351 62 9610
353 62 9063
354 62 84
355 62 10905
356 62 72
357 62 11320
358 62 71
359 62 8459
361 62 11365
362 62 81
363 62 8377
364 62 37
365 62 11066
366 62 66
367 62 11471
368 62 97
369 62 10566
371 62 10441
372 62 11
373 62 11910
375 62 11543
376 62 61
377 62 11296
379 62 8182
381 62 8979
383 62 10692
385 62 11321
387 62 9561
388 62 38
389 62 10497
390 62 61
391 62 8113
392 62 11
393 62 8098
395 62 9024
396 62 7
397 62 8100
399 62 9499
401 62 10189
403 62 11609
404 62 5
405 62 11499
407 62 8820
409 62 8716
410 62 35
411 62 8426
413 62 11069
414 62 55
415 62 9360
416 62 91
417 62 8135
418 62 73
419 62 8544
421 62 11815
422 62 49
423 62 9544
425 62 8272
427 62 9985
429 62 8857
430 62 21
431 62 9772
432 62 23
433 62 9327
434 62 88
435 62 9599
436 62 4
437 62 10484
439 62 9189
441 62 9135
442 62 93
443 62 11961
444 62 32
445 62 11618
446 62 8
447 62 9052
449 62 9967
450 62 86
451 62 10780
453 62 11627
454 62 60
455 62 10472
457 62 10809
459 62 9581
461 62 9061
462 62 95
463 62 9346
464 62 12
465 62 9382
467 62 9050
469 62 10520
471 62 10972
472 62 69
473 62 11207
474 62 70
475 62 8704
476 62 23
477 62 8930
478 62 94
479 62 8314
481 62 10203
483 62 8195
484 62 72
485 62 11074
486 62 22
487 62 10167
489 62 8450
491 62 8532
492 62 37
493 62 9027
494 62 61
495 62 8192
497 62 8685
498 62 100
499 62 10099
500 62 24
501 62 9423
502 62 11
503 62 10747
505 62 10931
506 62 95
507 62 8708
509 62 11790
510 62 85
511 62 8991
512 62 80
513 62 10733
515 62 9621
517 62 8315
518 62 100
519 62 9843
521 62 8187
523 62 10426
525 62 9020
526 62 62
527 62 9412
529 62 10111
531 62 11557
532 62 36
533 62 11668
535 62 8877
537 62 9621
538 62 67
539 62 9568
540 62 86
541 62 9090
543 62 11689
544 62 18
545 62 10633
547 62 8828
549 62 10360
551 62 8967
553 62 8573
555 62 9910
556 62 45
557 62 10905
558 62 71
559 62 8637
560 62 66
561 62 8460
562 62 64
563 62 10898
564 62 33
565 62 8675
567 62 9922
568 62 42
569 62 10054
571 62 11715
573 62 10812
575 62 9528
577 62 11915
578 62 44
579 62 11574
581 62 11382
583 62 9881
584 62 100
585 62 8063
587 62 11859
588 62 33
589 62 11234
590 62 65
591 62 10498
592 62 93
593 62 9450
595 62 9542
597 62 11883
599 62 11226
1 63 53
7 63 27
8 63 81
11 63 15
19 63 38
21 63 5
22 63 30
23 63 43
24 63 73
25 63 60
27 63 57
28 63 28
29 63 68
31 63 31
32 63 20
33 63 29
36 63 88
37 63 68
40 63 35
42 63 55
43 63 74
44 63 97
45 63 38
46 63 78
48 63 10
52 63 45
54 63 13
58 63 76
59 63 98
60 63 25
62 63 10
64 63 63
67 63 37
71 63 100
72 63 28
73 63 32
74 63 19
75 63 88
78 63 56
80 63 96
81 63 52
82 63 35
85 63 14
87 63 84
89 63 51
90 63 52
92 63 2
93 63 41
94 63 94
100 63 23
101 63 95
102 63 38
104 63 82
106 63 71
107 63 58
109 63 26
110 63 6
111 63 6
120 63 55
121 63 46
123 63 19
125 63 59
126 63 9
127 63 76
128 63 56
133 63 15
136 63 24
138 63 98
139 63 44
140 63 85
143 63 88
147 63 51
148 63 86
150 63 2
151 63 35
152 63 94
153 63 31
155 63 87
156 63 24
157 63 68
160 63 74
163 63 89
164 63 97
166 63 95
167 63 87
168 63 20
169 63 79
172 63 42
174 63 42
175 63 9
178 63 88
181 63 45
182 63 95
184 63 41
185 63 35
186 63 95
187 63 56
188 63 62
189 63 21
192 63 14
194 63 27
198 63 58
199 63 33
202 63 84
206 63 28
207 63 47
208 63 69
212 63 38
213 63 6
214 63 16
216 63 7
217 63 42
218 63 59
219 63 35
220 63 64
223 63 37
224 63 89
225 63 53
226 63 83
227 63 14
228 63 89
231 63 75
233 63 62
234 63 10
235 63 20
238 63 92
250 63 99
253 63 99
254 63 11
255 63 61
256 63 91
258 63 97
266 63 31
267 63 71
268 63 63
269 63 83
270 63 23
271 63 3
272 63 21
274 63 4
276 63 67
277 63 87
280 63 23
282 63 57
283 63 49
284 63 2
285 63 8
287 63 75
289 63 90
290 63 43
296 63 39
298 63 87
299 63 92
301 63 37
304 63 71
305 63 81
307 63 68
308 63 91
310 63 51
312 63 81
313 63 75
316 63 26
317 63 25
319 63 37
320 63 69
321 63 32
322 63 67
323 63 47
324 63 29
327 63 14
329 63 68
331 63 77
332 63 33
333 63 64
334 63 17
335 63 41
339 63 76
342 63 55
343 63 65
344 63 48
348 63 94
349 63 71
352 63 60
353 63 11
356 63 48
359 63 77
362 63 18
365 63 41
366 63 37
371 63 96
374 63 12
381 63 18
383 63 10
385 63 74
388 63 21
389 63 86
392 63 32
395 63 23
398 63 76
399 63 16
401 63 99
403 63 73
404 63 23
405 63 7
407 63 57
409 63 100
410 63 79
411 63 43
414 63 52
416 63 34
420 63 32
425 63 24
426 63 75
428 63 73
430 63 57
431 63 30
433 63 39
438 63 1
439 63 87
440 63 34
441 63 87
442 63 12
444 63 96
446 63 50
448 63 40
451 63 18
452 63 28
453 63 95
455 63 91
457 63 67
458 63 10
459 63 17
460 63 16
462 63 88
465 63 68
466 63 26
467 63 82
473 63 68
474 63 46
477 63 54
480 63 22
482 63 6
483 63 8
484 63 80
489 63 29
490 63 92
491 63 84
492 63 6
493 63 65
494 63 73
495 63 97
496 63 26
497 63 20
498 63 72
499 63 52
502 63 88
503 63 90
504 63 58
505 63 83
506 63 32
507 63 90
508 63 75
510 63 86
514 63 54
516 63 8
519 63 42
522 63 64
524 63 55
529 63 27
530 63 16
531 63 78
532 63 46
534 63 4
535 63 89
537 63 77
538 63 92
539 63 47
541 63 94
542 63 48
548 63 58
549 63 98
551 63 55
552 63 95
553 63 90
556 63 43
557 63 18
559 63 34
563 63 66
565 63 97
566 63 23
569 63 3
571 63 28
574 63 56
577 63 26
579 63 20
580 63 7
582 63 12
583 63 42
584 63 33
588 63 31
591 63 92
592 63 48
596 63 67
597 63 79
599 63 17
1 64 10222
3 64 8810
4 64 45
5 64 11514
6 64 8
7 64 11627
9 64 8028
11 64 8754
13 64 9737
15 64 9261
17 64 10077
18 64 57
19 64 10882
21 64 8216
23 64 8684
24 64 5
25 64 11391
26 64 35
27 64 9312
29 64 11167
31 64 11411
32 64 79
33 64 11601
35 64 10004
37 64 9736
38 64 92
39 64 11019
40 64 68
41 64 8972
42 64 59
43 64 9932
45 64 11147
46 64 50
47 64 11327
49 64 10649
51 64 9978
52 64 31
53 64 8384
54 64 87
55 64 9340
56 64 90
57 64 10695
58 64 43
59 64 10826
60 64 72
61 64 8682
62 64 50
63 64 9264
64 64 69
65 64 8927
66 64 95
67 64 10140
68 64 27
69 64 9702
71 64 10708
72 64 54
73 64 8812
75 64 10670
77 64 8102
79 64 10630
81 64 10939
82 64 98
83 64 9886
84 64 43
85 64 9526
86 64 41
87 64 9231
88 64 99
89 64 9331
91 64 11402
93 64 9802
94 64 12
95 64 11490
97 64 11545
99 64 8540
100 64 65
101 64 9851
103 64 10586
104 64 99
105 64 11487
107 64 9357
109 64 11852
111 64 8143
112 64 11
113 64 8590
114 64 1
115 64 10400
116 64 81
117 64 8821
119 64 10937
121 64 10204
123 64 9596
124 64 98
125 64 8387
126 64 64
127 64 11443
128 64 21
129 64 10971
131 64 11476
133 64 11273
134 64 52
135 64 9062
136 64 23
137 64 8721
139 64 11962
141 64 10802
142 64 24
143 64 9881
145 64 11627
147 64 9245
148 64 92
149 64 10609
150 64 83
151 64 8835
152 64 62
153 64 11232
155 64 8730
157 64 8633
158 64 49
159 64 11643
161 64 9786
163 64 10313
164 64 37
165 64 10464
166 64 14
167 64 9001
168 64 60
169 64 10250
171 64 10407
173 64 9539
174 64 97
175 64 10693
177 64 11850
178 64 77
179 64 10413
181 64 9627
183 64 8816
184 64 72
185 64 8144
186 64 32
187 64 9122
188 64 25
189 64 9607
191 64 10090
193 64 10577
194 64 45
195 64 8308
197 64 11830
198 64 87
199 64 8453
201 64 8826
202 64 22
203 64 10049
204 64 4
205 64 10469
207 64 8746
208 64 42
209 64 11053
210 64 91
211 64 9918
212 64 66
213 64 10887
215 64 8885
217 64 10833
218 64 73
219 64 9243
221 64 8647
222 64 18
223 64 8515
225 64 8116
226 64 54
227 64 10143
229 64 11281
230 64 1
231 64 8056
232 64 42
233 64 10762
234 64 16
235 64 9191
237 64 11023
238 64 60
239 64 10300
240 64 63
241 64 8645
242 64 51
243 64 9019
245 64 9527
246 64 19
247 64 9289
248 64 26
249 64 9022
250 64 83
251 64 10054
252 64 71
253 64 10182
254 64 61
255 64 10756
257 64 10277
259 64 10066
260 64 100
261 64 8094
262 64 57
263 64 9936
265 64 11951
266 64 85
267 64 9185
268 64 62
269 64 8343
270 64 5
271 64 10574
272 64 73
273 64 11867
275 64 11831
277 64 10107
278 64 11
279 64 10225
280 64 75
281 64 10542
282 64 29
283 64 10209
284 64 18
285 64 11895
286 64 80
287 64 11059
289 64 8598
291 64 11225
292 64 75
293 64 11467
294 64 48
295 64 9946
297 64 11947
299 64 8865
301 64 11525
302 64 88
303 64 11595
305 64 10427
306 64 74
307 64 11442
309 64 8087
311 64 11850
313 64 11903
314 64 51
315 64 8312
317 64 8410
318 64 43
319 64 10605
321 64 11479
322 64 67
323 64 11044
325 64 8034
327 64 11368
328 64 93
329 64 10785
330 64 21
331 64 9320
333 64 11849
335 64 10570
336 64 78
337 64 11086
339 64 11767
340 64 81
341 64 10711
343 64 11406
344 64 11
345 64 9903
346 64 41
347 64 10567
348 64 2
349 64 9102
351 64 8714
353 64 11752
354 64 72
355 64 9570
357 64 10607
359 64 11921
361 64 8146
363 64 10168
364 64 58
365 64 11017
367 64 8669
368 64 37
369 64 9810
370 64 15
371 64 11356
373 64 9531
375 64 9611
376 64 100
377 64 10331
379 64 9796
381 64 8787
383 64 10972
384 64 18
385 64 9347
387 64 11097
388 64 77
389 64 11577
390 64 93
391 64 10665
392 64 89
393 64 10851
394 64 81
395 64 8877
397 64 10212
398 64 14
399 64 11717
400 64 2
401 64 10442
403 64 10479
404 64 87
405 64 8573
407 64 9736
408 64 97
409 64 10249
411 64 9939
413 64 10031
414 64 28
415 64 10478
416 64 32
417 64 9526
419 64 11832
420 64 81
421 64 8111
423 64 8294
425 64 11463
426 64 54
427 64 9889
428 64 50
429 64 10655
431 64 11689
432 64 79
433 64 11372
435 64 10779
436 64 85
437 64 10480
438 64 61
439 64 8460
440 64 81
441 64 8170
442 64 69
443 64 11522
444 64 95
445 64 11200
446 64 61
447 64 10023
449 64 9711
451 64 9611
452 64 42
453 64 8228
454 64 86
455 64 11753
456 64 45
457 64 9559
458 64 85
459 64 8343
460 64 76
461 64 8911
463 64 11197
464 64 67
465 64 9685
467 64 10826
469 64 9194
470 64 27
471 64 11913
472 64 18
473 64 10822
475 64 9941
476 64 4
477 64 9494
478 64 61
479 64 8234
481 64 11079
482 64 4
483 64 10340
484 64 27
485 64 10575
486 64 2
487 64 8384
489 64 8206
490 64 92
491 64 8903
492 64 89
493 64 8077
494 64 60
495 64 11389
497 64 10215
498 64 26
499 64 11524
501 64 8299
502 64 12
503 64 8806
504 64 25
505 64 11498
506 64 58
507 64 10321
508 64 70
509 64 10224
510 64 34
511 64 11281
512 64 70
513 64 8582
514 64 13
515 64 9789
516 64 58
517 64 9500
519 64 11394
520 64 19
521 64 11938
523 64 11023
524 64 92
525 64 8969
527 64 9066
528 64 13
529 64 11213
531 64 8228
532 64 18
533 64 10435
534 64 9
535 64 11365
536 64 84
537 64 8071
539 64 10308
541 64 11596
543 64 11968
544 64 10
545 64 8443
546 64 89
547 64 11116
549 64 9580
550 64 82
551 64 8038
553 64 8967
555 64 10840
556 64 65
557 64 10551
558 64 80
559 64 9306
561 64 10510
562 64 6
563 64 10234
565 64 8377
566 64 60
567 64 10442
569 64 11933
570 64 21
571 64 10409
573 64 11237
574 64 73
575 64 11501
577 64 10704
578 64 51
579 64 10347
581 64 9701
583 64 8828
585 64 11608
587 64 11831
588 64 78
589 64 11734
590 64 100
591 64 10602
592 64 94
593 64 10019
595 64 8641
596 64 15
597 64 11437
598 64 64
599 64 8586
2 65 43
3 65 47
5 65 86
6 65 46
8 65 98
9 65 53
11 65 38
12 65 31
16 65 37
17 65 91
20 65 43
21 65 46
24 65 37
26 65 68
27 65 17
32 65 59
33 65 86
34 65 91
35 65 36
37 65 52
38 65 2
39 65 47
40 65 60
48 65 39
49 65 49
50 65 100
51 65 23
53 65 8
57 65 8
58 65 41
59 65 82
60 65 79
61 65 59
65 65 85
66 65 21
67 65 38
69 65 68
70 65 22
71 65 7
72 65 2
76 65 93
77 65 20
79 65 58
80 65 8
82 65 30
83 65 19
87 65 3
88 65 19
91 65 90
92 65 64
94 65 33
96 65 9
97 65 4
99 65 8
101 65 19
106 65 89
111 65 20
112 65 57
113 65 5
115 65 19
116 65 6
118 65 57
119 65 86
120 65 15
121 65 39
122 65 53
127 65 21
128 65 100
129 65 7
130 65 33
131 65 79
134 65 72
135 65 91
138 65 77
142 65 52
143 65 41
145 65 81
146 65 79
150 65 96
151 65 7
157 65 2
158 65 59
160 65 28
161 65 96
164 65 70
168 65 55
172 65 83
173 65 77
174 65 48
175 65 37
180 65 75
181 65 48
182 65 37
183 65 19
184 65 78
185 65 63
187 65 20
188 65 28
191 65 45
192 65 4
193 65 42
194 65 92
195 65 24
197 65 96
199 65 82
200 65 51
202 65 43
204 65 55
205 65 80
207 65 86
208 65 37
209 65 5
213 65 68
215 65 54
221 65 71
223 65 2
226 65 64
227 65 49
229 65 13
233 65 60
236 65 44
238 65 80
241 65 18
244 65 31
245 65 80
246 65 41
254 65 6
255 65 74
256 65 25
262 65 46
264 65 31
265 65 68
266 65 50
268 65 37
270 65 51
272 65 22
273 65 82
274 65 7
276 65 91
283 65 56
286 65 96
288 65 86
289 65 78
290 65 14
294 65 37
297 65 89
298 65 15
301 65 90
302 65 52
303 65 10
304 65 31
305 65 22
306 65 85
307 65 78
313 65 11
317 65 56
322 65 26
323 65 26
326 65 50
332 65 93
334 65 85
335 65 3
336 65 28
337 65 12
338 65 20
339 65 36
342 65 9
344 65 13
345 65 46
346 65 62
348 65 65
349 65 69
353 65 27
354 65 65
355 65 89
357 65 69
358 65 17
359 65 59
361 65 99
362 65 47
363 65 39
364 65 23
365 65 20
367 65 65
368 65 100
377 65 37
380 65 44
381 65 19
382 65 83
383 65 12
387 65 18
388 65 85
390 65 1
393 65 74
394 65 76
398 65 53
399 65 25
403 65 13
405 65 33
408 65 95
410 65 59
413 65 29
416 65 82
417 65 41
418 65 100
421 65 4
424 65 28
430 65 47
432 65 34
433 65 78
434 65 16
436 65 78
437 65 94
438 65 90
440 65 65
442 65 65
445 65 49
446 65 68
447 65 96
450 65 48
451 65 9
452 65 30
454 65 48
455 65 11
456 65 11
457 65 25
458 65 17
459 65 60
463 65 82
464 65 96
465 65 29
466 65 50
468 65 62
469 65 18
470 65 70
471 65 42
472 65 2
473 65 45
474 65 15
475 65 1
476 65 49
477 65 81
481 65 49
483 65 11
485 65 91
487 65 85
489 65 86
490 65 2
492 65 14
494 65 71
496 65 65
498 65 71
500 65 76
503 65 46
504 65 77
506 65 49
507 65 58
508 65 14
509 65 10
510 65 8
511 65 25
512 65 59
513 65 96
514 65 98
515 65 35
519 65 66
520 65 27
523 65 13
525 65 82
526 65 42
529 65 95
530 65 78
531 65 83
532 65 7
535 65 72
537 65 99
539 65 26
541 65 18
542 65 94
543 65 60
548 65 68
549 65 24
551 65 16
554 65 13
555 65 52
556 65 25
558 65 69
560 65 21
561 65 40
565 65 99
566 65 52
568 65 12
569 65 30
570 65 39
571 65 91
572 65 68
575 65 14
576 65 23
577 65 23
578 65 49
580 65 48
581 65 98
584 65 81
585 65 83
586 65 30
587 65 31
589 65 22
590 65 26
591 65 38
592 65 97
593 65 47
594 65 44
595 65 36
596 65 70
598 65 33
599 65 28
0 66 69
1 66 11385
3 66 9704
5 66 10477
6 66 7
7 66 8698
9 66 8276
11 66 10735
13 66 11737
14 66 99
15 66 11319
17 66 10180
19 66 9874
20 66 39
21 66 11224
23 66 9376
24 66 16
25 66 9750
27 66 11470
29 66 10242
31 66 9268
32 66 94
33 66 10112
34 66 28
35 66 9843
36 66 84
37 66 11842
38 66 20
39 66 8200
40 66 51
41 66 11070
42 66 92
43 66 9610
45 66 11538
46 66 71
47 66 8653
48 66 83
49 66 9564
50 66 13
51 66 11882
53 66 9442
55 66 10611
56 66 5
57 66 8731
58 66 3
59 66 10853
60 66 86
61 66 9240
63 66 8482
64 66 62
65 66 8347
66 66 53
67 66 10643
69 66 8308
71 66 9160
72 66 19
73 66 8343
75 66 11560
76 66 67
77 66 10151
79 66 11119
80 66 3
81 66 10552
82 66 49
83 66 9461
84 66 98
85 66 11490
86 66 64
87 66 8598
89 66 11282
91 66 11083
93 66 10219
95 66 10670
97 66 9849
98 66 52
99 66 11074
101 66 8599
102 66 78
103 66 11760
105 66 10723
106 66 27
107 66 10956
109 66 8919
111 66 11490
112 66 45
113 66 9668
115 66 10372
117 66 10227
119 66 10765
121 66 9095
122 66 26
123 66 9511
124 66 42
125 66 11497
126 66 89
127 66 10064
129 66 11372
131 66 9911
133 66 10333
134 66 46
135 66 9591
137 66 9868
139 66 11052
140 66 69
141 66 10011
143 66 10200
145 66 9720
147 66 8729
149 66 8846
151 66 8881
152 66 69
153 66 10552
155 66 11448
157 66 10249
159 66 9326
160 66 1
161 66 9602
163 66 8340
164 66 24
165 66 10751
167 66 9832
168 66 20
169 66 11525
171 66 9339
172 66 49
173 66 8340
174 66 69
175 66 11437
177 66 11179
178 66 90
179 66 10770
181 66 8988
182 66 7
183 66 9383
184 66 90
185 66 10491
186 66 10
187 66 11375
189 66 9840
190 66 3
191 66 10811
193 66 9094
194 66 54
195 66 9818
196 66 21
197 66 10835
199 66 9426
200 66 64
201 66 10366
203 66 9337
204 66 61
205 66 8536
206 66 40
207 66 8270
209 66 10293
211 66 9069
213 66 11097
214 66 27
215 66 8054
216 66 23
217 66 10057
219 66 11451
220 66 75
221 66 11626
223 66 11031
224 66 52
225 66 11026
226 66 81
227 66 9397
229 66 9139
230 66 12
231 66 11637
232 66 16
233 66 11343
234 66 33
235 66 11759
237 66 10559
238 66 83
239 66 10344
240 66 34
241 66 8054
243 66 11985
244 66 25
245 66 9172
246 66 13
247 66 9494
248 66 71
249 66 9062
250 66 1
251 66 8174
252 66 99
253 66 11718
255 66 10023
256 66 34
257 66 10370
258 66 16
259 66 11372
261 66 9851
263 66 9097
264 66 13
265 66 11148
266 66 39
267 66 8496
268 66 36
269 66 9050
271 66 8714
273 66 8612
274 66 99
275 66 10106
276 66 92
277 66 9189
278 66 35
279 66 11186
280 66 82
281 66 10345
283 66 9304
284 66 73
285 66 9372
286 66 8
287 66 8601
288 66 96
289 66 9142
290 66 17
291 66 8103
292 66 42
293 66 11177
294 66 84
295 66 8283
297 66 10966
299 66 11722
301 66 8998
302 66 93
303 66 11396
304 66 20
305 66 10105
306 66 15
307 66 8542
309 66 11065
311 66 9040
312 66 99
313 66 9477
315 66 9058
317 66 9276
319 66 11299
320 66 87
321 66 8002
323 66 11732
324 66 79
325 66 9031
326 66 68
327 66 10654
329 66 9455
330 66 74
331 66 10985
332 66 69
333 66 11207
335 66 11084
337 66 11664
338 66 94
339 66 9833
340 66 83
341 66 11479
343 66 10281
345 66 8120
347 66 8064
348 66 64
349 66 10621
351 66 8506
352 66 64
353 66 11225
355 66 8016
357 66 11273
358 66 66
359 66 9758
361 66 11591
362 66 62
363 66 8913
365 66 9311
366 66 23
367 66 11386
368 66 63
369 66 8646
371 66 11998
373 66 11401
375 66 11071
376 66 37
377 66 10092
379 66 10514
380 66 80
381 66 11096
383 66 10488
384 66 6
385 66 9382
387 66 11205
389 66 11721
391 66 9927
392 66 2
393 66 9552
395 66 8255
397 66 8889
398 66 92
399 66 10327
401 66 11404
402 66 50
403 66 10832
404 66 48
405 66 11909
406 66 52
407 66 9057
408 66 2
409 66 9575
411 66 8074
412 66 84
413 66 8740
415 66 10755
417 66 11738
419 66 10512
421 66 11370
423 66 11383
425 66 10479
426 66 33
427 66 9760
428 66 96
429 66 11660
430 66 66
431 66 8281
432 66 43
433 66 9494
434 66 4
435 66 8968
437 66 8514
438 66 13
439 66 9157
441 66 11941
442 66 79
443 66 10902
445 66 11124
446 66 76
447 66 9150
449 66 11530
451 66 11608
452 66 97
453 66 11283
455 66 8331
457 66 11158
459 66 11119
461 66 9972
463 66 10531
464 66 65
465 66 9164
467 66 9479
468 66 87
469 66 9144
470 66 64
471 66 9783
473 66 11336
475 66 9326
477 66 8821
478 66 56
479 66 11576
481 66 10312
483 66 11514
484 66 75
485 66 10077
486 66 41
487 66 11084
488 66 75
489 66 11672
491 66 10491
493 66 9124
494 66 5
495 66 8098
497 66 10961
499 66 8124
501 66 10678
502 66 20
503 66 8901
504 66 56
505 66 10875
507 66 8292
509 66 8718
511 66 8088
513 66 10783
514 66 20
515 66 9219
517 66 8320
519 66 9303
520 66 51
521 66 11409
522 66 94
523 66 11926
525 66 11969
526 66 29
527 66 9280
528 66 4
529 66 10058
530 66 56
531 66 9550
533 66 10131
535 66 9898
536 66 41
537 66 9828
538 66 38
539 66 11264
540 66 78
541 66 11908
543 66 10470
544 66 85
545 66 10138
546 66 28
547 66 10669
548 66 48
549 66 8471
551 66 11720
552 66 25
553 66 10055
555 66 11564
556 66 71
557 66 10557
558 66 58
559 66 11049
560 66 6
561 66 11636
563 66 9051
564 66 29
565 66 11034
567 66 11276
569 66 10824
571 66 11076
572 66 99
573 66 10472
575 66 10174
577 66 8087
579 66 8644
580 66 83
581 66 11123
583 66 9228
584 66 9
585 66 9830
586 66 51
587 66 10788
589 66 8032
590 66 17
591 66 9043
592 66 72
593 66 11408
594 66 92
595 66 11565
596 66 58
597 66 10423
598 66 73
599 66 11396
0 67 100
4 67 55
6 67 93
7 67 84
8 67 77
9 67 51
10 67 84
11 67 5
12 67 49
16 67 58
20 67 48
21 67 72
25 67 12
26 67 31
27 67 59
28 67 41
30 67 34
31 67 92
33 67 4
34 67 5
36 67 21
38 67 75
45 67 75
48 67 76
50 67 79
51 67 62
53 67 53
54 67 83
60 67 97
61 67 85
63 67 94
65 67 89
67 67 18
68 67 20
72 67 15
78 67 83
81 67 60
84 67 3
86 67 65
87 67 82
89 67 85
91 67 95
93 67 60
94 67 89
96 67 32
98 67 91
99 67 6
106 67 60
107 67 16
115 67 27
117 67 89
118 67 9
119 67 34
120 67 90
124 67 32
129 67 77
131 67 63
132 67 73
133 67 34
137 67 69
138 67 4
140 67 6
152 67 85
153 67 21
154 67 55
155 67 77
157 67 50
158 67 33
164 67 86
167 67 37
168 67 12
173 67 51
175 67 68
176 67 43
184 67 3
185 67 24
186 67 68
187 67 86
191 67 62
192 67 68
193 67 26
197 67 92
200 67 16
203 67 42
204 67 22
206 67 43
208 67 39
212 67 52
213 67 91
214 67 35
215 67 7
218 67 21
219 67 89
220 67 47
221 67 62
223 67 87
224 67 8
226 67 99
228 67 68
229 67 4
230 67 70
231 67 65
232 67 37
233 67 26
235 67 70
236 67 38
237 67 30
241 67 93
243 67 95
244 67 62
245 67 33
247 67 39
248 67 59
253 67 61
255 67 1
257 67 55
260 67 87
261 67 84
266 67 91
268 67 4
269 67 40
274 67 10
275 67 40
276 67 7
278 67 76
280 67 56
282 67 68
283 67 84
284 67 99
285 67 68
286 67 46
288 67 94
289 67 92
290 67 22
291 67 99
292 67 89
295 67 72
296 67 3
299 67 39
301 67 95
302 67 29
306 67 37
308 67 72
309 67 82
314 67 31
315 67 71
318 67 33
319 67 49
322 67 91
323 67 52
325 67 93
326 67 23
327 67 18
330 67 43
332 67 61
339 67 99
341 67 87
343 67 79
345 67 45
346 67 44
352 67 23
354 67 63
358 67 95
359 67 71
362 67 54
366 67 36
370 67 43
371 67 6
373 67 77
375 67 18
376 67 76
377 67 4
379 67 15
380 67 83
382 67 48
383 67 4
385 67 87
389 67 69
390 67 78
394 67 19
396 67 37
397 67 6
398 67 64
399 67 90
402 67 1
405 67 44
406 67 13
408 67 6
409 67 49
410 67 77
411 67 64
412 67 52
414 67 24
419 67 63
422 67 7
424 67 76
425 67 72
429 67 63
430 67 78
435 67 89
436 67 78
437 67 79
438 67 37
439 67 4
440 67 69
443 67 67
444 67 1
448 67 70
450 67 8
451 67 97
452 67 55
453 67 7
456 67 95
457 67 48
460 67 7
465 67 12
467 67 75
468 67 70
471 67 89
472 67 64
475 67 91
476 67 52
479 67 79
481 67 5
483 67 26
484 67 95
488 67 77
490 67 56
493 67 85
495 67 21
496 67 40
497 67 17
498 67 57
499 67 6
505 67 97
509 67 28
510 67 23
511 67 76
513 67 41
514 67 76
517 67 76
520 67 31
522 67 75
523 67 57
525 67 59
528 67 56
529 67 57
530 67 97
533 67 50
534 67 96
535 67 55
536 67 56
537 67 96
538 67 63
545 67 32
548 67 83
549 67 19
551 67 31
555 67 42
556 67 79
557 67 93
558 67 24
562 67 29
563 67 47
564 67 32
568 67 88
569 67 10
571 67 93
575 67 97
576 67 9
578 67 3
580 67 98
581 67 100
583 67 82
584 67 15
588 67 15
592 67 24
593 67 27
595 67 88
596 67 73
597 67 55
599 67 44
0 68 4
1 68 10804
2 68 34
3 68 10357
5 68 10546
6 68 44
7 68 9151
8 68 93
9 68 9615
11 68 9683
12 68 59
13 68 10439
15 68 11100
16 68 82
17 68 11109
19 68 8024
21 68 9894
23 68 8757
24 68 23
25 68 11448
27 68 11254
28 68 85
29 68 9320
31 68 8035
32 68 30
33 68 10345
34 68 35
35 68 9556
37 68 8999
38 68 42
39 68 11079
40 68 49
41 68 11390
42 68 52
43 68 10197
45 68 8149
46 68 41
47 68 9362
48 68 34
49 68 10011
51 68 10302
52 68 99
53 68 10360
55 68 9057
56 68 45
57 68 8175
58 68 91
59 68 10756
60 68 82
61 68 9101
63 68 11946
65 68 11924
67 68 8940
68 68 68
69 68 9908
71 68 10914
73 68 10944
75 68 10504
77 68 9736
79 68 8012
80 68 17
81 68 8187
83 68 8513
84 68 26
85 68 11182
87 68 10420
89 68 10608
90 68 37
91 68 11451
92 68 12
93 68 10581
94 68 23
95 68 8181
97 68 9903
98 68 32
99 68 10487
100 68 26
101 68 8127
102 68 8
103 68 10615
105 68 8817
106 68 31
107 68 10607
108 68 16
109 68 10272
110 68 62
111 68 11251
112 68 38
113 68 11561
115 68 9241
116 68 42
117 68 9968
119 68 10130
121 68 10750
123 68 8502
124 68 36
125 68 11325
127 68 9536
128 68 75
129 68 9805
131 68 11004
133 68 8402
135 68 10827
136 68 73
137 68 10483
139 68 11071
141 68 10969
143 68 10076
144 68 38
145 68 10040
146 68 18
147 68 10309
148 68 87
149 68 11197
150 68 9
151 68 8842
152 68 72
153 68 10262
155 68 11129
156 68 19
157 68 10824
158 68 36
159 68 9910
161 68 9769
163 68 8395
164 68 45
165 68 9414
166 68 99
167 68 8432
169 68 9056
170 68 27
171 68 8455
172 68 29
173 68 10876
174 68 55
175 68 10813
177 68 8376
178 68 54
179 68 9807
180 68 98
181 68 8636
183 68 10844
184 68 23
185 68 9727
187 68 10399
188 68 21
189 68 10989
191 68 8757
192 68 16
193 68 9246
194 68 22
195 68 11717
196 68 46
197 68 11774
198 68 65
199 68 10995
200 68 83
201 68 9776
202 68 98
203 68 8153
205 68 10817
206 68 99
207 68 9411
209 68 8595
210 68 11
211 68 11391
213 68 9434
214 68 68
215 68 11856
216 68 59
217 68 9294
219 68 9473
221 68 10120
222 68 87
223 68 8910
225 68 11963
226 68 15
227 68 10065
229 68 8852
231 68 9375
232 68 16
233 68 8074
234 68 11
235 68 9986
237 68 9350
238 68 93
239 68 8544
241 68 10178
242 68 81
243 68 9428
245 68 10357
246 68 19
247 68 10036
249 68 8929
251 68 8421
253 68 8431
255 68 9728
256 68 5
257 68 9810
258 68 11
259 68 10993
261 68 10611
263 68 9794
264 68 44
265 68 11998
267 68 10115
269 68 10566
270 68 19
271 68 8939
272 68 70
273 68 10138
275 68 11445
277 68 8543
278 68 75
279 68 11628
280 68 75
281 68 9305
283 68 11581
284 68 64
285 68 8398
286 68 5
287 68 9697
288 68 99
289 68 11770
291 68 8533
293 68 9474
295 68 10346
297 68 8916
299 68 8685
301 68 10970
303 68 11106
304 68 43
305 68 9833
306 68 42
307 68 8646
309 68 8919
310 68 27
311 68 8121
312 68 35
313 68 11821
314 68 35
315 68 11466
316 68 6
317 68 9973
319 68 11728
321 68 10953
323 68 11272
325 68 10822
327 68 10356
329 68 10883
331 68 11833
333 68 10520
335 68 8924
337 68 9340
339 68 9064
341 68 9590
343 68 9110
345 68 11627
347 68 8433
349 68 8802
351 68 8277
353 68 11360
354 68 86
355 68 9015
357 68 10997
358 68 11
359 68 11860
361 68 10907
362 68 43
363 68 11587
364 68 51
365 68 9604
366 68 38
367 68 9015
368 68 53
369 68 10875
370 68 4
371 68 9397
373 68 11799
374 68 72
375 68 8236
377 68 10457
379 68 9929
381 68 9255
382 68 92
383 68 8601
385 68 9535
386 68 33
387 68 9007
389 68 11312
391 68 11620
392 68 94
393 68 10150
394 68 47
395 68 8220
397 68 8863
399 68 9566
400 68 33
401 68 9764
402 68 16
403 68 8181
405 68 10770
407 68 8625
409 68 8505
411 68 9154
413 68 10863
414 68 34
415 68 10685
416 68 4
417 68 11169
419 68 11526
421 68 9349
422 68 67
423 68 8137
424 68 25
425 68 9300
427 68 11362
429 68 9246
430 68 43
431 68 8499
432 68 81
433 68 8689
435 68 11413
436 68 53
437 68 10734
438 68 35
439 68 11444
441 68 10152
443 68 9058
445 68 10914
446 68 15
447 68 9785
448 68 69
449 68 11430
450 68 83
451 68 9861
452 68 25
453 68 11354
455 68 9735
457 68 9850
458 68 75
459 68 8436
461 68 10910
462 68 33
463 68 11475
465 68 11122
467 68 9834
469 68 10357
470 68 24
471 68 8884
472 68 38
473 68 9047
474 68 39
475 68 8045
477 68 9010
478 68 58
479 68 9312
481 68 9919
482 68 45
483 68 8048
484 68 60
485 68 9053
487 68 10470
488 68 5
489 68 11976
491 68 8564
493 68 9693
495 68 11805
496 68 35
497 68 8854
499 68 9457
501 68 8772
503 68 11826
504 68 64
505 68 9231
506 68 27
507 68 9913
508 68 9
509 68 10251
510 68 26
511 68 9737
513 68 10125
515 68 8458
516 68 40
517 68 8560
518 68 95
519 68 9180
521 68 10819
522 68 60
523 68 11334
525 68 11132
526 68 97
527 68 11531
529 68 8060
530 68 50
531 68 8416
533 68 8484
534 68 9
535 68 9966
536 68 19
537 68 11096
539 68 10950
541 68 10733
542 68 13
543 68 11792
545 68 8486
547 68 8508
549 68 8999
550 68 27
551 68 11087
552 68 80
553 68 9123
555 68 11510
557 68 9558
559 68 10841
560 68 6
561 68 9430
563 68 9618
564 68 52
565 68 10310
567 68 9621
569 68 9045
571 68 9663
572 68 14
573 68 10357
575 68 9334
577 68 8117
579 68 9119
580 68 13
581 68 8654
583 68 9764
584 68 91
585 68 8995
587 68 8214
589 68 9568
590 68 72
591 68 11192
593 68 8581
594 68 19
595 68 11879
597 68 10338
598 68 58
599 68 9361
2 69 22
3 69 88
7 69 92
8 69 35
9 69 62
10 69 16
12 69 59
13 69 49
16 69 36
17 69 98
18 69 1
19 69 67
20 69 94
21 69 13
23 69 92
26 69 19
29 69 41
32 69 13
33 69 9
35 69 58
39 69 78
41 69 53
42 69 54
45 69 47
46 69 22
47 69 15
49 69 9
53 69 57
54 69 37
58 69 68
60 69 70
63 69 88
65 69 46
66 69 71
67 69 57
68 69 42
72 69 49
75 69 78
77 69 1
78 69 59
79 69 45
80 69 64
81 69 72
82 69 13
83 69 49
84 69 13
87 69 92
89 69 88
91 69 95
92 69 40
93 69 100
96 69 5
100 69 56
101 69 70
102 69 85
106 69 24
107 69 94
110 69 93
112 69 37
114 69 13
115 69 93
117 69 97
119 69 57
126 69 31
127 69 8
129 69 41
130 69 8
134 69 31
135 69 67
137 69 6
140 69 33
142 69 82
144 69 88
146 69 37
148 69 52
150 69 43
151 69 61
153 69 72
155 69 35
158 69 46
161 69 35
164 69 58
168 69 9
171 69 48
175 69 12
176 69 29
178 69 32
180 69 84
185 69 12
186 69 61
188 69 57
189 69 20
191 69 83
194 69 99
199 69 12
200 69 98
202 69 15
208 69 77
211 69 56
212 69 64
216 69 36
218 69 86
219 69 66
222 69 66
224 69 58
225 69 26
226 69 61
227 69 23
235 69 59
238 69 31
240 69 57
243 69 17
245 69 68
248 69 34
249 69 67
252 69 94
256 69 57
257 69 86
258 69 71
260 69 76
261 69 69
262 69 64
263 69 28
267 69 62
269 69 24
272 69 42
273 69 11
275 69 78
276 69 89
277 69 30
278 69 89
279 69 97
282 69 26
284 69 58
286 69 73
287 69 88
290 69 8
293 69 25
294 69 52
295 69 16
297 69 44
301 69 84
305 69 71
306 69 43
312 69 89
316 69 97
319 69 56
320 69 12
321 69 96
324 69 20
325 69 99
327 69 26
329 69 34
330 69 85
331 69 17
332 69 62
333 69 66
334 69 1
335 69 77
336 69 19
337 69 31
341 69 23
342 69 16
345 69 39
348 69 33
352 69 61
354 69 36
359 69 53
364 69 54
366 69 77
367 69 38
368 69 1
369 69 94
370 69 98
371 69 66
372 69 39
375 69 34
378 69 48
379 69 39
383 69 20
386 69 49
387 69 2
388 69 13
396 69 69
397 69 95
399 69 33
400 69 52
401 69 71
402 69 11
410 69 39
411 69 51
413 69 96
419 69 40
421 69 67
423 69 59
424 69 21
426 69 68
427 69 53
428 69 47
432 69 52
433 69 25
435 69 100
436 69 76
440 69 46
442 69 39
445 69 67
447 69 98
453 69 82
454 69 74
455 69 93
456 69 71
458 69 13
461 69 37
465 69 94
469 69 66
471 69 22
472 69 10
473 69 85
477 69 13
481 69 21
487 69 20
492 69 100
493 69 86
495 69 4
498 69 95
502 69 25
503 69 1
504 69 43
505 69 82
506 69 49
507 69 9
508 69 70
509 69 39
510 69 82
512 69 55
514 69 40
515 69 47
516 69 28
519 69 78
520 69 42
525 69 85
532 69 49
533 69 51
534 69 44
538 69 17
540 69 31
541 69 52
542 69 42
543 69 69
544 69 35
547 69 62
548 69 96
549 69 39
551 69 7
552 69 40
553 69 35
554 69 60
555 69 61
556 69 7
558 69 43
559 69 35
564 69 21
565 69 25
571 69 10
573 69 71
574 69 58
578 69 79
580 69 8
581 69 99
582 69 72
586 69 5
589 69 23
591 69 98
596 69 60
599 69 46
0 70 76
1 70 10703
2 70 16
3 70 8921
4 70 68
5 70 10059
7 70 8042
8 70 5
9 70 10663
10 70 67
11 70 10316
12 70 97
13 70 11416
14 70 26
15 70 9140
16 70 70
17 70 11394
19 70 9289
21 70 10019
23 70 9235
25 70 11130
26 70 63
27 70 8794
28 70 68
29 70 10907
30 70 54
31 70 11350
33 70 10756
34 70 88
35 70 10032
37 70 9197
39 70 8237
41 70 8811
42 70 19
43 70 9495
44 70 9
45 70 10513
46 70 38
47 70 11164
48 70 23
49 70 9012
50 70 76
51 70 11843
53 70 10009
55 70 11021
56 70 91
57 70 10485
59 70 11709
61 70 11972
62 70 69
63 70 8696
64 70 26
65 70 8833
67 70 9251
68 70 38
69 70 10863
71 70 9812
73 70 11160
75 70 10469
76 70 69
77 70 8948
79 70 8069
81 70 10953
82 70 21
83 70 9069
84 70 22
85 70 9632
86 70 42
87 70 11051
89 70 11314
91 70 10781
92 70 97
93 70 11969
95 70 11726
96 70 18
97 70 9175
98 70 29
99 70 9190
100 70 17
101 70 10436
102 70 85
103 70 10840
104 70 9
105 70 9627
107 70 9073
108 70 93
109 70 8980
111 70 10482
113 70 10641
115 70 8322
117 70 11033
118 70 24
119 70 11610
120 70 15
121 70 11325
122 70 6
123 70 11390
125 70 10154
126 70 82
127 70 8990
128 70 84
129 70 8826
130 70 87
131 70 9688
133 70 9609
134 70 75
135 70 8977
137 70 11422
139 70 8627
141 70 10975
142 70 71
143 70 11221
144 70 96
145 70 11695
147 70 10043
149 70 11698
151 70 11207
152 70 17
153 70 9425
154 70 34
155 70 8628
157 70 10755
159 70 11517
160 70 24
161 70 8014
163 70 9421
164 70 79
165 70 9616
166 70 92
167 70 9485
168 70 43
169 70 11530
171 70 11859
172 70 61
173 70 11551
174 70 2
175 70 9346
177 70 10760
178 70 39
179 70 9182
181 70 10653
183 70 9990
184 70 65
185 70 9897
186 70 26
187 70 11905
189 70 9677
190 70 30
191 70 10675
193 70 11348
194 70 7
195 70 9398
196 70 84
197 70 10121
199 70 10911
201 70 11278
202 70 60
203 70 11722
204 70 97
205 70 10525
207 70 8977
209 70 11628
211 70 8143
212 70 67
213 70 9634
215 70 8510
217 70 9540
218 70 10
219 70 9524
220 70 86
221 70 10561
223 70 11689
224 70 18
225 70 10121
226 70 2
227 70 11320
229 70 8605
231 70 11556
233 70 9929
235 70 8820
237 70 10542
239 70 8778
241 70 8213
242 70 100
243 70 10205
244 70 38
245 70 11774
246 70 10
247 70 9842
248 70 22
249 70 9519
251 70 10083
253 70 11088
255 70 9711
257 70 11414
259 70 10978
261 70 8844
262 70 11
263 70 9731
265 70 11672
267 70 11555
268 70 78
269 70 8658
271 70 10715
273 70 8454
275 70 8939
277 70 10589
279 70 9565
281 70 11791
282 70 1
283 70 8784
284 70 19
285 70 10518
286 70 61
287 70 11321
289 70 10791
290 70 18
291 70 11248
292 70 23
293 70 8986
295 70 10739
297 70 9048
298 70 43
299 70 8675
301 70 9340
303 70 9378
304 70 10
305 70 11338
307 70 10761
308 70 35
309 70 10535
311 70 8895
312 70 72
313 70 10836
314 70 85
315 70 9379
317 70 11250
318 70 83
319 70 11054
320 70 30
321 70 8989
322 70 74
323 70 11445
324 70 90
325 70 10898
326 70 69
327 70 8487
328 70 40
329 70 9396
331 70 8787
332 70 10
333 70 9191
335 70 11631
337 70 9121
338 70 72
339 70 10693
341 70 9828
343 70 10986
345 70 11223
347 70 9170
348 70 59
349 70 10969
351 70 9348
352 70 81
353 70 10541
355 70 8529
357 70 10362
359 70 10972
361 70 10796
362 70 89
363 70 8863
364 70 27
365 70 8525
366 70 95
367 70 8988
369 70 9612
370 70 86
371 70 9552
373 70 9274
375 70 10047
377 70 10218
379 70 8246
380 70 94
381 70 11309
382 70 41
383 70 8757
385 70 10298
387 70 11605
389 70 10004
390 70 18
391 70 8254
393 70 11233
395 70 9969
396 70 19
397 70 11330
398 70 9
399 70 11956
400 70 45
401 70 11604
403 70 9655
404 70 37
405 70 11239
407 70 11040
408 70 9
409 70 9843
411 70 9167
413 70 8335
414 70 38
415 70 10404
417 70 11633
418 70 31
419 70 11306
421 70 10943
423 70 10056
424 70 18
425 70 10591
426 70 88
427 70 11157
428 70 75
429 70 8397
431 70 9493
433 70 9251
435 70 11561
437 70 9819
438 70 70
439 70 10375
440 70 34
441 70 11881
443 70 11274
445 70 11262
446 70 98
447 70 11304
449 70 8663
451 70 9394
453 70 11502
455 70 8990
456 70 59
457 70 9060
458 70 93
459 70 10336
460 70 12
461 70 8278
463 70 9620
464 70 70
465 70 8558
466 70 69
467 70 9043
469 70 9760
471 70 9336
473 70 10589
475 70 11489
476 70 1
477 70 8309
478 70 80
479 70 9828
481 70 9261
482 70 16
483 70 11926
484 70 2
485 70 8568
487 70 8730
489 70 10233
490 70 56
491 70 8368
493 70 11282
495 70 11596
497 70 9911
499 70 10603
501 70 10109
503 70 9177
505 70 8319
506 70 7
507 70 11381
509 70 11732
511 70 10638
513 70 11295
515 70 10166
516 70 40
517 70 8896
518 70 19
519 70 11377
521 70 11590
523 70 11739
524 70 94
525 70 9191
527 70 9095
528 70 93
529 70 8649
531 70 8172
532 70 54
533 70 10634
535 70 8836
537 70 8013
538 70 11
539 70 11183
541 70 11071
542 70 7
543 70 9587
545 70 11314
547 70 11423
549 70 9393
551 70 8741
553 70 8294
554 70 50
555 70 9874
556 70 67
557 70 11557
558 70 18
559 70 10856
561 70 10360
563 70 10094
564 70 21
565 70 9748
567 70 11124
568 70 4
569 70 10094
570 70 31
571 70 11231
573 70 11236
574 70 44
575 70 10634
577 70 11641
578 70 78
579 70 11788
580 70 66
581 70 8735
582 70 90
583 70 10197
584 70 59
585 70 8958
587 70 11330
588 70 44
589 70 10036
590 70 39
591 70 11921
593 70 10220
594 70 46
595 70 10189
597 70 11926
599 70 10747
0 71 13
1 71 91
5 71 36
7 71 36
10 71 47
15 71 93
16 71 18
17 71 42
18 71 19
20 71 83
22 71 52
24 71 47
26 71 23
27 71 41
29 71 88
31 71 58
32 71 39
36 71 87
37 71 32
38 71 72
40 71 24
41 71 42
42 71 95
43 71 30
47 71 95
50 71 56
53 71 58
54 71 89
55 71 74
58 71 47
60 71 46
62 71 4
63 71 21
65 71 90
66 71 4
67 71 43
68 71 25
69 71 85
71 71 75
73 71 73
74 71 79
75 71 10
76 71 54
78 71 80
81 71 33
82 71 53
83 71 77
86 71 53
87 71 61
90 71 18
91 71 25
92 71 11
93 71 77
94 71 63
99 71 13
100 71 51
101 71 95
102 71 86
105 71 16
106 71 48
107 71 37
108 71 54
109 71 54
110 71 58
111 71 84
113 71 16
115 71 85
118 71 37
121 71 55
126 71 76
127 71 32
133 71 26
135 71 13
141 71 56
142 71 95
145 71 98
146 71 27
147 71 46
148 71 2
149 71 88
150 71 39
151 71 14
152 71 6
153 71 4
155 71 44
156 71 15
157 71 32
159 71 75
160 71 91
161 71 95
162 71 69
165 71 83
166 71 62
167 71 7
168 71 53
169 71 42
170 71 2
171 71 53
173 71 90
182 71 43
183 71 88
184 71 39
187 71 96
191 71 30
192 71 19
196 71 45
198 71 80
199 71 79
200 71 82
201 71 5
202 71 38
205 71 6
206 71 13
208 71 59
211 71 34
214 71 2
215 71 69
217 71 10
219 71 72
220 71 10
222 71 32
225 71 90
227 71 73
229 71 15
230 71 56
231 71 22
232 71 63
234 71 63
237 71 17
239 71 5
241 71 80
244 71 17
245 71 30
248 71 83
254 71 43
256 71 43
257 71 47
258 71 23
259 71 54
260 71 84
261 71 14
264 71 24
267 71 6
273 71 79
274 71 89
275 71 32
276 71 19
280 71 91
288 71 38
289 71 9
291 71 88
295 71 25
296 71 84
297 71 39
298 71 34
300 71 27
301 71 70
305 71 43
309 71 46
313 71 85
315 71 1
316 71 62
318 71 14
324 71 3
326 71 16
328 71 94
335 71 95
336 71 64
339 71 90
342 71 64
343 71 49
344 71 27
345 71 17
346 71 67
348 71 25
351 71 12
352 71 96
355 71 97
358 71 4
359 71 39
363 71 44
364 71 81
367 71 33
368 71 57
369 71 20
371 71 8
372 71 84
375 71 74
376 71 44
378 71 16
380 71 50
381 71 91
382 71 3
383 71 23
385 71 12
387 71 87
388 71 76
394 71 15
399 71 51
400 71 1
401 71 31
403 71 75
404 71 68
405 71 25
406 71 23
407 71 90
409 71 21
410 71 45
411 71 58
413 71 87
414 71 81
417 71 85
419 71 44
420 71 51
422 71 58
425 71 68
426 71 5
428 71 26
435 71 54
437 71 75
439 71 75
440 71 89
441 71 5
445 71 7
446 71 21
448 71 79
450 71 32
452 71 11
454 71 3
456 71 53
461 71 26
462 71 52
465 71 80
466 71 48
468 71 44
471 71 29
475 71 66
476 71 42
477 71 43
478 71 21
479 71 55
480 71 43
484 71 65
486 71 5
487 71 57
488 71 26
489 71 11
493 71 66
496 71 5
501 71 91
502 71 58
504 71 83
506 71 41
507 71 82
508 71 63
509 71 98
510 71 90
511 71 32
512 71 66
514 71 36
516 71 56
517 71 79
518 71 50
520 71 37
522 71 79
524 71 93
525 71 16
528 71 11
529 71 23
530 71 16
531 71 58
533 71 88
535 71 16
537 71 53
538 71 84
539 71 57
541 71 56
542 71 43
544 71 4
545 71 81
546 71 9
549 71 100
550 71 58
552 71 99
554 71 41
555 71 7
559 71 12
561 71 71
562 71 94
564 71 54
567 71 32
568 71 79
569 71 95
570 71 8
572 71 3
575 71 6
579 71 32
580 71 70
582 71 80
583 71 15
584 71 32
585 71 22
586 71 84
587 71 61
589 71 76
591 71 30
593 71 52
594 71 75
595 71 73
597 71 88
598 71 39
599 71 58
0 72 25
1 72 9122
3 72 9038
5 72 8660
6 72 16
7 72 9634
8 72 81
9 72 8693
10 72 84
11 72 10000
13 72 9115
15 72 8838
16 72 24
17 72 11794
19 72 11018
20 72 43
21 72 10474
22 72 100
23 72 8506
24 72 44
25 72 8572
26 72 25
27 72 10675
28 72 58
29 72 9473
30 72 88
31 72 11176
33 72 9898
35 72 8483
36 72 1
37 72 10821
38 72 72
39 72 9813
40 72 8
41 72 8747
43 72 11660
44 72 57
45 72 10898
47 72 8270
48 72 81
49 72 10571
50 72 38
51 72 8589
52 72 2
53 72 8570
54 72 89
55 72 9688
57 72 11630
59 72 11399
60 72 86
61 72 8063
62 72 79
63 72 11107
65 72 8402
66 72 19
67 72 11247
68 72 31
69 72 8723
70 72 78
71 72 10651
72 72 41
73 72 11402
74 72 6
75 72 9067
76 72 53
77 72 9966
79 72 11541
80 72 83
81 72 8260
83 72 8192
85 72 11610
86 72 88
87 72 11905
89 72 8355
90 72 4
91 72 11539
92 72 79
93 72 8864
94 72 82
95 72 11284
97 72 11897
98 72 54
99 72 8126
101 72 11318
102 72 18
103 72 8358
104 72 35
105 72 8567
107 72 10084
108 72 64
109 72 11905
111 72 10810
112 72 70
113 72 9499
115 72 8945
116 72 94
117 72 8769
118 72 86
119 72 9043
121 72 11465
122 72 52
123 72 11105
124 72 81
125 72 9362
127 72 11754
128 72 46
129 72 8400
130 72 66
131 72 9549
133 72 9882
134 72 85
135 72 10786
136 72 73
137 72 8622
139 72 9363
140 72 2
141 72 10393
142 72 95
143 72 10200
144 72 37
145 72 8784
147 72 10099
148 72 49
149 72 11550
151 72 10067
152 72 82
153 72 9225
155 72 10522
157 72 11277
159 72 8749
161 72 9564
163 72 10189
164 72 94
165 72 9913
166 72 48
167 72 9711
169 72 11982
170 72 19
171 72 11240
173 72 8180
174 72 94
175 72 10472
177 72 11996
178 72 18
179 72 8118
180 72 20
181 72 10416
182 72 97
183 72 11574
184 72 10
185 72 9542
187 72 11774
188 72 34
189 72 9619
190 72 11
191 72 10690
192 72 75
193 72 10542
194 72 55
195 72 10373
196 72 24
197 72 11154
198 72 38
199 72 8995
201 72 9601
203 72 8001
204 72 39
205 72 9073
207 72 10352
209 72 8812
210 72 58
211 72 9792
212 72 44
213 72 10735
215 72 10551
216 72 50
217 72 10415
219 72 8562
221 72 9129
223 72 8165
224 72 27
225 72 8381
226 72 7
227 72 9646
228 72 39
229 72 11052
230 72 82
231 72 8703
232 72 28
233 72 9983
235 72 8056
236 72 76
237 72 11857
238 72 29
239 72 9286
240 72 97
241 72 9430
242 72 42
243 72 10861
245 72 11442
247 72 9827
249 72 10325
251 72 11916
253 72 9328
254 72 87
255 72 10290
256 72 61
257 72 8297
258 72 56
259 72 9505
261 72 10274
263 72 9185
265 72 10991
266 72 59
267 72 8628
269 72 10181
271 72 10980
273 72 9936
275 72 11464
277 72 11603
278 72 5
279 72 8598
281 72 10626
283 72 8697
285 72 9540
286 72 99
287 72 8432
289 72 10173
291 72 8383
293 72 8870
295 72 10984
297 72 11777
299 72 9055
300 72 77
301 72 10623
303 72 8279
304 72 99
305 72 9313
306 72 100
307 72 11996
309 72 9292
310 72 57
311 72 11210
312 72 82
313 72 10839
315 72 9263
316 72 78
317 72 11558
319 72 10829
321 72 11309
323 72 8525
325 72 10336
327 72 11203
328 72 65
329 72 8068
331 72 11815
332 72 43
333 72 11623
334 72 15
335 72 10237
337 72 10218
339 72 11670
340 72 80
341 72 11130
342 72 53
343 72 10075
344 72 30
345 72 8738
347 72 11902
348 72 97
349 72 9030
351 72 11773
353 72 9790
354 72 80
355 72 9819
356 72 90
357 72 10042
358 72 33
359 72 10402
360 72 45
361 72 8144
362 72 63
363 72 9257
365 72 9027
366 72 18
367 72 11780
368 72 92
369 72 9385
371 72 9337
373 72 9148
375 72 11036
376 72 55
377 72 8152
379 72 10673
380 72 98
381 72 11773
383 72 10386
384 72 86
385 72 9533
387 72 9049
389 72 8797
390 72 100
391 72 9909
393 72 10636
395 72 9805
396 72 57
397 72 10931
398 72 16
399 72 9739
400 72 85
401 72 9551
403 72 9840
404 72 65
405 72 8006
407 72 8317
409 72 9861
411 72 9549
413 72 8357
415 72 8500
417 72 8743
418 72 73
419 72 9652
421 72 9932
422 72 86
423 72 10195
424 72 95
425 72 10682
426 72 27
427 72 9306
429 72 9550
430 72 18
431 72 11550
433 72 8810
435 72 10570
437 72 10844
438 72 5
439 72 8974
440 72 25
441 72 10125
442 72 56
443 72 11235
444 72 9
445 72 9725
446 72 74
447 72 11812
448 72 61
449 72 10439
451 72 8960
453 72 9396
454 72 62
455 72 11689
456 72 89
457 72 9445
459 72 8238
461 72 11814
462 72 68
463 72 8668
464 72 85
465 72 10166
466 72 88
467 72 9584
468 72 6
469 72 11677
470 72 85
471 72 8258
472 72 40
473 72 8280
474 72 77
475 72 8038
477 72 11356
478 72 88
479 72 8489
481 72 8601
482 72 13
483 72 11473
485 72 11930
486 72 70
487 72 10186
488 72 49
489 72 8716
490 72 92
491 72 9519
492 72 80
493 72 9079
494 72 13
495 72 10065
496 72 45
497 72 9070
499 72 9969
501 72 11961
502 72 29
503 72 10366
504 72 15
505 72 11884
507 72 10133
509 72 11100
511 72 10252
512 72 53
513 72 10438
515 72 8914
517 72 10949
518 72 26
519 72 8580
521 72 11584
523 72 9154
525 72 9484
527 72 8190
528 72 27
529 72 8493
530 72 81
531 72 9687
533 72 10428
535 72 9877
536 72 60
537 72 8569
538 72 53
539 72 8098
540 72 80
541 72 11596
543 72 9878
544 72 36
545 72 9699
547 72 10357
549 72 8955
550 72 89
551 72 10264
553 72 10251
554 72 99
555 72 11418
556 72 16
557 72 9310
559 72 11169
561 72 9512
563 72 9670
564 72 76
565 72 9024
566 72 17
567 72 11781
568 72 24
569 72 11260
570 72 39
571 72 10273
572 72 84
573 72 10100
575 72 8347
577 72 11034
578 72 15
579 72 8905
580 72 68
581 72 9893
583 72 10349
584 72 7
585 72 9890
586 72 55
587 72 10950
589 72 9193
590 72 92
591 72 10064
593 72 8702
594 72 27
595 72 10757
596 72 62
597 72 9630
598 72 72
599 72 11070
1 73 56
2 73 28
3 73 57
4 73 41
6 73 93
11 73 77
12 73 69
16 73 65
17 73 32
19 73 17
21 73 60
24 73 89
28 73 46
31 73 12
33 73 8
36 73 94
38 73 15
39 73 74
40 73 7
41 73 32
42 73 2
43 73 81
45 73 86
47 73 61
48 73 100
49 73 52
50 73 94
52 73 76
53 73 13
54 73 84
55 73 28
56 73 36
57 73 15
58 73 48
59 73 69
62 73 52
63 73 100
68 73 75
69 73 48
72 73 42
74 73 37
76 73 96
78 73 42
80 73 74
84 73 46
86 73 52
87 73 70
91 73 72
92 73 67
94 73 58
95 73 82
97 73 12
100 73 3
101 73 16
102 73 45
104 73 74
105 73 33
106 73 16
107 73 79
108 73 2
112 73 18
115 73 55
116 73 82
118 73 51
120 73 22
121 73 32
122 73 74
123 73 54
124 73 6
125 73 2
126 73 20
127 73 72
128 73 15
129 73 94
130 73 77
131 73 60
132 73 3
134 73 48
136 73 10
138 73 51
139 73 96
144 73 67
148 73 61
149 73 36
151 73 75
152 73 2
153 73 78
158 73 42
160 73 74
161 73 82
162 73 88
164 73 27
165 73 15
166 73 97
167 73 83
168 73 76
169 73 34
171 73 20
172 73 61
174 73 43
175 73 24
176 73 27
179 73 60
180 73 16
181 73 32
185 73 22
186 73 42
187 73 49
191 73 82
192 73 12
193 73 33
195 73 93
199 73 20
204 73 34
207 73 91
208 73 90
214 73 90
215 73 9
219 73 21
220 73 33
221 73 85
222 73 8
227 73 96
229 73 36
233 73 84
234 73 87
235 73 67
239 73 100
245 73 58
246 73 39
248 73 24
256 73 62
257 73 95
258 73 71
260 73 60
261 73 17
263 73 98
265 73 49
270 73 67
271 73 48
272 73 20
273 73 89
274 73 55
277 73 33
278 73 61
279 73 46
280 73 25
285 73 39
286 73 70
289 73 64
293 73 48
295 73 16
298 73 94
299 73 51
301 73 37
302 73 10
303 73 34
304 73 63
306 73 79
307 73 84
309 73 17
315 73 75
316 73 16
317 73 91
319 73 79
320 73 18
321 73 81
326 73 31
328 73 18
329 73 18
330 73 17
333 73 75
334 73 36
335 73 15
336 73 88
338 73 99
340 73 94
343 73 28
345 73 52
348 73 98
349 73 63
351 73 12
352 73 87
353 73 64
354 73 21
358 73 33
361 73 68
364 73 44
366 73 59
367 73 44
369 73 87
371 73 64
372 73 25
376 73 90
377 73 37
378 73 41
381 73 30
382 73 18
384 73 12
385 73 63
386 73 35
387 73 66
388 73 31
390 73 36
394 73 59
395 73 96
397 73 92
400 73 11
407 73 47
408 73 16
409 73 46
410 73 52
416 73 85
428 73 100
436 73 12
438 73 2
439 73 74
442 73 69
444 73 29
446 73 9
450 73 28
451 73 80
452 73 82
454 73 96
456 73 16
457 73 23
458 73 46
459 73 33
462 73 19
463 73 27
465 73 3
466 73 16
468 73 79
470 73 62
471 73 72
473 73 55
475 73 36
479 73 42
481 73 25
482 73 59
486 73 98
487 73 85
491 73 8
493 73 76
494 73 34
504 73 93
505 73 7
506 73 82
508 73 76
511 73 93
515 73 87
517 73 80
518 73 27
520 73 1
522 73 16
524 73 13
526 73 67
527 73 92
532 73 98
533 73 90
534 73 85
535 73 12
537 73 37
540 73 82
541 73 67
546 73 35
548 73 75
551 73 72
552 73 68
553 73 72
558 73 95
559 73 2
561 73 3
562 73 81
565 73 10
566 73 84
567 73 58
568 73 13
569 73 76
570 73 38
572 73 56
573 73 96
575 73 57
579 73 72
580 73 75
581 73 77
582 73 62
587 73 88
590 73 34
591 73 56
592 73 92
594 73 21
597 73 59
598 73 65
599 73 56
0 74 39
1 74 8057
3 74 8785
4 74 38
5 74 8652
7 74 11566
8 74 83
9 74 8230
11 74 8735
12 74 49
13 74 10449
15 74 10130
17 74 9048
19 74 11735
21 74 9917
22 74 63
23 74 8770
25 74 9709
27 74 9286
28 74 36
29 74 9492
30 74 25
31 74 11878
32 74 10
33 74 8821
35 74 11230
36 74 97
37 74 8234
38 74 7
39 74 9611
41 74 8245
43 74 10159
44 74 50
45 74 8522
47 74 11959
49 74 10136
51 74 9713
53 74 8254
54 74 43
55 74 8894
57 74 8216
58 74 78
59 74 11296
61 74 9268
63 74 8143
64 74 65
65 74 10255
67 74 9498
69 74 8377
70 74 33
71 74 10675
73 74 8265
74 74 18
75 74 11122
77 74 10941
78 74 86
79 74 8823
80 74 25
81 74 11105
83 74 11710
85 74 11949
87 74 11548
88 74 79
89 74 11695
91 74 8033
92 74 64
93 74 9760
95 74 9188
97 74 10421
99 74 8531
100 74 53
101 74 10805
102 74 88
103 74 8094
104 74 55
105 74 8092
107 74 11864
109 74 10086
111 74 10993
113 74 10928
114 74 83
115 74 8635
116 74 76
117 74 9230
118 74 44
119 74 11630
121 74 10165
122 74 12
123 74 9592
124 74 93
125 74 9917
126 74 38
127 74 8217
128 74 58
129 74 8870
130 74 54
131 74 10503
132 74 79
133 74 8186
134 74 10
135 74 11703
136 74 58
137 74 8515
138 74 60
139 74 11958
141 74 11131
143 74 11485
145 74 8651
146 74 80
147 74 8767
148 74 27
149 74 10265
150 74 93
151 74 8709
153 74 8833
154 74 49
155 74 11268
156 74 93
157 74 11363
159 74 8401
161 74 8991
163 74 10496
164 74 12
165 74 11361
166 74 32
167 74 11521
168 74 15
169 74 8197
171 74 9563
173 74 9565
175 74 8720
177 74 10445
179 74 9559
180 74 33
181 74 9406
182 74 35
183 74 9289
185 74 8413
187 74 10046
189 74 10199
191 74 10790
192 74 96
193 74 10358
194 74 24
195 74 10604
197 74 8835
199 74 9319
201 74 8457
202 74 91
203 74 11925
204 74 78
205 74 8736
206 74 65
207 74 11390
209 74 11127
211 74 9966
212 74 84
213 74 11199
214 74 36
215 74 10567
217 74 9538
218 74 92
219 74 10791
220 74 81
221 74 11877
223 74 10324
225 74 10033
226 74 45
227 74 9360
228 74 39
229 74 11769
230 74 34
231 74 11668
233 74 10996
235 74 10861
237 74 10356
239 74 8984
241 74 9302
243 74 9211
244 74 90
245 74 9358
246 74 47
247 74 11510
248 74 11
249 74 8998
250 74 11
251 74 11815
252 74 24
253 74 10954
255 74 9705
257 74 10310
258 74 18
259 74 9182
260 74 69
261 74 10174
263 74 9141
265 74 9534
267 74 8520
268 74 60
269 74 11843
271 74 9534
272 74 24
273 74 10781
275 74 9991
276 74 18
277 74 8328
279 74 8318
281 74 10189
283 74 10298
284 74 72
285 74 11736
287 74 9136
288 74 93
289 74 9492
291 74 10146
292 74 4
293 74 8993
295 74 10300
296 74 87
297 74 10300
299 74 11105
300 74 52
301 74 9903
303 74 11404
305 74 8459
306 74 37
307 74 11738
308 74 60
309 74 11422
311 74 10482
312 74 92
313 74 10370
315 74 8150
317 74 11214
318 74 15
319 74 9223
321 74 9261
322 74 26
323 74 8123
325 74 10013
326 74 63
327 74 11350
329 74 10954
331 74 10902
333 74 10191
335 74 9057
337 74 10751
339 74 10891
341 74 9206
343 74 11805
344 74 89
345 74 10790
347 74 11027
349 74 10975
351 74 9107
353 74 11402
355 74 11570
357 74 10185
359 74 8360
361 74 9122
362 74 20
363 74 10994
365 74 8961
367 74 10588
369 74 10422
371 74 10220
372 74 13
373 74 10017
374 74 7
375 74 8873
376 74 44
377 74 8057
379 74 8762
381 74 8029
382 74 9
383 74 9230
385 74 10306
387 74 9290
389 74 9573
391 74 8205
392 74 9
393 74 11293
395 74 8218
396 74 28
397 74 8221
398 74 45
399 74 9706
401 74 10939
402 74 19
403 74 9713
405 74 8260
406 74 9
407 74 11274
408 74 96
409 74 10758
410 74 75
411 74 9566
412 74 97
413 74 10868
415 74 11548
417 74 10275
418 74 33
419 74 10691
421 74 9274
423 74 10065
425 74 8960
427 74 11927
428 74 53
429 74 9925
430 74 60
431 74 11246
432 74 29
433 74 9086
434 74 94
435 74 11037
437 74 11621
439 74 9805
441 74 9810
443 74 10359
444 74 76
445 74 8472
446 74 52
447 74 9043
449 74 11724
450 74 28
451 74 9793
452 74 7
453 74 8377
454 74 32
455 74 9273
456 74 10
457 74 11411
459 74 9633
460 74 21
461 74 9867
463 74 9072
464 74 30
465 74 8060
466 74 17
467 74 11230
468 74 60
469 74 8816
470 74 11
471 74 10808
472 74 45
473 74 9324
475 74 10668
477 74 10771
479 74 11978
481 74 10093
483 74 8996
485 74 11549
487 74 8687
489 74 9866
490 74 34
491 74 11403
493 74 9484
495 74 10317
497 74 8626
498 74 36
499 74 10455
500 74 53
501 74 9274
502 74 45
503 74 10824
504 74 97
505 74 11245
506 74 14
507 74 8239
508 74 48
509 74 8823
510 74 10
511 74 11375
512 74 22
513 74 9354
514 74 73
515 74 8434
517 74 8481
518 74 53
519 74 10006
520 74 98
521 74 9583
522 74 81
523 74 11840
524 74 34
525 74 10087
527 74 11489
529 74 8652
530 74 36
531 74 9217
532 74 18
533 74 8404
534 74 6
535 74 8667
536 74 52
537 74 11493
538 74 55
539 74 8422
541 74 10483
542 74 57
543 74 8224
544 74 16
545 74 8239
547 74 9612
548 74 54
549 74 10837
551 74 8197
553 74 8500
555 74 11799
556 74 89
557 74 11800
558 74 21
559 74 11707
560 74 76
561 74 9385
562 74 50
563 74 9744
565 74 9787
567 74 9824
569 74 11796
571 74 11708
572 74 10
573 74 8294
575 74 8946
576 74 57
577 74 9964
578 74 23
579 74 11076
581 74 9563
583 74 10761
584 74 79
585 74 8439
586 74 73
587 74 10143
589 74 11382
590 74 38
591 74 11294
592 74 15
593 74 8077
595 74 8099
596 74 47
597 74 8632
598 74 66
599 74 8765
1 75 83
2 75 27
3 75 56
7 75 66
8 75 27
10 75 60
14 75 5
16 75 48
17 75 9
18 75 67
19 75 87
20 75 43
21 75 73
23 75 26
25 75 69
27 75 70
31 75 19
32 75 76
35 75 1
36 75 76
39 75 56
40 75 55
43 75 4
45 75 19
47 75 3
50 75 90
56 75 69
58 75 60
59 75 86
60 75 74
61 75 77
63 75 27
64 75 88
65 75 91
66 75 33
69 75 6
70 75 97
71 75 25
72 75 32
73 75 66
75 75 26
79 75 92
81 75 49
82 75 76
83 75 96
85 75 57
86 75 6
87 75 65
88 75 75
89 75 96
91 75 93
96 75 34
98 75 98
100 75 97
102 75 64
105 75 79
106 75 48
113 75 26
114 75 77
116 75 63
118 75 88
119 75 76
120 75 6
121 75 33
123 75 71
124 75 99
127 75 91
128 75 17
129 75 25
130 75 68
131 75 63
132 75 87
133 75 26
134 75 47
135 75 96
136 75 30
137 75 33
145 75 32
146 75 98
147 75 94
150 75 93
153 75 85
154 75 25
155 75 20
156 75 34
157 75 25
159 75 65
160 75 10
161 75 53
164 75 49
166 75 51
167 75 53
168 75 33
169 75 3
175 75 98
177 75 75
178 75 6
179 75 74
180 75 11
181 75 14
183 75 30
186 75 86
188 75 51
189 75 40
190 75 10
197 75 63
198 75 53
199 75 54
200 75 57
203 75 26
204 75 84
205 75 71
206 75 23
207 75 71
208 75 75
214 75 38
215 75 73
217 75 14
219 75 91
221 75 30
223 75 7
224 75 3
226 75 25
228 75 13
230 75 22
235 75 27
237 75 42
240 75 25
243 75 24
247 75 19
248 75 10
249 75 1
250 75 35
251 75 72
252 75 47
255 75 18
256 75 58
257 75 40
260 75 22
261 75 40
263 75 70
264 75 39
266 75 78
267 75 99
273 75 91
277 75 71
285 75 62
288 75 96
289 75 100
290 75 35
297 75 59
298 75 4
304 75 6
305 75 6
306 75 9
308 75 2
309 75 83
311 75 19
315 75 13
317 75 29
319 75 34
320 75 45
321 75 33
322 75 75
323 75 67
324 75 63
325 75 85
326 75 49
331 75 5
333 75 67
334 75 50
335 75 18
339 75 83
344 75 100
351 75 75
353 75 31
354 75 42
355 75 75
357 75 90
360 75 61
361 75 45
362 75 69
363 75 100
365 75 63
368 75 99
372 75 36
373 75 99
374 75 100
375 75 45
377 75 19
378 75 82
379 75 44
385 75 82
388 75 30
390 75 86
391 75 80
392 75 54
394 75 74
396 75 97
397 75 4
399 75 71
400 75 42
401 75 9
403 75 69
405 75 93
412 75 75
414 75 3
415 75 38
417 75 10
419 75 37
425 75 69
426 75 93
427 75 56
428 75 32
429 75 26
432 75 22
434 75 89
435 75 32
443 75 44
444 75 2
445 75 78
447 75 59
449 75 15
450 75 9
451 75 31
458 75 83
459 75 38
465 75 70
466 75 44
467 75 74
472 75 23
474 75 58
477 75 55
479 75 81
483 75 90
484 75 82
486 75 41
487 75 47
488 75 98
494 75 69
497 75 91
501 75 72
502 75 95
505 75 55
509 75 61
510 75 21
514 75 1
515 75 6
516 75 44
518 75 52
526 75 53
529 75 27
532 75 42
534 75 4
535 75 56
536 75 26
537 75 1
540 75 47
542 75 96
544 75 25
545 75 49
547 75 71
552 75 12
555 75 56
556 75 99
557 75 23
558 75 82
562 75 78
563 75 82
564 75 42
565 75 40
566 75 87
570 75 38
572 75 58
573 75 24
574 75 18
575 75 46
576 75 84
577 75 95
578 75 8
579 75 84
588 75 60
596 75 91
597 75 71
0 76 34
1 76 8362
2 76 56
3 76 8254
5 76 11156
7 76 11831
8 76 82
9 76 8770
10 76 65
11 76 11689
13 76 8742
14 76 50
15 76 11565
16 76 6
17 76 10103
18 76 69
19 76 10914
20 76 38
21 76 8852
23 76 9020
24 76 63
25 76 9463
26 76 25
27 76 8036
28 76 69
29 76 9751
30 76 9
31 76 8744
33 76 10814
34 76 84
35 76 11302
37 76 10729
38 76 10
39 76 8300
41 76 9007
43 76 10114
44 76 49
45 76 11959
47 76 10075
48 76 32
49 76 11903
50 76 66
51 76 10091
53 76 11730
54 76 28
55 76 11136
57 76 9012
59 76 9700
61 76 8057
63 76 8101
65 76 10612
66 76 16
67 76 11049
69 76 9335
71 76 10217
73 76 10469
74 76 75
75 76 8651
76 76 63
77 76 8580
78 76 3
79 76 8208
81 76 10036
82 76 10
83 76 11443
85 76 10807
86 76 11
87 76 9157
89 76 10090
90 76 81
91 76 10846
92 76 58
93 76 8356
94 76 61
95 76 8571
96 76 73
97 76 9986
98 76 93
99 76 9533
100 76 68
101 76 10941
102 76 61
103 76 9845
105 76 8812
107 76 8716
109 76 8763
110 76 55
111 76 8817
112 76 71
113 76 11403
114 76 47
115 76 10139
117 76 9021
119 76 8300
121 76 9627
122 76 92
123 76 8969
125 76 8410
126 76 71
127 76 8413
129 76 9084
131 76 10847
133 76 10005
134 76 4
135 76 9030
136 76 11
137 76 11196
139 76 8937
140 76 94
141 76 9218
143 76 8164
144 76 9
145 76 9725
146 76 23
147 76 9227
148 76 9
149 76 10300
150 76 58
151 76 11480
153 76 10487
154 76 37
155 76 9558
157 76 8449
158 76 45
159 76 10097
161 76 11787
162 76 83
163 76 11600
164 76 2
165 76 10240
166 76 85
167 76 11672
168 76 86
169 76 8519
171 76 10077
172 76 96
173 76 8822
174 76 75
175 76 9358
177 76 10120
179 76 9977
180 76 8
181 76 9875
183 76 10304
185 76 8931
186 76 5
187 76 9609
188 76 11
189 76 8265
191 76 8398
192 76 81
193 76 8368
194 76 88
195 76 8961
197 76 9833
198 76 74
199 76 11579
200 76 59
201 76 10726
202 76 56
203 76 11690
204 76 14
205 76 11017
207 76 8172
209 76 11403
210 76 37
211 76 11022
212 76 93
213 76 11374
214 76 49
215 76 10188
216 76 95
217 76 10146
218 76 64
219 76 8494
220 76 78
221 76 8183
223 76 11601
225 76 11043
227 76 10353
229 76 9105
231 76 8343
232 76 81
233 76 10663
234 76 84
235 76 9183
236 76 13
237 76 10029
239 76 8885
241 76 10374
242 76 50
243 76 11506
245 76 9058
246 76 73
247 76 9510
248 76 55
249 76 10910
250 76 48
251 76 9246
252 76 44
253 76 11601
255 76 9296
257 76 10485
259 76 8889
260 76 25
261 76 9199
262 76 46
263 76 11919
265 76 9126
267 76 8492
269 76 9932
270 76 14
271 76 11548
272 76 38
273 76 11203
275 76 8593
277 76 10368
279 76 10044
281 76 11166
282 76 96
283 76 11706
285 76 10016
286 76 84
287 76 10819
289 76 8208
291 76 10116
293 76 10809
295 76 9594
296 76 74
297 76 9644
299 76 8882
301 76 9455
302 76 12
303 76 8567
304 76 96
305 76 10036
307 76 9682
309 76 11725
311 76 9670
312 76 95
313 76 8803
315 76 9168
316 76 45
317 76 9970
318 76 90
319 76 10858
320 76 33
321 76 10383
323 76 10216
324 76 28
325 76 11426
327 76 10396
328 76 20
329 76 8734
330 76 18
331 76 10759
333 76 9633
334 76 75
335 76 9293
337 76 9072
339 76 8751
340 76 40
341 76 9704
343 76 10613
345 76 11444
347 76 8394
349 76 8273
350 76 64
351 76 10887
352 76 95
353 76 11141
354 76 80
355 76 8603
356 76 39
357 76 9513
359 76 11131
360 76 25
361 76 11231
362 76 78
363 76 8321
365 76 8910
367 76 10750
368 76 23
369 76 9102
371 76 11954
372 76 99
373 76 11249
374 76 60
375 76 11533
377 76 9314
378 76 49
379 76 11363
381 76 9261
383 76 10902
384 76 77
385 76 10221
386 76 89
387 76 11241
389 76 8366
390 76 70
391 76 11490
392 76 8
393 76 9165
394 76 22
395 76 10643
397 76 11437
399 76 10155
400 76 54
401 76 9717
403 76 11945
404 76 78
405 76 11795
406 76 68
407 76 10802
409 76 8025
410 76 58
411 76 10505
412 76 72
413 76 9855
414 76 74
415 76 10977
416 76 63
417 76 10405
418 76 15
419 76 8315
420 76 11
421 76 11142
423 76 8540
424 76 55
425 76 9062
426 76 3
427 76 8956
429 76 10873
431 76 8998
433 76 11690
435 76 9794
436 76 13
437 76 10012
438 76 50
439 76 9285
441 76 11687
442 76 54
443 76 9500
445 76 8739
446 76 68
447 76 9017
448 76 78
449 76 10368
451 76 8099
452 76 25
453 76 9548
454 76 98
455 76 10191
457 76 10031
459 76 11916
461 76 11223
463 76 11745
465 76 10783
467 76 8762
468 76 14
469 76 11963
471 76 9569
472 76 65
473 76 10662
474 76 99
475 76 10114
477 76 9051
478 76 6
479 76 9753
481 76 11875
482 76 66
483 76 10780
485 76 9519
486 76 78
487 76 10662
489 76 10564
491 76 11309
493 76 10016
494 76 78
495 76 10750
496 76 91
497 76 8984
499 76 9747
501 76 8922
502 76 55
503 76 10212
505 76 8033
507 76 10982
509 76 11286
510 76 80
511 76 8519
513 76 8077
515 76 11399
517 76 8564
518 76 38
519 76 10228
521 76 9015
522 76 30
523 76 10270
525 76 11373
527 76 9557
528 76 3
529 76 8311
530 76 66
531 76 9443
533 76 11166
535 76 8638
537 76 9145
539 76 10601
541 76 9872
542 76 79
543 76 11349
544 76 14
545 76 11147
546 76 98
547 76 9032
549 76 8436
550 76 66
551 76 9749
553 76 11968
554 76 74
555 76 11414
556 76 17
557 76 8504
559 76 10629
561 76 11009
563 76 11228
564 76 7
565 76 10266
566 76 40
567 76 10378
568 76 83
569 76 8295
571 76 11092
572 76 74
573 76 9269
574 76 85
575 76 10255
577 76 11312
578 76 14
579 76 10304
581 76 11677
582 76 55
583 76 11156
585 76 8054
586 76 51
587 76 8750
588 76 82
589 76 11959
590 76 10
591 76 8706
592 76 91
593 76 8104
594 76 77
595 76 8211
597 76 9451
599 76 8128
1 77 49
2 77 18
5 77 5
6 77 2
7 77 59
8 77 12
10 77 46
11 77 40
12 77 57
13 77 12
17 77 89
19 77 8
25 77 43
27 77 35
28 77 43
31 77 22
32 77 63
33 77 74
35 77 55
39 77 22
46 77 87
50 77 7
52 77 41
53 77 10
54 77 82
55 77 46
56 77 100
57 77 92
63 77 68
64 77 81
70 77 28
73 77 48
74 77 88
75 77 92
76 77 78
77 77 80
78 77 97
80 77 58
81 77 85
82 77 11
84 77 23
86 77 31
87 77 72
91 77 4
92 77 64
95 77 63
96 77 10
98 77 63
99 77 86
100 77 55
102 77 79
103 77 62
105 77 37
107 77 66
108 77 83
110 77 67
113 77 19
116 77 19
119 77 7
120 77 43
121 77 34
125 77 26
127 77 83
128 77 7
129 77 23
130 77 99
131 77 5
134 77 95
136 77 88
140 77 15
143 77 49
145 77 93
146 77 61
147 77 30
150 77 95
152 77 89
154 77 20
155 77 31
156 77 80
160 77 72
161 77 55
163 77 81
164 77 92
166 77 64
167 77 42
168 77 82
169 77 58
171 77 96
172 77 43
173 77 82
174 77 77
175 77 29
176 77 95
177 77 21
179 77 100
180 77 91
183 77 26
185 77 82
186 77 33
189 77 68
190 77 29
192 77 35
197 77 23
198 77 8
203 77 55
205 77 58
206 77 99
207 77 81
209 77 8
210 77 41
212 77 68
213 77 90
214 77 42
221 77 59
222 77 20
224 77 90
225 77 76
231 77 86
233 77 35
234 77 73
239 77 78
243 77 8
245 77 35
246 77 48
247 77 26
248 77 64
250 77 35
252 77 35
256 77 32
258 77 72
261 77 57
263 77 77
264 77 51
265 77 75
266 77 79
270 77 89
276 77 7
277 77 75
281 77 36
282 77 17
285 77 18
286 77 86
289 77 71
291 77 91
295 77 35
296 77 40
300 77 99
301 77 51
302 77 65
303 77 18
304 77 64
305 77 59
310 77 97
311 77 51
313 77 15
315 77 2
317 77 36
320 77 95
322 77 57
324 77 70
325 77 39
326 77 18
328 77 81
332 77 43
335 77 78
336 77 46
339 77 39
341 77 78
342 77 57
343 77 8
345 77 46
349 77 28
351 77 95
355 77 8
357 77 93
359 77 66
361 77 80
363 77 95
365 77 3
366 77 99
367 77 60
368 77 7
371 77 57
373 77 77
376 77 83
377 77 42
378 77 65
379 77 57
380 77 67
382 77 12
385 77 78
388 77 36
390 77 2
391 77 52
393 77 50
394 77 39
395 77 83
397 77 62
400 77 98
406 77 22
407 77 11
408 77 87
409 77 89
411 77 73
413 77 73
414 77 35
423 77 12
424 77 71
428 77 84
430 77 44
435 77 61
436 77 44
437 77 89
439 77 42
441 77 23
442 77 14
444 77 99
448 77 16
449 77 52
450 77 35
452 77 49
454 77 28
455 77 26
456 77 24
457 77 21
458 77 25
459 77 13
461 77 60
468 77 83
473 77 29
475 77 69
476 77 47
477 77 1
479 77 67
484 77 25
485 77 12
488 77 61
489 77 60
494 77 75
495 77 57
498 77 35
508 77 83
510 77 56
511 77 67
512 77 21
513 77 12
515 77 19
520 77 51
521 77 62
522 77 35
523 77 80
524 77 68
526 77 47
527 77 84
530 77 29
533 77 79
537 77 80
541 77 93
542 77 11
543 77 1
544 77 9
548 77 67
551 77 47
552 77 65
553 77 80
560 77 47
562 77 85
563 77 18
564 77 38
566 77 33
567 77 30
568 77 57
569 77 52
571 77 39
572 77 87
573 77 75
574 77 64
575 77 50
578 77 25
584 77 68
585 77 17
586 77 66
592 77 34
593 77 28
595 77 31
596 77 39
597 77 96
0 78 10
1 78 11232
2 78 82
3 78 11648
4 78 8
5 78 10486
7 78 8201
8 78 51
9 78 10008
11 78 10587
12 78 9
13 78 9872
14 78 72
15 78 10051
16 78 70
17 78 11436
18 78 55
19 78 8056
20 78 78
21 78 10291
22 78 32
23 78 10003
24 78 76
25 78 10035
27 78 11416
28 78 13
29 78 11497
31 78 9353
32 78 98
33 78 9630
34 78 54
35 78 9087
37 78 8755
38 78 93
39 78 8839
40 78 72
41 78 9457
43 78 11421
44 78 69
45 78 10709
46 78 87
47 78 10388
49 78 9526
51 78 11854
53 78 9972
55 78 10085
57 78 9219
58 78 80
59 78 11335
61 78 9399
63 78 10903
65 78 8500
66 78 29
67 78 11660
68 78 27
69 78 8147
71 78 10561
73 78 10352
74 78 64
75 78 10681
76 78 100
77 78 10121
78 78 48
79 78 9013
81 78 8485
82 78 16
83 78 8021
85 78 11456
87 78 11156
89 78 11291
90 78 38
91 78 9187
93 78 11913
95 78 8130
96 78 27
97 78 8875
99 78 9849
100 78 28
101 78 8919
102 78 67
103 78 10507
105 78 10162
107 78 9147
108 78 32
109 78 8131
111 78 11012
112 78 21
113 78 11182
115 78 11556
117 78 11087
119 78 9638
120 78 44
121 78 10361
123 78 8723
125 78 9520
127 78 11186
129 78 8376
131 78 10970
132 78 4
133 78 11927
134 78 83
135 78 11564
137 78 9237
139 78 10675
141 78 9298
143 78 11985
145 78 9107
147 78 8648
149 78 9076
151 78 10768
153 78 9015
155 78 8110
157 78 11160
158 78 1
159 78 11412
160 78 29
161 78 10190
163 78 9990
165 78 8102
167 78 11783
169 78 9553
171 78 10907
172 78 81
173 78 11519
174 78 81
175 78 10296
176 78 71
177 78 8407
179 78 8608
180 78 2
181 78 9562
182 78 4
183 78 10719
185 78 8848
187 78 9623
188 78 7
189 78 9959
190 78 77
191 78 11831
193 78 10952
194 78 61
195 78 9992
196 78 19
197 78 11339
199 78 8502
201 78 9250
203 78 8175
205 78 11470
207 78 11214
209 78 10911
211 78 9730
212 78 59
213 78 10537
214 78 76
215 78 9233
216 78 30
217 78 8830
218 78 29
219 78 9910
221 78 10540
223 78 9540
224 78 95
225 78 10481
226 78 29
227 78 8591
229 78 11295
230 78 40
231 78 11353
232 78 35
233 78 8651
235 78 10917
236 78 89
237 78 8389
238 78 65
239 78 10427
240 78 88
241 78 8764
243 78 11399
245 78 11153
247 78 8313
248 78 16
249 78 8968
250 78 91
251 78 11354
252 78 57
253 78 9493
255 78 11441
257 78 10401
258 78 93
259 78 11759
260 78 83
261 78 11715
262 78 24
263 78 10115
264 78 50
265 78 8339
266 78 54
267 78 10061
268 78 63
269 78 8779
270 78 10
271 78 10340
272 78 15
273 78 10060
275 78 10538
277 78 9992
278 78 84
279 78 9898
280 78 94
281 78 10783
283 78 8291
284 78 99
285 78 8833
287 78 9902
288 78 92
289 78 10791
291 78 10753
293 78 8516
295 78 8358
296 78 10
297 78 8033
299 78 8712
300 78 39
301 78 10851
303 78 11363
304 78 19
305 78 11499
307 78 9147
309 78 9817
311 78 8953
312 78 71
313 78 8211
314 78 69
315 78 9180
317 78 9500
318 78 26
319 78 9572
321 78 11919
323 78 9341
324 78 64
325 78 9127
326 78 32
327 78 11158
329 78 11383
330 78 68
331 78 11588
333 78 9063
334 78 28
335 78 11096
337 78 11810
339 78 11088
341 78 10551
343 78 10489
345 78 9278
346 78 59
347 78 8083
349 78 9332
351 78 9954
353 78 11979
354 78 42
355 78 11747
356 78 51
357 78 8585
358 78 65
359 78 9601
361 78 10925
363 78 11995
365 78 10982
366 78 27
367 78 8826
368 78 32
369 78 11534
371 78 9998
373 78 9170
375 78 9836
376 78 92
377 78 9034
378 78 53
379 78 11175
380 78 100
381 78 9040
382 78 25
383 78 10133
385 78 8047
387 78 11719
388 78 42
389 78 9614
391 78 11247
392 78 46
393 78 10597
395 78 11049
397 78 9533
398 78 49
399 78 10527
401 78 10449
403 78 10265
405 78 11382
406 78 2
407 78 8247
409 78 9400
411 78 8137
412 78 17
413 78 9133
414 78 38
415 78 11767
417 78 9846
418 78 40
419 78 10782
420 78 49
421 78 10927
422 78 61
423 78 9934
425 78 10064
426 78 49
427 78 10208
429 78 10459
430 78 16
431 78 10637
433 78 9025
434 78 53
435 78 9658
436 78 28
437 78 10607
439 78 8285
441 78 11881
442 78 22
443 78 11196
444 78 58
445 78 10647
447 78 10592
448 78 30
449 78 9849
451 78 10283
453 78 10710
454 78 35
455 78 10753
457 78 8664
459 78 11005
460 78 12
461 78 9071
462 78 67
463 78 9617
464 78 87
465 78 9857
467 78 8080
469 78 8482
471 78 11092
473 78 10562
475 78 9479
477 78 8668
478 78 34
479 78 8144
481 78 11774
482 78 18
483 78 9496
484 78 1
485 78 10257
486 78 87
487 78 10291
488 78 12
489 78 11786
490 78 86
491 78 10529
493 78 8894
494 78 46
495 78 11759
497 78 9696
498 78 8
499 78 9602
501 78 11964
502 78 79
503 78 11066
505 78 11879
507 78 11854
508 78 40
509 78 9816
510 78 42
511 78 8669
513 78 10256
515 78 10570
517 78 9346
518 78 92
519 78 8818
520 78 74
521 78 9934
522 78 97
523 78 9153
524 78 62
525 78 10982
526 78 47
527 78 11318
529 78 11856
531 78 8398
533 78 10575
535 78 9130
536 78 38
537 78 8362
539 78 10465
540 78 73
541 78 10072
543 78 8849
545 78 8823
547 78 11241
548 78 27
549 78 10916
550 78 89
551 78 8106
552 78 56
553 78 8411
554 78 56
555 78 9794
556 78 10
557 78 9468
559 78 11631
560 78 52
561 78 11546
563 78 8252
565 78 10378
567 78 9460
569 78 11436
571 78 10348
573 78 11191
575 78 10680
577 78 11352
578 78 93
579 78 10796
581 78 9895
583 78 8197
584 78 40
585 78 9591
586 78 80
587 78 8116
589 78 8855
591 78 10973
592 78 38
593 78 10519
595 78 10044
597 78 9431
598 78 22
599 78 9458
1 79 68
2 79 9
3 79 12
4 79 97
9 79 34
12 79 26
14 79 89
18 79 53
19 79 28
20 79 66
21 79 21
23 79 69
25 79 36
31 79 48
33 79 42
34 79 96
37 79 47
38 79 26
42 79 59
49 79 9
50 79 40
53 79 85
54 79 38
55 79 60
57 79 86
61 79 22
62 79 40
65 79 64
66 79 70
67 79 56
68 79 68
69 79 18
71 79 74
72 79 99
73 79 100
79 79 43
81 79 47
84 79 36
85 79 15
86 79 41
87 79 43
89 79 2
90 79 63
94 79 23
95 79 69
96 79 65
97 79 87
98 79 66
100 79 56
101 79 59
102 79 7
103 79 30
105 79 86
106 79 51
112 79 17
118 79 98
119 79 72
120 79 65
121 79 64
123 79 24
124 79 60
127 79 71
129 79 82
132 79 74
135 79 18
138 79 71
139 79 79
141 79 55
143 79 40
144 79 47
145 79 31
147 79 17
149 79 64
150 79 15
151 79 23
152 79 37
153 79 50
155 79 74
156 79 7
162 79 56
163 79 1
164 79 70
165 79 100
167 79 88
170 79 12
171 79 71
172 79 83
173 79 90
174 79 83
176 79 65
177 79 5
186 79 89
187 79 42
190 79 48
191 79 57
192 79 81
195 79 83
198 79 30
199 79 17
200 79 50
206 79 20
207 79 81
208 79 16
213 79 4
214 79 88
216 79 36
217 79 58
218 79 80
219 79 79
221 79 16
222 79 93
223 79 66
224 79 39
225 79 1
227 79 47
231 79 7
235 79 72
236 79 71
237 79 12
238 79 9
240 79 1
241 79 96
242 79 71
246 79 14
248 79 42
251 79 71
253 79 40
256 79 9
257 79 19
258 79 19
259 79 32
260 79 100
261 79 4
262 79 13
263 79 62
264 79 32
265 79 11
266 79 39
267 79 49
269 79 48
270 79 32
272 79 12
274 79 93
276 79 4
277 79 18
278 79 16
279 79 22
280 79 44
281 79 61
283 79 95
284 79 64
285 79 56
287 79 26
289 79 92
290 79 21
291 79 9
298 79 94
300 79 81
302 79 42
303 79 49
304 79 25
305 79 83
310 79 71
312 79 74
314 79 18
316 79 56
317 79 64
318 79 13
322 79 76
323 79 86
324 79 50
325 79 100
326 79 13
327 79 27
328 79 24
329 79 52
330 79 50
332 79 72
333 79 8
337 79 33
339 79 50
345 79 21
349 79 36
351 79 85
352 79 51
353 79 5
356 79 62
357 79 74
358 79 14
359 79 24
360 79 69
361 79 34
362 79 62
369 79 86
371 79 28
373 79 64
374 79 89
375 79 7
378 79 22
379 79 89
380 79 32
382 79 50
384 79 97
386 79 94
389 79 88
390 79 10
393 79 80
395 79 80
396 79 31
397 79 90
400 79 14
401 79 58
402 79 16
403 79 70
404 79 47
405 79 60
408 79 59
412 79 37
413 79 40
415 79 11
416 79 36
419 79 56
420 79 6
422 79 65
423 79 61
424 79 33
426 79 26
430 79 31
431 79 56
433 79 25
434 79 91
437 79 53
438 79 56
439 79 9
440 79 11
443 79 39
444 79 39
446 79 93
447 79 4
448 79 61
452 79 41
454 79 100
456 79 97
457 79 80
458 79 10
460 79 27
463 79 88
465 79 18
466 79 27
467 79 65
470 79 48
471 79 12
478 79 27
480 79 25
481 79 26
483 79 7
488 79 86
489 79 5
490 79 64
491 79 67
493 79 28
494 79 85
495 79 30
496 79 71
499 79 99
500 79 35
501 79 7
504 79 99
505 79 91
506 79 67
509 79 35
510 79 78
515 79 76
516 79 67
518 79 46
519 79 45
520 79 54
522 79 60
523 79 24
525 79 82
526 79 100
528 79 61
529 79 22
537 79 52
539 79 64
540 79 97
543 79 17
544 79 88
545 79 30
546 79 25
548 79 15
550 79 12
561 79 14
564 79 82
565 79 79
567 79 12
568 79 79
570 79 2
572 79 28
575 79 77
576 79 83
581 79 11
584 79 55
585 79 16
587 79 31
588 79 68
591 79 71
592 79 42
593 79 38
595 79 61
596 79 20
598 79 22
0 80 42
1 80 11074
3 80 9416
5 80 8967
6 80 33
7 80 9329
8 80 10
9 80 11925
10 80 26
11 80 9799
12 80 52
13 80 8392
15 80 10124
16 80 49
17 80 9865
19 80 10320
20 80 3
21 80 9121
22 80 8
23 80 10852
24 80 48
25 80 8914
27 80 9945
29 80 10495
30 80 42
31 80 11336
33 80 8668
34 80 57
35 80 9736
36 80 71
37 80 11444
39 80 8997
40 80 66
41 80 9770
42 80 76
43 80 11078
44 80 96
45 80 9510
47 80 8366
48 80 77
49 80 9897
51 80 10705
52 80 34
53 80 11159
54 80 12
55 80 10511
57 80 8049
58 80 54
59 80 9846
61 80 11843
63 80 9878
64 80 35
65 80 11251
66 80 5
67 80 10104
68 80 30
69 80 11268
70 80 66
71 80 11224
73 80 11644
74 80 12
75 80 11486
77 80 9203
79 80 9008
80 80 96
81 80 8731
82 80 33
83 80 9103
84 80 70
85 80 9501
86 80 84
87 80 10692
88 80 31
89 80 11304
90 80 76
91 80 11054
92 80 2
93 80 11717
94 80 15
95 80 11354
97 80 9178
98 80 4
99 80 10508
100 80 86
101 80 8225
103 80 8109
105 80 10602
106 80 98
107 80 10241
108 80 59
109 80 10743
111 80 9802
112 80 92
113 80 8187
115 80 11413
116 80 76
117 80 9111
119 80 8682
121 80 9135
122 80 17
123 80 11741
125 80 11224
126 80 74
127 80 10059
128 80 50
129 80 10747
131 80 11143
132 80 58
133 80 10822
134 80 95
135 80 11305
136 80 46
137 80 11873
138 80 29
139 80 11192
141 80 10109
142 80 20
143 80 8132
145 80 9365
146 80 79
147 80 10531
149 80 8894
150 80 55
151 80 11055
152 80 24
153 80 10995
155 80 10441
157 80 10505
159 80 11086
161 80 8907
162 80 50
163 80 8999
165 80 11226
167 80 9877
168 80 38
169 80 11797
171 80 8960
173 80 11764
174 80 90
175 80 11012
176 80 42
177 80 8442
179 80 8413
180 80 91
181 80 8715
182 80 71
183 80 11454
184 80 91
185 80 9681
187 80 9506
189 80 11687
190 80 68
191 80 10459
193 80 10175
194 80 33
195 80 10553
197 80 11528
198 80 97
199 80 11426
200 80 44
201 80 10965
202 80 70
203 80 8552
204 80 95
205 80 9487
206 80 25
207 80 8400
209 80 11970
211 80 9002
213 80 8677
214 80 39
215 80 8056
217 80 9775
218 80 70
219 80 9043
221 80 8167
223 80 10782
225 80 10463
227 80 11316
228 80 43
229 80 9281
230 80 25
231 80 11021
233 80 8387
235 80 11670
237 80 11810
239 80 10491
241 80 10356
243 80 10480
244 80 53
245 80 11128
247 80 8860
249 80 11607
251 80 9830
253 80 9980
254 80 49
255 80 9155
256 80 57
257 80 8861
258 80 50
259 80 9901
261 80 8858
262 80 40
263 80 9026
264 80 17
265 80 8503
267 80 8334
268 80 62
269 80 10504
270 80 11
271 80 11806
272 80 100
273 80 10740
275 80 10494
276 80 53
277 80 9608
279 80 9339
280 80 99
281 80 10559
283 80 8103
285 80 10354
287 80 10415
288 80 15
289 80 9394
291 80 9198
293 80 10488
294 80 48
295 80 10438
296 80 25
297 80 9557
299 80 8521
301 80 8910
303 80 10202
304 80 48
305 80 11814
307 80 11651
308 80 5
309 80 11428
311 80 11508
312 80 41
313 80 9693
315 80 8224
317 80 11117
319 80 9069
321 80 8381
323 80 11592
325 80 9749
327 80 8233
329 80 10845
331 80 9810
333 80 11602
335 80 8769
337 80 10629
339 80 9479
341 80 11859
343 80 10462
345 80 10228
346 80 94
347 80 11245
349 80 10985
351 80 10449
352 80 4
353 80 11982
354 80 7
355 80 11892
357 80 10308
359 80 9394
361 80 10190
363 80 10860
365 80 8867
366 80 13
367 80 10115
369 80 8793
370 80 55
371 80 10605
373 80 10229
374 80 25
375 80 11035
376 80 43
377 80 11611
378 80 28
379 80 8152
381 80 8931
383 80 9257
385 80 8089
386 80 40
387 80 8629
388 80 89
389 80 9934
390 80 87
391 80 11660
393 80 8148
395 80 9522
396 80 1
397 80 9835
399 80 11326
400 80 60
401 80 8009
403 80 11749
405 80 11016
407 80 9094
408 80 76
409 80 9143
411 80 8537
413 80 8387
415 80 9110
416 80 38
417 80 9476
419 80 10094
421 80 10828
423 80 11729
424 80 36
425 80 10500
427 80 10267
429 80 11844
430 80 10
431 80 8051
433 80 10142
434 80 92
435 80 11790
436 80 40
437 80 9286
439 80 8291
441 80 9250
443 80 8345
445 80 10923
446 80 71
447 80 9082
448 80 6
449 80 11540
450 80 50
451 80 8691
452 80 27
453 80 11649
455 80 10737
457 80 9427
458 80 18
459 80 10282
461 80 8490
463 80 8063
465 80 9997
466 80 41
467 80 8222
469 80 11454
470 80 54
471 80 10133
472 80 72
473 80 8840
475 80 8877
477 80 10613
478 80 30
479 80 10594
480 80 81
481 80 8355
482 80 83
483 80 11540
485 80 8108
487 80 8430
489 80 11496
490 80 55
491 80 8270
492 80 53
493 80 11023
494 80 75
495 80 8600
496 80 40
497 80 11997
498 80 72
499 80 10342
501 80 9476
502 80 41
503 80 10039
504 80 58
505 80 8088
506 80 39
507 80 8837
509 80 10775
511 80 10211
512 80 84
513 80 9142
514 80 99
515 80 11390
516 80 37
517 80 8119
518 80 35
519 80 9839
520 80 95
521 80 10570
523 80 8205
525 80 10700
526 80 58
527 80 9099
528 80 7
529 80 11324
531 80 11091
532 80 56
533 80 9758
534 80 87
535 80 11517
536 80 38
537 80 8807
539 80 11337
540 80 98
541 80 9516
542 80 40
543 80 8772
544 80 6
545 80 11846
546 80 91
547 80 8017
548 80 99
549 80 11294
550 80 8
551 80 8793
553 80 8447
555 80 8604
557 80 10763
558 80 9
559 80 11369
561 80 9228
562 80 58
563 80 10463
564 80 73
565 80 8697
566 80 20
567 80 10578
569 80 11493
570 80 7
571 80 11103
572 80 82
573 80 11276
574 80 38
575 80 9495
576 80 69
577 80 8871
579 80 9268
581 80 10287
582 80 81
583 80 11091
585 80 11931
587 80 9139
589 80 8535
590 80 2
591 80 9246
593 80 10968
595 80 11823
597 80 10548
599 80 11631
0 81 46
2 81 80
5 81 28
8 81 60
9 81 84
10 81 34
11 81 34
12 81 76
14 81 12
15 81 26
19 81 60
20 81 41
21 81 56
22 81 89
24 81 36
25 81 83
26 81 9
30 81 46
32 81 92
34 81 92
36 81 72
38 81 9
40 81 16
44 81 60
45 81 36
48 81 25
49 81 95
54 81 82
55 81 2
56 81 93
57 81 90
58 81 75
60 81 67
61 81 34
62 81 32
63 81 4
64 81 83
66 81 40
67 81 76
68 81 17
69 81 10
70 81 86
72 81 82
74 81 67
75 81 74
77 81 58
79 81 82
83 81 25
84 81 23
86 81 82
92 81 84
96 81 99
99 81 55
100 81 35
101 81 61
102 81 7
105 81 32
108 81 36
109 81 34
110 81 87
111 81 60
118 81 49
121 81 30
123 81 44
124 81 17
126 81 20
127 81 49
129 81 43
131 81 8
132 81 21
133 81 87
134 81 3
135 81 57
137 81 73
138 81 97
139 81 31
140 81 34
142 81 46
144 81 99
150 81 62
151 81 2
156 81 71
157 81 89
159 81 10
160 81 52
162 81 71
167 81 50
168 81 25
169 81 80
172 81 24
173 81 25
174 81 37
177 81 2
178 81 74
179 81 49
180 81 75
182 81 30
187 81 45
191 81 38
195 81 24
196 81 32
201 81 11
202 81 57
204 81 43
205 81 88
206 81 19
207 81 5
217 81 56
219 81 5
221 81 36
222 81 84
223 81 7
224 81 2
225 81 70
227 81 58
229 81 22
231 81 72
232 81 81
236 81 10
239 81 93
240 81 37
243 81 73
245 81 38
248 81 70
249 81 80
253 81 23
254 81 28
257 81 30
258 81 33
259 81 1
263 81 94
264 81 26
266 81 15
269 81 18
270 81 71
274 81 11
275 81 91
276 81 77
277 81 97
278 81 98
280 81 82
281 81 81
282 81 74
283 81 71
284 81 35
291 81 2
292 81 80
293 81 58
295 81 100
297 81 40
303 81 80
305 81 100
308 81 5
310 81 92
311 81 86
313 81 28
317 81 33
318 81 30
321 81 33
322 81 72
324 81 81
325 81 54
326 81 5
332 81 66
334 81 23
342 81 16
346 81 98
347 81 82
350 81 11
351 81 30
353 81 22
354 81 69
355 81 23
358 81 54
361 81 62
362 81 25
364 81 54
366 81 45
367 81 39
368 81 28
370 81 33
372 81 74
373 81 63
375 81 77
376 81 17
378 81 2
380 81 98
381 81 71
388 81 23
389 81 35
390 81 57
391 81 58
392 81 5
394 81 31
395 81 87
397 81 21
399 81 57
400 81 9
401 81 46
402 81 53
405 81 53
406 81 52
408 81 70
410 81 28
415 81 95
417 81 41
419 81 24
421 81 54
422 81 10
423 81 57
424 81 30
429 81 63
430 81 23
432 81 52
434 81 50
438 81 5
443 81 68
445 81 59
448 81 13
449 81 89
450 81 32
451 81 80
452 81 75
454 81 34
460 81 98
461 81 87
465 81 84
466 81 63
467 81 35
468 81 97
471 81 29
473 81 5
478 81 7
479 81 3
480 81 63
481 81 72
483 81 64
486 81 47
487 81 76
488 81 76
489 81 75
493 81 23
494 81 56
495 81 26
496 81 43
497 81 55
498 81 34
501 81 92
505 81 52
507 81 59
508 81 5
511 81 54
512 81 31
514 81 100
516 81 27
518 81 16
521 81 42
523 81 58
524 81 35
527 81 10
528 81 27
529 81 49
530 81 35
531 81 70
532 81 45
534 81 80
535 81 51
537 81 60
539 81 57
548 81 8
549 81 20
553 81 39
554 81 46
555 81 80
558 81 41
560 81 20
562 81 82
564 81 76
566 81 73
567 81 7
570 81 94
571 81 11
573 81 61
576 81 91
578 81 77
580 81 21
582 81 58
584 81 73
585 81 25
588 81 87
590 81 73
593 81 39
595 81 75
596 81 80
597 81 58
598 81 93
0 82 4
1 82 11563
3 82 9230
4 82 59
5 82 9774
7 82 9427
9 82 10752
10 82 67
11 82 9777
13 82 10277
15 82 10466
16 82 11
17 82 11791
18 82 83
19 82 11317
21 82 11336
23 82 11350
25 82 10987
27 82 9603
29 82 9807
30 82 13
31 82 8750
33 82 9197
35 82 8777
36 82 40
37 82 8157
39 82 10545
40 82 11
41 82 10741
43 82 8640
44 82 46
45 82 11874
46 82 3
47 82 10030
49 82 11221
51 82 9228
53 82 9937
54 82 49
55 82 11095
56 82 34
57 82 10748
59 82 10318
60 82 97
61 82 10120
62 82 67
63 82 8912
65 82 11665
66 82 84
67 82 10501
69 82 10980
71 82 10306
72 82 70
73 82 11246
74 82 25
75 82 9993
77 82 9004
79 82 10962
81 82 11521
82 82 84
83 82 10199
84 82 15
85 82 10557
86 82 57
87 82 11746
89 82 8408
91 82 8708
93 82 8185
95 82 8890
97 82 10070
99 82 11181
101 82 10295
103 82 11997
104 82 91
105 82 11979
107 82 8711
108 82 91
109 82 8409
111 82 11580
113 82 9153
115 82 11362
117 82 8796
118 82 9
119 82 8927
121 82 8982
122 82 89
123 82 9779
124 82 67
125 82 8086
126 82 39
127 82 10672
129 82 8215
130 82 1
131 82 8181
133 82 9623
135 82 8969
137 82 11666
138 82 92
139 82 11632
140 82 90
141 82 9313
142 82 1
143 82 9094
145 82 9618
146 82 52
147 82 11600
149 82 10184
151 82 11550
152 82 80
153 82 11142
155 82 9146
157 82 10562
158 82 60
159 82 8548
160 82 76
161 82 9005
163 82 9505
164 82 74
165 82 11049
167 82 8541
168 82 18
169 82 9831
171 82 10540
173 82 11853
174 82 39
175 82 9739
177 82 8585
178 82 78
179 82 11862
181 82 10589
183 82 8818
185 82 10303
187 82 9812
189 82 11309
190 82 42
191 82 8361
193 82 9167
194 82 28
195 82 9868
196 82 75
197 82 9285
198 82 59
199 82 8546
201 82 8840
202 82 24
203 82 8270
205 82 9565
207 82 11901
208 82 41
209 82 8861
211 82 11843
213 82 10934
214 82 79
215 82 8397
217 82 10893
219 82 11660
220 82 78
221 82 9995
223 82 8938
225 82 11849
227 82 8751
228 82 88
229 82 11772
230 82 44
231 82 10351
233 82 8704
235 82 11533
236 82 46
237 82 8161
239 82 9484
241 82 11264
242 82 40
243 82 10481
244 82 65
245 82 10767
246 82 85
247 82 11166
249 82 11762
251 82 9757
253 82 8516
254 82 67
255 82 8576
257 82 11770
258 82 69
259 82 10405
261 82 8561
263 82 8494
264 82 75
265 82 8952
266 82 53
267 82 10405
269 82 11934
270 82 46
271 82 11725
272 82 59
273 82 10021
275 82 10097
276 82 48
277 82 10409
278 82 25
279 82 9518
281 82 9215
282 82 47
283 82 11146
284 82 36
285 82 10204
286 82 95
287 82 10709
288 82 49
289 82 11232
291 82 9961
293 82 11671
294 82 67
295 82 10797
297 82 11587
298 82 9
299 82 11056
300 82 61
301 82 9217
303 82 11391
304 82 18
305 82 9897
307 82 10688
308 82 21
309 82 8186
311 82 11708
313 82 10472
314 82 62
315 82 8835
317 82 11138
318 82 87
319 82 9110
320 82 59
321 82 10215
323 82 11455
324 82 18
325 82 10217
326 82 76
327 82 10022
328 82 54
329 82 9428
331 82 9277
332 82 78
333 82 11675
334 82 54
335 82 9169
337 82 11593
338 82 52
339 82 10931
340 82 9
341 82 9764
343 82 8581
345 82 11608
347 82 10499
348 82 51
349 82 9887
350 82 18
351 82 8343
353 82 9384
355 82 9197
357 82 9123
359 82 10465
361 82 8595
362 82 83
363 82 10445
364 82 69
365 82 11649
366 82 76
367 82 10178
368 82 47
369 82 11937
370 82 18
371 82 10202
372 82 91
373 82 9613
375 82 8828
377 82 9642
378 82 67
379 82 8858
380 82 67
381 82 9666
382 82 59
383 82 11671
384 82 87
385 82 11809
387 82 11576
389 82 10694
390 82 3
391 82 8914
393 82 10497
395 82 11544
396 82 42
397 82 10353
398 82 39
399 82 9125
401 82 8259
402 82 66
403 82 11599
404 82 87
405 82 9532
406 82 11
407 82 8511
408 82 93
409 82 11860
411 82 9639
412 82 83
413 82 8977
414 82 72
415 82 10574
417 82 9718
418 82 72
419 82 11654
421 82 10066
423 82 8517
424 82 19
425 82 9146
426 82 23
427 82 11787
428 82 54
429 82 8986
431 82 10067
433 82 11405
435 82 9164
437 82 8563
438 82 63
439 82 9943
440 82 6
441 82 8848
442 82 82
443 82 8871
445 82 9058
447 82 9215
448 82 84
449 82 11868
450 82 66
451 82 10893
453 82 10849
455 82 10559
457 82 8298
458 82 38
459 82 9468
461 82 10936
462 82 77
463 82 9452
464 82 20
465 82 8221
467 82 8923
468 82 20
469 82 10208
471 82 8468
473 82 8817
474 82 44
475 82 11457
477 82 9483
478 82 97
479 82 8688
480 82 88
481 82 11659
482 82 22
483 82 11818
485 82 8169
487 82 8212
488 82 52
489 82 8180
490 82 82
491 82 11273
493 82 10047
494 82 69
495 82 8783
497 82 11038
498 82 52
499 82 11867
500 82 88
501 82 11226
503 82 8256
505 82 10406
506 82 36
507 82 10241
509 82 10511
510 82 42
511 82 9935
513 82 8056
515 82 10033
517 82 10704
519 82 9262
520 82 2
521 82 11495
523 82 11796
524 82 19
525 82 9332
527 82 8086
529 82 10847
531 82 9139
533 82 8494
535 82 9610
537 82 10251
539 82 11696
541 82 11366
543 82 8303
545 82 8828
546 82 40
547 82 9017
548 82 95
549 82 11700
551 82 9682
552 82 57
553 82 8359
554 82 43
555 82 8808
557 82 8936
558 82 86
559 82 10556
561 82 10741
563 82 8675
565 82 9512
567 82 9759
568 82 60
569 82 11045
571 82 10721
573 82 11347
575 82 8602
576 82 7
577 82 8714
579 82 9233
581 82 9976
583 82 8861
585 82 8159
586 82 1
587 82 9667
589 82 9449
590 82 92
591 82 11485
593 82 8841
594 82 92
595 82 9886
596 82 79
597 82 10412
599 82 11518
1 83 9
8 83 72
12 83 88
13 83 85
14 83 59
15 83 94
16 83 77
24 83 48
25 83 74
27 83 88
28 83 20
29 83 67
30 83 91
31 83 24
32 83 58
34 83 89
36 83 3
39 83 4
40 83 33
44 83 61
46 83 19
47 83 93
49 83 4
50 83 33
52 83 27
53 83 9
57 83 44
65 83 100
67 83 38
68 83 100
69 83 38
70 83 8
71 83 49
75 83 31
76 83 82
77 83 44
78 83 100
79 83 24
80 83 5
81 83 4
82 83 14
90 83 21
91 83 89
93 83 42
100 83 82
102 83 71
106 83 73
107 83 54
108 83 55
110 83 91
112 83 88
113 83 28
117 83 51
121 83 12
125 83 38
126 83 83
130 83 5
135 83 98
137 83 41
140 83 100
141 83 26
142 83 44
143 83 33
145 83 67
146 83 76
148 83 91
150 83 72
151 83 8
154 83 2
159 83 49
160 83 85
161 83 19
163 83 69
164 83 91
165 83 88
166 83 42
169 83 94
170 83 56
172 83 97
173 83 43
176 83 61
177 83 55
179 83 13
180 83 11
182 83 70
183 83 97
185 83 37
188 83 10
189 83 36
193 83 71
199 83 69
200 83 92
202 83 77
203 83 85
205 83 55
206 83 12
207 83 36
208 83 56
209 83 82
211 83 67
212 83 89
214 83 40
216 83 92
218 83 90
220 83 21
222 83 77
223 83 8
224 83 57
227 83 68
230 83 40
233 83 10
235 83 14
236 83 95
237 83 42
238 83 50
242 83 58
243 83 58
244 83 54
245 83 54
246 83 8
249 83 21
250 83 43
251 83 38
252 83 58
253 83 80
254 83 15
255 83 18
257 83 59
259 83 50
260 83 15
268 83 45
271 83 67
272 83 11
275 83 79
276 83 20
277 83 10
278 83 20
279 83 100
280 83 50
282 83 17
283 83 42
285 83 57
287 83 97
288 83 74
289 83 68
295 83 9
302 83 17
304 83 21
305 83 61
306 83 83
308 83 13
309 83 19
314 83 79
316 83 38
320 83 60
323 83 70
326 83 52
328 83 78
329 83 83
330 83 66
331 83 87
332 83 89
334 83 89
335 83 67
338 83 75
339 83 60
340 83 62
344 83 34
346 83 39
347 83 63
349 83 1
350 83 78
351 83 81
352 83 11
355 83 24
356 83 37
359 83 49
360 83 52
363 83 8
365 83 81
366 83 35
367 83 23
368 83 93
370 83 48
371 83 95
372 83 37
377 83 21
378 83 29
381 83 83
382 83 82
383 83 12
384 83 57
385 83 2
386 83 23
387 83 93
388 83 68
391 83 98
392 83 57
395 83 31
397 83 58
398 83 43
401 83 19
403 83 65
404 83 64
405 83 54
406 83 97
407 83 15
408 83 94
410 83 67
412 83 68
414 83 48
418 83 3
419 83 16
420 83 87
421 83 48
422 83 71
431 83 53
436 83 51
440 83 15
442 83 50
444 83 25
445 83 39
448 83 21
450 83 17
451 83 38
452 83 24
457 83 3
459 83 2
460 83 18
461 83 68
463 83 16
469 83 90
470 83 64
472 83 53
475 83 69
478 83 12
479 83 18
481 83 80
483 83 33
485 83 42
488 83 33
489 83 16
492 83 47
493 83 47
496 83 3
499 83 90
501 83 60
502 83 87
504 83 94
506 83 34
513 83 46
515 83 42
516 83 50
517 83 51
518 83 43
520 83 62
521 83 92
523 83 15
525 83 51
526 83 66
528 83 55
529 83 3
530 83 75
531 83 14
532 83 37
533 83 18
534 83 46
536 83 81
537 83 35
540 83 44
544 83 2
545 83 54
548 83 56
549 83 18
552 83 17
553 83 33
555 83 39
556 83 12
559 83 38
560 83 9
561 83 87
563 83 90
565 83 53
566 83 81
567 83 1
568 83 31
569 83 53
571 83 35
572 83 24
576 83 51
577 83 18
579 83 12
583 83 8
586 83 17
588 83 64
594 83 32
595 83 18
597 83 79
598 83 67
0 84 10
1 84 9061
3 84 9158
5 84 10647
6 84 49
7 84 11758
8 84 82
9 84 10361
10 84 93
11 84 11041
12 84 25
13 84 11612
14 84 18
15 84 8698
16 84 79
17 84 10944
19 84 11290
21 84 8548
22 84 14
23 84 8475
25 84 9470
26 84 23
27 84 9233
28 84 79
29 84 11927
30 84 85
31 84 10214
32 84 69
33 84 11868
34 84 20
35 84 10076
37 84 9525
38 84 1
39 84 11914
41 84 8673
43 84 8016
44 84 84
45 84 8896
47 84 10297
49 84 11875
51 84 9991
52 84 74
53 84 8719
54 84 27
55 84 8837
56 84 32
57 84 11837
59 84 11832
61 84 11377
63 84 11386
64 84 77
65 84 9831
66 84 38
67 84 11049
68 84 21
69 84 8627
70 84 47
71 84 10751
72 84 79
73 84 11213
75 84 9646
76 84 29
77 84 10992
79 84 11319
80 84 75
81 84 8553
83 84 11099
85 84 11624
86 84 2
87 84 8145
89 84 11073
90 84 39
91 84 11851
93 84 10679
94 84 94
95 84 9660
96 84 31
97 84 11443
98 84 31
99 84 9027
101 84 11950
103 84 10422
105 84 9671
107 84 11809
108 84 91
109 84 10071
110 84 70
111 84 10071
113 84 9779
114 84 28
115 84 10700
117 84 10707
118 84 91
119 84 11031
120 84 23
121 84 9011
122 84 50
123 84 9276
125 84 9749
127 84 10780
129 84 8646
130 84 34
131 84 8133
132 84 18
133 84 11210
135 84 10877
137 84 9434
139 84 11323
140 84 100
141 84 11576
142 84 62
143 84 9876
144 84 95
145 84 10050
147 84 11702
149 84 8292
151 84 8224
153 84 11854
155 84 8911
156 84 95
157 84 8739
158 84 63
159 84 10674
161 84 11633
163 84 10411
165 84 8714
167 84 10493
168 84 51
169 84 8794
171 84 11140
173 84 8708
174 84 36
175 84 10542
176 84 43
177 84 8610
179 84 10307
180 84 90
181 84 11901
182 84 5
183 84 9977
185 84 9694
186 84 86
187 84 9744
189 84 8289
190 84 58
191 84 9292
192 84 35
193 84 11253
194 84 47
195 84 11244
197 84 10511
199 84 10140
201 84 11274
202 84 28
203 84 8460
205 84 8344
207 84 8684
209 84 10270
211 84 9667
213 84 11846
215 84 10406
216 84 82
217 84 10471
219 84 9788
221 84 11959
223 84 8430
225 84 9703
226 84 52
227 84 11676
228 84 63
229 84 11363
231 84 10917
232 84 85
233 84 11974
234 84 46
235 84 11201
236 84 34
237 84 9324
238 84 15
239 84 8282
241 84 9232
243 84 11210
245 84 10723
246 84 87
247 84 9534
249 84 8085
250 84 46
251 84 12000
252 84 27
253 84 11678
255 84 10420
256 84 50
257 84 11444
258 84 26
259 84 10847
260 84 91
261 84 11516
263 84 10558
264 84 24
265 84 9790
267 84 11278
269 84 11683
270 84 40
271 84 8785
273 84 10966
275 84 10409
276 84 82
277 84 11031
278 84 24
279 84 11296
280 84 59
281 84 11841
282 84 67
283 84 9473
285 84 8976
287 84 8047
288 84 54
289 84 10812
291 84 10324
292 84 79
293 84 9815
294 84 80
295 84 10241
296 84 74
297 84 10382
299 84 10037
300 84 13
301 84 11068
302 84 35
303 84 8451
305 84 9451
307 84 9348
308 84 87
309 84 10162
311 84 10828
312 84 99
313 84 11093
315 84 8243
317 84 9890
319 84 9196
320 84 51
321 84 10123
322 84 54
323 84 8742
324 84 83
325 84 8377
327 84 10498
328 84 72
329 84 9662
331 84 10981
332 84 33
333 84 9283
334 84 30
335 84 9868
336 84 10
337 84 8887
338 84 74
339 84 8709
340 84 87
341 84 10813
343 84 11310
345 84 11186
347 84 8749
349 84 10639
351 84 9760
352 84 9
353 84 10281
354 84 66
355 84 8805
357 84 11168
359 84 9193
360 84 54
361 84 8342
363 84 10855
364 84 69
365 84 8314
367 84 10868
368 84 90
369 84 8450
371 84 10761
373 84 11506
374 84 10
375 84 11040
376 84 13
377 84 10623
378 84 68
379 84 8621
381 84 10472
383 84 11648
384 84 92
385 84 8139
387 84 8562
388 84 38
389 84 11837
390 84 65
391 84 10556
392 84 86
393 84 8839
395 84 9454
396 84 29
397 84 9570
398 84 85
399 84 8164
400 84 12
401 84 8418
403 84 11171
405 84 10826
406 84 32
407 84 8388
409 84 10580
411 84 9488
412 84 41
413 84 10473
415 84 8368
416 84 59
417 84 8494
419 84 8745
420 84 61
421 84 11564
422 84 74
423 84 10989
425 84 8721
426 84 72
427 84 8252
428 84 71
429 84 10373
430 84 86
431 84 11809
433 84 9481
435 84 10636
436 84 7
437 84 9339
438 84 39
439 84 9945
441 84 9327
442 84 85
443 84 9623
444 84 14
445 84 8813
447 84 9212
448 84 79
449 84 11605
451 84 8809
452 84 53
453 84 10545
454 84 13
455 84 9665
457 84 10757
458 84 41
459 84 8316
460 84 46
461 84 9493
463 84 9269
465 84 9333
467 84 8511
469 84 11973
470 84 20
471 84 9752
473 84 8424
475 84 11801
476 84 46
477 84 8229
478 84 80
479 84 9197
480 84 29
481 84 8121
483 84 11764
485 84 8036
487 84 10926
488 84 18
489 84 8618
491 84 10611
493 84 11620
495 84 10434
497 84 10506
498 84 6
499 84 9127
500 84 9
501 84 10388
502 84 37
503 84 9578
504 84 92
505 84 8532
506 84 6
507 84 9029
509 84 9827
510 84 89
511 84 9908
513 84 8493
514 84 21
515 84 8257
517 84 11363
518 84 68
519 84 10828
521 84 9256
523 84 10424
524 84 100
525 84 11677
526 84 9
527 84 9684
529 84 9109
531 84 8888
532 84 79
533 84 10693
534 84 64
535 84 9027
536 84 96
537 84 10882
539 84 9595
540 84 57
541 84 8649
543 84 11934
544 84 85
545 84 11884
547 84 11859
549 84 9791
551 84 10081
552 84 51
553 84 9122
555 84 8175
557 84 11354
559 84 9138
560 84 74
561 84 9754
562 84 70
563 84 8658
565 84 10656
566 84 41
567 84 11439
568 84 50
569 84 9292
570 84 5
571 84 11947
572 84 39
573 84 11145
575 84 8804
577 84 10827
578 84 27
579 84 9822
580 84 46
581 84 8504
582 84 18
583 84 10539
584 84 53
585 84 9316
587 84 8037
588 84 60
589 84 11761
590 84 49
591 84 10613
593 84 10934
594 84 100
595 84 11359
597 84 8854
599 84 10611
0 85 56
4 85 29
5 85 12
9 85 55
10 85 11
11 85 52
12 85 35
14 85 55
15 85 52
16 85 95
17 85 60
18 85 29
19 85 14
21 85 92
22 85 50
23 85 11
24 85 60
28 85 11
30 85 96
34 85 81
35 85 49
38 85 49
39 85 50
41 85 37
42 85 30
45 85 36
46 85 82
47 85 65
48 85 25
52 85 35
53 85 34
56 85 12
58 85 68
59 85 36
60 85 46
61 85 58
62 85 34
63 85 98
64 85 99
67 85 46
69 85 10
71 85 92
75 85 89
77 85 36
79 85 19
80 85 36
83 85 11
85 85 91
87 85 6
89 85 9
91 85 60
93 85 77
94 85 37
96 85 20
97 85 74
101 85 6
104 85 80
108 85 69
109 85 10
110 85 61
112 85 3
114 85 18
115 85 80
116 85 84
118 85 1
120 85 40
122 85 62
123 85 52
124 85 64
125 85 47
126 85 90
128 85 96
129 85 46
132 85 100
133 85 49
134 85 27
138 85 89
139 85 81
145 85 96
147 85 1
151 85 89
155 85 14
159 85 56
160 85 86
161 85 16
166 85 98
167 85 85
168 85 46
169 85 2
170 85 52
172 85 59
174 85 56
176 85 68
181 85 69
187 85 48
189 85 47
193 85 82
194 85 13
196 85 73
198 85 38
200 85 15
201 85 44
205 85 74
209 85 6
210 85 87
213 85 69
214 85 36
215 85 9
216 85 27
218 85 11
222 85 35
224 85 13
225 85 80
226 85 37
230 85 79
231 85 7
237 85 26
240 85 22
241 85 31
242 85 75
245 85 4
247 85 75
250 85 73
252 85 50
255 85 83
259 85 70
262 85 39
265 85 57
266 85 68
268 85 41
269 85 90
274 85 45
277 85 12
278 85 47
280 85 57
282 85 33
285 85 35
286 85 63
287 85 13
290 85 32
292 85 28
293 85 52
294 85 57
297 85 51
301 85 52
302 85 32
303 85 92
305 85 87
306 85 97
308 85 11
310 85 64
311 85 38
313 85 89
315 85 93
316 85 46
317 85 56
320 85 87
321 85 46
324 85 62
327 85 23
329 85 39
330 85 60
331 85 46
334 85 23
335 85 12
336 85 13
337 85 58
338 85 89
339 85 9
340 85 40
343 85 4
347 85 62
348 85 42
352 85 64
353 85 25
357 85 76
358 85 28
359 85 14
360 85 89
363 85 56
364 85 77
367 85 24
368 85 92
369 85 15
371 85 43
372 85 78
373 85 63
375 85 75
376 85 33
377 85 30
378 85 62
379 85 4
381 85 61
382 85 32
384 85 3
385 85 83
386 85 53
388 85 48
389 85 3
390 85 41
391 85 6
392 85 62
393 85 21
399 85 20
401 85 44
404 85 48
412 85 99
414 85 54
416 85 76
417 85 99
419 85 63
420 85 41
421 85 14
422 85 18
424 85 32
425 85 5
429 85 44
432 85 43
434 85 3
439 85 42
440 85 18
441 85 73
443 85 50
444 85 3
451 85 100
452 85 29
453 85 86
456 85 43
457 85 27
458 85 37
460 85 63
461 85 97
463 85 30
464 85 36
466 85 74
470 85 91
472 85 67
473 85 51
474 85 43
475 85 90
477 85 33
480 85 20
481 85 14
483 85 94
485 85 88
489 85 88
491 85 31
493 85 72
498 85 5
499 85 25
502 85 27
503 85 62
505 85 89
506 85 46
507 85 72
509 85 98
511 85 96
512 85 76
513 85 70
514 85 30
520 85 8
524 85 36
525 85 45
526 85 55
530 85 100
531 85 3
533 85 98
535 85 64
542 85 5
544 85 55
546 85 56
548 85 90
550 85 53
551 85 8
554 85 8
556 85 54
558 85 20
560 85 15
562 85 19
563 85 48
566 85 37
567 85 10
571 85 42
572 85 37
573 85 31
574 85 3
576 85 91
578 85 96
580 85 39
583 85 60
585 85 93
586 85 36
588 85 32
589 85 56
590 85 61
592 85 52
593 85 51
594 85 68
595 85 40
597 85 80
598 85 63
599 85 57
1 86 10359
3 86 11559
4 86 70
5 86 9670
6 86 14
7 86 8419
9 86 10650
10 86 13
11 86 8257
13 86 9207
14 86 76
15 86 10551
16 86 73
17 86 9978
19 86 8650
21 86 9767
22 86 40
23 86 9635
24 86 84
25 86 11727
26 86 78
27 86 8275
28 86 97
29 86 9351
30 86 96
31 86 9691
33 86 10893
35 86 8160
37 86 9761
38 86 98
39 86 10311
41 86 11106
43 86 8729
44 86 56
45 86 8604
47 86 8574
48 86 40
49 86 11477
50 86 84
51 86 10862
53 86 9627
54 86 10
55 86 9909
57 86 10812
59 86 11025
61 86 9259
62 86 51
63 86 8909
64 86 66
65 86 9749
66 86 31
67 86 8357
68 86 4
69 86 10446
70 86 67
71 86 8801
73 86 10835
75 86 8688
76 86 93
77 86 11568
79 86 11396
80 86 59
81 86 8167
82 86 16
83 86 11928
84 86 65
85 86 10535
86 86 89
87 86 10584
89 86 11118
91 86 8212
92 86 14
93 86 8382
94 86 11
95 86 9274
96 86 68
97 86 11554
99 86 9800
100 86 61
101 86 9203
103 86 11551
105 86 9141
107 86 9276
109 86 10830
110 86 64
111 86 11729
113 86 10735
114 86 56
115 86 9624
116 86 45
117 86 10074
119 86 10853
120 86 59
121 86 10830
122 86 41
123 86 11070
125 86 11724
126 86 57
127 86 10945
128 86 81
129 86 11792
130 86 18
131 86 10517
132 86 61
133 86 10509
135 86 10409
136 86 89
137 86 10424
139 86 10454
140 86 28
141 86 8012
142 86 48
143 86 10658
145 86 9373
147 86 8311
148 86 33
149 86 8950
151 86 9102
152 86 90
153 86 8523
155 86 8821
156 86 89
157 86 10155
158 86 9
159 86 11556
160 86 16
161 86 8606
163 86 11539
164 86 80
165 86 8174
167 86 8798
168 86 52
169 86 8533
171 86 9725
173 86 8916
175 86 8600
176 86 48
177 86 11646
178 86 13
179 86 8860
181 86 11391
182 86 51
183 86 8053
185 86 11488
186 86 38
187 86 8593
189 86 8689
191 86 9429
192 86 98
193 86 8551
194 86 43
195 86 9391
197 86 8675
199 86 11096
201 86 10518
202 86 59
203 86 10262
204 86 5
205 86 8421
206 86 24
207 86 8425
209 86 10429
210 86 31
211 86 9728
213 86 8499
215 86 9440
216 86 57
217 86 9199
218 86 32
219 86 11996
220 86 41
221 86 9658
223 86 9157
225 86 10066
226 86 42
227 86 11636
228 86 63
229 86 9167
230 86 45
231 86 9671
233 86 8139
235 86 8874
237 86 11856
239 86 11947
240 86 5
241 86 9126
243 86 8425
244 86 93
245 86 9617
246 86 91
247 86 9404
248 86 54
249 86 9305
250 86 3
251 86 9150
252 86 66
253 86 8522
254 86 48
255 86 11267
256 86 12
257 86 8590
258 86 41
259 86 9562
260 86 55
261 86 9266
262 86 34
263 86 8699
265 86 9153
266 86 79
267 86 10450
268 86 9
269 86 10922
271 86 11096
273 86 9143
275 86 9482
277 86 9773
278 86 90
279 86 9987
280 86 72
281 86 10736
282 86 67
283 86 10476
285 86 11046
286 86 82
287 86 11071
289 86 10951
291 86 9585
293 86 9616
294 86 12
295 86 9466
296 86 64
297 86 10529
298 86 58
299 86 8958
300 86 34
301 86 10434
303 86 10056
305 86 11740
307 86 11270
308 86 59
309 86 8764
310 86 46
311 86 8988
313 86 10475
315 86 10169
316 86 37
317 86 11745
319 86 10923
320 86 30
321 86 8126
323 86 11041
325 86 10433
327 86 10168
328 86 66
329 86 10508
330 86 80
331 86 10948
332 86 18
333 86 11454
334 86 56
335 86 9737
337 86 10415
338 86 95
339 86 10803
340 86 27
341 86 11326
343 86 10125
344 86 81
345 86 11481
347 86 10140
349 86 9332
350 86 91
351 86 9412
352 86 99
353 86 8011
355 86 10993
356 86 68
357 86 11177
359 86 8162
360 86 82
361 86 10036
362 86 73
363 86 11125
364 86 17
365 86 10145
366 86 33
367 86 10998
368 86 82
369 86 10863
370 86 46
371 86 10137
372 86 14
373 86 8134
374 86 43
375 86 9227
377 86 10994
379 86 11797
380 86 40
381 86 9459
383 86 9300
384 86 87
385 86 9605
386 86 7
387 86 11312
388 86 34
389 86 9640
391 86 10475
392 86 96
393 86 9090
395 86 9950
397 86 8618
398 86 43
399 86 10216
400 86 1
401 86 10597
402 86 34
403 86 10781
405 86 9812
406 86 68
407 86 9140
409 86 11825
411 86 8882
412 86 77
413 86 9506
415 86 10601
417 86 8637
419 86 8940
421 86 11110
423 86 8411
425 86 9052
426 86 8
427 86 8682
428 86 100
429 86 10645
431 86 9834
433 86 8142
434 86 91
435 86 11042
436 86 21
437 86 10781
439 86 9925
440 86 41
441 86 10338
442 86 18
443 86 10009
445 86 10375
447 86 11172
449 86 11839
451 86 11132
453 86 9004
455 86 9370
457 86 8007
458 86 27
459 86 11699
461 86 10014
463 86 11082
465 86 8205
466 86 14
467 86 11684
468 86 68
469 86 11005
471 86 11677
473 86 8644
474 86 84
475 86 10588
476 86 28
477 86 10573
478 86 92
479 86 10300
480 86 7
481 86 8571
482 86 90
483 86 9533
484 86 23
485 86 11862
486 86 96
487 86 9637
488 86 55
489 86 9668
490 86 19
491 86 10485
492 86 3
493 86 8134
494 86 15
495 86 10662
497 86 8584
499 86 8611
501 86 8849
502 86 97
503 86 9555
504 86 35
505 86 10182
506 86 9
507 86 8656
508 86 12
509 86 11883
510 86 4
511 86 10842
512 86 12
513 86 11409
514 86 44
515 86 9963
516 86 20
517 86 9979
519 86 10144
520 86 69
521 86 10253
523 86 9688
524 86 77
525 86 8441
527 86 11290
528 86 97
529 86 10561
531 86 9790
532 86 87
533 86 8841
534 86 39
535 86 8590
536 86 98
537 86 11169
538 86 100
539 86 8977
540 86 81
541 86 8586
542 86 19
543 86 8771
545 86 10125
547 86 11952
549 86 10042
551 86 9536
553 86 10566
555 86 9124
556 86 40
557 86 8859
559 86 8397
561 86 8389
562 86 87
563 86 8497
564 86 9
565 86 10650
566 86 92
567 86 11933
568 86 3
569 86 9824
571 86 10945
573 86 11529
574 86 23
575 86 8331
576 86 70
577 86 11898
579 86 9039
581 86 9226
583 86 8730
585 86 11595
586 86 52
587 86 10697
589 86 11772
590 86 24
591 86 10992
593 86 10345
594 86 1
595 86 8588
597 86 9341
599 86 9574
1 87 77
4 87 60
6 87 22
12 87 43
14 87 90
16 87 76
18 87 98
20 87 51
22 87 26
26 87 48
28 87 96
29 87 78
30 87 27
34 87 29
37 87 71
41 87 53
42 87 18
44 87 93
46 87 3
47 87 65
48 87 25
51 87 63
53 87 3
55 87 6
58 87 4
59 87 22
64 87 83
66 87 85
67 87 68
68 87 70
69 87 80
70 87 48
71 87 29
73 87 26
74 87 4
75 87 97
76 87 24
78 87 97
79 87 96
81 87 28
84 87 50
85 87 93
91 87 52
92 87 76
93 87 87
96 87 13
98 87 92
100 87 96
102 87 29
104 87 9
106 87 64
108 87 99
109 87 72
112 87 66
120 87 3
123 87 61
125 87 25
127 87 56
128 87 50
129 87 57
130 87 53
132 87 83
133 87 52
135 87 55
137 87 88
138 87 67
144 87 35
147 87 72
149 87 14
150 87 92
152 87 6
153 87 95
157 87 63
158 87 19
159 87 92
163 87 36
164 87 6
166 87 76
169 87 66
171 87 68
176 87 94
179 87 50
183 87 79
187 87 36
188 87 1
189 87 11
190 87 21
191 87 36
192 87 100
193 87 68
196 87 36
197 87 30
199 87 10
204 87 52
205 87 45
206 87 46
211 87 79
213 87 23
214 87 23
215 87 27
216 87 10
217 87 47
218 87 20
219 87 52
221 87 36
222 87 64
223 87 44
224 87 25
230 87 12
234 87 51
245 87 51
249 87 62
255 87 57
261 87 32
262 87 88
263 87 10
268 87 61
271 87 16
277 87 22
278 87 91
279 87 3
281 87 20
284 87 76
285 87 30
286 87 3
290 87 46
292 87 33
293 87 44
301 87 60
302 87 60
304 87 79
306 87 71
308 87 96
309 87 84
310 87 13
312 87 6
313 87 42
315 87 42
321 87 29
322 87 69
329 87 26
330 87 22
331 87 73
336 87 48
337 87 46
338 87 48
339 87 97
340 87 82
341 87 65
344 87 17
345 87 12
349 87 6
353 87 21
354 87 50
355 87 40
356 87 42
358 87 48
360 87 23
362 87 32
363 87 10
372 87 77
375 87 24
379 87 36
380 87 30
385 87 30
386 87 17
387 87 15
388 87 67
389 87 79
391 87 57
392 87 53
394 87 96
395 87 6
396 87 26
397 87 28
400 87 60
401 87 89
402 87 21
403 87 21
404 87 37
405 87 67
406 87 1
407 87 82
410 87 6
413 87 24
414 87 56
416 87 57
417 87 22
420 87 42
421 87 87
422 87 47
423 87 54
425 87 74
428 87 7
430 87 27
432 87 66
437 87 4
438 87 6
443 87 70
444 87 42
445 87 3
446 87 61
448 87 41
450 87 91
452 87 66
453 87 88
454 87 98
455 87 61
456 87 71
458 87 66
459 87 72
460 87 81
461 87 70
464 87 65
467 87 4
468 87 4
469 87 25
475 87 44
476 87 30
478 87 59
483 87 87
486 87 47
488 87 67
490 87 54
491 87 16
492 87 31
494 87 9
496 87 15
497 87 75
502 87 81
503 87 18
505 87 52
507 87 69
509 87 18
510 87 51
512 87 97
513 87 79
516 87 7
517 87 40
521 87 71
522 87 97
523 87 49
529 87 55
531 87 2
532 87 49
533 87 28
534 87 31
535 87 48
537 87 70
542 87 85
544 87 90
547 87 98
550 87 7
552 87 4
554 87 48
557 87 5
560 87 89
561 87 99
564 87 90
565 87 50
566 87 25
569 87 24
573 87 90
575 87 97
576 87 5
578 87 86
579 87 87
582 87 61
583 87 34
584 87 41
585 87 33
586 87 57
588 87 58
591 87 36
596 87 47
597 87 10
598 87 65
599 87 54
0 88 18
1 88 11874
2 88 37
3 88 11755
5 88 9929
7 88 11481
9 88 8978
11 88 8611
12 88 68
13 88 10595
14 88 78
15 88 8820
16 88 79
17 88 11700
18 88 22
19 88 9459
20 88 74
21 88 11314
23 88 8037
25 88 11479
27 88 11027
28 88 49
29 88 9186
30 88 56
31 88 11428
33 88 9889
34 88 9
35 88 11275
36 88 98
37 88 8955
38 88 64
39 88 11597
40 88 100
41 88 8323
43 88 9368
44 88 51
45 88 8294
47 88 9027
49 88 9665
50 88 99
51 88 9846
53 88 8138
54 88 48
55 88 9385
56 88 7
57 88 11687
58 88 51
59 88 8925
61 88 10547
62 88 52
63 88 11454
65 88 10331
66 88 19
67 88 11827
69 88 9243
71 88 11601
73 88 11378
74 88 63
75 88 9143
77 88 8493
78 88 22
79 88 9517
80 88 17
81 88 11354
82 88 32
83 88 8740
84 88 81
85 88 8244
87 88 11224
89 88 11676
90 88 81
91 88 9552
93 88 9612
94 88 25
95 88 9029
97 88 10011
99 88 8887
101 88 9361
102 88 36
103 88 8900
105 88 10644
107 88 9842
109 88 9230
110 88 34
111 88 9569
113 88 9450
115 88 8086
117 88 10699
119 88 9775
121 88 8240
122 88 28
123 88 8221
125 88 9650
126 88 66
127 88 9737
129 88 11801
130 88 35
131 88 9726
132 88 35
133 88 8759
135 88 11136
136 88 95
137 88 10140
139 88 11515
141 88 11210
142 88 73
143 88 10551
145 88 10098
146 88 66
147 88 11197
149 88 11869
151 88 8202
153 88 9643
154 88 72
155 88 8465
157 88 8674
159 88 8762
160 88 96
161 88 11303
162 88 49
163 88 11851
164 88 39
165 88 10139
166 88 4
167 88 9205
168 88 67
169 88 11162
171 88 9945
173 88 11405
174 88 19
175 88 10323
176 88 74
177 88 11930
179 88 8204
180 88 42
181 88 8838
183 88 9955
185 88 8522
186 88 79
187 88 11397
188 88 47
189 88 9030
190 88 24
191 88 11351
193 88 10195
194 88 24
195 88 9969
196 88 38
197 88 10097
199 88 8782
201 88 8677
203 88 8378
205 88 10520
207 88 9842
209 88 9283
211 88 9915
213 88 8847
215 88 11649
216 88 40
217 88 11760
219 88 11878
220 88 82
221 88 9864
223 88 10098
225 88 8586
226 88 77
227 88 9162
229 88 10899
230 88 41
231 88 10609
233 88 11039
235 88 10015
237 88 11167
238 88 30
239 88 10374
240 88 60
241 88 11520
243 88 11068
245 88 8532
247 88 8311
249 88 11257
251 88 11150
253 88 8341
254 88 87
255 88 11398
257 88 9381
259 88 8151
261 88 11963
262 88 66
263 88 11093
264 88 100
265 88 10171
267 88 10213
268 88 32
269 88 8216
270 88 63
271 88 9789
273 88 11209
274 88 50
275 88 8931
276 88 40
277 88 10974
279 88 9666
281 88 10059
283 88 11781
284 88 70
285 88 9269
287 88 8917
288 88 15
289 88 11505
290 88 88
291 88 8843
292 88 10
293 88 10637
295 88 10632
297 88 10288
298 88 23
299 88 10710
300 88 55
301 88 10392
302 88 88
303 88 10150
305 88 11208
306 88 63
307 88 10530
308 88 20
309 88 11930
311 88 9301
313 88 10351
315 88 8892
316 88 25
317 88 9910
318 88 81
319 88 9803
320 88 63
321 88 10674
323 88 10516
324 88 11
325 88 11409
327 88 8207
329 88 9003
330 88 12
331 88 8938
332 88 86
333 88 8879
334 88 17
335 88 9463
337 88 9309
339 88 8149
340 88 21
341 88 11230
343 88 10903
345 88 11460
346 88 94
347 88 8967
348 88 19
349 88 9689
350 88 71
351 88 8314
352 88 74
353 88 9565
354 88 14
355 88 9128
357 88 11524
358 88 38
359 88 10382
360 88 9
361 88 9593
362 88 48
363 88 10528
365 88 9899
366 88 74
367 88 10844
369 88 11697
371 88 10011
373 88 10924
374 88 93
375 88 8534
376 88 11
377 88 9181
378 88 21
379 88 10883
381 88 10668
382 88 60
383 88 11238
385 88 9073
386 88 52
387 88 8028
389 88 9454
390 88 60
391 88 8036
393 88 11164
395 88 8578
397 88 8809
398 88 63
399 88 11942
401 88 11732
402 88 94
403 88 10761
404 88 44
405 88 8120
407 88 9325
409 88 9538
410 88 61
411 88 9117
412 88 21
413 88 8548
414 88 70
415 88 11271
416 88 85
417 88 11854
419 88 10036
421 88 8054
423 88 10417
424 88 78
425 88 9962
427 88 9252
429 88 10048
430 88 56
431 88 8102
433 88 11072
435 88 8391
437 88 8993
438 88 71
439 88 9689
441 88 9714
443 88 8377
444 88 27
445 88 9788
447 88 8571
449 88 11643
451 88 10368
453 88 8859
454 88 23
455 88 9100
457 88 11531
459 88 9284
461 88 11507
463 88 8727
464 88 95
465 88 11383
467 88 8253
469 88 8172
470 88 1
471 88 11927
473 88 8990
475 88 9362
476 88 70
477 88 8935
479 88 10899
481 88 9452
482 88 15
483 88 10504
485 88 11642
486 88 51
487 88 8468
489 88 11456
491 88 9995
493 88 8383
495 88 10586
497 88 8314
499 88 8547
501 88 8166
502 88 19
503 88 11508
504 88 50
505 88 8393
506 88 73
507 88 11151
509 88 10435
511 88 11653
512 88 79
513 88 9719
514 88 7
515 88 11231
516 88 7
517 88 10637
518 88 67
519 88 11890
520 88 2
521 88 11843
522 88 71
523 88 8247
525 88 11794
526 88 36
527 88 11118
528 88 7
529 88 11114
531 88 10772
532 88 20
533 88 8880
535 88 9434
536 88 23
537 88 8186
538 88 12
539 88 8374
541 88 8314
543 88 9542
545 88 9388
546 88 58
547 88 8744
549 88 10274
550 88 70
551 88 9430
552 88 42
553 88 9054
554 88 89
555 88 10787
556 88 55
557 88 9902
558 88 64
559 88 8405
560 88 31
561 88 9236
563 88 8422
565 88 8457
567 88 10023
568 88 71
569 88 11149
571 88 9368
573 88 8345
574 88 59
575 88 11099
577 88 11882
578 88 10
579 88 11163
580 88 61
581 88 10732
583 88 11127
584 88 38
585 88 10588
587 88 11401
589 88 8569
591 88 9801
593 88 8125
595 88 9685
597 88 8815
598 88 98
599 88 10743
1 89 42
2 89 6
3 89 49
4 89 55
7 89 54
9 89 7
10 89 19
11 89 45
12 89 77
14 89 68
23 89 94
24 89 48
26 89 41
27 89 50
30 89 86
31 89 67
33 89 11
36 89 85
37 89 56
41 89 82
42 89 74
43 89 41
47 89 3
49 89 50
50 89 49
51 89 45
56 89 43
63 89 11
64 89 99
65 89 41
66 89 57
67 89 83
71 89 90
72 89 45
77 89 18
81 89 98
84 89 84
87 89 80
92 89 97
93 89 46
94 89 19
95 89 40
96 89 79
97 89 35
100 89 6
101 89 18
102 89 70
103 89 83
104 89 90
105 89 22
106 89 62
107 89 71
108 89 44
113 89 34
114 89 16
117 89 24
119 89 12
121 89 88
122 89 68
123 89 16
129 89 95
130 89 30
131 89 30
133 89 42
134 89 15
135 89 24
136 89 18
141 89 51
146 89 92
147 89 60
149 89 35
150 89 51
151 89 7
152 89 68
153 89 19
156 89 96
160 89 64
165 89 30
166 89 38
167 89 56
168 89 91
169 89 74
171 89 45
174 89 40
175 89 20
177 89 45
178 89 68
179 89 20
183 89 68
184 89 11
186 89 5
187 89 63
188 89 80
189 89 30
190 89 78
192 89 28
197 89 53
198 89 9
201 89 41
202 89 48
203 89 10
204 89 85
210 89 22
211 89 27
212 89 30
215 89 41
216 89 7
218 89 9
219 89 76
221 89 37
222 89 29
223 89 66
226 89 45
227 89 85
236 89 10
239 89 50
241 89 57
243 89 57
245 89 51
246 89 13
247 89 27
248 89 100
250 89 17
251 89 18
253 89 22
254 89 21
255 89 29
257 89 77
258 89 11
260 89 45
263 89 91
264 89 87
266 89 48
268 89 68
269 89 68
271 89 51
272 89 72
276 89 82
277 89 16
282 89 18
283 89 92
284 89 88
285 89 34
286 89 24
287 89 61
288 89 40
289 89 28
290 89 72
291 89 16
292 89 6
297 89 3
298 89 82
299 89 32
300 89 87
303 89 9
304 89 91
305 89 7
306 89 7
307 89 97
308 89 64
312 89 85
315 89 69
317 89 15
319 89 66
321 89 22
324 89 68
326 89 74
332 89 1
333 89 27
335 89 100
337 89 5
340 89 83
341 89 94
342 89 79
343 89 52
344 89 7
345 89 82
346 89 88
349 89 18
350 89 45
352 89 20
354 89 80
355 89 46
356 89 52
358 89 32
361 89 24
365 89 2
366 89 75
367 89 30
368 89 9
371 89 6
375 89 65
379 89 38
381 89 5
382 89 20
384 89 47
385 89 54
386 89 20
389 89 82
390 89 53
392 89 83
393 89 2
396 89 15
399 89 52
404 89 90
405 89 70
406 89 64
408 89 81
409 89 24
410 89 20
413 89 85
415 89 39
416 89 10
418 89 17
419 89 33
420 89 57
422 89 40
425 89 60
429 89 44
431 89 2
432 89 76
434 89 81
435 89 34
439 89 22
442 89 95
445 89 69
448 89 57
450 89 97
451 89 91
453 89 46
456 89 69
461 89 51
465 89 34
466 89 90
471 89 1
474 89 46
475 89 82
477 89 4
478 89 82
479 89 3
480 89 15
481 89 65
483 89 34
487 89 8
490 89 36
494 89 41
498 89 82
500 89 28
502 89 69
504 89 88
506 89 46
508 89 35
509 89 6
510 89 70
511 89 99
514 89 9
517 89 49
520 89 84
522 89 37
524 89 74
525 89 80
527 89 96
528 89 6
529 89 66
532 89 55
534 89 38
537 89 5
538 89 80
541 89 35
542 89 85
543 89 8
544 89 84
545 89 85
547 89 19
548 89 32
549 89 58
550 89 59
552 89 32
557 89 24
558 89 76
560 89 15
561 89 60
562 89 10
563 89 75
567 89 75
572 89 17
573 89 20
576 89 18
577 89 12
578 89 92
581 89 45
582 89 73
583 89 37
584 89 25
585 89 63
586 89 47
587 89 30
589 89 23
591 89 92
595 89 95
597 89 42
598 89 80
599 89 41
0 90 26
1 90 10746
2 90 55
3 90 10335
5 90 9986
6 90 61
7 90 11328
8 90 54
9 90 9740
10 90 46
11 90 11431
13 90 11592
14 90 13
15 90 9331
16 90 62
17 90 9945
18 90 40
19 90 11198
21 90 11301
22 90 1
23 90 11134
24 90 27
25 90 9514
27 90 9117
29 90 11645
31 90 10980
33 90 10304
35 90 8177
36 90 94
37 90 8320
39 90 11269
41 90 11610
42 90 67
43 90 11847
44 90 38
45 90 10592
46 90 44
47 90 10198
49 90 8778
51 90 10526
52 90 10
53 90 11654
54 90 12
55 90 8268
56 90 100
57 90 9512
59 90 10235
60 90 1
61 90 11946
63 90 9105
64 90 34
65 90 9615
67 90 10603
68 90 44
69 90 9268
71 90 10424
72 90 14
73 90 8701
75 90 8999
76 90 67
77 90 8125
78 90 22
79 90 11704
81 90 10069
83 90 9475
85 90 10403
87 90 8922
89 90 11621
91 90 11040
92 90 31
93 90 8408
94 90 83
95 90 9474
96 90 22
97 90 10048
99 90 9579
100 90 69
101 90 11459
103 90 8541
104 90 56
105 90 11834
106 90 48
107 90 9144
109 90 8037
110 90 100
111 90 11586
113 90 11696
114 90 46
115 90 10475
117 90 8496
119 90 8498
120 90 91
121 90 8543
122 90 18
123 90 8057
125 90 11707
127 90 11557
129 90 8387
130 90 30
131 90 9998
133 90 11746
134 90 76
135 90 9588
137 90 9761
139 90 8021
140 90 34
141 90 11226
142 90 99
143 90 10772
145 90 10635
146 90 17
147 90 10472
149 90 9949
150 90 16
151 90 9331
152 90 87
153 90 9880
155 90 10568
156 90 68
157 90 11431
159 90 11917
161 90 8334
163 90 9042
164 90 70
165 90 10071
166 90 33
167 90 10504
169 90 9042
170 90 64
171 90 10061
173 90 8006
174 90 2
175 90 9524
176 90 40
177 90 11396
179 90 11847
180 90 99
181 90 10757
182 90 65
183 90 11121
184 90 96
185 90 10182
187 90 9226
188 90 31
189 90 8812
191 90 9742
193 90 10601
194 90 23
195 90 8115
196 90 91
197 90 11956
199 90 10264
201 90 8023
203 90 9242
204 90 92
205 90 10699
206 90 95
207 90 11213
208 90 21
209 90 8880
210 90 61
211 90 10725
213 90 8006
214 90 16
215 90 11935
216 90 65
217 90 11600
218 90 65
219 90 11065
221 90 10940
223 90 9197
225 90 11233
226 90 77
227 90 10382
228 90 32
229 90 10069
231 90 11972
232 90 3
233 90 11195
234 90 99
235 90 11871
237 90 10205
239 90 9559
241 90 10791
242 90 20
243 90 10574
245 90 9350
247 90 11116
249 90 9657
251 90 9611
253 90 11852
255 90 9904
256 90 87
257 90 11797
258 90 19
259 90 8386
260 90 18
261 90 9037
263 90 8157
264 90 4
265 90 10622
267 90 10696
268 90 97
269 90 10697
270 90 61
271 90 10129
272 90 80
273 90 11294
274 90 2
275 90 10567
276 90 27
277 90 8500
278 90 29
279 90 10792
280 90 17
281 90 8356
283 90 10200
285 90 9469
286 90 50
287 90 8176
288 90 45
289 90 11120
290 90 90
291 90 8651
293 90 8625
295 90 8708
297 90 10948
299 90 9288
300 90 54
301 90 9656
303 90 9294
305 90 8905
306 90 75
307 90 9278
309 90 10764
310 90 49
311 90 10861
313 90 9260
315 90 11334
316 90 28
317 90 8381
318 90 84
319 90 10560
321 90 8915
322 90 62
323 90 9322
325 90 10328
327 90 11689
328 90 57
329 90 11569
330 90 99
331 90 11748
333 90 11492
334 90 56
335 90 9442
336 90 61
337 90 9608
339 90 10276
340 90 49
341 90 9207
343 90 9838
344 90 32
345 90 9708
346 90 71
347 90 8621
348 90 32
349 90 11191
351 90 8442
352 90 9
353 90 11272
355 90 11338
356 90 63
357 90 9910
358 90 64
359 90 8136
360 90 79
361 90 10724
363 90 10720
364 90 67
365 90 10182
367 90 9487
369 90 11700
371 90 10205
373 90 10818
375 90 9997
376 90 33
377 90 10870
379 90 9738
381 90 10602
383 90 10493
384 90 42
385 90 10740
386 90 10
387 90 10011
389 90 8850
391 90 10123
392 90 28
393 90 9404
394 90 73
395 90 11755
397 90 11693
399 90 10261
400 90 31
401 90 11022
403 90 9564
404 90 9
405 90 11031
406 90 95
407 90 11117
408 90 39
409 90 9313
410 90 28
411 90 11892
412 90 94
413 90 9071
415 90 11655
417 90 10134
418 90 91
419 90 11744
420 90 3
421 90 10248
423 90 11213
425 90 8052
427 90 10930
429 90 10025
430 90 41
431 90 9063
432 90 45
433 90 9787
434 90 81
435 90 8675
437 90 11583
438 90 34
439 90 10803
441 90 9312
442 90 17
443 90 10407
444 90 94
445 90 9695
446 90 80
447 90 10674
449 90 9665
450 90 36
451 90 11731
452 90 72
453 90 8459
454 90 67
455 90 9409
456 90 13
457 90 8734
458 90 16
459 90 8396
461 90 10369
463 90 9356
464 90 88
465 90 8795
466 90 23
467 90 8186
468 90 6
469 90 8195
470 90 46
471 90 8716
472 90 8
473 90 8666
474 90 97
475 90 11786
477 90 8790
478 90 91
479 90 8153
480 90 34
481 90 11885
482 90 2
483 90 8185
484 90 76
485 90 8564
487 90 10190
489 90 8757
490 90 52
491 90 9432
492 90 9
493 90 11025
495 90 9279
496 90 31
497 90 11957
498 90 2
499 90 11391
500 90 3
501 90 11974
502 90 78
503 90 11510
505 90 11096
506 90 55
507 90 10646
509 90 8871
511 90 9315
512 90 33
513 90 8664
514 90 53
515 90 8126
517 90 11897
518 90 9
519 90 10871
521 90 8363
522 90 10
523 90 11520
524 90 20
525 90 9474
526 90 69
527 90 8189
528 90 67
529 90 9769
531 90 9878
533 90 9935
534 90 47
535 90 11889
536 90 64
537 90 10537
539 90 9335
541 90 10790
543 90 11597
544 90 38
545 90 9454
547 90 10777
549 90 11830
551 90 8885
552 90 17
553 90 10787
554 90 64
555 90 9839
556 90 29
557 90 11772
558 90 45
559 90 10011
561 90 10413
563 90 10133
564 90 91
565 90 8724
566 90 89
567 90 11167
569 90 10349
570 90 86
571 90 11239
572 90 94
573 90 10966
574 90 98
575 90 9121
576 90 58
577 90 9753
579 90 9844
581 90 9747
582 90 56
583 90 9417
584 90 67
585 90 8655
587 90 11386
588 90 93
589 90 11104
590 90 93
591 90 11001
592 90 92
593 90 8815
595 90 8202
596 90 34
597 90 10842
599 90 8627
0 91 1
1 91 4
4 91 60
5 91 96
6 91 8
9 91 90
11 91 23
12 91 98
15 91 93
20 91 26
26 91 99
28 91 63
29 91 50
31 91 91
34 91 83
38 91 47
41 91 47
42 91 30
43 91 72
44 91 35
48 91 22
51 91 96
52 91 53
55 91 37
56 91 84
58 91 12
63 91 19
64 91 24
65 91 91
74 91 18
75 91 69
78 91 92
79 91 68
80 91 45
84 91 91
86 91 4
89 91 29
90 91 76
91 91 77
92 91 27
95 91 1
98 91 27
100 91 22
103 91 65
106 91 78
107 91 4
109 91 49
112 91 55
114 91 22
115 91 62
118 91 100
122 91 30
124 91 55
125 91 34
126 91 95
127 91 22
128 91 60
129 91 81
130 91 46
131 91 57
133 91 46
137 91 24
138 91 43
140 91 90
143 91 88
144 91 57
145 91 6
148 91 24
151 91 14
153 91 99
154 91 15
158 91 11
159 91 79
160 91 11
161 91 22
165 91 53
168 91 70
170 91 2
176 91 41
177 91 48
178 91 15
183 91 87
184 91 23
185 91 13
186 91 32
188 91 7
189 91 22
192 91 54
193 91 55
195 91 12
197 91 75
199 91 99
202 91 55
203 91 67
205 91 81
206 91 87
208 91 45
209 91 50
211 91 1
212 91 61
215 91 17
218 91 79
227 91 41
228 91 12
232 91 79
233 91 95
234 91 4
236 91 41
237 91 19
240 91 96
241 91 6
244 91 44
245 91 73
250 91 33
251 91 41
252 91 72
253 91 9
255 91 86
257 91 6
261 91 88
262 91 99
264 91 65
265 91 9
268 91 68
271 91 80
273 91 66
274 91 32
275 91 77
277 91 56
278 91 10
285 91 80
287 91 89
291 91 60
293 91 49
295 91 75
297 91 66
301 91 27
303 91 78
304 91 47
306 91 52
308 91 41
310 91 54
316 91 77
321 91 75
323 91 43
325 91 47
331 91 15
332 91 45
334 91 94
337 91 52
338 91 17
339 91 54
340 91 98
341 91 93
342 91 29
344 91 53
345 91 58
346 91 49
350 91 77
355 91 55
357 91 63
360 91 1
361 91 32
362 91 58
363 91 9
364 91 94
366 91 72
367 91 34
369 91 77
370 91 68
371 91 14
372 91 5
373 91 78
374 91 68
376 91 97
377 91 75
380 91 70
382 91 71
383 91 31
385 91 10
386 91 90
390 91 20
393 91 66
395 91 53
396 91 22
399 91 39
400 91 78
401 91 4
404 91 90
405 91 12
409 91 5
410 91 73
413 91 97
415 91 45
419 91 21
422 91 13
425 91 39
426 91 72
428 91 27
429 91 69
430 91 69
431 91 49
435 91 30
442 91 76
445 91 69
446 91 73
447 91 53
453 91 94
455 91 60
456 91 50
462 91 84
463 91 82
464 91 83
465 91 53
468 91 79
469 91 28
470 91 84
471 91 47
478 91 22
479 91 97
480 91 20
483 91 77
485 91 20
487 91 97
489 91 7
492 91 52
493 91 94
494 91 57
495 91 64
496 91 6
498 91 11
503 91 44
504 91 14
505 91 96
509 91 82
511 91 80
512 91 61
516 91 70
518 91 43
520 91 80
522 91 28
524 91 97
526 91 91
530 91 53
532 91 15
536 91 33
537 91 83
538 91 21
539 91 57
542 91 69
543 91 68
544 91 95
546 91 78
547 91 7
548 91 6
549 91 54
551 91 31
552 91 84
553 91 7
556 91 65
557 91 49
558 91 92
561 91 98
562 91 86
564 91 60
565 91 63
566 91 50
567 91 30
570 91 77
571 91 64
572 91 25
575 91 35
576 91 68
580 91 61
582 91 53
583 91 77
585 91 4
586 91 72
587 91 46
590 91 42
591 91 5
595 91 77
596 91 98
597 91 63
598 91 24
599 91 57
1 92 10423
2 92 8
3 92 10014
4 92 50
5 92 11524
6 92 47
7 92 9105
8 92 97
9 92 8419
10 92 5
11 92 10768
13 92 10331
15 92 11525
17 92 11194
19 92 8608
20 92 52
21 92 8630
23 92 10171
25 92 9274
26 92 84
27 92 10706
28 92 19
29 92 10580
31 92 9607
33 92 10290
35 92 10057
36 92 22
37 92 8386
38 92 98
39 92 10281
41 92 11930
43 92 8461
44 92 31
45 92 9770
46 92 32
47 92 11435
49 92 10456
51 92 9176
53 92 9224
54 92 76
55 92 8383
56 92 74
57 92 8625
58 92 25
59 92 9956
61 92 8342
62 92 11
63 92 10950
64 92 88
65 92 11478
66 92 53
67 92 10436
69 92 8439
70 92 66
71 92 10197
73 92 9736
75 92 9193
76 92 87
77 92 9246
78 92 42
79 92 8973
81 92 9798
83 92 11800
85 92 11102
87 92 8665
89 92 9117
91 92 11803
92 92 28
93 92 8936
95 92 8425
96 92 100
97 92 10146
99 92 8314
101 92 8134
102 92 19
103 92 8240
105 92 9795
106 92 78
107 92 8863
109 92 10700
110 92 34
111 92 8798
113 92 11597
114 92 39
115 92 9691
116 92 98
117 92 8694
119 92 9189
120 92 70
121 92 8645
122 92 96
123 92 8891
124 92 45
125 92 10903
127 92 9238
128 92 94
129 92 9208
131 92 9966
132 92 97
133 92 11660
135 92 10421
136 92 97
137 92 9788
139 92 9341
140 92 99
141 92 10643
142 92 66
143 92 8144
145 92 10873
147 92 11342
149 92 11408
150 92 97
151 92 10945
153 92 9718
154 92 51
155 92 8421
157 92 9728
159 92 11298
160 92 49
161 92 8059
162 92 7
163 92 8662
164 92 58
165 92 9437
167 92 9754
168 92 5
169 92 10226
171 92 11380
173 92 11053
175 92 9709
177 92 10741
179 92 11332
181 92 10320
183 92 9442
184 92 95
185 92 8724
186 92 72
187 92 9034
189 92 10173
190 92 2
191 92 9766
192 92 57
193 92 10776
194 92 41
195 92 10248
196 92 98
197 92 9365
199 92 11536
201 92 8151
203 92 8873
204 92 26
205 92 10155
206 92 83
207 92 10127
208 92 25
209 92 9181
210 92 32
211 92 9148
213 92 9547
214 92 2
215 92 10509
216 92 83
217 92 11046
218 92 95
219 92 8446
221 92 10944
222 92 19
223 92 9077
225 92 9298
226 92 42
227 92 9247
229 92 9647
230 92 61
231 92 8530
232 92 13
233 92 10441
235 92 8602
236 92 45
237 92 8737
238 92 30
239 92 9864
240 92 44
241 92 10154
243 92 8159
245 92 8903
246 92 93
247 92 11040
249 92 8958
251 92 11138
252 92 45
253 92 11113
254 92 43
255 92 11428
257 92 11271
259 92 8481
261 92 11551
263 92 11336
265 92 8810
266 92 29
267 92 9144
268 92 40
269 92 9189
270 92 28
271 92 9308
272 92 73
273 92 9199
274 92 38
275 92 10983
277 92 10624
278 92 96
279 92 10211
280 92 9
281 92 11920
282 92 21
283 92 9252
285 92 8615
286 92 2
287 92 10749
288 92 1
289 92 11338
291 92 11260
292 92 99
293 92 11494
294 92 2
295 92 10983
296 92 9
297 92 10252
298 92 47
299 92 10670
300 92 7
301 92 10840
302 92 38
303 92 11959
305 92 8915
307 92 10924
308 92 39
309 92 11079
310 92 10
311 92 11308
312 92 7
313 92 11614
314 92 6
315 92 10294
316 92 24
317 92 10711
318 92 2
319 92 9896
320 92 46
321 92 11851
322 92 38
323 92 10734
325 92 8146
327 92 8251
329 92 11170
331 92 11964
332 92 45
333 92 10673
335 92 8453
336 92 62
337 92 10694
339 92 8534
340 92 57
341 92 11715
343 92 11386
344 92 72
345 92 11761
347 92 9994
348 92 11
349 92 11765
350 92 91
351 92 8146
353 92 10422
355 92 10152
356 92 8
357 92 10899
359 92 11687
360 92 23
361 92 8388
363 92 9396
365 92 10404
367 92 9732
369 92 8650
370 92 81
371 92 11111
372 92 94
373 92 8520
375 92 11424
377 92 8119
379 92 11847
381 92 11630
382 92 77
383 92 10398
384 92 21
385 92 9001
386 92 50
387 92 10539
389 92 10111
391 92 8096
392 92 87
393 92 11317
395 92 8204
397 92 9593
398 92 31
399 92 11323
400 92 48
401 92 9514
403 92 11087
405 92 11123
407 92 8942
409 92 11516
410 92 60
411 92 10313
413 92 9177
414 92 86
415 92 9341
417 92 11199
418 92 55
419 92 8259
420 92 76
421 92 10770
422 92 52
423 92 11088
424 92 3
425 92 10745
427 92 11558
429 92 10407
430 92 11
431 92 11746
433 92 9638
434 92 84
435 92 11307
436 92 39
437 92 8091
438 92 57
439 92 8175
440 92 8
441 92 9163
442 92 49
443 92 10156
445 92 9819
446 92 77
447 92 10048
448 92 82
449 92 10064
450 92 96
451 92 10975
452 92 52
453 92 8365
455 92 10732
457 92 9391
459 92 8048
461 92 9167
463 92 9218
464 92 35
465 92 10074
466 92 12
467 92 9242
468 92 69
469 92 9962
470 92 29
471 92 8532
473 92 8745
474 92 46
475 92 10233
476 92 21
477 92 11975
479 92 9385
481 92 10493
482 92 43
483 92 11682
484 92 30
485 92 11529
487 92 10323
489 92 9871
490 92 43
491 92 10907
493 92 11415
494 92 28
495 92 8120
496 92 84
497 92 9214
499 92 11949
500 92 5
501 92 10507
502 92 4
503 92 9191
505 92 9148
507 92 8111
508 92 17
509 92 10873
510 92 20
511 92 8480
513 92 10482
515 92 9104
516 92 18
517 92 11575
519 92 10450
521 92 10762
523 92 8057
524 92 99
525 92 11354
526 92 29
527 92 11872
529 92 11490
531 92 8378
532 92 89
533 92 11891
534 92 68
535 92 8212
536 92 92
537 92 10613
539 92 9211
540 92 3
541 92 9770
543 92 9041
544 92 48
545 92 10867
547 92 10681
549 92 11646
551 92 8384
552 92 52
553 92 10688
554 92 93
555 92 10557
556 92 3
557 92 11345
558 92 63
559 92 10656
560 92 82
561 92 10020
562 92 80
563 92 11599
565 92 11686
566 92 76
567 92 8347
569 92 10008
571 92 8089
572 92 59
573 92 11886
574 92 40
575 92 8778
577 92 10681
579 92 11047
580 92 13
581 92 9651
582 92 78
583 92 8525
584 92 61
585 92 10623
587 92 8317
588 92 82
589 92 10803
590 92 19
591 92 10797
592 92 35
593 92 10330
595 92 11071
597 92 11814
598 92 50
599 92 10415
0 93 51
6 93 73
13 93 27
15 93 25
16 93 20
17 93 71
20 93 51
22 93 56
23 93 59
24 93 48
26 93 74
27 93 57
28 93 32
30 93 62
32 93 11
33 93 41
34 93 2
35 93 90
38 93 87
40 93 98
43 93 52
46 93 5
47 93 49
48 93 14
49 93 24
50 93 14
53 93 1
54 93 56
55 93 14
57 93 71
61 93 94
62 93 8
63 93 73
65 93 23
67 93 29
71 93 59
74 93 18
76 93 84
77 93 10
78 93 19
81 93 55
82 93 84
83 93 19
85 93 5
86 93 80
87 93 91
89 93 11
90 93 56
92 93 51
97 93 55
99 93 40
103 93 38
104 93 14
105 93 28
106 93 7
107 93 21
108 93 50
110 93 13
112 93 30
115 93 22
118 93 50
119 93 84
120 93 79
125 93 30
126 93 72
131 93 8
133 93 77
134 93 49
142 93 97
145 93 98
146 93 89
151 93 65
152 93 59
153 93 76
154 93 18
156 93 82
160 93 69
165 93 84
172 93 9
175 93 57
178 93 17
181 93 13
185 93 33
188 93 94
189 93 39
197 93 14
198 93 76
199 93 63
200 93 51
203 93 42
204 93 12
207 93 75
210 93 60
212 93 30
214 93 54
217 93 11
218 93 65
219 93 49
221 93 33
222 93 94
224 93 37
225 93 98
227 93 18
228 93 85
231 93 68
232 93 56
235 93 41
237 93 29
238 93 10
239 93 18
242 93 23
243 93 26
245 93 60
246 93 38
247 93 81
248 93 91
250 93 8
251 93 78
252 93 86
254 93 25
256 93 69
258 93 75
259 93 62
260 93 68
263 93 12
264 93 24
270 93 63
271 93 11
273 93 70
274 93 5
275 93 18
276 93 37
278 93 89
279 93 50
281 93 54
282 93 91
285 93 91
286 93 29
287 93 29
288 93 24
289 93 71
290 93 63
294 93 3
295 93 35
296 93 10
299 93 25
300 93 67
302 93 17
305 93 56
309 93 91
310 93 28
311 93 91
317 93 28
319 93 52
320 93 24
321 93 69
323 93 27
324 93 61
326 93 22
327 93 27
328 93 69
330 93 16
331 93 39
332 93 77
333 93 59
334 93 79
335 93 29
337 93 72
339 93 28
341 93 95
344 93 2
345 93 79
347 93 79
348 93 8
349 93 66
350 93 50
351 93 21
352 93 80
353 93 24
355 93 33
356 93 77
357 93 52
358 93 28
359 93 90
360 93 10
362 93 57
363 93 17
365 93 64
366 93 50
367 93 29
368 93 38
369 93 10
371 93 24
378 93 39
385 93 81
390 93 83
391 93 60
396 93 95
398 93 52
400 93 40
402 93 3
405 93 87
406 93 2
407 93 94
408 93 24
412 93 43
413 93 58
415 93 27
416 93 44
417 93 28
418 93 80
419 93 63
420 93 86
421 93 60
422 93 73
423 93 20
425 93 67
426 93 75
427 93 2
430 93 73
437 93 5
438 93 27
439 93 22
443 93 15
445 93 48
448 93 37
449 93 95
450 93 58
453 93 51
455 93 8
456 93 57
457 93 29
459 93 58
460 93 89
461 93 85
462 93 28
463 93 29
464 93 36
468 93 64
471 93 55
473 93 95
475 93 62
478 93 88
479 93 89
480 93 10
482 93 47
485 93 93
487 93 98
488 93 80
489 93 25
492 93 44
494 93 46
495 93 1
496 93 38
498 93 77
500 93 67
501 93 46
502 93 20
504 93 10
506 93 95
508 93 44
509 93 39
514 93 18
516 93 15
517 93 13
519 93 38
521 93 12
522 93 35
525 93 64
530 93 80
531 93 89
532 93 43
534 93 10
538 93 89
539 93 20
540 93 11
544 93 64
546 93 10
548 93 46
551 93 25
553 93 15
554 93 56
556 93 46
559 93 83
561 93 71
562 93 44
566 93 60
568 93 54
571 93 99
574 93 35
577 93 27
578 93 30
584 93 49
589 93 15
591 93 11
592 93 42
593 93 26
594 93 96
595 93 45
596 93 25
598 93 31
1 94 9455
3 94 11304
4 94 77
5 94 9892
7 94 8979
8 94 5
9 94 8316
10 94 20
11 94 10163
12 94 24
13 94 9364
15 94 11351
16 94 93
17 94 11077
18 94 51
19 94 11677
20 94 6
21 94 8356
23 94 8720
24 94 70
25 94 11918
27 94 10206
28 94 72
29 94 11621
31 94 10455
33 94 9980
35 94 9169
37 94 10711
38 94 17
39 94 11403
40 94 99
41 94 11129
43 94 8884
45 94 8122
46 94 43
47 94 10439
48 94 23
49 94 10814
50 94 46
51 94 10961
52 94 79
53 94 8744
55 94 9385
57 94 9503
58 94 26
59 94 11759
60 94 16
61 94 9120
62 94 24
63 94 10566
64 94 77
65 94 10788
66 94 75
67 94 11355
69 94 8763
71 94 10504
73 94 8165
75 94 9809
77 94 10155
79 94 10000
81 94 8824
82 94 100
83 94 9760
84 94 40
85 94 8152
87 94 9663
88 94 83
89 94 8746
91 94 10153
93 94 9790
94 94 50
95 94 9588
97 94 9533
99 94 9938
101 94 9658
102 94 50
103 94 8837
104 94 19
105 94 9421
107 94 9648
108 94 44
109 94 10452
111 94 8846
112 94 20
113 94 11239
114 94 36
115 94 8913
117 94 11657
119 94 10325
120 94 42
121 94 8081
122 94 56
123 94 8355
124 94 89
125 94 11247
127 94 10042
129 94 9344
130 94 17
131 94 9520
133 94 8264
135 94 11474
137 94 10977
138 94 11
139 94 11698
140 94 65
141 94 9471
143 94 9374
144 94 21
145 94 8965
146 94 37
147 94 8809
149 94 9864
150 94 74
151 94 11152
153 94 10146
155 94 9440
156 94 58
157 94 9036
159 94 10205
161 94 8236
162 94 88
163 94 9997
165 94 9901
167 94 10828
169 94 10178
171 94 9291
172 94 94
173 94 8329
174 94 6
175 94 8894
176 94 53
177 94 8137
179 94 10633
180 94 75
181 94 9172
182 94 69
183 94 9608
184 94 55
185 94 11336
186 94 81
187 94 8218
189 94 10806
190 94 85
191 94 11675
192 94 44
193 94 11193
194 94 70
195 94 8838
197 94 9718
198 94 33
199 94 8022
200 94 10
201 94 11790
203 94 8837
205 94 11106
206 94 84
207 94 11553
209 94 8579
210 94 25
211 94 9151
213 94 9539
215 94 9755
216 94 29
217 94 11216
218 94 69
219 94 11067
220 94 46
221 94 11627
222 94 26
223 94 10872
225 94 10940
227 94 8041
229 94 10419
231 94 9104
233 94 8826
234 94 41
235 94 8842
237 94 8056
239 94 8808
241 94 8058
242 94 65
243 94 9066
244 94 40
245 94 8339
246 94 33
247 94 9526
248 94 22
249 94 9810
250 94 36
251 94 10471
253 94 8787
254 94 51
255 94 10772
256 94 3
257 94 10256
258 94 58
259 94 11093
260 94 43
261 94 8807
263 94 9408
264 94 8
265 94 9374
267 94 10338
268 94 43
269 94 9326
270 94 80
271 94 11289
272 94 35
273 94 10762
275 94 10056
277 94 9266
278 94 50
279 94 9694
280 94 52
281 94 11778
282 94 65
283 94 8989
284 94 77
285 94 9428
287 94 8998
289 94 10011
291 94 11551
292 94 27
293 94 9572
294 94 87
295 94 8096
297 94 10761
299 94 9338
301 94 10164
302 94 94
303 94 11232
305 94 8562
307 94 9527
308 94 22
309 94 9938
311 94 9042
312 94 62
313 94 8094
315 94 10040
317 94 11743
318 94 32
319 94 9158
321 94 9254
323 94 9152
325 94 11942
327 94 8921
328 94 36
329 94 9454
331 94 11072
332 94 66
333 94 10078
334 94 29
335 94 11724
337 94 8542
339 94 11437
341 94 11916
343 94 9890
345 94 10891
346 94 34
347 94 11729
348 94 74
349 94 10056
351 94 8615
353 94 10970
354 94 42
355 94 11513
357 94 11367
359 94 8719
361 94 11666
363 94 11321
365 94 9027
367 94 8453
368 94 71
369 94 9105
371 94 9142
372 94 44
373 94 8331
375 94 10621
377 94 8040
379 94 11139
380 94 72
381 94 8444
383 94 9498
384 94 85
385 94 11899
387 94 11892
388 94 88
389 94 9371
391 94 10805
393 94 9467
394 94 9
395 94 9931
396 94 80
397 94 8432
399 94 8065
400 94 33
401 94 11788
402 94 15
403 94 10481
404 94 16
405 94 8837
407 94 8059
409 94 9662
410 94 86
411 94 9925
412 94 96
413 94 11134
415 94 11457
417 94 10298
419 94 9345
421 94 9862
423 94 11507
425 94 8152
426 94 90
427 94 9155
429 94 9721
431 94 11060
432 94 35
433 94 8782
434 94 21
435 94 11241
437 94 11996
438 94 51
439 94 9396
440 94 60
441 94 9819
443 94 8171
445 94 11697
446 94 22
447 94 8886
449 94 10043
451 94 9715
452 94 83
453 94 10111
455 94 9158
457 94 9502
459 94 9020
460 94 12
461 94 8571
462 94 87
463 94 8039
464 94 62
465 94 11035
466 94 63
467 94 11454
468 94 32
469 94 11938
471 94 9371
473 94 8662
475 94 11155
476 94 74
477 94 8658
478 94 68
479 94 8720
481 94 9575
483 94 11666
485 94 8004
486 94 11
487 94 9160
488 94 46
489 94 10675
491 94 11208
492 94 75
493 94 10745
495 94 11418
497 94 8621
498 94 28
499 94 9611
500 94 69
501 94 8367
503 94 11717
504 94 35
505 94 9775
507 94 9264
508 94 29
509 94 9770
511 94 10236
512 94 98
513 94 11643
515 94 11060
517 94 9076
518 94 15
519 94 8663
520 94 21
521 94 10296
523 94 9067
525 94 8484
527 94 9322
529 94 9521
531 94 10999
533 94 11358
535 94 10187
537 94 9790
539 94 10075
540 94 55
541 94 9831
542 94 5
543 94 10787
544 94 76
545 94 10272
547 94 11915
549 94 8395
550 94 84
551 94 8948
552 94 100
553 94 8292
554 94 36
555 94 8995
556 94 93
557 94 11654
559 94 9240
560 94 20
561 94 11604
563 94 10051
565 94 10538
566 94 80
567 94 10234
568 94 42
569 94 10754
570 94 12
571 94 8351
572 94 28
573 94 8416
574 94 2
575 94 9458
576 94 72
577 94 8798
579 94 10826
580 94 1
581 94 9487
583 94 10216
585 94 8088
587 94 8314
589 94 10584
590 94 36
591 94 10763
592 94 77
593 94 10872
595 94 9768
596 94 8
597 94 10494
599 94 9396
2 95 9
3 95 63
4 95 61
5 95 73
10 95 67
15 95 69
16 95 92
19 95 61
21 95 1
22 95 69
27 95 60
34 95 7
41 95 100
42 95 35
47 95 95
48 95 21
51 95 3
53 95 46
54 95 98
56 95 15
58 95 35
60 95 13
62 95 74
63 95 82
64 95 12
65 95 72
66 95 46
77 95 69
79 95 21
80 95 5
83 95 23
84 95 96
85 95 58
86 95 98
87 95 55
88 95 56
91 95 23
95 95 36
97 95 5
98 95 14
99 95 97
100 95 98
101 95 17
103 95 31
105 95 69
107 95 100
113 95 1
115 95 82
117 95 8
118 95 96
119 95 76
121 95 8
123 95 18
125 95 29
126 95 52
128 95 80
130 95 74
132 95 30
134 95 19
136 95 88
137 95 10
140 95 47
141 95 62
143 95 23
144 95 71
149 95 55
154 95 7
156 95 41
158 95 32
163 95 8
164 95 98
166 95 38
167 95 62
169 95 80
171 95 10
172 95 71
173 95 31
176 95 3
177 95 58
180 95 18
181 95 49
183 95 44
184 95 18
185 95 33
186 95 75
187 95 40
188 95 50
189 95 30
191 95 16
198 95 19
199 95 47
200 95 10
203 95 11
205 95 24
206 95 40
211 95 91
213 95 10
216 95 86
218 95 61
220 95 53
222 95 11
223 95 92
225 95 73
228 95 51
229 95 36
235 95 95
236 95 40
237 95 71
238 95 3
239 95 52
242 95 67
243 95 37
244 95 23
247 95 12
249 95 31
253 95 99
254 95 19
255 95 25
256 95 35
257 95 95
258 95 82
259 95 48
260 95 73
262 95 81
263 95 49
264 95 25
265 95 59
270 95 70
271 95 40
272 95 25
273 95 45
277 95 13
278 95 82
279 95 40
280 95 66
283 95 86
284 95 27
285 95 84
286 95 65
287 95 65
289 95 95
290 95 13
292 95 19
293 95 18
299 95 43
305 95 83
306 95 45
307 95 80
308 95 14
315 95 42
316 95 79
318 95 29
320 95 10
322 95 3
323 95 12
324 95 93
325 95 28
326 95 3
327 95 1
329 95 2
332 95 81
334 95 66
335 95 23
336 95 79
337 95 96
338 95 66
340 95 38
341 95 66
342 95 100
343 95 38
346 95 20
349 95 43
351 95 18
353 95 41
354 95 24
356 95 61
357 95 75
360 95 42
361 95 74
362 95 72
364 95 22
365 95 8
366 95 98
370 95 26
373 95 66
376 95 70
377 95 29
379 95 99
381 95 55
384 95 7
385 95 53
387 95 95
389 95 90
390 95 52
391 95 28
392 95 55
394 95 8
395 95 26
396 95 17
402 95 24
407 95 76
409 95 19
410 95 89
412 95 22
413 95 84
416 95 89
418 95 33
419 95 6
420 95 28
422 95 45
424 95 86
425 95 35
427 95 15
428 95 75
431 95 76
432 95 28
433 95 50
434 95 22
436 95 20
437 95 51
438 95 4
439 95 3
440 95 75
441 95 82
443 95 18
444 95 47
447 95 86
448 95 99
449 95 100
450 95 54
451 95 86
453 95 43
456 95 37
457 95 38
458 95 81
461 95 20
462 95 47
464 95 80
465 95 37
469 95 16
470 95 69
475 95 11
481 95 36
482 95 83
483 95 100
486 95 61
490 95 1
492 95 8
494 95 88
495 95 22
496 95 62
497 95 83
499 95 92
500 95 16
504 95 9
506 95 4
510 95 76
511 95 93
514 95 63
516 95 54
517 95 40
520 95 58
522 95 88
523 95 93
524 95 97
525 95 18
526 95 30
528 95 6
529 95 78
530 95 32
531 95 63
532 95 59
533 95 22
537 95 2
540 95 100
543 95 59
545 95 45
546 95 16
550 95 60
553 95 58
555 95 93
556 95 53
557 95 87
558 95 6
561 95 48
563 95 33
564 95 61
565 95 61
568 95 55
569 95 60
571 95 23
573 95 70
574 95 63
579 95 38
581 95 7
582 95 63
583 95 78
586 95 55
587 95 99
591 95 59
592 95 41
594 95 4
596 95 69
597 95 59
1 96 8645
3 96 9958
5 96 9740
7 96 8245
8 96 52
9 96 11512
11 96 8221
12 96 84
13 96 10708
15 96 10947
17 96 9376
18 96 24
19 96 10831
20 96 71
21 96 10170
22 96 1
23 96 9633
25 96 8221
27 96 10523
28 96 74
29 96 10367
30 96 35
31 96 9277
32 96 8
33 96 9829
35 96 10552
36 96 3
37 96 9130
39 96 9228
40 96 50
41 96 9507
43 96 9737
45 96 8601
47 96 8217
49 96 8591
50 96 46
51 96 11673
52 96 83
53 96 10797
55 96 8420
56 96 58
57 96 9136
59 96 11130
60 96 61
61 96 10490
63 96 11414
64 96 63
65 96 9655
66 96 3
67 96 8176
69 96 8164
71 96 11797
72 96 94
73 96 9040
74 96 35
75 96 10778
76 96 44
77 96 9996
79 96 10444
81 96 9312
83 96 9950
85 96 9037
87 96 9174
88 96 97
89 96 8300
91 96 10341
92 96 61
93 96 8835
95 96 9371
97 96 8940
98 96 53
99 96 8101
101 96 10330
102 96 54
103 96 11476
104 96 38
105 96 10376
107 96 11565
109 96 9807
110 96 61
111 96 8951
113 96 9117
114 96 83
115 96 9923
117 96 11659
119 96 9046
121 96 8270
123 96 9315
125 96 9166
126 96 92
127 96 8180
128 96 31
129 96 9668
130 96 16
131 96 8911
133 96 8172
134 96 81
135 96 11300
136 96 18
137 96 8484
139 96 9243
141 96 9748
142 96 57
143 96 10962
145 96 8629
146 96 31
147 96 8806
148 96 42
149 96 11250
150 96 96
151 96 11341
152 96 69
153 96 10844
154 96 18
155 96 10145
156 96 65
157 96 11151
158 96 32
159 96 8390
161 96 8751
163 96 10811
165 96 9412
167 96 8760
169 96 9854
170 96 32
171 96 11150
173 96 9572
174 96 100
175 96 11725
177 96 9313
178 96 77
179 96 11339
180 96 87
181 96 9904
182 96 71
183 96 11286
184 96 77
185 96 10661
186 96 87
187 96 11279
189 96 8215
190 96 14
191 96 9140
193 96 11833
194 96 48
195 96 11927
196 96 89
197 96 8092
199 96 11242
200 96 46
201 96 9528
203 96 11931
205 96 11154
206 96 61
207 96 11598
208 96 84
209 96 11924
210 96 71
211 96 10832
213 96 8236
214 96 49
215 96 10824
217 96 8267
219 96 8687
220 96 40
221 96 9589
222 96 38
223 96 10071
225 96 11929
226 96 28
227 96 11112
229 96 10651
231 96 11263
233 96 11181
234 96 41
235 96 11861
236 96 38
237 96 8026
239 96 11423
241 96 8285
243 96 9533
245 96 10741
246 96 18
247 96 10616
248 96 11
249 96 9327
250 96 75
251 96 8203
252 96 66
253 96 8752
255 96 10385
257 96 11914
259 96 10800
261 96 9946
263 96 9751
265 96 9490
266 96 60
267 96 9978
268 96 81
269 96 9305
271 96 11990
272 96 71
273 96 9126
274 96 39
275 96 8730
276 96 48
277 96 11506
279 96 11531
281 96 8091
283 96 11011
285 96 9702
287 96 11120
288 96 95
289 96 8034
290 96 94
291 96 10608
292 96 91
293 96 8336
294 96 41
295 96 11959
296 96 87
297 96 11919
299 96 11565
301 96 9762
302 96 92
303 96 8570
304 96 32
305 96 10159
306 96 1
307 96 8535
308 96 54
309 96 10787
310 96 45
311 96 9735
313 96 8989
315 96 10799
317 96 11481
319 96 9090
321 96 10977
322 96 88
323 96 8093
325 96 11200
327 96 8113
329 96 8521
331 96 11145
333 96 10582
334 96 10
335 96 9822
336 96 15
337 96 9572
339 96 10706
340 96 21
341 96 10964
342 96 82
343 96 10432
344 96 83
345 96 9282
347 96 9091
348 96 35
349 96 8770
350 96 5
351 96 11655
353 96 10189
354 96 51
355 96 11918
356 96 66
357 96 8801
358 96 9
359 96 10252
361 96 10958
362 96 1
363 96 8563
365 96 9595
366 96 45
367 96 10955
369 96 11954
370 96 46
371 96 9511
372 96 65
373 96 9503
375 96 11046
376 96 85
377 96 10991
378 96 43
379 96 8117
381 96 11567
383 96 8662
385 96 11902
387 96 8841
389 96 8000
391 96 10495
392 96 82
393 96 11405
395 96 11817
397 96 11052
399 96 10192
401 96 8318
402 96 33
403 96 11876
405 96 8893
407 96 8509
409 96 9719
410 96 62
411 96 11039
413 96 8655
415 96 8671
417 96 11431
419 96 8306
420 96 33
421 96 9958
423 96 11891
424 96 29
425 96 9229
426 96 96
427 96 8980
429 96 10644
431 96 10412
433 96 8188
435 96 11550
436 96 96
437 96 8450
439 96 9547
441 96 11233
442 96 16
443 96 11624
444 96 39
445 96 10786
447 96 9894
449 96 9093
450 96 15
451 96 8680
452 96 19
453 96 11630
455 96 9086
456 96 24
457 96 10982
458 96 39
459 96 8361
460 96 93
461 96 11732
462 96 17
463 96 9999
465 96 10445
466 96 48
467 96 11738
468 96 94
469 96 8443
471 96 11293
472 96 55
473 96 10304
474 96 68
475 96 8572
476 96 94
477 96 10296
479 96 11730
481 96 10277
483 96 9665
485 96 10724
487 96 9950
489 96 8685
491 96 11547
493 96 9730
495 96 11054
497 96 10822
498 96 20
499 96 8748
500 96 90
501 96 8823
503 96 9593
504 96 25
505 96 10090
507 96 10633
508 96 24
509 96 10317
510 96 22
511 96 9178
513 96 10595
515 96 8764
517 96 8914
518 96 17
519 96 11572
521 96 10247
523 96 11335
525 96 8273
526 96 77
527 96 11555
529 96 9565
531 96 9566
533 96 9692
535 96 9324
536 96 84
537 96 10352
538 96 42
539 96 9800
541 96 11433
543 96 8716
544 96 81
545 96 10215
547 96 9839
548 96 64
549 96 11243
550 96 71
551 96 11512
552 96 33
553 96 10607
554 96 54
555 96 10796
556 96 58
557 96 8604
559 96 10730
561 96 9561
563 96 10525
564 96 74
565 96 10570
566 96 51
567 96 11291
568 96 1
569 96 11843
571 96 11100
572 96 65
573 96 8314
574 96 9
575 96 10625
577 96 8838
578 96 17
579 96 11954
581 96 11370
583 96 11433
585 96 8612
586 96 24
587 96 8053
588 96 83
589 96 11574
591 96 9050
593 96 10395
594 96 90
595 96 10453
596 96 99
597 96 9874
598 96 12
599 96 8684
1 97 45
2 97 50
5 97 88
6 97 96
8 97 94
9 97 86
11 97 83
13 97 94
15 97 4
16 97 30
22 97 75
23 97 55
24 97 54
25 97 24
34 97 76
36 97 60
43 97 78
45 97 64
51 97 28
53 97 47
55 97 84
57 97 9
58 97 17
59 97 6
61 97 7
66 97 66
67 97 88
70 97 36
72 97 70
76 97 22
77 97 35
78 97 100
80 97 8
83 97 98
84 97 26
90 97 75
91 97 70
93 97 74
94 97 63
95 97 98
96 97 98
98 97 92
105 97 6
108 97 92
109 97 20
110 97 66
113 97 3
114 97 53
115 97 81
116 97 6
117 97 37
120 97 74
121 97 75
122 97 88
123 97 79
124 97 17
125 97 86
129 97 60
131 97 27
132 97 88
137 97 94
140 97 95
143 97 85
146 97 62
148 97 86
149 97 9
150 97 63
151 97 12
152 97 10
154 97 47
163 97 64
164 97 47
167 97 97
168 97 84
171 97 63
175 97 73
177 97 92
179 97 28
181 97 10
182 97 14
183 97 36
185 97 17
187 97 7
189 97 44
190 97 64
191 97 25
194 97 69
196 97 75
198 97 75
199 97 76
200 97 3
201 97 46
202 97 99
204 97 33
205 97 77
207 97 44
210 97 44
211 97 55
212 97 94
213 97 8
215 97 3
218 97 48
220 97 55
222 97 22
224 97 64
225 97 16
228 97 31
229 97 20
230 97 48
231 97 87
233 97 73
234 97 71
235 97 47
236 97 88
237 97 30
238 97 21
239 97 63
240 97 12
241 97 78
244 97 98
245 97 6
249 97 10
250 97 38
251 97 21
252 97 14
253 97 34
261 97 48
262 97 72
263 97 2
264 97 94
269 97 79
270 97 53
271 97 11
274 97 50
275 97 84
277 97 14
278 97 97
280 97 77
281 97 81
285 97 71
293 97 74
295 97 46
296 97 30
298 97 36
299 97 32
301 97 29
302 97 98
303 97 39
304 97 1
305 97 76
306 97 54
310 97 31
311 97 7
313 97 3
315 97 69
317 97 65
318 97 80
321 97 78
322 97 47
323 97 98
324 97 84
325 97 79
334 97 12
335 97 57
337 97 20
338 97 21
339 97 27
340 97 2
341 97 89
342 97 26
345 97 63
346 97 27
347 97 6
348 97 66
349 97 78
353 97 77
355 97 1
357 97 84
358 97 71
361 97 79
363 97 68
364 97 25
365 97 34
368 97 94
369 97 20
373 97 17
374 97 39
375 97 98
377 97 55
382 97 70
387 97 40
388 97 75
389 97 83
396 97 59
397 97 74
401 97 7
404 97 80
405 97 28
406 97 98
407 97 65
412 97 45
413 97 40
417 97 28
419 97 30
420 97 8
421 97 94
422 97 66
429 97 12
433 97 17
434 97 3
435 97 7
436 97 15
441 97 71
443 97 35
444 97 94
446 97 19
447 97 81
448 97 61
451 97 5
452 97 75
453 97 14
459 97 47
464 97 41
466 97 58
467 97 68
469 97 73
471 97 74
474 97 47
475 97 78
476 97 54
477 97 96
478 97 62
479 97 50
480 97 52
481 97 51
482 97 5
483 97 49
484 97 24
491 97 92
496 97 28
497 97 99
498 97 92
499 97 9
502 97 26
504 97 79
505 97 37
506 97 51
507 97 87
508 97 39
511 97 77
512 97 93
517 97 46
524 97 51
525 97 7
529 97 7
531 97 53
533 97 44
534 97 32
539 97 71
541 97 7
543 97 47
544 97 33
546 97 35
549 97 94
550 97 61
551 97 86
552 97 29
553 97 47
554 97 34
555 97 68
557 97 19
561 97 7
562 97 70
563 97 95
565 97 88
566 97 6
568 97 38
569 97 34
572 97 6
574 97 80
575 97 45
577 97 50
578 97 5
579 97 17
580 97 39
582 97 94
585 97 64
586 97 30
587 97 49
590 97 71
591 97 25
595 97 37
596 97 84
597 97 87
598 97 94
599 97 92
0 98 13
1 98 9960
3 98 9631
5 98 10824
6 98 24
7 98 11336
9 98 8381
10 98 15
11 98 10627
12 98 46
13 98 10268
15 98 9745
17 98 10817
19 98 8224
20 98 52
21 98 9519
22 98 14
23 98 9777
25 98 9517
26 98 12
27 98 8118
29 98 11108
31 98 11424
32 98 79
33 98 10335
35 98 8660
37 98 11889
38 98 76
39 98 8635
40 98 42
41 98 10610
43 98 9564
45 98 10741
47 98 9510
49 98 11634
50 98 25
51 98 9313
53 98 11335
54 98 82
55 98 9633
56 98 6
57 98 10177
59 98 10666
61 98 8214
63 98 8707
64 98 90
65 98 9396
67 98 9907
68 98 1
69 98 8882
71 98 11698
73 98 11675
75 98 10980
76 98 1
77 98 11002
78 98 39
79 98 10279
80 98 72
81 98 8432
82 98 62
83 98 9524
84 98 68
85 98 10736
87 98 8850
89 98 11867
90 98 52
91 98 10893
92 98 45
93 98 8908
95 98 10516
96 98 24
97 98 9083
99 98 8507
101 98 10704
102 98 68
103 98 8385
105 98 11021
106 98 64
107 98 10265
108 98 2
109 98 10430
111 98 11769
113 98 10637
114 98 90
115 98 8589
116 98 69
117 98 10857
118 98 85
119 98 8150
120 98 92
121 98 8421
122 98 8
123 98 11016
125 98 11683
126 98 51
127 98 11452
129 98 10698
130 98 2
131 98 11048
133 98 8226
135 98 11024
136 98 87
137 98 11198
138 98 41
139 98 11956
141 98 10513
143 98 9882
144 98 89
145 98 10925
146 98 31
147 98 10434
148 98 55
149 98 11513
150 98 2
151 98 8655
152 98 18
153 98 10465
155 98 10013
157 98 9080
158 98 84
159 98 8075
161 98 9053
163 98 10153
164 98 14
165 98 8751
167 98 8327
168 98 10
169 98 10965
170 98 17
171 98 9621
173 98 10160
175 98 8709
176 98 55
177 98 9850
178 98 71
179 98 8957
181 98 10850
182 98 27
183 98 9087
185 98 8576
186 98 10
187 98 10591
189 98 11055
190 98 33
191 98 11475
192 98 89
193 98 10504
195 98 9542
196 98 81
197 98 9563
199 98 11011
201 98 8596
203 98 10186
205 98 11964
206 98 95
207 98 10270
208 98 72
209 98 9820
211 98 11698
212 98 82
213 98 10916
215 98 11231
216 98 24
217 98 10944
219 98 11484
221 98 11119
222 98 49
223 98 10442
224 98 90
225 98 10001
227 98 9539
229 98 8681
231 98 11085
232 98 91
233 98 10104
235 98 11774
236 98 55
237 98 11906
238 98 14
239 98 10122
241 98 8655
242 98 69
243 98 9551
245 98 10401
247 98 11236
248 98 34
249 98 11569
251 98 8233
252 98 17
253 98 9903
254 98 12
255 98 11869
257 98 11079
258 98 24
259 98 9701
261 98 8741
263 98 9107
265 98 8454
266 98 44
267 98 8442
268 98 85
269 98 10794
270 98 2
271 98 8852
273 98 8897
275 98 10272
277 98 10435
279 98 10871
280 98 43
281 98 9118
282 98 35
283 98 9006
284 98 31
285 98 9506
286 98 57
287 98 8942
288 98 100
289 98 8229
291 98 9762
293 98 11879
294 98 27
295 98 10528
296 98 60
297 98 9277
299 98 8664
300 98 11
301 98 9145
302 98 49
303 98 11160
305 98 11825
306 98 81
307 98 11358
308 98 78
309 98 10293
311 98 11903
312 98 97
313 98 10325
314 98 44
315 98 8985
317 98 10082
318 98 69
319 98 10445
320 98 43
321 98 11926
323 98 11091
325 98 11856
327 98 11165
328 98 53
329 98 9172
331 98 8323
332 98 19
333 98 8630
335 98 11510
337 98 9887
338 98 12
339 98 8830
340 98 35
341 98 9367
343 98 9099
344 98 41
345 98 10527
346 98 45
347 98 10380
348 98 91
349 98 8265
350 98 61
351 98 10338
352 98 97
353 98 10223
355 98 8847
357 98 10292
358 98 48
359 98 10673
360 98 33
361 98 10966
363 98 11578
364 98 57
365 98 8447
366 98 87
367 98 10559
369 98 8658
371 98 11934
373 98 9102
374 98 61
375 98 10592
377 98 9524
378 98 3
379 98 8874
380 98 81
381 98 8735
382 98 44
383 98 10749
385 98 11461
386 98 85
387 98 8531
388 98 81
389 98 8868
391 98 11894
392 98 24
393 98 11982
395 98 11867
396 98 53
397 98 8607
398 98 23
399 98 11938
401 98 11629
403 98 11987
405 98 10132
406 98 24
407 98 9401
408 98 61
409 98 10951
410 98 54
411 98 8306
412 98 40
413 98 11771
415 98 11977
416 98 27
417 98 8824
419 98 8036
421 98 8516
423 98 11568
424 98 23
425 98 10195
426 98 80
427 98 10758
429 98 10583
431 98 11795
433 98 11269
434 98 54
435 98 8871
437 98 11547
439 98 9707
440 98 20
441 98 10200
443 98 9581
445 98 9825
447 98 11165
449 98 11972
451 98 11505
452 98 80
453 98 11597
454 98 17
455 98 9144
457 98 8884
459 98 11227
460 98 28
461 98 8944
463 98 10368
465 98 9151
467 98 9225
468 98 1
469 98 11632
470 98 4
471 98 11113
473 98 11539
474 98 75
475 98 11214
476 98 39
477 98 8755
478 98 62
479 98 9426
481 98 9438
482 98 81
483 98 11412
484 98 5
485 98 9340
486 98 23
487 98 10920
488 98 14
489 98 10892
490 98 93
491 98 10087
492 98 64
493 98 8762
494 98 3
495 98 10383
497 98 10982
498 98 80
499 98 10311
500 98 49
501 98 10020
502 98 7
503 98 11764
505 98 11610
507 98 11354
509 98 8155
511 98 11257
512 98 6
513 98 11974
515 98 10927
516 98 7
517 98 11105
518 98 16
519 98 9008
520 98 48
521 98 11371
522 98 63
523 98 8540
524 98 38
525 98 11145
527 98 10014
529 98 9572
530 98 96
531 98 10813
533 98 8914
534 98 27
535 98 8666
536 98 58
537 98 8039
539 98 9619
540 98 50
541 98 9884
542 98 22
543 98 9242
545 98 9916
546 98 89
547 98 9465
549 98 9653
551 98 8756
552 98 15
553 98 11028
554 98 32
555 98 9998
556 98 42
557 98 8683
558 98 15
559 98 11595
560 98 28
561 98 11042
563 98 9440
564 98 52
565 98 8973
566 98 77
567 98 8127
569 98 9581
571 98 10193
573 98 11025
575 98 8942
577 98 11660
578 98 71
579 98 10820
581 98 9283
583 98 9731
585 98 11683
587 98 9649
588 98 36
589 98 8076
590 98 81
591 98 9263
592 98 83
593 98 10585
595 98 9614
596 98 41
597 98 10829
598 98 15
599 98 8147
1 99 12
3 99 11
5 99 56
12 99 62
15 99 65
16 99 55
18 99 80
20 99 75
21 99 17
22 99 11
24 99 77
26 99 26
27 99 67
28 99 64
30 99 31
32 99 85
33 99 87
38 99 38
39 99 67
41 99 39
42 99 55
43 99 33
44 99 25
46 99 65
47 99 42
48 99 41
50 99 18
53 99 53
54 99 47
55 99 65
57 99 53
58 99 79
59 99 59
61 99 75
62 99 30
63 99 11
64 99 42
66 99 98
67 99 98
68 99 20
70 99 71
72 99 88
73 99 9
79 99 41
81 99 28
82 99 26
84 99 98
91 99 20
93 99 79
95 99 84
96 99 27
97 99 48
105 99 54
106 99 100
110 99 45
114 99 3
115 99 100
116 99 17
117 99 66
118 99 47
121 99 86
122 99 30
123 99 21
124 99 77
128 99 29
131 99 6
135 99 9
140 99 11
142 99 14
143 99 17
144 99 96
145 99 33
149 99 42
152 99 5
153 99 11
154 99 95
155 99 23
158 99 28
159 99 24
160 99 30
162 99 16
163 99 50
165 99 17
166 99 5
168 99 29
174 99 47
179 99 7
181 99 19
184 99 7
185 99 81
188 99 49
189 99 21
190 99 35
191 99 39
192 99 16
196 99 4
200 99 15
201 99 72
202 99 60
205 99 35
206 99 22
207 99 40
208 99 79
209 99 49
210 99 69
212 99 40
214 99 48
215 99 70
216 99 32
217 99 68
218 99 47
220 99 88
221 99 36
223 99 39
224 99 44
226 99 60
228 99 86
230 99 3
232 99 73
233 99 25
236 99 3
240 99 2
241 99 15
243 99 29
246 99 32
247 99 9
248 99 23
249 99 23
253 99 32
254 99 62
257 99 26
258 99 14
260 99 81
263 99 54
266 99 59
268 99 11
269 99 16
271 99 42
274 99 96
275 99 1
276 99 13
277 99 79
280 99 6
281 99 71
283 99 35
284 99 60
285 99 78
286 99 44
289 99 6
290 99 75
291 99 17
292 99 41
293 99 84
294 99 82
295 99 93
296 99 78
301 99 1
303 99 45
304 99 14
306 99 65
308 99 66
309 99 68
310 99 73
313 99 20
317 99 91
319 99 70
320 99 80
322 99 46
326 99 51
329 99 33
330 99 31
331 99 69
332 99 59
333 99 33
334 99 96
335 99 80
336 99 7
337 99 21
338 99 53
339 99 73
341 99 60
342 99 43
343 99 80
344 99 31
345 99 26
346 99 78
350 99 35
353 99 44
354 99 41
357 99 98
360 99 32
361 99 40
362 99 47
363 99 50
368 99 22
369 99 42
370 99 75
371 99 74
373 99 62
379 99 73
383 99 9
386 99 11
387 99 73
389 99 51
391 99 11
392 99 52
393 99 79
396 99 17
397 99 26
398 99 29
404 99 47
405 99 36
407 99 79
409 99 41
411 99 70
414 99 87
415 99 29
416 99 23
417 99 53
419 99 94
421 99 14
423 99 95
424 99 32
427 99 57
429 99 2
432 99 16
434 99 34
436 99 72
437 99 18
439 99 6
442 99 19
443 99 15
449 99 25
450 99 85
451 99 33
452 99 81
454 99 55
455 99 72
456 99 26
464 99 56
465 99 56
466 99 58
467 99 18
473 99 60
474 99 22
475 99 96
477 99 94
479 99 88
480 99 41
481 99 72
482 99 36
486 99 7
488 99 44
489 99 79
491 99 72
493 99 7
496 99 64
500 99 53
502 99 86
508 99 43
511 99 100
518 99 24
520 99 53
522 99 75
524 99 70
525 99 43
526 99 26
527 99 20
528 99 88
529 99 30
531 99 26
532 99 68
534 99 62
535 99 71
536 99 10
537 99 59
539 99 63
542 99 44
543 99 10
546 99 69
548 99 37
552 99 95
553 99 18
555 99 68
556 99 70
560 99 100
561 99 5
562 99 30
564 99 15
565 99 91
566 99 38
569 99 60
575 99 32
576 99 56
577 99 11
579 99 32
580 99 59
581 99 29
582 99 66
583 99 35
584 99 63
586 99 86
588 99 53
590 99 39
592 99 85
594 99 29
595 99 20
599 99 79
