3000 80 54235 15 2000
473 224 15 416 89 130 108 194 50 219 385 431 466 149 482 347 324 139 108 186 139 208 334 15 99 448 60 152 114 36 326 351 156 330 123 278 23 385 361 140 12 171 237 303 296 161 399 374 216 450 26 304 346 487 385 14 256 84 114 386 318 248 64 148 39 102 161 32 96 287 272 275 165 483 377 104 399 230 367 247 137 25 349 118 200 223 464 441 420 275 361 83 225 217 125 490 483 229 487 342 191 279 166 194 67 472 339 63 194 262 224 182 455 485 69 300 291 460 430 292 363 181 144 281 352 368 33 139 295 462 195 321 181 437 469 301 421 257 459 303 10 443 492 88 162 209 392 89 414 393 226 68 115 482 438 479 279 57 402 294 272 436 216 158 218 107 46 312 235 108 162 305 483 73 369 415 327 318 134 116 423 149 496 28 16 172 182 164 281 44 421 22 265 40 224 254 224 16 359 221 238 172 117 29 192 337 323 234 450 109 209 111 397 43 304 108 212 212 426 240 265 301 269 412 22 392 357 150 55 276 467 246 29 193 363 307 85 101 112 309 261 183 191 230 172 244 123 104 40 270 487 337 285 398 314 427 155 355 162 480 83 443 408 489 290 26 282 315 461 234 156 353 498 455 109 481 238 71 397 415 225 374 251 10 325 265 159 314 206 173 143 344 46 100 243 475 210 200 343 458 172 72 102 474 226 357 473 91 312 150 383 119 370 394 430 461 355 12 281 497 324 440 233 484 199 108 410 434 305 470 226 360 147 484 452 206 267 34 416 406 31 209 302 116 112 144 443 243 298 234 315 119 444 66 81 179 52 319 176 45 43 231 192 417 153 325 411 500 225 27 297 457 264 209 276 115 29 277 296 343 458 198 44 380 313 237 199 349 324 471 195 60 266 414 127 386 132 482 143 345 198 129 385 169 480 465 27 267 400 360 327 98 394 167 72 143 359 431 34 424 458 496 97 245 138 208 374 145 317 97 234 24 198 287 16 55 97 495 119 419 82 460 355 170 436 419 120 36 380 284 162 225 286 124 103 410 496 16 221 288 299 318 72 241 159 171 55 55 380 171 296 233 290 459 179 24 268 139 346 496 223 259 417 439 57 184 498 237 178 385 314 465 485 196 70 375 337 294 358 50 201 380 466 390 173 478 386 55 159 438 339 233 335 155 12 356 207 462 331 370 37 460 313 218 489 321 427 115 108 241 220 333 99 383 114 332 91 119 263 309 89 133 210 184 448 33 92 334 491 419 338 422 104 83 484 27 99 494 325 197 333 280 287 363 206 15 497 268 394 263 83 63 335 143 483 289 96 428 153 225 82 41 259 122 344 500 121 192 460 262 117 51 60 426 60 218 416 215 144 50 91 77 395 68 107 415 135 36 232 210 133 131 432 316 73 23 300 84 340 57 274 180 429 172 176 287 32 108 102 250 40 202 441 472 492 282 112 378 277 178 436 432 450 61 319 18 144 132 280 279 276 421 447 56 254 479 228 66 239 465 353 129 444 277 65 246 223 45 245 414 73 12 420 49 246 333 475 228 358 26 113 125 295 480 477 423 263 353 78 169 225 339 43 448 364 413 117 131 307 443 345 368 77 262 487 414 338 244 190 49 300 83 193 470 415 493 201 334 405 338 415 33 258 48 208 395 229 58 353 14 306 12 273 493 294 330 304 92 437 102 166 333 400 356 394 318 470 207 260 28 202 94 403 347 326 499 460 348 346 335 309 442 494 280 60 67 236 171 314 73 479 242 97 281 378 132 290 430 243 266 462 388 427 193 281 173 339 318 404 158 76 141 449 214 207 24 424 14 231 281 17 342 419 176 381 97 97 69 51 113 370 430 373 264 386 430 156 176 434 397 168 298 362 83 450 325 371 184 287 72 38 346 387 452 79 452 166 376 401 307 481 376 134 311 183 207 485 175 30 138 398 354 91 82 330 402 269 428 321 347 430 444 190 212 430 484 61 11 449 53 26 259 320 450 414 297 237 286 444 88 301 384 83 56 492 238 423 143 397 194 427 265 186 93 373 131 383 32 412 293 89 192 358 139 36 265 344 126 148 111 255 261 275 279 310 468 233 309 379 436 198 383 493 361 299 218 200 124 18 334 106 31 43 154 242 191 401 61 409 157 438 462 474 47 292 66 123 18 315 168 338 132 111 499 122 255 11 129 345 148 268 106 348 329 316 485 349 72 250 134 366 115 455 498 89 90 465 402 345 387 216 309 496 145 453 23 269 430 57 244 465 265 354 462 100 307 89 132 396 194 107 257 155 425 304 441 119 147 222 490 368 397 36 166 213 344 392 318 118 84 325 32 279 461 65 224 227 445 133 242 59 263 172 183 406 323 419 223 334 352 344 402 391 94 454 427 326 414 428 195 408 219 183 376 132 262 411 209 164 203 356 407 264 410 422 56 279 163 479 392 149 483 266 447 178 358 300 50 302 450 447 286 383 265 129 258 152 73 480 360 181 428 170 273 463 316 413 198 19 46 459 123 65 125 91 206 336 323 80 157 142 17 269 416 355 292 251 424 213 172 322 211 396 48 493 435 349 25 159 57 493 131 301 368 125 100 407 279 127 148 392 392 386 498 180 481 139 197 145 81 299 237 317 310 116 426 95 338 194 203 67 162 297 388 81 207 49 466 238 61 405 291 123 313 351 329 493 268 294 265 163 337 42 258 243 11 63 224 461 264 76 218 123 199 123 275 450 303 448 470 166 220 340 249 481 405 157 152 99 259 293 419 146 193 196 138 272 403 407 452 169 115 263 396 494 259 79 102 322 21 424 216 232 428 389 348 397 225 349 212 463 278 164 401 147 101 149 327 330 18 248 485 186 88 498 123 202 277 290 112 493 291 220 424 185 239 453 44 116 340 125 495 156 378 497 101 282 63 314 127 241 209 98 462 46 114 99 242 219 80 410 10 225 89 246 413 10 194 176 255 163 345 458 168 430 432 205 383 444 85 263 397 170 201 24 287 11 320 448 192 183 86 287 133 473 160 261 359 219 362 161 17 305 52 317 434 303 87 139 285 417 497 457 92 276 410 26 221 15 147 370 418 55 407 268 388 316 429 94 149 105 100 263 226 17 463 480 310 109 153 233 287 41 245 219 379 40 59 96 447 423 480 51 365 250 45 395 298 434 238 373 499 396 342 293 226 123 63 354 441 395 176 70 469 420 345 392 423 463 141 289 168 120 39 336 477 273 170 365 162 367 280 223 341 26 20 257 134 170 309 378 26 381 90 357 237 293 431 357 415 56 467 153 360 468 129 58 412 421 262 250 209 79 461 436 424 255 71 493 193 44 235 254 261 344 86 343 19 356 420 86 154 418 248 429 459 116 179 19 117 303 30 220 435 277 418 416 414 467 462 203 402 464 170 175 469 408 446 479 483 26 277 402 377 273 401 81 248 475 299 454 446 22 475 438 379 351 96 195 169 183 294 250 495 24 11 144 229 461 413 308 489 32 326 373 496 272 34 351 399 360 456 157 321 81 225 67 367 368 305 140 375 437 410 89 21 247 69 56 136 85 24 196 441 91 220 73 77 406 443 342 273 328 73 97 49 186 497 195 257 447 11 90 419 452 278 90 200 106 48 222 285 442 248 20 387 110 478 252 200 177 60 130 18 156 87 229 89 470 78 390 394 475 337 59 482 454 262 384 70 138 280 31 209 38 467 92 35 19 496 315 329 109 180 303 320 461 467 414 406 242 381 364 332 35 418 396 330 44 212 468 402 220 135 243 438 466 363 115 198 432 291 162 450 84 263 480 470 288 35 71 468 402 236 96 66 376 179 384 318 90 112 163 267 233 31 430 33 125 376 210 154 146 244 343 16 412 113 177 222 148 344 252 403 498 337 461 405 281 453 113 140 65 21 216 249 469 75 447 218 129 353 50 442 240 356 104 349 78 159 208 70 303 303 54 105 397 473 143 422 25 84 335 488 130 484 176 324 222 276 186 193 188 69 491 271 368 264 214 157 375 169 478 16 90 310 230 395 40 129 228 42 174 198 364 250 143 428 65 302 389 342 349 323 231 24 200 484 259 452 462 174 215 399 439 383 350 361 31 169 110 147 277 141 336 184 213 368 180 203 133 129 207 132 159 369 18 270 356 317 305 229 59 309 174 225 321 107 193 113 10 279 163 460 83 183 142 435 59 128 157 215 224 322 194 325 162 181 249 239 238 57 256 101 384 338 265 58 178 204 84 350 218 422 179 416 407 176 74 367 297 142 398 144 164 135 23 441 132 320 493 59 91 110 229 115 439 287 219 85 441 135 96 10 450 91 220 139 462 154 500 217 83 378 391 129 388 153 226 341 87 302 491 338 442 313 290 301 419 202 141 179 220 15 208 365 273 304 240 218 453 121 182 75 493 215 463 243 439 155 22 265 176 449 21 137 266 245 290 258 53 474 55 125 123 307 379 377 75 107 414 408 98 226 448 462 207 232 492 22 46 346 220 491 443 343 438 290 493 20 301 399 146 43 228 434 214 80 466 401 138 52 455 71 352 486 21 116 142 26 427 55 193 254 82 426 369 451 371 151 444 37 377 286 250 270 445 229 85 112 56 106 204 141 292 444 111 15 29 257 379 122 151 82 58 489 97 34 242 278 381 314 406 77 92 484 235 252 127 112 331 35 361 357 463 216 465 358 424 280 222 245 89 491 409 453 109 36 162 412 324 20 247 424 145 423 53 223 259 440 472 427 290 295 271 388 185 467 28 160 256 218 85 63 28 201 298 189 308 158 132 48 296 47 198 172 464 83 166 383 164 229 342 80 291 460 463 297 386 145 270 40 23 76 314 237 217 460 174 453 346 186 265 27 32 106 372 140 415 114 207 323 369 188 209 334 157 428 126 187 80 36 324 143 212 271 245 60 100 94 181 406 161 438 15 125 273 101 14 51 341 125 264 87 143 222 420 467 182 441 180 184 496 206 235 82 52 423 414 133 201 163 251 387 471 498 239 500 315 340 353 53 88 406 214 12 433 163 392 215 34 430 475 139 252 403 305 116 184 182 384 95 168 113 434 316 170 197 38 465 352 285 25 346 135 268 183 396 362 387 220 308 405 150 245 479 293 14 288 61 425 262 25 364 411 42 111 376 490 316 355 211 226 295 331 116 197 241 186 340 89 196 155 359 228 342 406 96 360 36 240 151 378 73 398 415 392 444 48 365 379 417 45 66 176 104 97 291 356 149 428 335 275 372 65 180 216 400 357 213 245 209 498 31 95 500 270 135 64 153 348 217 270 324 101 248 202 115 472 319 119 60 95 93 262 276 398 157 110 143 203 431 42 202 372 226 31 341 105 323 435 380 319 329 229 173 222 461 254 238 232 434 181 39 122 142 39 466 398 86 207 91 448 413 57 302 449 378 457 408 149 183 432 248 234 260 197 456 173 359 378 33 109 64 231 255 172 341 492 72 382 42 384 186 491 498 414 94 207 120 230 164 452 446 94 448 74 264 170 33 21 336 241 337 18 474 371 346 157 437 208 220 129 479 371 247 424 77 217 158 137 188 306 497 116 142 429 202 69 169 24 390 83 285 397 212 96 221 60 93 322 178 68 141 264 145 416 70 472 327 14 30 466 438 418 305 238 206 47 441 500 431 81 500 22 190 415 152 390 192 334 208 55 200 327 426 170 480 84 400 27 324 35 192 32 318 363 54 364 440 381 239 323 63 223 493 299 499 159 297 395 397 391 386 370 313 140 453 179 233 447 340 431 396 93 381 59 476 262 25 435 375 405 212 115 301 241 223 198 127 132 323 88 108 240 286 22 465 286 271 138 310 363 129 91 123 445 436 145 323 58 82 459 145 357 140 139 321 269 202 315 263 67 206 115 382 104 354 425 74 110 429 430 497 272 482 490 221 399 240 189 351 193 490 157 489 193 481 500 360 18 227 475 390 386 179 473 316 496 332 394 64 289 309 117 58 313 265 155 185 444 105 222 115 29 330 241 153 353 419 283 491 105 248 482 209 234 193 352 54 491 406 387 353 76 286 116 182 146 497 405 320 496 118 372 324 411 164 463 409 65 358 446 205 95 96 322 167 293 98 110 169 377 227 269 238 369 39 346 65 249 262 306 228 96 416 386 454 300 498 176 66 232 370 276 434 282 444 351 29 121 177 206 54 399 493 456 268 139 226 82 478 311 400 347 400 343 204 280 141 76 217 99 123 334 143 390 374 349 159 259 236 183 278 81 79 332 421 180 16 167 230 181 440 165 148 358 100 201 392 483 343 108 354 375 129 342 307 203 461 140 59 446 212 197 352 343 79 306 378 15 350 436 263 364 191 322 250 236 280 454 293 134 466 70 281 248 196 439 163 199 442 41 90 476 129 452 312 397 228 203 169 317 207 162 271 211 448 183 443 405 52 401 380 162 455 27 17 285 23 386 326 425 126 299 213 349 109 277 96 70 326 275 332 406 335 216 219 223 179 211 280 296 285 458 302 430 289 432 36 486 193 67 237 167 171 258 419 11 201 177 260 215 428 88 111 371 63 305 168 175 214 453 114 82 32 288 114 419 469 222 221 16 98 216 124 34 322 377 349 95 12 73 106 190 250 201 240 34 446 286 331 246 88 296 453 348 207 137 347 486 65 145 339 317 229 461 340 302 117 410 307 197 236 378 293 327 88 406 218 215 98 388 188 100 489 468 463 397 478 486 38 285 219 227 499 478 139 154 428 152 60 295 175 474 23 435 144 319 170 69 430 12 372 73 209 244 285 219 363 348 189 175 305 249 269 73 198 435 349 354 121 106 357 495 122 156 328 31 49
172 2
1 90
13 49
905 5
4 244
8 199
9 195
11 428
14 112
192 5
4 24
7 99
8 74
10 18
12 113
283 6
0 281
3 49
9 190
11 60
12 16
13 261
119 1
7 26
813 5
3 280
7 461
9 174
13 42
14 183
703 1
0 29
354 2
3 107
14 238
276 3
0 184
2 270
10 236
631 1
3 460
605 2
6 346
14 479
736 2
2 100
11 271
641 6
0 108
6 133
7 249
9 42
11 486
14 330
571 1
8 390
983 6
1 128
3 287
7 327
9 325
13 18
14 216
778 4
0 81
1 278
3 47
11 236
933 2
1 87
8 483
557 4
2 215
9 298
13 15
14 303
841 4
0 411
11 60
12 304
14 92
382 0
374 4
1 231
2 274
4 28
13 34
398 1
2 68
922 3
2 5
7 406
12 439
841 2
2 213
10 56
582 3
0 261
4 319
6 322
394 3
4 346
6 128
13 124
474 2
7 299
11 457
530 4
0 208
5 190
7 298
11 42
434 3
9 156
11 376
12 100
157 2
7 139
8 147
550 1
9 417
411 3
4 177
8 145
10 189
387 4
1 237
2 33
8 44
12 358
775 4
1 417
6 411
9 214
10 283
969 0
920 2
8 222
11 360
110 1
7 102
703 1
8 52
566 3
1 500
2 454
9 380
895 7
2 320
4 362
5 236
9 245
10 229
11 475
14 107
997 5
1 377
4 468
5 183
13 455
14 479
695 2
8 194
14 14
472 2
8 433
11 465
600 4
8 64
12 147
13 248
14 427
239 1
8 176
635 2
6 153
13 299
715 3
7 439
10 69
12 325
447 4
3 333
4 92
10 235
11 89
544 4
0 221
2 20
5 325
9 210
554 3
7 302
8 109
10 312
505 5
0 369
1 170
11 303
12 387
14 209
472 3
0 12
3 301
5 390
765 1
2 82
146 3
2 136
4 77
12 13
633 3
0 32
7 343
11 239
348 1
12 81
680 3
2 444
8 70
11 414
277 3
2 60
4 254
10 242
258 1
4 42
625 0
908 1
4 44
101 5
0 45
1 90
2 27
3 44
4 45
375 6
2 220
4 321
8 136
9 301
12 262
14 247
862 7
2 83
3 125
4 199
5 410
6 404
8 169
9 120
318 4
6 203
7 247
9 214
12 210
191 5
0 87
1 157
6 35
7 180
11 139
922 4
0 136
10 305
11 106
14 494
841 3
0 88
1 445
4 373
867 1
8 433
201 2
2 161
9 99
414 3
1 387
6 91
9 117
182 4
0 124
6 155
7 143
11 173
251 5
3 178
4 119
6 248
11 65
14 27
499 5
0 75
1 339
5 78
8 362
14 486
414 2
5 4
8 198
776 3
7 148
8 44
14 391
177 1
11 30
406 2
4 20
12 91
484 1
14 131
327 5
4 172
5 92
6 38
8 71
9 90
1 0 312
3 0 287
4 0 309
5 0 291
6 0 340
7 0 298
8 0 292
10 0 305
12 0 300
21 0 265
22 0 280
23 0 340
26 0 277
28 0 304
29 0 321
30 0 286
31 0 314
34 0 282
35 0 284
39 0 314
40 0 304
42 0 291
43 0 275
44 0 282
48 0 292
50 0 305
51 0 288
54 0 312
55 0 310
60 0 286
62 0 275
63 0 299
65 0 308
70 0 292
73 0 261
76 0 289
78 0 253
80 0 290
83 0 287
86 0 268
90 0 281
93 0 313
98 0 310
100 0 288
102 0 277
104 0 310
106 0 270
109 0 291
112 0 260
113 0 295
115 0 272
116 0 291
120 0 274
121 0 275
131 0 268
133 0 284
139 0 241
142 0 290
143 0 271
144 0 273
146 0 256
147 0 252
149 0 274
151 0 251
156 0 290
164 0 267
165 0 292
167 0 250
169 0 294
170 0 244
172 0 240
182 0 248
186 0 284
187 0 256
188 0 261
189 0 259
192 0 250
193 0 271
194 0 248
196 0 261
197 0 252
204 0 248
207 0 271
208 0 282
209 0 281
213 0 241
217 0 264
218 0 247
223 0 273
229 0 254
231 0 243
232 0 250
234 0 242
235 0 249
236 0 274
237 0 259
238 0 253
239 0 220
243 0 275
244 0 241
249 0 256
250 0 235
253 0 250
255 0 238
256 0 231
260 0 234
263 0 231
264 0 246
265 0 234
266 0 220
269 0 261
270 0 292
273 0 237
278 0 251
279 0 234
280 0 253
282 0 261
283 0 250
289 0 228
307 0 254
308 0 216
309 0 224
311 0 265
316 0 247
318 0 228
329 0 244
335 0 228
336 0 210
338 0 241
341 0 268
344 0 226
347 0 236
349 0 228
359 0 225
360 0 230
361 0 259
364 0 255
367 0 245
369 0 224
375 0 252
378 0 217
381 0 255
384 0 230
385 0 219
386 0 254
388 0 214
396 0 229
397 0 239
398 0 209
400 0 210
402 0 220
410 0 236
411 0 213
413 0 229
414 0 220
416 0 240
420 0 220
422 0 226
425 0 220
426 0 228
427 0 232
428 0 224
429 0 206
430 0 211
432 0 236
434 0 214
435 0 225
438 0 244
441 0 229
442 0 229
443 0 201
444 0 192
451 0 242
454 0 206
455 0 218
456 0 188
457 0 229
463 0 217
471 0 232
474 0 182
479 0 210
480 0 244
483 0 227
485 0 212
490 0 240
491 0 197
492 0 183
493 0 239
495 0 189
496 0 220
499 0 201
500 0 216
501 0 191
504 0 227
505 0 213
507 0 182
509 0 216
512 0 217
517 0 201
520 0 210
521 0 196
522 0 195
526 0 202
527 0 208
528 0 205
531 0 199
532 0 207
534 0 236
539 0 207
547 0 176
551 0 208
556 0 191
559 0 222
560 0 194
563 0 179
566 0 187
569 0 218
572 0 216
574 0 186
576 0 207
580 0 187
581 0 207
586 0 198
589 0 200
590 0 175
596 0 205
597 0 188
598 0 177
599 0 199
602 0 202
603 0 185
605 0 208
610 0 194
611 0 202
617 0 193
624 0 196
626 0 204
628 0 169
629 0 203
633 0 178
637 0 166
639 0 174
645 0 169
647 0 172
654 0 183
655 0 162
656 0 204
658 0 169
659 0 185
663 0 190
665 0 194
675 0 169
677 0 162
678 0 176
679 0 179
683 0 174
687 0 184
689 0 225
691 0 174
698 0 165
701 0 181
706 0 153
709 0 171
711 0 166
712 0 212
714 0 165
715 0 176
716 0 196
718 0 184
720 0 188
721 0 168
723 0 203
724 0 158
726 0 178
730 0 182
737 0 176
738 0 186
740 0 170
743 0 192
745 0 148
747 0 172
754 0 175
758 0 169
768 0 155
769 0 168
775 0 157
778 0 163
779 0 161
780 0 156
783 0 160
785 0 193
786 0 175
789 0 173
794 0 140
797 0 176
798 0 157
801 0 171
809 0 152
816 0 159
820 0 146
821 0 157
833 0 179
835 0 176
841 0 144
845 0 163
846 0 182
862 0 159
863 0 161
864 0 167
868 0 140
869 0 153
872 0 158
873 0 139
874 0 148
877 0 161
878 0 168
882 0 152
884 0 141
888 0 156
891 0 138
892 0 150
895 0 143
897 0 141
899 0 129
901 0 150
902 0 158
905 0 126
911 0 152
912 0 147
914 0 137
922 0 138
926 0 151
938 0 154
940 0 147
941 0 145
947 0 150
949 0 124
950 0 129
956 0 144
957 0 137
967 0 147
968 0 145
969 0 139
974 0 138
980 0 151
989 0 147
992 0 132
993 0 143
994 0 140
998 0 142
999 0 142
1001 0 136
1008 0 141
1011 0 125
1019 0 139
1020 0 157
1025 0 115
1029 0 138
1046 0 122
1053 0 122
1054 0 149
1055 0 147
1060 0 139
1062 0 133
1063 0 123
1070 0 129
1072 0 131
1073 0 130
1080 0 138
1093 0 121
1094 0 116
1095 0 134
1097 0 106
1103 0 137
1106 0 142
1107 0 114
1114 0 114
1121 0 115
1128 0 102
1134 0 116
1142 0 123
1152 0 123
1153 0 115
1160 0 120
1171 0 128
1179 0 130
1180 0 107
1181 0 122
1183 0 119
1189 0 105
1195 0 101
1202 0 115
1206 0 105
1216 0 124
1220 0 115
1226 0 109
1229 0 107
1231 0 110
1232 0 102
1237 0 99
1242 0 105
1244 0 101
1245 0 97
1248 0 116
1249 0 98
1252 0 98
1259 0 101
1262 0 98
1272 0 102
1278 0 91
1285 0 80
1286 0 88
1288 0 101
1299 0 89
1301 0 94
1302 0 107
1303 0 96
1312 0 88
1317 0 92
1320 0 110
1322 0 99
1335 0 102
1352 0 103
1363 0 88
1367 0 80
1368 0 113
1371 0 88
1373 0 71
1375 0 90
1377 0 94
1379 0 98
1381 0 94
1390 0 101
1392 0 81
1393 0 91
1412 0 82
1416 0 82
1419 0 93
1422 0 83
1426 0 82
1432 0 82
1435 0 99
1441 0 82
1442 0 83
1443 0 85
1444 0 102
1449 0 83
1450 0 96
1454 0 74
1464 0 74
1466 0 72
1468 0 81
1481 0 74
1482 0 81
1483 0 80
1488 0 69
1498 0 81
1516 0 73
1519 0 69
1530 0 77
1534 0 80
1535 0 89
1539 0 64
1544 0 63
1545 0 69
1546 0 77
1547 0 75
1552 0 90
1557 0 58
1558 0 76
1563 0 61
1578 0 56
1587 0 64
1589 0 60
1598 0 58
1615 0 71
1617 0 73
1627 0 61
1630 0 62
1642 0 53
1646 0 60
1650 0 60
1652 0 60
1655 0 66
1660 0 82
1664 0 56
1668 0 64
1674 0 74
1676 0 60
1681 0 56
1709 0 54
1715 0 67
1716 0 62
1729 0 52
1730 0 67
1733 0 52
1738 0 52
1760 0 63
1761 0 46
1764 0 49
1768 0 44
1775 0 58
1780 0 55
1783 0 47
1784 0 51
1785 0 42
1786 0 42
1800 0 46
1808 0 37
1818 0 48
1826 0 48
1829 0 46
1839 0 45
1842 0 38
1847 0 42
1851 0 43
1854 0 52
1867 0 41
1886 0 49
1892 0 35
1910 0 38
1911 0 34
1920 0 31
1924 0 39
1928 0 44
1929 0 34
1931 0 39
1933 0 46
1938 0 37
1939 0 40
1950 0 25
1952 0 35
1954 0 45
1957 0 36
1961 0 45
1967 0 49
1971 0 29
1982 0 45
1988 0 39
1989 0 40
1992 0 43
2000 0 40
2016 0 36
2017 0 23
2021 0 34
2026 0 27
2030 0 38
2034 0 23
2038 0 30
2039 0 28
2040 0 28
2041 0 25
2062 0 36
2068 0 20
2076 0 31
2077 0 33
2081 0 29
2082 0 30
2084 0 32
2086 0 15
2088 0 32
2091 0 35
2096 0 30
2098 0 35
2102 0 27
2108 0 26
2119 0 25
2121 0 29
2125 0 34
2129 0 24
2131 0 22
2133 0 38
2145 0 22
2154 0 29
2183 0 18
2187 0 29
2189 0 16
2193 0 36
2195 0 24
2211 0 27
2212 0 33
2220 0 19
2228 0 17
2230 0 15
2232 0 22
2243 0 21
2244 0 15
2251 0 19
2269 0 24
2271 0 11
2275 0 18
2276 0 20
2279 0 21
2282 0 16
2300 0 28
2306 0 19
2332 0 8
2335 0 26
2339 0 18
2343 0 16
2353 0 18
2357 0 16
2361 0 21
2373 0 15
2380 0 19
2392 0 17
2396 0 16
2405 0 11
2408 0 9
2411 0 11
2424 0 10
2426 0 12
2427 0 13
2450 0 11
2452 0 9
2453 0 9
2462 0 14
2466 0 9
2476 0 11
2477 0 15
2488 0 7
2495 0 7
2501 0 11
2561 0 10
2564 0 8
2584 0 9
2596 0 2
2608 0 10
2616 0 10
2628 0 4
2629 0 6
2650 0 9
2653 0 9
2655 0 8
2659 0 6
2665 0 8
2674 0 6
2680 0 3
2691 0 5
2702 0 4
2708 0 4
2709 0 5
2713 0 3
2723 0 6
2726 0 7
2732 0 4
2741 0 4
2745 0 4
2751 0 5
2758 0 4
2780 0 3
2783 0 3
2794 0 1
2804 0 3
2816 0 2
2819 0 4
2825 0 1
2838 0 2
2844 0 1
2846 0 3
2847 0 2
2849 0 3
2854 0 1
2858 0 2
2878 0 2
2880 0 1
2890 0 2
2891 0 3
2896 0 1
2902 0 1
2907 0 1
2916 0 1
2933 0 1
2944 0 1
2949 0 1
2951 0 1
2957 0 2
2958 0 1
2972 0 1
2985 0 1
2987 0 1
2989 0 1
2999 0 1
2 1 304
3 1 273
4 1 282
6 1 280
9 1 325
10 1 345
11 1 301
14 1 311
17 1 280
23 1 287
25 1 284
26 1 310
27 1 303
35 1 261
37 1 280
38 1 296
40 1 289
42 1 296
43 1 287
47 1 316
49 1 294
51 1 267
54 1 317
55 1 307
58 1 260
59 1 266
61 1 294
62 1 283
63 1 309
65 1 335
66 1 283
67 1 292
68 1 260
70 1 274
71 1 293
76 1 293
78 1 302
79 1 275
80 1 266
83 1 268
84 1 315
85 1 294
87 1 273
90 1 287
93 1 281
95 1 282
98 1 274
99 1 289
100 1 319
104 1 253
106 1 269
108 1 268
109 1 274
118 1 257
120 1 276
121 1 270
122 1 255
124 1 235
128 1 285
129 1 280
130 1 260
138 1 290
139 1 276
145 1 268
146 1 258
148 1 277
149 1 318
156 1 303
157 1 309
160 1 295
161 1 250
163 1 289
166 1 286
169 1 269
172 1 249
173 1 246
174 1 263
178 1 287
179 1 286
180 1 254
182 1 273
183 1 314
195 1 266
199 1 259
200 1 294
201 1 240
204 1 260
205 1 270
216 1 264
218 1 274
225 1 241
226 1 276
229 1 232
230 1 262
231 1 253
240 1 270
241 1 247
242 1 268
243 1 268
245 1 256
246 1 245
247 1 248
253 1 249
254 1 282
255 1 241
257 1 258
262 1 262
264 1 260
266 1 220
268 1 260
269 1 247
270 1 267
273 1 244
274 1 240
275 1 258
277 1 246
282 1 240
284 1 233
286 1 229
287 1 237
291 1 239
294 1 219
298 1 245
301 1 227
302 1 251
305 1 258
306 1 235
311 1 243
316 1 242
319 1 267
320 1 222
321 1 268
322 1 265
325 1 248
326 1 255
329 1 238
330 1 223
331 1 255
335 1 269
337 1 250
343 1 235
345 1 244
346 1 239
348 1 239
349 1 230
350 1 216
351 1 226
352 1 252
353 1 232
359 1 252
361 1 229
366 1 244
367 1 253
368 1 233
369 1 257
371 1 219
377 1 245
382 1 206
383 1 229
384 1 237
385 1 230
387 1 214
389 1 235
390 1 248
391 1 233
395 1 224
397 1 237
398 1 237
399 1 211
401 1 236
405 1 216
408 1 203
410 1 234
412 1 228
415 1 247
418 1 208
420 1 229
430 1 244
433 1 241
434 1 242
438 1 197
446 1 226
449 1 217
452 1 189
453 1 223
454 1 219
455 1 197
456 1 182
457 1 223
461 1 249
462 1 193
467 1 210
469 1 210
470 1 215
472 1 248
475 1 209
480 1 213
481 1 240
486 1 226
489 1 219
490 1 196
491 1 200
492 1 209
495 1 203
496 1 198
499 1 212
500 1 229
501 1 226
502 1 213
503 1 196
510 1 210
512 1 222
513 1 251
514 1 198
516 1 200
518 1 222
520 1 202
521 1 205
528 1 219
532 1 211
534 1 200
535 1 220
538 1 214
542 1 193
543 1 188
547 1 181
548 1 179
551 1 189
552 1 209
555 1 193
557 1 187
559 1 220
561 1 213
563 1 200
572 1 174
574 1 201
580 1 199
581 1 189
585 1 184
586 1 204
589 1 178
592 1 194
594 1 194
596 1 180
598 1 195
599 1 173
600 1 194
603 1 185
604 1 172
606 1 177
610 1 211
614 1 166
616 1 178
617 1 211
619 1 175
620 1 203
626 1 156
627 1 180
628 1 202
629 1 188
632 1 180
642 1 171
646 1 177
651 1 184
656 1 211
657 1 178
658 1 173
659 1 183
660 1 175
662 1 199
664 1 195
666 1 185
670 1 186
676 1 177
678 1 171
680 1 189
688 1 194
690 1 172
692 1 185
693 1 179
695 1 182
696 1 174
697 1 187
706 1 173
707 1 171
715 1 176
716 1 181
718 1 163
719 1 178
721 1 175
722 1 169
724 1 164
731 1 177
753 1 164
758 1 156
765 1 189
769 1 161
770 1 162
773 1 174
777 1 170
781 1 166
784 1 196
795 1 162
805 1 168
808 1 164
810 1 164
812 1 159
813 1 176
815 1 175
818 1 157
820 1 148
821 1 164
826 1 160
829 1 145
832 1 165
833 1 156
834 1 142
835 1 181
849 1 153
852 1 151
860 1 176
861 1 163
864 1 153
866 1 169
871 1 138
877 1 172
878 1 153
880 1 166
883 1 139
888 1 149
891 1 144
893 1 160
894 1 140
906 1 150
908 1 148
913 1 152
917 1 142
918 1 179
919 1 160
925 1 127
926 1 142
931 1 157
936 1 156
937 1 155
947 1 146
952 1 142
953 1 151
958 1 132
959 1 146
962 1 129
965 1 133
967 1 128
968 1 150
969 1 146
974 1 145
975 1 132
979 1 157
982 1 139
986 1 151
987 1 127
988 1 126
989 1 144
990 1 132
992 1 130
994 1 125
997 1 134
998 1 128
1000 1 132
1003 1 165
1006 1 144
1008 1 122
1011 1 126
1020 1 129
1024 1 144
1026 1 124
1035 1 128
1036 1 122
1041 1 126
1042 1 115
1045 1 153
1049 1 143
1051 1 138
1055 1 129
1057 1 126
1059 1 128
1060 1 129
1061 1 130
1062 1 131
1064 1 124
1067 1 128
1071 1 113
1074 1 137
1077 1 105
1078 1 127
1079 1 123
1084 1 122
1087 1 145
1090 1 142
1091 1 139
1092 1 116
1098 1 116
1102 1 119
1103 1 137
1106 1 127
1111 1 98
1116 1 127
1129 1 122
1130 1 120
1140 1 116
1145 1 98
1146 1 126
1152 1 119
1158 1 107
1164 1 92
1173 1 109
1179 1 105
1186 1 116
1188 1 96
1193 1 109
1199 1 111
1204 1 96
1206 1 97
1208 1 118
1209 1 113
1211 1 104
1212 1 82
1214 1 96
1216 1 124
1225 1 83
1230 1 113
1231 1 104
1233 1 98
1239 1 87
1240 1 82
1245 1 111
1248 1 103
1264 1 95
1268 1 94
1270 1 111
1278 1 110
1282 1 103
1284 1 102
1303 1 80
1306 1 92
1314 1 93
1315 1 100
1319 1 82
1325 1 88
1326 1 99
1331 1 78
1334 1 93
1337 1 95
1340 1 98
1357 1 103
1360 1 97
1361 1 71
1367 1 87
1370 1 90
1375 1 86
1378 1 78
1381 1 92
1382 1 90
1385 1 76
1388 1 110
1389 1 104
1396 1 80
1402 1 85
1404 1 77
1409 1 78
1413 1 94
1416 1 87
1419 1 78
1421 1 78
1426 1 83
1429 1 91
1437 1 89
1439 1 93
1447 1 77
1448 1 60
1461 1 83
1465 1 80
1467 1 83
1468 1 76
1470 1 79
1478 1 78
1486 1 100
1490 1 71
1492 1 79
1494 1 78
1498 1 62
1500 1 73
1502 1 71
1503 1 78
1510 1 91
1519 1 61
1520 1 72
1521 1 77
1524 1 76
1528 1 80
1551 1 74
1554 1 80
1558 1 61
1569 1 78
1571 1 59
1573 1 83
1575 1 68
1582 1 82
1583 1 64
1587 1 70
1594 1 70
1596 1 75
1597 1 67
1604 1 71
1609 1 64
1611 1 65
1614 1 73
1619 1 74
1624 1 63
1632 1 56
1640 1 62
1646 1 62
1647 1 65
1648 1 68
1674 1 59
1677 1 58
1681 1 72
1706 1 59
1713 1 62
1714 1 48
1719 1 51
1721 1 51
1739 1 52
1743 1 59
1749 1 57
1750 1 52
1755 1 44
1757 1 58
1762 1 39
1773 1 63
1779 1 44
1792 1 67
1794 1 33
1798 1 50
1806 1 47
1813 1 51
1815 1 55
1820 1 49
1821 1 48
1824 1 50
1828 1 53
1831 1 48
1832 1 34
1840 1 38
1844 1 60
1849 1 49
1852 1 39
1856 1 46
1874 1 44
1876 1 46
1880 1 44
1899 1 46
1900 1 50
1902 1 35
1930 1 46
1932 1 40
1933 1 40
1943 1 38
1952 1 40
1959 1 37
1971 1 32
1974 1 34
1975 1 39
1988 1 41
2003 1 42
2040 1 39
2051 1 23
2054 1 38
2055 1 28
2058 1 36
2059 1 31
2081 1 32
2082 1 23
2097 1 31
2100 1 27
2104 1 30
2106 1 31
2114 1 34
2123 1 32
2125 1 21
2131 1 33
2133 1 33
2134 1 32
2137 1 23
2138 1 27
2146 1 42
2161 1 25
2169 1 26
2178 1 12
2180 1 29
2189 1 29
2191 1 14
2199 1 29
2202 1 23
2203 1 24
2207 1 22
2230 1 17
2244 1 24
2245 1 25
2255 1 19
2260 1 17
2268 1 22
2272 1 21
2282 1 10
2288 1 16
2298 1 14
2311 1 11
2313 1 13
2314 1 25
2316 1 13
2349 1 25
2357 1 14
2368 1 21
2376 1 13
2378 1 6
2383 1 18
2387 1 19
2393 1 15
2394 1 17
2399 1 10
2402 1 16
2406 1 15
2425 1 11
2427 1 16
2440 1 17
2455 1 13
2461 1 10
2462 1 10
2463 1 20
2477 1 12
2479 1 8
2486 1 5
2502 1 6
2508 1 9
2511 1 9
2541 1 8
2545 1 7
2547 1 9
2551 1 7
2553 1 15
2555 1 6
2562 1 5
2563 1 5
2590 1 4
2600 1 12
2614 1 7
2627 1 8
2630 1 11
2632 1 4
2638 1 6
2681 1 4
2684 1 5
2687 1 4
2705 1 4
2718 1 3
2729 1 2
2732 1 5
2751 1 2
2775 1 1
2782 1 2
2797 1 2
2810 1 2
2831 1 2
2839 1 2
2842 1 2
2863 1 1
2866 1 3
2871 1 4
2876 1 2
2884 1 1
2885 1 3
2889 1 1
2904 1 1
2905 1 2
2913 1 1
2917 1 1
2927 1 3
2929 1 2
2937 1 1
2943 1 2
2952 1 1
2980 1 2
2981 1 2
2 2 296
3 2 330
4 2 305
6 2 280
11 2 291
13 2 295
17 2 301
19 2 288
20 2 321
21 2 307
25 2 328
26 2 319
28 2 294
33 2 291
34 2 296
35 2 278
38 2 289
40 2 263
41 2 320
43 2 311
44 2 279
46 2 278
50 2 300
51 2 257
53 2 301
54 2 311
55 2 291
57 2 298
61 2 264
62 2 284
64 2 293
65 2 292
67 2 314
71 2 277
73 2 323
74 2 286
75 2 302
76 2 295
77 2 295
78 2 306
80 2 293
81 2 273
82 2 287
83 2 244
84 2 275
85 2 271
86 2 309
87 2 283
89 2 308
91 2 299
92 2 289
94 2 268
99 2 269
105 2 281
106 2 261
111 2 288
112 2 281
113 2 290
115 2 279
117 2 264
119 2 277
120 2 280
126 2 261
129 2 266
130 2 300
131 2 276
134 2 268
135 2 247
136 2 299
137 2 258
143 2 250
145 2 279
146 2 272
147 2 299
152 2 287
153 2 287
155 2 264
160 2 280
161 2 272
162 2 256
168 2 280
170 2 279
171 2 289
172 2 269
177 2 271
180 2 269
182 2 265
183 2 264
187 2 254
192 2 262
200 2 266
206 2 264
208 2 223
209 2 265
210 2 245
212 2 243
213 2 270
214 2 271
215 2 256
217 2 287
218 2 279
222 2 257
228 2 238
230 2 262
231 2 261
232 2 258
233 2 288
235 2 263
237 2 265
239 2 272
241 2 227
242 2 253
246 2 274
247 2 244
254 2 253
256 2 260
257 2 278
258 2 269
263 2 266
265 2 258
266 2 254
267 2 252
268 2 230
270 2 272
271 2 253
272 2 241
275 2 244
277 2 274
284 2 229
285 2 220
287 2 256
291 2 224
295 2 235
296 2 240
297 2 231
298 2 245
300 2 260
304 2 229
306 2 244
309 2 265
311 2 251
312 2 229
313 2 252
314 2 255
317 2 245
318 2 277
319 2 228
326 2 258
332 2 236
333 2 224
334 2 241
336 2 237
337 2 207
339 2 240
341 2 233
343 2 207
346 2 244
347 2 251
350 2 232
351 2 231
354 2 246
356 2 227
357 2 234
359 2 224
360 2 234
361 2 248
362 2 223
364 2 218
368 2 239
370 2 208
371 2 220
373 2 239
376 2 215
380 2 227
382 2 259
389 2 224
392 2 231
395 2 197
396 2 242
408 2 206
409 2 238
410 2 237
415 2 235
416 2 235
418 2 226
427 2 241
428 2 214
433 2 234
434 2 221
435 2 209
436 2 217
438 2 215
441 2 222
443 2 232
444 2 228
449 2 179
450 2 202
457 2 231
458 2 197
459 2 210
460 2 202
461 2 195
464 2 206
467 2 213
469 2 201
470 2 235
474 2 220
475 2 222
480 2 195
481 2 215
491 2 244
495 2 201
499 2 217
504 2 202
506 2 215
507 2 205
510 2 199
515 2 216
516 2 232
521 2 219
523 2 213
527 2 209
530 2 192
531 2 203
532 2 211
533 2 228
536 2 215
539 2 198
540 2 188
541 2 204
543 2 221
554 2 203
555 2 217
558 2 206
559 2 224
560 2 180
562 2 181
567 2 187
569 2 190
572 2 175
573 2 245
582 2 228
584 2 179
587 2 207
588 2 205
590 2 219
592 2 177
595 2 187
605 2 191
609 2 196
610 2 209
613 2 196
617 2 193
624 2 198
625 2 179
628 2 189
644 2 184
646 2 194
656 2 180
658 2 174
659 2 179
660 2 187
661 2 174
667 2 194
671 2 178
673 2 190
675 2 212
677 2 159
682 2 197
684 2 150
686 2 175
688 2 191
696 2 196
699 2 171
700 2 162
702 2 176
704 2 177
709 2 175
715 2 182
716 2 200
722 2 161
723 2 180
726 2 149
728 2 218
731 2 176
732 2 171
733 2 185
742 2 170
744 2 188
752 2 158
755 2 182
757 2 160
767 2 150
769 2 160
772 2 161
774 2 157
775 2 173
780 2 164
783 2 154
784 2 180
786 2 173
787 2 162
789 2 149
794 2 151
797 2 177
801 2 175
815 2 161
819 2 151
824 2 141
825 2 144
827 2 160
828 2 151
838 2 161
843 2 130
846 2 163
847 2 144
848 2 149
853 2 140
860 2 142
861 2 140
862 2 156
875 2 163
887 2 158
894 2 157
901 2 123
902 2 149
904 2 158
906 2 162
907 2 164
908 2 141
913 2 155
916 2 149
923 2 151
926 2 140
927 2 161
939 2 143
941 2 139
946 2 155
949 2 158
950 2 138
958 2 145
961 2 154
965 2 156
967 2 130
968 2 123
972 2 140
973 2 142
975 2 140
979 2 132
980 2 137
989 2 132
1010 2 124
1014 2 131
1017 2 130
1019 2 127
1020 2 123
1028 2 114
1029 2 128
1032 2 130
1039 2 125
1040 2 109
1049 2 127
1066 2 134
1078 2 140
1079 2 119
1083 2 107
1084 2 141
1085 2 137
1087 2 141
1092 2 128
1096 2 118
1105 2 128
1108 2 118
1112 2 120
1113 2 138
1118 2 118
1119 2 112
1121 2 142
1122 2 106
1125 2 135
1129 2 119
1130 2 133
1135 2 105
1144 2 115
1146 2 107
1147 2 113
1149 2 117
1157 2 103
1163 2 107
1168 2 128
1169 2 113
1171 2 103
1174 2 106
1176 2 140
1177 2 122
1179 2 115
1182 2 99
1188 2 104
1190 2 109
1195 2 101
1201 2 120
1208 2 111
1209 2 122
1212 2 103
1214 2 112
1220 2 123
1222 2 108
1223 2 105
1226 2 120
1230 2 104
1232 2 91
1237 2 109
1240 2 95
1247 2 120
1258 2 95
1259 2 115
1261 2 105
1264 2 112
1265 2 82
1268 2 119
1270 2 99
1276 2 105
1281 2 122
1285 2 101
1290 2 98
1297 2 101
1302 2 105
1303 2 97
1307 2 99
1313 2 95
1317 2 104
1318 2 100
1319 2 104
1323 2 102
1325 2 97
1329 2 108
1332 2 108
1333 2 106
1336 2 90
1339 2 112
1347 2 95
1359 2 86
1372 2 83
1376 2 87
1383 2 99
1388 2 77
1390 2 84
1391 2 94
1405 2 72
1410 2 92
1413 2 87
1423 2 77
1428 2 100
1433 2 93
1441 2 84
1448 2 79
1458 2 89
1460 2 75
1461 2 65
1462 2 74
1470 2 70
1477 2 82
1481 2 65
1490 2 78
1495 2 82
1508 2 79
1510 2 84
1517 2 81
1524 2 68
1530 2 68
1532 2 75
1533 2 80
1536 2 78
1543 2 87
1550 2 69
1555 2 80
1572 2 85
1578 2 69
1581 2 72
1587 2 51
1589 2 74
1591 2 62
1597 2 61
1616 2 62
1617 2 56
1623 2 49
1643 2 69
1649 2 64
1651 2 56
1653 2 57
1659 2 59
1668 2 67
1672 2 53
1680 2 48
1681 2 57
1684 2 65
1694 2 68
1700 2 58
1704 2 58
1706 2 49
1712 2 50
1714 2 58
1715 2 43
1721 2 63
1726 2 63
1735 2 51
1737 2 47
1740 2 61
1741 2 63
1748 2 48
1762 2 60
1764 2 40
1765 2 65
1766 2 40
1769 2 55
1773 2 46
1777 2 49
1781 2 59
1785 2 46
1794 2 47
1804 2 45
1812 2 36
1817 2 42
1822 2 52
1824 2 54
1827 2 48
1838 2 52
1846 2 40
1851 2 58
1856 2 55
1861 2 39
1863 2 68
1871 2 52
1884 2 37
1893 2 48
1895 2 38
1903 2 47
1907 2 44
1909 2 33
1912 2 43
1920 2 41
1922 2 40
1926 2 48
1927 2 43
1948 2 42
1951 2 35
1960 2 31
1961 2 32
1968 2 39
1969 2 37
1972 2 46
1976 2 32
1980 2 39
1982 2 34
1986 2 45
2001 2 34
2006 2 28
2011 2 27
2014 2 29
2026 2 25
2029 2 41
2034 2 28
2056 2 20
2061 2 28
2063 2 29
2064 2 36
2073 2 36
2076 2 31
2079 2 29
2090 2 28
2093 2 29
2095 2 31
2099 2 24
2102 2 24
2106 2 24
2107 2 25
2111 2 35
2147 2 20
2172 2 26
2178 2 15
2185 2 30
2191 2 35
2230 2 15
2233 2 17
2235 2 19
2239 2 19
2243 2 20
2295 2 15
2297 2 22
2303 2 12
2307 2 15
2316 2 18
2329 2 18
2332 2 22
2334 2 23
2346 2 20
2353 2 13
2358 2 13
2381 2 16
2382 2 16
2388 2 14
2394 2 17
2403 2 15
2408 2 15
2411 2 22
2418 2 14
2421 2 11
2429 2 8
2435 2 10
2439 2 8
2446 2 12
2462 2 15
2471 2 11
2480 2 11
2481 2 11
2482 2 12
2488 2 14
2490 2 10
2491 2 8
2494 2 6
2498 2 12
2500 2 13
2508 2 12
2513 2 10
2514 2 7
2526 2 15
2527 2 12
2528 2 6
2535 2 7
2540 2 5
2550 2 7
2560 2 6
2561 2 11
2562 2 5
2563 2 8
2585 2 4
2606 2 2
2629 2 4
2635 2 6
2646 2 3
2650 2 1
2656 2 3
2659 2 5
2678 2 3
2680 2 4
2692 2 5
2693 2 8
2699 2 7
2700 2 4
2707 2 3
2713 2 5
2714 2 7
2740 2 4
2742 2 2
2761 2 3
2763 2 2
2766 2 5
2781 2 4
2792 2 5
2806 2 1
2815 2 3
2821 2 1
2831 2 4
2837 2 2
2850 2 4
2858 2 5
2868 2 1
2870 2 2
2908 2 1
2910 2 1
2929 2 1
2932 2 2
2933 2 1
2947 2 1
2985 2 1
2987 2 1
3 3 305
6 3 302
7 3 344
8 3 279
9 3 318
11 3 314
12 3 308
13 3 304
15 3 285
17 3 269
18 3 316
20 3 307
21 3 289
26 3 260
28 3 292
29 3 286
32 3 284
33 3 291
36 3 282
37 3 276
38 3 320
39 3 301
41 3 285
42 3 306
43 3 308
45 3 297
50 3 289
52 3 296
55 3 302
59 3 295
62 3 301
63 3 278
64 3 278
65 3 266
70 3 281
74 3 270
75 3 271
76 3 273
77 3 281
78 3 284
79 3 307
86 3 299
90 3 240
93 3 317
96 3 298
97 3 285
100 3 279
102 3 303
110 3 268
112 3 253
117 3 277
119 3 292
120 3 275
123 3 276
124 3 267
126 3 294
127 3 266
130 3 272
134 3 250
137 3 267
140 3 257
145 3 276
146 3 265
147 3 262
148 3 316
153 3 285
155 3 242
156 3 279
157 3 288
158 3 275
159 3 286
163 3 246
168 3 308
169 3 278
172 3 256
173 3 269
178 3 268
179 3 283
180 3 279
182 3 233
183 3 280
184 3 256
187 3 276
188 3 233
190 3 267
192 3 279
193 3 266
194 3 292
195 3 232
196 3 252
197 3 280
198 3 236
200 3 292
203 3 260
204 3 266
206 3 265
209 3 242
210 3 255
211 3 271
214 3 266
215 3 263
218 3 265
220 3 268
222 3 270
223 3 290
228 3 238
232 3 272
234 3 231
238 3 260
239 3 262
240 3 271
243 3 244
247 3 248
249 3 257
250 3 256
252 3 247
253 3 236
254 3 258
256 3 277
259 3 248
260 3 243
266 3 248
272 3 239
273 3 288
275 3 251
276 3 251
282 3 235
283 3 232
284 3 251
286 3 243
289 3 254
292 3 268
293 3 262
295 3 248
299 3 246
303 3 252
305 3 221
306 3 241
309 3 265
313 3 251
314 3 233
317 3 233
318 3 238
320 3 260
326 3 222
328 3 244
330 3 249
332 3 241
337 3 219
343 3 239
348 3 240
349 3 245
351 3 218
352 3 223
355 3 207
356 3 248
362 3 225
363 3 240
364 3 216
366 3 209
371 3 225
375 3 232
377 3 253
379 3 218
380 3 204
384 3 229
390 3 215
399 3 213
404 3 218
406 3 215
409 3 188
410 3 234
417 3 205
419 3 255
423 3 217
428 3 248
430 3 207
440 3 230
441 3 260
442 3 228
445 3 228
446 3 229
457 3 217
458 3 241
462 3 209
463 3 207
466 3 244
467 3 214
471 3 194
475 3 203
476 3 251
478 3 209
479 3 221
480 3 228
487 3 215
488 3 194
494 3 188
499 3 200
506 3 227
514 3 229
516 3 211
520 3 223
523 3 199
525 3 187
529 3 217
534 3 207
535 3 171
539 3 203
541 3 200
544 3 183
545 3 237
550 3 196
552 3 212
553 3 183
554 3 206
555 3 201
557 3 212
564 3 218
567 3 192
570 3 208
571 3 206
580 3 206
581 3 208
584 3 180
585 3 218
587 3 185
589 3 183
591 3 186
593 3 197
596 3 207
604 3 209
607 3 198
610 3 178
621 3 216
624 3 185
625 3 201
635 3 192
636 3 184
637 3 175
638 3 177
644 3 189
646 3 178
648 3 183
649 3 171
650 3 195
652 3 182
656 3 183
662 3 210
664 3 174
665 3 171
666 3 157
667 3 154
674 3 184
684 3 169
687 3 172
692 3 189
696 3 172
697 3 168
698 3 186
699 3 170
702 3 160
704 3 179
709 3 173
716 3 189
723 3 186
726 3 149
727 3 176
729 3 169
730 3 177
740 3 165
743 3 181
744 3 156
747 3 163
760 3 177
763 3 171
764 3 162
768 3 159
770 3 178
773 3 177
774 3 184
779 3 172
780 3 169
782 3 170
784 3 156
786 3 154
794 3 181
800 3 176
803 3 167
806 3 185
809 3 162
810 3 162
816 3 179
817 3 165
818 3 182
822 3 172
827 3 175
831 3 191
832 3 158
838 3 122
840 3 172
846 3 159
848 3 163
856 3 160
864 3 160
867 3 168
869 3 153
871 3 142
873 3 142
877 3 141
881 3 136
883 3 150
885 3 164
889 3 162
891 3 137
892 3 153
893 3 146
894 3 144
895 3 143
898 3 151
901 3 157
907 3 128
911 3 152
913 3 128
915 3 158
924 3 135
928 3 139
929 3 149
932 3 131
934 3 147
942 3 139
962 3 162
964 3 147
972 3 122
975 3 144
976 3 129
977 3 153
978 3 130
991 3 133
999 3 138
1004 3 110
1006 3 133
1009 3 136
1011 3 118
1018 3 132
1019 3 119
1020 3 129
1026 3 135
1033 3 115
1034 3 136
1037 3 139
1039 3 140
1040 3 132
1044 3 122
1045 3 127
1047 3 109
1048 3 122
1052 3 126
1054 3 128
1058 3 146
1060 3 140
1063 3 134
1065 3 125
1067 3 137
1072 3 99
1086 3 114
1087 3 125
1096 3 130
1098 3 107
1101 3 126
1102 3 114
1106 3 120
1107 3 129
1108 3 132
1111 3 119
1121 3 130
1137 3 128
1140 3 108
1143 3 117
1144 3 94
1153 3 114
1154 3 120
1155 3 126
1157 3 108
1162 3 123
1164 3 107
1165 3 125
1167 3 109
1168 3 119
1178 3 122
1179 3 131
1181 3 119
1183 3 126
1188 3 114
1196 3 108
1199 3 104
1206 3 108
1208 3 112
1210 3 110
1228 3 105
1233 3 107
1242 3 123
1256 3 101
1263 3 98
1269 3 91
1270 3 112
1276 3 111
1279 3 98
1283 3 79
1284 3 115
1285 3 91
1291 3 98
1297 3 87
1298 3 106
1301 3 95
1317 3 115
1321 3 97
1322 3 108
1323 3 80
1335 3 101
1341 3 91
1343 3 109
1344 3 100
1346 3 85
1357 3 88
1359 3 100
1361 3 94
1374 3 89
1375 3 84
1377 3 85
1382 3 88
1390 3 94
1392 3 93
1402 3 112
1403 3 73
1408 3 97
1409 3 86
1410 3 84
1412 3 111
1415 3 87
1425 3 94
1428 3 94
1430 3 89
1431 3 80
1432 3 83
1439 3 81
1440 3 98
1452 3 99
1456 3 87
1459 3 70
1461 3 88
1474 3 74
1482 3 76
1484 3 68
1488 3 74
1489 3 79
1503 3 84
1504 3 76
1508 3 86
1517 3 74
1522 3 83
1529 3 87
1535 3 71
1542 3 79
1558 3 62
1560 3 81
1567 3 74
1575 3 66
1578 3 69
1600 3 73
1609 3 64
1613 3 60
1616 3 62
1621 3 60
1626 3 57
1627 3 72
1632 3 70
1650 3 72
1656 3 62
1662 3 58
1663 3 60
1670 3 69
1671 3 58
1672 3 60
1676 3 73
1679 3 55
1683 3 55
1686 3 58
1697 3 54
1706 3 52
1708 3 52
1721 3 54
1725 3 56
1729 3 60
1744 3 75
1745 3 44
1748 3 48
1749 3 59
1750 3 46
1755 3 61
1764 3 55
1766 3 64
1768 3 52
1774 3 46
1777 3 60
1794 3 43
1797 3 48
1809 3 40
1810 3 35
1811 3 35
1813 3 42
1815 3 48
1817 3 43
1819 3 43
1821 3 44
1825 3 54
1832 3 48
1833 3 56
1841 3 46
1843 3 49
1844 3 49
1846 3 42
1852 3 36
1853 3 45
1858 3 40
1860 3 43
1861 3 44
1863 3 40
1879 3 49
1903 3 36
1904 3 33
1905 3 47
1911 3 46
1918 3 47
1922 3 36
1923 3 39
1926 3 47
1929 3 32
1935 3 41
1972 3 26
1980 3 35
1987 3 47
1995 3 31
1998 3 33
2010 3 35
2026 3 39
2036 3 42
2045 3 37
2046 3 23
2050 3 31
2052 3 34
2058 3 33
2061 3 29
2068 3 25
2081 3 35
2095 3 26
2099 3 19
2106 3 34
2109 3 21
2110 3 33
2113 3 30
2118 3 24
2125 3 25
2130 3 31
2131 3 25
2135 3 35
2146 3 26
2147 3 23
2150 3 29
2164 3 28
2166 3 23
2173 3 26
2175 3 25
2194 3 24
2198 3 26
2204 3 18
2212 3 19
2226 3 18
2228 3 22
2229 3 23
2243 3 14
2246 3 26
2251 3 23
2253 3 14
2259 3 17
2261 3 15
2263 3 20
2266 3 17
2268 3 15
2275 3 17
2280 3 18
2281 3 15
2297 3 17
2298 3 24
2299 3 20
2306 3 22
2315 3 12
2330 3 17
2351 3 13
2353 3 13
2360 3 14
2364 3 14
2407 3 14
2413 3 10
2418 3 7
2426 3 9
2435 3 10
2440 3 12
2448 3 9
2450 3 10
2453 3 9
2468 3 13
2471 3 13
2472 3 15
2480 3 5
2482 3 14
2490 3 10
2491 3 11
2498 3 14
2508 3 8
2509 3 13
2527 3 6
2553 3 11
2556 3 8
2574 3 7
2595 3 12
2598 3 3
2601 3 7
2606 3 6
2609 3 6
2614 3 4
2618 3 7
2622 3 9
2628 3 6
2629 3 9
2652 3 3
2669 3 4
2676 3 5
2687 3 2
2688 3 5
2698 3 1
2718 3 5
2761 3 3
2768 3 2
2772 3 4
2774 3 3
2802 3 3
2809 3 2
2814 3 1
2824 3 2
2827 3 1
2833 3 2
2836 3 4
2843 3 3
2845 3 3
2846 3 2
2847 3 1
2851 3 1
2853 3 3
2892 3 1
2905 3 2
2918 3 1
2925 3 1
2934 3 2
2939 3 2
2953 3 1
2960 3 1
2964 3 2
2966 3 1
2987 3 1
2998 3 1
1 4 305
3 4 314
4 4 299
6 4 306
11 4 289
12 4 292
14 4 296
15 4 292
18 4 320
22 4 288
23 4 322
24 4 280
25 4 312
27 4 350
28 4 276
32 4 310
33 4 307
35 4 320
38 4 302
40 4 317
42 4 278
43 4 303
45 4 317
46 4 306
47 4 301
52 4 285
53 4 285
54 4 321
55 4 293
57 4 303
58 4 298
61 4 305
62 4 298
71 4 299
72 4 269
74 4 276
75 4 258
78 4 261
80 4 259
84 4 283
95 4 263
96 4 243
97 4 251
99 4 272
101 4 277
102 4 287
106 4 274
108 4 277
111 4 300
116 4 285
120 4 317
121 4 267
124 4 257
125 4 291
128 4 282
129 4 292
131 4 303
134 4 288
138 4 267
139 4 302
142 4 267
143 4 284
147 4 282
148 4 274
150 4 261
151 4 241
152 4 273
153 4 286
154 4 303
157 4 236
159 4 291
160 4 256
163 4 274
165 4 250
166 4 222
167 4 279
168 4 244
171 4 266
176 4 254
178 4 281
184 4 267
186 4 269
188 4 270
193 4 283
203 4 259
204 4 244
207 4 291
209 4 235
210 4 246
213 4 260
216 4 278
222 4 260
229 4 281
236 4 231
238 4 261
245 4 270
246 4 254
249 4 271
252 4 258
257 4 283
260 4 248
264 4 254
266 4 268
268 4 272
274 4 233
278 4 251
280 4 238
281 4 253
282 4 265
283 4 250
289 4 271
293 4 240
302 4 239
303 4 237
304 4 251
309 4 265
314 4 236
316 4 252
319 4 241
321 4 247
324 4 241
325 4 225
331 4 243
332 4 232
338 4 235
339 4 252
341 4 231
346 4 236
347 4 239
348 4 230
356 4 255
357 4 220
361 4 245
367 4 232
376 4 248
377 4 250
379 4 264
383 4 243
384 4 231
392 4 207
401 4 230
403 4 255
406 4 227
410 4 209
411 4 227
417 4 240
419 4 227
423 4 224
427 4 247
428 4 241
433 4 224
434 4 236
435 4 223
437 4 217
439 4 238
441 4 200
442 4 223
443 4 223
453 4 246
455 4 204
457 4 197
459 4 220
462 4 213
463 4 198
465 4 213
466 4 192
470 4 191
474 4 217
480 4 207
488 4 220
490 4 225
495 4 219
500 4 215
501 4 227
502 4 201
503 4 173
504 4 193
508 4 220
520 4 230
521 4 206
523 4 221
525 4 212
528 4 201
529 4 219
530 4 188
533 4 201
534 4 187
536 4 200
543 4 220
544 4 185
546 4 206
547 4 235
552 4 211
555 4 185
556 4 184
560 4 183
562 4 200
563 4 214
570 4 206
572 4 189
576 4 205
579 4 204
583 4 205
589 4 189
591 4 216
596 4 198
603 4 185
605 4 188
606 4 196
611 4 209
613 4 201
619 4 189
620 4 183
623 4 163
624 4 176
625 4 205
633 4 187
635 4 188
637 4 170
639 4 181
643 4 199
644 4 214
650 4 182
651 4 165
655 4 189
662 4 180
663 4 175
672 4 178
676 4 217
679 4 187
680 4 164
683 4 189
685 4 187
686 4 173
691 4 170
692 4 203
694 4 170
695 4 194
696 4 207
699 4 159
701 4 165
703 4 182
708 4 176
711 4 176
712 4 184
713 4 150
716 4 191
717 4 159
718 4 165
719 4 189
721 4 187
725 4 178
729 4 157
731 4 161
734 4 151
737 4 175
739 4 161
740 4 180
743 4 173
744 4 169
759 4 173
763 4 173
765 4 188
766 4 147
772 4 158
773 4 153
775 4 187
776 4 162
777 4 155
778 4 174
779 4 152
782 4 177
784 4 169
787 4 165
789 4 184
795 4 160
797 4 171
798 4 168
804 4 176
807 4 166
810 4 164
815 4 155
819 4 152
833 4 141
838 4 153
842 4 172
846 4 139
853 4 175
861 4 156
862 4 169
863 4 172
865 4 164
866 4 150
870 4 139
874 4 152
880 4 159
884 4 162
888 4 145
889 4 146
890 4 124
896 4 150
899 4 165
902 4 140
903 4 160
912 4 128
915 4 140
917 4 149
922 4 138
923 4 162
927 4 156
932 4 155
935 4 158
937 4 168
939 4 147
948 4 131
954 4 148
962 4 136
967 4 148
968 4 136
969 4 112
970 4 133
971 4 129
972 4 124
975 4 141
977 4 122
994 4 131
995 4 161
998 4 149
1006 4 133
1007 4 148
1008 4 136
1009 4 139
1010 4 139
1012 4 133
1019 4 135
1021 4 142
1022 4 135
1025 4 130
1026 4 106
1029 4 114
1031 4 133
1035 4 129
1041 4 96
1047 4 113
1048 4 127
1052 4 125
1053 4 127
1054 4 129
1061 4 121
1064 4 139
1066 4 120
1070 4 136
1073 4 106
1074 4 140
1079 4 136
1087 4 126
1089 4 99
1096 4 109
1101 4 106
1102 4 130
1103 4 129
1105 4 116
1106 4 125
1107 4 141
1108 4 127
1109 4 125
1115 4 129
1122 4 104
1124 4 125
1125 4 126
1128 4 112
1132 4 132
1133 4 96
1139 4 143
1143 4 119
1145 4 129
1147 4 119
1149 4 103
1152 4 109
1154 4 109
1157 4 114
1162 4 114
1167 4 120
1176 4 127
1180 4 119
1181 4 103
1183 4 105
1184 4 99
1191 4 129
1196 4 114
1202 4 103
1208 4 123
1209 4 120
1219 4 102
1220 4 114
1222 4 99
1223 4 85
1226 4 102
1230 4 106
1231 4 90
1233 4 99
1235 4 110
1236 4 120
1251 4 102
1255 4 112
1258 4 101
1261 4 109
1285 4 86
1289 4 112
1290 4 105
1295 4 110
1297 4 93
1299 4 105
1303 4 110
1304 4 105
1305 4 113
1315 4 103
1321 4 96
1327 4 95
1331 4 83
1339 4 109
1341 4 92
1343 4 91
1345 4 79
1348 4 93
1356 4 111
1357 4 92
1361 4 85
1373 4 72
1374 4 79
1377 4 90
1379 4 82
1389 4 94
1391 4 85
1405 4 88
1406 4 82
1408 4 85
1412 4 82
1413 4 76
1414 4 73
1417 4 93
1418 4 89
1427 4 84
1432 4 82
1436 4 90
1438 4 79
1442 4 78
1444 4 94
1448 4 76
1454 4 91
1457 4 73
1458 4 71
1460 4 73
1461 4 77
1462 4 87
1467 4 88
1477 4 82
1478 4 72
1479 4 78
1485 4 70
1486 4 87
1490 4 70
1494 4 83
1500 4 72
1502 4 76
1506 4 77
1512 4 77
1514 4 75
1516 4 73
1517 4 73
1518 4 82
1520 4 79
1529 4 75
1531 4 68
1533 4 73
1536 4 97
1547 4 64
1552 4 79
1554 4 58
1555 4 76
1556 4 65
1559 4 70
1560 4 61
1561 4 65
1567 4 69
1569 4 73
1574 4 81
1582 4 51
1591 4 66
1594 4 79
1596 4 66
1597 4 79
1600 4 65
1624 4 58
1631 4 74
1632 4 62
1641 4 73
1654 4 68
1657 4 67
1660 4 71
1662 4 67
1666 4 68
1672 4 48
1674 4 70
1676 4 61
1680 4 62
1681 4 55
1692 4 54
1695 4 71
1696 4 55
1701 4 52
1705 4 71
1707 4 54
1711 4 55
1715 4 48
1722 4 55
1729 4 56
1731 4 52
1734 4 68
1737 4 54
1738 4 65
1755 4 61
1764 4 52
1766 4 40
1769 4 46
1774 4 57
1778 4 51
1800 4 57
1805 4 49
1813 4 47
1823 4 48
1825 4 51
1849 4 42
1857 4 51
1858 4 45
1867 4 43
1872 4 48
1875 4 41
1878 4 33
1879 4 44
1880 4 43
1881 4 46
1882 4 47
1884 4 29
1890 4 42
1892 4 40
1909 4 33
1912 4 44
1913 4 54
1916 4 34
1919 4 36
1923 4 40
1925 4 45
1951 4 25
1953 4 55
1954 4 54
1957 4 42
1968 4 36
1980 4 37
1982 4 50
1984 4 32
1994 4 32
2000 4 37
2006 4 48
2011 4 31
2017 4 38
2019 4 34
2024 4 37
2029 4 32
2035 4 30
2036 4 38
2040 4 33
2041 4 36
2044 4 38
2046 4 29
2087 4 32
2090 4 28
2098 4 29
2099 4 30
2101 4 29
2108 4 26
2113 4 23
2120 4 31
2125 4 23
2151 4 29
2161 4 32
2180 4 24
2182 4 29
2185 4 30
2191 4 24
2201 4 25
2207 4 24
2208 4 20
2221 4 25
2227 4 15
2231 4 27
2238 4 16
2245 4 19
2246 4 21
2252 4 16
2268 4 26
2273 4 17
2285 4 22
2286 4 14
2287 4 18
2303 4 17
2305 4 15
2315 4 11
2320 4 18
2323 4 15
2326 4 25
2336 4 14
2352 4 19
2353 4 18
2363 4 20
2382 4 11
2385 4 18
2401 4 11
2402 4 19
2403 4 11
2415 4 10
2422 4 15
2425 4 13
2430 4 11
2435 4 13
2452 4 9
2464 4 16
2467 4 16
2474 4 11
2491 4 13
2492 4 17
2501 4 11
2502 4 10
2518 4 10
2524 4 7
2525 4 8
2539 4 6
2544 4 9
2547 4 8
2550 4 9
2552 4 8
2561 4 4
2571 4 11
2586 4 9
2591 4 3
2616 4 7
2623 4 8
2625 4 6
2630 4 5
2634 4 9
2652 4 4
2655 4 6
2659 4 6
2676 4 5
2688 4 5
2692 4 6
2702 4 4
2704 4 1
2712 4 5
2714 4 3
2734 4 5
2741 4 8
2754 4 3
2755 4 3
2756 4 7
2761 4 3
2763 4 6
2767 4 5
2780 4 4
2782 4 2
2788 4 2
2793 4 2
2810 4 2
2814 4 2
2815 4 4
2816 4 1
2819 4 3
2828 4 3
2837 4 3
2856 4 2
2858 4 2
2861 4 2
2867 4 3
2869 4 3
2892 4 1
2912 4 1
2934 4 1
2939 4 2
2968 4 1
2969 4 1
2994 4 1
0 5 299
1 5 340
2 5 293
4 5 323
6 5 304
7 5 280
9 5 293
14 5 321
15 5 292
16 5 290
18 5 301
19 5 287
20 5 288
21 5 273
22 5 304
24 5 291
26 5 285
27 5 308
28 5 283
29 5 329
31 5 298
32 5 282
34 5 316
38 5 302
41 5 281
43 5 284
46 5 307
47 5 293
48 5 293
49 5 273
50 5 296
51 5 248
52 5 308
53 5 305
54 5 297
55 5 284
56 5 296
57 5 266
60 5 327
61 5 308
63 5 311
64 5 320
69 5 325
72 5 269
78 5 269
86 5 284
88 5 284
91 5 312
92 5 274
93 5 257
94 5 290
95 5 260
106 5 271
110 5 262
112 5 263
117 5 275
118 5 315
121 5 291
123 5 303
124 5 314
128 5 253
130 5 265
133 5 256
134 5 279
136 5 286
138 5 255
140 5 272
143 5 271
146 5 303
147 5 241
148 5 260
154 5 312
155 5 285
157 5 246
158 5 252
161 5 266
166 5 278
167 5 245
169 5 281
171 5 280
172 5 273
174 5 249
178 5 283
179 5 260
180 5 281
183 5 275
184 5 247
192 5 248
193 5 288
195 5 256
196 5 265
197 5 250
198 5 229
209 5 270
210 5 271
212 5 263
214 5 283
224 5 276
225 5 279
229 5 253
232 5 246
233 5 283
235 5 255
236 5 256
242 5 243
244 5 230
247 5 256
254 5 220
255 5 233
258 5 241
261 5 270
266 5 263
267 5 254
268 5 226
270 5 271
271 5 279
276 5 254
277 5 236
280 5 229
281 5 259
283 5 241
284 5 252
287 5 256
291 5 246
295 5 256
300 5 260
301 5 232
302 5 243
303 5 245
305 5 247
306 5 240
309 5 258
310 5 268
312 5 244
316 5 245
317 5 232
321 5 246
325 5 225
327 5 222
333 5 235
334 5 241
338 5 213
339 5 268
341 5 237
343 5 269
345 5 237
351 5 235
352 5 242
357 5 247
358 5 261
359 5 224
360 5 225
368 5 260
376 5 260
377 5 219
379 5 207
381 5 222
382 5 239
387 5 224
388 5 252
391 5 215
392 5 226
394 5 212
395 5 213
396 5 220
404 5 257
410 5 240
413 5 234
415 5 202
417 5 235
419 5 236
421 5 238
422 5 200
426 5 229
432 5 233
436 5 205
439 5 244
444 5 221
447 5 221
452 5 210
455 5 224
457 5 219
460 5 224
461 5 230
463 5 200
469 5 210
471 5 207
473 5 222
476 5 228
477 5 215
480 5 206
482 5 228
485 5 207
486 5 241
490 5 197
493 5 179
494 5 236
495 5 218
498 5 198
506 5 216
507 5 200
509 5 202
510 5 193
514 5 219
517 5 202
518 5 209
522 5 204
524 5 198
528 5 203
530 5 208
536 5 190
538 5 202
542 5 193
550 5 216
551 5 227
552 5 218
553 5 204
559 5 204
561 5 226
566 5 214
573 5 198
577 5 184
578 5 194
581 5 202
584 5 201
587 5 184
590 5 199
592 5 205
593 5 207
595 5 180
597 5 195
602 5 199
605 5 172
608 5 209
610 5 157
617 5 177
620 5 183
626 5 204
634 5 195
635 5 209
637 5 204
638 5 213
643 5 159
648 5 235
650 5 169
651 5 169
656 5 183
661 5 168
665 5 174
670 5 190
672 5 196
674 5 194
675 5 202
682 5 180
683 5 172
685 5 181
686 5 210
690 5 178
695 5 174
700 5 195
701 5 179
702 5 183
708 5 173
712 5 162
717 5 171
720 5 176
731 5 183
738 5 149
745 5 163
747 5 163
750 5 180
752 5 165
758 5 195
760 5 162
767 5 155
777 5 175
786 5 171
787 5 182
793 5 146
797 5 172
799 5 180
801 5 175
806 5 190
812 5 164
821 5 138
823 5 166
824 5 162
835 5 153
837 5 169
841 5 176
844 5 158
845 5 151
846 5 130
848 5 149
858 5 139
861 5 176
863 5 152
867 5 164
868 5 165
873 5 157
874 5 132
875 5 159
877 5 142
880 5 141
881 5 159
885 5 160
888 5 156
889 5 151
890 5 168
896 5 157
897 5 136
898 5 146
900 5 131
903 5 129
908 5 146
909 5 141
910 5 158
911 5 163
913 5 146
917 5 142
922 5 137
925 5 156
933 5 130
937 5 148
939 5 177
948 5 146
949 5 143
950 5 160
953 5 128
956 5 141
959 5 133
960 5 117
963 5 140
965 5 115
968 5 149
971 5 122
972 5 130
974 5 131
981 5 128
985 5 120
986 5 133
991 5 136
1003 5 136
1004 5 153
1007 5 154
1012 5 124
1014 5 130
1015 5 114
1016 5 149
1019 5 123
1021 5 122
1022 5 106
1026 5 132
1027 5 144
1028 5 122
1029 5 154
1034 5 135
1037 5 156
1038 5 119
1040 5 122
1043 5 130
1047 5 142
1053 5 124
1056 5 122
1058 5 129
1062 5 125
1065 5 138
1073 5 130
1077 5 124
1079 5 113
1084 5 134
1085 5 129
1093 5 133
1094 5 142
1096 5 135
1098 5 122
1101 5 136
1103 5 118
1105 5 110
1109 5 123
1118 5 120
1123 5 120
1128 5 128
1129 5 126
1131 5 127
1132 5 115
1134 5 114
1137 5 120
1139 5 130
1140 5 117
1141 5 115
1142 5 104
1147 5 127
1149 5 134
1153 5 138
1156 5 110
1162 5 137
1167 5 141
1175 5 119
1179 5 121
1181 5 116
1182 5 115
1186 5 117
1188 5 98
1201 5 102
1207 5 109
1211 5 108
1212 5 115
1218 5 106
1222 5 106
1227 5 117
1234 5 105
1236 5 110
1237 5 103
1249 5 96
1253 5 108
1255 5 106
1265 5 86
1267 5 109
1268 5 97
1284 5 92
1285 5 94
1291 5 104
1299 5 109
1302 5 98
1308 5 104
1323 5 91
1325 5 105
1330 5 88
1331 5 110
1334 5 100
1335 5 106
1341 5 76
1343 5 82
1346 5 103
1351 5 92
1358 5 108
1360 5 81
1362 5 86
1366 5 77
1369 5 89
1376 5 83
1387 5 92
1388 5 92
1404 5 92
1406 5 101
1407 5 85
1408 5 80
1410 5 109
1411 5 82
1412 5 68
1417 5 82
1423 5 85
1424 5 94
1425 5 87
1434 5 86
1435 5 74
1439 5 80
1448 5 89
1455 5 85
1461 5 75
1466 5 104
1468 5 82
1482 5 75
1490 5 74
1504 5 85
1511 5 73
1519 5 74
1522 5 81
1525 5 71
1527 5 75
1533 5 75
1534 5 84
1535 5 77
1538 5 55
1541 5 72
1542 5 67
1543 5 72
1553 5 71
1556 5 68
1559 5 80
1563 5 77
1566 5 80
1569 5 82
1571 5 73
1577 5 83
1595 5 74
1599 5 65
1601 5 70
1602 5 66
1608 5 72
1620 5 54
1625 5 75
1633 5 69
1635 5 76
1637 5 75
1638 5 55
1646 5 46
1654 5 51
1656 5 66
1669 5 66
1674 5 56
1675 5 55
1680 5 66
1681 5 61
1683 5 55
1685 5 56
1686 5 55
1694 5 57
1715 5 54
1721 5 50
1723 5 55
1724 5 44
1726 5 49
1729 5 50
1740 5 51
1746 5 49
1753 5 57
1756 5 38
1761 5 46
1763 5 49
1764 5 59
1765 5 39
1769 5 51
1773 5 43
1778 5 49
1780 5 50
1781 5 55
1782 5 57
1792 5 52
1793 5 71
1794 5 54
1796 5 54
1813 5 56
1819 5 46
1820 5 52
1822 5 41
1823 5 56
1831 5 52
1834 5 60
1838 5 43
1840 5 43
1843 5 46
1854 5 45
1855 5 34
1858 5 49
1862 5 52
1864 5 42
1867 5 46
1873 5 35
1879 5 36
1883 5 46
1886 5 38
1894 5 39
1895 5 49
1899 5 35
1905 5 45
1909 5 43
1911 5 52
1920 5 48
1933 5 39
1957 5 34
1961 5 34
1971 5 36
1990 5 32
1994 5 43
2003 5 29
2004 5 34
2005 5 39
2006 5 38
2007 5 30
2008 5 33
2015 5 43
2020 5 37
2023 5 43
2025 5 43
2043 5 41
2052 5 39
2058 5 29
2064 5 41
2070 5 32
2075 5 35
2077 5 29
2090 5 26
2100 5 26
2102 5 30
2106 5 35
2108 5 28
2110 5 29
2112 5 35
2128 5 24
2136 5 35
2139 5 32
2164 5 27
2176 5 24
2184 5 25
2189 5 28
2201 5 26
2208 5 20
2223 5 17
2224 5 17
2249 5 32
2276 5 25
2288 5 19
2289 5 32
2291 5 28
2298 5 19
2314 5 13
2346 5 19
2353 5 13
2354 5 17
2361 5 14
2369 5 12
2380 5 9
2381 5 15
2391 5 17
2411 5 15
2421 5 13
2428 5 10
2431 5 9
2432 5 15
2436 5 13
2438 5 11
2478 5 8
2481 5 10
2495 5 11
2499 5 7
2505 5 7
2515 5 4
2523 5 8
2532 5 10
2546 5 11
2560 5 8
2561 5 10
2562 5 7
2571 5 8
2576 5 7
2580 5 9
2595 5 9
2596 5 10
2602 5 4
2604 5 9
2627 5 8
2630 5 4
2635 5 4
2651 5 3
2658 5 6
2667 5 4
2668 5 6
2670 5 5
2671 5 5
2677 5 7
2678 5 6
2691 5 4
2698 5 5
2699 5 3
2706 5 4
2710 5 6
2714 5 4
2715 5 5
2719 5 3
2720 5 4
2725 5 6
2737 5 4
2746 5 5
2747 5 2
2761 5 2
2763 5 2
2769 5 2
2777 5 4
2787 5 6
2789 5 3
2798 5 1
2801 5 1
2821 5 2
2837 5 1
2847 5 2
2861 5 1
2865 5 2
2892 5 3
2896 5 1
2912 5 1
2925 5 1
2926 5 1
2929 5 3
2940 5 1
2948 5 1
2954 5 1
2979 5 1
2981 5 2
2985 5 1
2994 5 1
1 6 270
2 6 288
6 6 284
14 6 292
17 6 290
19 6 299
20 6 302
21 6 314
22 6 283
23 6 282
25 6 333
26 6 311
28 6 310
29 6 293
30 6 272
33 6 272
36 6 273
37 6 310
38 6 314
39 6 294
41 6 290
44 6 312
45 6 277
47 6 307
52 6 297
53 6 307
55 6 271
56 6 279
57 6 311
58 6 289
62 6 287
71 6 294
72 6 301
74 6 255
76 6 288
78 6 291
82 6 285
87 6 311
88 6 288
89 6 283
91 6 287
92 6 267
94 6 257
95 6 316
96 6 309
97 6 282
101 6 277
103 6 291
105 6 303
107 6 283
109 6 281
111 6 268
114 6 289
116 6 267
118 6 281
120 6 285
121 6 263
122 6 292
124 6 295
131 6 263
133 6 282
135 6 261
136 6 288
137 6 278
140 6 265
143 6 257
144 6 281
147 6 271
148 6 271
150 6 267
153 6 271
154 6 282
157 6 271
161 6 289
163 6 278
164 6 269
168 6 254
169 6 278
171 6 260
173 6 251
177 6 305
178 6 295
179 6 244
180 6 267
182 6 279
185 6 312
191 6 265
193 6 246
195 6 270
196 6 262
197 6 238
199 6 259
200 6 297
203 6 253
205 6 261
206 6 257
210 6 286
211 6 278
214 6 274
216 6 260
218 6 293
219 6 264
220 6 244
221 6 276
222 6 269
225 6 262
228 6 277
230 6 259
235 6 221
236 6 250
238 6 239
239 6 260
241 6 243
244 6 247
245 6 234
250 6 242
251 6 258
252 6 270
253 6 249
262 6 242
266 6 255
267 6 253
268 6 235
271 6 241
272 6 247
273 6 248
276 6 224
281 6 249
283 6 237
287 6 266
289 6 251
293 6 242
294 6 275
295 6 249
296 6 252
298 6 219
299 6 255
302 6 240
308 6 248
311 6 242
316 6 253
317 6 266
324 6 250
325 6 243
328 6 249
329 6 246
330 6 243
336 6 245
340 6 223
342 6 206
343 6 218
344 6 221
345 6 239
346 6 243
350 6 233
353 6 242
355 6 245
357 6 225
358 6 216
359 6 234
360 6 226
362 6 232
363 6 248
365 6 244
366 6 230
372 6 230
375 6 252
381 6 256
384 6 213
385 6 226
387 6 247
388 6 233
391 6 253
395 6 229
402 6 237
403 6 251
407 6 257
411 6 196
412 6 212
414 6 232
415 6 245
417 6 214
421 6 230
422 6 214
426 6 207
429 6 221
435 6 208
436 6 205
440 6 236
442 6 225
443 6 242
445 6 202
447 6 218
449 6 225
453 6 248
456 6 240
460 6 213
464 6 227
465 6 200
466 6 202
478 6 222
479 6 205
480 6 212
483 6 189
488 6 224
490 6 208
492 6 209
498 6 227
500 6 201
503 6 216
504 6 195
509 6 209
511 6 197
512 6 201
513 6 203
516 6 209
525 6 197
528 6 211
532 6 221
533 6 207
535 6 215
539 6 199
543 6 203
544 6 182
550 6 205
551 6 187
556 6 222
559 6 219
561 6 193
562 6 218
563 6 196
566 6 188
568 6 225
571 6 207
573 6 182
574 6 218
577 6 170
580 6 221
586 6 192
592 6 182
594 6 199
595 6 215
600 6 202
602 6 183
608 6 205
610 6 176
611 6 184
612 6 181
616 6 206
617 6 170
618 6 167
622 6 192
625 6 184
629 6 182
632 6 198
633 6 194
635 6 176
636 6 191
644 6 187
646 6 178
652 6 167
656 6 162
661 6 169
664 6 175
671 6 172
672 6 164
678 6 178
681 6 158
684 6 186
688 6 165
690 6 198
692 6 171
693 6 151
694 6 165
697 6 194
700 6 176
702 6 179
704 6 194
705 6 168
708 6 174
713 6 168
716 6 184
717 6 151
724 6 166
733 6 164
734 6 173
737 6 171
738 6 151
739 6 184
741 6 140
742 6 168
745 6 175
748 6 164
754 6 146
758 6 183
760 6 185
763 6 144
766 6 174
767 6 174
768 6 169
769 6 167
777 6 182
778 6 181
787 6 187
789 6 153
790 6 176
791 6 148
795 6 166
797 6 171
802 6 166
810 6 164
811 6 162
812 6 147
813 6 191
815 6 149
818 6 136
819 6 165
826 6 159
827 6 155
831 6 149
832 6 152
839 6 173
843 6 175
848 6 161
859 6 145
864 6 134
870 6 149
871 6 151
872 6 164
877 6 153
879 6 142
883 6 166
889 6 148
890 6 168
891 6 165
892 6 161
900 6 154
902 6 148
904 6 164
906 6 149
909 6 122
910 6 159
912 6 146
915 6 149
916 6 148
917 6 144
919 6 152
920 6 132
922 6 137
931 6 153
939 6 139
940 6 140
944 6 150
945 6 139
949 6 162
952 6 136
955 6 131
956 6 135
959 6 137
962 6 137
968 6 147
971 6 147
973 6 137
975 6 128
977 6 139
980 6 149
981 6 146
984 6 134
985 6 137
987 6 135
990 6 139
997 6 139
1004 6 124
1006 6 124
1010 6 136
1012 6 135
1020 6 122
1021 6 130
1022 6 134
1025 6 126
1026 6 155
1032 6 134
1034 6 130
1038 6 148
1045 6 112
1047 6 128
1048 6 147
1056 6 111
1059 6 125
1064 6 123
1067 6 140
1075 6 119
1081 6 109
1084 6 137
1087 6 115
1093 6 128
1101 6 106
1109 6 114
1113 6 117
1118 6 125
1123 6 127
1129 6 122
1130 6 115
1139 6 117
1142 6 135
1149 6 120
1154 6 150
1155 6 106
1160 6 125
1164 6 126
1167 6 97
1168 6 100
1176 6 92
1183 6 102
1197 6 123
1198 6 108
1202 6 111
1206 6 113
1210 6 105
1213 6 104
1220 6 102
1222 6 105
1224 6 98
1226 6 102
1234 6 120
1238 6 97
1243 6 114
1248 6 94
1250 6 114
1256 6 98
1270 6 106
1272 6 93
1273 6 104
1277 6 103
1280 6 98
1287 6 109
1289 6 84
1294 6 108
1305 6 103
1321 6 100
1325 6 101
1336 6 121
1337 6 95
1342 6 111
1345 6 92
1355 6 106
1356 6 118
1368 6 88
1373 6 103
1392 6 102
1395 6 99
1396 6 88
1411 6 82
1423 6 77
1425 6 79
1435 6 84
1443 6 106
1445 6 93
1448 6 76
1452 6 89
1457 6 69
1469 6 61
1475 6 85
1480 6 89
1516 6 82
1517 6 79
1523 6 74
1524 6 58
1531 6 72
1532 6 85
1533 6 62
1537 6 77
1538 6 97
1541 6 55
1544 6 69
1546 6 92
1558 6 64
1560 6 63
1565 6 66
1567 6 70
1574 6 58
1583 6 64
1589 6 73
1593 6 71
1609 6 69
1618 6 74
1622 6 63
1634 6 62
1647 6 60
1653 6 62
1655 6 58
1659 6 59
1664 6 70
1668 6 64
1672 6 57
1673 6 64
1676 6 60
1685 6 58
1697 6 58
1699 6 56
1702 6 59
1703 6 49
1710 6 47
1736 6 61
1748 6 60
1750 6 53
1752 6 62
1753 6 48
1756 6 55
1760 6 57
1762 6 40
1772 6 53
1782 6 59
1787 6 42
1794 6 57
1799 6 41
1804 6 39
1816 6 45
1821 6 33
1826 6 37
1835 6 44
1839 6 53
1842 6 48
1853 6 54
1863 6 40
1872 6 45
1877 6 44
1888 6 43
1894 6 39
1899 6 37
1904 6 46
1905 6 36
1907 6 46
1909 6 45
1918 6 52
1922 6 39
1926 6 44
1930 6 49
1944 6 49
1956 6 31
1958 6 33
1962 6 32
1965 6 36
1976 6 42
1981 6 32
1982 6 36
1984 6 29
2001 6 40
2003 6 38
2007 6 33
2024 6 30
2032 6 29
2036 6 35
2077 6 26
2090 6 28
2091 6 26
2104 6 26
2111 6 23
2123 6 34
2126 6 36
2136 6 31
2137 6 20
2141 6 20
2160 6 22
2161 6 25
2167 6 12
2184 6 27
2185 6 34
2193 6 25
2198 6 31
2204 6 30
2215 6 26
2221 6 16
2227 6 14
2233 6 20
2236 6 26
2242 6 19
2254 6 18
2256 6 20
2260 6 19
2261 6 24
2263 6 18
2268 6 18
2271 6 21
2275 6 24
2287 6 13
2304 6 19
2313 6 15
2381 6 12
2386 6 17
2393 6 15
2396 6 15
2421 6 10
2425 6 7
2430 6 14
2432 6 15
2438 6 16
2445 6 6
2446 6 7
2451 6 11
2472 6 11
2476 6 12
2477 6 13
2481 6 12
2494 6 7
2506 6 9
2508 6 10
2510 6 7
2521 6 9
2535 6 9
2545 6 4
2547 6 5
2549 6 11
2555 6 10
2557 6 7
2558 6 12
2561 6 6
2572 6 5
2591 6 11
2600 6 11
2606 6 9
2608 6 8
2611 6 5
2623 6 6
2636 6 4
2640 6 4
2646 6 4
2650 6 3
2656 6 10
2669 6 2
2673 6 7
2684 6 9
2687 6 2
2698 6 7
2707 6 2
2710 6 3
2723 6 5
2752 6 1
2800 6 1
2806 6 2
2810 6 3
2811 6 2
2816 6 3
2818 6 4
2830 6 1
2833 6 2
2838 6 2
2842 6 3
2851 6 3
2864 6 2
2869 6 1
2883 6 1
2921 6 1
2930 6 2
2941 6 1
2943 6 1
2947 6 1
2948 6 1
2953 6 2
2959 6 1
2965 6 2
2980 6 1
2982 6 1
2983 6 1
2991 6 1
2999 6 1
4 7 275
6 7 297
7 7 279
9 7 301
11 7 287
16 7 287
17 7 259
18 7 281
22 7 280
23 7 293
25 7 286
26 7 319
27 7 327
29 7 303
30 7 301
32 7 269
33 7 293
35 7 313
42 7 296
44 7 305
45 7 280
47 7 303
48 7 288
49 7 285
52 7 301
53 7 283
57 7 278
59 7 306
64 7 287
66 7 296
68 7 290
71 7 303
72 7 271
73 7 287
74 7 293
75 7 279
76 7 259
77 7 282
78 7 304
81 7 284
83 7 284
86 7 301
90 7 277
93 7 294
98 7 264
100 7 273
101 7 260
103 7 263
106 7 268
107 7 279
108 7 289
110 7 278
111 7 292
112 7 269
114 7 272
116 7 284
124 7 271
125 7 287
126 7 253
128 7 298
131 7 248
132 7 280
135 7 268
138 7 290
140 7 286
141 7 305
145 7 266
146 7 281
148 7 257
154 7 259
155 7 248
156 7 281
157 7 251
164 7 231
165 7 258
166 7 256
170 7 259
172 7 268
182 7 253
185 7 281
186 7 243
193 7 248
194 7 289
195 7 260
196 7 264
198 7 222
199 7 273
200 7 261
203 7 281
206 7 252
207 7 272
208 7 247
209 7 238
210 7 239
211 7 255
215 7 254
216 7 270
220 7 256
223 7 232
224 7 275
227 7 273
229 7 264
232 7 268
233 7 262
236 7 273
238 7 258
239 7 267
243 7 252
247 7 244
248 7 226
249 7 244
250 7 270
252 7 250
256 7 256
257 7 236
264 7 250
267 7 257
270 7 247
272 7 251
273 7 236
274 7 231
275 7 255
276 7 221
277 7 238
278 7 236
279 7 245
281 7 235
289 7 252
295 7 243
296 7 256
297 7 224
299 7 241
300 7 244
302 7 224
303 7 261
304 7 253
305 7 243
306 7 244
307 7 240
308 7 226
309 7 258
311 7 239
312 7 259
328 7 236
329 7 249
330 7 232
333 7 245
334 7 242
335 7 248
338 7 239
339 7 245
340 7 258
348 7 254
351 7 230
352 7 264
355 7 225
362 7 234
363 7 217
364 7 212
365 7 227
369 7 250
372 7 229
374 7 222
379 7 225
385 7 231
386 7 221
387 7 234
390 7 212
391 7 221
393 7 232
397 7 248
398 7 208
406 7 218
411 7 215
425 7 213
426 7 220
432 7 219
435 7 233
437 7 207
438 7 220
441 7 212
445 7 204
446 7 206
448 7 247
450 7 241
451 7 230
457 7 203
463 7 197
466 7 206
469 7 254
472 7 226
473 7 216
475 7 237
478 7 228
483 7 196
485 7 213
487 7 200
489 7 214
492 7 178
493 7 215
495 7 200
500 7 203
503 7 209
504 7 222
507 7 219
512 7 197
514 7 207
519 7 218
524 7 214
525 7 192
526 7 216
531 7 211
532 7 209
535 7 185
536 7 189
537 7 202
538 7 204
544 7 225
545 7 223
548 7 200
550 7 207
551 7 199
552 7 198
553 7 196
557 7 219
559 7 201
563 7 224
565 7 210
566 7 195
570 7 191
575 7 214
576 7 194
579 7 202
580 7 199
584 7 197
589 7 179
590 7 194
593 7 196
596 7 188
604 7 203
606 7 185
609 7 195
610 7 158
613 7 194
616 7 180
621 7 194
628 7 199
629 7 188
631 7 195
634 7 180
635 7 209
636 7 200
640 7 192
646 7 208
651 7 167
661 7 185
673 7 193
675 7 195
677 7 190
679 7 163
683 7 152
685 7 178
686 7 177
688 7 172
694 7 182
697 7 166
698 7 191
701 7 204
702 7 182
705 7 171
706 7 179
716 7 190
718 7 172
719 7 190
724 7 191
727 7 172
728 7 171
729 7 157
735 7 183
737 7 171
743 7 146
748 7 171
749 7 173
753 7 203
754 7 178
755 7 173
756 7 158
757 7 198
761 7 177
768 7 179
769 7 159
778 7 167
779 7 164
785 7 159
787 7 151
790 7 158
791 7 170
792 7 170
797 7 150
800 7 181
801 7 169
806 7 159
822 7 155
828 7 156
829 7 158
830 7 172
842 7 163
843 7 158
844 7 172
852 7 141
853 7 171
858 7 166
861 7 163
863 7 140
868 7 163
869 7 163
872 7 153
873 7 151
875 7 171
879 7 137
881 7 157
882 7 148
884 7 143
887 7 160
888 7 151
894 7 145
897 7 132
904 7 146
906 7 158
908 7 176
909 7 162
914 7 164
921 7 158
922 7 141
924 7 152
925 7 131
926 7 132
929 7 130
941 7 134
950 7 130
951 7 127
953 7 159
957 7 152
964 7 122
965 7 134
967 7 158
974 7 126
980 7 145
984 7 156
991 7 132
992 7 133
999 7 141
1003 7 142
1005 7 133
1007 7 137
1010 7 123
1017 7 142
1023 7 133
1036 7 124
1039 7 135
1053 7 127
1056 7 114
1059 7 132
1062 7 127
1065 7 143
1067 7 121
1072 7 135
1080 7 125
1083 7 105
1091 7 125
1093 7 136
1094 7 120
1098 7 111
1099 7 116
1104 7 125
1110 7 119
1112 7 142
1119 7 102
1132 7 123
1135 7 132
1138 7 130
1143 7 99
1146 7 106
1150 7 131
1154 7 128
1160 7 126
1161 7 110
1174 7 114
1179 7 102
1180 7 138
1185 7 93
1187 7 109
1193 7 111
1196 7 98
1208 7 112
1212 7 112
1217 7 111
1219 7 99
1220 7 130
1221 7 109
1222 7 115
1232 7 92
1235 7 94
1240 7 101
1244 7 112
1253 7 101
1258 7 93
1259 7 104
1260 7 97
1261 7 97
1264 7 113
1267 7 92
1270 7 110
1280 7 107
1291 7 93
1302 7 107
1305 7 124
1309 7 92
1310 7 106
1313 7 111
1331 7 104
1333 7 104
1351 7 97
1364 7 86
1365 7 96
1368 7 86
1371 7 109
1372 7 107
1379 7 100
1387 7 98
1389 7 101
1393 7 90
1394 7 87
1400 7 78
1404 7 90
1407 7 96
1411 7 94
1416 7 88
1424 7 91
1426 7 96
1427 7 82
1430 7 87
1437 7 75
1442 7 108
1444 7 94
1447 7 77
1449 7 86
1451 7 90
1463 7 74
1484 7 85
1485 7 82
1488 7 76
1491 7 77
1492 7 67
1494 7 79
1499 7 70
1500 7 88
1501 7 77
1503 7 78
1506 7 70
1511 7 81
1513 7 70
1515 7 62
1516 7 76
1517 7 75
1525 7 65
1529 7 77
1531 7 74
1532 7 73
1535 7 73
1544 7 65
1549 7 68
1555 7 61
1558 7 67
1568 7 84
1569 7 69
1572 7 75
1573 7 72
1591 7 70
1600 7 60
1616 7 53
1619 7 69
1620 7 65
1621 7 82
1623 7 54
1627 7 68
1643 7 60
1644 7 51
1645 7 75
1650 7 47
1656 7 60
1658 7 63
1666 7 54
1678 7 51
1687 7 59
1692 7 53
1698 7 61
1706 7 67
1711 7 59
1712 7 56
1718 7 59
1723 7 50
1724 7 62
1727 7 63
1728 7 54
1729 7 44
1736 7 48
1741 7 63
1748 7 69
1760 7 55
1770 7 49
1771 7 47
1783 7 58
1789 7 47
1798 7 44
1799 7 39
1801 7 40
1802 7 58
1810 7 59
1812 7 59
1823 7 49
1827 7 45
1833 7 39
1838 7 42
1839 7 42
1856 7 42
1865 7 44
1867 7 33
1871 7 36
1877 7 40
1887 7 35
1894 7 43
1899 7 42
1911 7 46
1913 7 35
1914 7 50
1919 7 42
1925 7 33
1927 7 51
1936 7 41
1951 7 37
1956 7 45
1961 7 31
1964 7 35
1969 7 35
1985 7 35
1994 7 36
1998 7 44
2001 7 30
2003 7 35
2004 7 40
2012 7 37
2017 7 37
2028 7 36
2038 7 23
2044 7 31
2048 7 40
2049 7 22
2057 7 36
2058 7 31
2066 7 32
2079 7 26
2081 7 27
2096 7 30
2097 7 32
2099 7 22
2101 7 22
2105 7 30
2119 7 29
2128 7 25
2142 7 21
2144 7 16
2154 7 31
2156 7 34
2157 7 28
2160 7 27
2162 7 24
2169 7 20
2184 7 28
2186 7 26
2207 7 24
2253 7 20
2257 7 28
2258 7 23
2270 7 16
2282 7 17
2288 7 17
2293 7 16
2295 7 20
2324 7 16
2326 7 17
2338 7 12
2343 7 13
2383 7 17
2387 7 7
2402 7 17
2411 7 15
2420 7 14
2421 7 12
2428 7 11
2452 7 16
2471 7 7
2530 7 7
2535 7 6
2550 7 7
2551 7 11
2552 7 10
2567 7 4
2581 7 9
2582 7 6
2596 7 8
2600 7 5
2601 7 6
2607 7 6
2612 7 5
2613 7 5
2614 7 2
2623 7 5
2626 7 3
2627 7 7
2629 7 5
2634 7 6
2637 7 4
2640 7 9
2643 7 5
2651 7 7
2653 7 4
2664 7 8
2671 7 7
2680 7 4
2707 7 4
2711 7 5
2741 7 6
2750 7 4
2768 7 2
2769 7 5
2786 7 2
2794 7 1
2798 7 3
2809 7 4
2819 7 3
2832 7 2
2833 7 1
2843 7 3
2844 7 2
2853 7 3
2855 7 2
2856 7 4
2859 7 3
2864 7 1
2872 7 3
2899 7 2
2925 7 1
2927 7 2
2936 7 1
2944 7 1
2952 7 1
2956 7 1
2958 7 1
2968 7 1
2979 7 1
2980 7 1
2982 7 1
2989 7 1
2998 7 1
1 8 283
2 8 297
3 8 294
4 8 288
6 8 296
8 8 296
9 8 298
10 8 273
15 8 285
19 8 320
20 8 333
24 8 284
26 8 273
30 8 295
32 8 317
33 8 302
34 8 315
36 8 289
39 8 295
44 8 282
45 8 280
46 8 301
48 8 302
49 8 244
54 8 305
56 8 284
57 8 270
58 8 322
62 8 274
63 8 278
65 8 287
66 8 299
67 8 286
68 8 272
71 8 289
73 8 307
75 8 250
78 8 294
79 8 270
80 8 259
82 8 309
83 8 283
85 8 296
87 8 281
96 8 286
99 8 280
102 8 254
103 8 259
108 8 279
112 8 261
115 8 266
117 8 301
118 8 290
119 8 286
122 8 269
123 8 276
126 8 286
130 8 270
137 8 265
138 8 308
140 8 282
143 8 278
145 8 302
149 8 257
152 8 286
153 8 291
155 8 292
159 8 288
163 8 284
165 8 295
166 8 244
170 8 249
172 8 267
173 8 281
179 8 271
181 8 232
187 8 267
188 8 255
193 8 270
194 8 250
197 8 249
198 8 253
200 8 242
202 8 255
203 8 254
204 8 258
205 8 236
217 8 252
218 8 269
219 8 248
224 8 266
225 8 254
228 8 246
229 8 264
231 8 232
234 8 270
237 8 275
238 8 248
239 8 239
240 8 265
242 8 253
244 8 238
245 8 263
246 8 264
252 8 251
257 8 251
259 8 253
263 8 244
269 8 256
271 8 239
275 8 252
278 8 250
279 8 274
281 8 251
285 8 249
286 8 250
289 8 265
294 8 251
295 8 250
297 8 269
300 8 246
302 8 244
307 8 250
313 8 242
314 8 263
316 8 233
321 8 246
324 8 225
329 8 216
331 8 249
332 8 257
335 8 251
336 8 235
344 8 209
352 8 221
355 8 250
356 8 252
357 8 241
360 8 267
362 8 219
363 8 243
365 8 241
368 8 262
370 8 242
375 8 226
376 8 241
378 8 272
382 8 212
383 8 196
388 8 253
389 8 228
393 8 255
394 8 211
398 8 238
401 8 231
407 8 191
408 8 219
410 8 229
413 8 192
415 8 248
417 8 243
420 8 237
422 8 207
426 8 229
432 8 213
435 8 235
437 8 226
442 8 198
444 8 225
448 8 205
449 8 213
452 8 225
455 8 215
456 8 219
458 8 227
462 8 212
467 8 207
470 8 214
472 8 211
474 8 237
475 8 215
479 8 218
484 8 229
489 8 219
494 8 229
499 8 193
502 8 215
503 8 233
509 8 239
513 8 179
515 8 208
516 8 192
517 8 236
518 8 198
520 8 210
522 8 211
531 8 214
537 8 208
538 8 195
539 8 215
550 8 201
555 8 202
556 8 173
558 8 194
561 8 183
563 8 190
564 8 155
566 8 225
569 8 175
572 8 199
574 8 186
576 8 200
583 8 181
584 8 195
585 8 192
586 8 194
587 8 216
593 8 194
596 8 207
601 8 176
605 8 187
606 8 196
610 8 170
613 8 216
617 8 204
618 8 196
623 8 189
625 8 180
627 8 191
630 8 179
633 8 204
635 8 185
636 8 206
638 8 202
646 8 183
648 8 196
655 8 190
664 8 173
665 8 204
666 8 165
668 8 181
669 8 186
672 8 179
673 8 197
675 8 175
676 8 177
677 8 191
680 8 163
681 8 178
683 8 182
685 8 205
686 8 153
689 8 171
693 8 197
694 8 188
698 8 197
702 8 186
711 8 191
712 8 175
714 8 169
716 8 175
718 8 151
722 8 207
726 8 172
738 8 179
742 8 167
747 8 157
748 8 192
749 8 179
754 8 167
757 8 157
760 8 190
766 8 180
767 8 190
769 8 178
774 8 191
776 8 174
779 8 173
784 8 179
787 8 148
788 8 173
789 8 176
790 8 144
795 8 179
798 8 162
800 8 161
803 8 172
807 8 139
810 8 164
816 8 152
818 8 153
819 8 165
821 8 184
823 8 154
830 8 161
832 8 141
843 8 152
851 8 156
852 8 154
854 8 171
858 8 153
861 8 155
866 8 158
873 8 152
874 8 171
875 8 151
876 8 142
877 8 149
879 8 131
880 8 141
881 8 144
882 8 137
889 8 166
890 8 160
892 8 153
901 8 130
904 8 149
910 8 149
912 8 122
913 8 146
917 8 135
918 8 148
920 8 136
923 8 138
924 8 132
926 8 137
935 8 112
937 8 161
943 8 150
945 8 153
946 8 155
950 8 139
951 8 157
956 8 147
962 8 134
963 8 123
968 8 128
973 8 135
992 8 133
997 8 119
998 8 131
999 8 146
1000 8 144
1001 8 150
1002 8 120
1004 8 122
1009 8 138
1013 8 135
1016 8 129
1017 8 146
1018 8 122
1021 8 144
1022 8 161
1028 8 123
1030 8 139
1035 8 137
1037 8 128
1038 8 130
1041 8 142
1042 8 152
1043 8 127
1048 8 147
1052 8 118
1053 8 106
1060 8 142
1068 8 130
1071 8 125
1072 8 137
1082 8 105
1087 8 101
1091 8 115
1095 8 120
1104 8 119
1107 8 129
1109 8 119
1110 8 132
1114 8 126
1115 8 141
1116 8 147
1118 8 130
1123 8 117
1127 8 112
1136 8 129
1139 8 114
1140 8 110
1141 8 119
1143 8 111
1145 8 108
1146 8 116
1147 8 113
1156 8 136
1158 8 122
1159 8 117
1164 8 96
1165 8 112
1171 8 101
1172 8 108
1173 8 122
1174 8 106
1175 8 128
1176 8 119
1182 8 104
1184 8 141
1186 8 108
1188 8 123
1193 8 104
1194 8 100
1201 8 105
1205 8 124
1208 8 121
1213 8 104
1217 8 117
1223 8 94
1225 8 109
1231 8 99
1240 8 107
1241 8 93
1245 8 91
1251 8 97
1252 8 93
1253 8 89
1254 8 109
1255 8 113
1261 8 95
1264 8 106
1266 8 79
1268 8 97
1278 8 99
1280 8 102
1281 8 104
1293 8 101
1300 8 111
1303 8 93
1310 8 102
1312 8 84
1313 8 115
1315 8 100
1316 8 103
1323 8 86
1324 8 90
1326 8 95
1335 8 83
1339 8 105
1341 8 103
1347 8 83
1348 8 97
1350 8 93
1361 8 83
1367 8 101
1369 8 103
1372 8 79
1383 8 81
1386 8 93
1397 8 103
1398 8 93
1402 8 103
1404 8 94
1409 8 98
1426 8 91
1434 8 74
1436 8 80
1437 8 80
1438 8 86
1441 8 74
1442 8 74
1452 8 86
1454 8 80
1459 8 96
1464 8 84
1473 8 74
1474 8 72
1478 8 66
1483 8 75
1485 8 68
1493 8 76
1499 8 71
1503 8 80
1505 8 84
1507 8 96
1515 8 70
1516 8 69
1518 8 72
1532 8 67
1536 8 76
1537 8 63
1541 8 71
1544 8 71
1549 8 65
1556 8 66
1558 8 74
1570 8 66
1572 8 67
1573 8 58
1576 8 78
1583 8 72
1587 8 80
1595 8 70
1596 8 66
1598 8 47
1611 8 59
1622 8 53
1625 8 61
1630 8 69
1632 8 75
1650 8 57
1651 8 66
1652 8 84
1662 8 62
1667 8 50
1670 8 44
1682 8 48
1685 8 49
1693 8 65
1704 8 57
1709 8 55
1725 8 57
1732 8 53
1735 8 50
1738 8 39
1739 8 51
1747 8 55
1749 8 56
1761 8 60
1762 8 48
1766 8 65
1770 8 49
1773 8 48
1784 8 56
1785 8 54
1793 8 52
1812 8 52
1815 8 43
1816 8 64
1826 8 53
1830 8 46
1833 8 56
1839 8 52
1844 8 49
1849 8 57
1850 8 52
1854 8 48
1859 8 42
1861 8 50
1866 8 48
1869 8 40
1906 8 26
1907 8 46
1915 8 35
1920 8 42
1922 8 43
1930 8 55
1934 8 42
1935 8 39
1937 8 42
1938 8 28
1942 8 35
1960 8 28
1966 8 35
1976 8 34
1988 8 33
1989 8 34
1992 8 36
1998 8 38
2003 8 33
2008 8 29
2024 8 41
2025 8 30
2026 8 39
2027 8 35
2033 8 30
2034 8 26
2036 8 33
2048 8 41
2049 8 23
2056 8 23
2058 8 30
2062 8 24
2081 8 31
2083 8 28
2090 8 29
2101 8 28
2106 8 23
2113 8 29
2119 8 24
2131 8 25
2134 8 16
2136 8 29
2137 8 26
2157 8 22
2159 8 21
2161 8 32
2175 8 20
2180 8 28
2183 8 24
2196 8 22
2199 8 22
2206 8 22
2207 8 23
2215 8 7
2218 8 30
2220 8 23
2230 8 22
2232 8 18
2236 8 30
2244 8 23
2245 8 28
2249 8 21
2252 8 24
2259 8 18
2264 8 15
2272 8 19
2274 8 22
2277 8 18
2282 8 25
2285 8 16
2308 8 26
2313 8 19
2314 8 20
2316 8 17
2319 8 19
2335 8 9
2342 8 18
2347 8 18
2357 8 14
2360 8 16
2361 8 18
2364 8 11
2370 8 10
2381 8 12
2387 8 17
2389 8 14
2391 8 16
2404 8 11
2424 8 11
2433 8 11
2437 8 17
2445 8 14
2452 8 18
2458 8 10
2461 8 15
2478 8 10
2498 8 7
2520 8 11
2522 8 10
2526 8 9
2538 8 9
2548 8 10
2557 8 13
2562 8 10
2580 8 6
2586 8 13
2589 8 7
2610 8 8
2647 8 6
2649 8 3
2672 8 4
2682 8 4
2684 8 3
2687 8 4
2689 8 7
2713 8 3
2719 8 4
2723 8 5
2728 8 7
2731 8 3
2740 8 4
2745 8 5
2756 8 3
2757 8 2
2758 8 6
2761 8 3
2774 8 3
2776 8 3
2780 8 4
2798 8 2
2806 8 4
2808 8 6
2812 8 2
2815 8 1
2816 8 1
2819 8 2
2833 8 2
2835 8 1
2853 8 1
2857 8 1
2888 8 1
2891 8 2
2909 8 2
2938 8 2
2953 8 1
2988 8 1
2998 8 1
3 9 283
4 9 303
5 9 309
6 9 306
8 9 293
11 9 277
12 9 300
14 9 303
15 9 265
23 9 324
26 9 299
28 9 314
31 9 303
35 9 294
38 9 265
41 9 300
43 9 293
45 9 283
50 9 282
54 9 268
55 9 290
56 9 286
57 9 319
58 9 272
59 9 276
67 9 302
68 9 281
69 9 297
71 9 264
72 9 264
75 9 271
81 9 297
84 9 268
87 9 289
91 9 282
93 9 253
94 9 286
95 9 281
98 9 267
100 9 291
101 9 295
104 9 294
105 9 300
106 9 271
109 9 302
110 9 257
113 9 277
116 9 279
120 9 288
121 9 254
122 9 299
123 9 266
124 9 293
125 9 296
126 9 285
129 9 292
130 9 282
131 9 293
132 9 290
136 9 282
137 9 303
141 9 291
142 9 251
146 9 307
147 9 258
148 9 281
149 9 291
152 9 282
162 9 291
164 9 291
165 9 287
168 9 257
169 9 252
172 9 296
173 9 284
175 9 299
176 9 270
177 9 267
178 9 274
179 9 274
183 9 282
185 9 273
186 9 261
188 9 255
189 9 248
190 9 302
191 9 213
195 9 283
196 9 250
199 9 279
202 9 249
203 9 278
207 9 256
208 9 269
209 9 247
216 9 279
218 9 247
220 9 259
221 9 275
222 9 256
225 9 243
227 9 270
231 9 253
233 9 262
234 9 264
235 9 261
236 9 230
237 9 257
238 9 281
239 9 262
241 9 256
246 9 235
248 9 259
250 9 248
252 9 262
258 9 270
259 9 260
260 9 266
261 9 260
266 9 233
268 9 238
271 9 258
278 9 250
280 9 245
283 9 251
285 9 232
286 9 266
287 9 271
288 9 235
291 9 227
295 9 254
296 9 243
297 9 249
301 9 240
302 9 236
305 9 245
306 9 288
307 9 220
310 9 245
311 9 232
312 9 241
314 9 252
315 9 232
317 9 242
323 9 227
324 9 216
327 9 246
329 9 233
330 9 259
334 9 204
341 9 241
346 9 259
348 9 236
350 9 198
352 9 243
353 9 202
360 9 219
366 9 250
367 9 274
368 9 244
372 9 224
375 9 248
378 9 243
381 9 223
384 9 221
385 9 250
387 9 232
390 9 251
391 9 199
392 9 206
397 9 242
403 9 196
405 9 243
406 9 236
409 9 241
411 9 230
413 9 231
416 9 203
418 9 224
419 9 203
428 9 250
430 9 218
431 9 230
436 9 243
439 9 210
443 9 223
446 9 200
452 9 193
453 9 220
454 9 230
456 9 211
457 9 207
458 9 247
460 9 205
461 9 222
465 9 214
469 9 205
471 9 206
473 9 231
478 9 200
479 9 208
480 9 228
483 9 219
485 9 223
487 9 202
489 9 197
492 9 250
495 9 205
501 9 223
504 9 216
506 9 203
507 9 210
513 9 230
517 9 236
518 9 208
523 9 209
524 9 187
527 9 204
528 9 182
539 9 208
544 9 186
550 9 224
555 9 192
556 9 189
557 9 204
558 9 201
559 9 206
563 9 177
565 9 178
567 9 217
570 9 214
573 9 178
581 9 198
597 9 198
598 9 203
601 9 189
605 9 187
609 9 180
611 9 185
616 9 171
617 9 210
620 9 173
622 9 179
643 9 173
644 9 190
649 9 187
652 9 188
654 9 198
656 9 197
660 9 186
661 9 185
677 9 195
678 9 188
679 9 181
686 9 188
690 9 181
691 9 172
692 9 179
702 9 192
720 9 181
723 9 189
724 9 180
725 9 190
727 9 184
728 9 168
734 9 175
736 9 160
741 9 165
742 9 182
748 9 183
749 9 156
752 9 154
753 9 158
755 9 168
757 9 164
758 9 178
761 9 174
768 9 180
769 9 178
770 9 150
776 9 153
777 9 151
779 9 151
780 9 150
786 9 143
791 9 171
792 9 169
795 9 153
796 9 178
800 9 173
814 9 170
815 9 168
816 9 168
819 9 186
821 9 143
830 9 155
851 9 157
853 9 164
858 9 141
861 9 152
863 9 165
866 9 143
870 9 157
871 9 148
880 9 149
883 9 137
895 9 176
897 9 131
902 9 153
904 9 180
905 9 160
907 9 162
916 9 148
917 9 136
919 9 138
921 9 135
924 9 135
932 9 141
935 9 156
939 9 136
944 9 124
948 9 134
950 9 161
951 9 151
953 9 138
955 9 141
958 9 122
960 9 132
962 9 137
963 9 128
967 9 140
969 9 146
970 9 148
972 9 126
979 9 136
985 9 127
991 9 109
1001 9 119
1002 9 109
1004 9 137
1005 9 130
1009 9 130
1010 9 128
1013 9 133
1014 9 142
1016 9 128
1021 9 151
1022 9 153
1023 9 131
1026 9 142
1028 9 143
1033 9 137
1035 9 127
1040 9 121
1041 9 140
1043 9 125
1046 9 118
1051 9 123
1052 9 130
1053 9 115
1054 9 135
1055 9 140
1056 9 115
1059 9 132
1060 9 126
1062 9 133
1064 9 116
1076 9 121
1080 9 136
1082 9 125
1083 9 131
1088 9 123
1089 9 139
1096 9 133
1098 9 119
1099 9 122
1100 9 120
1105 9 100
1110 9 125
1114 9 123
1115 9 140
1116 9 120
1120 9 119
1121 9 119
1125 9 121
1126 9 124
1128 9 118
1129 9 111
1130 9 111
1131 9 122
1135 9 117
1142 9 122
1144 9 106
1146 9 120
1162 9 102
1165 9 93
1166 9 113
1167 9 120
1168 9 125
1177 9 117
1179 9 122
1184 9 101
1189 9 117
1190 9 128
1191 9 123
1193 9 123
1195 9 97
1200 9 101
1206 9 96
1209 9 99
1210 9 101
1211 9 114
1212 9 113
1215 9 117
1217 9 150
1220 9 114
1227 9 106
1228 9 111
1239 9 106
1243 9 88
1252 9 99
1254 9 98
1255 9 105
1272 9 98
1288 9 87
1302 9 92
1304 9 92
1316 9 88
1319 9 100
1336 9 87
1339 9 102
1342 9 106
1347 9 94
1350 9 82
1352 9 90
1360 9 92
1361 9 78
1367 9 110
1368 9 80
1369 9 90
1374 9 98
1375 9 92
1376 9 96
1385 9 83
1390 9 93
1393 9 96
1394 9 93
1396 9 84
1398 9 68
1402 9 91
1404 9 69
1408 9 78
1410 9 86
1417 9 86
1419 9 71
1424 9 84
1440 9 78
1450 9 94
1458 9 95
1463 9 81
1469 9 77
1471 9 73
1473 9 78
1476 9 99
1478 9 71
1484 9 69
1486 9 82
1492 9 86
1495 9 86
1497 9 77
1500 9 81
1503 9 78
1504 9 79
1507 9 84
1527 9 90
1528 9 78
1541 9 66
1546 9 73
1547 9 74
1548 9 79
1549 9 71
1551 9 76
1554 9 69
1555 9 63
1571 9 68
1572 9 63
1580 9 56
1598 9 89
1602 9 78
1603 9 58
1612 9 64
1614 9 69
1628 9 57
1634 9 84
1635 9 55
1636 9 71
1643 9 70
1651 9 62
1655 9 66
1660 9 66
1662 9 76
1666 9 68
1669 9 58
1670 9 70
1675 9 63
1678 9 52
1690 9 65
1703 9 64
1705 9 62
1707 9 58
1709 9 56
1719 9 61
1720 9 52
1731 9 52
1732 9 64
1744 9 50
1745 9 53
1753 9 53
1761 9 45
1781 9 52
1782 9 46
1784 9 52
1804 9 49
1815 9 47
1820 9 49
1825 9 65
1841 9 45
1845 9 45
1846 9 51
1850 9 60
1851 9 43
1882 9 51
1883 9 47
1888 9 46
1900 9 39
1907 9 47
1909 9 46
1917 9 41
1919 9 37
1926 9 37
1935 9 45
1937 9 40
1948 9 44
1952 9 43
1956 9 42
1958 9 42
1962 9 43
1969 9 32
1971 9 31
1985 9 32
1987 9 32
1998 9 38
2001 9 40
2002 9 29
2004 9 39
2006 9 33
2012 9 34
2019 9 22
2022 9 25
2031 9 30
2045 9 38
2057 9 36
2062 9 36
2068 9 29
2071 9 31
2080 9 29
2105 9 33
2108 9 27
2113 9 24
2125 9 28
2130 9 27
2147 9 40
2160 9 36
2173 9 25
2201 9 19
2203 9 26
2206 9 16
2214 9 24
2219 9 25
2222 9 29
2238 9 23
2249 9 18
2257 9 13
2261 9 24
2264 9 21
2271 9 17
2272 9 14
2273 9 21
2274 9 17
2275 9 15
2278 9 16
2286 9 22
2298 9 14
2307 9 13
2316 9 20
2320 9 14
2331 9 14
2334 9 25
2338 9 28
2339 9 20
2340 9 24
2345 9 18
2350 9 12
2361 9 12
2362 9 18
2367 9 15
2397 9 10
2404 9 16
2416 9 14
2419 9 11
2428 9 17
2448 9 11
2453 9 13
2466 9 12
2498 9 8
2499 9 8
2505 9 7
2512 9 11
2534 9 9
2548 9 6
2561 9 10
2568 9 12
2574 9 4
2635 9 10
2648 9 4
2668 9 3
2673 9 3
2676 9 5
2679 9 5
2680 9 2
2681 9 3
2683 9 3
2687 9 6
2691 9 2
2711 9 3
2720 9 3
2742 9 5
2749 9 3
2761 9 4
2794 9 1
2795 9 2
2797 9 2
2799 9 2
2823 9 2
2840 9 1
2872 9 2
2882 9 2
2892 9 1
2904 9 2
2914 9 1
2930 9 1
2936 9 2
2956 9 1
2962 9 1
2970 9 1
2971 9 1
8 10 302
12 10 267
13 10 301
16 10 300
19 10 283
21 10 303
24 10 286
25 10 294
27 10 330
29 10 318
30 10 273
32 10 282
34 10 269
35 10 283
38 10 272
42 10 279
43 10 271
44 10 308
47 10 313
50 10 278
51 10 289
55 10 298
59 10 272
64 10 293
65 10 303
67 10 256
68 10 282
83 10 295
87 10 256
88 10 293
90 10 278
92 10 265
93 10 240
94 10 257
95 10 250
96 10 279
97 10 288
98 10 263
101 10 283
103 10 287
106 10 270
107 10 272
108 10 283
111 10 294
112 10 288
113 10 295
116 10 302
117 10 266
118 10 268
119 10 262
123 10 244
124 10 283
126 10 276
130 10 269
131 10 305
132 10 267
133 10 253
134 10 291
135 10 290
136 10 283
137 10 254
138 10 267
145 10 247
146 10 301
147 10 280
149 10 267
151 10 262
154 10 303
158 10 273
162 10 278
164 10 275
166 10 255
169 10 252
171 10 280
172 10 271
177 10 252
182 10 240
187 10 238
189 10 248
194 10 258
198 10 294
203 10 245
206 10 279
208 10 249
209 10 264
210 10 257
218 10 271
219 10 270
221 10 268
223 10 279
224 10 302
226 10 242
227 10 267
228 10 281
231 10 241
232 10 273
236 10 249
241 10 247
243 10 257
244 10 242
246 10 261
248 10 273
250 10 259
252 10 275
254 10 231
255 10 255
259 10 246
260 10 251
264 10 258
266 10 236
267 10 230
270 10 268
271 10 242
272 10 246
280 10 238
281 10 229
282 10 241
283 10 258
288 10 246
290 10 225
293 10 242
294 10 252
295 10 266
296 10 233
297 10 236
298 10 251
299 10 244
306 10 245
310 10 244
311 10 265
317 10 208
319 10 228
321 10 227
328 10 252
329 10 271
331 10 274
333 10 201
334 10 257
335 10 211
336 10 248
339 10 222
341 10 259
343 10 225
344 10 250
347 10 266
349 10 256
355 10 251
357 10 220
362 10 246
364 10 225
367 10 253
368 10 228
370 10 269
371 10 247
374 10 213
379 10 232
382 10 236
384 10 211
386 10 266
389 10 230
390 10 192
392 10 225
395 10 225
397 10 221
399 10 210
400 10 214
404 10 214
406 10 218
407 10 186
410 10 241
413 10 226
414 10 231
417 10 232
418 10 251
420 10 244
421 10 230
423 10 247
424 10 237
425 10 192
427 10 203
429 10 223
431 10 196
435 10 214
443 10 220
444 10 215
447 10 208
455 10 217
456 10 235
457 10 185
458 10 222
463 10 224
464 10 197
468 10 236
473 10 213
475 10 204
479 10 194
481 10 231
483 10 219
491 10 236
492 10 220
497 10 207
501 10 214
502 10 198
503 10 211
506 10 207
508 10 207
510 10 218
511 10 209
514 10 203
515 10 214
517 10 191
520 10 205
522 10 213
528 10 200
530 10 202
531 10 198
538 10 181
546 10 215
547 10 207
548 10 177
552 10 194
556 10 186
560 10 203
562 10 200
563 10 192
567 10 191
569 10 188
570 10 185
573 10 216
575 10 195
576 10 166
577 10 180
582 10 212
583 10 196
585 10 206
599 10 211
602 10 208
605 10 186
606 10 213
610 10 170
612 10 207
617 10 179
618 10 195
620 10 199
621 10 193
623 10 191
625 10 166
627 10 181
630 10 190
631 10 178
634 10 170
635 10 198
638 10 183
641 10 203
645 10 175
646 10 187
650 10 202
651 10 196
661 10 197
666 10 191
667 10 169
668 10 167
669 10 167
672 10 174
675 10 201
683 10 218
685 10 168
691 10 169
696 10 169
702 10 186
705 10 187
710 10 175
711 10 163
713 10 183
721 10 185
722 10 185
726 10 172
730 10 166
731 10 169
738 10 178
740 10 179
743 10 187
748 10 178
751 10 151
756 10 159
758 10 158
763 10 166
767 10 176
778 10 169
780 10 176
785 10 167
787 10 159
791 10 174
798 10 173
800 10 165
801 10 153
809 10 170
812 10 151
818 10 158
819 10 156
821 10 172
822 10 163
823 10 166
830 10 168
831 10 154
834 10 157
839 10 148
840 10 169
842 10 143
843 10 167
850 10 156
852 10 144
856 10 135
860 10 153
865 10 142
869 10 142
872 10 143
874 10 148
878 10 151
884 10 155
887 10 154
890 10 153
894 10 161
895 10 142
897 10 146
898 10 134
899 10 156
902 10 159
904 10 154
907 10 162
909 10 135
923 10 145
924 10 124
926 10 133
930 10 139
932 10 146
934 10 138
937 10 138
940 10 128
944 10 132
947 10 154
953 10 137
954 10 158
959 10 137
965 10 153
969 10 152
975 10 137
976 10 164
978 10 142
979 10 123
983 10 142
985 10 154
990 10 151
994 10 113
999 10 136
1001 10 149
1002 10 125
1008 10 123
1009 10 119
1010 10 129
1016 10 141
1017 10 139
1018 10 142
1022 10 136
1024 10 144
1034 10 130
1045 10 118
1053 10 130
1054 10 94
1059 10 150
1061 10 140
1062 10 120
1066 10 128
1074 10 126
1077 10 114
1078 10 123
1080 10 92
1081 10 121
1082 10 140
1083 10 129
1089 10 122
1099 10 116
1102 10 118
1110 10 141
1115 10 123
1118 10 119
1121 10 120
1122 10 133
1127 10 135
1134 10 162
1143 10 124
1150 10 119
1152 10 116
1158 10 125
1159 10 129
1165 10 113
1172 10 122
1173 10 130
1177 10 112
1181 10 136
1182 10 112
1187 10 123
1188 10 107
1190 10 111
1196 10 94
1200 10 119
1207 10 92
1208 10 116
1224 10 128
1234 10 94
1240 10 104
1248 10 102
1256 10 106
1259 10 104
1260 10 98
1263 10 92
1266 10 94
1277 10 96
1278 10 87
1284 10 92
1285 10 101
1286 10 93
1300 10 92
1301 10 96
1303 10 94
1304 10 72
1305 10 104
1307 10 99
1309 10 88
1311 10 103
1318 10 95
1322 10 93
1325 10 108
1326 10 98
1328 10 95
1335 10 100
1336 10 85
1338 10 105
1359 10 93
1368 10 86
1369 10 105
1375 10 106
1380 10 85
1383 10 83
1387 10 88
1389 10 70
1391 10 84
1393 10 86
1394 10 96
1401 10 63
1406 10 100
1408 10 88
1414 10 82
1423 10 87
1428 10 94
1430 10 72
1431 10 92
1432 10 89
1439 10 90
1444 10 62
1446 10 89
1448 10 93
1457 10 98
1459 10 95
1461 10 78
1462 10 93
1464 10 61
1470 10 83
1475 10 74
1488 10 51
1499 10 69
1502 10 73
1505 10 88
1512 10 71
1515 10 86
1519 10 84
1523 10 88
1525 10 90
1530 10 95
1534 10 83
1539 10 71
1540 10 87
1546 10 72
1547 10 84
1548 10 70
1551 10 69
1552 10 78
1553 10 68
1559 10 68
1565 10 83
1573 10 83
1578 10 75
1580 10 68
1585 10 60
1586 10 67
1587 10 79
1589 10 56
1591 10 61
1605 10 71
1611 10 75
1614 10 61
1616 10 58
1621 10 65
1623 10 78
1624 10 56
1638 10 51
1639 10 67
1640 10 52
1645 10 56
1655 10 67
1664 10 58
1675 10 59
1681 10 51
1687 10 55
1690 10 49
1694 10 68
1709 10 60
1720 10 69
1729 10 58
1732 10 58
1736 10 58
1738 10 71
1745 10 50
1748 10 66
1749 10 54
1772 10 52
1776 10 49
1781 10 44
1793 10 43
1794 10 48
1799 10 51
1803 10 62
1815 10 63
1828 10 51
1833 10 63
1835 10 33
1838 10 57
1842 10 59
1848 10 32
1851 10 52
1852 10 31
1857 10 36
1869 10 56
1874 10 49
1891 10 49
1893 10 44
1909 10 40
1917 10 45
1922 10 35
1930 10 45
1954 10 39
1958 10 35
1959 10 37
1968 10 42
1971 10 33
1979 10 30
1981 10 34
1992 10 31
2003 10 32
2019 10 39
2026 10 27
2031 10 28
2034 10 34
2038 10 27
2048 10 43
2056 10 33
2059 10 30
2072 10 31
2085 10 37
2094 10 34
2106 10 28
2110 10 16
2124 10 30
2132 10 29
2137 10 24
2140 10 19
2142 10 23
2146 10 29
2147 10 23
2151 10 17
2152 10 21
2174 10 27
2179 10 30
2181 10 31
2191 10 22
2192 10 30
2211 10 26
2214 10 23
2215 10 24
2217 10 14
2226 10 23
2252 10 15
2260 10 22
2265 10 21
2271 10 20
2275 10 18
2283 10 28
2304 10 13
2315 10 20
2319 10 16
2350 10 13
2363 10 12
2370 10 22
2384 10 17
2410 10 12
2423 10 12
2426 10 9
2434 10 18
2448 10 11
2450 10 16
2461 10 7
2462 10 13
2464 10 14
2465 10 9
2473 10 9
2480 10 13
2482 10 10
2485 10 5
2496 10 11
2501 10 11
2503 10 8
2504 10 15
2527 10 8
2528 10 9
2536 10 6
2537 10 8
2539 10 10
2540 10 11
2549 10 6
2568 10 13
2570 10 5
2573 10 12
2574 10 5
2577 10 6
2585 10 7
2588 10 5
2589 10 7
2596 10 7
2601 10 10
2608 10 6
2649 10 8
2665 10 2
2674 10 7
2681 10 9
2683 10 7
2685 10 8
2687 10 9
2690 10 6
2695 10 4
2704 10 7
2717 10 3
2729 10 2
2731 10 5
2734 10 4
2736 10 3
2754 10 3
2779 10 1
2785 10 2
2789 10 7
2790 10 4
2808 10 3
2811 10 2
2812 10 2
2813 10 1
2814 10 2
2820 10 4
2823 10 2
2848 10 2
2859 10 3
2866 10 3
2867 10 2
2875 10 1
2877 10 2
2888 10 2
2890 10 3
2901 10 2
2906 10 2
2908 10 1
2923 10 1
2929 10 1
2952 10 1
2967 10 1
2968 10 1
2974 10 1
2976 10 1
2995 10 1
1 11 295
2 11 324
3 11 283
4 11 321
5 11 299
8 11 295
10 11 271
15 11 329
19 11 294
20 11 301
21 11 317
25 11 300
28 11 299
29 11 256
31 11 308
34 11 303
36 11 308
37 11 311
41 11 291
42 11 302
47 11 299
51 11 283
52 11 284
56 11 304
57 11 269
63 11 316
64 11 313
65 11 265
69 11 314
71 11 277
73 11 292
75 11 255
76 11 289
77 11 295
80 11 311
82 11 292
87 11 252
91 11 319
92 11 287
96 11 278
97 11 266
98 11 301
99 11 273
100 11 292
101 11 269
103 11 288
106 11 279
107 11 281
110 11 279
112 11 298
113 11 276
114 11 285
115 11 280
117 11 264
121 11 299
124 11 256
126 11 283
129 11 271
131 11 269
132 11 302
133 11 275
138 11 284
139 11 263
141 11 279
145 11 291
147 11 247
149 11 259
151 11 276
153 11 273
154 11 256
158 11 254
160 11 314
164 11 288
166 11 239
169 11 265
172 11 274
175 11 269
176 11 247
187 11 272
189 11 280
193 11 268
199 11 276
205 11 232
206 11 265
208 11 241
210 11 250
211 11 263
219 11 278
220 11 240
221 11 261
222 11 275
223 11 257
227 11 263
229 11 251
234 11 242
235 11 266
239 11 272
241 11 260
246 11 246
248 11 252
249 11 260
250 11 246
253 11 252
261 11 254
266 11 233
268 11 259
271 11 245
274 11 260
276 11 240
282 11 246
284 11 252
287 11 266
292 11 235
298 11 267
299 11 274
303 11 230
304 11 258
305 11 235
310 11 218
313 11 246
316 11 239
317 11 265
320 11 240
321 11 234
324 11 243
327 11 228
328 11 250
329 11 242
330 11 222
332 11 243
333 11 262
335 11 258
341 11 259
342 11 221
344 11 230
348 11 242
352 11 226
353 11 246
356 11 265
357 11 203
360 11 252
366 11 223
367 11 223
368 11 207
373 11 240
374 11 237
375 11 259
377 11 250
379 11 216
382 11 233
383 11 222
387 11 214
389 11 224
393 11 246
396 11 236
401 11 216
406 11 215
407 11 235
408 11 224
411 11 199
412 11 205
414 11 230
420 11 235
421 11 216
426 11 208
428 11 243
429 11 218
430 11 227
431 11 207
433 11 201
435 11 255
436 11 231
440 11 227
443 11 232
447 11 235
454 11 242
455 11 231
456 11 211
458 11 207
462 11 223
463 11 201
464 11 236
466 11 231
468 11 223
470 11 202
471 11 201
475 11 212
478 11 219
481 11 211
482 11 215
485 11 212
486 11 214
489 11 192
491 11 210
492 11 187
495 11 201
499 11 230
502 11 214
503 11 209
504 11 221
511 11 231
512 11 191
513 11 207
515 11 224
516 11 210
517 11 206
520 11 224
522 11 197
525 11 203
528 11 218
534 11 200
535 11 197
537 11 196
538 11 188
541 11 212
544 11 191
556 11 204
558 11 200
559 11 226
560 11 208
563 11 211
564 11 194
565 11 230
570 11 205
571 11 174
572 11 205
576 11 207
580 11 173
582 11 228
583 11 205
589 11 182
592 11 176
593 11 171
594 11 189
595 11 188
597 11 199
598 11 214
609 11 205
613 11 188
617 11 196
630 11 194
635 11 186
637 11 189
639 11 174
641 11 199
644 11 197
645 11 223
647 11 192
660 11 188
661 11 192
663 11 204
667 11 156
670 11 188
677 11 177
678 11 206
682 11 199
684 11 160
688 11 182
691 11 191
694 11 191
695 11 194
698 11 170
702 11 173
705 11 184
706 11 173
707 11 193
711 11 164
716 11 171
718 11 173
721 11 174
722 11 177
724 11 181
725 11 194
726 11 193
732 11 168
733 11 187
736 11 150
738 11 192
741 11 172
745 11 160
748 11 160
752 11 172
754 11 183
756 11 174
758 11 163
760 11 166
763 11 165
766 11 160
768 11 176
773 11 152
778 11 178
787 11 138
788 11 150
792 11 164
794 11 168
795 11 154
796 11 141
797 11 135
802 11 159
803 11 184
805 11 187
807 11 164
809 11 168
810 11 177
812 11 166
813 11 157
815 11 160
818 11 161
827 11 165
830 11 147
836 11 171
837 11 159
838 11 189
840 11 182
855 11 160
857 11 148
866 11 167
867 11 149
869 11 155
871 11 149
876 11 152
877 11 145
878 11 156
880 11 158
882 11 137
887 11 153
888 11 148
897 11 155
898 11 136
912 11 153
913 11 145
914 11 152
916 11 127
920 11 150
921 11 166
924 11 149
929 11 160
930 11 150
931 11 122
939 11 148
940 11 136
944 11 157
946 11 149
954 11 135
956 11 121
957 11 143
961 11 144
962 11 136
968 11 127
971 11 135
972 11 132
977 11 150
988 11 131
991 11 132
993 11 132
999 11 147
1000 11 130
1006 11 144
1007 11 144
1010 11 144
1016 11 152
1022 11 130
1028 11 115
1031 11 125
1033 11 114
1035 11 134
1037 11 127
1039 11 121
1044 11 134
1045 11 121
1051 11 127
1054 11 124
1056 11 134
1060 11 136
1062 11 145
1067 11 115
1071 11 111
1081 11 126
1082 11 122
1087 11 105
1089 11 102
1090 11 117
1097 11 109
1101 11 125
1112 11 114
1113 11 112
1115 11 113
1128 11 130
1129 11 116
1135 11 122
1142 11 111
1144 11 106
1161 11 117
1163 11 113
1168 11 112
1184 11 110
1193 11 126
1197 11 103
1206 11 95
1208 11 119
1217 11 107
1218 11 134
1222 11 104
1227 11 106
1229 11 98
1232 11 112
1233 11 108
1235 11 91
1239 11 115
1240 11 107
1245 11 107
1251 11 111
1252 11 97
1254 11 112
1255 11 101
1266 11 118
1268 11 110
1272 11 99
1276 11 88
1279 11 96
1282 11 79
1283 11 85
1289 11 115
1296 11 94
1301 11 103
1303 11 99
1317 11 91
1320 11 97
1325 11 103
1330 11 81
1334 11 71
1344 11 100
1346 11 93
1351 11 92
1354 11 93
1355 11 89
1362 11 107
1363 11 98
1366 11 76
1368 11 82
1369 11 102
1371 11 90
1377 11 86
1378 11 96
1380 11 86
1381 11 88
1382 11 88
1383 11 93
1385 11 100
1388 11 94
1390 11 81
1391 11 89
1400 11 94
1406 11 95
1412 11 88
1423 11 69
1426 11 80
1436 11 75
1446 11 73
1448 11 90
1449 11 82
1451 11 66
1462 11 79
1463 11 97
1469 11 73
1475 11 82
1499 11 71
1507 11 66
1511 11 66
1517 11 78
1518 11 81
1528 11 80
1540 11 60
1545 11 68
1547 11 75
1553 11 76
1557 11 70
1565 11 75
1572 11 61
1579 11 64
1583 11 73
1588 11 66
1590 11 73
1595 11 68
1607 11 75
1608 11 67
1612 11 55
1613 11 79
1616 11 62
1620 11 76
1631 11 70
1633 11 66
1635 11 58
1636 11 61
1639 11 62
1641 11 59
1642 11 63
1643 11 68
1644 11 56
1647 11 58
1650 11 61
1651 11 56
1661 11 70
1663 11 66
1664 11 57
1677 11 56
1678 11 49
1679 11 60
1685 11 49
1693 11 70
1697 11 55
1702 11 55
1705 11 52
1707 11 52
1708 11 62
1711 11 68
1715 11 48
1718 11 50
1719 11 70
1723 11 52
1725 11 51
1733 11 60
1740 11 55
1751 11 36
1757 11 44
1760 11 54
1767 11 52
1785 11 38
1815 11 56
1827 11 37
1832 11 46
1837 11 42
1838 11 49
1840 11 51
1841 11 45
1845 11 43
1847 11 49
1854 11 43
1856 11 36
1865 11 39
1879 11 36
1881 11 58
1885 11 48
1889 11 35
1895 11 37
1902 11 30
1903 11 49
1910 11 39
1948 11 44
1957 11 37
1964 11 44
1978 11 47
1991 11 37
2003 11 43
2009 11 36
2012 11 39
2017 11 42
2025 11 41
2033 11 35
2040 11 33
2046 11 25
2056 11 33
2066 11 28
2067 11 23
2076 11 32
2084 11 26
2086 11 30
2099 11 30
2104 11 30
2109 11 39
2127 11 25
2143 11 33
2149 11 26
2152 11 21
2156 11 27
2167 11 26
2169 11 28
2173 11 18
2176 11 25
2183 11 27
2193 11 23
2210 11 20
2213 11 32
2219 11 26
2244 11 26
2250 11 30
2255 11 22
2264 11 22
2274 11 12
2285 11 31
2297 11 26
2318 11 16
2340 11 13
2369 11 18
2377 11 15
2382 11 15
2391 11 15
2415 11 18
2416 11 10
2426 11 13
2435 11 11
2436 11 14
2449 11 12
2472 11 11
2477 11 9
2485 11 12
2487 11 11
2488 11 7
2492 11 5
2493 11 8
2501 11 12
2514 11 8
2527 11 12
2535 11 6
2547 11 8
2551 11 11
2552 11 9
2566 11 4
2567 11 9
2581 11 6
2597 11 7
2602 11 6
2607 11 11
2609 11 4
2612 11 6
2615 11 6
2624 11 5
2645 11 3
2648 11 6
2674 11 7
2697 11 4
2700 11 4
2701 11 2
2704 11 3
2707 11 2
2708 11 3
2723 11 1
2736 11 5
2744 11 2
2747 11 1
2748 11 7
2754 11 3
2755 11 2
2772 11 6
2773 11 4
2781 11 5
2786 11 3
2790 11 2
2814 11 1
2818 11 2
2820 11 1
2825 11 1
2828 11 2
2832 11 2
2853 11 2
2855 11 2
2869 11 1
2872 11 3
2875 11 1
2877 11 2
2887 11 5
2896 11 1
2911 11 2
2923 11 1
2924 11 1
2926 11 1
2935 11 1
2940 11 1
2943 11 1
2944 11 1
2956 11 1
2976 11 1
2977 11 2
2980 11 1
2985 11 1
2988 11 1
2990 11 1
2995 11 1
2997 11 1
4 12 329
6 12 323
11 12 295
12 12 311
13 12 302
16 12 347
22 12 306
24 12 312
27 12 338
29 12 290
30 12 259
33 12 278
39 12 260
40 12 293
41 12 279
42 12 281
43 12 319
45 12 274
46 12 281
54 12 263
55 12 294
56 12 302
58 12 300
59 12 309
61 12 278
62 12 293
64 12 287
65 12 262
66 12 275
68 12 301
72 12 295
77 12 282
80 12 288
83 12 261
84 12 301
89 12 291
91 12 274
92 12 264
93 12 305
95 12 276
96 12 270
97 12 278
98 12 267
102 12 289
103 12 275
105 12 262
106 12 301
108 12 268
109 12 307
110 12 282
111 12 261
115 12 263
117 12 264
120 12 328
121 12 284
123 12 263
126 12 281
127 12 281
135 12 278
136 12 263
137 12 274
138 12 259
143 12 248
144 12 283
145 12 290
146 12 264
149 12 269
150 12 277
154 12 288
156 12 300
157 12 245
159 12 274
162 12 265
163 12 253
164 12 264
166 12 256
174 12 242
180 12 283
190 12 286
191 12 275
194 12 282
200 12 260
201 12 271
202 12 235
203 12 264
206 12 257
210 12 255
211 12 236
212 12 220
214 12 279
216 12 297
220 12 252
223 12 273
224 12 243
229 12 233
230 12 243
232 12 280
233 12 239
236 12 243
239 12 233
240 12 264
241 12 271
242 12 282
246 12 235
251 12 263
252 12 261
254 12 269
255 12 263
258 12 235
263 12 250
264 12 254
265 12 271
272 12 243
273 12 237
278 12 272
279 12 256
281 12 238
282 12 288
283 12 267
284 12 262
288 12 248
289 12 253
292 12 273
293 12 267
295 12 264
296 12 253
297 12 250
304 12 265
308 12 247
309 12 259
314 12 243
315 12 219
316 12 249
317 12 250
325 12 219
327 12 214
329 12 240
333 12 231
336 12 217
338 12 196
339 12 230
340 12 250
343 12 256
349 12 235
352 12 261
353 12 226
355 12 220
357 12 239
362 12 245
363 12 246
364 12 238
365 12 213
370 12 215
371 12 234
374 12 226
375 12 234
377 12 239
380 12 235
388 12 233
394 12 230
395 12 254
396 12 221
398 12 215
402 12 232
404 12 232
410 12 234
412 12 217
413 12 204
415 12 227
417 12 226
419 12 207
421 12 247
424 12 215
432 12 221
435 12 225
436 12 230
437 12 245
439 12 211
440 12 202
441 12 226
442 12 203
448 12 226
453 12 214
457 12 205
460 12 209
461 12 199
463 12 223
465 12 210
472 12 220
473 12 215
475 12 211
479 12 207
481 12 210
483 12 206
484 12 209
485 12 218
487 12 195
489 12 240
499 12 199
505 12 211
506 12 207
512 12 207
513 12 217
515 12 203
517 12 203
520 12 220
523 12 191
526 12 211
529 12 218
533 12 165
537 12 179
538 12 189
540 12 197
542 12 187
545 12 189
546 12 182
551 12 203
552 12 190
553 12 192
555 12 226
560 12 215
561 12 194
562 12 184
568 12 203
570 12 210
571 12 207
577 12 181
579 12 171
584 12 205
585 12 195
586 12 200
589 12 213
590 12 202
594 12 198
596 12 194
598 12 191
600 12 178
602 12 192
606 12 206
610 12 181
611 12 192
613 12 194
615 12 206
616 12 163
617 12 195
618 12 191
621 12 204
626 12 210
627 12 191
628 12 199
631 12 173
633 12 176
637 12 164
640 12 190
643 12 193
646 12 160
655 12 192
656 12 188
658 12 182
662 12 184
663 12 169
666 12 180
667 12 184
669 12 194
671 12 172
673 12 179
676 12 195
679 12 205
681 12 193
682 12 166
684 12 185
685 12 151
686 12 165
687 12 210
689 12 183
695 12 216
696 12 155
700 12 173
701 12 176
704 12 177
714 12 159
726 12 177
727 12 159
731 12 165
734 12 187
737 12 162
742 12 148
744 12 174
750 12 204
754 12 169
755 12 171
759 12 143
760 12 185
763 12 167
765 12 181
767 12 169
768 12 161
769 12 162
770 12 160
771 12 176
772 12 173
774 12 169
775 12 168
780 12 159
796 12 159
802 12 153
806 12 171
808 12 155
811 12 153
817 12 143
818 12 155
820 12 174
821 12 149
824 12 149
827 12 139
831 12 163
839 12 171
841 12 168
850 12 161
852 12 164
856 12 154
857 12 143
860 12 165
864 12 146
865 12 171
866 12 143
867 12 162
869 12 175
872 12 142
874 12 181
875 12 139
876 12 182
879 12 148
880 12 161
882 12 151
885 12 192
889 12 157
900 12 157
902 12 145
903 12 138
904 12 140
905 12 167
906 12 141
907 12 145
908 12 151
910 12 148
911 12 127
918 12 138
921 12 137
933 12 146
936 12 179
938 12 141
939 12 148
941 12 163
944 12 139
951 12 155
955 12 155
957 12 147
972 12 140
977 12 134
982 12 153
984 12 114
987 12 142
988 12 157
989 12 140
994 12 117
995 12 148
998 12 138
1000 12 128
1003 12 143
1006 12 137
1014 12 122
1018 12 111
1019 12 148
1020 12 124
1022 12 123
1023 12 124
1026 12 103
1031 12 107
1043 12 128
1048 12 144
1051 12 127
1056 12 127
1060 12 104
1061 12 129
1067 12 136
1074 12 104
1077 12 125
1080 12 109
1085 12 130
1090 12 144
1092 12 111
1096 12 127
1097 12 131
1105 12 108
1106 12 129
1108 12 103
1112 12 118
1115 12 128
1122 12 129
1127 12 113
1130 12 126
1131 12 102
1133 12 116
1137 12 141
1141 12 104
1144 12 103
1148 12 111
1157 12 105
1160 12 100
1168 12 103
1169 12 122
1177 12 107
1178 12 95
1184 12 130
1194 12 116
1195 12 87
1197 12 120
1199 12 97
1201 12 110
1202 12 123
1204 12 115
1205 12 123
1208 12 105
1212 12 98
1213 12 112
1217 12 110
1223 12 105
1224 12 105
1227 12 120
1239 12 100
1241 12 110
1246 12 95
1248 12 123
1251 12 110
1253 12 98
1266 12 104
1272 12 100
1275 12 102
1280 12 118
1294 12 102
1295 12 78
1300 12 95
1301 12 96
1302 12 86
1303 12 100
1313 12 119
1319 12 80
1326 12 98
1334 12 97
1335 12 96
1336 12 78
1343 12 97
1344 12 85
1348 12 101
1354 12 78
1374 12 95
1375 12 93
1379 12 90
1390 12 88
1398 12 76
1399 12 98
1402 12 89
1407 12 80
1408 12 87
1412 12 80
1414 12 90
1423 12 92
1439 12 85
1449 12 71
1452 12 89
1456 12 83
1468 12 69
1470 12 86
1479 12 83
1487 12 53
1493 12 78
1494 12 82
1496 12 68
1497 12 65
1499 12 70
1507 12 64
1514 12 67
1515 12 69
1517 12 77
1518 12 89
1521 12 81
1523 12 66
1528 12 86
1529 12 88
1533 12 69
1542 12 87
1544 12 77
1546 12 72
1547 12 74
1548 12 68
1551 12 74
1554 12 83
1561 12 68
1567 12 85
1572 12 68
1574 12 65
1575 12 55
1579 12 61
1589 12 58
1616 12 70
1619 12 62
1640 12 57
1642 12 63
1646 12 52
1648 12 51
1650 12 64
1659 12 65
1662 12 56
1666 12 62
1667 12 64
1679 12 69
1689 12 58
1696 12 69
1699 12 52
1707 12 53
1710 12 52
1736 12 50
1740 12 47
1742 12 60
1750 12 55
1768 12 55
1770 12 49
1771 12 48
1779 12 51
1785 12 53
1786 12 49
1789 12 44
1798 12 41
1802 12 36
1805 12 43
1808 12 55
1812 12 46
1814 12 54
1831 12 38
1833 12 40
1837 12 45
1840 12 37
1842 12 46
1849 12 41
1878 12 51
1882 12 43
1884 12 46
1892 12 39
1895 12 59
1897 12 35
1902 12 46
1907 12 40
1910 12 58
1913 12 47
1915 12 45
1927 12 42
1928 12 41
1930 12 40
1932 12 31
1933 12 45
1943 12 41
1949 12 35
1951 12 40
1952 12 35
1955 12 27
1958 12 32
1961 12 32
1968 12 46
1975 12 36
1987 12 36
1989 12 35
2009 12 36
2010 12 39
2013 12 42
2016 12 31
2017 12 30
2024 12 35
2028 12 40
2035 12 33
2042 12 33
2045 12 39
2056 12 37
2060 12 26
2069 12 27
2074 12 32
2080 12 32
2097 12 30
2103 12 29
2116 12 33
2118 12 25
2120 12 32
2137 12 18
2145 12 21
2162 12 17
2187 12 26
2188 12 34
2206 12 26
2214 12 24
2215 12 28
2219 12 16
2227 12 22
2236 12 23
2249 12 21
2262 12 19
2264 12 22
2274 12 22
2302 12 24
2308 12 12
2325 12 13
2330 12 17
2331 12 20
2339 12 19
2352 12 12
2359 12 15
2376 12 13
2385 12 10
2404 12 12
2411 12 9
2415 12 12
2435 12 11
2446 12 14
2447 12 11
2464 12 12
2472 12 8
2475 12 10
2485 12 9
2494 12 10
2518 12 7
2519 12 9
2523 12 9
2526 12 9
2538 12 6
2539 12 11
2546 12 6
2560 12 8
2564 12 14
2573 12 11
2575 12 5
2577 12 7
2581 12 6
2591 12 5
2592 12 5
2599 12 6
2610 12 8
2612 12 9
2636 12 5
2646 12 4
2648 12 8
2650 12 3
2666 12 4
2669 12 3
2677 12 4
2692 12 5
2706 12 5
2710 12 2
2719 12 6
2722 12 3
2732 12 3
2735 12 3
2737 12 4
2744 12 5
2745 12 4
2759 12 3
2763 12 3
2774 12 1
2777 12 3
2780 12 2
2790 12 6
2793 12 2
2795 12 3
2800 12 1
2811 12 3
2817 12 1
2826 12 1
2842 12 2
2853 12 2
2870 12 2
2880 12 2
2890 12 1
2894 12 2
2897 12 1
2898 12 2
2901 12 2
2910 12 1
2914 12 2
2916 12 1
2934 12 1
2943 12 1
2957 12 1
2964 12 2
2969 12 1
2985 12 1
2989 12 1
2992 12 1
5 13 286
8 13 281
9 13 271
12 13 280
13 13 275
15 13 274
16 13 272
17 13 260
18 13 316
19 13 309
21 13 260
25 13 274
26 13 316
27 13 278
29 13 284
37 13 254
40 13 292
41 13 290
42 13 299
47 13 322
48 13 266
51 13 284
54 13 292
57 13 308
60 13 249
61 13 303
64 13 328
65 13 328
66 13 286
69 13 298
70 13 308
72 13 251
78 13 285
79 13 265
80 13 283
81 13 271
82 13 278
91 13 310
96 13 252
97 13 272
98 13 321
99 13 277
100 13 283
101 13 309
103 13 271
106 13 274
110 13 282
117 13 288
121 13 275
122 13 268
124 13 289
125 13 257
127 13 254
132 13 291
133 13 255
135 13 268
136 13 256
138 13 286
140 13 266
143 13 266
147 13 291
148 13 296
149 13 284
151 13 291
156 13 271
159 13 273
163 13 292
164 13 249
166 13 256
170 13 265
175 13 262
176 13 290
177 13 253
180 13 262
181 13 232
182 13 280
183 13 265
185 13 257
189 13 252
190 13 253
191 13 278
193 13 249
197 13 236
200 13 267
202 13 288
204 13 255
205 13 288
207 13 269
208 13 266
209 13 260
211 13 271
214 13 257
215 13 270
216 13 252
217 13 242
218 13 261
219 13 266
220 13 244
224 13 274
230 13 261
233 13 283
235 13 262
236 13 257
238 13 255
240 13 227
246 13 243
252 13 243
253 13 270
255 13 230
257 13 262
258 13 255
260 13 281
263 13 249
264 13 258
266 13 251
270 13 259
272 13 249
274 13 249
277 13 231
280 13 230
281 13 258
282 13 235
285 13 242
288 13 286
290 13 267
292 13 242
295 13 225
296 13 244
298 13 243
300 13 229
305 13 238
306 13 243
307 13 245
311 13 234
312 13 266
313 13 242
319 13 228
322 13 216
324 13 234
325 13 255
328 13 230
332 13 228
337 13 212
338 13 228
341 13 218
343 13 267
347 13 233
350 13 219
354 13 230
361 13 261
364 13 235
367 13 250
369 13 244
378 13 219
381 13 204
383 13 232
384 13 235
387 13 229
388 13 228
389 13 220
390 13 233
391 13 206
392 13 202
394 13 235
395 13 248
396 13 246
397 13 250
399 13 250
400 13 201
401 13 216
404 13 210
409 13 246
410 13 221
411 13 204
418 13 223
421 13 236
423 13 216
428 13 223
430 13 228
431 13 227
435 13 217
440 13 224
442 13 242
443 13 223
454 13 232
456 13 211
457 13 206
460 13 221
464 13 232
467 13 201
468 13 207
471 13 223
478 13 194
482 13 213
488 13 204
489 13 209
490 13 229
491 13 201
492 13 230
493 13 222
495 13 216
498 13 210
503 13 222
504 13 192
507 13 199
509 13 189
515 13 225
516 13 198
518 13 210
520 13 203
522 13 206
528 13 209
532 13 200
535 13 188
537 13 207
538 13 189
540 13 199
543 13 213
553 13 200
561 13 213
564 13 188
566 13 186
573 13 247
575 13 194
577 13 197
581 13 224
586 13 182
593 13 179
594 13 195
598 13 203
599 13 221
600 13 197
604 13 185
606 13 188
607 13 194
612 13 182
618 13 219
619 13 187
620 13 165
630 13 180
631 13 171
632 13 180
634 13 172
639 13 197
640 13 201
641 13 175
642 13 195
648 13 194
655 13 189
656 13 192
658 13 172
659 13 187
662 13 163
665 13 203
667 13 178
668 13 183
672 13 178
681 13 183
687 13 170
688 13 198
689 13 162
691 13 170
694 13 210
697 13 171
699 13 180
707 13 194
708 13 168
711 13 166
715 13 161
717 13 174
721 13 170
726 13 174
727 13 181
728 13 180
731 13 166
738 13 173
740 13 169
741 13 151
743 13 176
751 13 188
759 13 162
767 13 152
770 13 163
772 13 163
774 13 162
777 13 173
784 13 167
786 13 151
787 13 180
790 13 145
797 13 178
798 13 165
803 13 169
805 13 164
807 13 157
808 13 154
810 13 148
812 13 160
815 13 169
818 13 160
822 13 160
823 13 153
824 13 138
825 13 154
827 13 150
836 13 154
837 13 142
838 13 155
844 13 172
846 13 180
848 13 161
852 13 138
853 13 128
861 13 158
865 13 159
870 13 148
871 13 161
874 13 149
878 13 187
881 13 139
883 13 145
884 13 149
892 13 145
894 13 155
905 13 121
908 13 160
913 13 163
914 13 159
915 13 149
917 13 138
923 13 168
925 13 146
926 13 141
927 13 139
932 13 109
933 13 145
937 13 141
943 13 156
950 13 136
959 13 109
961 13 128
967 13 156
969 13 151
977 13 135
978 13 140
979 13 136
982 13 136
988 13 162
989 13 137
990 13 145
991 13 113
994 13 143
1008 13 133
1024 13 138
1025 13 140
1029 13 139
1031 13 124
1035 13 139
1041 13 137
1048 13 148
1050 13 127
1051 13 145
1060 13 134
1063 13 130
1067 13 132
1068 13 122
1074 13 126
1076 13 131
1079 13 153
1096 13 113
1097 13 124
1098 13 116
1104 13 137
1113 13 113
1114 13 140
1118 13 116
1119 13 114
1122 13 107
1125 13 115
1127 13 108
1133 13 112
1144 13 118
1146 13 123
1147 13 106
1150 13 114
1151 13 126
1153 13 135
1156 13 112
1160 13 129
1166 13 111
1172 13 115
1173 13 121
1196 13 133
1199 13 108
1202 13 106
1204 13 118
1207 13 103
1208 13 108
1209 13 94
1221 13 92
1223 13 117
1231 13 93
1236 13 103
1238 13 129
1246 13 103
1253 13 104
1262 13 101
1265 13 116
1267 13 105
1277 13 90
1287 13 107
1290 13 79
1312 13 91
1314 13 91
1328 13 89
1334 13 107
1349 13 101
1356 13 101
1360 13 101
1362 13 102
1367 13 78
1369 13 100
1372 13 99
1376 13 96
1378 13 93
1381 13 75
1382 13 73
1393 13 87
1398 13 104
1401 13 89
1402 13 104
1403 13 90
1410 13 101
1411 13 98
1422 13 78
1436 13 88
1439 13 82
1440 13 90
1448 13 70
1455 13 83
1457 13 83
1458 13 77
1462 13 74
1463 13 78
1468 13 88
1471 13 86
1475 13 66
1478 13 86
1486 13 83
1489 13 95
1492 13 69
1496 13 75
1500 13 83
1505 13 85
1507 13 86
1508 13 70
1511 13 87
1516 13 78
1517 13 64
1525 13 66
1530 13 71
1531 13 62
1538 13 65
1563 13 74
1570 13 68
1572 13 70
1574 13 73
1576 13 77
1582 13 65
1588 13 75
1593 13 77
1599 13 83
1609 13 75
1616 13 67
1618 13 67
1620 13 67
1626 13 57
1627 13 61
1628 13 61
1629 13 65
1634 13 59
1635 13 67
1636 13 61
1637 13 60
1640 13 67
1661 13 66
1665 13 53
1666 13 61
1683 13 56
1708 13 61
1709 13 51
1714 13 65
1715 13 52
1719 13 60
1735 13 59
1741 13 63
1742 13 65
1760 13 55
1762 13 46
1786 13 52
1791 13 60
1799 13 59
1803 13 41
1805 13 44
1812 13 50
1815 13 55
1816 13 45
1824 13 46
1835 13 50
1838 13 46
1839 13 44
1840 13 40
1842 13 63
1855 13 55
1859 13 36
1867 13 41
1882 13 60
1895 13 37
1910 13 39
1917 13 38
1919 13 43
1921 13 46
1927 13 39
1928 13 47
1935 13 28
1943 13 41
1951 13 32
1954 13 35
1955 13 42
1956 13 43
1957 13 40
1975 13 35
1983 13 39
1991 13 32
1995 13 38
2004 13 38
2005 13 20
2011 13 37
2029 13 35
2032 13 32
2037 13 38
2052 13 38
2060 13 34
2061 13 33
2081 13 35
2084 13 30
2095 13 25
2098 13 29
2108 13 19
2109 13 26
2114 13 29
2130 13 28
2132 13 33
2140 13 23
2143 13 34
2184 13 22
2198 13 30
2199 13 19
2210 13 20
2211 13 28
2230 13 24
2240 13 20
2245 13 24
2251 13 18
2254 13 23
2259 13 23
2270 13 17
2276 13 23
2277 13 19
2300 13 21
2307 13 18
2308 13 22
2313 13 12
2328 13 12
2342 13 22
2351 13 23
2353 13 12
2354 13 13
2358 13 23
2359 13 13
2361 13 24
2364 13 22
2366 13 9
2380 13 12
2405 13 8
2418 13 12
2425 13 9
2431 13 13
2432 13 7
2434 13 18
2435 13 15
2436 13 15
2443 13 16
2449 13 13
2452 13 7
2457 13 8
2459 13 11
2463 13 11
2464 13 15
2465 13 11
2466 13 11
2474 13 7
2484 13 12
2490 13 8
2504 13 9
2508 13 8
2515 13 9
2516 13 9
2526 13 8
2532 13 5
2533 13 10
2539 13 17
2544 13 4
2547 13 7
2556 13 7
2570 13 8
2574 13 8
2580 13 8
2589 13 10
2597 13 4
2606 13 4
2624 13 4
2625 13 5
2632 13 5
2644 13 9
2646 13 5
2658 13 5
2666 13 5
2668 13 4
2680 13 4
2683 13 4
2686 13 4
2692 13 5
2737 13 5
2745 13 8
2758 13 2
2770 13 4
2773 13 3
2791 13 2
2794 13 2
2800 13 3
2801 13 2
2819 13 2
2820 13 1
2822 13 2
2829 13 1
2835 13 2
2850 13 2
2857 13 1
2862 13 2
2865 13 2
2869 13 1
2873 13 2
2886 13 2
2911 13 1
2918 13 3
2933 13 1
2934 13 1
2936 13 1
2955 13 1
2962 13 2
2971 13 1
2974 13 1
2999 13 1
0 14 291
2 14 313
9 14 308
11 14 291
15 14 287
17 14 297
19 14 363
21 14 269
23 14 305
25 14 285
26 14 302
27 14 287
29 14 288
32 14 284
34 14 322
40 14 304
44 14 315
46 14 273
47 14 297
48 14 306
50 14 290
52 14 285
53 14 325
57 14 300
58 14 299
60 14 295
61 14 311
62 14 295
64 14 288
65 14 313
69 14 307
70 14 287
71 14 265
73 14 282
74 14 324
77 14 284
78 14 268
79 14 273
81 14 282
82 14 270
83 14 296
84 14 269
86 14 304
88 14 311
89 14 286
90 14 270
91 14 279
97 14 301
105 14 288
107 14 271
108 14 272
111 14 307
113 14 280
118 14 287
120 14 289
123 14 258
124 14 259
125 14 248
129 14 269
130 14 288
131 14 296
132 14 265
133 14 259
134 14 253
136 14 300
137 14 292
138 14 243
142 14 296
143 14 300
144 14 253
146 14 284
147 14 255
150 14 264
151 14 255
153 14 289
157 14 273
162 14 291
163 14 278
168 14 255
172 14 236
173 14 292
176 14 282
177 14 265
179 14 272
181 14 257
183 14 266
188 14 282
190 14 253
194 14 272
198 14 280
200 14 253
201 14 261
204 14 260
205 14 240
209 14 254
210 14 271
214 14 263
215 14 243
219 14 264
221 14 251
234 14 235
236 14 248
237 14 281
238 14 242
241 14 262
243 14 234
244 14 239
250 14 263
253 14 251
261 14 255
262 14 222
263 14 246
265 14 237
267 14 256
270 14 229
272 14 253
274 14 249
275 14 224
278 14 236
279 14 226
280 14 241
285 14 260
286 14 260
291 14 255
294 14 258
296 14 292
297 14 254
298 14 239
301 14 244
302 14 250
305 14 218
307 14 229
317 14 247
319 14 271
322 14 243
325 14 257
326 14 235
327 14 241
330 14 248
331 14 249
332 14 232
336 14 218
338 14 249
339 14 231
342 14 230
343 14 237
345 14 222
347 14 235
351 14 228
353 14 241
357 14 260
360 14 221
361 14 236
363 14 222
366 14 221
367 14 245
370 14 201
373 14 244
376 14 225
378 14 225
381 14 228
383 14 246
386 14 249
391 14 236
392 14 233
393 14 238
395 14 245
397 14 237
398 14 209
401 14 238
407 14 229
408 14 226
413 14 200
414 14 201
417 14 234
418 14 247
421 14 225
424 14 232
436 14 227
439 14 210
440 14 240
441 14 210
443 14 222
447 14 215
449 14 215
453 14 217
457 14 196
461 14 205
462 14 222
470 14 203
473 14 226
474 14 191
478 14 227
480 14 210
482 14 221
484 14 213
487 14 219
491 14 207
492 14 221
495 14 213
496 14 220
497 14 229
498 14 229
502 14 228
506 14 183
510 14 211
512 14 198
517 14 221
520 14 209
521 14 186
522 14 207
526 14 214
530 14 223
531 14 199
535 14 194
537 14 201
543 14 205
546 14 211
547 14 209
558 14 194
563 14 195
568 14 208
569 14 186
571 14 203
575 14 171
576 14 199
579 14 208
581 14 191
584 14 180
591 14 203
592 14 189
606 14 197
607 14 212
615 14 205
620 14 209
629 14 215
632 14 219
639 14 191
641 14 170
642 14 192
646 14 191
649 14 203
652 14 196
653 14 194
658 14 180
663 14 174
665 14 168
667 14 182
673 14 166
680 14 176
681 14 176
684 14 194
690 14 191
692 14 162
695 14 177
698 14 184
700 14 183
702 14 180
707 14 200
715 14 170
717 14 157
718 14 175
722 14 195
723 14 172
725 14 189
727 14 147
728 14 171
729 14 181
731 14 170
732 14 171
738 14 169
742 14 169
744 14 181
751 14 184
755 14 160
756 14 199
758 14 143
765 14 160
766 14 174
769 14 162
772 14 143
773 14 167
778 14 171
780 14 153
785 14 198
795 14 166
796 14 161
799 14 172
805 14 169
806 14 173
807 14 147
809 14 172
815 14 152
817 14 177
823 14 156
826 14 182
829 14 167
830 14 173
831 14 175
835 14 166
836 14 169
839 14 142
841 14 157
842 14 170
843 14 148
845 14 171
846 14 162
847 14 164
850 14 155
852 14 135
857 14 134
858 14 150
859 14 157
861 14 157
876 14 130
879 14 152
885 14 143
889 14 148
893 14 154
894 14 141
902 14 131
906 14 161
916 14 144
920 14 137
926 14 149
927 14 161
932 14 128
940 14 142
942 14 134
943 14 134
946 14 133
949 14 143
950 14 146
956 14 119
959 14 123
962 14 118
965 14 150
966 14 131
970 14 131
971 14 130
979 14 149
985 14 124
990 14 136
991 14 147
998 14 136
1000 14 153
1002 14 116
1008 14 130
1021 14 130
1024 14 128
1028 14 129
1030 14 130
1032 14 121
1035 14 132
1044 14 132
1045 14 148
1052 14 144
1057 14 116
1058 14 106
1060 14 133
1061 14 137
1063 14 122
1074 14 121
1078 14 144
1081 14 127
1082 14 117
1094 14 140
1095 14 137
1097 14 110
1098 14 110
1100 14 118
1103 14 118
1110 14 91
1111 14 112
1112 14 114
1114 14 144
1133 14 132
1135 14 110
1139 14 115
1140 14 116
1144 14 109
1145 14 111
1146 14 111
1147 14 107
1152 14 129
1153 14 136
1154 14 119
1158 14 122
1160 14 115
1161 14 126
1162 14 118
1163 14 126
1169 14 144
1171 14 122
1177 14 119
1185 14 130
1187 14 100
1189 14 107
1192 14 107
1193 14 98
1194 14 116
1197 14 104
1200 14 103
1201 14 114
1204 14 118
1207 14 105
1211 14 96
1212 14 101
1214 14 106
1218 14 114
1220 14 112
1225 14 131
1228 14 115
1240 14 95
1251 14 133
1257 14 102
1260 14 124
1262 14 94
1270 14 96
1278 14 133
1286 14 127
1289 14 100
1298 14 95
1299 14 91
1301 14 97
1308 14 88
1314 14 80
1316 14 113
1323 14 109
1324 14 87
1326 14 81
1334 14 89
1336 14 89
1337 14 94
1338 14 98
1339 14 69
1348 14 101
1351 14 101
1356 14 107
1357 14 105
1360 14 77
1362 14 95
1364 14 94
1380 14 73
1382 14 73
1385 14 73
1393 14 80
1395 14 94
1396 14 90
1399 14 103
1400 14 78
1404 14 93
1405 14 85
1414 14 101
1417 14 75
1420 14 94
1421 14 86
1424 14 100
1430 14 81
1434 14 107
1436 14 69
1443 14 85
1444 14 86
1445 14 87
1448 14 75
1450 14 89
1459 14 98
1465 14 91
1467 14 94
1472 14 91
1475 14 99
1479 14 74
1485 14 66
1489 14 86
1493 14 84
1495 14 75
1502 14 78
1515 14 63
1520 14 69
1529 14 61
1530 14 74
1546 14 74
1547 14 79
1548 14 79
1550 14 72
1552 14 75
1554 14 78
1555 14 66
1556 14 69
1565 14 55
1570 14 88
1581 14 72
1589 14 61
1590 14 63
1592 14 60
1597 14 75
1598 14 56
1601 14 70
1603 14 69
1607 14 63
1612 14 59
1619 14 72
1622 14 69
1623 14 59
1627 14 60
1643 14 61
1648 14 59
1666 14 67
1668 14 54
1676 14 46
1679 14 54
1682 14 58
1684 14 54
1685 14 53
1701 14 50
1711 14 56
1718 14 51
1724 14 62
1751 14 50
1759 14 51
1766 14 53
1769 14 57
1774 14 56
1777 14 48
1800 14 54
1802 14 60
1813 14 57
1818 14 53
1825 14 39
1827 14 49
1838 14 46
1841 14 42
1846 14 43
1866 14 53
1867 14 52
1874 14 43
1879 14 33
1881 14 37
1884 14 50
1888 14 29
1890 14 54
1891 14 37
1893 14 37
1894 14 40
1895 14 46
1897 14 48
1903 14 43
1910 14 29
1911 14 54
1914 14 51
1918 14 40
1924 14 46
1926 14 36
1929 14 50
1936 14 41
1938 14 37
1956 14 32
1961 14 36
1966 14 40
1968 14 29
1982 14 39
1991 14 38
1996 14 29
1999 14 35
2007 14 49
2011 14 33
2015 14 28
2017 14 38
2019 14 32
2020 14 27
2025 14 29
2030 14 32
2031 14 33
2033 14 37
2036 14 30
2042 14 34
2050 14 35
2054 14 35
2067 14 38
2068 14 32
2071 14 30
2076 14 39
2087 14 34
2103 14 27
2108 14 31
2118 14 36
2125 14 39
2141 14 28
2142 14 22
2146 14 27
2151 14 24
2152 14 25
2153 14 35
2155 14 26
2162 14 21
2166 14 24
2176 14 22
2179 14 32
2188 14 19
2212 14 27
2216 14 25
2226 14 20
2228 14 17
2237 14 19
2244 14 25
2252 14 28
2253 14 24
2261 14 18
2264 14 23
2274 14 21
2291 14 20
2297 14 14
2304 14 17
2324 14 16
2325 14 18
2338 14 10
2348 14 21
2383 14 13
2390 14 17
2392 14 9
2395 14 24
2403 14 11
2407 14 10
2419 14 13
2426 14 12
2427 14 16
2431 14 7
2446 14 9
2447 14 10
2462 14 15
2463 14 10
2464 14 7
2489 14 8
2503 14 12
2525 14 6
2529 14 4
2534 14 10
2536 14 11
2556 14 14
2559 14 8
2560 14 9
2569 14 9
2571 14 11
2572 14 9
2605 14 11
2608 14 6
2610 14 8
2627 14 12
2655 14 3
2656 14 3
2657 14 5
2658 14 5
2671 14 6
2675 14 6
2678 14 5
2681 14 5
2687 14 4
2689 14 7
2693 14 6
2694 14 7
2695 14 5
2699 14 7
2707 14 8
2718 14 2
2724 14 4
2725 14 4
2726 14 4
2727 14 4
2731 14 4
2761 14 2
2765 14 3
2769 14 3
2772 14 1
2789 14 5
2824 14 2
2830 14 3
2839 14 3
2848 14 2
2858 14 1
2863 14 1
2869 14 2
2883 14 2
2890 14 1
2901 14 1
2903 14 1
2907 14 2
2920 14 2
2926 14 2
2936 14 2
2938 14 2
2944 14 2
2945 14 1
2955 14 1
2976 14 2
2979 14 1
2993 14 1
2994 14 1
2996 14 1
2999 14 1
0 15 297
3 15 310
4 15 342
5 15 301
6 15 293
13 15 307
17 15 330
20 15 325
22 15 311
27 15 286
30 15 327
31 15 309
34 15 312
40 15 325
43 15 276
44 15 305
45 15 275
48 15 265
49 15 316
50 15 289
53 15 265
55 15 287
58 15 275
59 15 315
60 15 263
61 15 276
63 15 316
65 15 322
67 15 258
68 15 289
70 15 283
75 15 264
78 15 292
79 15 288
80 15 304
81 15 270
82 15 299
83 15 269
85 15 323
87 15 288
89 15 271
90 15 285
91 15 291
92 15 281
94 15 290
96 15 301
97 15 302
98 15 296
102 15 306
104 15 267
108 15 302
109 15 289
117 15 304
119 15 295
121 15 289
122 15 315
124 15 298
125 15 314
129 15 266
131 15 275
132 15 291
133 15 251
134 15 266
145 15 265
150 15 279
152 15 260
157 15 259
162 15 284
163 15 275
164 15 277
166 15 286
170 15 253
175 15 258
177 15 233
179 15 258
181 15 256
183 15 303
184 15 274
185 15 252
187 15 261
189 15 241
191 15 250
197 15 242
201 15 259
203 15 261
205 15 230
207 15 257
208 15 264
209 15 295
210 15 268
217 15 252
221 15 284
224 15 268
225 15 256
232 15 256
235 15 291
236 15 234
239 15 248
247 15 256
249 15 266
250 15 227
254 15 260
258 15 254
259 15 232
263 15 277
265 15 278
267 15 238
269 15 264
270 15 259
273 15 257
274 15 261
275 15 236
277 15 255
278 15 235
279 15 263
280 15 255
283 15 225
284 15 239
290 15 244
291 15 243
292 15 267
299 15 238
300 15 238
301 15 251
303 15 219
308 15 253
310 15 261
313 15 241
314 15 237
316 15 232
317 15 231
322 15 270
323 15 274
324 15 244
325 15 228
327 15 246
329 15 256
332 15 246
334 15 265
342 15 257
343 15 235
344 15 248
345 15 206
346 15 249
349 15 220
351 15 247
361 15 213
362 15 244
365 15 222
373 15 218
375 15 214
376 15 238
383 15 225
384 15 224
385 15 226
386 15 242
387 15 216
391 15 202
393 15 230
395 15 219
398 15 216
399 15 225
400 15 233
401 15 233
403 15 210
404 15 244
405 15 211
407 15 224
409 15 226
410 15 202
413 15 241
414 15 233
418 15 218
419 15 202
423 15 213
430 15 201
435 15 201
444 15 225
445 15 224
450 15 228
452 15 210
458 15 207
460 15 221
461 15 217
465 15 227
467 15 228
468 15 210
469 15 229
472 15 221
474 15 209
483 15 224
488 15 234
490 15 217
491 15 216
494 15 219
498 15 198
502 15 210
514 15 185
518 15 196
519 15 178
527 15 201
531 15 209
536 15 225
539 15 198
545 15 196
546 15 176
547 15 186
553 15 194
554 15 205
555 15 228
560 15 194
569 15 210
571 15 212
577 15 194
579 15 181
581 15 217
582 15 191
586 15 185
587 15 207
589 15 193
593 15 201
598 15 223
601 15 206
602 15 195
605 15 184
606 15 178
607 15 188
608 15 204
609 15 202
610 15 182
611 15 196
615 15 181
616 15 202
617 15 170
619 15 187
623 15 184
625 15 212
632 15 168
634 15 214
637 15 183
640 15 193
641 15 211
643 15 190
650 15 181
651 15 171
654 15 201
663 15 184
669 15 174
670 15 156
679 15 174
683 15 182
686 15 152
688 15 173
690 15 158
692 15 175
695 15 193
699 15 177
700 15 179
705 15 176
708 15 181
711 15 210
712 15 172
713 15 190
719 15 177
722 15 192
724 15 190
725 15 198
734 15 169
735 15 179
737 15 181
738 15 185
741 15 169
743 15 202
746 15 136
747 15 161
751 15 174
757 15 175
759 15 169
760 15 137
771 15 182
772 15 165
773 15 157
774 15 180
777 15 153
780 15 143
782 15 152
784 15 170
787 15 151
793 15 172
796 15 158
802 15 173
806 15 154
807 15 161
809 15 159
812 15 153
819 15 172
820 15 148
823 15 160
825 15 173
827 15 161
829 15 159
830 15 169
831 15 160
832 15 154
834 15 147
839 15 144
846 15 156
848 15 159
849 15 159
851 15 148
855 15 141
857 15 168
866 15 153
867 15 166
868 15 139
874 15 160
876 15 143
877 15 147
883 15 149
890 15 155
897 15 135
903 15 154
915 15 126
918 15 158
920 15 150
922 15 141
924 15 134
926 15 135
932 15 155
933 15 145
947 15 144
948 15 129
950 15 136
954 15 129
957 15 139
958 15 163
966 15 130
967 15 130
973 15 128
976 15 152
981 15 165
985 15 138
996 15 130
997 15 161
1002 15 114
1005 15 145
1006 15 135
1015 15 126
1018 15 130
1021 15 117
1022 15 108
1026 15 142
1030 15 114
1031 15 132
1033 15 132
1037 15 126
1040 15 136
1043 15 132
1050 15 93
1054 15 129
1058 15 133
1061 15 133
1063 15 119
1064 15 141
1067 15 125
1069 15 132
1071 15 111
1072 15 115
1083 15 124
1088 15 124
1093 15 120
1100 15 124
1101 15 115
1103 15 121
1104 15 109
1109 15 132
1119 15 118
1125 15 121
1128 15 108
1129 15 119
1131 15 115
1132 15 109
1136 15 121
1144 15 116
1146 15 119
1147 15 134
1151 15 127
1152 15 104
1157 15 120
1159 15 108
1160 15 105
1165 15 130
1168 15 104
1170 15 104
1175 15 115
1178 15 128
1181 15 108
1187 15 104
1195 15 104
1198 15 101
1200 15 131
1201 15 104
1207 15 117
1212 15 118
1217 15 100
1228 15 99
1235 15 111
1237 15 89
1239 15 122
1240 15 112
1243 15 92
1246 15 107
1250 15 110
1261 15 127
1264 15 104
1268 15 80
1275 15 105
1277 15 107
1283 15 89
1287 15 106
1289 15 93
1291 15 85
1292 15 106
1309 15 81
1313 15 89
1320 15 98
1321 15 103
1322 15 94
1328 15 94
1329 15 92
1333 15 103
1335 15 96
1337 15 81
1342 15 90
1344 15 95
1348 15 86
1349 15 88
1365 15 78
1366 15 81
1368 15 84
1374 15 94
1384 15 95
1393 15 107
1401 15 80
1402 15 95
1404 15 66
1416 15 77
1417 15 93
1425 15 88
1431 15 99
1433 15 78
1434 15 86
1437 15 93
1440 15 96
1444 15 94
1452 15 81
1454 15 96
1468 15 83
1472 15 90
1473 15 88
1476 15 67
1478 15 77
1483 15 69
1486 15 92
1491 15 89
1495 15 74
1503 15 82
1508 15 81
1512 15 74
1517 15 72
1521 15 83
1526 15 82
1539 15 85
1544 15 87
1550 15 69
1551 15 78
1552 15 88
1570 15 69
1580 15 64
1582 15 68
1583 15 61
1586 15 72
1591 15 59
1597 15 62
1601 15 65
1602 15 65
1605 15 57
1611 15 70
1618 15 63
1620 15 66
1629 15 56
1630 15 54
1634 15 68
1635 15 73
1643 15 55
1644 15 59
1645 15 48
1647 15 60
1654 15 63
1658 15 64
1659 15 69
1668 15 68
1670 15 44
1676 15 63
1678 15 61
1687 15 62
1689 15 65
1691 15 54
1692 15 66
1708 15 60
1714 15 51
1715 15 49
1716 15 53
1719 15 64
1725 15 56
1749 15 63
1750 15 63
1752 15 57
1771 15 45
1775 15 53
1777 15 56
1788 15 63
1796 15 41
1801 15 45
1812 15 69
1816 15 48
1821 15 48
1823 15 38
1826 15 50
1835 15 42
1842 15 41
1843 15 57
1847 15 51
1848 15 46
1850 15 51
1855 15 41
1874 15 50
1875 15 40
1877 15 54
1881 15 48
1886 15 70
1905 15 44
1918 15 38
1920 15 40
1946 15 39
1952 15 49
1965 15 40
1973 15 40
1984 15 40
1990 15 37
1999 15 37
2019 15 37
2020 15 33
2025 15 40
2033 15 42
2034 15 42
2036 15 29
2039 15 27
2041 15 35
2049 15 34
2051 15 43
2069 15 35
2072 15 38
2079 15 34
2103 15 25
2108 15 35
2109 15 29
2133 15 24
2136 15 21
2138 15 22
2146 15 30
2160 15 30
2163 15 28
2167 15 25
2171 15 20
2174 15 31
2180 15 27
2184 15 17
2188 15 22
2196 15 37
2197 15 25
2206 15 21
2208 15 25
2216 15 19
2217 15 25
2225 15 24
2237 15 20
2258 15 22
2265 15 17
2269 15 17
2271 15 19
2306 15 15
2307 15 19
2310 15 21
2328 15 13
2350 15 13
2354 15 19
2358 15 19
2360 15 12
2376 15 17
2388 15 13
2389 15 23
2398 15 12
2415 15 21
2417 15 13
2436 15 9
2441 15 10
2446 15 15
2459 15 9
2485 15 8
2492 15 12
2495 15 7
2499 15 11
2504 15 6
2522 15 9
2545 15 14
2554 15 10
2563 15 5
2584 15 5
2586 15 8
2588 15 7
2594 15 4
2597 15 6
2599 15 4
2600 15 11
2601 15 4
2611 15 10
2637 15 8
2639 15 10
2653 15 7
2654 15 8
2664 15 5
2666 15 5
2673 15 4
2679 15 7
2682 15 5
2689 15 4
2698 15 5
2702 15 7
2706 15 3
2714 15 2
2726 15 5
2736 15 4
2745 15 4
2747 15 4
2775 15 3
2778 15 4
2781 15 4
2793 15 2
2799 15 2
2804 15 4
2832 15 1
2840 15 1
2852 15 2
2853 15 1
2862 15 1
2876 15 3
2881 15 2
2887 15 3
2896 15 1
2898 15 1
2905 15 1
2938 15 1
2958 15 1
2978 15 1
2983 15 1
2984 15 1
2987 15 1
2995 15 1
2999 15 1
1 16 320
4 16 322
5 16 338
6 16 316
10 16 291
12 16 314
18 16 294
20 16 292
26 16 265
29 16 326
31 16 298
33 16 317
35 16 284
37 16 301
38 16 306
46 16 283
50 16 287
51 16 304
52 16 300
53 16 300
54 16 286
57 16 279
58 16 286
60 16 271
62 16 279
67 16 317
68 16 285
71 16 314
72 16 310
73 16 287
74 16 279
76 16 287
78 16 287
79 16 287
81 16 304
82 16 289
83 16 280
89 16 312
90 16 269
91 16 252
94 16 256
103 16 249
104 16 273
105 16 282
107 16 278
108 16 295
109 16 264
112 16 286
117 16 287
120 16 294
122 16 276
124 16 278
128 16 256
130 16 276
132 16 262
133 16 301
135 16 270
136 16 280
138 16 259
139 16 254
140 16 274
142 16 264
147 16 281
156 16 261
161 16 246
162 16 272
163 16 278
166 16 277
167 16 267
169 16 287
172 16 248
173 16 277
175 16 266
177 16 232
178 16 268
181 16 290
182 16 264
185 16 277
189 16 267
190 16 288
191 16 260
192 16 259
193 16 291
194 16 243
195 16 258
198 16 264
202 16 275
204 16 255
207 16 269
211 16 245
212 16 291
222 16 289
223 16 270
224 16 273
236 16 227
238 16 264
239 16 284
240 16 249
242 16 262
244 16 267
245 16 248
247 16 251
249 16 280
256 16 246
257 16 261
260 16 237
261 16 235
262 16 261
266 16 267
267 16 257
268 16 263
271 16 257
272 16 240
273 16 225
279 16 267
280 16 269
281 16 253
285 16 268
288 16 252
292 16 227
293 16 265
296 16 219
301 16 216
302 16 247
305 16 253
306 16 261
308 16 250
312 16 244
315 16 222
316 16 268
322 16 232
324 16 250
325 16 247
326 16 260
327 16 253
328 16 234
330 16 229
339 16 244
340 16 258
342 16 233
344 16 221
345 16 229
346 16 224
349 16 248
352 16 228
353 16 237
354 16 244
355 16 252
357 16 236
358 16 215
359 16 241
360 16 254
362 16 217
363 16 240
364 16 229
365 16 229
366 16 223
368 16 214
369 16 234
370 16 230
371 16 226
374 16 220
375 16 246
378 16 237
381 16 232
384 16 224
386 16 235
391 16 251
396 16 212
398 16 244
400 16 263
401 16 227
402 16 222
403 16 224
407 16 239
409 16 224
414 16 241
415 16 213
418 16 212
419 16 212
421 16 233
422 16 197
427 16 208
430 16 207
431 16 210
434 16 228
436 16 234
437 16 193
438 16 210
439 16 207
441 16 220
446 16 217
451 16 207
453 16 222
455 16 234
456 16 223
460 16 199
464 16 235
465 16 215
471 16 227
474 16 208
479 16 205
480 16 242
484 16 200
490 16 209
494 16 186
495 16 228
497 16 198
503 16 192
507 16 231
508 16 239
514 16 188
517 16 192
519 16 220
521 16 215
522 16 194
525 16 188
526 16 209
538 16 203
542 16 206
543 16 215
544 16 221
545 16 182
547 16 229
549 16 201
554 16 207
560 16 208
562 16 209
564 16 202
576 16 219
578 16 192
581 16 213
584 16 202
590 16 183
594 16 203
595 16 182
596 16 210
597 16 196
600 16 180
603 16 196
610 16 187
612 16 190
616 16 179
617 16 184
618 16 202
620 16 189
631 16 202
637 16 181
638 16 193
652 16 170
653 16 161
657 16 212
658 16 189
668 16 152
671 16 177
673 16 210
676 16 190
677 16 168
686 16 188
687 16 186
688 16 169
689 16 164
696 16 183
697 16 163
698 16 182
699 16 165
700 16 178
702 16 211
703 16 176
707 16 178
710 16 198
713 16 167
716 16 190
729 16 161
734 16 185
737 16 177
738 16 168
741 16 153
743 16 144
744 16 168
745 16 167
746 16 152
747 16 168
748 16 187
749 16 188
750 16 169
752 16 157
755 16 177
757 16 150
758 16 174
759 16 165
760 16 163
765 16 168
767 16 160
768 16 196
775 16 183
776 16 157
778 16 204
781 16 163
782 16 163
784 16 142
785 16 174
787 16 180
789 16 175
792 16 167
793 16 148
797 16 184
799 16 156
807 16 148
810 16 138
818 16 173
820 16 157
822 16 164
824 16 168
832 16 155
840 16 154
846 16 159
855 16 147
857 16 152
861 16 161
862 16 159
872 16 154
876 16 150
877 16 172
892 16 153
905 16 140
908 16 157
915 16 175
917 16 140
924 16 119
925 16 145
929 16 137
931 16 149
932 16 142
935 16 126
937 16 145
939 16 131
940 16 157
942 16 149
943 16 135
945 16 151
953 16 140
960 16 130
962 16 140
964 16 146
965 16 138
968 16 137
969 16 135
970 16 129
978 16 134
983 16 131
987 16 144
989 16 113
1003 16 121
1007 16 148
1008 16 150
1014 16 139
1023 16 139
1026 16 132
1034 16 126
1036 16 124
1037 16 131
1041 16 121
1043 16 142
1045 16 115
1052 16 126
1061 16 133
1063 16 140
1065 16 127
1068 16 117
1073 16 124
1076 16 138
1083 16 123
1085 16 122
1087 16 119
1089 16 141
1092 16 143
1096 16 125
1097 16 147
1103 16 115
1104 16 119
1108 16 135
1129 16 110
1131 16 132
1136 16 120
1147 16 107
1148 16 122
1150 16 123
1155 16 107
1157 16 116
1160 16 105
1162 16 94
1164 16 121
1171 16 106
1174 16 121
1184 16 98
1189 16 113
1191 16 104
1195 16 117
1196 16 111
1199 16 128
1209 16 123
1211 16 107
1222 16 97
1226 16 92
1229 16 105
1232 16 134
1238 16 95
1243 16 116
1244 16 103
1245 16 108
1248 16 116
1249 16 92
1251 16 112
1253 16 124
1255 16 107
1257 16 102
1258 16 97
1260 16 96
1262 16 110
1266 16 100
1269 16 99
1272 16 90
1277 16 97
1278 16 118
1279 16 87
1290 16 104
1291 16 126
1295 16 81
1301 16 97
1313 16 99
1314 16 106
1316 16 77
1318 16 108
1319 16 101
1324 16 119
1325 16 77
1330 16 98
1332 16 84
1337 16 93
1343 16 84
1350 16 88
1354 16 83
1358 16 88
1360 16 91
1366 16 70
1367 16 84
1375 16 89
1376 16 93
1378 16 77
1386 16 86
1387 16 79
1398 16 81
1399 16 78
1402 16 71
1404 16 85
1405 16 90
1406 16 97
1412 16 100
1425 16 96
1430 16 74
1433 16 74
1441 16 85
1448 16 88
1450 16 76
1458 16 84
1460 16 77
1462 16 66
1464 16 87
1465 16 88
1475 16 75
1481 16 78
1482 16 81
1489 16 87
1494 16 83
1498 16 73
1500 16 80
1501 16 77
1508 16 79
1511 16 66
1512 16 64
1519 16 77
1524 16 84
1530 16 64
1531 16 66
1535 16 83
1546 16 71
1552 16 83
1558 16 79
1559 16 71
1563 16 61
1575 16 69
1576 16 72
1595 16 73
1599 16 60
1606 16 65
1611 16 70
1613 16 68
1621 16 77
1625 16 77
1627 16 56
1633 16 77
1634 16 62
1643 16 70
1645 16 50
1650 16 69
1681 16 57
1694 16 51
1699 16 61
1709 16 43
1710 16 64
1717 16 63
1726 16 57
1730 16 49
1734 16 55
1736 16 62
1750 16 50
1758 16 48
1759 16 46
1774 16 45
1785 16 53
1789 16 66
1796 16 67
1801 16 68
1812 16 50
1815 16 42
1821 16 60
1823 16 48
1826 16 34
1827 16 55
1829 16 51
1835 16 49
1836 16 69
1847 16 42
1850 16 51
1853 16 46
1855 16 54
1859 16 54
1877 16 36
1893 16 43
1899 16 39
1903 16 44
1912 16 49
1915 16 26
1936 16 41
1938 16 37
1946 16 41
1949 16 37
1968 16 44
1969 16 28
1982 16 42
1992 16 34
1995 16 39
1997 16 37
2008 16 35
2013 16 31
2015 16 37
2021 16 35
2024 16 34
2038 16 35
2039 16 35
2042 16 20
2044 16 36
2047 16 42
2062 16 28
2080 16 33
2083 16 29
2088 16 23
2089 16 28
2094 16 41
2112 16 35
2116 16 39
2120 16 37
2130 16 25
2140 16 34
2144 16 27
2145 16 27
2146 16 20
2149 16 24
2156 16 24
2161 16 27
2169 16 25
2182 16 28
2187 16 26
2188 16 32
2195 16 15
2196 16 26
2210 16 19
2212 16 24
2217 16 19
2236 16 19
2241 16 19
2246 16 22
2247 16 18
2257 16 24
2258 16 29
2261 16 22
2265 16 13
2268 16 31
2269 16 13
2270 16 27
2271 16 14
2272 16 20
2273 16 24
2290 16 24
2291 16 18
2298 16 21
2299 16 19
2300 16 12
2316 16 16
2323 16 17
2328 16 11
2351 16 10
2369 16 14
2396 16 16
2405 16 10
2415 16 18
2428 16 16
2429 16 18
2432 16 13
2436 16 17
2443 16 9
2453 16 16
2455 16 15
2456 16 13
2460 16 17
2461 16 10
2467 16 16
2477 16 8
2478 16 11
2499 16 11
2504 16 7
2510 16 13
2521 16 7
2530 16 9
2539 16 8
2540 16 9
2556 16 9
2560 16 10
2563 16 7
2573 16 8
2576 16 9
2584 16 4
2597 16 5
2613 16 4
2614 16 5
2617 16 5
2625 16 5
2642 16 7
2643 16 6
2648 16 6
2662 16 6
2669 16 4
2677 16 4
2687 16 8
2709 16 6
2712 16 3
2715 16 5
2725 16 2
2741 16 5
2742 16 3
2743 16 3
2758 16 4
2784 16 3
2787 16 6
2799 16 1
2815 16 1
2854 16 1
2870 16 3
2884 16 1
2887 16 1
2897 16 3
2902 16 2
2917 16 2
2918 16 1
2923 16 2
2925 16 2
2937 16 1
2945 16 1
2958 16 1
2964 16 1
2975 16 1
2976 16 1
2982 16 1
2989 16 1
2993 16 1
0 17 301
1 17 291
3 17 326
4 17 312
5 17 274
8 17 320
9 17 293
10 17 296
14 17 297
19 17 304
25 17 299
32 17 303
34 17 306
35 17 276
37 17 305
38 17 324
39 17 284
40 17 306
42 17 300
44 17 310
45 17 298
46 17 306
54 17 291
56 17 355
59 17 270
60 17 279
62 17 276
65 17 298
68 17 269
70 17 282
71 17 265
72 17 270
74 17 266
77 17 277
82 17 307
83 17 281
88 17 274
93 17 308
94 17 284
96 17 277
99 17 314
102 17 257
103 17 289
104 17 304
107 17 295
110 17 278
114 17 296
116 17 275
117 17 250
121 17 265
122 17 307
123 17 287
133 17 286
134 17 275
136 17 263
137 17 260
138 17 266
139 17 305
143 17 321
145 17 281
151 17 289
153 17 244
154 17 298
158 17 266
160 17 261
162 17 235
165 17 242
166 17 307
167 17 256
171 17 259
172 17 266
178 17 273
181 17 241
182 17 239
185 17 254
186 17 262
187 17 272
189 17 257
193 17 270
194 17 250
195 17 267
199 17 250
202 17 252
204 17 231
205 17 278
206 17 255
211 17 270
213 17 259
214 17 260
218 17 257
219 17 242
220 17 255
221 17 237
224 17 253
225 17 279
227 17 248
232 17 236
233 17 242
238 17 248
239 17 255
241 17 257
243 17 254
244 17 237
245 17 272
246 17 253
248 17 267
255 17 244
257 17 231
259 17 256
260 17 255
261 17 269
265 17 235
267 17 268
276 17 232
277 17 268
280 17 241
281 17 242
283 17 255
287 17 260
291 17 254
294 17 240
296 17 265
298 17 238
299 17 238
301 17 243
303 17 227
304 17 236
306 17 227
309 17 240
310 17 219
311 17 199
312 17 267
315 17 250
317 17 237
320 17 252
322 17 263
326 17 226
328 17 235
330 17 241
331 17 232
332 17 210
338 17 235
340 17 251
342 17 240
343 17 255
346 17 251
349 17 231
358 17 249
362 17 233
364 17 236
370 17 210
371 17 267
375 17 225
376 17 220
378 17 218
380 17 233
383 17 252
384 17 230
385 17 255
388 17 206
390 17 243
391 17 226
397 17 223
403 17 206
404 17 226
408 17 212
413 17 211
414 17 244
416 17 218
422 17 206
433 17 235
434 17 197
436 17 202
439 17 224
446 17 204
454 17 212
455 17 216
457 17 202
459 17 232
462 17 223
463 17 214
464 17 213
465 17 175
467 17 210
468 17 251
471 17 203
476 17 220
479 17 213
481 17 227
482 17 185
484 17 205
485 17 216
487 17 206
493 17 215
499 17 208
506 17 220
509 17 187
511 17 220
513 17 207
514 17 204
518 17 190
521 17 207
523 17 199
524 17 200
526 17 214
537 17 205
538 17 222
543 17 206
544 17 211
547 17 207
555 17 211
565 17 217
568 17 186
572 17 200
573 17 194
575 17 197
578 17 189
582 17 197
588 17 217
589 17 193
593 17 208
594 17 184
597 17 175
598 17 192
599 17 180
601 17 186
602 17 189
603 17 181
609 17 185
613 17 171
614 17 193
621 17 188
623 17 200
625 17 184
627 17 193
631 17 202
636 17 191
647 17 164
648 17 191
649 17 169
660 17 202
661 17 169
667 17 183
668 17 181
669 17 188
674 17 203
680 17 185
682 17 185
686 17 161
689 17 176
691 17 222
700 17 171
701 17 182
702 17 178
707 17 206
710 17 191
719 17 176
720 17 204
721 17 176
723 17 178
731 17 172
739 17 178
740 17 194
742 17 185
743 17 164
746 17 184
747 17 172
748 17 169
750 17 159
752 17 185
757 17 161
759 17 175
760 17 183
761 17 156
762 17 170
764 17 182
766 17 172
769 17 162
770 17 172
771 17 178
776 17 157
777 17 148
778 17 173
780 17 137
781 17 146
785 17 160
788 17 176
789 17 156
794 17 156
796 17 141
798 17 186
802 17 167
804 17 155
810 17 164
812 17 148
815 17 173
819 17 161
826 17 154
828 17 168
832 17 151
835 17 154
838 17 192
840 17 147
841 17 170
842 17 159
844 17 183
846 17 192
847 17 152
848 17 160
850 17 152
855 17 161
856 17 147
858 17 159
859 17 170
863 17 161
869 17 178
873 17 127
874 17 139
877 17 165
880 17 148
881 17 154
882 17 161
887 17 160
889 17 163
890 17 165
891 17 141
896 17 133
897 17 157
902 17 142
905 17 146
906 17 160
907 17 149
910 17 140
911 17 152
915 17 120
917 17 158
928 17 157
930 17 156
931 17 150
934 17 149
935 17 140
937 17 137
939 17 138
942 17 148
948 17 146
956 17 119
958 17 131
964 17 143
968 17 131
972 17 136
973 17 153
977 17 136
988 17 135
996 17 131
997 17 136
999 17 149
1002 17 152
1005 17 126
1006 17 124
1007 17 131
1009 17 126
1013 17 116
1014 17 151
1019 17 140
1020 17 122
1023 17 119
1025 17 127
1027 17 112
1030 17 141
1033 17 126
1034 17 119
1035 17 131
1041 17 138
1043 17 134
1050 17 116
1054 17 133
1056 17 152
1058 17 126
1062 17 119
1064 17 128
1073 17 116
1075 17 139
1076 17 141
1078 17 122
1082 17 130
1088 17 124
1090 17 115
1091 17 119
1092 17 120
1093 17 118
1094 17 122
1096 17 130
1099 17 116
1100 17 130
1101 17 128
1115 17 145
1117 17 108
1121 17 107
1122 17 107
1126 17 111
1141 17 114
1143 17 98
1148 17 101
1156 17 112
1157 17 122
1158 17 140
1159 17 110
1162 17 117
1164 17 117
1167 17 87
1170 17 110
1174 17 105
1175 17 113
1178 17 112
1183 17 90
1184 17 104
1186 17 114
1196 17 108
1197 17 126
1199 17 115
1203 17 117
1207 17 103
1208 17 110
1209 17 106
1210 17 106
1215 17 115
1216 17 118
1217 17 106
1220 17 96
1225 17 106
1226 17 106
1228 17 92
1232 17 112
1237 17 100
1238 17 98
1240 17 117
1243 17 102
1245 17 118
1258 17 90
1259 17 103
1264 17 93
1270 17 122
1278 17 88
1282 17 108
1291 17 128
1303 17 94
1311 17 76
1317 17 98
1319 17 84
1320 17 90
1323 17 115
1325 17 93
1326 17 81
1331 17 95
1340 17 103
1353 17 73
1354 17 86
1357 17 113
1383 17 92
1393 17 74
1396 17 84
1398 17 88
1405 17 85
1406 17 101
1415 17 86
1420 17 82
1431 17 94
1441 17 77
1442 17 84
1443 17 97
1446 17 75
1451 17 91
1454 17 87
1458 17 75
1463 17 72
1464 17 77
1465 17 97
1466 17 75
1470 17 95
1476 17 65
1481 17 80
1487 17 80
1492 17 92
1501 17 73
1502 17 68
1508 17 68
1510 17 74
1511 17 73
1513 17 69
1514 17 65
1516 17 62
1519 17 89
1523 17 69
1535 17 66
1565 17 82
1571 17 75
1572 17 78
1578 17 65
1584 17 76
1587 17 58
1589 17 66
1594 17 65
1595 17 62
1597 17 62
1611 17 74
1612 17 71
1622 17 74
1623 17 47
1633 17 72
1637 17 58
1639 17 66
1646 17 78
1650 17 66
1659 17 62
1664 17 81
1678 17 52
1680 17 69
1682 17 61
1700 17 60
1706 17 57
1709 17 57
1719 17 55
1725 17 56
1731 17 61
1733 17 56
1734 17 56
1737 17 63
1741 17 57
1762 17 38
1769 17 56
1789 17 56
1798 17 46
1799 17 43
1823 17 46
1834 17 45
1845 17 38
1854 17 30
1856 17 43
1867 17 36
1892 17 45
1906 17 41
1908 17 48
1910 17 33
1911 17 48
1921 17 38
1928 17 55
1929 17 49
1935 17 40
1954 17 32
1962 17 36
1963 17 37
1964 17 45
1980 17 32
1988 17 31
2002 17 29
2004 17 37
2009 17 49
2013 17 47
2016 17 28
2026 17 32
2039 17 36
2040 17 33
2060 17 37
2068 17 34
2073 17 27
2078 17 31
2082 17 27
2083 17 37
2085 17 29
2094 17 41
2108 17 31
2133 17 28
2140 17 31
2147 17 27
2160 17 24
2174 17 22
2177 17 29
2182 17 31
2188 17 22
2198 17 23
2204 17 25
2206 17 23
2220 17 15
2221 17 29
2225 17 22
2232 17 21
2236 17 22
2243 17 20
2249 17 27
2251 17 14
2266 17 18
2282 17 28
2283 17 23
2299 17 18
2304 17 16
2308 17 17
2312 17 17
2321 17 15
2324 17 14
2337 17 16
2342 17 17
2348 17 14
2355 17 11
2358 17 12
2376 17 18
2400 17 14
2401 17 13
2411 17 7
2413 17 15
2414 17 10
2416 17 12
2420 17 14
2442 17 16
2456 17 13
2457 17 12
2500 17 8
2501 17 8
2503 17 12
2523 17 12
2526 17 9
2532 17 10
2533 17 8
2536 17 10
2564 17 3
2565 17 10
2601 17 9
2612 17 6
2630 17 6
2640 17 6
2641 17 4
2643 17 6
2645 17 4
2651 17 2
2655 17 5
2659 17 3
2668 17 5
2674 17 8
2677 17 6
2684 17 3
2692 17 3
2731 17 4
2745 17 4
2763 17 3
2777 17 4
2795 17 2
2817 17 3
2839 17 3
2845 17 2
2848 17 1
2855 17 2
2871 17 4
2885 17 2
2887 17 1
2891 17 2
2905 17 1
2921 17 2
2923 17 2
2936 17 1
2942 17 1
2943 17 1
2944 17 1
2950 17 1
2958 17 1
2962 17 1
2975 17 2
2986 17 1
0 18 287
1 18 300
5 18 293
10 18 304
12 18 295
14 18 284
15 18 298
16 18 289
17 18 281
21 18 312
22 18 294
23 18 289
24 18 300
25 18 301
26 18 277
27 18 289
28 18 291
29 18 279
30 18 285
31 18 280
33 18 291
34 18 301
36 18 294
37 18 286
38 18 295
39 18 337
40 18 302
44 18 298
47 18 266
49 18 301
56 18 278
63 18 263
65 18 283
68 18 305
70 18 307
73 18 296
74 18 299
76 18 300
78 18 293
79 18 273
81 18 275
82 18 280
84 18 304
85 18 312
87 18 283
94 18 325
95 18 301
96 18 283
97 18 287
100 18 301
101 18 275
105 18 286
107 18 287
110 18 298
113 18 271
116 18 266
117 18 284
120 18 273
123 18 300
124 18 264
125 18 289
128 18 294
132 18 276
133 18 246
135 18 240
136 18 276
138 18 297
140 18 282
142 18 272
143 18 241
147 18 266
149 18 265
151 18 273
152 18 241
154 18 309
155 18 301
156 18 281
159 18 266
161 18 262
163 18 259
165 18 253
168 18 253
170 18 285
171 18 290
173 18 268
176 18 249
177 18 249
179 18 262
181 18 265
186 18 257
191 18 283
193 18 284
205 18 262
206 18 248
208 18 256
211 18 296
212 18 241
213 18 272
219 18 253
220 18 279
224 18 218
225 18 276
230 18 282
232 18 265
237 18 241
245 18 267
246 18 290
250 18 246
251 18 224
256 18 261
257 18 243
259 18 248
260 18 256
261 18 238
264 18 266
266 18 246
270 18 241
272 18 253
278 18 264
283 18 248
288 18 271
289 18 242
292 18 260
294 18 239
295 18 257
296 18 245
298 18 251
302 18 262
308 18 230
309 18 241
312 18 227
315 18 256
320 18 246
321 18 228
324 18 233
325 18 206
327 18 257
330 18 231
334 18 248
336 18 248
337 18 232
338 18 238
339 18 222
343 18 243
345 18 249
346 18 266
347 18 231
349 18 261
350 18 228
351 18 212
358 18 229
361 18 234
365 18 250
369 18 243
370 18 226
374 18 213
376 18 234
377 18 227
382 18 242
383 18 241
384 18 241
389 18 251
395 18 235
397 18 230
399 18 207
402 18 229
406 18 218
407 18 222
408 18 230
410 18 212
413 18 222
414 18 262
417 18 229
419 18 224
422 18 221
423 18 226
430 18 218
431 18 210
432 18 223
435 18 221
436 18 243
438 18 225
443 18 268
447 18 190
457 18 217
458 18 190
459 18 216
463 18 200
467 18 217
468 18 240
472 18 211
474 18 199
476 18 207
483 18 242
484 18 210
485 18 227
488 18 219
491 18 201
494 18 203
499 18 195
500 18 208
502 18 224
503 18 216
504 18 224
505 18 236
511 18 205
512 18 213
513 18 216
517 18 209
523 18 221
524 18 229
526 18 207
528 18 204
529 18 211
530 18 204
536 18 193
539 18 216
543 18 236
545 18 191
550 18 211
552 18 196
555 18 188
558 18 205
563 18 215
567 18 200
569 18 201
571 18 177
572 18 198
578 18 206
582 18 188
583 18 163
584 18 210
597 18 208
605 18 190
607 18 202
609 18 180
610 18 190
612 18 213
613 18 177
617 18 174
621 18 182
623 18 176
626 18 182
633 18 203
637 18 180
638 18 195
642 18 201
647 18 171
648 18 201
652 18 201
659 18 149
662 18 174
665 18 193
669 18 179
670 18 188
672 18 181
674 18 171
675 18 176
677 18 187
681 18 181
682 18 174
683 18 167
691 18 182
692 18 167
699 18 169
702 18 190
705 18 178
706 18 182
708 18 159
709 18 172
712 18 231
716 18 167
719 18 152
721 18 180
737 18 159
742 18 210
747 18 172
760 18 184
765 18 145
770 18 164
772 18 167
774 18 163
778 18 161
783 18 156
786 18 163
787 18 180
797 18 196
803 18 177
804 18 161
805 18 158
806 18 141
807 18 168
811 18 148
813 18 133
817 18 163
818 18 168
821 18 160
830 18 167
833 18 157
834 18 176
836 18 157
841 18 141
843 18 151
845 18 150
854 18 152
855 18 150
856 18 167
871 18 138
873 18 146
874 18 155
882 18 160
887 18 171
888 18 150
891 18 172
896 18 144
901 18 124
903 18 143
905 18 142
908 18 145
909 18 148
912 18 131
913 18 138
915 18 166
921 18 135
927 18 121
930 18 150
931 18 172
932 18 132
936 18 149
940 18 132
946 18 145
947 18 133
948 18 156
950 18 146
960 18 142
963 18 126
965 18 112
969 18 130
977 18 143
983 18 145
984 18 112
985 18 132
990 18 140
991 18 158
992 18 147
999 18 143
1004 18 157
1006 18 122
1007 18 143
1010 18 147
1018 18 117
1024 18 127
1031 18 133
1032 18 139
1037 18 136
1048 18 133
1066 18 121
1068 18 122
1075 18 118
1083 18 133
1085 18 128
1092 18 116
1096 18 116
1097 18 119
1099 18 134
1103 18 117
1111 18 99
1113 18 137
1119 18 99
1121 18 119
1122 18 104
1123 18 111
1125 18 116
1127 18 113
1129 18 135
1141 18 135
1147 18 104
1149 18 118
1154 18 102
1156 18 124
1159 18 105
1161 18 130
1163 18 119
1170 18 131
1171 18 144
1172 18 117
1173 18 138
1174 18 143
1185 18 109
1189 18 109
1192 18 103
1199 18 105
1200 18 117
1204 18 125
1205 18 106
1212 18 113
1218 18 106
1221 18 105
1222 18 125
1223 18 106
1227 18 95
1234 18 95
1240 18 99
1241 18 91
1243 18 92
1245 18 100
1247 18 99
1248 18 116
1258 18 116
1262 18 94
1272 18 97
1273 18 88
1274 18 99
1283 18 103
1285 18 103
1292 18 105
1299 18 108
1303 18 87
1309 18 97
1315 18 96
1316 18 97
1317 18 98
1324 18 89
1326 18 114
1331 18 116
1336 18 90
1340 18 94
1341 18 88
1352 18 102
1353 18 98
1359 18 97
1364 18 74
1366 18 94
1376 18 103
1382 18 74
1403 18 85
1404 18 68
1411 18 83
1416 18 86
1424 18 89
1426 18 71
1427 18 90
1428 18 104
1433 18 89
1437 18 65
1441 18 92
1447 18 94
1454 18 81
1467 18 86
1470 18 79
1471 18 93
1472 18 72
1483 18 83
1484 18 66
1492 18 83
1498 18 76
1506 18 86
1508 18 86
1514 18 75
1516 18 72
1519 18 89
1523 18 78
1526 18 87
1528 18 81
1532 18 85
1533 18 73
1535 18 74
1537 18 84
1538 18 71
1549 18 76
1550 18 62
1554 18 78
1555 18 61
1567 18 59
1569 18 70
1570 18 90
1573 18 64
1577 18 77
1590 18 55
1605 18 70
1612 18 74
1623 18 75
1628 18 61
1632 18 66
1648 18 61
1653 18 66
1672 18 62
1673 18 77
1676 18 55
1678 18 57
1681 18 63
1686 18 65
1687 18 52
1701 18 52
1705 18 64
1708 18 41
1709 18 54
1718 18 60
1721 18 58
1727 18 76
1728 18 64
1731 18 55
1732 18 57
1735 18 49
1736 18 67
1741 18 41
1742 18 54
1748 18 62
1755 18 75
1756 18 46
1758 18 63
1765 18 61
1770 18 52
1772 18 51
1784 18 51
1791 18 54
1799 18 40
1803 18 51
1806 18 38
1808 18 61
1810 18 52
1821 18 50
1823 18 47
1830 18 46
1839 18 52
1843 18 45
1845 18 39
1851 18 52
1853 18 51
1855 18 43
1864 18 50
1867 18 51
1870 18 54
1874 18 43
1877 18 46
1896 18 51
1908 18 36
1910 18 48
1932 18 28
1947 18 49
1948 18 31
1954 18 43
1955 18 52
1957 18 44
1959 18 37
1970 18 29
1971 18 26
1996 18 36
2003 18 33
2006 18 30
2014 18 24
2020 18 48
2021 18 38
2041 18 32
2043 18 31
2044 18 36
2045 18 37
2049 18 37
2061 18 28
2074 18 36
2076 18 31
2085 18 27
2086 18 27
2090 18 31
2091 18 24
2101 18 29
2119 18 26
2129 18 25
2134 18 35
2135 18 31
2137 18 27
2140 18 30
2150 18 25
2158 18 31
2170 18 21
2173 18 26
2182 18 29
2191 18 28
2193 18 24
2209 18 21
2212 18 21
2242 18 22
2244 18 22
2256 18 20
2263 18 14
2265 18 22
2268 18 12
2284 18 11
2299 18 22
2310 18 19
2317 18 17
2320 18 10
2325 18 13
2327 18 19
2328 18 16
2331 18 18
2335 18 25
2342 18 19
2350 18 17
2356 18 15
2368 18 20
2370 18 17
2372 18 23
2384 18 18
2397 18 14
2400 18 12
2406 18 7
2408 18 14
2413 18 23
2416 18 13
2429 18 12
2436 18 10
2440 18 11
2446 18 16
2453 18 14
2468 18 12
2469 18 16
2471 18 5
2478 18 11
2481 18 14
2482 18 9
2486 18 14
2488 18 8
2489 18 10
2493 18 12
2494 18 11
2497 18 11
2503 18 7
2504 18 12
2509 18 5
2517 18 5
2536 18 17
2538 18 3
2546 18 9
2561 18 8
2563 18 9
2565 18 11
2567 18 9
2577 18 11
2583 18 10
2597 18 14
2603 18 7
2611 18 9
2632 18 3
2633 18 7
2651 18 7
2655 18 8
2662 18 4
2695 18 7
2714 18 2
2715 18 4
2749 18 4
2761 18 4
2766 18 3
2772 18 1
2775 18 6
2782 18 5
2794 18 3
2795 18 1
2802 18 3
2825 18 2
2836 18 5
2840 18 2
2842 18 3
2855 18 1
2857 18 2
2861 18 1
2865 18 1
2866 18 1
2872 18 1
2873 18 3
2898 18 4
2909 18 1
2915 18 1
2923 18 1
2969 18 2
2971 18 1
2980 18 1
2981 18 2
2982 18 1
2983 18 1
2991 18 1
0 19 300
1 19 288
7 19 263
8 19 267
10 19 286
13 19 300
15 19 278
21 19 311
25 19 318
29 19 318
32 19 277
33 19 321
37 19 299
43 19 289
47 19 316
49 19 317
51 19 289
54 19 299
59 19 294
61 19 286
65 19 274
70 19 279
77 19 295
85 19 258
86 19 311
87 19 289
88 19 283
92 19 292
97 19 274
98 19 286
99 19 290
100 19 302
101 19 305
104 19 270
106 19 260
109 19 313
111 19 275
112 19 268
117 19 275
118 19 269
120 19 277
121 19 281
122 19 331
123 19 265
124 19 290
125 19 274
127 19 256
131 19 276
133 19 285
140 19 273
144 19 263
150 19 286
153 19 307
154 19 262
155 19 265
156 19 292
157 19 295
159 19 265
160 19 300
161 19 253
165 19 280
169 19 274
171 19 273
179 19 265
180 19 272
183 19 237
184 19 275
187 19 254
189 19 283
193 19 253
202 19 272
203 19 246
204 19 275
205 19 270
206 19 262
209 19 288
212 19 244
213 19 275
215 19 242
219 19 261
222 19 276
227 19 270
236 19 233
237 19 234
240 19 239
241 19 239
244 19 242
245 19 253
252 19 249
253 19 240
258 19 253
264 19 253
267 19 272
270 19 255
271 19 261
274 19 254
275 19 240
278 19 234
282 19 272
288 19 224
290 19 260
294 19 275
296 19 237
306 19 257
307 19 230
310 19 220
312 19 250
315 19 238
317 19 255
319 19 241
321 19 240
325 19 233
326 19 247
327 19 232
331 19 257
333 19 267
335 19 212
337 19 230
338 19 251
342 19 232
346 19 241
347 19 224
356 19 219
358 19 230
359 19 227
360 19 202
364 19 236
365 19 240
368 19 257
372 19 221
373 19 245
379 19 239
389 19 211
395 19 220
396 19 223
398 19 232
399 19 204
400 19 228
401 19 223
402 19 221
403 19 227
408 19 229
410 19 235
416 19 211
417 19 208
426 19 218
429 19 228
430 19 207
431 19 251
437 19 204
444 19 229
445 19 245
446 19 220
457 19 193
458 19 191
459 19 244
462 19 231
463 19 241
470 19 218
471 19 202
472 19 228
479 19 205
482 19 202
484 19 210
487 19 225
488 19 216
489 19 204
490 19 223
491 19 208
492 19 209
495 19 191
496 19 207
498 19 214
500 19 214
504 19 221
505 19 205
507 19 178
508 19 204
512 19 214
513 19 215
515 19 204
517 19 206
519 19 225
521 19 208
522 19 206
525 19 202
528 19 234
533 19 222
542 19 219
544 19 219
546 19 199
547 19 199
550 19 224
552 19 217
556 19 198
564 19 189
566 19 227
567 19 192
571 19 195
572 19 205
575 19 206
576 19 197
578 19 195
580 19 192
586 19 181
589 19 183
595 19 178
599 19 210
600 19 203
601 19 181
603 19 181
604 19 185
607 19 196
608 19 188
609 19 191
614 19 157
624 19 179
627 19 189
629 19 205
630 19 186
631 19 216
634 19 181
636 19 185
638 19 198
642 19 180
645 19 193
648 19 177
649 19 181
652 19 179
664 19 178
666 19 174
667 19 196
668 19 192
672 19 196
679 19 191
681 19 157
687 19 163
688 19 184
691 19 178
693 19 198
694 19 162
698 19 190
700 19 186
702 19 195
714 19 186
719 19 175
721 19 188
722 19 171
729 19 159
730 19 180
735 19 204
737 19 167
740 19 162
747 19 171
750 19 164
752 19 178
757 19 163
759 19 217
760 19 183
762 19 194
764 19 177
766 19 141
773 19 154
774 19 175
775 19 172
776 19 182
779 19 178
782 19 168
784 19 160
789 19 145
790 19 179
793 19 155
798 19 140
803 19 165
805 19 154
808 19 157
809 19 166
814 19 173
823 19 167
827 19 154
828 19 154
834 19 138
837 19 151
839 19 153
841 19 159
842 19 148
849 19 152
852 19 159
853 19 178
854 19 156
857 19 131
858 19 158
859 19 165
860 19 160
866 19 178
869 19 161
874 19 157
875 19 169
886 19 149
887 19 139
892 19 163
893 19 150
894 19 155
895 19 156
896 19 135
900 19 151
913 19 167
916 19 137
917 19 141
920 19 138
922 19 151
926 19 143
928 19 152
935 19 143
943 19 153
945 19 153
946 19 141
947 19 141
952 19 146
953 19 132
954 19 123
957 19 139
962 19 132
966 19 124
968 19 143
969 19 147
976 19 164
978 19 146
983 19 124
984 19 139
985 19 130
986 19 131
996 19 141
999 19 132
1001 19 143
1002 19 145
1003 19 154
1005 19 149
1007 19 131
1009 19 137
1015 19 128
1019 19 156
1021 19 145
1025 19 112
1026 19 126
1030 19 137
1033 19 121
1035 19 129
1046 19 137
1049 19 135
1056 19 120
1058 19 124
1061 19 136
1062 19 125
1066 19 120
1079 19 102
1080 19 115
1084 19 122
1090 19 114
1091 19 121
1093 19 127
1095 19 157
1099 19 124
1100 19 132
1101 19 129
1107 19 121
1109 19 117
1112 19 121
1114 19 108
1117 19 133
1120 19 118
1125 19 99
1127 19 115
1129 19 117
1131 19 125
1134 19 116
1135 19 107
1141 19 127
1144 19 98
1150 19 115
1151 19 97
1155 19 121
1166 19 88
1171 19 112
1172 19 109
1174 19 114
1180 19 113
1181 19 123
1182 19 130
1190 19 102
1191 19 109
1195 19 99
1198 19 121
1213 19 110
1214 19 112
1215 19 124
1227 19 100
1241 19 100
1242 19 104
1250 19 117
1254 19 121
1266 19 82
1267 19 95
1272 19 114
1279 19 108
1281 19 98
1289 19 94
1294 19 105
1303 19 103
1304 19 90
1312 19 99
1313 19 116
1320 19 73
1327 19 101
1328 19 105
1331 19 82
1333 19 100
1334 19 92
1335 19 88
1337 19 100
1338 19 96
1342 19 104
1343 19 88
1344 19 94
1347 19 84
1349 19 91
1359 19 84
1364 19 99
1365 19 96
1366 19 93
1371 19 88
1375 19 105
1379 19 90
1396 19 81
1400 19 91
1407 19 95
1408 19 74
1409 19 88
1413 19 84
1418 19 86
1424 19 86
1434 19 93
1436 19 91
1439 19 77
1440 19 94
1449 19 80
1452 19 86
1453 19 97
1454 19 93
1456 19 74
1458 19 94
1462 19 72
1467 19 79
1471 19 82
1481 19 61
1482 19 74
1487 19 73
1500 19 85
1506 19 66
1507 19 72
1508 19 84
1524 19 66
1529 19 69
1533 19 73
1540 19 79
1544 19 75
1549 19 72
1553 19 58
1555 19 67
1565 19 75
1566 19 67
1567 19 73
1570 19 71
1571 19 78
1575 19 86
1579 19 73
1584 19 72
1585 19 70
1588 19 82
1595 19 77
1598 19 66
1601 19 67
1604 19 50
1610 19 64
1613 19 58
1628 19 82
1629 19 56
1630 19 56
1634 19 77
1636 19 73
1639 19 66
1645 19 50
1648 19 57
1651 19 69
1660 19 63
1661 19 56
1662 19 47
1664 19 65
1667 19 51
1668 19 48
1670 19 60
1675 19 51
1676 19 71
1690 19 69
1698 19 65
1701 19 59
1708 19 67
1710 19 52
1711 19 50
1726 19 60
1736 19 40
1738 19 48
1770 19 67
1778 19 73
1787 19 43
1789 19 55
1792 19 59
1794 19 59
1806 19 48
1807 19 57
1809 19 44
1816 19 52
1817 19 60
1824 19 51
1836 19 34
1839 19 61
1854 19 47
1859 19 47
1868 19 47
1871 19 46
1878 19 55
1890 19 46
1891 19 35
1892 19 43
1896 19 48
1899 19 57
1908 19 42
1909 19 34
1913 19 56
1914 19 46
1924 19 50
1925 19 43
1926 19 25
1931 19 37
1937 19 44
1957 19 33
1960 19 48
1973 19 37
1989 19 44
1998 19 40
2000 19 27
2007 19 35
2009 19 27
2014 19 40
2024 19 32
2025 19 34
2028 19 39
2042 19 27
2048 19 28
2058 19 22
2068 19 27
2077 19 26
2087 19 25
2088 19 40
2094 19 32
2098 19 34
2103 19 35
2114 19 23
2125 19 25
2128 19 25
2133 19 38
2142 19 22
2143 19 36
2144 19 17
2145 19 27
2147 19 31
2151 19 37
2160 19 26
2164 19 31
2167 19 24
2179 19 31
2181 19 22
2187 19 28
2191 19 26
2193 19 26
2208 19 23
2213 19 22
2215 19 27
2220 19 24
2227 19 26
2230 19 30
2237 19 24
2244 19 22
2249 19 21
2250 19 21
2251 19 23
2252 19 26
2258 19 18
2259 19 20
2263 19 19
2266 19 23
2275 19 27
2276 19 11
2279 19 18
2282 19 16
2283 19 20
2289 19 22
2295 19 18
2356 19 16
2369 19 15
2372 19 17
2396 19 12
2409 19 17
2414 19 17
2428 19 9
2436 19 6
2438 19 9
2439 19 21
2441 19 9
2447 19 13
2456 19 12
2469 19 12
2475 19 16
2483 19 15
2485 19 8
2495 19 11
2500 19 11
2517 19 7
2525 19 11
2526 19 7
2533 19 11
2559 19 14
2574 19 6
2597 19 9
2603 19 6
2647 19 4
2655 19 4
2670 19 6
2684 19 7
2688 19 4
2690 19 4
2709 19 1
2714 19 2
2731 19 1
2740 19 3
2743 19 3
2760 19 3
2763 19 3
2766 19 2
2776 19 6
2778 19 2
2779 19 4
2783 19 1
2797 19 2
2834 19 2
2868 19 2
2870 19 2
2889 19 1
2920 19 1
2921 19 1
2926 19 1
2934 19 1
2936 19 1
2950 19 1
2952 19 3
2957 19 1
2958 19 1
2962 19 1
2967 19 2
2973 19 1
2981 19 1
7 20 302
11 20 285
12 20 272
15 20 278
16 20 329
17 20 264
20 20 288
23 20 279
24 20 283
25 20 279
28 20 261
29 20 302
31 20 305
32 20 299
35 20 312
39 20 276
42 20 307
45 20 320
46 20 275
48 20 276
49 20 262
53 20 269
56 20 299
57 20 278
59 20 244
61 20 292
65 20 281
67 20 259
69 20 290
70 20 308
72 20 266
73 20 289
74 20 291
75 20 286
80 20 292
81 20 283
82 20 252
83 20 260
88 20 296
92 20 292
94 20 258
98 20 253
100 20 295
102 20 259
104 20 269
105 20 258
106 20 274
108 20 265
111 20 295
116 20 272
119 20 264
120 20 298
121 20 270
123 20 294
127 20 303
129 20 289
130 20 268
133 20 246
137 20 299
139 20 297
140 20 279
142 20 297
148 20 287
151 20 291
152 20 294
155 20 262
156 20 261
158 20 258
159 20 231
163 20 274
164 20 269
168 20 277
169 20 283
172 20 277
174 20 232
177 20 278
178 20 240
179 20 267
180 20 256
181 20 255
182 20 273
184 20 270
185 20 246
188 20 251
189 20 277
190 20 259
191 20 272
192 20 255
193 20 251
200 20 246
202 20 265
203 20 266
204 20 257
206 20 287
207 20 283
208 20 272
210 20 262
212 20 260
214 20 276
215 20 211
217 20 252
218 20 285
219 20 270
222 20 237
223 20 243
226 20 269
227 20 252
230 20 259
232 20 247
234 20 231
236 20 242
237 20 264
239 20 257
241 20 266
242 20 248
243 20 256
244 20 258
245 20 259
250 20 279
251 20 259
254 20 249
256 20 252
257 20 273
260 20 253
261 20 268
265 20 237
266 20 217
267 20 244
269 20 237
273 20 235
274 20 252
276 20 224
279 20 245
280 20 250
282 20 218
283 20 220
284 20 255
285 20 272
291 20 253
292 20 235
302 20 232
304 20 235
307 20 218
309 20 247
311 20 230
313 20 238
314 20 223
315 20 219
316 20 261
317 20 228
318 20 266
321 20 243
325 20 245
326 20 231
331 20 243
332 20 228
342 20 227
343 20 203
344 20 241
346 20 239
347 20 228
351 20 237
352 20 231
355 20 253
358 20 239
361 20 246
368 20 238
370 20 208
372 20 245
378 20 208
380 20 257
383 20 216
384 20 246
385 20 197
392 20 220
397 20 220
408 20 241
409 20 213
413 20 212
414 20 219
415 20 218
417 20 242
422 20 225
424 20 213
425 20 222
433 20 222
437 20 208
439 20 217
441 20 238
445 20 208
446 20 216
448 20 228
449 20 217
450 20 235
456 20 218
461 20 221
463 20 188
464 20 232
468 20 216
471 20 207
478 20 220
481 20 197
482 20 203
487 20 207
489 20 216
490 20 231
495 20 205
498 20 221
499 20 200
502 20 220
505 20 214
508 20 210
510 20 202
512 20 206
515 20 185
519 20 201
521 20 213
524 20 227
525 20 202
529 20 191
530 20 216
531 20 211
534 20 201
542 20 240
551 20 198
558 20 192
559 20 207
562 20 209
563 20 191
564 20 181
565 20 206
570 20 216
571 20 207
578 20 211
580 20 190
585 20 179
587 20 181
591 20 179
592 20 217
593 20 183
594 20 188
602 20 212
603 20 186
613 20 170
615 20 196
622 20 197
627 20 169
629 20 161
632 20 192
633 20 180
634 20 168
637 20 199
638 20 197
639 20 186
641 20 188
647 20 160
651 20 172
653 20 184
660 20 203
661 20 194
665 20 188
667 20 180
669 20 167
670 20 176
674 20 167
677 20 185
678 20 194
682 20 183
689 20 172
692 20 169
700 20 182
702 20 185
703 20 181
707 20 163
709 20 168
714 20 180
718 20 192
720 20 180
726 20 170
740 20 181
742 20 181
745 20 163
752 20 162
753 20 160
756 20 168
758 20 158
760 20 186
762 20 166
778 20 156
784 20 164
788 20 165
790 20 173
791 20 174
793 20 133
797 20 182
799 20 169
800 20 164
802 20 147
805 20 143
806 20 191
811 20 182
812 20 167
814 20 165
817 20 172
818 20 140
821 20 156
823 20 160
828 20 168
831 20 178
833 20 146
848 20 152
849 20 139
856 20 161
858 20 162
859 20 137
861 20 147
867 20 157
868 20 147
870 20 134
871 20 155
874 20 147
878 20 157
881 20 169
882 20 157
885 20 160
886 20 155
890 20 158
901 20 160
914 20 144
915 20 142
919 20 151
923 20 156
934 20 146
935 20 128
937 20 147
939 20 140
940 20 148
942 20 154
945 20 156
951 20 130
956 20 142
957 20 163
963 20 157
969 20 146
970 20 170
974 20 139
976 20 118
979 20 133
984 20 119
994 20 136
998 20 140
1001 20 129
1002 20 141
1003 20 147
1010 20 132
1015 20 142
1016 20 121
1030 20 140
1032 20 131
1041 20 125
1043 20 144
1047 20 114
1049 20 133
1063 20 151
1066 20 137
1070 20 123
1072 20 130
1073 20 124
1078 20 138
1082 20 121
1088 20 123
1089 20 94
1096 20 120
1100 20 121
1101 20 128
1105 20 120
1111 20 119
1112 20 136
1113 20 125
1118 20 123
1119 20 121
1120 20 120
1126 20 131
1127 20 145
1130 20 127
1131 20 112
1153 20 86
1161 20 124
1162 20 116
1166 20 130
1177 20 104
1181 20 111
1185 20 106
1189 20 112
1198 20 119
1200 20 115
1204 20 126
1207 20 100
1215 20 115
1218 20 101
1225 20 119
1227 20 103
1230 20 109
1231 20 113
1246 20 104
1250 20 105
1252 20 101
1255 20 108
1256 20 125
1261 20 119
1264 20 100
1269 20 106
1273 20 113
1274 20 95
1278 20 104
1280 20 80
1295 20 99
1297 20 90
1298 20 98
1308 20 99
1309 20 94
1314 20 100
1318 20 108
1320 20 109
1329 20 94
1331 20 94
1333 20 92
1335 20 83
1342 20 85
1345 20 93
1346 20 104
1352 20 96
1356 20 94
1358 20 77
1366 20 104
1368 20 82
1370 20 76
1371 20 100
1378 20 98
1380 20 79
1388 20 91
1391 20 74
1392 20 83
1393 20 102
1395 20 80
1402 20 86
1405 20 78
1409 20 75
1412 20 76
1415 20 87
1416 20 87
1418 20 104
1431 20 73
1437 20 78
1441 20 77
1443 20 86
1454 20 86
1456 20 81
1458 20 84
1461 20 75
1467 20 75
1473 20 80
1477 20 80
1485 20 78
1487 20 85
1490 20 80
1497 20 72
1498 20 91
1499 20 85
1502 20 86
1505 20 80
1507 20 87
1508 20 83
1514 20 86
1516 20 70
1519 20 75
1521 20 78
1522 20 72
1524 20 81
1534 20 74
1540 20 82
1544 20 72
1551 20 78
1562 20 68
1568 20 74
1584 20 69
1586 20 67
1587 20 61
1590 20 77
1595 20 71
1596 20 82
1601 20 71
1602 20 68
1606 20 68
1613 20 57
1622 20 79
1634 20 67
1637 20 60
1642 20 60
1650 20 60
1655 20 77
1661 20 70
1663 20 54
1669 20 61
1685 20 67
1691 20 62
1703 20 51
1704 20 59
1707 20 62
1708 20 57
1719 20 50
1722 20 57
1731 20 59
1732 20 62
1736 20 56
1739 20 65
1742 20 43
1745 20 58
1754 20 64
1771 20 50
1773 20 46
1796 20 41
1811 20 53
1812 20 52
1819 20 54
1823 20 52
1829 20 50
1833 20 45
1834 20 63
1845 20 40
1846 20 51
1855 20 44
1860 20 49
1861 20 38
1865 20 37
1867 20 49
1868 20 49
1871 20 38
1887 20 48
1904 20 39
1912 20 44
1925 20 39
1930 20 46
1932 20 37
1939 20 26
1945 20 37
1951 20 43
1961 20 45
1962 20 42
1964 20 31
1980 20 29
1984 20 34
1993 20 42
2006 20 31
2010 20 32
2012 20 34
2015 20 41
2018 20 32
2047 20 26
2052 20 32
2053 20 32
2056 20 35
2057 20 30
2060 20 28
2083 20 30
2090 20 30
2094 20 25
2110 20 31
2118 20 35
2134 20 30
2136 20 22
2140 20 21
2145 20 18
2146 20 22
2147 20 31
2160 20 25
2169 20 31
2171 20 28
2180 20 23
2192 20 31
2211 20 20
2229 20 22
2257 20 23
2260 20 23
2273 20 20
2274 20 24
2282 20 16
2289 20 13
2301 20 15
2320 20 14
2345 20 13
2348 20 12
2350 20 11
2380 20 20
2382 20 12
2394 20 21
2407 20 17
2408 20 17
2413 20 9
2416 20 16
2424 20 18
2433 20 23
2437 20 11
2449 20 17
2450 20 9
2453 20 10
2459 20 15
2460 20 13
2466 20 10
2468 20 10
2480 20 7
2484 20 8
2488 20 14
2504 20 8
2539 20 11
2558 20 10
2570 20 10
2590 20 16
2606 20 5
2612 20 12
2621 20 9
2622 20 9
2641 20 6
2647 20 7
2651 20 7
2661 20 4
2682 20 5
2705 20 2
2709 20 3
2724 20 4
2725 20 2
2736 20 6
2738 20 6
2751 20 3
2755 20 2
2760 20 2
2762 20 5
2774 20 2
2781 20 2
2784 20 3
2805 20 4
2812 20 1
2821 20 3
2831 20 2
2838 20 2
2845 20 3
2857 20 3
2870 20 1
2891 20 2
2904 20 2
2911 20 1
2913 20 1
2931 20 1
2942 20 1
2943 20 1
2945 20 1
2952 20 1
2961 20 1
2975 20 2
2984 20 1
2986 20 1
2988 20 1
2997 20 1
0 21 304
1 21 291
2 21 304
5 21 334
9 21 317
11 21 326
12 21 294
13 21 315
17 21 281
19 21 305
20 21 278
21 21 320
30 21 282
31 21 302
33 21 304
34 21 322
36 21 322
38 21 305
41 21 273
42 21 281
44 21 276
45 21 265
49 21 301
51 21 299
52 21 268
54 21 292
58 21 286
60 21 296
63 21 291
64 21 262
65 21 273
66 21 282
69 21 306
73 21 307
77 21 284
78 21 286
79 21 315
80 21 278
83 21 268
84 21 301
89 21 295
92 21 273
93 21 294
97 21 269
99 21 294
101 21 232
103 21 278
105 21 287
106 21 257
107 21 297
108 21 273
109 21 289
111 21 269
115 21 266
117 21 295
121 21 284
122 21 263
127 21 292
129 21 263
130 21 267
131 21 265
133 21 269
134 21 298
135 21 254
138 21 340
146 21 279
148 21 265
152 21 303
153 21 265
154 21 288
155 21 280
158 21 253
161 21 266
170 21 269
176 21 259
178 21 283
179 21 254
180 21 243
182 21 253
185 21 256
187 21 267
188 21 266
189 21 272
192 21 260
194 21 252
196 21 279
197 21 262
198 21 268
199 21 274
200 21 313
201 21 255
207 21 259
209 21 267
212 21 270
217 21 263
218 21 238
223 21 258
224 21 272
230 21 257
231 21 228
232 21 262
237 21 260
238 21 264
239 21 262
241 21 262
245 21 281
246 21 254
248 21 238
249 21 267
250 21 238
251 21 260
253 21 247
257 21 258
258 21 266
260 21 236
270 21 246
272 21 272
273 21 236
275 21 259
278 21 259
279 21 253
281 21 245
282 21 273
284 21 236
286 21 248
287 21 261
288 21 242
291 21 245
292 21 231
293 21 276
297 21 218
299 21 219
302 21 255
305 21 237
306 21 229
308 21 227
309 21 247
310 21 250
312 21 263
313 21 247
314 21 235
315 21 269
316 21 242
318 21 243
322 21 235
323 21 253
324 21 227
325 21 229
326 21 233
327 21 245
328 21 232
330 21 227
331 21 229
333 21 227
334 21 251
335 21 217
344 21 184
348 21 233
349 21 242
353 21 243
355 21 225
362 21 255
364 21 241
367 21 253
368 21 229
369 21 234
372 21 234
374 21 234
381 21 226
384 21 244
385 21 216
388 21 240
390 21 210
393 21 240
396 21 219
397 21 230
400 21 221
401 21 211
404 21 230
407 21 224
412 21 199
417 21 228
419 21 236
421 21 249
426 21 240
427 21 227
440 21 233
441 21 208
442 21 222
453 21 241
457 21 210
460 21 210
461 21 204
462 21 227
470 21 218
473 21 208
476 21 245
477 21 219
478 21 189
480 21 209
481 21 241
483 21 207
484 21 228
488 21 225
489 21 212
495 21 205
500 21 216
502 21 250
506 21 223
508 21 216
509 21 226
510 21 212
523 21 183
531 21 180
535 21 195
536 21 206
541 21 234
545 21 205
550 21 193
551 21 234
554 21 195
555 21 201
557 21 198
558 21 197
560 21 218
565 21 206
569 21 172
573 21 182
574 21 210
575 21 173
576 21 199
577 21 169
581 21 198
585 21 195
586 21 207
588 21 172
589 21 174
593 21 183
595 21 206
598 21 195
600 21 164
607 21 186
612 21 201
613 21 192
614 21 196
619 21 170
622 21 183
624 21 207
629 21 188
631 21 173
632 21 178
640 21 166
641 21 183
644 21 190
649 21 177
652 21 172
653 21 198
656 21 192
665 21 175
669 21 172
670 21 195
678 21 201
679 21 183
681 21 155
682 21 171
683 21 184
686 21 164
690 21 190
691 21 170
696 21 192
698 21 164
703 21 184
704 21 158
705 21 200
708 21 180
709 21 152
710 21 177
717 21 163
718 21 168
719 21 201
720 21 185
724 21 171
725 21 168
726 21 172
731 21 189
733 21 175
734 21 162
736 21 173
744 21 193
745 21 175
752 21 177
755 21 190
758 21 175
763 21 164
765 21 155
767 21 193
768 21 174
773 21 174
774 21 174
775 21 159
786 21 176
795 21 148
805 21 174
810 21 158
812 21 163
813 21 155
815 21 168
817 21 152
818 21 143
819 21 166
824 21 153
825 21 162
838 21 179
845 21 170
847 21 146
849 21 164
853 21 158
859 21 145
863 21 151
879 21 154
884 21 156
885 21 161
890 21 134
891 21 179
895 21 156
900 21 169
902 21 142
903 21 134
906 21 160
910 21 172
911 21 137
912 21 147
914 21 151
917 21 151
926 21 120
928 21 139
930 21 127
936 21 149
938 21 148
941 21 155
943 21 165
949 21 158
951 21 143
955 21 146
956 21 150
959 21 138
963 21 141
964 21 170
966 21 150
967 21 127
970 21 138
973 21 152
976 21 136
978 21 125
980 21 147
989 21 135
990 21 130
992 21 132
997 21 153
1003 21 125
1004 21 122
1009 21 133
1016 21 126
1019 21 130
1020 21 129
1022 21 126
1024 21 148
1026 21 125
1032 21 145
1036 21 129
1039 21 115
1044 21 131
1050 21 129
1052 21 122
1053 21 123
1057 21 132
1059 21 143
1061 21 150
1062 21 115
1065 21 127
1066 21 123
1069 21 132
1070 21 111
1073 21 133
1074 21 128
1075 21 148
1076 21 135
1084 21 106
1100 21 140
1110 21 153
1114 21 127
1115 21 135
1118 21 116
1120 21 101
1134 21 107
1136 21 132
1137 21 132
1139 21 112
1154 21 127
1155 21 106
1158 21 125
1159 21 128
1160 21 111
1161 21 110
1170 21 119
1178 21 100
1193 21 122
1211 21 104
1221 21 105
1226 21 109
1232 21 88
1239 21 101
1240 21 101
1242 21 111
1244 21 121
1248 21 96
1251 21 101
1257 21 104
1262 21 103
1271 21 102
1275 21 106
1277 21 114
1286 21 97
1287 21 75
1293 21 120
1299 21 105
1321 21 94
1325 21 95
1326 21 100
1330 21 89
1338 21 83
1341 21 99
1347 21 90
1351 21 91
1359 21 84
1361 21 93
1366 21 82
1368 21 98
1371 21 86
1373 21 91
1374 21 110
1377 21 83
1380 21 110
1385 21 94
1388 21 97
1391 21 99
1400 21 87
1405 21 79
1417 21 84
1422 21 94
1425 21 93
1426 21 89
1428 21 81
1439 21 83
1443 21 83
1445 21 89
1452 21 89
1455 21 80
1460 21 87
1462 21 88
1465 21 79
1470 21 72
1481 21 80
1483 21 69
1486 21 68
1489 21 88
1491 21 87
1494 21 74
1512 21 78
1534 21 67
1535 21 75
1536 21 87
1539 21 80
1551 21 60
1552 21 66
1557 21 57
1558 21 91
1563 21 65
1564 21 77
1565 21 69
1570 21 65
1589 21 68
1593 21 74
1599 21 74
1600 21 72
1606 21 68
1610 21 76
1612 21 85
1615 21 67
1627 21 57
1628 21 78
1633 21 49
1634 21 73
1643 21 73
1646 21 77
1679 21 63
1682 21 64
1702 21 70
1707 21 64
1708 21 61
1709 21 63
1712 21 55
1715 21 68
1719 21 62
1722 21 45
1724 21 59
1742 21 61
1752 21 60
1753 21 65
1754 21 65
1756 21 42
1758 21 59
1763 21 50
1768 21 52
1771 21 59
1776 21 52
1778 21 52
1792 21 46
1793 21 47
1794 21 60
1806 21 65
1808 21 41
1833 21 37
1836 21 49
1841 21 48
1863 21 46
1875 21 40
1880 21 45
1905 21 40
1910 21 48
1918 21 47
1920 21 45
1934 21 51
1936 21 50
1942 21 40
1943 21 41
1944 21 39
1946 21 41
1950 21 37
1956 21 45
1963 21 51
1965 21 33
1970 21 41
1986 21 29
1988 21 38
1994 21 44
2006 21 26
2007 21 33
2011 21 33
2025 21 37
2032 21 36
2037 21 37
2043 21 43
2053 21 29
2054 21 31
2072 21 35
2075 21 49
2087 21 22
2092 21 33
2093 21 26
2097 21 36
2105 21 25
2107 21 28
2113 21 32
2131 21 21
2132 21 22
2148 21 24
2149 21 36
2167 21 22
2194 21 24
2200 21 21
2201 21 18
2202 21 27
2204 21 22
2217 21 25
2218 21 14
2219 21 22
2222 21 20
2229 21 18
2241 21 17
2252 21 25
2264 21 15
2265 21 17
2267 21 20
2268 21 17
2270 21 23
2284 21 20
2299 21 21
2307 21 17
2310 21 16
2317 21 21
2323 21 17
2336 21 13
2354 21 21
2361 21 15
2366 21 13
2394 21 15
2396 21 15
2398 21 17
2407 21 9
2409 21 10
2410 21 16
2413 21 12
2421 21 5
2424 21 7
2430 21 9
2441 21 9
2460 21 8
2463 21 10
2466 21 12
2473 21 12
2483 21 10
2486 21 6
2491 21 22
2496 21 9
2505 21 11
2516 21 10
2518 21 9
2531 21 7
2585 21 3
2588 21 8
2591 21 9
2612 21 9
2615 21 3
2623 21 6
2631 21 6
2638 21 11
2644 21 7
2651 21 5
2661 21 8
2671 21 6
2676 21 2
2680 21 3
2689 21 5
2705 21 7
2722 21 2
2730 21 4
2734 21 5
2766 21 3
2778 21 3
2783 21 3
2790 21 2
2801 21 4
2802 21 4
2816 21 1
2818 21 2
2831 21 3
2840 21 2
2843 21 3
2848 21 4
2850 21 2
2851 21 1
2863 21 2
2864 21 1
2869 21 1
2882 21 1
2899 21 1
2905 21 1
2913 21 1
2927 21 2
2931 21 1
2935 21 2
2976 21 1
2979 21 1
2986 21 1
2988 21 1
2992 21 1
1 22 298
2 22 279
3 22 317
4 22 280
5 22 332
6 22 312
13 22 321
15 22 291
17 22 278
19 22 301
20 22 255
21 22 277
22 22 295
23 22 309
24 22 283
26 22 255
27 22 324
28 22 293
29 22 318
33 22 289
36 22 259
38 22 284
40 22 312
42 22 271
45 22 287
47 22 325
48 22 334
49 22 254
56 22 294
57 22 275
60 22 288
64 22 304
66 22 273
71 22 294
76 22 259
77 22 298
82 22 256
83 22 292
84 22 296
87 22 305
89 22 276
90 22 315
92 22 264
93 22 281
101 22 268
102 22 301
105 22 267
107 22 247
111 22 284
115 22 301
117 22 296
118 22 289
119 22 286
120 22 287
122 22 276
124 22 275
126 22 298
128 22 249
133 22 287
134 22 274
135 22 293
139 22 264
141 22 272
149 22 236
153 22 253
156 22 250
160 22 301
162 22 285
164 22 270
165 22 290
168 22 285
169 22 275
170 22 247
175 22 288
176 22 260
178 22 253
180 22 290
181 22 280
182 22 254
188 22 251
191 22 265
192 22 241
193 22 288
195 22 283
198 22 312
200 22 275
202 22 261
205 22 257
207 22 259
210 22 283
220 22 263
221 22 232
222 22 251
225 22 248
226 22 251
227 22 243
228 22 226
229 22 266
232 22 263
233 22 254
234 22 269
235 22 233
236 22 261
238 22 238
241 22 240
243 22 234
245 22 276
247 22 240
248 22 239
249 22 256
251 22 258
253 22 231
254 22 227
255 22 240
256 22 233
257 22 226
259 22 256
263 22 240
268 22 266
270 22 254
273 22 267
278 22 253
280 22 261
282 22 230
284 22 258
285 22 254
287 22 239
288 22 235
289 22 230
293 22 239
294 22 246
295 22 255
298 22 266
300 22 253
301 22 254
303 22 253
310 22 250
318 22 250
329 22 237
330 22 250
333 22 235
336 22 238
338 22 252
340 22 246
341 22 250
343 22 224
344 22 239
347 22 235
349 22 204
353 22 253
355 22 225
357 22 273
359 22 238
362 22 207
370 22 228
372 22 216
375 22 223
379 22 214
383 22 236
385 22 249
392 22 240
396 22 217
397 22 206
398 22 227
402 22 194
404 22 214
410 22 246
412 22 230
414 22 204
419 22 222
427 22 237
428 22 224
430 22 208
431 22 238
438 22 223
441 22 236
442 22 205
444 22 226
445 22 226
447 22 236
449 22 232
451 22 221
453 22 227
461 22 244
463 22 233
465 22 195
467 22 216
468 22 238
469 22 211
472 22 217
473 22 215
481 22 211
483 22 224
489 22 209
496 22 227
497 22 222
498 22 194
499 22 207
501 22 212
502 22 197
506 22 227
509 22 202
511 22 206
512 22 218
518 22 208
520 22 218
521 22 214
522 22 210
525 22 207
528 22 223
535 22 217
539 22 209
540 22 188
542 22 202
554 22 203
555 22 203
562 22 179
565 22 191
566 22 203
569 22 215
571 22 218
578 22 192
580 22 186
583 22 178
584 22 191
585 22 217
587 22 196
591 22 187
594 22 184
605 22 183
607 22 198
608 22 208
612 22 165
618 22 192
620 22 205
625 22 176
626 22 198
635 22 191
636 22 186
638 22 201
642 22 201
643 22 184
644 22 176
647 22 182
648 22 162
651 22 185
656 22 187
659 22 179
663 22 176
665 22 186
667 22 175
669 22 204
670 22 166
674 22 177
678 22 163
680 22 225
687 22 193
693 22 191
706 22 180
710 22 166
712 22 182
716 22 165
717 22 209
730 22 183
731 22 175
746 22 163
748 22 178
749 22 157
752 22 170
753 22 183
756 22 171
759 22 172
760 22 166
761 22 161
766 22 156
773 22 160
777 22 181
780 22 151
784 22 159
787 22 172
790 22 136
793 22 158
794 22 148
804 22 160
807 22 149
808 22 179
809 22 170
818 22 156
820 22 162
821 22 165
825 22 168
831 22 154
832 22 151
835 22 148
838 22 164
839 22 155
841 22 138
843 22 150
849 22 154
854 22 165
861 22 171
865 22 147
882 22 154
884 22 159
888 22 129
905 22 131
906 22 152
913 22 134
921 22 140
924 22 159
925 22 151
927 22 149
930 22 161
936 22 157
937 22 133
940 22 140
941 22 156
943 22 147
946 22 135
955 22 158
958 22 136
964 22 131
966 22 144
968 22 135
971 22 134
972 22 153
973 22 129
975 22 129
984 22 131
985 22 131
991 22 141
992 22 144
999 22 127
1001 22 122
1008 22 138
1009 22 139
1013 22 122
1014 22 114
1022 22 121
1023 22 134
1024 22 127
1026 22 146
1032 22 111
1034 22 147
1037 22 129
1048 22 145
1050 22 128
1057 22 134
1059 22 125
1064 22 131
1065 22 118
1067 22 139
1068 22 124
1069 22 129
1094 22 129
1095 22 119
1099 22 111
1100 22 105
1110 22 115
1111 22 128
1123 22 123
1126 22 107
1130 22 109
1139 22 125
1142 22 113
1144 22 131
1146 22 120
1149 22 101
1152 22 124
1155 22 117
1159 22 114
1164 22 103
1167 22 94
1173 22 108
1181 22 104
1191 22 110
1193 22 104
1195 22 131
1199 22 116
1204 22 120
1205 22 103
1206 22 83
1218 22 108
1227 22 105
1232 22 109
1234 22 95
1241 22 95
1246 22 133
1248 22 101
1250 22 102
1251 22 110
1258 22 98
1263 22 115
1267 22 93
1272 22 99
1278 22 111
1280 22 111
1282 22 85
1285 22 100
1286 22 100
1289 22 103
1291 22 101
1292 22 90
1295 22 97
1298 22 102
1299 22 90
1300 22 102
1303 22 112
1304 22 113
1309 22 101
1318 22 83
1322 22 121
1323 22 86
1335 22 101
1342 22 89
1349 22 85
1351 22 99
1352 22 94
1354 22 82
1355 22 92
1356 22 84
1358 22 93
1359 22 99
1360 22 105
1361 22 82
1362 22 92
1366 22 75
1368 22 84
1372 22 84
1386 22 93
1390 22 87
1398 22 108
1405 22 78
1407 22 78
1409 22 101
1411 22 77
1415 22 101
1420 22 89
1421 22 80
1426 22 61
1428 22 93
1430 22 86
1432 22 80
1433 22 77
1442 22 78
1448 22 89
1451 22 95
1452 22 87
1456 22 92
1457 22 74
1468 22 81
1473 22 84
1480 22 72
1481 22 75
1486 22 89
1487 22 70
1488 22 83
1499 22 88
1502 22 84
1509 22 54
1512 22 71
1522 22 71
1523 22 64
1532 22 72
1536 22 75
1538 22 64
1547 22 73
1551 22 70
1558 22 71
1559 22 62
1561 22 72
1569 22 75
1574 22 64
1576 22 56
1580 22 64
1583 22 79
1592 22 74
1594 22 63
1595 22 57
1605 22 63
1608 22 59
1609 22 66
1617 22 64
1618 22 73
1624 22 60
1627 22 72
1629 22 71
1634 22 56
1638 22 65
1640 22 68
1641 22 61
1645 22 76
1647 22 57
1648 22 70
1649 22 51
1663 22 69
1664 22 65
1673 22 54
1676 22 57
1687 22 61
1688 22 62
1695 22 47
1704 22 46
1707 22 70
1711 22 63
1719 22 64
1727 22 46
1741 22 40
1749 22 62
1769 22 60
1797 22 46
1798 22 47
1805 22 54
1810 22 57
1815 22 46
1817 22 51
1818 22 42
1829 22 64
1837 22 40
1855 22 35
1857 22 36
1871 22 46
1874 22 48
1883 22 36
1896 22 53
1900 22 43
1916 22 38
1918 22 41
1926 22 34
1936 22 35
1940 22 45
1943 22 42
1947 22 36
1951 22 52
1956 22 33
1959 22 46
1972 22 51
1977 22 33
1983 22 42
1989 22 39
2002 22 32
2025 22 36
2033 22 30
2036 22 39
2046 22 26
2059 22 34
2060 22 21
2070 22 30
2078 22 34
2086 22 30
2118 22 33
2119 22 25
2124 22 26
2126 22 24
2127 22 24
2130 22 36
2131 22 23
2146 22 28
2153 22 27
2154 22 17
2155 22 28
2161 22 27
2162 22 31
2169 22 23
2173 22 23
2175 22 20
2179 22 28
2180 22 21
2192 22 20
2216 22 14
2224 22 22
2228 22 25
2252 22 17
2253 22 20
2264 22 23
2275 22 29
2276 22 20
2282 22 24
2284 22 21
2297 22 21
2299 22 20
2307 22 18
2333 22 26
2336 22 15
2338 22 20
2339 22 20
2340 22 12
2341 22 19
2342 22 7
2346 22 21
2349 22 17
2357 22 17
2371 22 14
2372 22 18
2373 22 16
2379 22 9
2393 22 9
2397 22 20
2400 22 10
2445 22 11
2454 22 12
2456 22 9
2459 22 15
2465 22 8
2480 22 7
2483 22 14
2491 22 10
2494 22 6
2510 22 11
2523 22 11
2544 22 6
2550 22 3
2554 22 9
2577 22 10
2596 22 9
2602 22 9
2622 22 10
2627 22 11
2645 22 4
2664 22 1
2670 22 3
2691 22 8
2699 22 3
2706 22 5
2716 22 5
2729 22 3
2730 22 4
2732 22 5
2740 22 3
2753 22 10
2779 22 5
2788 22 6
2793 22 5
2802 22 2
2807 22 1
2816 22 3
2819 22 1
2826 22 1
2832 22 3
2841 22 1
2847 22 2
2864 22 1
2869 22 1
2876 22 3
2887 22 1
2905 22 1
2920 22 1
2921 22 1
2926 22 1
2927 22 1
2933 22 3
2934 22 1
2944 22 1
2952 22 1
2954 22 1
2956 22 1
2957 22 2
2965 22 1
2967 22 1
2970 22 1
2977 22 1
2986 22 1
2 23 313
5 23 315
6 23 326
7 23 304
11 23 282
12 23 313
15 23 305
16 23 263
20 23 299
24 23 300
25 23 292
26 23 288
27 23 306
28 23 311
29 23 308
31 23 282
32 23 282
39 23 317
41 23 312
42 23 300
43 23 276
46 23 304
48 23 273
49 23 330
50 23 278
51 23 291
54 23 285
57 23 326
59 23 278
62 23 317
64 23 280
66 23 294
68 23 292
71 23 316
74 23 303
80 23 309
81 23 291
84 23 282
87 23 297
88 23 286
90 23 325
95 23 287
97 23 279
98 23 298
101 23 238
102 23 278
103 23 274
107 23 270
108 23 308
110 23 278
112 23 253
113 23 256
114 23 297
116 23 254
118 23 276
119 23 283
125 23 286
129 23 274
130 23 277
132 23 287
135 23 298
136 23 271
137 23 269
138 23 299
139 23 291
144 23 246
146 23 282
148 23 270
149 23 268
150 23 247
153 23 290
157 23 279
161 23 282
162 23 268
163 23 285
165 23 247
167 23 257
174 23 280
175 23 256
178 23 279
180 23 270
183 23 258
184 23 266
188 23 257
190 23 277
193 23 272
195 23 269
200 23 265
201 23 281
204 23 280
205 23 278
211 23 272
214 23 293
215 23 267
218 23 263
219 23 274
220 23 249
225 23 260
229 23 261
230 23 314
233 23 243
238 23 239
241 23 245
244 23 260
246 23 247
250 23 259
251 23 245
252 23 264
253 23 269
257 23 267
259 23 292
261 23 235
264 23 248
272 23 256
275 23 270
278 23 250
281 23 237
283 23 266
285 23 246
288 23 229
291 23 254
297 23 240
301 23 194
302 23 227
304 23 239
305 23 246
307 23 222
309 23 267
311 23 246
313 23 264
314 23 259
315 23 252
318 23 258
322 23 235
323 23 235
325 23 248
326 23 210
339 23 234
340 23 217
357 23 233
358 23 249
359 23 230
361 23 217
365 23 229
369 23 224
372 23 239
374 23 224
380 23 215
382 23 214
383 23 234
384 23 246
385 23 270
389 23 205
390 23 220
392 23 211
393 23 221
394 23 237
395 23 235
396 23 232
397 23 223
400 23 230
402 23 243
404 23 207
407 23 232
409 23 217
416 23 231
417 23 220
420 23 224
422 23 230
424 23 214
427 23 245
430 23 256
431 23 246
433 23 210
436 23 222
437 23 261
438 23 213
443 23 225
444 23 205
446 23 190
448 23 212
451 23 235
452 23 210
457 23 249
460 23 213
463 23 219
464 23 211
465 23 199
470 23 191
471 23 224
478 23 229
479 23 246
485 23 227
490 23 205
491 23 224
492 23 219
493 23 222
494 23 226
495 23 198
496 23 234
501 23 227
503 23 187
512 23 188
514 23 203
517 23 201
519 23 224
520 23 198
524 23 224
525 23 178
526 23 218
527 23 227
528 23 213
531 23 203
534 23 212
539 23 218
540 23 199
542 23 213
544 23 190
548 23 199
550 23 228
551 23 193
552 23 181
557 23 185
560 23 199
562 23 221
564 23 185
565 23 175
567 23 178
571 23 198
573 23 189
574 23 196
576 23 196
578 23 206
580 23 187
582 23 190
583 23 200
586 23 187
588 23 187
591 23 179
592 23 162
596 23 181
598 23 188
599 23 234
601 23 176
603 23 230
605 23 186
608 23 187
617 23 190
620 23 191
621 23 190
623 23 174
628 23 183
635 23 182
636 23 176
638 23 195
644 23 177
646 23 202
648 23 184
649 23 193
650 23 206
664 23 215
669 23 189
676 23 199
679 23 160
682 23 168
686 23 185
689 23 186
690 23 199
696 23 213
697 23 156
699 23 176
701 23 186
703 23 179
704 23 153
709 23 160
713 23 178
716 23 187
720 23 184
725 23 171
733 23 156
738 23 164
743 23 163
748 23 164
753 23 162
760 23 161
761 23 168
763 23 176
777 23 152
778 23 176
786 23 158
787 23 165
789 23 180
792 23 160
794 23 162
803 23 177
809 23 164
812 23 133
813 23 159
815 23 169
818 23 171
819 23 183
822 23 174
826 23 160
833 23 165
836 23 162
838 23 171
839 23 153
847 23 136
850 23 139
851 23 180
853 23 166
854 23 139
856 23 176
859 23 144
860 23 152
864 23 168
865 23 174
879 23 142
885 23 141
894 23 149
896 23 153
901 23 138
908 23 153
913 23 142
916 23 159
921 23 161
924 23 144
928 23 159
929 23 149
931 23 152
937 23 139
938 23 128
940 23 144
944 23 150
949 23 131
951 23 145
953 23 137
956 23 135
958 23 156
959 23 148
961 23 142
963 23 151
965 23 135
969 23 140
973 23 142
987 23 151
995 23 139
998 23 141
1000 23 143
1006 23 139
1007 23 139
1009 23 136
1013 23 135
1014 23 153
1018 23 138
1020 23 142
1023 23 136
1025 23 121
1027 23 149
1034 23 140
1041 23 131
1042 23 121
1043 23 142
1044 23 151
1056 23 139
1057 23 125
1060 23 119
1062 23 139
1063 23 135
1065 23 130
1072 23 124
1075 23 148
1077 23 143
1078 23 122
1086 23 117
1088 23 113
1090 23 104
1095 23 104
1097 23 138
1106 23 134
1108 23 145
1113 23 114
1115 23 125
1116 23 122
1120 23 131
1122 23 118
1123 23 111
1124 23 107
1129 23 115
1132 23 109
1136 23 118
1139 23 116
1154 23 116
1155 23 127
1160 23 118
1161 23 127
1163 23 117
1170 23 108
1182 23 113
1190 23 136
1192 23 107
1193 23 110
1197 23 118
1198 23 115
1199 23 119
1216 23 111
1222 23 90
1223 23 111
1232 23 110
1237 23 118
1243 23 114
1245 23 114
1249 23 112
1250 23 107
1254 23 111
1261 23 88
1263 23 95
1274 23 95
1287 23 105
1288 23 100
1294 23 91
1300 23 100
1301 23 104
1302 23 85
1303 23 89
1307 23 93
1316 23 99
1317 23 99
1319 23 90
1322 23 97
1325 23 87
1328 23 89
1329 23 93
1331 23 102
1332 23 89
1333 23 105
1334 23 93
1336 23 115
1338 23 83
1339 23 80
1349 23 98
1352 23 85
1356 23 96
1359 23 87
1360 23 100
1371 23 92
1380 23 86
1389 23 89
1391 23 103
1401 23 103
1402 23 92
1403 23 73
1413 23 86
1415 23 97
1416 23 81
1417 23 81
1419 23 78
1420 23 90
1433 23 75
1438 23 85
1439 23 71
1445 23 78
1447 23 90
1449 23 94
1450 23 93
1454 23 86
1458 23 81
1460 23 85
1464 23 82
1472 23 79
1474 23 79
1485 23 74
1489 23 84
1495 23 79
1497 23 65
1498 23 81
1505 23 79
1510 23 84
1511 23 80
1515 23 76
1521 23 79
1527 23 82
1530 23 86
1533 23 61
1535 23 75
1553 23 69
1556 23 89
1561 23 73
1564 23 80
1568 23 73
1570 23 82
1579 23 75
1584 23 64
1585 23 72
1586 23 64
1587 23 66
1592 23 68
1602 23 55
1603 23 70
1611 23 54
1617 23 61
1623 23 60
1624 23 69
1626 23 68
1631 23 58
1635 23 73
1640 23 74
1656 23 60
1658 23 75
1663 23 62
1666 23 71
1668 23 54
1679 23 66
1682 23 75
1683 23 57
1690 23 62
1691 23 70
1694 23 68
1695 23 60
1730 23 48
1733 23 60
1737 23 65
1739 23 54
1749 23 39
1756 23 48
1759 23 54
1762 23 53
1763 23 55
1764 23 48
1765 23 61
1770 23 50
1772 23 46
1784 23 48
1786 23 51
1791 23 47
1800 23 55
1805 23 52
1806 23 55
1828 23 43
1829 23 40
1834 23 48
1842 23 54
1852 23 53
1855 23 37
1856 23 45
1860 23 51
1882 23 35
1887 23 43
1889 23 35
1892 23 36
1911 23 42
1919 23 47
1927 23 47
1929 23 43
1933 23 34
1935 23 38
1940 23 40
1943 23 41
1944 23 37
1959 23 32
1970 23 36
1973 23 35
1993 23 35
1998 23 37
2000 23 34
2009 23 33
2010 23 28
2017 23 24
2019 23 28
2021 23 37
2023 23 32
2035 23 30
2044 23 29
2045 23 23
2051 23 40
2064 23 38
2067 23 28
2075 23 32
2080 23 34
2092 23 26
2099 23 31
2105 23 28
2120 23 28
2123 23 26
2131 23 27
2143 23 20
2144 23 20
2146 23 28
2156 23 24
2176 23 19
2184 23 21
2185 23 23
2196 23 14
2200 23 18
2208 23 22
2213 23 26
2224 23 27
2228 23 28
2240 23 22
2246 23 15
2248 23 19
2256 23 24
2260 23 25
2267 23 14
2273 23 19
2277 23 19
2284 23 16
2285 23 23
2289 23 11
2311 23 22
2319 23 19
2328 23 22
2331 23 16
2332 23 21
2337 23 25
2342 23 12
2346 23 21
2352 23 10
2353 23 16
2354 23 17
2358 23 9
2380 23 14
2398 23 11
2420 23 16
2423 23 18
2430 23 13
2436 23 18
2439 23 10
2449 23 9
2453 23 12
2455 23 18
2457 23 6
2461 23 9
2462 23 6
2474 23 12
2480 23 14
2493 23 10
2501 23 8
2529 23 6
2546 23 9
2550 23 8
2552 23 8
2556 23 9
2560 23 12
2569 23 8
2579 23 9
2600 23 9
2602 23 5
2615 23 10
2627 23 4
2628 23 14
2631 23 2
2639 23 2
2664 23 6
2666 23 8
2670 23 4
2678 23 3
2694 23 2
2695 23 4
2731 23 2
2740 23 3
2762 23 2
2780 23 1
2791 23 1
2794 23 1
2801 23 3
2806 23 2
2810 23 3
2813 23 3
2815 23 1
2858 23 1
2884 23 1
2887 23 1
2909 23 3
2910 23 1
2941 23 1
2944 23 1
2952 23 1
2953 23 1
2971 23 2
2979 23 2
2983 23 1
2992 23 1
0 24 321
3 24 292
5 24 296
6 24 292
10 24 293
11 24 319
14 24 275
15 24 303
19 24 320
24 24 279
25 24 290
30 24 292
31 24 285
34 24 287
36 24 266
37 24 278
39 24 310
42 24 304
44 24 274
46 24 312
48 24 317
50 24 279
51 24 285
53 24 240
56 24 285
57 24 272
58 24 287
59 24 308
60 24 316
61 24 273
64 24 264
66 24 314
71 24 269
72 24 288
74 24 285
75 24 284
76 24 289
78 24 294
89 24 275
90 24 294
91 24 266
94 24 263
96 24 279
97 24 286
98 24 298
99 24 269
100 24 291
101 24 275
104 24 298
106 24 287
109 24 254
110 24 256
112 24 285
114 24 282
117 24 263
118 24 292
119 24 302
120 24 282
121 24 276
123 24 274
128 24 267
129 24 273
134 24 315
135 24 255
136 24 254
139 24 254
144 24 269
148 24 276
149 24 263
152 24 297
154 24 251
155 24 275
158 24 271
159 24 291
161 24 266
162 24 252
164 24 282
165 24 247
166 24 255
170 24 278
172 24 266
173 24 268
175 24 295
177 24 289
180 24 226
182 24 264
183 24 275
186 24 300
190 24 261
191 24 271
194 24 283
195 24 291
196 24 279
202 24 260
209 24 263
210 24 253
211 24 283
213 24 254
216 24 262
219 24 255
221 24 232
236 24 251
237 24 284
238 24 270
244 24 221
248 24 288
251 24 256
254 24 254
255 24 263
256 24 249
259 24 270
261 24 273
262 24 269
266 24 227
267 24 254
268 24 263
269 24 242
272 24 261
277 24 261
292 24 246
298 24 231
300 24 265
301 24 230
302 24 271
304 24 230
306 24 271
308 24 222
309 24 235
313 24 245
315 24 237
316 24 252
319 24 251
321 24 210
326 24 226
329 24 237
334 24 244
335 24 239
336 24 252
339 24 231
341 24 247
342 24 221
343 24 238
344 24 216
348 24 219
357 24 244
358 24 222
360 24 249
366 24 271
371 24 236
372 24 225
373 24 243
375 24 219
376 24 219
379 24 240
380 24 246
381 24 253
382 24 244
385 24 206
387 24 220
392 24 219
397 24 205
400 24 214
401 24 261
402 24 224
404 24 247
405 24 239
406 24 241
408 24 223
410 24 214
411 24 201
413 24 217
415 24 225
416 24 257
417 24 205
419 24 205
420 24 226
422 24 209
423 24 220
426 24 198
427 24 212
428 24 212
429 24 240
435 24 238
437 24 196
440 24 210
441 24 219
444 24 227
445 24 232
448 24 231
450 24 233
452 24 220
457 24 228
463 24 205
464 24 213
465 24 236
467 24 220
469 24 220
471 24 221
474 24 231
480 24 162
481 24 208
482 24 237
488 24 200
490 24 202
498 24 200
502 24 216
505 24 208
510 24 211
511 24 212
512 24 234
519 24 207
525 24 200
531 24 217
532 24 202
534 24 226
540 24 206
541 24 204
543 24 198
553 24 213
560 24 212
578 24 192
580 24 218
581 24 185
584 24 211
586 24 218
590 24 196
591 24 215
592 24 192
593 24 216
594 24 195
604 24 189
605 24 194
607 24 199
609 24 178
612 24 205
617 24 181
618 24 207
620 24 185
621 24 197
622 24 202
623 24 201
624 24 186
628 24 198
630 24 179
644 24 175
647 24 186
649 24 169
654 24 198
655 24 174
657 24 216
660 24 199
663 24 166
664 24 194
666 24 174
668 24 165
671 24 194
673 24 192
674 24 188
678 24 190
680 24 157
683 24 192
684 24 183
686 24 177
700 24 176
702 24 169
706 24 202
707 24 202
708 24 176
710 24 156
720 24 190
722 24 153
725 24 184
727 24 171
728 24 189
729 24 198
730 24 165
735 24 161
736 24 186
742 24 152
743 24 177
748 24 168
750 24 176
751 24 184
752 24 170
755 24 183
756 24 163
757 24 179
758 24 156
760 24 164
761 24 145
764 24 176
765 24 161
766 24 182
770 24 168
771 24 171
774 24 161
775 24 160
776 24 167
779 24 156
787 24 188
791 24 163
798 24 177
803 24 150
805 24 173
807 24 174
812 24 164
818 24 166
821 24 156
823 24 164
826 24 143
828 24 160
829 24 137
838 24 147
840 24 159
841 24 157
845 24 142
847 24 152
850 24 160
853 24 153
854 24 153
856 24 167
860 24 162
861 24 159
863 24 168
867 24 170
868 24 150
869 24 167
871 24 154
873 24 158
880 24 135
882 24 167
884 24 161
889 24 176
893 24 147
910 24 143
912 24 147
913 24 130
917 24 155
922 24 145
924 24 132
928 24 142
929 24 150
930 24 118
931 24 129
935 24 126
940 24 147
945 24 135
952 24 167
954 24 141
968 24 149
969 24 139
972 24 122
973 24 147
977 24 161
999 24 132
1009 24 144
1013 24 143
1014 24 131
1025 24 138
1031 24 126
1034 24 168
1036 24 131
1041 24 118
1055 24 131
1061 24 118
1068 24 133
1071 24 141
1077 24 128
1081 24 136
1086 24 120
1094 24 105
1097 24 135
1112 24 121
1113 24 122
1114 24 159
1121 24 117
1128 24 135
1129 24 111
1133 24 122
1135 24 100
1137 24 114
1142 24 124
1143 24 120
1145 24 116
1146 24 124
1147 24 107
1150 24 128
1152 24 112
1177 24 102
1184 24 110
1191 24 122
1192 24 116
1193 24 114
1201 24 100
1202 24 112
1208 24 116
1210 24 103
1211 24 112
1220 24 103
1221 24 103
1229 24 99
1231 24 97
1232 24 103
1241 24 95
1242 24 119
1243 24 105
1249 24 97
1259 24 100
1260 24 112
1261 24 115
1264 24 106
1271 24 98
1282 24 105
1303 24 90
1305 24 98
1309 24 89
1317 24 94
1323 24 76
1326 24 92
1329 24 104
1333 24 91
1349 24 96
1351 24 86
1355 24 87
1359 24 96
1363 24 90
1367 24 84
1368 24 109
1397 24 83
1399 24 95
1420 24 90
1428 24 69
1435 24 92
1443 24 73
1446 24 96
1455 24 82
1460 24 82
1472 24 72
1479 24 82
1492 24 80
1503 24 90
1510 24 74
1511 24 88
1516 24 76
1528 24 72
1532 24 67
1533 24 80
1534 24 90
1544 24 74
1548 24 65
1554 24 75
1570 24 71
1579 24 71
1589 24 66
1591 24 68
1597 24 77
1598 24 53
1606 24 64
1608 24 61
1611 24 65
1612 24 62
1617 24 61
1620 24 63
1622 24 65
1652 24 64
1654 24 81
1655 24 75
1658 24 57
1661 24 50
1666 24 61
1667 24 69
1672 24 69
1675 24 59
1676 24 58
1681 24 47
1682 24 61
1684 24 62
1696 24 46
1702 24 60
1705 24 61
1709 24 58
1718 24 54
1728 24 65
1741 24 52
1742 24 51
1748 24 53
1758 24 47
1762 24 64
1763 24 44
1771 24 61
1773 24 55
1777 24 56
1791 24 48
1792 24 56
1799 24 50
1801 24 55
1805 24 35
1806 24 56
1815 24 53
1817 24 45
1831 24 57
1837 24 53
1848 24 50
1851 24 43
1852 24 45
1857 24 53
1860 24 46
1866 24 46
1868 24 35
1869 24 36
1883 24 38
1887 24 38
1894 24 42
1900 24 48
1906 24 38
1912 24 40
1928 24 51
1935 24 49
1939 24 47
1978 24 37
1996 24 43
1999 24 43
2000 24 23
2005 24 40
2006 24 42
2013 24 35
2016 24 30
2021 24 36
2022 24 41
2024 24 31
2034 24 29
2036 24 30
2041 24 37
2045 24 38
2066 24 25
2088 24 30
2094 24 33
2098 24 14
2099 24 35
2104 24 22
2107 24 32
2126 24 39
2135 24 23
2147 24 33
2148 24 25
2153 24 16
2157 24 23
2165 24 24
2174 24 19
2175 24 23
2177 24 27
2178 24 33
2183 24 31
2190 24 18
2192 24 18
2207 24 29
2210 24 17
2221 24 19
2225 24 24
2238 24 25
2246 24 26
2254 24 21
2255 24 13
2278 24 21
2279 24 17
2283 24 15
2299 24 15
2322 24 14
2328 24 16
2333 24 18
2340 24 16
2342 24 9
2344 24 11
2349 24 18
2366 24 18
2370 24 18
2371 24 13
2373 24 12
2388 24 12
2407 24 20
2408 24 12
2413 24 12
2430 24 10
2438 24 14
2445 24 11
2460 24 9
2485 24 13
2492 24 7
2494 24 11
2504 24 5
2505 24 9
2518 24 12
2526 24 10
2537 24 10
2551 24 12
2562 24 10
2570 24 3
2580 24 9
2602 24 6
2606 24 8
2612 24 9
2617 24 5
2622 24 8
2633 24 7
2634 24 7
2635 24 6
2636 24 9
2643 24 7
2644 24 7
2645 24 2
2647 24 4
2651 24 6
2652 24 5
2672 24 5
2690 24 4
2694 24 6
2711 24 3
2725 24 3
2731 24 3
2734 24 5
2740 24 2
2744 24 7
2749 24 2
2755 24 4
2759 24 3
2767 24 3
2768 24 4
2779 24 3
2813 24 2
2831 24 3
2837 24 2
2842 24 2
2851 24 3
2855 24 4
2862 24 1
2866 24 2
2874 24 2
2875 24 1
2885 24 1
2909 24 1
2925 24 3
2932 24 2
2936 24 1
2942 24 1
2954 24 1
2959 24 1
2983 24 1
2984 24 1
2987 24 1
2990 24 1
2994 24 1
2996 24 1
0 25 304
1 25 291
2 25 307
3 25 283
8 25 288
11 25 299
13 25 298
19 25 318
20 25 266
21 25 254
22 25 294
25 25 276
26 25 294
31 25 298
34 25 314
35 25 287
36 25 314
37 25 310
41 25 296
47 25 291
48 25 283
49 25 307
52 25 279
55 25 297
56 25 301
58 25 286
61 25 286
63 25 285
65 25 276
67 25 294
69 25 296
70 25 314
72 25 294
73 25 283
74 25 305
80 25 277
82 25 285
83 25 251
85 25 259
89 25 277
90 25 287
91 25 288
92 25 291
95 25 259
97 25 272
100 25 279
101 25 300
106 25 305
109 25 266
111 25 294
114 25 291
119 25 282
122 25 270
124 25 274
127 25 285
128 25 276
129 25 260
131 25 287
132 25 267
134 25 296
137 25 280
138 25 255
139 25 273
149 25 275
151 25 269
152 25 252
154 25 269
155 25 261
156 25 288
158 25 269
159 25 277
161 25 236
162 25 257
163 25 265
164 25 221
165 25 271
168 25 296
169 25 265
170 25 250
174 25 259
175 25 261
179 25 258
182 25 252
185 25 266
186 25 248
188 25 272
193 25 258
194 25 259
196 25 259
197 25 260
199 25 269
202 25 262
205 25 275
207 25 255
208 25 245
210 25 252
213 25 253
214 25 262
218 25 236
219 25 246
220 25 241
223 25 256
224 25 264
225 25 241
228 25 251
230 25 268
232 25 273
235 25 257
239 25 260
240 25 241
245 25 270
248 25 282
249 25 268
251 25 233
263 25 281
266 25 232
267 25 229
269 25 228
274 25 228
276 25 272
278 25 247
279 25 247
282 25 257
283 25 261
287 25 235
288 25 242
294 25 242
296 25 217
297 25 256
298 25 259
301 25 242
303 25 262
306 25 225
309 25 250
310 25 266
311 25 224
313 25 274
314 25 235
321 25 224
323 25 246
324 25 237
326 25 252
328 25 252
330 25 244
332 25 241
336 25 241
339 25 257
342 25 233
346 25 224
347 25 206
348 25 231
349 25 235
350 25 230
352 25 261
356 25 252
364 25 215
365 25 228
366 25 253
367 25 239
370 25 257
375 25 231
377 25 238
378 25 238
381 25 235
386 25 215
388 25 234
392 25 229
393 25 225
397 25 225
399 25 228
400 25 235
403 25 253
405 25 222
408 25 232
409 25 227
410 25 241
412 25 222
413 25 231
418 25 219
419 25 211
420 25 229
422 25 185
423 25 236
424 25 212
428 25 216
429 25 207
430 25 207
435 25 191
436 25 257
437 25 197
441 25 203
446 25 205
450 25 224
452 25 231
456 25 201
458 25 224
462 25 194
463 25 228
474 25 203
475 25 214
476 25 212
487 25 200
496 25 196
499 25 210
500 25 206
502 25 216
503 25 213
506 25 207
509 25 229
512 25 197
518 25 191
519 25 206
521 25 208
523 25 208
525 25 199
527 25 204
531 25 187
534 25 213
535 25 198
539 25 215
542 25 200
543 25 224
545 25 174
549 25 192
552 25 191
554 25 212
558 25 182
570 25 202
578 25 189
581 25 203
583 25 210
587 25 185
594 25 208
595 25 189
598 25 187
600 25 213
614 25 199
615 25 211
616 25 184
620 25 176
624 25 198
625 25 200
626 25 177
631 25 170
632 25 178
637 25 186
645 25 190
649 25 187
650 25 179
652 25 174
658 25 182
662 25 180
665 25 166
666 25 183
667 25 163
676 25 167
679 25 178
680 25 164
683 25 172
695 25 193
706 25 208
719 25 172
724 25 148
725 25 190
727 25 168
728 25 172
730 25 164
736 25 188
743 25 183
746 25 184
748 25 154
752 25 166
762 25 168
764 25 173
771 25 179
776 25 167
780 25 159
787 25 176
788 25 161
791 25 170
797 25 152
798 25 139
800 25 142
810 25 161
813 25 156
814 25 162
824 25 161
827 25 159
829 25 159
833 25 158
835 25 163
843 25 133
845 25 157
846 25 164
849 25 145
851 25 154
855 25 149
865 25 133
878 25 168
879 25 137
882 25 157
883 25 173
885 25 157
889 25 148
891 25 152
894 25 163
896 25 158
897 25 138
901 25 150
909 25 144
912 25 130
914 25 163
917 25 136
919 25 128
921 25 138
924 25 146
927 25 143
934 25 137
935 25 139
936 25 160
937 25 150
939 25 147
949 25 146
950 25 153
966 25 130
975 25 127
977 25 140
979 25 132
981 25 138
982 25 147
985 25 150
989 25 119
991 25 136
994 25 127
1001 25 136
1004 25 147
1005 25 141
1010 25 139
1013 25 124
1016 25 139
1022 25 138
1028 25 131
1029 25 115
1030 25 140
1035 25 137
1037 25 144
1042 25 121
1046 25 135
1047 25 139
1050 25 146
1051 25 107
1053 25 113
1056 25 144
1057 25 111
1059 25 139
1060 25 141
1066 25 139
1067 25 129
1068 25 122
1070 25 128
1071 25 149
1072 25 131
1074 25 121
1075 25 119
1077 25 147
1080 25 144
1089 25 134
1092 25 135
1097 25 120
1098 25 147
1103 25 124
1112 25 137
1118 25 109
1123 25 132
1128 25 119
1130 25 127
1152 25 116
1165 25 101
1168 25 100
1170 25 103
1174 25 118
1178 25 106
1179 25 109
1181 25 121
1182 25 113
1183 25 93
1189 25 116
1195 25 128
1197 25 106
1204 25 106
1205 25 113
1209 25 105
1211 25 90
1221 25 108
1225 25 102
1226 25 105
1228 25 127
1231 25 127
1233 25 108
1234 25 92
1239 25 135
1243 25 114
1248 25 100
1249 25 114
1254 25 98
1263 25 121
1264 25 102
1270 25 99
1287 25 112
1288 25 95
1293 25 102
1299 25 98
1306 25 95
1313 25 75
1315 25 79
1320 25 112
1331 25 109
1333 25 117
1335 25 91
1336 25 93
1337 25 97
1338 25 87
1339 25 97
1341 25 91
1350 25 88
1352 25 94
1355 25 91
1361 25 85
1363 25 73
1365 25 100
1366 25 131
1371 25 99
1372 25 95
1379 25 80
1381 25 78
1392 25 93
1394 25 80
1395 25 81
1400 25 82
1408 25 90
1412 25 74
1413 25 86
1416 25 79
1424 25 89
1430 25 85
1431 25 99
1439 25 77
1440 25 83
1441 25 96
1442 25 82
1452 25 87
1453 25 84
1456 25 70
1462 25 76
1466 25 85
1469 25 82
1479 25 84
1484 25 81
1495 25 82
1499 25 69
1500 25 79
1503 25 78
1510 25 75
1520 25 84
1525 25 83
1530 25 62
1537 25 70
1541 25 74
1542 25 75
1543 25 78
1544 25 79
1545 25 68
1546 25 58
1549 25 66
1561 25 57
1565 25 70
1566 25 67
1567 25 72
1574 25 70
1584 25 79
1589 25 69
1594 25 66
1595 25 58
1601 25 63
1604 25 76
1612 25 65
1614 25 60
1625 25 80
1627 25 64
1638 25 66
1639 25 68
1641 25 60
1642 25 65
1643 25 62
1650 25 63
1651 25 69
1661 25 53
1668 25 72
1669 25 67
1677 25 74
1679 25 53
1680 25 54
1690 25 53
1696 25 72
1700 25 62
1702 25 65
1703 25 50
1705 25 46
1720 25 53
1726 25 46
1730 25 56
1733 25 70
1741 25 53
1748 25 66
1787 25 59
1794 25 40
1799 25 40
1801 25 49
1811 25 51
1819 25 45
1823 25 63
1825 25 51
1835 25 43
1838 25 38
1841 25 40
1846 25 48
1848 25 57
1857 25 42
1859 25 39
1862 25 47
1865 25 48
1869 25 47
1873 25 38
1906 25 42
1931 25 39
1943 25 42
1952 25 46
1959 25 36
1976 25 46
1977 25 38
1978 25 43
1982 25 41
1984 25 45
1986 25 35
1998 25 29
2017 25 40
2027 25 31
2032 25 37
2054 25 32
2065 25 29
2070 25 29
2071 25 23
2073 25 25
2075 25 36
2078 25 30
2090 25 31
2095 25 33
2109 25 25
2125 25 24
2143 25 24
2146 25 29
2156 25 22
2159 25 29
2160 25 19
2171 25 31
2172 25 25
2180 25 21
2190 25 32
2211 25 27
2220 25 28
2221 25 16
2242 25 24
2246 25 17
2251 25 21
2252 25 15
2253 25 21
2256 25 20
2261 25 19
2264 25 28
2270 25 13
2275 25 25
2277 25 21
2282 25 24
2283 25 17
2289 25 19
2292 25 14
2297 25 12
2300 25 18
2327 25 15
2328 25 16
2329 25 18
2335 25 17
2339 25 9
2349 25 17
2351 25 15
2363 25 17
2390 25 23
2396 25 10
2402 25 21
2406 25 12
2412 25 11
2417 25 17
2425 25 8
2432 25 9
2445 25 13
2450 25 10
2453 25 18
2459 25 10
2468 25 10
2485 25 14
2509 25 7
2525 25 14
2544 25 11
2555 25 11
2568 25 7
2569 25 11
2574 25 5
2576 25 8
2584 25 4
2585 25 13
2589 25 4
2594 25 10
2596 25 8
2598 25 7
2600 25 4
2606 25 4
2614 25 9
2622 25 7
2632 25 2
2636 25 8
2641 25 7
2647 25 4
2654 25 3
2679 25 6
2693 25 3
2696 25 5
2699 25 6
2714 25 4
2716 25 4
2758 25 1
2777 25 2
2779 25 3
2781 25 2
2783 25 3
2802 25 1
2810 25 2
2836 25 1
2867 25 2
2879 25 1
2884 25 3
2890 25 1
2891 25 1
2898 25 1
2908 25 1
2914 25 1
2942 25 2
2946 25 1
2960 25 1
2964 25 1
2966 25 1
2987 25 1
2988 25 1
2999 25 1
0 26 341
1 26 316
3 26 298
7 26 304
9 26 321
10 26 281
11 26 272
15 26 278
16 26 293
18 26 293
19 26 283
21 26 282
25 26 325
27 26 312
29 26 283
33 26 307
35 26 293
37 26 275
40 26 291
43 26 284
44 26 352
51 26 282
52 26 268
54 26 282
55 26 274
59 26 308
60 26 313
63 26 324
67 26 300
69 26 308
70 26 285
72 26 288
75 26 275
80 26 271
88 26 282
90 26 263
91 26 291
93 26 265
95 26 257
96 26 279
98 26 265
99 26 305
104 26 279
105 26 288
107 26 263
110 26 285
111 26 266
114 26 306
116 26 295
119 26 282
122 26 324
125 26 252
126 26 268
127 26 307
130 26 254
133 26 273
134 26 282
137 26 270
138 26 274
139 26 268
141 26 291
143 26 257
147 26 285
148 26 262
149 26 260
150 26 269
152 26 253
154 26 296
156 26 276
158 26 291
160 26 249
162 26 265
163 26 273
165 26 292
169 26 277
171 26 238
172 26 263
173 26 267
174 26 249
176 26 271
177 26 292
178 26 260
179 26 245
180 26 255
181 26 247
186 26 256
187 26 281
190 26 253
191 26 300
194 26 269
195 26 324
197 26 292
203 26 281
207 26 251
208 26 266
209 26 273
210 26 261
214 26 251
216 26 252
223 26 263
230 26 271
232 26 250
233 26 242
234 26 265
235 26 256
237 26 253
239 26 284
241 26 241
244 26 249
246 26 268
247 26 252
249 26 240
250 26 264
254 26 236
255 26 248
256 26 238
259 26 281
261 26 252
262 26 229
263 26 250
265 26 256
266 26 258
267 26 233
271 26 235
272 26 248
274 26 263
275 26 278
277 26 221
285 26 255
286 26 227
288 26 273
289 26 232
291 26 238
292 26 261
293 26 230
294 26 255
298 26 249
299 26 251
302 26 248
305 26 227
314 26 253
315 26 260
321 26 250
322 26 247
323 26 238
324 26 261
326 26 258
327 26 284
328 26 225
332 26 244
334 26 257
335 26 232
339 26 210
341 26 257
342 26 247
343 26 251
344 26 220
348 26 234
351 26 217
356 26 250
357 26 226
361 26 250
362 26 223
363 26 232
365 26 242
371 26 249
372 26 242
373 26 236
375 26 243
376 26 198
378 26 217
379 26 204
381 26 231
382 26 218
385 26 230
386 26 254
387 26 256
388 26 202
394 26 246
396 26 246
398 26 222
402 26 228
405 26 209
407 26 226
408 26 237
410 26 220
413 26 214
415 26 205
419 26 263
422 26 224
426 26 193
435 26 203
436 26 216
439 26 210
443 26 229
445 26 218
448 26 206
454 26 207
456 26 204
458 26 221
459 26 209
463 26 205
466 26 225
473 26 193
474 26 251
479 26 225
480 26 195
481 26 224
492 26 212
495 26 203
499 26 190
501 26 216
505 26 219
506 26 185
508 26 232
509 26 198
510 26 217
511 26 218
514 26 214
517 26 213
518 26 215
519 26 193
520 26 217
525 26 210
529 26 224
536 26 204
537 26 176
540 26 199
552 26 224
553 26 209
555 26 216
556 26 179
559 26 180
561 26 209
562 26 219
570 26 198
578 26 193
585 26 196
586 26 181
588 26 214
593 26 234
599 26 203
605 26 174
610 26 190
612 26 179
614 26 196
622 26 160
625 26 200
631 26 183
632 26 204
637 26 191
642 26 221
645 26 200
647 26 162
649 26 207
650 26 182
652 26 184
653 26 169
655 26 188
658 26 200
661 26 188
662 26 170
664 26 176
665 26 149
668 26 182
670 26 183
673 26 203
680 26 190
681 26 191
689 26 192
692 26 183
695 26 174
697 26 186
699 26 167
700 26 207
702 26 177
704 26 192
707 26 175
716 26 185
719 26 180
724 26 200
726 26 160
727 26 177
729 26 200
738 26 177
740 26 188
741 26 160
745 26 164
747 26 187
748 26 162
749 26 163
751 26 182
753 26 165
754 26 171
755 26 154
757 26 165
758 26 169
759 26 173
760 26 168
762 26 167
772 26 136
775 26 150
778 26 161
779 26 191
780 26 185
786 26 179
789 26 160
794 26 191
798 26 160
799 26 152
801 26 138
804 26 174
813 26 163
817 26 175
818 26 151
822 26 158
823 26 151
826 26 150
837 26 155
838 26 176
848 26 144
849 26 146
850 26 180
854 26 167
860 26 161
865 26 151
869 26 132
873 26 143
882 26 143
883 26 144
890 26 141
892 26 168
896 26 153
900 26 131
905 26 120
906 26 141
913 26 156
917 26 144
918 26 146
919 26 178
924 26 161
930 26 156
937 26 129
945 26 146
947 26 140
953 26 136
956 26 129
964 26 131
965 26 157
969 26 154
973 26 137
986 26 134
989 26 157
1000 26 149
1005 26 123
1007 26 145
1009 26 119
1018 26 139
1023 26 135
1029 26 112
1030 26 116
1031 26 122
1032 26 132
1037 26 103
1038 26 119
1040 26 129
1055 26 123
1056 26 145
1059 26 116
1061 26 137
1065 26 133
1067 26 135
1068 26 140
1077 26 112
1092 26 129
1093 26 124
1094 26 115
1095 26 124
1101 26 127
1104 26 137
1122 26 116
1124 26 106
1127 26 117
1128 26 93
1129 26 123
1130 26 131
1131 26 121
1138 26 125
1139 26 112
1140 26 125
1142 26 107
1158 26 114
1159 26 104
1160 26 110
1161 26 126
1164 26 110
1165 26 109
1168 26 111
1171 26 122
1182 26 109
1183 26 105
1202 26 105
1205 26 117
1206 26 102
1207 26 108
1211 26 105
1212 26 129
1217 26 100
1218 26 120
1219 26 97
1221 26 119
1222 26 99
1236 26 101
1237 26 110
1241 26 100
1246 26 105
1252 26 109
1257 26 111
1259 26 97
1261 26 118
1266 26 115
1269 26 92
1275 26 97
1277 26 82
1284 26 119
1287 26 117
1289 26 99
1291 26 89
1297 26 92
1301 26 98
1304 26 82
1307 26 92
1311 26 93
1320 26 96
1322 26 97
1326 26 96
1327 26 101
1328 26 87
1331 26 85
1343 26 98
1344 26 87
1346 26 96
1347 26 100
1355 26 93
1357 26 88
1371 26 74
1377 26 87
1381 26 87
1382 26 81
1387 26 88
1390 26 100
1398 26 110
1404 26 87
1405 26 108
1409 26 90
1424 26 70
1432 26 97
1437 26 75
1452 26 91
1453 26 83
1463 26 72
1466 26 59
1476 26 88
1477 26 81
1478 26 84
1481 26 97
1486 26 79
1495 26 82
1497 26 78
1499 26 75
1511 26 77
1521 26 92
1526 26 73
1536 26 72
1540 26 88
1543 26 65
1549 26 89
1556 26 76
1558 26 78
1577 26 76
1581 26 81
1582 26 69
1586 26 75
1590 26 80
1594 26 67
1606 26 89
1611 26 66
1613 26 76
1622 26 66
1623 26 70
1635 26 62
1644 26 49
1648 26 58
1651 26 79
1654 26 75
1660 26 56
1663 26 58
1680 26 62
1687 26 54
1691 26 67
1694 26 55
1700 26 59
1704 26 58
1716 26 58
1729 26 60
1742 26 58
1754 26 55
1755 26 59
1757 26 50
1760 26 57
1770 26 70
1773 26 54
1787 26 51
1789 26 53
1794 26 53
1796 26 47
1801 26 60
1805 26 57
1815 26 46
1816 26 59
1820 26 51
1824 26 57
1829 26 53
1831 26 45
1836 26 38
1845 26 46
1848 26 43
1850 26 47
1853 26 53
1859 26 35
1862 26 49
1872 26 45
1876 26 53
1889 26 42
1895 26 43
1899 26 39
1904 26 45
1911 26 40
1912 26 36
1932 26 45
1938 26 41
1940 26 36
1945 26 43
1949 26 53
1957 26 40
1966 26 37
1967 26 45
1975 26 36
1979 26 38
1988 26 41
2005 26 27
2011 26 28
2016 26 20
2019 26 34
2020 26 46
2022 26 42
2024 26 27
2031 26 42
2033 26 33
2037 26 33
2053 26 30
2065 26 36
2070 26 27
2073 26 24
2081 26 45
2084 26 38
2085 26 26
2087 26 43
2093 26 23
2095 26 36
2098 26 34
2103 26 32
2109 26 31
2111 26 28
2137 26 23
2139 26 34
2141 26 23
2151 26 28
2157 26 29
2158 26 24
2171 26 24
2193 26 24
2244 26 19
2247 26 23
2256 26 18
2266 26 15
2268 26 29
2274 26 16
2296 26 20
2300 26 15
2304 26 23
2307 26 19
2332 26 16
2334 26 11
2338 26 17
2339 26 12
2343 26 14
2348 26 19
2351 26 13
2354 26 11
2362 26 8
2364 26 15
2385 26 17
2386 26 12
2394 26 26
2395 26 14
2410 26 10
2417 26 9
2446 26 21
2447 26 11
2457 26 17
2461 26 14
2471 26 14
2475 26 11
2482 26 9
2494 26 11
2510 26 10
2520 26 9
2524 26 13
2525 26 10
2531 26 12
2537 26 7
2552 26 7
2556 26 6
2561 26 7
2567 26 4
2571 26 4
2573 26 4
2577 26 8
2585 26 11
2589 26 9
2600 26 6
2613 26 5
2619 26 7
2639 26 5
2652 26 3
2666 26 2
2678 26 6
2685 26 2
2692 26 5
2694 26 13
2699 26 5
2722 26 6
2731 26 4
2736 26 3
2739 26 4
2744 26 2
2746 26 2
2753 26 3
2769 26 2
2786 26 3
2787 26 1
2800 26 4
2801 26 3
2822 26 2
2828 26 3
2837 26 2
2839 26 3
2845 26 1
2850 26 3
2856 26 5
2867 26 1
2882 26 2
2886 26 2
2931 26 1
2945 26 1
2957 26 2
2960 26 1
2964 26 1
2978 26 2
2983 26 1
2985 26 1
1 27 280
4 27 294
5 27 299
9 27 301
14 27 307
17 27 301
19 27 277
24 27 321
27 27 311
33 27 309
35 27 300
36 27 270
40 27 304
43 27 321
46 27 289
47 27 296
48 27 297
49 27 287
50 27 288
51 27 299
52 27 301
54 27 265
55 27 313
56 27 288
57 27 296
58 27 298
60 27 295
61 27 295
64 27 300
65 27 254
68 27 262
69 27 276
72 27 266
75 27 297
77 27 292
79 27 268
82 27 296
84 27 293
85 27 330
88 27 298
91 27 303
92 27 282
93 27 291
100 27 291
101 27 283
102 27 266
104 27 315
109 27 312
110 27 265
114 27 271
118 27 271
121 27 281
124 27 284
125 27 275
127 27 261
129 27 290
130 27 238
132 27 284
136 27 285
137 27 270
146 27 270
149 27 270
150 27 266
151 27 259
152 27 275
155 27 277
157 27 257
159 27 291
162 27 273
163 27 246
165 27 270
166 27 280
168 27 249
169 27 233
170 27 251
171 27 289
174 27 257
178 27 274
179 27 242
184 27 279
185 27 227
188 27 275
191 27 279
193 27 275
195 27 259
196 27 279
197 27 238
198 27 239
199 27 232
205 27 260
207 27 261
213 27 282
214 27 263
216 27 274
222 27 251
224 27 267
229 27 289
231 27 264
233 27 246
235 27 262
237 27 257
242 27 247
245 27 244
247 27 246
249 27 252
250 27 238
252 27 285
254 27 258
255 27 273
256 27 251
257 27 266
258 27 257
264 27 217
269 27 252
271 27 253
272 27 255
273 27 253
274 27 236
276 27 240
279 27 250
285 27 256
287 27 238
290 27 256
291 27 273
292 27 243
293 27 256
300 27 246
304 27 277
308 27 235
310 27 243
311 27 233
312 27 268
315 27 217
318 27 243
320 27 229
322 27 233
324 27 235
329 27 266
331 27 230
332 27 228
335 27 242
337 27 218
338 27 247
339 27 258
344 27 248
347 27 229
348 27 240
350 27 226
351 27 252
352 27 252
354 27 256
357 27 256
359 27 250
364 27 246
367 27 250
368 27 224
369 27 248
370 27 215
375 27 240
378 27 230
383 27 241
384 27 228
391 27 237
392 27 193
393 27 204
394 27 230
396 27 221
398 27 225
399 27 227
405 27 245
407 27 233
408 27 230
410 27 237
412 27 225
413 27 216
415 27 202
420 27 254
422 27 215
423 27 226
424 27 237
425 27 238
426 27 215
429 27 209
431 27 212
435 27 202
436 27 220
439 27 215
440 27 238
441 27 213
442 27 241
443 27 251
444 27 206
449 27 194
450 27 223
455 27 219
463 27 235
464 27 200
465 27 214
471 27 215
477 27 248
479 27 218
482 27 193
484 27 215
486 27 202
488 27 219
490 27 196
493 27 214
496 27 211
500 27 203
501 27 200
505 27 190
509 27 188
510 27 201
513 27 210
514 27 234
515 27 198
521 27 200
527 27 207
529 27 209
532 27 191
533 27 223
535 27 208
538 27 193
543 27 179
544 27 195
545 27 206
549 27 216
553 27 184
556 27 209
563 27 210
568 27 181
570 27 178
576 27 222
581 27 185
582 27 190
583 27 198
586 27 181
588 27 212
590 27 203
593 27 216
594 27 180
595 27 200
596 27 209
597 27 190
599 27 210
603 27 192
604 27 188
606 27 185
607 27 185
608 27 177
610 27 190
612 27 185
614 27 176
617 27 203
618 27 198
621 27 177
626 27 185
628 27 185
629 27 183
639 27 179
641 27 187
656 27 185
660 27 186
666 27 189
675 27 176
676 27 189
682 27 168
690 27 207
695 27 180
696 27 169
698 27 187
702 27 189
704 27 198
707 27 162
710 27 178
715 27 176
718 27 155
720 27 173
722 27 165
729 27 173
738 27 144
747 27 160
748 27 162
749 27 190
750 27 177
758 27 164
759 27 184
761 27 173
767 27 156
770 27 155
772 27 161
776 27 190
781 27 170
785 27 163
787 27 161
799 27 167
802 27 157
805 27 169
809 27 144
812 27 177
813 27 150
821 27 174
822 27 160
823 27 158
833 27 157
834 27 147
837 27 161
838 27 158
839 27 146
845 27 163
847 27 147
848 27 155
850 27 150
855 27 180
857 27 161
858 27 135
864 27 162
865 27 164
874 27 141
890 27 143
895 27 170
899 27 174
902 27 166
904 27 152
906 27 165
908 27 136
914 27 153
916 27 152
919 27 133
927 27 156
928 27 140
929 27 153
930 27 151
932 27 137
934 27 127
937 27 148
938 27 136
939 27 157
943 27 141
945 27 116
950 27 127
952 27 123
953 27 138
956 27 140
962 27 126
964 27 143
966 27 140
970 27 125
971 27 145
975 27 156
980 27 130
981 27 137
982 27 136
999 27 145
1000 27 148
1003 27 137
1004 27 144
1006 27 147
1007 27 135
1017 27 135
1018 27 127
1019 27 140
1023 27 118
1024 27 119
1025 27 124
1028 27 131
1030 27 145
1034 27 130
1035 27 127
1047 27 114
1048 27 144
1051 27 128
1055 27 134
1057 27 125
1058 27 113
1059 27 147
1062 27 131
1073 27 113
1076 27 121
1081 27 124
1082 27 109
1085 27 124
1092 27 131
1093 27 139
1096 27 123
1099 27 123
1107 27 149
1112 27 107
1114 27 116
1115 27 127
1116 27 117
1117 27 124
1118 27 135
1119 27 132
1123 27 123
1137 27 130
1139 27 139
1150 27 115
1154 27 110
1156 27 129
1157 27 120
1158 27 124
1159 27 121
1165 27 129
1175 27 129
1186 27 111
1188 27 112
1193 27 105
1200 27 117
1211 27 114
1219 27 130
1221 27 93
1222 27 122
1230 27 106
1232 27 111
1234 27 106
1237 27 113
1239 27 92
1241 27 106
1245 27 113
1252 27 102
1260 27 74
1264 27 103
1266 27 105
1271 27 123
1274 27 115
1276 27 95
1278 27 95
1279 27 83
1290 27 102
1291 27 102
1294 27 120
1299 27 99
1303 27 96
1315 27 86
1319 27 88
1321 27 94
1326 27 111
1336 27 90
1341 27 93
1355 27 91
1356 27 96
1362 27 73
1367 27 93
1368 27 100
1369 27 86
1376 27 78
1378 27 77
1387 27 91
1401 27 79
1403 27 72
1406 27 78
1408 27 82
1413 27 82
1426 27 78
1433 27 92
1440 27 78
1443 27 75
1447 27 90
1449 27 83
1452 27 81
1455 27 83
1467 27 87
1468 27 80
1469 27 66
1472 27 72
1487 27 70
1488 27 78
1503 27 92
1505 27 67
1507 27 89
1508 27 65
1511 27 75
1532 27 79
1533 27 85
1534 27 70
1535 27 84
1552 27 80
1561 27 93
1564 27 65
1569 27 72
1573 27 73
1575 27 60
1581 27 100
1582 27 73
1584 27 62
1586 27 70
1588 27 72
1596 27 71
1600 27 65
1605 27 62
1611 27 72
1636 27 65
1646 27 53
1650 27 58
1662 27 63
1673 27 66
1684 27 57
1687 27 56
1693 27 68
1715 27 66
1716 27 58
1718 27 53
1726 27 70
1727 27 71
1736 27 52
1744 27 57
1747 27 55
1755 27 47
1758 27 44
1759 27 45
1763 27 48
1768 27 55
1771 27 44
1782 27 53
1786 27 53
1789 27 37
1791 27 60
1795 27 43
1805 27 46
1808 27 56
1822 27 53
1839 27 55
1843 27 51
1848 27 51
1851 27 50
1852 27 43
1854 27 51
1858 27 48
1859 27 40
1865 27 46
1867 27 43
1871 27 48
1872 27 45
1874 27 41
1877 27 46
1889 27 37
1894 27 47
1895 27 46
1901 27 48
1907 27 43
1908 27 44
1911 27 44
1917 27 54
1919 27 57
1924 27 36
1929 27 48
1931 27 41
1934 27 41
1947 27 41
1948 27 39
1958 27 44
1963 27 34
1972 27 49
1978 27 36
1980 27 41
1981 27 39
1990 27 36
1995 27 32
2008 27 38
2010 27 37
2020 27 28
2022 27 40
2024 27 33
2041 27 34
2043 27 42
2044 27 23
2047 27 34
2059 27 41
2062 27 23
2064 27 31
2068 27 22
2083 27 22
2086 27 23
2094 27 27
2108 27 36
2118 27 23
2133 27 36
2138 27 29
2142 27 32
2153 27 28
2156 27 19
2157 27 22
2159 27 24
2161 27 15
2163 27 25
2165 27 25
2174 27 21
2190 27 22
2209 27 19
2221 27 25
2240 27 24
2244 27 23
2251 27 23
2254 27 24
2260 27 17
2262 27 27
2269 27 20
2273 27 16
2275 27 17
2279 27 16
2284 27 22
2286 27 18
2287 27 12
2307 27 27
2317 27 12
2324 27 15
2331 27 15
2334 27 19
2335 27 11
2341 27 23
2344 27 12
2346 27 10
2352 27 19
2355 27 17
2362 27 8
2363 27 12
2380 27 13
2418 27 14
2427 27 18
2437 27 9
2438 27 11
2440 27 10
2450 27 13
2457 27 7
2475 27 15
2483 27 8
2484 27 8
2487 27 12
2489 27 12
2504 27 6
2512 27 12
2520 27 5
2522 27 13
2523 27 9
2536 27 6
2537 27 9
2542 27 9
2550 27 11
2555 27 7
2567 27 4
2573 27 6
2576 27 9
2577 27 10
2582 27 6
2586 27 9
2595 27 9
2605 27 3
2618 27 3
2641 27 4
2642 27 4
2643 27 4
2652 27 9
2654 27 1
2678 27 5
2684 27 2
2692 27 3
2700 27 3
2701 27 2
2710 27 4
2720 27 2
2729 27 5
2752 27 5
2763 27 3
2783 27 3
2798 27 5
2805 27 3
2807 27 5
2812 27 3
2817 27 2
2819 27 3
2838 27 2
2839 27 2
2854 27 2
2864 27 2
2871 27 4
2876 27 4
2878 27 1
2882 27 2
2894 27 1
2897 27 2
2900 27 2
2905 27 1
2912 27 2
2915 27 2
2930 27 1
2936 27 2
2946 27 1
2948 27 2
2959 27 1
2971 27 1
2984 27 1
2989 27 2
2990 27 1
2997 27 1
2 28 306
5 28 300
6 28 306
7 28 322
8 28 260
11 28 291
13 28 299
18 28 291
20 28 332
22 28 324
27 28 266
28 28 304
31 28 320
33 28 266
34 28 303
35 28 312
36 28 283
37 28 318
38 28 322
41 28 323
42 28 338
44 28 279
47 28 308
50 28 303
51 28 287
52 28 287
55 28 293
56 28 316
57 28 274
59 28 302
62 28 293
64 28 295
67 28 257
68 28 273
74 28 308
76 28 275
79 28 303
81 28 246
90 28 288
91 28 307
93 28 277
94 28 284
95 28 282
96 28 284
97 28 279
100 28 283
102 28 298
104 28 283
105 28 273
109 28 244
111 28 271
114 28 249
115 28 298
120 28 281
121 28 283
124 28 294
125 28 275
126 28 270
127 28 279
129 28 280
131 28 258
135 28 285
136 28 265
138 28 271
139 28 269
142 28 255
143 28 296
144 28 288
148 28 282
149 28 288
154 28 239
159 28 292
160 28 275
162 28 245
163 28 300
166 28 274
168 28 258
171 28 252
176 28 278
179 28 249
180 28 260
182 28 253
186 28 264
187 28 273
188 28 261
190 28 253
193 28 264
197 28 282
198 28 278
199 28 255
200 28 273
204 28 262
206 28 253
210 28 245
212 28 250
213 28 250
220 28 270
221 28 254
225 28 271
226 28 247
228 28 291
231 28 241
232 28 288
233 28 257
235 28 266
240 28 252
241 28 251
242 28 288
248 28 226
249 28 255
250 28 265
254 28 239
258 28 248
263 28 257
264 28 267
265 28 257
273 28 250
274 28 247
275 28 253
277 28 252
278 28 291
280 28 231
281 28 206
283 28 240
286 28 237
287 28 237
289 28 251
290 28 213
291 28 259
292 28 231
293 28 244
295 28 251
297 28 206
298 28 220
300 28 246
301 28 195
302 28 226
308 28 254
313 28 231
314 28 250
315 28 249
316 28 236
320 28 256
321 28 240
322 28 255
323 28 228
327 28 222
328 28 244
330 28 255
331 28 232
334 28 231
337 28 266
340 28 258
342 28 281
344 28 245
347 28 233
355 28 228
356 28 236
362 28 217
364 28 242
365 28 226
367 28 236
368 28 230
369 28 213
372 28 241
374 28 195
377 28 233
382 28 223
393 28 201
394 28 210
395 28 233
397 28 239
398 28 223
400 28 233
404 28 230
408 28 236
410 28 220
413 28 217
415 28 203
416 28 228
417 28 210
419 28 237
420 28 245
427 28 221
428 28 235
430 28 210
434 28 212
437 28 198
439 28 205
443 28 216
444 28 223
447 28 222
448 28 239
453 28 230
459 28 234
461 28 231
462 28 230
464 28 205
466 28 223
469 28 231
471 28 211
474 28 236
476 28 195
480 28 235
482 28 214
486 28 228
487 28 209
488 28 221
489 28 218
494 28 216
498 28 201
500 28 233
507 28 219
513 28 214
514 28 202
518 28 217
519 28 196
522 28 211
523 28 216
527 28 235
528 28 193
529 28 192
534 28 207
540 28 218
541 28 190
542 28 185
544 28 187
545 28 186
550 28 193
558 28 187
565 28 185
567 28 195
571 28 164
572 28 209
573 28 193
574 28 194
576 28 202
578 28 195
580 28 184
585 28 200
586 28 200
587 28 196
590 28 199
595 28 192
596 28 198
603 28 190
604 28 224
609 28 193
612 28 187
616 28 177
617 28 170
618 28 174
619 28 197
620 28 195
621 28 182
622 28 183
626 28 171
629 28 160
631 28 176
637 28 179
639 28 207
640 28 187
643 28 202
648 28 203
650 28 161
651 28 182
653 28 199
655 28 190
659 28 208
662 28 189
666 28 177
668 28 200
669 28 177
673 28 190
674 28 183
676 28 188
678 28 199
680 28 180
684 28 168
686 28 196
691 28 179
697 28 158
699 28 186
700 28 154
706 28 184
708 28 183
710 28 163
715 28 172
716 28 180
717 28 176
718 28 164
722 28 171
723 28 190
725 28 165
729 28 171
733 28 174
737 28 159
739 28 172
741 28 143
747 28 175
749 28 192
751 28 183
765 28 163
766 28 160
771 28 150
776 28 169
778 28 138
781 28 172
784 28 151
786 28 161
791 28 165
800 28 150
816 28 182
817 28 187
821 28 147
830 28 151
843 28 155
847 28 166
848 28 177
851 28 161
852 28 178
853 28 142
855 28 156
856 28 152
859 28 172
861 28 158
862 28 167
863 28 154
865 28 143
866 28 164
867 28 160
870 28 171
875 28 131
878 28 130
881 28 163
883 28 127
906 28 134
909 28 168
914 28 137
915 28 153
916 28 138
921 28 139
924 28 135
929 28 133
930 28 152
932 28 164
942 28 146
943 28 149
948 28 144
949 28 134
953 28 127
959 28 135
969 28 120
971 28 133
975 28 132
981 28 126
982 28 134
992 28 133
995 28 156
1001 28 149
1003 28 134
1009 28 142
1014 28 128
1015 28 129
1016 28 130
1018 28 144
1021 28 162
1026 28 106
1038 28 128
1039 28 128
1046 28 143
1049 28 131
1054 28 109
1061 28 146
1062 28 126
1063 28 107
1066 28 137
1075 28 153
1080 28 126
1086 28 140
1088 28 112
1089 28 114
1091 28 120
1092 28 101
1093 28 129
1094 28 118
1096 28 139
1101 28 126
1104 28 126
1116 28 136
1120 28 118
1135 28 133
1139 28 107
1141 28 102
1143 28 128
1154 28 120
1156 28 100
1160 28 123
1161 28 108
1162 28 103
1167 28 133
1168 28 123
1170 28 99
1172 28 120
1175 28 113
1178 28 94
1182 28 120
1184 28 93
1186 28 96
1190 28 124
1191 28 103
1193 28 102
1195 28 120
1200 28 108
1201 28 93
1204 28 111
1209 28 129
1212 28 114
1213 28 112
1217 28 111
1218 28 108
1220 28 102
1221 28 101
1223 28 107
1228 28 110
1232 28 93
1233 28 115
1234 28 127
1237 28 98
1266 28 103
1273 28 105
1281 28 92
1285 28 78
1299 28 73
1303 28 89
1307 28 96
1311 28 94
1312 28 121
1323 28 97
1326 28 91
1330 28 102
1334 28 100
1337 28 90
1338 28 92
1340 28 88
1347 28 105
1356 28 108
1358 28 104
1359 28 107
1363 28 101
1367 28 94
1369 28 87
1377 28 85
1382 28 106
1384 28 96
1390 28 88
1391 28 85
1395 28 80
1400 28 88
1401 28 70
1405 28 79
1418 28 88
1420 28 98
1433 28 89
1439 28 86
1442 28 69
1448 28 84
1453 28 80
1457 28 86
1460 28 82
1466 28 75
1476 28 72
1477 28 86
1481 28 73
1487 28 68
1492 28 80
1497 28 82
1498 28 90
1505 28 79
1509 28 80
1512 28 77
1514 28 64
1528 28 74
1533 28 76
1536 28 70
1547 28 97
1548 28 63
1556 28 75
1561 28 66
1569 28 77
1572 28 68
1577 28 56
1579 28 53
1583 28 53
1590 28 60
1593 28 67
1594 28 72
1603 28 77
1616 28 57
1619 28 72
1629 28 64
1633 28 67
1649 28 67
1651 28 60
1652 28 72
1665 28 57
1674 28 64
1677 28 57
1682 28 70
1692 28 62
1695 28 67
1713 28 63
1718 28 56
1726 28 58
1738 28 56
1740 28 52
1742 28 54
1746 28 54
1747 28 58
1748 28 63
1749 28 67
1758 28 55
1759 28 52
1768 28 42
1772 28 55
1774 28 51
1776 28 59
1790 28 41
1804 28 44
1807 28 47
1810 28 33
1830 28 46
1831 28 42
1834 28 62
1839 28 46
1841 28 43
1842 28 48
1846 28 47
1856 28 52
1881 28 34
1883 28 34
1884 28 39
1890 28 46
1900 28 33
1908 28 44
1909 28 38
1916 28 45
1929 28 45
1939 28 44
1942 28 40
1943 28 38
1976 28 38
1982 28 35
1983 28 38
1984 28 30
1992 28 32
1993 28 41
1999 28 41
2000 28 40
2003 28 43
2004 28 39
2005 28 20
2018 28 25
2046 28 37
2051 28 34
2065 28 33
2071 28 38
2080 28 25
2081 28 34
2082 28 20
2100 28 44
2101 28 34
2105 28 29
2114 28 34
2130 28 20
2132 28 16
2134 28 26
2143 28 32
2145 28 23
2171 28 26
2175 28 19
2189 28 18
2190 28 21
2220 28 22
2233 28 18
2235 28 20
2240 28 19
2261 28 16
2267 28 13
2283 28 26
2299 28 21
2300 28 15
2301 28 15
2315 28 21
2320 28 18
2325 28 12
2338 28 10
2339 28 11
2344 28 18
2354 28 17
2369 28 15
2390 28 15
2402 28 20
2415 28 13
2417 28 13
2424 28 8
2428 28 10
2429 28 8
2445 28 13
2451 28 9
2452 28 12
2456 28 16
2458 28 9
2463 28 6
2466 28 7
2469 28 9
2486 28 10
2488 28 14
2489 28 7
2497 28 6
2498 28 14
2505 28 9
2506 28 12
2514 28 13
2517 28 11
2533 28 5
2538 28 7
2541 28 8
2558 28 7
2569 28 9
2584 28 3
2599 28 9
2607 28 6
2616 28 5
2629 28 5
2630 28 10
2636 28 4
2639 28 8
2648 28 8
2653 28 4
2662 28 6
2671 28 6
2677 28 3
2681 28 1
2687 28 3
2699 28 6
2704 28 5
2708 28 3
2712 28 1
2714 28 4
2723 28 3
2728 28 4
2757 28 3
2759 28 2
2760 28 5
2773 28 3
2777 28 3
2780 28 4
2784 28 5
2789 28 4
2806 28 4
2816 28 2
2827 28 3
2830 28 2
2847 28 2
2849 28 3
2865 28 1
2870 28 2
2919 28 1
2922 28 3
2925 28 1
2950 28 1
2951 28 1
2959 28 1
2966 28 1
2989 28 1
0 29 288
5 29 305
7 29 278
9 29 295
10 29 309
12 29 281
13 29 299
15 29 304
16 29 343
18 29 317
21 29 302
24 29 318
27 29 318
28 29 275
32 29 284
35 29 306
44 29 301
45 29 314
46 29 277
47 29 292
48 29 294
51 29 312
52 29 282
53 29 274
54 29 298
56 29 297
63 29 299
68 29 287
71 29 288
72 29 266
73 29 287
74 29 297
75 29 299
76 29 270
83 29 278
84 29 281
86 29 295
87 29 278
88 29 298
89 29 298
95 29 263
102 29 308
104 29 296
109 29 290
115 29 252
117 29 244
118 29 271
120 29 275
122 29 283
124 29 296
125 29 251
128 29 279
131 29 279
132 29 265
133 29 264
134 29 283
136 29 288
137 29 261
138 29 268
139 29 263
140 29 269
141 29 298
142 29 269
145 29 296
147 29 277
149 29 299
153 29 274
155 29 299
156 29 284
158 29 273
162 29 290
163 29 276
170 29 265
172 29 277
177 29 249
181 29 270
182 29 265
183 29 275
186 29 252
191 29 272
192 29 272
193 29 272
194 29 272
195 29 263
198 29 242
199 29 243
200 29 249
202 29 260
203 29 265
206 29 272
207 29 274
208 29 285
210 29 226
220 29 231
221 29 253
224 29 259
226 29 275
227 29 235
229 29 252
238 29 260
241 29 247
243 29 258
244 29 254
245 29 236
246 29 259
247 29 231
248 29 244
251 29 275
252 29 235
254 29 236
256 29 271
257 29 260
259 29 253
260 29 265
261 29 274
264 29 242
270 29 259
275 29 256
276 29 256
277 29 262
281 29 238
283 29 269
284 29 246
286 29 252
288 29 236
292 29 266
294 29 220
301 29 241
302 29 222
305 29 267
307 29 263
311 29 239
314 29 212
315 29 238
327 29 231
329 29 199
332 29 251
336 29 234
338 29 237
341 29 224
344 29 252
347 29 213
350 29 235
352 29 242
355 29 232
357 29 232
358 29 232
361 29 232
365 29 238
370 29 243
371 29 245
373 29 197
374 29 229
376 29 216
381 29 229
382 29 250
384 29 238
385 29 213
387 29 238
396 29 266
397 29 209
398 29 213
399 29 222
402 29 204
403 29 229
405 29 223
408 29 214
412 29 222
417 29 223
418 29 209
419 29 252
424 29 211
431 29 211
433 29 204
434 29 243
436 29 240
437 29 221
442 29 254
443 29 214
444 29 208
445 29 248
447 29 240
448 29 228
455 29 210
457 29 241
458 29 210
460 29 204
470 29 222
474 29 233
475 29 201
476 29 245
477 29 226
480 29 240
481 29 215
484 29 236
487 29 213
488 29 228
492 29 214
493 29 202
496 29 210
502 29 210
504 29 217
507 29 206
519 29 227
522 29 190
525 29 225
526 29 215
531 29 208
532 29 228
533 29 229
536 29 212
540 29 219
541 29 218
545 29 186
548 29 211
550 29 196
551 29 207
554 29 225
556 29 197
560 29 189
561 29 196
568 29 191
571 29 205
576 29 216
582 29 209
583 29 180
585 29 211
586 29 183
587 29 175
588 29 181
592 29 213
593 29 190
594 29 180
596 29 193
597 29 207
598 29 216
610 29 193
611 29 196
615 29 208
618 29 197
619 29 207
620 29 184
621 29 173
624 29 176
627 29 183
628 29 199
630 29 185
632 29 187
634 29 194
635 29 201
638 29 181
641 29 209
644 29 174
649 29 200
652 29 195
657 29 209
660 29 174
661 29 201
666 29 163
670 29 190
674 29 186
676 29 170
679 29 172
680 29 197
687 29 177
689 29 197
691 29 178
692 29 162
694 29 159
697 29 182
698 29 164
699 29 191
709 29 186
719 29 179
723 29 158
727 29 159
728 29 163
731 29 175
735 29 157
740 29 168
742 29 178
758 29 173
767 29 172
770 29 177
773 29 174
776 29 163
777 29 161
779 29 157
781 29 174
784 29 176
785 29 180
787 29 183
789 29 158
791 29 170
794 29 167
796 29 164
798 29 180
799 29 182
801 29 160
805 29 156
807 29 144
810 29 167
812 29 148
817 29 155
821 29 162
822 29 162
823 29 139
826 29 165
830 29 170
833 29 156
837 29 142
839 29 153
841 29 147
847 29 170
848 29 140
850 29 173
851 29 148
855 29 157
857 29 130
860 29 143
862 29 145
871 29 149
872 29 141
873 29 155
882 29 142
884 29 137
885 29 144
886 29 151
889 29 145
899 29 154
913 29 164
914 29 156
925 29 163
928 29 159
937 29 140
942 29 151
943 29 160
949 29 148
955 29 155
956 29 140
959 29 140
960 29 150
969 29 148
972 29 155
975 29 126
981 29 152
987 29 137
989 29 152
991 29 153
994 29 111
998 29 120
1001 29 145
1002 29 128
1004 29 132
1008 29 135
1011 29 125
1012 29 130
1015 29 134
1018 29 128
1020 29 128
1021 29 139
1022 29 131
1024 29 129
1026 29 133
1030 29 118
1031 29 129
1032 29 130
1034 29 138
1035 29 154
1040 29 130
1042 29 135
1043 29 150
1050 29 139
1051 29 123
1057 29 125
1063 29 126
1066 29 122
1076 29 112
1078 29 137
1081 29 126
1082 29 127
1083 29 120
1087 29 132
1089 29 123
1091 29 130
1096 29 116
1097 29 123
1098 29 106
1102 29 117
1106 29 108
1109 29 133
1112 29 120
1120 29 129
1129 29 110
1130 29 120
1132 29 110
1135 29 119
1143 29 107
1145 29 114
1151 29 115
1156 29 114
1157 29 114
1159 29 105
1161 29 104
1162 29 95
1165 29 90
1166 29 101
1168 29 106
1170 29 124
1175 29 128
1180 29 101
1185 29 113
1186 29 113
1188 29 112
1190 29 101
1191 29 102
1192 29 91
1193 29 123
1195 29 95
1198 29 96
1200 29 96
1205 29 89
1206 29 113
1215 29 100
1221 29 107
1225 29 94
1234 29 100
1236 29 107
1241 29 106
1246 29 114
1249 29 116
1251 29 117
1253 29 99
1254 29 114
1255 29 94
1256 29 103
1262 29 120
1263 29 108
1264 29 91
1268 29 90
1273 29 111
1275 29 86
1276 29 104
1286 29 105
1293 29 104
1298 29 103
1301 29 80
1302 29 88
1308 29 116
1310 29 108
1320 29 84
1324 29 92
1325 29 98
1334 29 99
1335 29 96
1339 29 85
1340 29 93
1352 29 90
1354 29 73
1360 29 82
1362 29 106
1368 29 98
1378 29 83
1379 29 92
1385 29 99
1386 29 97
1389 29 74
1391 29 98
1398 29 101
1399 29 84
1402 29 81
1408 29 93
1424 29 79
1428 29 83
1431 29 84
1445 29 83
1454 29 86
1456 29 84
1457 29 83
1471 29 77
1473 29 88
1474 29 91
1477 29 70
1478 29 78
1483 29 81
1484 29 70
1490 29 82
1492 29 82
1493 29 83
1499 29 80
1500 29 80
1501 29 75
1509 29 74
1511 29 73
1519 29 62
1520 29 73
1521 29 70
1526 29 73
1529 29 73
1530 29 84
1531 29 68
1540 29 77
1545 29 81
1547 29 64
1551 29 71
1562 29 67
1570 29 72
1583 29 88
1584 29 49
1589 29 81
1593 29 63
1596 29 70
1600 29 66
1629 29 62
1632 29 80
1656 29 68
1657 29 65
1675 29 50
1685 29 61
1686 29 59
1703 29 43
1705 29 64
1708 29 45
1725 29 61
1727 29 44
1731 29 57
1735 29 47
1740 29 52
1756 29 43
1768 29 59
1770 29 49
1771 29 50
1775 29 42
1777 29 39
1797 29 55
1805 29 53
1813 29 48
1818 29 47
1819 29 46
1825 29 53
1828 29 46
1838 29 37
1843 29 65
1851 29 63
1853 29 42
1883 29 38
1886 29 44
1889 29 45
1900 29 38
1914 29 50
1917 29 34
1920 29 38
1924 29 33
1926 29 43
1932 29 45
1936 29 42
1952 29 40
1958 29 45
1965 29 46
1968 29 39
1973 29 45
1976 29 37
1979 29 36
1983 29 29
1993 29 39
1999 29 32
2001 29 32
2016 29 35
2017 29 38
2025 29 34
2032 29 38
2049 29 29
2056 29 41
2057 29 41
2071 29 28
2073 29 32
2085 29 26
2088 29 33
2093 29 23
2107 29 30
2116 29 24
2119 29 28
2129 29 29
2138 29 27
2154 29 31
2161 29 17
2173 29 32
2174 29 33
2183 29 23
2186 29 23
2192 29 40
2212 29 23
2222 29 27
2223 29 32
2226 29 22
2227 29 30
2228 29 23
2235 29 24
2241 29 28
2246 29 24
2257 29 22
2259 29 28
2262 29 28
2269 29 21
2272 29 19
2289 29 23
2295 29 20
2303 29 25
2316 29 25
2321 29 21
2326 29 20
2334 29 14
2356 29 15
2358 29 22
2360 29 17
2362 29 12
2371 29 19
2376 29 9
2379 29 20
2385 29 12
2390 29 15
2394 29 13
2400 29 13
2410 29 10
2411 29 9
2418 29 16
2422 29 8
2448 29 14
2449 29 11
2469 29 11
2470 29 19
2471 29 12
2481 29 13
2484 29 13
2490 29 10
2494 29 7
2501 29 11
2507 29 10
2511 29 7
2513 29 8
2514 29 6
2516 29 8
2520 29 10
2528 29 9
2537 29 7
2541 29 12
2562 29 11
2588 29 6
2616 29 5
2619 29 6
2623 29 7
2647 29 5
2655 29 4
2658 29 7
2663 29 3
2665 29 9
2683 29 4
2706 29 4
2711 29 3
2719 29 8
2721 29 6
2746 29 4
2784 29 3
2785 29 3
2808 29 2
2820 29 3
2825 29 2
2826 29 4
2830 29 3
2847 29 2
2873 29 1
2881 29 1
2896 29 4
2901 29 1
2921 29 2
2932 29 1
2937 29 1
2941 29 1
2944 29 1
2949 29 2
2954 29 1
2961 29 1
2962 29 2
2964 29 1
2973 29 1
2975 29 1
2980 29 1
2990 29 1
2999 29 1
2 30 318
3 30 309
4 30 290
5 30 351
8 30 291
10 30 313
11 30 291
13 30 305
14 30 279
15 30 315
16 30 268
19 30 300
20 30 334
22 30 328
23 30 284
28 30 290
31 30 289
32 30 321
33 30 314
35 30 306
36 30 292
37 30 264
41 30 266
43 30 295
44 30 290
47 30 298
53 30 301
57 30 285
58 30 282
67 30 290
68 30 300
69 30 286
71 30 273
72 30 261
80 30 293
81 30 286
84 30 298
90 30 282
91 30 290
92 30 250
94 30 280
95 30 274
96 30 270
104 30 272
109 30 286
113 30 282
115 30 296
116 30 274
117 30 273
118 30 262
120 30 294
121 30 286
122 30 291
123 30 262
128 30 307
132 30 249
133 30 273
134 30 286
138 30 285
144 30 282
151 30 280
154 30 267
155 30 265
156 30 282
159 30 304
164 30 245
165 30 270
169 30 286
172 30 285
174 30 249
176 30 244
178 30 297
181 30 260
184 30 275
185 30 285
186 30 286
189 30 265
190 30 274
191 30 262
192 30 253
193 30 251
194 30 299
196 30 233
198 30 256
203 30 265
204 30 273
205 30 275
208 30 267
209 30 268
213 30 295
214 30 238
216 30 232
217 30 264
218 30 286
224 30 266
229 30 245
230 30 275
233 30 238
234 30 263
235 30 248
240 30 268
241 30 259
242 30 256
244 30 249
251 30 240
255 30 260
256 30 248
257 30 240
259 30 270
266 30 245
267 30 290
269 30 244
270 30 235
273 30 264
274 30 263
275 30 261
276 30 248
277 30 220
278 30 228
283 30 212
285 30 234
289 30 243
290 30 267
296 30 255
297 30 257
303 30 256
304 30 230
305 30 241
306 30 226
307 30 253
309 30 257
311 30 218
314 30 253
319 30 217
322 30 256
323 30 238
324 30 246
328 30 238
329 30 203
330 30 241
336 30 245
337 30 252
339 30 241
340 30 255
346 30 262
348 30 231
349 30 208
359 30 227
363 30 247
364 30 219
365 30 220
366 30 242
367 30 225
372 30 217
374 30 218
376 30 231
378 30 218
388 30 218
391 30 236
392 30 244
394 30 265
395 30 227
397 30 227
398 30 241
400 30 220
401 30 234
403 30 227
408 30 242
409 30 213
410 30 232
411 30 227
413 30 213
415 30 205
416 30 207
417 30 209
418 30 247
419 30 213
420 30 218
426 30 239
429 30 251
430 30 217
431 30 219
434 30 222
437 30 209
445 30 215
449 30 226
452 30 213
458 30 205
460 30 208
463 30 228
467 30 243
468 30 185
472 30 220
473 30 231
476 30 225
480 30 209
484 30 229
486 30 226
488 30 224
491 30 214
492 30 181
493 30 193
495 30 247
497 30 208
501 30 219
503 30 218
504 30 188
505 30 206
510 30 174
512 30 196
516 30 198
518 30 194
525 30 227
526 30 195
529 30 217
531 30 241
532 30 214
533 30 201
534 30 216
535 30 222
539 30 207
543 30 202
545 30 212
546 30 211
549 30 209
551 30 199
554 30 204
555 30 169
562 30 200
563 30 205
565 30 194
576 30 209
579 30 216
581 30 208
584 30 174
591 30 208
592 30 197
598 30 185
599 30 201
605 30 182
608 30 215
611 30 196
614 30 191
621 30 161
625 30 179
627 30 166
628 30 212
630 30 199
632 30 200
639 30 207
642 30 203
644 30 214
645 30 197
647 30 176
652 30 193
654 30 186
658 30 187
661 30 185
663 30 198
667 30 181
668 30 193
670 30 163
672 30 207
675 30 180
682 30 166
683 30 179
684 30 183
685 30 167
687 30 159
703 30 170
704 30 169
707 30 172
710 30 189
714 30 157
720 30 176
721 30 184
722 30 176
725 30 195
728 30 175
730 30 170
738 30 181
740 30 174
745 30 166
746 30 176
750 30 185
752 30 164
756 30 158
759 30 182
768 30 172
770 30 153
773 30 181
775 30 149
777 30 182
779 30 133
789 30 199
794 30 187
796 30 158
797 30 138
800 30 160
802 30 173
803 30 156
804 30 165
808 30 180
809 30 175
813 30 193
815 30 153
816 30 157
817 30 143
823 30 151
825 30 141
826 30 179
829 30 179
838 30 168
839 30 140
841 30 176
842 30 135
849 30 147
850 30 138
851 30 167
852 30 166
857 30 160
858 30 139
870 30 146
872 30 124
886 30 145
895 30 124
896 30 137
897 30 150
899 30 162
904 30 133
905 30 140
906 30 161
918 30 162
921 30 138
930 30 142
931 30 132
932 30 144
940 30 150
947 30 148
949 30 144
952 30 137
954 30 145
957 30 164
963 30 135
967 30 149
970 30 164
976 30 149
980 30 145
988 30 129
991 30 136
996 30 151
1003 30 113
1004 30 118
1011 30 111
1021 30 130
1023 30 129
1024 30 134
1025 30 117
1028 30 144
1029 30 127
1030 30 124
1035 30 108
1037 30 144
1039 30 154
1040 30 128
1043 30 117
1045 30 142
1051 30 134
1055 30 130
1056 30 127
1058 30 116
1061 30 135
1063 30 135
1067 30 118
1069 30 114
1075 30 136
1077 30 134
1079 30 138
1080 30 128
1082 30 134
1087 30 118
1091 30 116
1092 30 137
1096 30 115
1098 30 120
1104 30 109
1107 30 136
1108 30 134
1111 30 120
1113 30 124
1119 30 128
1124 30 101
1129 30 118
1132 30 110
1137 30 124
1140 30 111
1146 30 106
1150 30 117
1152 30 125
1154 30 133
1159 30 122
1160 30 127
1164 30 95
1172 30 135
1178 30 126
1179 30 121
1197 30 99
1200 30 130
1202 30 112
1206 30 129
1215 30 95
1221 30 90
1224 30 105
1225 30 92
1230 30 121
1237 30 78
1238 30 97
1240 30 111
1241 30 113
1245 30 122
1249 30 132
1256 30 119
1258 30 97
1259 30 117
1266 30 104
1268 30 101
1269 30 101
1272 30 90
1275 30 104
1282 30 111
1298 30 104
1303 30 103
1305 30 106
1311 30 115
1318 30 82
1321 30 96
1325 30 120
1326 30 92
1331 30 103
1332 30 94
1336 30 106
1337 30 78
1341 30 100
1345 30 96
1350 30 101
1355 30 95
1369 30 83
1376 30 96
1377 30 107
1379 30 86
1382 30 79
1385 30 91
1386 30 100
1390 30 85
1391 30 85
1396 30 80
1397 30 82
1398 30 97
1404 30 75
1407 30 82
1409 30 79
1419 30 91
1421 30 85
1429 30 82
1439 30 83
1440 30 87
1441 30 88
1449 30 74
1454 30 77
1457 30 91
1469 30 81
1475 30 82
1477 30 80
1483 30 71
1489 30 83
1497 30 67
1503 30 89
1508 30 56
1524 30 69
1528 30 85
1541 30 91
1548 30 77
1559 30 87
1562 30 68
1563 30 72
1564 30 65
1572 30 68
1587 30 63
1590 30 65
1592 30 62
1596 30 81
1601 30 77
1607 30 75
1613 30 70
1615 30 56
1631 30 56
1640 30 66
1643 30 87
1646 30 74
1656 30 66
1660 30 52
1667 30 71
1673 30 64
1675 30 58
1680 30 66
1684 30 47
1689 30 63
1690 30 63
1695 30 52
1699 30 59
1701 30 57
1711 30 63
1713 30 62
1724 30 49
1725 30 54
1727 30 41
1728 30 52
1741 30 58
1743 30 56
1750 30 45
1755 30 50
1758 30 60
1762 30 57
1767 30 64
1779 30 50
1781 30 57
1785 30 48
1791 30 47
1792 30 43
1811 30 54
1813 30 54
1815 30 42
1816 30 63
1819 30 46
1824 30 48
1829 30 49
1830 30 52
1833 30 45
1835 30 59
1839 30 35
1841 30 59
1844 30 46
1847 30 38
1856 30 47
1857 30 45
1859 30 35
1860 30 49
1863 30 41
1864 30 45
1872 30 53
1873 30 39
1877 30 31
1890 30 48
1903 30 49
1904 30 43
1907 30 46
1908 30 26
1918 30 45
1922 30 32
1927 30 42
1952 30 41
1959 30 43
1963 30 33
1980 30 26
1994 30 35
1995 30 43
1999 30 38
2008 30 40
2025 30 34
2026 30 41
2031 30 29
2032 30 36
2035 30 39
2046 30 31
2055 30 36
2057 30 35
2058 30 30
2062 30 28
2071 30 43
2073 30 28
2076 30 27
2081 30 23
2082 30 27
2087 30 30
2088 30 26
2094 30 34
2096 30 27
2099 30 27
2105 30 34
2119 30 29
2132 30 28
2149 30 18
2159 30 29
2172 30 26
2178 30 23
2180 30 25
2182 30 29
2185 30 30
2194 30 18
2206 30 21
2213 30 20
2237 30 24
2240 30 23
2241 30 13
2245 30 20
2249 30 24
2256 30 20
2262 30 27
2263 30 28
2266 30 23
2267 30 18
2270 30 17
2271 30 22
2277 30 22
2282 30 22
2291 30 18
2295 30 21
2296 30 18
2300 30 19
2312 30 16
2315 30 16
2316 30 16
2319 30 16
2331 30 14
2341 30 17
2354 30 13
2366 30 12
2368 30 9
2373 30 13
2379 30 12
2385 30 12
2387 30 8
2395 30 14
2407 30 6
2410 30 20
2419 30 13
2422 30 17
2426 30 11
2437 30 12
2442 30 13
2456 30 16
2459 30 11
2460 30 12
2461 30 11
2462 30 10
2464 30 12
2465 30 16
2469 30 11
2471 30 5
2475 30 13
2478 30 11
2495 30 9
2504 30 16
2510 30 10
2519 30 11
2521 30 8
2522 30 14
2529 30 12
2542 30 11
2543 30 12
2565 30 9
2582 30 8
2584 30 7
2587 30 6
2589 30 6
2600 30 8
2601 30 7
2605 30 2
2624 30 6
2631 30 2
2634 30 8
2644 30 12
2652 30 8
2654 30 5
2665 30 5
2671 30 3
2675 30 3
2681 30 5
2683 30 7
2686 30 2
2696 30 6
2703 30 3
2704 30 5
2706 30 2
2708 30 3
2716 30 6
2720 30 4
2723 30 5
2726 30 2
2728 30 5
2729 30 4
2737 30 4
2752 30 4
2759 30 4
2769 30 4
2783 30 1
2791 30 3
2799 30 3
2805 30 5
2810 30 3
2812 30 2
2820 30 3
2828 30 3
2830 30 6
2858 30 3
2863 30 3
2865 30 2
2882 30 3
2888 30 2
2891 30 1
2899 30 1
2912 30 1
2918 30 1
2935 30 1
2937 30 2
2940 30 2
2947 30 1
2958 30 1
2966 30 1
2978 30 1
0 31 332
2 31 340
4 31 296
5 31 309
12 31 303
13 31 287
19 31 313
20 31 307
21 31 332
22 31 314
27 31 315
29 31 290
33 31 294
36 31 291
43 31 254
44 31 287
50 31 269
51 31 330
52 31 285
55 31 309
56 31 315
57 31 319
60 31 310
67 31 307
69 31 307
74 31 299
77 31 268
78 31 292
80 31 311
81 31 308
83 31 261
86 31 310
87 31 285
91 31 324
92 31 272
93 31 275
94 31 267
96 31 275
100 31 299
101 31 295
104 31 297
107 31 270
108 31 266
109 31 307
110 31 264
111 31 286
117 31 292
125 31 297
127 31 279
131 31 276
133 31 273
135 31 281
139 31 268
142 31 246
148 31 269
149 31 270
151 31 258
152 31 262
153 31 257
154 31 251
155 31 289
157 31 285
158 31 282
160 31 265
162 31 295
164 31 264
172 31 255
176 31 284
179 31 268
182 31 281
184 31 251
186 31 264
189 31 277
190 31 259
191 31 292
195 31 254
197 31 283
199 31 243
203 31 263
204 31 258
207 31 244
209 31 257
210 31 267
211 31 240
212 31 237
214 31 257
218 31 234
223 31 268
229 31 270
241 31 268
246 31 266
248 31 247
250 31 254
252 31 227
253 31 237
257 31 262
260 31 242
264 31 252
266 31 241
267 31 260
268 31 266
270 31 249
275 31 256
277 31 261
280 31 259
281 31 250
282 31 240
283 31 250
287 31 242
288 31 263
289 31 228
291 31 228
298 31 241
299 31 249
303 31 281
304 31 237
305 31 242
306 31 248
307 31 227
308 31 241
309 31 231
311 31 229
312 31 246
315 31 224
317 31 276
319 31 221
322 31 245
324 31 237
326 31 242
327 31 240
330 31 210
333 31 237
340 31 246
341 31 226
343 31 259
345 31 219
346 31 227
355 31 213
357 31 214
358 31 253
359 31 235
360 31 240
366 31 217
368 31 229
373 31 218
374 31 241
378 31 247
379 31 220
381 31 241
383 31 230
384 31 234
387 31 251
388 31 217
389 31 226
390 31 231
392 31 219
397 31 238
399 31 226
400 31 210
404 31 226
405 31 227
413 31 227
416 31 255
417 31 223
422 31 235
428 31 210
432 31 233
433 31 250
435 31 223
438 31 206
441 31 217
442 31 214
443 31 231
446 31 220
447 31 208
449 31 238
454 31 221
459 31 218
461 31 205
462 31 221
466 31 216
467 31 202
469 31 190
478 31 185
485 31 232
489 31 237
491 31 199
496 31 218
498 31 229
503 31 207
506 31 199
515 31 228
516 31 191
523 31 193
524 31 198
527 31 199
530 31 200
534 31 194
540 31 189
544 31 230
546 31 188
548 31 216
555 31 191
559 31 205
560 31 222
564 31 191
566 31 172
569 31 179
570 31 181
577 31 196
583 31 190
585 31 192
587 31 204
590 31 176
592 31 209
594 31 196
595 31 203
598 31 184
599 31 191
600 31 186
603 31 178
607 31 217
608 31 180
614 31 182
620 31 199
625 31 189
626 31 170
628 31 176
629 31 201
630 31 173
632 31 175
634 31 180
637 31 188
638 31 180
641 31 205
643 31 200
645 31 190
646 31 187
647 31 192
651 31 175
659 31 184
661 31 179
665 31 191
667 31 175
671 31 179
672 31 188
673 31 187
677 31 194
679 31 179
680 31 172
682 31 188
684 31 162
685 31 211
688 31 183
689 31 168
690 31 180
692 31 180
693 31 169
694 31 170
695 31 194
696 31 196
697 31 157
699 31 154
701 31 173
704 31 195
708 31 176
709 31 188
710 31 192
711 31 178
713 31 177
714 31 186
727 31 157
729 31 181
737 31 178
755 31 205
763 31 165
771 31 167
774 31 163
776 31 154
778 31 181
783 31 164
785 31 178
787 31 162
788 31 177
795 31 139
804 31 149
811 31 150
816 31 160
818 31 170
819 31 172
821 31 154
824 31 152
825 31 164
828 31 167
831 31 161
833 31 165
838 31 151
846 31 144
848 31 153
849 31 157
854 31 157
856 31 158
869 31 148
870 31 161
875 31 155
879 31 152
881 31 157
882 31 128
889 31 139
895 31 168
896 31 160
902 31 134
909 31 180
914 31 141
920 31 162
924 31 137
925 31 156
928 31 157
930 31 136
933 31 129
934 31 144
936 31 131
938 31 173
939 31 140
941 31 148
943 31 129
949 31 136
951 31 141
958 31 117
959 31 134
961 31 147
964 31 144
975 31 128
980 31 127
981 31 137
984 31 147
987 31 160
988 31 151
991 31 135
992 31 126
1013 31 141
1022 31 128
1038 31 132
1041 31 127
1045 31 140
1047 31 124
1048 31 119
1052 31 117
1056 31 135
1059 31 129
1063 31 113
1067 31 124
1071 31 146
1072 31 115
1075 31 110
1077 31 123
1081 31 108
1083 31 120
1086 31 120
1089 31 109
1094 31 143
1097 31 120
1100 31 154
1105 31 123
1106 31 127
1107 31 123
1108 31 123
1119 31 106
1122 31 111
1123 31 109
1124 31 126
1144 31 128
1145 31 125
1146 31 106
1147 31 104
1156 31 95
1160 31 122
1161 31 111
1168 31 112
1177 31 119
1178 31 129
1180 31 118
1181 31 111
1183 31 96
1185 31 107
1187 31 106
1189 31 119
1193 31 100
1203 31 117
1212 31 121
1213 31 115
1217 31 89
1222 31 108
1226 31 93
1229 31 103
1230 31 107
1234 31 105
1236 31 109
1237 31 91
1239 31 107
1241 31 106
1244 31 104
1248 31 93
1249 31 111
1250 31 111
1251 31 105
1252 31 113
1257 31 110
1261 31 106
1266 31 109
1268 31 101
1269 31 102
1270 31 117
1273 31 100
1275 31 98
1281 31 103
1284 31 108
1287 31 107
1297 31 107
1307 31 105
1314 31 97
1319 31 89
1324 31 89
1325 31 71
1328 31 104
1339 31 82
1340 31 103
1350 31 95
1352 31 86
1354 31 82
1367 31 103
1374 31 89
1384 31 87
1390 31 77
1397 31 83
1405 31 101
1407 31 84
1424 31 86
1428 31 85
1429 31 90
1430 31 94
1431 31 83
1434 31 97
1436 31 87
1448 31 92
1450 31 82
1462 31 70
1466 31 75
1469 31 82
1473 31 76
1474 31 82
1482 31 69
1486 31 69
1490 31 69
1493 31 90
1495 31 75
1498 31 89
1501 31 79
1511 31 54
1518 31 78
1519 31 72
1527 31 85
1530 31 71
1536 31 60
1544 31 89
1548 31 54
1553 31 79
1554 31 71
1560 31 70
1561 31 64
1565 31 86
1566 31 89
1570 31 72
1581 31 70
1582 31 73
1585 31 75
1599 31 69
1603 31 68
1625 31 90
1630 31 77
1631 31 69
1633 31 70
1634 31 53
1646 31 71
1665 31 63
1669 31 63
1670 31 77
1673 31 60
1677 31 58
1682 31 72
1684 31 55
1686 31 64
1687 31 44
1689 31 55
1707 31 57
1713 31 54
1719 31 69
1733 31 65
1734 31 52
1746 31 51
1753 31 52
1756 31 45
1758 31 45
1759 31 47
1777 31 48
1780 31 45
1785 31 45
1787 31 50
1791 31 53
1803 31 43
1804 31 61
1807 31 51
1808 31 45
1809 31 54
1818 31 41
1822 31 50
1824 31 49
1828 31 38
1831 31 46
1847 31 44
1851 31 56
1857 31 37
1858 31 53
1864 31 36
1868 31 33
1870 31 39
1876 31 35
1880 31 40
1888 31 49
1895 31 45
1896 31 47
1901 31 41
1903 31 43
1906 31 32
1909 31 40
1911 31 45
1916 31 41
1921 31 43
1923 31 40
1925 31 46
1935 31 34
1940 31 37
1953 31 41
1964 31 49
1965 31 34
1976 31 40
1980 31 40
1984 31 45
1986 31 38
1987 31 41
2004 31 33
2013 31 30
2020 31 37
2027 31 36
2030 31 41
2037 31 27
2045 31 29
2052 31 23
2056 31 27
2062 31 39
2064 31 26
2069 31 36
2071 31 35
2074 31 31
2083 31 38
2098 31 36
2100 31 31
2103 31 30
2113 31 30
2114 31 19
2115 31 24
2116 31 23
2130 31 25
2138 31 24
2150 31 27
2162 31 33
2169 31 37
2171 31 28
2172 31 23
2180 31 26
2185 31 28
2187 31 23
2188 31 20
2196 31 20
2199 31 33
2214 31 27
2229 31 21
2259 31 24
2260 31 19
2261 31 22
2268 31 29
2284 31 13
2287 31 21
2288 31 14
2296 31 22
2308 31 14
2311 31 15
2314 31 18
2318 31 13
2319 31 20
2322 31 14
2325 31 9
2332 31 17
2337 31 19
2346 31 12
2355 31 19
2363 31 16
2374 31 10
2377 31 18
2398 31 13
2405 31 15
2415 31 13
2428 31 14
2430 31 16
2432 31 8
2443 31 12
2451 31 18
2456 31 19
2457 31 16
2458 31 10
2461 31 13
2470 31 14
2476 31 10
2479 31 11
2485 31 8
2492 31 10
2495 31 13
2523 31 3
2524 31 17
2537 31 8
2541 31 12
2545 31 9
2548 31 5
2557 31 3
2562 31 5
2570 31 4
2577 31 7
2578 31 8
2581 31 9
2585 31 7
2620 31 9
2623 31 7
2628 31 13
2644 31 6
2651 31 6
2659 31 7
2661 31 8
2668 31 7
2671 31 6
2673 31 4
2675 31 3
2683 31 3
2703 31 3
2704 31 2
2730 31 4
2731 31 1
2747 31 1
2750 31 1
2758 31 6
2772 31 3
2776 31 4
2777 31 4
2789 31 3
2790 31 1
2794 31 6
2796 31 3
2816 31 1
2817 31 2
2824 31 1
2826 31 1
2843 31 3
2852 31 1
2855 31 1
2861 31 1
2862 31 3
2876 31 4
2878 31 1
2914 31 1
2931 31 2
2936 31 1
2941 31 1
2954 31 1
2956 31 1
2957 31 1
2963 31 1
2982 31 1
2989 31 1
0 32 331
2 32 315
3 32 290
4 32 309
5 32 291
7 32 267
8 32 280
9 32 297
12 32 288
14 32 308
15 32 277
18 32 306
19 32 281
22 32 291
23 32 291
26 32 309
31 32 272
33 32 298
35 32 292
36 32 282
37 32 306
40 32 298
41 32 298
42 32 287
44 32 303
47 32 313
48 32 304
51 32 326
59 32 283
60 32 288
61 32 286
63 32 265
65 32 288
68 32 287
71 32 309
72 32 297
73 32 257
77 32 271
78 32 277
79 32 279
80 32 307
81 32 250
85 32 302
86 32 280
90 32 269
92 32 288
93 32 299
95 32 305
97 32 262
98 32 292
105 32 261
108 32 265
109 32 269
116 32 280
117 32 287
119 32 281
120 32 307
123 32 281
124 32 275
127 32 248
128 32 285
129 32 289
132 32 263
135 32 264
137 32 275
139 32 258
140 32 290
141 32 265
143 32 297
144 32 268
145 32 287
149 32 271
153 32 253
154 32 290
156 32 277
162 32 284
163 32 268
164 32 243
166 32 254
168 32 264
169 32 273
172 32 267
174 32 254
176 32 270
177 32 258
178 32 250
179 32 253
180 32 234
183 32 267
184 32 257
185 32 263
190 32 248
192 32 303
193 32 271
194 32 273
198 32 241
200 32 270
202 32 240
203 32 255
204 32 258
206 32 277
207 32 266
210 32 237
211 32 246
212 32 280
213 32 279
214 32 271
219 32 257
223 32 253
224 32 256
227 32 250
232 32 247
237 32 241
238 32 267
239 32 247
243 32 243
247 32 241
248 32 244
250 32 243
254 32 274
258 32 266
259 32 245
262 32 239
263 32 229
264 32 246
265 32 279
268 32 271
271 32 243
272 32 233
274 32 258
277 32 233
280 32 270
282 32 270
286 32 238
289 32 258
292 32 257
293 32 266
294 32 241
297 32 238
300 32 234
301 32 227
311 32 257
313 32 239
314 32 258
315 32 241
317 32 231
318 32 230
319 32 218
320 32 235
322 32 244
324 32 247
329 32 236
331 32 253
334 32 269
336 32 259
342 32 248
343 32 222
345 32 234
346 32 211
351 32 252
354 32 240
356 32 235
357 32 235
360 32 230
361 32 253
364 32 226
365 32 232
368 32 217
370 32 240
371 32 259
373 32 213
374 32 236
377 32 238
381 32 211
382 32 207
385 32 205
386 32 236
387 32 221
388 32 233
393 32 227
397 32 207
400 32 217
402 32 217
403 32 231
407 32 217
413 32 202
417 32 205
419 32 251
420 32 217
423 32 212
425 32 213
429 32 217
430 32 220
438 32 203
440 32 220
450 32 208
451 32 223
453 32 230
461 32 219
462 32 209
466 32 236
467 32 226
473 32 212
474 32 210
477 32 211
479 32 219
484 32 216
485 32 212
486 32 202
490 32 199
495 32 241
496 32 202
499 32 222
500 32 207
502 32 229
503 32 201
506 32 226
509 32 199
511 32 237
514 32 204
516 32 224
517 32 203
518 32 199
519 32 215
525 32 211
526 32 178
529 32 209
533 32 200
534 32 234
535 32 188
538 32 201
539 32 211
542 32 182
544 32 212
545 32 207
546 32 203
547 32 203
557 32 192
558 32 207
559 32 205
565 32 203
567 32 194
569 32 206
577 32 187
579 32 184
581 32 202
582 32 205
588 32 203
589 32 210
591 32 194
600 32 208
601 32 190
608 32 187
610 32 209
611 32 203
612 32 209
615 32 203
617 32 181
622 32 180
623 32 203
624 32 208
626 32 190
628 32 194
629 32 166
630 32 178
633 32 180
634 32 215
636 32 191
637 32 189
638 32 181
639 32 180
642 32 188
645 32 177
646 32 187
648 32 178
651 32 190
660 32 185
665 32 212
675 32 179
676 32 162
681 32 187
683 32 160
686 32 158
687 32 175
692 32 175
693 32 180
703 32 176
714 32 182
722 32 188
723 32 171
724 32 172
729 32 195
730 32 185
731 32 164
738 32 151
739 32 164
740 32 174
743 32 173
745 32 176
746 32 166
755 32 186
758 32 189
759 32 174
761 32 164
767 32 161
769 32 176
777 32 156
780 32 163
781 32 176
782 32 169
787 32 153
789 32 167
794 32 150
795 32 163
797 32 160
798 32 147
802 32 147
804 32 163
805 32 166
807 32 158
809 32 169
812 32 170
817 32 166
818 32 156
819 32 153
824 32 145
825 32 137
826 32 168
830 32 156
831 32 173
841 32 157
844 32 175
846 32 157
852 32 162
853 32 159
855 32 149
858 32 164
876 32 160
880 32 136
881 32 153
888 32 169
889 32 148
893 32 136
898 32 167
908 32 132
915 32 133
916 32 137
919 32 142
921 32 137
923 32 140
924 32 156
927 32 150
930 32 143
934 32 131
938 32 136
939 32 138
940 32 150
941 32 155
942 32 155
947 32 147
950 32 135
954 32 131
957 32 130
960 32 145
962 32 129
963 32 155
967 32 150
970 32 129
971 32 106
974 32 140
975 32 150
986 32 126
987 32 132
993 32 156
997 32 142
1005 32 113
1009 32 145
1013 32 136
1014 32 131
1017 32 128
1023 32 142
1024 32 144
1025 32 140
1033 32 135
1035 32 132
1037 32 159
1038 32 129
1040 32 126
1041 32 127
1046 32 111
1048 32 132
1053 32 132
1059 32 128
1063 32 141
1068 32 119
1071 32 124
1073 32 125
1074 32 113
1095 32 105
1096 32 129
1100 32 117
1109 32 133
1116 32 118
1120 32 131
1124 32 121
1127 32 109
1135 32 123
1136 32 112
1138 32 107
1139 32 123
1147 32 144
1153 32 118
1154 32 112
1159 32 120
1160 32 113
1162 32 140
1168 32 104
1169 32 108
1175 32 109
1177 32 110
1178 32 93
1184 32 117
1195 32 103
1197 32 121
1200 32 100
1204 32 124
1213 32 132
1219 32 100
1220 32 114
1230 32 100
1242 32 104
1243 32 112
1247 32 115
1258 32 88
1259 32 99
1263 32 82
1264 32 90
1270 32 92
1271 32 99
1275 32 86
1285 32 99
1289 32 75
1296 32 84
1300 32 99
1304 32 90
1307 32 110
1309 32 96
1310 32 81
1312 32 114
1313 32 98
1315 32 101
1318 32 88
1332 32 85
1338 32 92
1342 32 72
1348 32 81
1349 32 85
1351 32 76
1362 32 113
1368 32 82
1373 32 90
1376 32 97
1377 32 92
1385 32 94
1388 32 92
1392 32 85
1397 32 90
1402 32 85
1403 32 83
1410 32 97
1412 32 85
1413 32 81
1421 32 84
1423 32 62
1434 32 85
1441 32 76
1442 32 76
1449 32 73
1452 32 70
1461 32 75
1467 32 100
1472 32 87
1478 32 77
1493 32 66
1495 32 81
1499 32 77
1501 32 73
1509 32 71
1510 32 75
1517 32 78
1523 32 86
1526 32 79
1529 32 79
1532 32 60
1539 32 57
1540 32 67
1549 32 72
1564 32 67
1565 32 59
1569 32 72
1571 32 55
1583 32 82
1584 32 65
1588 32 63
1589 32 71
1591 32 73
1593 32 66
1597 32 69
1606 32 85
1632 32 58
1640 32 72
1642 32 44
1644 32 49
1646 32 69
1648 32 77
1651 32 64
1652 32 70
1665 32 66
1672 32 65
1689 32 63
1692 32 66
1693 32 51
1695 32 63
1702 32 63
1703 32 55
1706 32 56
1712 32 51
1729 32 71
1730 32 58
1735 32 62
1736 32 62
1743 32 50
1746 32 39
1750 32 68
1753 32 54
1762 32 48
1766 32 48
1767 32 53
1777 32 51
1778 32 46
1799 32 47
1808 32 35
1811 32 45
1826 32 44
1828 32 60
1839 32 56
1853 32 40
1858 32 34
1859 32 54
1860 32 50
1864 32 57
1865 32 50
1877 32 54
1886 32 53
1894 32 46
1896 32 45
1897 32 45
1901 32 40
1909 32 34
1919 32 41
1921 32 50
1924 32 39
1925 32 34
1928 32 49
1931 32 32
1934 32 32
1938 32 37
1942 32 45
1950 32 55
1951 32 34
1954 32 42
1958 32 39
1967 32 35
1969 32 46
1971 32 44
1984 32 34
1987 32 40
1991 32 34
2011 32 34
2012 32 44
2023 32 31
2033 32 32
2041 32 36
2044 32 33
2047 32 31
2049 32 35
2052 32 23
2081 32 34
2095 32 23
2096 32 22
2102 32 35
2126 32 23
2127 32 25
2130 32 26
2134 32 21
2142 32 33
2145 32 20
2175 32 25
2178 32 18
2179 32 26
2180 32 22
2193 32 24
2194 32 25
2207 32 13
2230 32 12
2232 32 19
2261 32 19
2270 32 18
2274 32 19
2285 32 15
2291 32 19
2292 32 25
2301 32 14
2312 32 16
2314 32 21
2332 32 22
2335 32 12
2336 32 23
2337 32 17
2346 32 20
2351 32 14
2355 32 15
2368 32 10
2372 32 10
2387 32 12
2392 32 13
2393 32 11
2408 32 9
2415 32 14
2418 32 17
2422 32 12
2424 32 12
2447 32 12
2458 32 14
2462 32 15
2466 32 13
2476 32 7
2488 32 12
2505 32 9
2509 32 8
2532 32 10
2557 32 13
2560 32 3
2562 32 5
2572 32 3
2611 32 7
2637 32 6
2640 32 8
2646 32 5
2668 32 4
2669 32 7
2679 32 5
2681 32 6
2682 32 3
2686 32 6
2715 32 8
2726 32 5
2730 32 4
2734 32 5
2751 32 2
2754 32 3
2771 32 3
2779 32 3
2783 32 4
2784 32 2
2805 32 3
2806 32 3
2810 32 1
2818 32 4
2827 32 2
2828 32 3
2835 32 1
2837 32 2
2844 32 2
2857 32 2
2858 32 3
2862 32 2
2865 32 1
2875 32 2
2878 32 3
2879 32 1
2892 32 2
2895 32 1
2901 32 1
2904 32 2
2905 32 1
2910 32 1
2918 32 2
2923 32 1
2959 32 1
2962 32 1
2968 32 2
2970 32 1
2980 32 1
2985 32 1
2988 32 1
2993 32 1
2 33 281
9 33 333
13 33 316
14 33 259
15 33 304
17 33 285
18 33 299
22 33 300
24 33 293
25 33 286
27 33 302
31 33 307
37 33 293
38 33 286
39 33 292
40 33 280
41 33 307
44 33 296
45 33 263
46 33 285
48 33 317
51 33 292
52 33 270
53 33 295
54 33 279
55 33 294
56 33 274
57 33 271
60 33 297
61 33 267
62 33 307
63 33 291
64 33 305
65 33 280
68 33 298
69 33 260
70 33 286
74 33 295
79 33 301
80 33 262
81 33 283
83 33 284
90 33 297
94 33 289
95 33 262
97 33 309
99 33 264
103 33 274
105 33 286
107 33 260
109 33 314
113 33 284
114 33 293
115 33 287
118 33 276
119 33 284
120 33 293
121 33 281
126 33 263
128 33 271
133 33 263
137 33 255
138 33 261
139 33 276
140 33 262
143 33 249
145 33 286
147 33 247
148 33 283
149 33 283
153 33 279
154 33 266
157 33 286
158 33 256
159 33 264
160 33 298
161 33 253
163 33 253
167 33 265
170 33 236
173 33 255
174 33 255
178 33 287
179 33 278
180 33 296
181 33 271
183 33 238
184 33 250
189 33 238
192 33 290
193 33 260
195 33 279
196 33 252
200 33 266
202 33 306
204 33 278
205 33 241
208 33 259
209 33 300
212 33 256
213 33 264
214 33 255
219 33 292
221 33 261
222 33 267
224 33 239
226 33 247
227 33 256
228 33 290
229 33 260
230 33 247
232 33 240
233 33 263
234 33 250
245 33 251
248 33 249
252 33 269
253 33 263
254 33 250
255 33 253
258 33 262
259 33 273
260 33 245
261 33 260
262 33 257
263 33 262
264 33 281
265 33 210
266 33 226
272 33 257
274 33 244
275 33 237
284 33 249
286 33 247
293 33 239
294 33 238
299 33 251
303 33 251
305 33 240
307 33 252
312 33 253
318 33 209
322 33 243
323 33 270
330 33 247
332 33 239
333 33 244
335 33 227
337 33 273
342 33 218
348 33 231
354 33 192
355 33 220
357 33 230
358 33 250
361 33 229
362 33 246
363 33 240
367 33 238
368 33 210
374 33 252
377 33 232
379 33 206
380 33 242
382 33 234
391 33 230
392 33 229
394 33 230
396 33 233
398 33 234
399 33 263
400 33 249
404 33 221
409 33 193
412 33 222
415 33 229
419 33 232
420 33 239
421 33 203
422 33 234
423 33 228
424 33 217
429 33 208
433 33 219
435 33 244
440 33 212
441 33 238
443 33 227
446 33 237
447 33 214
448 33 222
459 33 201
460 33 236
464 33 211
467 33 214
468 33 218
472 33 210
475 33 209
478 33 204
480 33 223
482 33 198
483 33 239
494 33 227
495 33 214
497 33 194
499 33 215
502 33 203
507 33 221
513 33 223
518 33 208
519 33 217
524 33 199
528 33 199
539 33 236
540 33 181
541 33 218
542 33 207
544 33 210
547 33 200
548 33 218
553 33 203
558 33 203
559 33 225
561 33 214
564 33 206
565 33 207
569 33 204
573 33 177
574 33 191
575 33 187
577 33 210
580 33 218
581 33 174
588 33 168
591 33 193
594 33 210
595 33 225
600 33 199
601 33 177
603 33 185
615 33 201
619 33 197
621 33 177
622 33 218
624 33 187
628 33 179
630 33 208
632 33 194
646 33 181
651 33 206
654 33 172
659 33 179
660 33 180
667 33 184
675 33 178
679 33 185
684 33 193
688 33 175
694 33 185
700 33 181
701 33 182
707 33 163
709 33 187
712 33 169
719 33 198
720 33 173
726 33 179
727 33 178
730 33 180
737 33 186
740 33 184
746 33 172
747 33 167
748 33 171
752 33 170
755 33 155
758 33 189
765 33 151
766 33 167
768 33 172
771 33 169
772 33 152
773 33 145
778 33 154
784 33 159
785 33 182
787 33 161
789 33 161
799 33 170
801 33 144
802 33 168
807 33 156
808 33 160
809 33 158
811 33 192
812 33 154
815 33 163
825 33 158
826 33 157
830 33 166
831 33 144
836 33 174
849 33 178
855 33 145
863 33 162
869 33 150
871 33 139
873 33 154
878 33 143
879 33 156
880 33 141
884 33 151
892 33 143
900 33 127
901 33 163
902 33 161
907 33 139
911 33 145
912 33 136
916 33 148
920 33 168
924 33 137
929 33 146
932 33 130
933 33 133
935 33 144
942 33 171
948 33 131
949 33 120
953 33 155
956 33 136
961 33 134
963 33 146
964 33 143
965 33 162
966 33 133
968 33 123
970 33 154
972 33 139
975 33 143
976 33 140
982 33 133
984 33 124
988 33 128
994 33 132
996 33 130
997 33 129
1000 33 123
1004 33 130
1013 33 129
1015 33 144
1019 33 129
1027 33 123
1032 33 135
1033 33 117
1039 33 116
1043 33 129
1044 33 121
1046 33 124
1048 33 131
1052 33 126
1054 33 129
1061 33 133
1069 33 142
1070 33 136
1074 33 123
1078 33 119
1085 33 119
1096 33 116
1099 33 137
1107 33 127
1112 33 120
1115 33 121
1117 33 124
1118 33 130
1120 33 124
1124 33 131
1126 33 133
1130 33 108
1131 33 107
1138 33 125
1142 33 114
1150 33 99
1151 33 119
1152 33 102
1166 33 90
1168 33 128
1172 33 112
1182 33 116
1188 33 116
1189 33 113
1190 33 116
1192 33 108
1194 33 108
1210 33 107
1211 33 120
1215 33 128
1219 33 104
1220 33 112
1221 33 90
1225 33 125
1236 33 101
1239 33 121
1240 33 100
1246 33 106
1253 33 116
1255 33 108
1259 33 103
1261 33 113
1265 33 133
1267 33 103
1268 33 112
1271 33 107
1280 33 99
1281 33 99
1284 33 106
1296 33 98
1298 33 86
1302 33 100
1306 33 89
1315 33 91
1317 33 83
1328 33 109
1330 33 96
1332 33 105
1336 33 98
1342 33 113
1346 33 91
1348 33 80
1351 33 98
1354 33 107
1358 33 92
1359 33 79
1363 33 90
1365 33 80
1367 33 87
1370 33 92
1374 33 92
1376 33 110
1381 33 91
1386 33 79
1389 33 81
1408 33 99
1413 33 96
1420 33 89
1430 33 88
1439 33 77
1442 33 72
1446 33 95
1448 33 66
1451 33 97
1453 33 91
1454 33 90
1455 33 86
1457 33 81
1464 33 69
1487 33 82
1488 33 90
1490 33 79
1494 33 94
1503 33 76
1506 33 86
1510 33 79
1512 33 68
1516 33 66
1525 33 75
1528 33 71
1535 33 79
1536 33 81
1537 33 73
1543 33 58
1549 33 76
1551 33 81
1553 33 75
1555 33 76
1557 33 74
1564 33 70
1568 33 73
1577 33 88
1578 33 74
1580 33 67
1592 33 69
1599 33 69
1607 33 69
1620 33 79
1625 33 50
1628 33 74
1650 33 63
1655 33 55
1658 33 66
1663 33 47
1672 33 54
1673 33 60
1674 33 59
1686 33 63
1690 33 56
1692 33 56
1696 33 65
1698 33 50
1711 33 72
1713 33 62
1716 33 70
1717 33 58
1727 33 73
1748 33 44
1749 33 63
1751 33 51
1766 33 47
1770 33 52
1781 33 50
1790 33 44
1792 33 55
1793 33 33
1802 33 46
1803 33 50
1814 33 56
1816 33 36
1817 33 49
1820 33 31
1821 33 42
1828 33 58
1830 33 46
1835 33 45
1836 33 45
1841 33 52
1853 33 41
1872 33 36
1883 33 50
1889 33 34
1892 33 34
1903 33 39
1905 33 36
1911 33 48
1912 33 48
1915 33 44
1919 33 36
1920 33 45
1924 33 42
1927 33 38
1930 33 37
1947 33 43
1950 33 38
1957 33 41
1958 33 43
1999 33 25
2003 33 25
2022 33 27
2030 33 27
2056 33 33
2057 33 36
2058 33 26
2069 33 22
2070 33 31
2075 33 32
2088 33 27
2105 33 30
2107 33 29
2117 33 27
2118 33 35
2123 33 27
2128 33 30
2130 33 20
2134 33 37
2137 33 32
2153 33 25
2161 33 15
2163 33 22
2167 33 26
2175 33 24
2182 33 25
2185 33 33
2193 33 20
2201 33 19
2224 33 12
2225 33 25
2227 33 29
2244 33 20
2248 33 18
2252 33 17
2254 33 21
2255 33 21
2258 33 26
2260 33 18
2268 33 16
2270 33 23
2274 33 28
2277 33 19
2290 33 18
2291 33 24
2303 33 18
2306 33 20
2307 33 9
2321 33 25
2336 33 17
2338 33 16
2344 33 20
2359 33 21
2374 33 16
2386 33 16
2418 33 8
2419 33 9
2420 33 9
2421 33 18
2426 33 12
2431 33 10
2438 33 10
2440 33 16
2448 33 9
2458 33 13
2461 33 16
2470 33 6
2473 33 15
2486 33 14
2494 33 13
2496 33 6
2505 33 12
2516 33 8
2519 33 11
2525 33 8
2533 33 12
2537 33 13
2542 33 13
2547 33 10
2551 33 8
2552 33 3
2563 33 5
2575 33 8
2597 33 9
2618 33 4
2619 33 5
2636 33 6
2658 33 5
2659 33 8
2661 33 6
2664 33 4
2667 33 8
2679 33 5
2682 33 2
2710 33 7
2711 33 4
2719 33 4
2729 33 3
2737 33 4
2741 33 2
2752 33 5
2759 33 1
2768 33 3
2776 33 2
2782 33 3
2786 33 4
2815 33 2
2818 33 2
2820 33 5
2822 33 2
2833 33 2
2844 33 2
2873 33 2
2876 33 1
2882 33 1
2913 33 1
2923 33 1
2925 33 1
2926 33 1
2951 33 1
2959 33 1
2960 33 1
2964 33 1
2969 33 1
2971 33 1
2974 33 1
2976 33 1
2984 33 2
2986 33 1
2987 33 1
2995 33 1
2999 33 1
2 34 294
4 34 330
8 34 310
9 34 255
10 34 306
11 34 284
12 34 278
14 34 297
18 34 278
21 34 298
28 34 267
30 34 305
32 34 280
34 34 301
38 34 314
39 34 324
42 34 296
43 34 311
58 34 283
59 34 277
60 34 276
61 34 284
65 34 271
68 34 302
72 34 290
73 34 273
74 34 279
77 34 287
79 34 273
80 34 303
82 34 263
83 34 270
88 34 276
89 34 264
91 34 260
92 34 286
94 34 263
95 34 292
96 34 300
98 34 276
100 34 309
102 34 260
104 34 293
105 34 276
107 34 284
111 34 283
114 34 295
115 34 295
118 34 286
123 34 272
124 34 278
129 34 258
130 34 300
136 34 274
137 34 292
140 34 287
141 34 281
143 34 275
148 34 290
150 34 282
155 34 271
157 34 269
158 34 286
160 34 286
161 34 262
162 34 276
164 34 270
165 34 280
166 34 252
169 34 278
173 34 287
175 34 297
178 34 249
179 34 244
180 34 253
181 34 285
182 34 257
185 34 278
188 34 254
189 34 238
190 34 280
191 34 251
195 34 280
196 34 261
198 34 270
200 34 266
212 34 258
213 34 241
214 34 241
215 34 282
220 34 243
221 34 266
222 34 255
234 34 259
236 34 273
240 34 269
244 34 242
247 34 243
248 34 254
253 34 269
257 34 236
260 34 237
265 34 267
268 34 255
269 34 241
270 34 254
271 34 243
272 34 250
274 34 235
279 34 263
282 34 238
285 34 255
289 34 245
290 34 262
291 34 244
292 34 248
300 34 246
301 34 245
316 34 213
318 34 226
323 34 235
326 34 217
328 34 225
334 34 245
336 34 241
340 34 251
345 34 238
346 34 218
351 34 242
355 34 242
356 34 237
363 34 250
366 34 240
370 34 225
375 34 249
377 34 222
381 34 221
383 34 252
387 34 223
388 34 242
390 34 228
394 34 236
396 34 230
397 34 230
398 34 233
401 34 240
403 34 236
404 34 225
406 34 226
407 34 222
408 34 221
411 34 213
415 34 235
416 34 273
419 34 238
420 34 233
422 34 226
425 34 234
426 34 254
428 34 215
430 34 251
434 34 242
438 34 212
439 34 212
440 34 223
442 34 213
446 34 243
449 34 220
455 34 228
457 34 236
460 34 213
461 34 208
463 34 202
465 34 205
466 34 234
469 34 220
470 34 223
471 34 218
476 34 191
477 34 219
479 34 236
480 34 211
482 34 214
488 34 226
492 34 194
494 34 211
502 34 206
508 34 189
516 34 234
517 34 213
521 34 215
522 34 218
523 34 197
526 34 211
532 34 222
540 34 222
541 34 200
543 34 201
546 34 191
551 34 199
561 34 198
562 34 225
573 34 203
582 34 181
583 34 181
586 34 199
593 34 209
596 34 216
598 34 199
599 34 232
601 34 189
604 34 177
606 34 231
609 34 183
612 34 206
618 34 194
620 34 200
621 34 200
622 34 182
625 34 185
626 34 194
629 34 180
632 34 184
633 34 186
635 34 193
636 34 197
639 34 165
642 34 189
644 34 191
652 34 194
654 34 168
657 34 176
660 34 205
668 34 181
670 34 170
671 34 186
675 34 188
681 34 202
682 34 178
683 34 199
686 34 172
691 34 165
693 34 164
697 34 194
701 34 189
704 34 169
709 34 195
710 34 192
715 34 172
723 34 170
724 34 194
725 34 171
730 34 170
736 34 155
740 34 180
741 34 171
744 34 163
752 34 174
753 34 169
754 34 162
757 34 186
768 34 161
771 34 158
775 34 162
780 34 176
781 34 173
782 34 175
783 34 165
785 34 160
792 34 149
793 34 159
798 34 158
800 34 165
802 34 153
805 34 160
807 34 174
810 34 156
815 34 157
816 34 177
821 34 137
822 34 139
825 34 173
828 34 149
830 34 157
831 34 153
834 34 142
835 34 144
839 34 169
844 34 163
845 34 150
847 34 160
848 34 159
849 34 152
852 34 154
857 34 162
858 34 153
863 34 147
866 34 156
868 34 178
869 34 148
872 34 156
873 34 151
875 34 138
880 34 162
890 34 156
894 34 144
895 34 150
898 34 157
902 34 165
905 34 159
910 34 164
914 34 168
915 34 167
922 34 173
923 34 153
927 34 134
928 34 125
933 34 152
936 34 138
954 34 123
958 34 138
968 34 149
970 34 126
973 34 178
974 34 133
976 34 131
982 34 132
984 34 136
985 34 141
989 34 138
994 34 124
1001 34 144
1002 34 99
1004 34 144
1011 34 126
1015 34 155
1024 34 127
1026 34 124
1027 34 144
1030 34 145
1031 34 131
1032 34 126
1034 34 145
1035 34 131
1037 34 141
1038 34 124
1042 34 114
1056 34 128
1059 34 123
1064 34 97
1065 34 110
1068 34 117
1070 34 127
1073 34 145
1074 34 119
1077 34 154
1087 34 131
1093 34 119
1097 34 115
1099 34 122
1114 34 120
1115 34 132
1119 34 114
1120 34 108
1135 34 119
1145 34 121
1147 34 120
1151 34 120
1154 34 116
1165 34 124
1166 34 105
1168 34 89
1171 34 115
1178 34 123
1181 34 116
1183 34 98
1194 34 117
1203 34 121
1209 34 108
1212 34 110
1215 34 105
1216 34 124
1219 34 87
1220 34 113
1228 34 109
1231 34 100
1232 34 94
1235 34 114
1243 34 104
1252 34 104
1253 34 121
1257 34 112
1262 34 95
1266 34 107
1267 34 102
1274 34 104
1278 34 101
1280 34 98
1285 34 109
1288 34 112
1301 34 117
1307 34 96
1318 34 107
1321 34 116
1325 34 93
1327 34 87
1333 34 97
1335 34 98
1336 34 97
1345 34 89
1346 34 97
1347 34 91
1349 34 85
1351 34 81
1358 34 97
1362 34 93
1367 34 86
1372 34 89
1376 34 115
1381 34 98
1384 34 97
1386 34 80
1400 34 90
1405 34 94
1406 34 79
1408 34 85
1414 34 89
1418 34 104
1423 34 102
1425 34 88
1430 34 76
1434 34 98
1438 34 74
1445 34 80
1448 34 88
1450 34 83
1451 34 72
1452 34 88
1461 34 89
1466 34 54
1475 34 74
1476 34 81
1480 34 85
1489 34 68
1493 34 85
1496 34 59
1500 34 79
1502 34 88
1503 34 99
1504 34 77
1505 34 80
1507 34 88
1514 34 90
1515 34 76
1518 34 81
1524 34 74
1531 34 80
1534 34 52
1535 34 66
1541 34 71
1544 34 66
1552 34 80
1565 34 80
1566 34 66
1568 34 75
1570 34 64
1577 34 90
1578 34 71
1585 34 77
1587 34 64
1594 34 77
1596 34 72
1611 34 70
1613 34 68
1615 34 75
1617 34 72
1618 34 71
1639 34 57
1641 34 67
1647 34 75
1658 34 47
1660 34 64
1669 34 56
1676 34 47
1680 34 60
1697 34 58
1699 34 60
1708 34 60
1715 34 58
1737 34 54
1738 34 60
1740 34 54
1742 34 65
1743 34 50
1749 34 74
1752 34 59
1755 34 47
1761 34 59
1765 34 55
1772 34 53
1785 34 51
1799 34 39
1801 34 60
1810 34 53
1817 34 57
1820 34 64
1836 34 39
1838 34 44
1840 34 49
1849 34 51
1850 34 39
1861 34 46
1869 34 46
1874 34 44
1875 34 52
1878 34 40
1889 34 37
1891 34 48
1892 34 44
1894 34 41
1896 34 42
1900 34 44
1903 34 45
1906 34 31
1917 34 35
1921 34 36
1928 34 35
1929 34 30
1933 34 35
1937 34 38
1938 34 55
1946 34 47
1950 34 30
1951 34 29
1961 34 41
1966 34 35
1983 34 32
1999 34 37
2001 34 38
2015 34 29
2018 34 34
2021 34 28
2025 34 28
2026 34 39
2030 34 26
2040 34 36
2041 34 29
2042 34 28
2049 34 43
2052 34 30
2058 34 29
2072 34 25
2074 34 29
2076 34 36
2079 34 20
2081 34 35
2086 34 33
2087 34 33
2089 34 26
2099 34 24
2101 34 26
2102 34 29
2111 34 21
2129 34 16
2130 34 31
2140 34 24
2143 34 25
2165 34 24
2173 34 21
2181 34 19
2200 34 22
2203 34 24
2204 34 17
2218 34 34
2226 34 29
2233 34 26
2278 34 16
2301 34 17
2302 34 18
2321 34 14
2329 34 27
2333 34 13
2335 34 23
2336 34 13
2345 34 20
2346 34 17
2356 34 15
2359 34 14
2369 34 17
2370 34 15
2382 34 13
2403 34 8
2412 34 15
2427 34 14
2436 34 10
2439 34 12
2471 34 10
2475 34 8
2493 34 12
2505 34 12
2520 34 8
2530 34 8
2531 34 11
2556 34 7
2558 34 6
2570 34 5
2573 34 9
2582 34 9
2594 34 6
2599 34 7
2605 34 9
2627 34 5
2638 34 9
2642 34 5
2644 34 4
2650 34 5
2655 34 12
2668 34 5
2669 34 4
2676 34 7
2686 34 2
2718 34 4
2720 34 2
2722 34 3
2746 34 6
2767 34 1
2787 34 3
2795 34 3
2798 34 3
2807 34 2
2821 34 4
2828 34 3
2840 34 1
2848 34 3
2849 34 1
2852 34 2
2857 34 2
2870 34 3
2872 34 1
2873 34 1
2876 34 1
2879 34 2
2883 34 2
2884 34 1
2903 34 3
2905 34 1
2916 34 1
2944 34 2
2949 34 3
2957 34 1
2968 34 2
2971 34 1
2974 34 1
2977 34 2
2980 34 1
2986 34 1
2988 34 1
2994 34 1
2995 34 1
0 35 306
3 35 273
4 35 301
9 35 311
11 35 293
13 35 290
15 35 293
18 35 282
25 35 306
26 35 295
29 35 321
34 35 312
35 35 293
39 35 319
41 35 347
49 35 263
51 35 290
52 35 259
54 35 303
56 35 259
57 35 266
60 35 276
61 35 295
66 35 308
67 35 279
68 35 277
72 35 262
74 35 281
76 35 296
78 35 288
79 35 281
81 35 265
82 35 280
84 35 281
89 35 272
97 35 289
99 35 281
100 35 268
102 35 300
103 35 243
104 35 272
106 35 296
107 35 258
114 35 284
128 35 246
131 35 273
133 35 267
135 35 249
136 35 301
137 35 278
138 35 284
139 35 289
142 35 300
149 35 285
153 35 272
154 35 235
155 35 305
159 35 294
164 35 280
169 35 298
171 35 275
172 35 266
175 35 259
176 35 279
182 35 259
187 35 248
188 35 252
190 35 272
193 35 282
196 35 281
197 35 260
198 35 287
201 35 245
202 35 258
204 35 228
206 35 247
208 35 236
209 35 248
210 35 276
211 35 262
213 35 283
214 35 268
216 35 238
219 35 258
220 35 229
222 35 260
229 35 249
231 35 220
232 35 264
237 35 250
238 35 243
239 35 251
243 35 237
245 35 255
246 35 262
251 35 278
253 35 268
254 35 281
256 35 223
260 35 257
261 35 246
262 35 262
265 35 265
273 35 249
275 35 259
282 35 236
283 35 261
284 35 252
285 35 269
287 35 253
290 35 268
291 35 257
294 35 261
299 35 256
309 35 247
310 35 251
315 35 241
323 35 232
324 35 223
329 35 236
332 35 233
336 35 246
340 35 227
341 35 249
342 35 258
344 35 229
345 35 243
346 35 241
347 35 215
348 35 250
349 35 240
352 35 249
353 35 222
354 35 249
358 35 232
366 35 238
367 35 217
368 35 239
371 35 219
372 35 247
379 35 244
381 35 217
397 35 215
400 35 231
401 35 249
404 35 208
406 35 220
407 35 221
408 35 216
409 35 201
415 35 213
418 35 226
421 35 228
422 35 236
423 35 218
426 35 217
433 35 232
435 35 202
436 35 222
438 35 227
441 35 232
442 35 213
444 35 228
447 35 217
448 35 242
456 35 220
457 35 226
463 35 202
466 35 226
467 35 226
472 35 228
473 35 221
478 35 213
480 35 219
481 35 224
484 35 220
487 35 212
489 35 220
492 35 212
505 35 209
506 35 214
510 35 211
511 35 205
513 35 194
514 35 190
515 35 197
522 35 224
524 35 229
525 35 197
527 35 195
528 35 204
531 35 202
534 35 205
538 35 220
540 35 194
547 35 199
548 35 222
549 35 223
555 35 229
557 35 227
558 35 215
561 35 206
566 35 221
568 35 214
571 35 218
572 35 179
574 35 205
577 35 208
579 35 201
580 35 201
585 35 185
590 35 187
591 35 187
598 35 195
600 35 184
604 35 186
606 35 166
611 35 213
613 35 179
614 35 195
615 35 189
617 35 180
619 35 178
621 35 186
623 35 176
625 35 197
627 35 196
629 35 203
631 35 174
632 35 198
635 35 193
640 35 175
641 35 182
642 35 167
651 35 197
652 35 168
654 35 178
658 35 186
659 35 200
661 35 199
663 35 175
669 35 202
675 35 182
677 35 201
679 35 176
680 35 187
682 35 172
683 35 189
684 35 212
685 35 178
687 35 185
690 35 185
693 35 179
695 35 162
697 35 189
698 35 193
699 35 145
701 35 203
705 35 172
706 35 167
707 35 177
714 35 182
722 35 146
724 35 162
735 35 167
737 35 165
738 35 186
739 35 170
741 35 184
745 35 165
746 35 187
747 35 156
751 35 163
752 35 181
753 35 162
755 35 190
758 35 164
759 35 162
761 35 169
763 35 166
768 35 178
771 35 155
790 35 168
792 35 144
796 35 156
798 35 156
799 35 191
801 35 158
803 35 155
806 35 202
809 35 160
814 35 178
815 35 156
822 35 154
823 35 162
825 35 164
831 35 135
846 35 158
847 35 159
848 35 175
854 35 145
857 35 161
858 35 147
860 35 166
861 35 160
866 35 159
871 35 159
872 35 131
875 35 153
878 35 138
881 35 174
882 35 132
885 35 171
887 35 156
888 35 154
891 35 153
894 35 134
900 35 156
902 35 157
904 35 174
908 35 147
909 35 143
912 35 141
917 35 150
921 35 150
924 35 162
925 35 159
926 35 113
929 35 153
936 35 146
941 35 145
947 35 124
949 35 140
951 35 149
956 35 158
957 35 143
959 35 156
966 35 135
968 35 124
977 35 154
979 35 132
986 35 129
988 35 125
990 35 144
994 35 133
1001 35 126
1007 35 133
1014 35 143
1018 35 133
1019 35 135
1027 35 140
1028 35 120
1030 35 143
1043 35 125
1045 35 148
1051 35 144
1054 35 132
1070 35 113
1072 35 108
1075 35 146
1076 35 118
1079 35 134
1080 35 113
1084 35 117
1087 35 143
1095 35 123
1097 35 115
1104 35 126
1107 35 114
1109 35 128
1110 35 136
1120 35 121
1122 35 108
1128 35 113
1130 35 105
1135 35 113
1146 35 127
1148 35 120
1152 35 123
1156 35 109
1161 35 111
1162 35 121
1167 35 130
1171 35 119
1176 35 122
1187 35 105
1192 35 132
1200 35 117
1201 35 136
1204 35 104
1206 35 113
1212 35 111
1217 35 98
1219 35 105
1222 35 90
1223 35 83
1228 35 114
1229 35 107
1235 35 118
1240 35 77
1252 35 75
1259 35 95
1263 35 107
1272 35 110
1276 35 107
1278 35 99
1281 35 127
1285 35 121
1286 35 91
1291 35 94
1293 35 113
1307 35 94
1313 35 95
1315 35 116
1316 35 93
1318 35 92
1322 35 107
1325 35 101
1331 35 84
1334 35 100
1336 35 76
1347 35 91
1350 35 96
1359 35 83
1361 35 82
1367 35 78
1371 35 79
1373 35 77
1378 35 80
1380 35 89
1383 35 88
1386 35 102
1391 35 74
1398 35 108
1400 35 86
1402 35 80
1415 35 87
1416 35 111
1417 35 79
1428 35 67
1434 35 68
1435 35 83
1438 35 79
1439 35 77
1442 35 84
1444 35 100
1448 35 84
1457 35 89
1461 35 77
1467 35 77
1470 35 81
1476 35 86
1478 35 93
1481 35 86
1488 35 81
1492 35 77
1499 35 98
1509 35 78
1510 35 73
1513 35 75
1525 35 82
1529 35 90
1531 35 88
1539 35 72
1548 35 73
1551 35 64
1558 35 79
1560 35 75
1571 35 76
1583 35 68
1587 35 59
1595 35 62
1605 35 63
1610 35 53
1611 35 71
1615 35 77
1626 35 67
1629 35 79
1631 35 64
1632 35 74
1637 35 62
1638 35 66
1642 35 64
1652 35 55
1654 35 65
1655 35 72
1659 35 70
1670 35 57
1680 35 49
1682 35 62
1683 35 51
1686 35 65
1687 35 53
1689 35 61
1694 35 58
1697 35 71
1705 35 55
1706 35 55
1723 35 58
1725 35 53
1732 35 59
1734 35 59
1740 35 57
1746 35 50
1747 35 59
1757 35 38
1764 35 56
1771 35 52
1781 35 60
1789 35 52
1794 35 50
1795 35 62
1797 35 58
1801 35 42
1804 35 56
1806 35 63
1811 35 53
1827 35 62
1831 35 48
1854 35 45
1856 35 51
1857 35 59
1859 35 41
1861 35 40
1880 35 57
1882 35 46
1883 35 52
1889 35 31
1903 35 44
1906 35 35
1912 35 37
1929 35 47
1933 35 47
1940 35 34
1951 35 42
1962 35 35
1972 35 40
1973 35 42
1975 35 34
1983 35 37
1985 35 32
1988 35 44
1990 35 35
1999 35 31
2001 35 32
2004 35 32
2012 35 36
2017 35 39
2018 35 32
2022 35 34
2025 35 29
2038 35 36
2043 35 40
2046 35 35
2071 35 36
2074 35 25
2076 35 21
2077 35 42
2084 35 38
2085 35 25
2093 35 29
2099 35 23
2101 35 22
2121 35 21
2122 35 24
2129 35 23
2130 35 34
2140 35 28
2146 35 29
2148 35 31
2161 35 28
2162 35 25
2176 35 23
2179 35 38
2180 35 24
2182 35 15
2186 35 25
2188 35 21
2193 35 23
2194 35 25
2206 35 17
2209 35 27
2213 35 23
2224 35 23
2234 35 24
2235 35 21
2240 35 21
2244 35 27
2247 35 19
2249 35 17
2264 35 15
2268 35 19
2271 35 18
2287 35 21
2288 35 15
2291 35 18
2296 35 19
2313 35 22
2315 35 15
2319 35 25
2321 35 19
2327 35 12
2333 35 14
2343 35 17
2356 35 13
2361 35 15
2371 35 11
2406 35 9
2413 35 15
2421 35 11
2423 35 16
2432 35 13
2444 35 10
2460 35 17
2464 35 14
2467 35 11
2470 35 10
2476 35 8
2483 35 13
2486 35 16
2488 35 10
2497 35 9
2502 35 8
2506 35 8
2509 35 9
2517 35 9
2523 35 7
2529 35 8
2532 35 8
2535 35 7
2544 35 7
2547 35 4
2549 35 11
2552 35 8
2555 35 7
2572 35 8
2582 35 9
2584 35 8
2592 35 13
2593 35 9
2613 35 8
2618 35 8
2624 35 4
2642 35 7
2653 35 5
2671 35 5
2672 35 6
2675 35 4
2676 35 6
2696 35 2
2702 35 6
2705 35 5
2724 35 3
2728 35 5
2742 35 4
2744 35 2
2748 35 6
2754 35 6
2756 35 7
2776 35 5
2788 35 5
2790 35 2
2801 35 2
2814 35 1
2817 35 6
2819 35 1
2833 35 3
2834 35 1
2841 35 2
2847 35 5
2860 35 4
2861 35 2
2863 35 4
2864 35 2
2866 35 1
2875 35 3
2882 35 1
2890 35 2
2898 35 3
2928 35 1
2930 35 1
2933 35 1
2937 35 1
2945 35 1
2954 35 1
2974 35 1
2979 35 1
2982 35 1
2996 35 1
4 36 280
7 36 318
8 36 293
11 36 322
12 36 295
13 36 306
15 36 292
16 36 313
22 36 301
23 36 293
28 36 316
31 36 296
33 36 296
34 36 269
38 36 289
42 36 289
43 36 276
45 36 305
47 36 288
50 36 265
51 36 277
52 36 284
53 36 292
54 36 297
59 36 277
63 36 287
64 36 324
65 36 318
66 36 240
67 36 308
69 36 275
71 36 293
72 36 282
75 36 286
79 36 309
80 36 285
83 36 291
86 36 311
87 36 304
90 36 269
92 36 296
94 36 295
95 36 264
96 36 326
97 36 314
101 36 286
102 36 257
104 36 275
106 36 293
108 36 260
109 36 247
114 36 284
115 36 290
117 36 269
119 36 300
121 36 255
123 36 280
124 36 255
126 36 270
128 36 275
137 36 280
138 36 262
140 36 261
142 36 271
147 36 282
149 36 282
155 36 269
156 36 295
158 36 273
159 36 232
164 36 273
168 36 260
177 36 248
180 36 288
181 36 281
185 36 259
187 36 311
190 36 302
191 36 279
198 36 273
199 36 255
202 36 262
203 36 262
205 36 263
206 36 236
210 36 262
213 36 257
215 36 256
218 36 260
222 36 250
224 36 262
225 36 262
226 36 248
230 36 246
231 36 255
234 36 266
236 36 255
238 36 248
239 36 250
241 36 264
244 36 231
254 36 225
257 36 237
259 36 279
261 36 269
262 36 275
263 36 246
264 36 228
268 36 290
271 36 245
276 36 243
281 36 275
282 36 288
286 36 265
294 36 268
297 36 225
298 36 259
300 36 234
301 36 246
304 36 250
306 36 261
310 36 241
312 36 202
314 36 255
321 36 240
323 36 262
324 36 250
333 36 243
334 36 230
335 36 253
336 36 242
337 36 242
339 36 242
340 36 258
347 36 262
348 36 203
349 36 232
352 36 256
356 36 229
359 36 219
360 36 214
362 36 236
372 36 248
375 36 221
377 36 257
379 36 217
382 36 212
385 36 251
386 36 230
389 36 214
393 36 212
398 36 224
400 36 238
403 36 210
406 36 234
408 36 226
410 36 262
416 36 231
424 36 188
431 36 206
432 36 249
434 36 235
440 36 208
441 36 204
443 36 234
448 36 199
450 36 214
453 36 234
455 36 213
461 36 183
462 36 231
468 36 209
471 36 223
473 36 213
474 36 219
475 36 233
478 36 208
483 36 205
494 36 201
496 36 213
499 36 211
501 36 218
508 36 217
518 36 186
519 36 202
520 36 168
522 36 214
524 36 194
528 36 223
532 36 204
535 36 195
540 36 203
541 36 200
545 36 180
546 36 210
547 36 201
549 36 212
551 36 187
553 36 206
554 36 203
565 36 186
570 36 213
582 36 211
583 36 200
588 36 206
590 36 179
593 36 194
602 36 203
604 36 206
610 36 203
612 36 183
613 36 200
616 36 184
619 36 197
621 36 176
623 36 191
624 36 202
626 36 191
629 36 184
636 36 189
642 36 187
654 36 174
659 36 151
661 36 183
666 36 187
671 36 218
678 36 196
680 36 191
687 36 194
689 36 186
698 36 191
699 36 191
700 36 195
705 36 194
707 36 164
713 36 188
714 36 181
716 36 164
721 36 187
722 36 187
728 36 178
731 36 166
735 36 172
740 36 160
741 36 200
743 36 216
746 36 160
748 36 159
749 36 184
750 36 175
753 36 169
756 36 166
757 36 172
760 36 170
761 36 187
763 36 171
765 36 177
775 36 169
777 36 158
778 36 167
783 36 163
785 36 179
786 36 165
788 36 165
792 36 160
798 36 163
800 36 161
804 36 154
806 36 170
809 36 174
812 36 176
816 36 179
818 36 158
827 36 161
829 36 147
831 36 152
832 36 148
833 36 153
835 36 155
837 36 147
840 36 157
843 36 153
844 36 150
845 36 173
849 36 167
851 36 144
853 36 162
859 36 147
860 36 160
862 36 149
864 36 174
869 36 143
870 36 133
871 36 138
873 36 144
886 36 144
895 36 147
896 36 135
898 36 147
900 36 134
903 36 162
904 36 153
907 36 147
917 36 157
919 36 151
922 36 169
925 36 143
927 36 122
931 36 141
933 36 142
934 36 164
940 36 128
944 36 152
948 36 153
951 36 151
955 36 148
959 36 139
963 36 124
968 36 153
970 36 119
971 36 150
975 36 128
981 36 146
987 36 140
988 36 126
989 36 163
990 36 130
993 36 147
999 36 135
1002 36 111
1007 36 149
1009 36 131
1010 36 163
1014 36 140
1015 36 128
1016 36 128
1021 36 126
1023 36 122
1026 36 128
1029 36 131
1031 36 143
1032 36 131
1036 36 127
1040 36 139
1045 36 134
1047 36 134
1048 36 116
1049 36 137
1053 36 119
1063 36 113
1069 36 109
1070 36 156
1071 36 116
1075 36 129
1084 36 127
1088 36 118
1089 36 109
1091 36 113
1097 36 138
1103 36 155
1106 36 125
1107 36 132
1108 36 114
1110 36 118
1112 36 130
1117 36 137
1120 36 129
1124 36 111
1135 36 115
1136 36 126
1142 36 117
1144 36 132
1145 36 118
1155 36 112
1156 36 120
1157 36 110
1163 36 119
1165 36 117
1171 36 114
1175 36 125
1193 36 120
1196 36 94
1198 36 133
1199 36 106
1201 36 88
1205 36 108
1210 36 104
1211 36 112
1214 36 105
1216 36 112
1217 36 103
1221 36 103
1223 36 87
1227 36 116
1231 36 112
1232 36 107
1237 36 106
1240 36 113
1246 36 91
1248 36 98
1263 36 101
1266 36 102
1269 36 103
1271 36 91
1277 36 101
1280 36 104
1282 36 84
1284 36 84
1285 36 100
1292 36 112
1293 36 108
1296 36 100
1298 36 84
1300 36 102
1303 36 110
1308 36 94
1309 36 106
1314 36 98
1319 36 93
1323 36 94
1344 36 79
1345 36 101
1354 36 101
1358 36 81
1363 36 105
1374 36 87
1375 36 87
1378 36 94
1382 36 80
1388 36 106
1395 36 88
1396 36 85
1403 36 85
1404 36 87
1408 36 79
1413 36 84
1414 36 72
1435 36 73
1437 36 75
1438 36 92
1441 36 84
1450 36 79
1451 36 84
1453 36 90
1458 36 68
1462 36 86
1463 36 92
1466 36 75
1472 36 86
1475 36 65
1480 36 80
1483 36 77
1485 36 89
1490 36 72
1491 36 85
1492 36 65
1496 36 77
1497 36 72
1500 36 72
1501 36 71
1505 36 83
1514 36 79
1524 36 82
1534 36 65
1537 36 68
1538 36 77
1539 36 68
1547 36 72
1548 36 65
1559 36 59
1560 36 68
1576 36 63
1586 36 74
1590 36 61
1594 36 67
1596 36 70
1604 36 62
1608 36 68
1618 36 70
1630 36 66
1632 36 62
1641 36 59
1655 36 59
1656 36 69
1657 36 70
1666 36 63
1669 36 70
1682 36 71
1683 36 68
1691 36 61
1695 36 54
1701 36 58
1720 36 48
1724 36 56
1726 36 52
1732 36 53
1742 36 53
1745 36 43
1746 36 61
1747 36 49
1754 36 53
1764 36 47
1766 36 52
1767 36 46
1768 36 52
1770 36 50
1773 36 44
1781 36 39
1787 36 52
1792 36 49
1809 36 56
1813 36 46
1816 36 52
1818 36 52
1821 36 42
1839 36 41
1844 36 43
1856 36 51
1865 36 39
1869 36 44
1870 36 39
1871 36 51
1873 36 53
1874 36 46
1875 36 53
1879 36 46
1895 36 54
1901 36 42
1902 36 43
1904 36 40
1905 36 43
1911 36 44
1913 36 43
1917 36 53
1919 36 44
1920 36 40
1924 36 42
1925 36 48
1926 36 32
1928 36 44
1932 36 45
1942 36 29
1944 36 44
1959 36 40
1961 36 39
1968 36 37
1981 36 39
1987 36 32
1988 36 42
1989 36 36
1993 36 35
2016 36 32
2021 36 33
2031 36 32
2038 36 29
2050 36 28
2052 36 33
2055 36 29
2059 36 34
2065 36 39
2066 36 38
2076 36 29
2082 36 24
2085 36 33
2087 36 31
2099 36 30
2107 36 33
2108 36 31
2119 36 28
2125 36 28
2129 36 29
2133 36 37
2136 36 22
2149 36 23
2170 36 33
2178 36 23
2182 36 25
2186 36 23
2188 36 20
2191 36 27
2201 36 21
2205 36 25
2207 36 21
2209 36 34
2222 36 22
2231 36 25
2238 36 18
2249 36 11
2250 36 20
2256 36 22
2257 36 21
2258 36 25
2268 36 28
2269 36 22
2270 36 14
2276 36 19
2280 36 25
2288 36 25
2297 36 16
2301 36 20
2310 36 18
2311 36 20
2321 36 15
2326 36 14
2330 36 14
2332 36 19
2341 36 9
2345 36 16
2346 36 14
2349 36 17
2351 36 15
2358 36 11
2368 36 16
2370 36 4
2376 36 12
2378 36 19
2393 36 17
2395 36 20
2407 36 14
2409 36 12
2415 36 11
2416 36 17
2418 36 9
2424 36 15
2429 36 13
2435 36 12
2441 36 15
2449 36 13
2459 36 19
2475 36 9
2479 36 11
2488 36 12
2493 36 18
2500 36 9
2501 36 10
2507 36 9
2509 36 12
2520 36 17
2529 36 16
2530 36 12
2533 36 5
2535 36 9
2541 36 7
2549 36 6
2550 36 12
2551 36 10
2570 36 5
2574 36 5
2579 36 6
2580 36 7
2588 36 7
2589 36 11
2591 36 8
2620 36 4
2638 36 5
2659 36 6
2670 36 5
2672 36 7
2677 36 4
2697 36 7
2705 36 5
2707 36 3
2708 36 6
2717 36 3
2719 36 4
2720 36 4
2732 36 3
2735 36 7
2747 36 8
2751 36 2
2756 36 4
2757 36 3
2776 36 3
2799 36 3
2835 36 1
2844 36 3
2850 36 3
2852 36 1
2855 36 4
2857 36 2
2881 36 1
2887 36 1
2902 36 1
2911 36 1
2912 36 1
2913 36 1
2916 36 2
2917 36 1
2922 36 1
2929 36 1
2958 36 1
2959 36 1
2962 36 2
2963 36 1
2967 36 1
2977 36 1
2999 36 1
4 37 280
5 37 299
6 37 278
9 37 289
10 37 286
11 37 284
13 37 261
15 37 290
16 37 308
17 37 314
19 37 279
23 37 333
24 37 282
25 37 301
28 37 258
29 37 308
31 37 335
33 37 295
35 37 279
40 37 289
41 37 265
42 37 293
45 37 301
46 37 280
51 37 265
54 37 285
55 37 337
56 37 280
57 37 283
60 37 292
61 37 292
62 37 329
63 37 263
68 37 291
71 37 277
75 37 299
76 37 265
77 37 294
83 37 299
91 37 281
92 37 275
93 37 274
94 37 290
96 37 273
98 37 309
101 37 270
105 37 307
106 37 287
111 37 280
115 37 255
116 37 276
119 37 297
120 37 266
124 37 275
125 37 273
128 37 260
137 37 271
139 37 311
141 37 276
145 37 260
146 37 259
148 37 261
149 37 261
150 37 286
156 37 269
160 37 240
164 37 281
165 37 276
166 37 295
167 37 262
168 37 266
169 37 298
172 37 281
174 37 265
177 37 279
179 37 288
180 37 244
186 37 242
189 37 276
191 37 286
193 37 256
199 37 263
202 37 231
203 37 240
204 37 265
205 37 260
207 37 285
208 37 283
213 37 256
214 37 269
216 37 255
217 37 264
219 37 265
221 37 281
222 37 283
223 37 244
226 37 266
228 37 239
233 37 256
237 37 233
242 37 249
246 37 244
247 37 252
249 37 266
250 37 261
251 37 259
256 37 230
257 37 249
259 37 291
260 37 265
261 37 243
262 37 253
265 37 265
266 37 247
270 37 236
274 37 252
275 37 258
278 37 220
284 37 272
286 37 268
288 37 253
291 37 251
292 37 242
293 37 271
296 37 214
299 37 245
301 37 244
303 37 227
305 37 242
307 37 239
313 37 243
314 37 283
317 37 266
324 37 231
328 37 239
330 37 240
331 37 260
332 37 246
333 37 240
338 37 251
340 37 239
342 37 228
343 37 219
344 37 272
346 37 253
350 37 225
352 37 219
353 37 234
354 37 254
359 37 248
360 37 243
364 37 245
367 37 228
372 37 211
375 37 230
376 37 235
379 37 237
380 37 252
386 37 206
387 37 218
393 37 242
399 37 209
401 37 218
406 37 234
409 37 239
411 37 230
412 37 262
413 37 214
415 37 233
421 37 239
423 37 225
424 37 218
425 37 215
431 37 244
433 37 195
437 37 224
439 37 237
442 37 237
444 37 230
448 37 202
452 37 194
453 37 210
454 37 220
457 37 262
464 37 195
467 37 189
478 37 193
479 37 210
482 37 196
484 37 241
485 37 213
487 37 223
503 37 217
509 37 214
514 37 218
515 37 194
517 37 198
519 37 214
521 37 209
524 37 207
526 37 205
534 37 205
537 37 231
540 37 204
545 37 199
547 37 220
548 37 188
549 37 203
553 37 200
557 37 218
559 37 203
560 37 211
563 37 178
564 37 193
565 37 209
568 37 190
569 37 214
570 37 191
576 37 186
579 37 181
582 37 189
583 37 218
589 37 185
592 37 192
608 37 214
616 37 188
617 37 179
618 37 203
619 37 219
627 37 199
635 37 201
639 37 176
643 37 189
649 37 169
655 37 178
658 37 192
659 37 190
662 37 170
667 37 183
670 37 175
671 37 187
672 37 198
673 37 180
674 37 192
675 37 171
676 37 182
683 37 182
687 37 209
689 37 167
690 37 195
691 37 184
695 37 157
696 37 176
702 37 203
706 37 195
709 37 170
710 37 199
713 37 158
721 37 184
724 37 181
725 37 178
727 37 161
731 37 174
732 37 179
734 37 165
736 37 161
739 37 159
742 37 159
745 37 207
748 37 161
753 37 181
754 37 167
757 37 178
762 37 178
769 37 169
773 37 185
779 37 168
781 37 182
788 37 189
789 37 166
790 37 167
793 37 168
796 37 169
807 37 161
810 37 162
812 37 178
813 37 144
816 37 155
819 37 182
821 37 135
828 37 132
832 37 138
833 37 166
835 37 187
839 37 171
846 37 146
854 37 161
858 37 157
871 37 160
878 37 162
881 37 154
884 37 162
885 37 170
886 37 149
887 37 160
891 37 151
905 37 160
906 37 140
909 37 125
911 37 151
912 37 131
913 37 160
914 37 126
920 37 163
921 37 147
924 37 116
928 37 166
929 37 127
931 37 161
933 37 131
936 37 149
938 37 121
941 37 128
943 37 139
946 37 128
953 37 152
954 37 148
959 37 135
965 37 144
974 37 144
979 37 104
983 37 133
986 37 123
987 37 143
988 37 144
992 37 127
993 37 123
995 37 173
996 37 127
1003 37 138
1004 37 126
1009 37 143
1014 37 119
1019 37 119
1024 37 130
1033 37 143
1035 37 132
1040 37 130
1042 37 133
1050 37 124
1051 37 118
1052 37 126
1054 37 128
1066 37 124
1067 37 129
1068 37 115
1069 37 130
1076 37 139
1083 37 131
1087 37 118
1093 37 113
1095 37 145
1098 37 115
1106 37 119
1117 37 117
1118 37 114
1134 37 116
1136 37 122
1147 37 117
1148 37 131
1155 37 99
1158 37 117
1159 37 93
1160 37 97
1165 37 116
1171 37 100
1172 37 94
1185 37 136
1186 37 116
1189 37 111
1192 37 112
1193 37 99
1209 37 105
1221 37 102
1223 37 121
1225 37 114
1229 37 129
1230 37 119
1233 37 108
1244 37 114
1254 37 113
1267 37 104
1270 37 122
1277 37 115
1279 37 89
1280 37 100
1282 37 96
1290 37 98
1291 37 99
1292 37 84
1297 37 98
1309 37 103
1315 37 94
1318 37 135
1329 37 105
1331 37 91
1334 37 100
1335 37 84
1343 37 101
1347 37 98
1357 37 85
1363 37 88
1376 37 108
1382 37 88
1389 37 84
1391 37 80
1397 37 82
1399 37 99
1406 37 82
1407 37 90
1418 37 92
1421 37 93
1426 37 74
1432 37 84
1434 37 95
1435 37 80
1461 37 87
1462 37 73
1470 37 82
1482 37 77
1494 37 93
1507 37 68
1509 37 72
1512 37 62
1513 37 76
1523 37 81
1525 37 67
1532 37 68
1533 37 69
1541 37 79
1554 37 70
1557 37 86
1560 37 74
1567 37 72
1570 37 85
1574 37 66
1575 37 61
1576 37 65
1588 37 64
1594 37 60
1604 37 60
1605 37 72
1608 37 68
1616 37 62
1634 37 58
1635 37 53
1643 37 65
1644 37 68
1655 37 70
1664 37 70
1671 37 63
1676 37 57
1679 37 53
1685 37 59
1686 37 54
1688 37 73
1694 37 60
1703 37 67
1707 37 69
1709 37 60
1731 37 73
1753 37 60
1758 37 67
1760 37 59
1761 37 64
1773 37 51
1774 37 57
1777 37 50
1778 37 50
1788 37 43
1789 37 46
1791 37 46
1798 37 57
1823 37 48
1824 37 60
1832 37 58
1844 37 42
1852 37 45
1862 37 47
1880 37 53
1883 37 47
1886 37 33
1889 37 43
1896 37 33
1898 37 50
1902 37 29
1903 37 52
1917 37 37
1922 37 40
1926 37 44
1928 37 43
1933 37 41
1941 37 35
1950 37 32
1960 37 44
1961 37 48
1987 37 29
1991 37 39
1993 37 33
2002 37 46
2008 37 24
2009 37 35
2019 37 35
2020 37 40
2033 37 37
2034 37 27
2037 37 34
2038 37 31
2039 37 34
2042 37 22
2043 37 34
2044 37 34
2051 37 28
2056 37 36
2060 37 36
2064 37 31
2069 37 31
2079 37 27
2086 37 30
2090 37 28
2093 37 29
2096 37 27
2104 37 30
2113 37 28
2114 37 24
2116 37 32
2117 37 19
2118 37 26
2119 37 32
2126 37 27
2128 37 23
2145 37 26
2148 37 24
2155 37 25
2162 37 26
2169 37 26
2172 37 24
2176 37 30
2179 37 37
2201 37 25
2202 37 22
2203 37 23
2207 37 19
2209 37 30
2211 37 19
2219 37 26
2229 37 25
2240 37 19
2245 37 27
2256 37 17
2257 37 23
2260 37 23
2294 37 23
2304 37 17
2307 37 12
2315 37 18
2317 37 12
2331 37 17
2351 37 16
2354 37 18
2357 37 14
2375 37 14
2377 37 15
2380 37 10
2388 37 9
2400 37 16
2401 37 20
2402 37 18
2404 37 13
2413 37 16
2414 37 10
2417 37 12
2423 37 7
2426 37 10
2427 37 9
2446 37 13
2459 37 15
2460 37 8
2464 37 9
2477 37 15
2481 37 8
2484 37 13
2497 37 9
2500 37 9
2512 37 13
2513 37 8
2534 37 11
2553 37 6
2559 37 3
2562 37 4
2568 37 12
2599 37 6
2603 37 7
2604 37 5
2619 37 5
2621 37 6
2655 37 4
2658 37 7
2694 37 3
2702 37 6
2707 37 4
2709 37 8
2710 37 4
2711 37 4
2712 37 7
2714 37 6
2761 37 4
2763 37 3
2781 37 4
2787 37 1
2790 37 4
2816 37 4
2817 37 5
2822 37 2
2833 37 4
2834 37 4
2836 37 1
2843 37 2
2847 37 3
2850 37 1
2851 37 2
2857 37 4
2859 37 3
2875 37 1
2879 37 1
2885 37 1
2909 37 3
2921 37 2
2924 37 1
2937 37 1
2969 37 1
2978 37 1
2985 37 1
2989 37 1
2995 37 1
0 38 325
4 38 306
9 38 287
10 38 290
13 38 308
17 38 298
21 38 281
23 38 312
30 38 295
31 38 301
32 38 288
34 38 264
38 38 296
39 38 292
40 38 314
41 38 266
42 38 306
45 38 281
47 38 277
48 38 284
50 38 329
51 38 256
53 38 307
54 38 313
57 38 306
58 38 243
60 38 310
61 38 285
63 38 281
65 38 290
66 38 288
67 38 250
76 38 289
77 38 268
78 38 267
82 38 253
84 38 275
88 38 284
89 38 281
96 38 280
99 38 287
100 38 294
101 38 282
112 38 289
113 38 286
115 38 252
116 38 262
117 38 271
118 38 265
120 38 279
123 38 291
124 38 277
127 38 267
130 38 250
131 38 284
133 38 287
135 38 252
140 38 286
143 38 279
147 38 263
148 38 293
149 38 261
151 38 267
154 38 255
156 38 233
164 38 278
166 38 261
167 38 262
168 38 283
170 38 280
171 38 246
173 38 269
174 38 244
175 38 288
176 38 279
177 38 300
179 38 287
180 38 223
181 38 260
182 38 265
184 38 261
186 38 275
194 38 296
195 38 271
196 38 266
198 38 271
200 38 254
201 38 256
204 38 266
210 38 278
211 38 267
212 38 269
213 38 267
219 38 256
220 38 292
222 38 305
223 38 257
224 38 226
227 38 232
229 38 254
231 38 272
235 38 256
236 38 255
237 38 260
238 38 242
241 38 267
242 38 245
243 38 258
244 38 212
246 38 222
247 38 263
249 38 248
254 38 248
255 38 241
256 38 245
259 38 241
260 38 269
269 38 260
273 38 278
274 38 227
277 38 270
279 38 243
281 38 233
283 38 258
289 38 266
291 38 264
292 38 253
295 38 270
297 38 239
298 38 218
301 38 247
306 38 240
308 38 240
313 38 233
315 38 256
321 38 237
322 38 265
323 38 225
325 38 235
326 38 218
328 38 220
329 38 276
331 38 230
332 38 260
333 38 227
336 38 253
338 38 228
340 38 231
343 38 223
348 38 210
349 38 248
353 38 241
354 38 215
356 38 255
358 38 240
360 38 246
363 38 234
368 38 242
369 38 216
370 38 259
371 38 237
376 38 220
377 38 236
378 38 226
379 38 232
383 38 220
385 38 232
390 38 237
394 38 220
396 38 226
398 38 233
399 38 221
406 38 206
407 38 254
410 38 235
413 38 229
415 38 219
418 38 228
420 38 207
421 38 232
422 38 229
428 38 207
436 38 234
438 38 222
442 38 225
443 38 220
446 38 216
449 38 226
450 38 237
452 38 231
453 38 207
456 38 219
458 38 188
467 38 230
469 38 205
470 38 213
472 38 190
476 38 186
481 38 268
482 38 198
485 38 230
489 38 209
493 38 207
496 38 211
500 38 208
502 38 213
506 38 236
512 38 212
515 38 189
516 38 209
517 38 193
519 38 220
520 38 214
523 38 188
525 38 194
526 38 191
529 38 206
530 38 200
533 38 205
534 38 202
538 38 193
546 38 170
547 38 196
550 38 207
551 38 212
553 38 187
556 38 218
558 38 198
561 38 198
562 38 208
565 38 188
567 38 227
568 38 207
572 38 217
573 38 174
574 38 202
583 38 177
584 38 202
585 38 184
587 38 186
588 38 206
591 38 192
592 38 212
593 38 208
598 38 178
604 38 177
609 38 188
614 38 198
616 38 206
617 38 202
632 38 206
638 38 178
641 38 170
642 38 181
650 38 164
653 38 217
656 38 191
659 38 180
660 38 184
662 38 174
663 38 164
665 38 181
668 38 163
669 38 191
671 38 171
672 38 175
673 38 167
675 38 196
676 38 171
680 38 185
687 38 171
697 38 174
702 38 170
712 38 184
718 38 162
719 38 165
722 38 177
724 38 162
727 38 200
737 38 165
742 38 190
745 38 174
747 38 164
748 38 142
752 38 175
754 38 187
757 38 166
758 38 172
768 38 167
774 38 155
775 38 165
776 38 182
778 38 163
780 38 173
783 38 176
789 38 180
792 38 147
795 38 155
798 38 144
804 38 184
808 38 157
811 38 143
814 38 165
815 38 164
816 38 139
818 38 172
821 38 164
822 38 184
826 38 165
829 38 177
831 38 172
837 38 128
844 38 175
845 38 166
851 38 167
853 38 180
856 38 149
863 38 147
871 38 151
872 38 149
876 38 163
878 38 160
885 38 137
892 38 149
895 38 153
896 38 164
898 38 153
909 38 140
912 38 138
913 38 128
915 38 136
916 38 154
922 38 168
924 38 148
927 38 134
932 38 141
935 38 140
937 38 136
938 38 169
940 38 159
944 38 153
948 38 127
951 38 134
958 38 141
959 38 130
968 38 171
969 38 157
971 38 154
974 38 154
977 38 152
981 38 146
984 38 146
991 38 132
995 38 123
996 38 145
1002 38 143
1003 38 139
1005 38 133
1016 38 150
1026 38 119
1032 38 132
1038 38 143
1039 38 140
1040 38 126
1043 38 145
1044 38 124
1051 38 126
1062 38 127
1069 38 119
1072 38 110
1073 38 118
1074 38 141
1080 38 148
1084 38 99
1086 38 115
1092 38 123
1095 38 130
1096 38 126
1104 38 147
1106 38 118
1108 38 129
1109 38 136
1115 38 104
1116 38 110
1117 38 142
1121 38 92
1122 38 115
1126 38 120
1140 38 126
1142 38 113
1143 38 133
1146 38 101
1147 38 127
1165 38 104
1172 38 112
1182 38 115
1186 38 113
1187 38 119
1194 38 118
1204 38 85
1211 38 109
1219 38 92
1223 38 99
1224 38 88
1229 38 111
1232 38 110
1236 38 107
1238 38 102
1240 38 108
1241 38 98
1243 38 106
1245 38 112
1258 38 116
1261 38 88
1270 38 97
1273 38 113
1284 38 93
1285 38 105
1286 38 97
1289 38 95
1296 38 101
1307 38 98
1308 38 100
1312 38 96
1317 38 99
1320 38 103
1334 38 83
1339 38 98
1341 38 97
1344 38 87
1346 38 78
1355 38 76
1359 38 106
1369 38 108
1375 38 101
1379 38 89
1380 38 89
1381 38 83
1382 38 87
1387 38 98
1389 38 84
1390 38 95
1392 38 88
1398 38 89
1399 38 83
1409 38 84
1425 38 75
1430 38 68
1431 38 87
1436 38 75
1437 38 89
1439 38 91
1444 38 92
1457 38 85
1460 38 83
1465 38 93
1466 38 86
1470 38 80
1482 38 87
1494 38 83
1502 38 73
1504 38 74
1509 38 88
1512 38 82
1514 38 72
1515 38 69
1518 38 87
1519 38 88
1521 38 73
1535 38 79
1536 38 67
1549 38 63
1560 38 55
1574 38 78
1580 38 66
1591 38 70
1597 38 71
1605 38 68
1607 38 57
1608 38 71
1609 38 62
1624 38 71
1627 38 79
1638 38 72
1640 38 71
1648 38 57
1650 38 58
1654 38 58
1655 38 63
1656 38 72
1661 38 74
1662 38 56
1664 38 55
1669 38 44
1671 38 64
1672 38 70
1675 38 70
1680 38 62
1686 38 78
1689 38 61
1697 38 61
1701 38 46
1711 38 60
1715 38 51
1719 38 49
1721 38 69
1722 38 53
1726 38 66
1727 38 56
1737 38 54
1744 38 52
1745 38 70
1746 38 50
1760 38 53
1766 38 43
1773 38 56
1774 38 69
1786 38 54
1799 38 48
1801 38 48
1805 38 42
1816 38 56
1826 38 48
1837 38 50
1845 38 61
1846 38 50
1849 38 50
1851 38 47
1855 38 50
1860 38 52
1861 38 44
1862 38 43
1864 38 56
1873 38 44
1880 38 36
1883 38 43
1889 38 58
1890 38 31
1893 38 48
1895 38 43
1905 38 45
1910 38 47
1913 38 51
1917 38 51
1918 38 38
1925 38 42
1950 38 42
1956 38 43
1970 38 39
1974 38 38
1981 38 43
1987 38 48
1988 38 40
2003 38 32
2004 38 36
2006 38 35
2008 38 35
2016 38 32
2019 38 29
2033 38 33
2040 38 27
2043 38 36
2055 38 28
2059 38 30
2063 38 42
2072 38 25
2083 38 33
2091 38 31
2092 38 27
2105 38 39
2106 38 30
2112 38 35
2113 38 34
2126 38 34
2156 38 28
2157 38 25
2161 38 30
2163 38 35
2172 38 20
2173 38 27
2180 38 26
2197 38 21
2210 38 27
2211 38 21
2214 38 22
2215 38 20
2217 38 20
2224 38 18
2232 38 21
2235 38 23
2244 38 16
2248 38 18
2270 38 17
2273 38 28
2288 38 20
2293 38 17
2294 38 17
2304 38 20
2307 38 18
2310 38 22
2311 38 23
2321 38 9
2329 38 13
2343 38 12
2357 38 14
2389 38 15
2390 38 13
2391 38 9
2394 38 15
2399 38 13
2401 38 14
2409 38 11
2414 38 12
2428 38 11
2437 38 11
2467 38 9
2469 38 10
2470 38 9
2474 38 12
2493 38 7
2519 38 8
2524 38 10
2531 38 8
2534 38 11
2538 38 8
2550 38 6
2563 38 11
2570 38 9
2572 38 11
2573 38 7
2587 38 11
2602 38 3
2604 38 4
2605 38 8
2606 38 7
2616 38 2
2618 38 7
2621 38 3
2622 38 6
2628 38 9
2635 38 8
2648 38 7
2659 38 7
2678 38 3
2682 38 8
2685 38 7
2686 38 5
2698 38 5
2706 38 5
2713 38 2
2718 38 4
2719 38 3
2720 38 3
2727 38 4
2729 38 3
2731 38 3
2739 38 1
2757 38 5
2764 38 4
2779 38 2
2794 38 4
2795 38 2
2800 38 2
2823 38 1
2827 38 3
2864 38 1
2869 38 1
2870 38 2
2893 38 2
2896 38 1
2897 38 1
2901 38 2
2911 38 2
2912 38 1
2928 38 1
2934 38 2
2939 38 1
2945 38 1
2949 38 1
2960 38 1
2976 38 1
2984 38 1
2996 38 1
1 39 294
2 39 307
3 39 283
4 39 255
6 39 317
7 39 289
8 39 353
11 39 304
13 39 326
14 39 316
15 39 288
18 39 280
19 39 296
20 39 288
22 39 303
24 39 299
25 39 298
33 39 337
34 39 326
35 39 272
38 39 273
39 39 281
44 39 323
47 39 293
51 39 313
53 39 310
54 39 314
60 39 273
62 39 295
63 39 280
64 39 296
66 39 295
69 39 273
70 39 305
72 39 305
73 39 305
75 39 316
77 39 298
78 39 328
79 39 287
86 39 246
88 39 291
90 39 271
91 39 267
93 39 312
96 39 302
103 39 254
107 39 270
109 39 286
114 39 294
115 39 261
118 39 248
120 39 261
121 39 303
122 39 281
125 39 281
126 39 252
127 39 270
128 39 284
130 39 280
135 39 273
139 39 256
141 39 274
143 39 298
146 39 267
149 39 307
154 39 278
155 39 276
158 39 272
160 39 322
162 39 279
163 39 269
169 39 272
173 39 261
175 39 302
177 39 284
181 39 273
183 39 269
184 39 250
185 39 262
190 39 298
191 39 276
192 39 272
193 39 280
199 39 275
201 39 289
202 39 280
205 39 260
206 39 247
208 39 242
209 39 273
210 39 256
212 39 272
220 39 248
225 39 247
229 39 254
230 39 282
237 39 251
240 39 278
242 39 233
243 39 264
244 39 288
246 39 255
251 39 263
254 39 248
256 39 241
261 39 273
264 39 258
268 39 248
269 39 231
272 39 244
273 39 258
275 39 264
280 39 235
281 39 271
282 39 263
285 39 259
287 39 241
288 39 228
289 39 247
292 39 250
294 39 243
295 39 234
296 39 224
298 39 228
300 39 239
305 39 227
306 39 233
307 39 233
311 39 229
315 39 245
317 39 221
318 39 268
319 39 232
320 39 252
323 39 236
327 39 224
330 39 257
331 39 269
333 39 246
335 39 244
337 39 225
339 39 239
343 39 210
345 39 202
346 39 220
348 39 220
352 39 218
355 39 245
360 39 233
361 39 252
363 39 255
364 39 227
370 39 216
377 39 236
378 39 254
383 39 208
386 39 238
387 39 229
388 39 229
393 39 216
396 39 240
400 39 213
405 39 225
406 39 221
408 39 243
409 39 238
412 39 205
418 39 223
419 39 225
420 39 226
423 39 236
425 39 215
428 39 221
429 39 211
430 39 195
433 39 236
435 39 216
436 39 246
437 39 236
438 39 236
440 39 207
443 39 220
444 39 192
447 39 182
450 39 216
453 39 211
454 39 217
456 39 207
459 39 224
463 39 214
464 39 217
470 39 194
475 39 240
477 39 211
484 39 225
489 39 211
491 39 223
494 39 219
497 39 218
500 39 210
501 39 196
504 39 196
505 39 229
506 39 218
508 39 204
510 39 199
513 39 213
519 39 218
520 39 210
521 39 196
523 39 203
529 39 186
534 39 209
535 39 223
542 39 214
547 39 221
554 39 209
564 39 190
565 39 200
567 39 199
568 39 220
572 39 184
573 39 204
575 39 186
577 39 212
580 39 172
583 39 183
585 39 200
586 39 175
587 39 233
593 39 216
594 39 190
595 39 186
596 39 194
598 39 216
600 39 205
602 39 198
608 39 191
609 39 172
611 39 187
612 39 201
617 39 192
622 39 188
624 39 191
640 39 198
641 39 189
643 39 176
644 39 184
646 39 193
647 39 163
660 39 209
666 39 187
676 39 192
678 39 182
680 39 187
681 39 157
682 39 200
689 39 209
695 39 174
700 39 175
701 39 177
702 39 192
707 39 184
711 39 217
721 39 183
728 39 184
731 39 167
732 39 161
738 39 175
741 39 195
742 39 169
744 39 176
747 39 150
750 39 169
753 39 175
755 39 185
757 39 165
762 39 168
766 39 173
776 39 177
785 39 164
786 39 147
787 39 155
788 39 176
789 39 158
793 39 159
795 39 149
800 39 164
801 39 153
803 39 188
804 39 178
808 39 156
811 39 165
812 39 144
814 39 142
826 39 178
828 39 159
831 39 137
835 39 168
836 39 173
837 39 170
839 39 139
843 39 140
848 39 156
849 39 133
856 39 157
857 39 158
860 39 135
862 39 159
864 39 159
866 39 160
867 39 164
868 39 171
875 39 142
876 39 146
877 39 157
883 39 146
886 39 143
891 39 167
894 39 124
895 39 170
896 39 148
897 39 148
898 39 169
899 39 145
907 39 158
910 39 146
914 39 152
918 39 156
925 39 168
930 39 156
931 39 133
932 39 151
936 39 121
937 39 148
946 39 156
947 39 167
955 39 117
956 39 135
960 39 155
962 39 162
966 39 135
969 39 131
971 39 137
982 39 160
984 39 145
987 39 150
992 39 141
993 39 133
995 39 129
996 39 160
1002 39 118
1003 39 140
1009 39 122
1010 39 125
1011 39 111
1013 39 146
1014 39 108
1019 39 116
1023 39 128
1025 39 126
1030 39 137
1037 39 133
1042 39 116
1044 39 155
1049 39 143
1052 39 142
1053 39 118
1054 39 138
1056 39 134
1059 39 136
1071 39 122
1075 39 130
1077 39 115
1078 39 134
1081 39 128
1086 39 117
1088 39 117
1095 39 140
1104 39 122
1105 39 121
1110 39 118
1115 39 119
1116 39 112
1120 39 126
1121 39 138
1122 39 115
1126 39 130
1127 39 107
1132 39 124
1134 39 122
1135 39 142
1136 39 126
1139 39 141
1141 39 114
1144 39 132
1154 39 110
1161 39 126
1166 39 93
1168 39 111
1170 39 132
1173 39 111
1177 39 103
1178 39 98
1180 39 117
1182 39 115
1186 39 121
1192 39 115
1194 39 92
1198 39 117
1209 39 106
1212 39 131
1218 39 114
1219 39 81
1225 39 112
1228 39 117
1237 39 113
1239 39 118
1244 39 109
1246 39 102
1249 39 109
1255 39 93
1262 39 103
1265 39 95
1267 39 116
1269 39 106
1281 39 91
1284 39 110
1285 39 106
1290 39 104
1291 39 104
1299 39 106
1306 39 102
1313 39 95
1314 39 87
1315 39 106
1316 39 107
1317 39 93
1322 39 94
1323 39 92
1325 39 105
1339 39 99
1341 39 102
1342 39 93
1343 39 92
1347 39 99
1357 39 95
1362 39 88
1364 39 115
1369 39 107
1371 39 98
1382 39 87
1391 39 84
1394 39 88
1395 39 93
1401 39 75
1402 39 100
1410 39 91
1414 39 77
1416 39 87
1418 39 85
1424 39 97
1427 39 89
1430 39 79
1439 39 89
1444 39 72
1450 39 88
1451 39 72
1452 39 73
1453 39 63
1456 39 82
1457 39 76
1462 39 85
1466 39 87
1471 39 69
1481 39 75
1487 39 82
1490 39 89
1499 39 75
1507 39 81
1520 39 66
1525 39 89
1528 39 72
1532 39 79
1538 39 82
1542 39 78
1543 39 86
1544 39 80
1545 39 75
1547 39 68
1551 39 67
1555 39 75
1558 39 88
1572 39 59
1573 39 66
1580 39 80
1593 39 70
1604 39 73
1606 39 69
1616 39 61
1634 39 63
1637 39 52
1639 39 67
1640 39 79
1643 39 60
1652 39 49
1659 39 47
1663 39 59
1665 39 62
1674 39 54
1687 39 57
1698 39 62
1703 39 53
1722 39 49
1723 39 61
1724 39 61
1732 39 56
1737 39 60
1747 39 74
1753 39 46
1758 39 55
1765 39 44
1780 39 54
1785 39 52
1789 39 54
1792 39 50
1796 39 44
1799 39 40
1802 39 41
1803 39 49
1816 39 52
1836 39 35
1844 39 46
1852 39 52
1855 39 44
1862 39 60
1864 39 36
1868 39 42
1872 39 45
1876 39 45
1892 39 54
1893 39 43
1896 39 49
1897 39 31
1899 39 43
1907 39 38
1908 39 34
1909 39 52
1910 39 61
1911 39 32
1915 39 35
1929 39 37
1930 39 42
1931 39 51
1935 39 46
1937 39 47
1938 39 34
1940 39 35
1948 39 38
1949 39 40
1958 39 37
1966 39 44
1967 39 34
1970 39 35
1976 39 44
1983 39 33
1989 39 44
1993 39 45
2002 39 32
2003 39 42
2022 39 43
2032 39 37
2043 39 31
2051 39 31
2058 39 35
2062 39 34
2070 39 30
2079 39 25
2081 39 20
2083 39 31
2084 39 30
2086 39 34
2088 39 36
2098 39 32
2114 39 32
2115 39 30
2121 39 27
2123 39 25
2143 39 27
2145 39 28
2166 39 26
2175 39 24
2182 39 29
2186 39 28
2204 39 21
2206 39 30
2215 39 28
2220 39 25
2229 39 20
2239 39 19
2261 39 21
2319 39 19
2321 39 25
2323 39 18
2328 39 16
2329 39 15
2333 39 18
2335 39 15
2339 39 12
2352 39 18
2365 39 12
2370 39 12
2378 39 21
2382 39 15
2409 39 9
2414 39 10
2416 39 16
2434 39 15
2443 39 13
2455 39 12
2464 39 12
2468 39 9
2482 39 11
2486 39 8
2490 39 14
2495 39 9
2496 39 6
2502 39 10
2531 39 6
2539 39 6
2544 39 11
2545 39 8
2551 39 9
2576 39 11
2583 39 11
2586 39 8
2592 39 8
2596 39 10
2597 39 5
2624 39 7
2642 39 3
2652 39 6
2653 39 7
2656 39 6
2657 39 5
2671 39 2
2678 39 5
2679 39 6
2684 39 4
2690 39 9
2691 39 6
2697 39 1
2700 39 1
2707 39 9
2718 39 5
2720 39 2
2729 39 3
2731 39 6
2735 39 3
2738 39 3
2745 39 3
2746 39 4
2761 39 5
2767 39 1
2769 39 4
2775 39 2
2788 39 1
2789 39 4
2794 39 1
2806 39 3
2833 39 3
2838 39 2
2839 39 1
2843 39 1
2848 39 4
2852 39 2
2860 39 1
2871 39 3
2873 39 2
2874 39 1
2875 39 2
2882 39 2
2884 39 1
2888 39 1
2891 39 2
2905 39 1
2916 39 1
2942 39 1
2957 39 1
2961 39 1
2966 39 2
2975 39 1
2984 39 1
3 40 295
4 40 326
8 40 268
16 40 314
18 40 321
20 40 281
21 40 316
23 40 292
27 40 311
29 40 287
32 40 276
34 40 274
36 40 297
37 40 307
40 40 308
41 40 277
42 40 309
45 40 276
49 40 291
50 40 285
53 40 319
54 40 299
57 40 295
59 40 292
60 40 289
62 40 276
64 40 286
66 40 292
70 40 315
72 40 318
73 40 303
74 40 258
76 40 292
78 40 280
79 40 263
80 40 281
81 40 273
82 40 286
84 40 332
85 40 280
86 40 288
88 40 287
89 40 282
91 40 271
97 40 283
98 40 311
107 40 283
109 40 303
111 40 267
117 40 291
126 40 265
128 40 268
129 40 274
133 40 266
135 40 249
137 40 260
140 40 242
141 40 313
143 40 294
145 40 299
149 40 294
151 40 259
153 40 293
157 40 289
158 40 247
159 40 258
163 40 284
164 40 284
174 40 283
176 40 293
178 40 253
181 40 295
182 40 261
183 40 277
184 40 259
186 40 302
187 40 226
190 40 266
191 40 278
192 40 253
193 40 252
194 40 241
195 40 281
198 40 270
200 40 247
201 40 272
204 40 261
208 40 250
210 40 269
216 40 251
218 40 244
222 40 244
223 40 240
229 40 252
232 40 245
236 40 230
239 40 251
240 40 225
243 40 214
248 40 251
249 40 254
253 40 279
254 40 273
256 40 287
257 40 247
258 40 238
262 40 254
264 40 241
265 40 251
267 40 255
272 40 258
274 40 257
275 40 260
277 40 240
279 40 282
280 40 260
282 40 249
286 40 212
287 40 272
289 40 271
292 40 242
295 40 246
297 40 246
298 40 234
299 40 246
305 40 246
308 40 255
309 40 243
310 40 245
312 40 229
315 40 260
316 40 253
318 40 236
320 40 250
325 40 224
327 40 231
329 40 212
338 40 222
339 40 278
344 40 234
347 40 237
349 40 257
351 40 251
352 40 240
362 40 249
366 40 216
369 40 224
370 40 251
371 40 227
372 40 247
375 40 237
377 40 234
379 40 238
387 40 247
390 40 221
393 40 227
395 40 193
396 40 243
398 40 228
402 40 253
405 40 244
416 40 255
418 40 222
422 40 216
423 40 239
424 40 196
427 40 218
428 40 201
429 40 216
430 40 244
437 40 236
438 40 230
439 40 204
440 40 240
445 40 237
446 40 192
449 40 232
451 40 204
452 40 252
454 40 209
455 40 222
457 40 248
458 40 220
460 40 230
461 40 211
464 40 251
465 40 223
466 40 208
468 40 240
469 40 220
473 40 203
474 40 192
477 40 208
479 40 216
482 40 204
483 40 213
484 40 215
487 40 218
488 40 207
489 40 200
491 40 205
493 40 215
495 40 208
497 40 219
500 40 213
501 40 216
507 40 232
508 40 202
510 40 181
513 40 204
516 40 205
518 40 210
522 40 197
523 40 201
524 40 213
537 40 208
540 40 209
542 40 192
543 40 196
544 40 220
548 40 208
555 40 193
557 40 199
562 40 182
563 40 199
569 40 228
571 40 210
572 40 223
580 40 210
582 40 191
583 40 186
584 40 198
585 40 219
588 40 191
590 40 186
591 40 221
596 40 200
598 40 186
599 40 173
600 40 190
601 40 203
610 40 178
611 40 180
612 40 200
615 40 195
617 40 176
619 40 185
624 40 197
625 40 181
632 40 201
633 40 178
634 40 187
638 40 180
640 40 184
652 40 156
655 40 168
656 40 206
659 40 178
665 40 197
666 40 174
669 40 171
671 40 196
674 40 161
678 40 158
685 40 199
686 40 193
688 40 167
689 40 170
690 40 196
691 40 172
694 40 161
696 40 177
697 40 166
698 40 187
701 40 183
702 40 182
704 40 190
712 40 183
713 40 171
717 40 163
718 40 174
724 40 180
727 40 179
729 40 197
736 40 164
743 40 170
745 40 177
760 40 181
770 40 160
775 40 158
778 40 185
781 40 191
786 40 163
788 40 185
789 40 168
793 40 176
800 40 173
802 40 155
811 40 179
819 40 160
821 40 136
822 40 162
823 40 177
830 40 155
831 40 143
832 40 149
833 40 144
834 40 176
837 40 151
838 40 160
842 40 160
843 40 156
844 40 153
846 40 136
847 40 176
849 40 182
855 40 169
859 40 144
867 40 146
869 40 154
873 40 155
875 40 162
879 40 157
881 40 159
883 40 169
884 40 155
886 40 123
893 40 160
894 40 158
901 40 151
902 40 150
908 40 142
911 40 142
912 40 146
916 40 153
919 40 131
920 40 143
924 40 150
925 40 144
926 40 151
928 40 128
929 40 147
930 40 129
932 40 140
940 40 152
951 40 147
953 40 161
960 40 136
962 40 143
968 40 158
969 40 139
977 40 125
981 40 138
982 40 128
985 40 141
986 40 140
987 40 156
989 40 133
991 40 133
1015 40 160
1016 40 115
1018 40 150
1023 40 135
1029 40 130
1034 40 121
1037 40 148
1040 40 125
1041 40 108
1042 40 114
1051 40 115
1056 40 136
1057 40 138
1067 40 129
1070 40 119
1075 40 145
1076 40 131
1078 40 129
1079 40 115
1080 40 113
1087 40 126
1092 40 132
1093 40 125
1095 40 138
1097 40 126
1102 40 119
1103 40 118
1105 40 107
1108 40 128
1109 40 116
1110 40 137
1113 40 95
1116 40 127
1129 40 108
1130 40 136
1134 40 110
1137 40 123
1141 40 116
1143 40 113
1156 40 101
1160 40 105
1165 40 99
1167 40 122
1168 40 103
1176 40 112
1178 40 107
1187 40 89
1192 40 102
1196 40 100
1199 40 119
1206 40 118
1207 40 119
1216 40 91
1220 40 110
1229 40 126
1230 40 104
1249 40 107
1256 40 95
1258 40 105
1259 40 93
1261 40 100
1262 40 89
1277 40 106
1291 40 98
1295 40 109
1300 40 90
1301 40 109
1302 40 113
1303 40 90
1304 40 89
1306 40 102
1313 40 110
1328 40 91
1332 40 88
1335 40 96
1336 40 95
1340 40 90
1341 40 87
1344 40 88
1348 40 97
1358 40 91
1360 40 81
1363 40 93
1372 40 90
1375 40 79
1376 40 95
1381 40 75
1382 40 100
1386 40 100
1387 40 109
1401 40 91
1406 40 81
1418 40 76
1424 40 84
1429 40 85
1433 40 95
1445 40 76
1465 40 68
1469 40 77
1475 40 74
1479 40 77
1485 40 84
1490 40 88
1499 40 95
1505 40 57
1509 40 68
1510 40 86
1523 40 69
1525 40 74
1534 40 83
1536 40 61
1540 40 76
1541 40 59
1546 40 79
1547 40 69
1552 40 70
1553 40 77
1555 40 80
1557 40 57
1558 40 62
1562 40 87
1570 40 71
1571 40 93
1574 40 82
1575 40 85
1584 40 67
1589 40 70
1592 40 68
1604 40 61
1607 40 63
1623 40 85
1626 40 70
1628 40 57
1629 40 66
1634 40 74
1653 40 66
1656 40 80
1669 40 57
1679 40 53
1682 40 52
1685 40 62
1687 40 67
1701 40 49
1702 40 53
1706 40 57
1707 40 68
1712 40 56
1716 40 67
1721 40 79
1724 40 60
1730 40 53
1733 40 46
1741 40 58
1746 40 48
1749 40 61
1753 40 44
1754 40 57
1755 40 51
1765 40 51
1771 40 35
1775 40 65
1776 40 42
1780 40 57
1781 40 55
1784 40 36
1789 40 45
1790 40 52
1791 40 55
1794 40 52
1798 40 55
1804 40 56
1805 40 51
1830 40 48
1831 40 50
1833 40 68
1834 40 57
1857 40 52
1867 40 46
1872 40 47
1889 40 61
1890 40 36
1894 40 42
1902 40 45
1905 40 42
1916 40 48
1918 40 33
1923 40 49
1930 40 38
1932 40 46
1938 40 37
1942 40 35
1944 40 29
1948 40 46
1949 40 34
1952 40 31
1954 40 51
1961 40 35
1967 40 44
1968 40 36
1969 40 36
1978 40 52
1984 40 43
1987 40 42
1989 40 39
1994 40 42
2002 40 40
2009 40 37
2016 40 38
2018 40 30
2019 40 25
2031 40 37
2049 40 39
2060 40 34
2065 40 40
2068 40 35
2078 40 35
2080 40 30
2092 40 24
2097 40 28
2103 40 25
2109 40 22
2111 40 27
2114 40 28
2129 40 22
2158 40 23
2175 40 30
2184 40 26
2187 40 38
2189 40 22
2197 40 19
2202 40 22
2204 40 22
2228 40 21
2250 40 25
2267 40 25
2278 40 21
2280 40 16
2285 40 26
2289 40 12
2291 40 22
2296 40 19
2311 40 14
2320 40 12
2332 40 16
2341 40 22
2342 40 17
2343 40 17
2357 40 13
2371 40 9
2375 40 16
2376 40 17
2377 40 24
2388 40 16
2395 40 11
2407 40 16
2428 40 7
2442 40 17
2448 40 7
2467 40 14
2474 40 13
2477 40 11
2483 40 13
2499 40 11
2531 40 10
2556 40 7
2559 40 9
2564 40 6
2577 40 3
2588 40 3
2597 40 11
2603 40 7
2606 40 7
2619 40 6
2621 40 4
2623 40 10
2641 40 5
2645 40 5
2651 40 13
2662 40 5
2672 40 8
2674 40 6
2689 40 6
2693 40 3
2707 40 3
2711 40 3
2723 40 5
2736 40 3
2745 40 3
2748 40 4
2756 40 4
2764 40 3
2790 40 3
2792 40 4
2797 40 1
2806 40 5
2808 40 4
2815 40 2
2834 40 1
2837 40 2
2848 40 1
2857 40 2
2859 40 1
2860 40 2
2861 40 2
2881 40 1
2913 40 1
2929 40 1
2942 40 2
2944 40 1
2961 40 1
2991 40 1
2993 40 1
2 41 329
3 41 248
6 41 307
7 41 280
10 41 268
11 41 289
13 41 279
14 41 327
17 41 310
18 41 315
20 41 275
21 41 288
25 41 276
27 41 294
28 41 301
34 41 278
36 41 306
38 41 286
39 41 303
41 41 265
43 41 291
44 41 300
45 41 279
49 41 305
50 41 290
51 41 292
52 41 294
53 41 319
56 41 296
57 41 302
62 41 311
63 41 281
64 41 324
65 41 279
68 41 318
69 41 275
70 41 298
72 41 311
75 41 279
76 41 312
77 41 288
79 41 299
80 41 311
82 41 302
91 41 286
92 41 288
96 41 325
97 41 285
98 41 277
103 41 265
105 41 284
106 41 317
108 41 289
111 41 247
114 41 283
116 41 296
121 41 267
123 41 267
124 41 247
126 41 268
128 41 274
129 41 245
132 41 294
133 41 273
135 41 267
136 41 269
137 41 269
139 41 240
140 41 263
141 41 244
142 41 253
145 41 285
147 41 262
149 41 296
150 41 303
152 41 300
156 41 254
157 41 265
169 41 256
170 41 274
172 41 264
174 41 255
175 41 268
179 41 251
181 41 268
182 41 282
184 41 250
190 41 273
193 41 265
195 41 256
197 41 268
200 41 268
201 41 279
202 41 260
204 41 236
205 41 252
207 41 252
210 41 254
211 41 267
217 41 227
222 41 239
223 41 253
224 41 275
225 41 268
226 41 271
229 41 278
234 41 252
236 41 279
237 41 250
239 41 272
240 41 243
241 41 234
245 41 255
246 41 255
248 41 246
251 41 255
254 41 231
255 41 246
257 41 258
258 41 223
262 41 242
263 41 256
264 41 254
265 41 243
266 41 218
267 41 242
268 41 265
270 41 218
272 41 281
274 41 255
281 41 251
284 41 243
289 41 254
290 41 255
292 41 257
293 41 230
294 41 258
297 41 214
299 41 233
305 41 252
306 41 236
312 41 236
313 41 217
317 41 250
319 41 243
320 41 246
327 41 232
328 41 226
331 41 253
333 41 250
337 41 221
340 41 227
341 41 241
343 41 247
345 41 233
350 41 244
356 41 230
357 41 219
359 41 225
362 41 225
369 41 239
370 41 251
373 41 227
377 41 233
380 41 227
385 41 251
387 41 260
388 41 220
394 41 226
399 41 207
401 41 232
402 41 256
405 41 224
409 41 227
410 41 214
411 41 235
414 41 231
415 41 212
421 41 214
423 41 203
428 41 199
430 41 211
433 41 204
435 41 215
439 41 207
441 41 241
443 41 212
444 41 228
447 41 216
450 41 202
452 41 236
453 41 219
454 41 224
458 41 190
461 41 224
463 41 232
464 41 210
465 41 198
466 41 240
470 41 218
475 41 227
477 41 207
479 41 193
485 41 198
488 41 227
491 41 201
492 41 221
493 41 235
495 41 234
496 41 214
503 41 189
504 41 199
507 41 196
512 41 197
513 41 226
514 41 184
515 41 202
525 41 203
526 41 201
531 41 199
533 41 173
534 41 173
536 41 188
537 41 206
539 41 208
547 41 208
548 41 221
550 41 179
561 41 207
564 41 179
567 41 194
569 41 186
570 41 223
572 41 218
575 41 194
581 41 208
582 41 211
583 41 221
588 41 174
590 41 209
592 41 161
598 41 177
599 41 195
600 41 213
603 41 176
609 41 181
610 41 175
611 41 189
612 41 186
615 41 178
620 41 178
622 41 195
625 41 167
626 41 170
632 41 172
636 41 175
644 41 199
648 41 204
650 41 191
654 41 172
655 41 196
656 41 198
658 41 182
660 41 182
661 41 192
662 41 183
666 41 206
668 41 191
670 41 193
672 41 169
691 41 182
699 41 158
700 41 171
701 41 144
703 41 172
706 41 180
707 41 182
710 41 177
711 41 172
712 41 171
717 41 169
720 41 173
721 41 167
727 41 168
728 41 192
734 41 191
740 41 181
741 41 158
744 41 174
746 41 168
750 41 168
754 41 167
755 41 177
756 41 150
757 41 165
762 41 186
763 41 170
767 41 171
769 41 175
775 41 167
779 41 158
781 41 186
785 41 185
797 41 164
802 41 164
809 41 164
812 41 170
814 41 161
819 41 147
823 41 163
825 41 145
826 41 163
835 41 152
843 41 151
847 41 139
851 41 151
853 41 153
856 41 149
861 41 163
866 41 137
868 41 146
869 41 157
871 41 144
874 41 155
877 41 147
890 41 160
893 41 140
895 41 150
897 41 166
899 41 148
900 41 157
903 41 162
904 41 138
907 41 138
911 41 145
914 41 145
920 41 133
922 41 129
926 41 161
927 41 134
928 41 140
930 41 132
944 41 135
949 41 154
951 41 164
954 41 158
956 41 130
962 41 157
964 41 150
965 41 136
974 41 161
978 41 159
982 41 130
989 41 137
990 41 136
992 41 137
995 41 159
1003 41 146
1006 41 155
1008 41 122
1013 41 142
1015 41 142
1019 41 124
1022 41 126
1023 41 139
1030 41 124
1036 41 130
1037 41 142
1046 41 117
1057 41 138
1062 41 152
1066 41 140
1069 41 119
1071 41 137
1073 41 116
1077 41 138
1082 41 141
1084 41 109
1093 41 117
1102 41 124
1107 41 118
1112 41 130
1114 41 104
1116 41 126
1117 41 114
1120 41 119
1121 41 139
1122 41 119
1127 41 113
1132 41 133
1147 41 131
1150 41 115
1151 41 118
1158 41 121
1159 41 104
1163 41 120
1164 41 127
1178 41 121
1182 41 105
1196 41 126
1200 41 119
1206 41 108
1211 41 123
1213 41 112
1214 41 111
1227 41 92
1229 41 115
1235 41 102
1238 41 118
1252 41 114
1260 41 84
1261 41 85
1265 41 95
1275 41 95
1276 41 100
1278 41 104
1305 41 94
1313 41 113
1323 41 82
1326 41 93
1327 41 85
1329 41 111
1341 41 97
1346 41 94
1349 41 98
1360 41 88
1361 41 85
1362 41 93
1365 41 102
1366 41 103
1370 41 87
1371 41 80
1372 41 94
1379 41 74
1380 41 87
1382 41 84
1404 41 97
1406 41 73
1417 41 81
1425 41 80
1436 41 81
1441 41 85
1443 41 110
1447 41 84
1450 41 89
1453 41 73
1454 41 64
1457 41 90
1459 41 65
1460 41 88
1469 41 94
1470 41 99
1472 41 91
1476 41 96
1477 41 72
1491 41 72
1492 41 85
1499 41 80
1500 41 89
1511 41 57
1530 41 82
1531 41 63
1533 41 73
1534 41 52
1547 41 82
1548 41 82
1556 41 59
1557 41 76
1559 41 84
1560 41 62
1566 41 67
1573 41 66
1574 41 64
1585 41 83
1591 41 73
1595 41 56
1605 41 65
1615 41 70
1616 41 75
1617 41 69
1621 41 60
1622 41 66
1623 41 53
1626 41 64
1627 41 57
1635 41 81
1638 41 61
1659 41 59
1661 41 68
1668 41 49
1674 41 72
1677 41 38
1681 41 61
1687 41 68
1690 41 61
1699 41 59
1707 41 59
1710 41 78
1719 41 63
1720 41 52
1727 41 52
1733 41 56
1744 41 59
1745 41 72
1746 41 46
1750 41 42
1762 41 59
1793 41 57
1801 41 47
1802 41 59
1809 41 47
1818 41 45
1820 41 41
1825 41 47
1828 41 49
1833 41 49
1834 41 56
1844 41 40
1846 41 40
1848 41 41
1850 41 53
1858 41 52
1859 41 45
1861 41 42
1876 41 52
1883 41 36
1892 41 39
1900 41 42
1901 41 49
1908 41 52
1921 41 39
1927 41 42
1932 41 46
1942 41 35
1945 41 44
1949 41 41
1956 41 28
1958 41 44
1962 41 38
1968 41 38
1972 41 30
1974 41 32
1978 41 36
1986 41 35
2000 41 30
2003 41 41
2006 41 48
2015 41 39
2023 41 43
2024 41 37
2030 41 23
2032 41 35
2033 41 32
2036 41 28
2044 41 30
2045 41 35
2063 41 31
2074 41 33
2076 41 26
2079 41 25
2087 41 26
2101 41 20
2109 41 30
2116 41 27
2131 41 21
2138 41 30
2148 41 32
2157 41 23
2160 41 23
2173 41 23
2179 41 25
2183 41 23
2187 41 21
2192 41 17
2195 41 24
2210 41 21
2216 41 30
2220 41 22
2222 41 24
2228 41 25
2244 41 15
2245 41 19
2246 41 29
2257 41 22
2263 41 21
2278 41 16
2293 41 19
2313 41 22
2318 41 10
2320 41 16
2345 41 11
2353 41 15
2355 41 21
2378 41 10
2387 41 9
2392 41 15
2393 41 21
2407 41 11
2420 41 13
2427 41 7
2435 41 7
2438 41 15
2443 41 17
2444 41 8
2445 41 8
2446 41 16
2447 41 15
2453 41 11
2462 41 10
2483 41 12
2485 41 5
2539 41 6
2562 41 7
2569 41 9
2590 41 6
2593 41 7
2597 41 10
2618 41 10
2624 41 10
2638 41 3
2643 41 4
2672 41 6
2673 41 2
2678 41 4
2688 41 4
2724 41 5
2727 41 4
2733 41 4
2745 41 1
2766 41 3
2807 41 2
2824 41 2
2835 41 4
2857 41 1
2872 41 4
2876 41 1
2887 41 1
2895 41 3
2910 41 2
2911 41 1
2920 41 1
2922 41 1
2927 41 1
2928 41 1
2934 41 3
2946 41 1
2948 41 1
2949 41 1
2963 41 1
2975 41 2
2988 41 1
2996 41 1
5 42 288
6 42 280
7 42 306
8 42 292
12 42 266
13 42 297
16 42 313
17 42 316
18 42 291
19 42 293
20 42 283
25 42 266
27 42 278
28 42 317
29 42 321
39 42 298
42 42 275
44 42 303
47 42 291
50 42 347
51 42 270
56 42 277
57 42 264
60 42 272
61 42 280
62 42 283
63 42 260
65 42 288
66 42 296
68 42 281
70 42 313
71 42 309
77 42 274
79 42 274
80 42 279
82 42 298
85 42 280
86 42 277
90 42 260
91 42 279
93 42 273
98 42 292
101 42 282
102 42 276
103 42 250
105 42 269
106 42 275
107 42 253
108 42 279
110 42 280
111 42 275
114 42 312
115 42 261
119 42 298
121 42 290
122 42 290
124 42 295
125 42 283
127 42 299
129 42 261
130 42 274
131 42 291
132 42 308
139 42 242
140 42 265
141 42 270
142 42 264
144 42 252
147 42 258
148 42 264
150 42 290
154 42 267
155 42 260
156 42 265
157 42 268
163 42 288
164 42 267
167 42 283
170 42 272
171 42 273
172 42 261
173 42 252
176 42 263
178 42 251
183 42 266
184 42 255
189 42 237
192 42 257
196 42 246
197 42 277
198 42 232
199 42 269
201 42 239
202 42 276
208 42 242
209 42 252
212 42 244
214 42 277
216 42 281
217 42 262
218 42 263
219 42 252
222 42 280
229 42 267
235 42 215
237 42 240
239 42 249
240 42 275
241 42 257
243 42 239
246 42 230
248 42 251
253 42 288
254 42 230
256 42 266
259 42 251
261 42 249
263 42 260
264 42 240
265 42 243
267 42 233
268 42 274
273 42 264
278 42 228
279 42 259
281 42 275
282 42 258
284 42 250
286 42 243
287 42 264
291 42 239
293 42 247
297 42 240
299 42 229
303 42 229
305 42 222
307 42 230
309 42 252
310 42 272
311 42 225
316 42 240
317 42 247
320 42 248
321 42 206
323 42 214
325 42 251
326 42 256
328 42 233
329 42 217
330 42 236
331 42 228
332 42 244
335 42 259
336 42 253
343 42 226
344 42 249
354 42 242
357 42 224
362 42 238
365 42 218
368 42 231
372 42 219
374 42 253
377 42 224
378 42 213
382 42 220
383 42 242
387 42 266
389 42 199
390 42 234
394 42 203
395 42 227
396 42 213
400 42 232
401 42 238
405 42 212
406 42 226
407 42 236
408 42 223
410 42 222
412 42 216
414 42 222
415 42 243
417 42 207
418 42 214
424 42 222
425 42 207
428 42 232
429 42 214
432 42 197
433 42 217
435 42 217
437 42 223
438 42 218
439 42 231
441 42 227
442 42 238
444 42 211
446 42 204
449 42 229
452 42 221
455 42 215
456 42 210
457 42 234
459 42 223
460 42 204
462 42 202
465 42 179
470 42 234
471 42 196
476 42 201
477 42 212
478 42 215
485 42 193
487 42 212
490 42 207
493 42 198
499 42 212
500 42 198
503 42 215
504 42 211
505 42 238
508 42 208
509 42 197
510 42 214
512 42 196
516 42 183
517 42 206
521 42 173
525 42 170
530 42 195
532 42 203
538 42 223
543 42 191
546 42 211
553 42 187
555 42 196
559 42 216
560 42 197
563 42 190
565 42 207
567 42 196
569 42 247
570 42 199
574 42 188
577 42 196
581 42 215
583 42 207
584 42 198
591 42 211
595 42 212
596 42 188
597 42 210
599 42 190
602 42 182
611 42 191
612 42 209
614 42 174
617 42 183
622 42 167
625 42 194
626 42 169
630 42 174
632 42 206
633 42 198
634 42 202
637 42 192
640 42 190
643 42 181
646 42 182
647 42 198
651 42 171
654 42 181
656 42 189
658 42 167
659 42 171
660 42 163
668 42 191
671 42 180
676 42 203
677 42 178
679 42 181
681 42 199
683 42 197
692 42 182
704 42 181
708 42 178
709 42 187
710 42 179
716 42 194
721 42 183
732 42 202
733 42 155
734 42 165
736 42 185
744 42 172
745 42 165
749 42 181
753 42 170
756 42 173
757 42 180
759 42 173
760 42 183
762 42 174
766 42 163
767 42 176
772 42 150
775 42 185
776 42 152
777 42 161
779 42 173
780 42 162
782 42 173
787 42 168
789 42 167
792 42 168
798 42 163
803 42 160
807 42 163
810 42 172
816 42 173
821 42 165
823 42 163
824 42 171
828 42 143
829 42 161
830 42 187
835 42 170
837 42 159
838 42 169
840 42 170
845 42 165
848 42 165
852 42 190
863 42 130
867 42 132
868 42 168
873 42 156
874 42 131
875 42 158
883 42 168
885 42 158
892 42 149
898 42 163
905 42 162
908 42 171
909 42 145
910 42 133
912 42 149
927 42 155
930 42 126
934 42 150
946 42 128
950 42 146
955 42 141
958 42 129
963 42 121
966 42 145
968 42 129
969 42 162
971 42 128
973 42 136
979 42 122
980 42 138
982 42 127
983 42 128
985 42 129
990 42 137
992 42 141
1002 42 126
1005 42 137
1006 42 132
1015 42 130
1016 42 140
1024 42 153
1025 42 135
1026 42 139
1027 42 129
1031 42 126
1032 42 149
1033 42 139
1034 42 133
1037 42 140
1039 42 103
1040 42 127
1052 42 138
1056 42 123
1065 42 123
1073 42 143
1074 42 117
1076 42 105
1095 42 120
1100 42 110
1102 42 129
1106 42 121
1110 42 121
1113 42 102
1114 42 126
1123 42 99
1138 42 99
1139 42 125
1144 42 115
1149 42 101
1150 42 114
1158 42 118
1162 42 108
1180 42 108
1188 42 114
1189 42 112
1193 42 122
1202 42 117
1210 42 103
1227 42 127
1231 42 133
1241 42 119
1242 42 102
1244 42 107
1247 42 107
1250 42 104
1255 42 94
1259 42 115
1260 42 113
1261 42 92
1264 42 88
1267 42 76
1269 42 118
1272 42 98
1278 42 100
1280 42 103
1281 42 89
1284 42 93
1285 42 108
1290 42 101
1294 42 93
1295 42 107
1303 42 84
1306 42 97
1316 42 95
1320 42 99
1323 42 75
1328 42 103
1329 42 105
1333 42 87
1336 42 100
1342 42 81
1351 42 86
1376 42 97
1379 42 111
1387 42 94
1391 42 88
1393 42 90
1403 42 75
1421 42 84
1423 42 80
1433 42 80
1437 42 81
1438 42 81
1440 42 81
1442 42 88
1444 42 74
1446 42 85
1454 42 84
1457 42 90
1466 42 74
1468 42 78
1472 42 70
1486 42 91
1489 42 82
1490 42 83
1494 42 82
1498 42 73
1502 42 62
1507 42 86
1514 42 75
1524 42 75
1530 42 68
1539 42 75
1547 42 66
1548 42 78
1549 42 76
1550 42 68
1552 42 67
1555 42 74
1559 42 70
1560 42 59
1572 42 74
1583 42 89
1586 42 69
1587 42 68
1593 42 74
1595 42 54
1599 42 62
1604 42 57
1613 42 58
1617 42 65
1621 42 76
1624 42 56
1625 42 56
1629 42 82
1630 42 63
1632 42 73
1636 42 57
1641 42 74
1653 42 61
1659 42 66
1660 42 66
1676 42 60
1677 42 52
1679 42 56
1683 42 57
1685 42 65
1686 42 67
1693 42 51
1694 42 51
1696 42 46
1698 42 50
1701 42 59
1702 42 56
1710 42 56
1717 42 66
1732 42 66
1734 42 60
1739 42 58
1741 42 52
1747 42 46
1767 42 49
1769 42 60
1773 42 54
1777 42 43
1779 42 46
1780 42 57
1788 42 61
1793 42 54
1800 42 44
1806 42 55
1811 42 43
1812 42 55
1813 42 56
1821 42 61
1826 42 55
1831 42 39
1840 42 43
1845 42 50
1850 42 43
1854 42 55
1856 42 42
1865 42 45
1872 42 54
1879 42 49
1883 42 50
1884 42 40
1893 42 57
1903 42 37
1912 42 45
1939 42 41
1945 42 37
1948 42 34
1957 42 34
1961 42 38
1976 42 29
1977 42 36
1978 42 39
1980 42 29
1982 42 33
1993 42 38
1994 42 39
1995 42 31
2004 42 30
2020 42 32
2026 42 41
2033 42 43
2035 42 35
2038 42 46
2042 42 29
2045 42 28
2047 42 36
2053 42 33
2055 42 32
2062 42 32
2071 42 30
2083 42 23
2099 42 23
2103 42 27
2122 42 28
2128 42 29
2140 42 31
2141 42 26
2144 42 28
2147 42 39
2152 42 22
2169 42 27
2172 42 26
2176 42 16
2198 42 25
2212 42 23
2220 42 28
2222 42 19
2229 42 23
2245 42 18
2260 42 18
2273 42 22
2288 42 16
2295 42 26
2302 42 20
2315 42 18
2319 42 17
2324 42 12
2325 42 16
2328 42 22
2347 42 18
2359 42 16
2374 42 19
2377 42 11
2390 42 16
2403 42 16
2409 42 16
2413 42 14
2424 42 14
2427 42 17
2435 42 10
2438 42 11
2446 42 6
2469 42 7
2475 42 14
2477 42 7
2484 42 10
2490 42 8
2508 42 8
2512 42 19
2521 42 11
2526 42 12
2532 42 8
2537 42 10
2538 42 9
2539 42 10
2551 42 11
2552 42 4
2560 42 12
2561 42 5
2562 42 10
2563 42 12
2565 42 10
2568 42 6
2569 42 6
2578 42 8
2597 42 8
2610 42 10
2612 42 5
2621 42 7
2654 42 6
2656 42 6
2659 42 2
2675 42 4
2685 42 4
2691 42 5
2692 42 6
2697 42 5
2698 42 3
2701 42 5
2705 42 4
2708 42 4
2713 42 3
2716 42 6
2717 42 5
2746 42 5
2752 42 3
2754 42 5
2757 42 5
2759 42 4
2777 42 2
2778 42 5
2783 42 3
2823 42 2
2826 42 1
2830 42 2
2849 42 2
2853 42 2
2862 42 1
2871 42 1
2879 42 2
2906 42 1
2907 42 2
2916 42 1
2918 42 2
2963 42 1
2965 42 1
2974 42 1
2977 42 1
2978 42 1
2982 42 1
2987 42 1
2989 42 1
2995 42 1
2997 42 1
1 43 321
3 43 357
5 43 298
7 43 293
8 43 319
9 43 291
20 43 295
21 43 285
24 43 300
26 43 283
31 43 292
35 43 298
38 43 294
41 43 286
42 43 277
43 43 302
48 43 268
53 43 294
57 43 296
58 43 297
60 43 277
64 43 294
67 43 309
69 43 311
71 43 308
72 43 304
73 43 298
74 43 327
79 43 294
81 43 246
82 43 285
83 43 309
84 43 268
87 43 294
88 43 275
90 43 274
93 43 285
94 43 260
95 43 277
98 43 288
99 43 266
101 43 281
102 43 294
104 43 308
105 43 286
109 43 312
110 43 287
111 43 294
120 43 272
122 43 248
124 43 293
125 43 276
126 43 312
127 43 275
130 43 293
132 43 280
134 43 273
135 43 300
138 43 258
141 43 280
144 43 276
151 43 271
156 43 278
158 43 270
160 43 295
163 43 275
165 43 268
166 43 266
167 43 216
168 43 229
169 43 248
170 43 271
171 43 265
174 43 262
176 43 248
179 43 269
182 43 291
187 43 264
188 43 295
189 43 261
190 43 260
191 43 266
193 43 270
195 43 277
196 43 278
199 43 262
200 43 249
204 43 262
208 43 280
210 43 288
211 43 257
212 43 252
213 43 271
214 43 251
215 43 253
217 43 265
220 43 258
222 43 261
224 43 266
233 43 280
234 43 274
235 43 239
237 43 249
240 43 231
241 43 265
242 43 265
246 43 221
252 43 243
253 43 230
254 43 277
257 43 233
261 43 254
262 43 248
265 43 255
266 43 247
268 43 269
270 43 251
274 43 255
275 43 251
279 43 257
283 43 267
284 43 264
285 43 237
291 43 273
293 43 232
296 43 272
298 43 224
299 43 242
301 43 241
303 43 290
304 43 214
305 43 229
306 43 242
307 43 237
311 43 229
312 43 221
314 43 242
319 43 267
320 43 234
321 43 239
323 43 235
326 43 236
329 43 239
331 43 226
333 43 246
334 43 244
335 43 234
339 43 229
340 43 252
341 43 257
343 43 224
347 43 236
348 43 241
349 43 222
352 43 227
355 43 231
357 43 240
360 43 247
361 43 231
362 43 213
363 43 247
364 43 231
366 43 243
367 43 222
368 43 223
371 43 202
373 43 242
375 43 223
377 43 234
378 43 226
379 43 203
381 43 232
385 43 242
388 43 230
389 43 207
390 43 212
393 43 193
394 43 212
395 43 219
398 43 231
399 43 235
401 43 232
402 43 226
408 43 243
414 43 241
417 43 250
424 43 245
429 43 197
430 43 207
431 43 251
435 43 226
436 43 227
440 43 213
443 43 216
446 43 223
448 43 210
449 43 204
451 43 188
453 43 234
456 43 214
458 43 215
459 43 243
460 43 225
461 43 226
466 43 218
470 43 245
471 43 226
475 43 206
478 43 205
482 43 224
485 43 229
488 43 198
489 43 209
492 43 204
495 43 224
512 43 216
514 43 192
515 43 201
520 43 204
522 43 192
524 43 194
526 43 170
531 43 219
532 43 210
533 43 220
538 43 194
540 43 199
542 43 188
546 43 211
547 43 199
551 43 193
552 43 184
558 43 209
559 43 229
562 43 190
563 43 201
564 43 194
567 43 197
568 43 191
572 43 180
578 43 188
579 43 173
580 43 206
582 43 202
585 43 186
586 43 196
590 43 212
592 43 151
596 43 196
597 43 204
613 43 195
618 43 178
621 43 211
622 43 194
628 43 198
633 43 200
637 43 172
638 43 176
639 43 192
641 43 178
643 43 156
644 43 176
646 43 195
647 43 188
658 43 184
659 43 157
661 43 180
663 43 179
665 43 169
666 43 205
667 43 192
670 43 178
671 43 168
681 43 156
687 43 212
690 43 177
691 43 189
695 43 167
700 43 166
711 43 199
716 43 171
719 43 191
723 43 183
727 43 179
729 43 176
735 43 163
737 43 183
743 43 183
744 43 155
749 43 162
755 43 150
756 43 176
765 43 173
771 43 151
772 43 170
774 43 163
780 43 175
784 43 163
785 43 159
787 43 176
788 43 178
790 43 176
792 43 161
800 43 160
801 43 163
809 43 173
812 43 166
813 43 170
814 43 184
816 43 167
818 43 159
823 43 144
825 43 179
826 43 163
828 43 143
835 43 155
836 43 159
838 43 150
839 43 165
842 43 159
843 43 161
844 43 179
847 43 137
857 43 157
860 43 135
861 43 160
866 43 159
867 43 132
872 43 160
874 43 148
875 43 159
879 43 160
880 43 145
881 43 170
885 43 173
888 43 140
893 43 128
894 43 162
895 43 143
903 43 149
919 43 134
920 43 131
922 43 150
924 43 153
928 43 146
929 43 137
936 43 150
937 43 150
938 43 141
942 43 144
955 43 142
957 43 173
959 43 147
961 43 135
962 43 148
963 43 161
964 43 167
968 43 134
971 43 130
972 43 138
973 43 120
975 43 127
982 43 117
986 43 138
989 43 116
995 43 137
996 43 139
998 43 128
999 43 140
1002 43 122
1005 43 138
1006 43 121
1014 43 135
1017 43 120
1018 43 141
1020 43 131
1021 43 148
1026 43 130
1031 43 110
1035 43 125
1037 43 140
1039 43 134
1040 43 114
1042 43 121
1050 43 120
1053 43 142
1057 43 116
1058 43 122
1065 43 136
1067 43 111
1068 43 118
1069 43 136
1072 43 124
1074 43 115
1075 43 120
1086 43 136
1087 43 106
1089 43 115
1099 43 134
1101 43 126
1104 43 137
1106 43 113
1118 43 119
1120 43 133
1121 43 119
1123 43 126
1130 43 132
1139 43 97
1142 43 115
1146 43 121
1148 43 97
1153 43 108
1154 43 102
1160 43 116
1172 43 121
1175 43 119
1183 43 104
1185 43 118
1190 43 106
1193 43 82
1197 43 104
1198 43 113
1202 43 125
1207 43 120
1210 43 118
1217 43 97
1222 43 121
1233 43 106
1237 43 105
1242 43 110
1255 43 104
1260 43 82
1272 43 106
1280 43 93
1282 43 101
1283 43 106
1294 43 107
1310 43 115
1322 43 78
1323 43 95
1325 43 95
1330 43 97
1361 43 109
1362 43 87
1364 43 98
1368 43 77
1378 43 87
1382 43 87
1387 43 88
1388 43 92
1389 43 87
1390 43 78
1394 43 91
1403 43 86
1404 43 90
1406 43 81
1416 43 70
1420 43 63
1421 43 87
1424 43 92
1437 43 87
1452 43 93
1454 43 89
1458 43 81
1464 43 76
1466 43 89
1469 43 91
1471 43 92
1472 43 72
1478 43 75
1487 43 81
1494 43 87
1496 43 92
1500 43 74
1501 43 84
1503 43 69
1506 43 81
1507 43 84
1510 43 85
1520 43 72
1525 43 74
1526 43 84
1531 43 68
1534 43 77
1535 43 67
1537 43 66
1541 43 66
1546 43 75
1550 43 74
1552 43 77
1554 43 74
1555 43 65
1556 43 80
1561 43 84
1562 43 62
1563 43 70
1568 43 83
1569 43 77
1577 43 60
1580 43 87
1581 43 64
1582 43 58
1583 43 76
1584 43 78
1585 43 81
1591 43 73
1592 43 81
1595 43 57
1600 43 76
1604 43 81
1610 43 66
1617 43 72
1626 43 56
1627 43 62
1632 43 63
1633 43 57
1636 43 58
1637 43 75
1642 43 60
1659 43 60
1666 43 70
1667 43 62
1669 43 57
1675 43 57
1676 43 49
1689 43 59
1690 43 58
1705 43 51
1707 43 60
1718 43 67
1720 43 52
1725 43 65
1729 43 59
1734 43 61
1742 43 55
1746 43 46
1749 43 68
1754 43 67
1757 43 46
1759 43 62
1761 43 57
1764 43 47
1769 43 45
1772 43 53
1778 43 56
1783 43 49
1796 43 56
1797 43 48
1801 43 48
1811 43 50
1819 43 46
1820 43 44
1823 43 57
1826 43 46
1839 43 44
1842 43 58
1853 43 38
1854 43 44
1856 43 51
1857 43 48
1874 43 47
1879 43 43
1884 43 55
1890 43 40
1893 43 36
1895 43 33
1900 43 35
1906 43 55
1914 43 37
1917 43 46
1920 43 43
1931 43 38
1950 43 42
1951 43 42
1952 43 38
1953 43 42
1955 43 37
1957 43 33
1966 43 38
1970 43 41
1977 43 33
1981 43 34
1990 43 28
1994 43 31
2015 43 32
2032 43 34
2034 43 29
2036 43 35
2038 43 36
2057 43 35
2074 43 44
2076 43 31
2083 43 21
2089 43 26
2092 43 34
2094 43 30
2113 43 27
2115 43 20
2119 43 30
2122 43 24
2129 43 33
2134 43 36
2141 43 30
2155 43 32
2171 43 23
2174 43 21
2181 43 18
2185 43 13
2189 43 29
2191 43 19
2193 43 38
2195 43 25
2197 43 22
2201 43 22
2202 43 12
2203 43 18
2204 43 25
2205 43 19
2215 43 20
2222 43 19
2232 43 18
2233 43 25
2254 43 18
2259 43 21
2267 43 19
2276 43 22
2294 43 19
2296 43 22
2303 43 17
2304 43 21
2315 43 12
2319 43 18
2320 43 10
2329 43 18
2351 43 22
2366 43 10
2377 43 14
2384 43 18
2390 43 15
2396 43 15
2397 43 9
2398 43 13
2401 43 15
2405 43 15
2412 43 18
2413 43 12
2416 43 10
2418 43 12
2422 43 14
2427 43 10
2431 43 16
2435 43 10
2449 43 15
2451 43 17
2472 43 14
2483 43 15
2492 43 6
2498 43 7
2500 43 14
2523 43 7
2525 43 10
2561 43 12
2569 43 7
2577 43 10
2586 43 7
2594 43 10
2595 43 11
2596 43 11
2599 43 8
2604 43 14
2616 43 4
2622 43 6
2648 43 3
2649 43 5
2653 43 3
2692 43 8
2695 43 4
2706 43 1
2712 43 5
2715 43 1
2718 43 4
2724 43 1
2740 43 4
2773 43 3
2779 43 2
2786 43 3
2790 43 2
2792 43 1
2795 43 3
2814 43 4
2817 43 2
2824 43 2
2826 43 2
2828 43 3
2836 43 1
2853 43 4
2857 43 1
2859 43 3
2863 43 2
2884 43 3
2888 43 1
2900 43 2
2906 43 1
2932 43 1
2937 43 1
2945 43 1
2952 43 1
2961 43 1
2967 43 1
2974 43 1
2983 43 2
2995 43 1
2999 43 1
0 44 327
3 44 302
4 44 305
6 44 311
7 44 290
9 44 291
15 44 267
18 44 280
23 44 253
27 44 285
33 44 284
34 44 275
35 44 279
36 44 284
42 44 289
44 44 296
46 44 275
49 44 305
50 44 301
52 44 271
53 44 316
57 44 304
61 44 266
62 44 287
64 44 294
65 44 301
67 44 279
68 44 287
74 44 289
75 44 297
76 44 274
77 44 279
81 44 296
82 44 321
87 44 298
88 44 291
90 44 267
92 44 276
94 44 243
95 44 310
96 44 282
100 44 296
101 44 267
102 44 293
106 44 295
107 44 293
113 44 311
114 44 294
118 44 283
119 44 286
121 44 283
122 44 279
123 44 284
124 44 271
126 44 283
130 44 256
132 44 292
134 44 260
136 44 289
138 44 295
141 44 245
143 44 282
147 44 268
150 44 238
151 44 249
153 44 277
154 44 268
155 44 287
156 44 282
159 44 243
162 44 280
163 44 259
164 44 278
165 44 267
166 44 291
169 44 286
174 44 244
180 44 265
182 44 269
185 44 244
186 44 261
187 44 281
198 44 254
202 44 266
203 44 279
204 44 256
205 44 247
210 44 259
211 44 285
213 44 281
214 44 245
222 44 276
225 44 275
227 44 250
229 44 259
232 44 259
234 44 251
235 44 228
238 44 255
241 44 214
248 44 244
250 44 278
252 44 261
253 44 255
254 44 275
256 44 261
257 44 282
258 44 254
259 44 247
260 44 248
270 44 257
271 44 247
272 44 252
274 44 235
276 44 265
279 44 231
281 44 261
282 44 236
283 44 223
284 44 251
287 44 261
288 44 239
289 44 267
291 44 275
292 44 248
297 44 250
299 44 253
300 44 265
301 44 212
309 44 238
312 44 240
315 44 214
322 44 268
323 44 227
325 44 250
326 44 246
327 44 227
328 44 207
329 44 254
330 44 235
331 44 207
334 44 213
335 44 234
337 44 258
340 44 247
343 44 248
348 44 277
349 44 238
350 44 212
353 44 246
354 44 235
356 44 233
365 44 249
366 44 217
367 44 241
370 44 221
371 44 205
372 44 251
374 44 232
375 44 234
379 44 216
382 44 222
384 44 229
388 44 245
390 44 208
392 44 237
393 44 205
397 44 223
399 44 253
401 44 235
403 44 245
411 44 184
412 44 230
419 44 212
420 44 233
421 44 257
422 44 222
425 44 224
429 44 216
430 44 227
432 44 229
433 44 265
441 44 228
443 44 241
444 44 212
447 44 206
449 44 183
450 44 230
454 44 218
455 44 201
456 44 212
457 44 229
458 44 219
459 44 204
462 44 199
463 44 203
464 44 210
465 44 218
469 44 202
470 44 191
471 44 215
473 44 213
475 44 204
477 44 202
478 44 194
487 44 242
489 44 214
491 44 206
492 44 212
500 44 220
501 44 193
509 44 206
510 44 247
512 44 236
514 44 213
516 44 210
518 44 220
523 44 175
524 44 191
526 44 198
527 44 179
528 44 218
529 44 210
531 44 228
534 44 205
536 44 195
538 44 204
539 44 199
540 44 217
542 44 197
549 44 193
552 44 219
556 44 188
559 44 200
561 44 204
564 44 229
565 44 201
574 44 182
578 44 201
581 44 197
585 44 229
587 44 189
590 44 222
591 44 186
592 44 209
593 44 204
596 44 197
609 44 183
611 44 175
619 44 213
625 44 194
626 44 176
631 44 204
632 44 199
635 44 179
637 44 173
640 44 201
650 44 189
651 44 177
655 44 183
660 44 183
661 44 176
663 44 175
665 44 179
667 44 184
672 44 187
673 44 200
674 44 163
677 44 190
678 44 157
679 44 186
680 44 212
683 44 184
684 44 166
692 44 192
694 44 169
697 44 178
700 44 158
702 44 160
708 44 162
709 44 173
715 44 173
717 44 170
718 44 164
719 44 172
721 44 190
722 44 180
724 44 168
725 44 196
726 44 189
729 44 164
731 44 163
736 44 152
739 44 185
741 44 149
743 44 182
752 44 139
753 44 158
759 44 178
760 44 184
763 44 169
764 44 168
766 44 174
767 44 172
771 44 173
773 44 165
777 44 137
781 44 148
787 44 180
789 44 144
803 44 128
808 44 173
810 44 165
819 44 176
830 44 158
834 44 167
835 44 158
837 44 157
838 44 151
839 44 181
848 44 164
853 44 137
854 44 127
855 44 183
856 44 152
859 44 147
862 44 149
863 44 157
866 44 168
873 44 142
876 44 168
877 44 135
878 44 141
879 44 136
881 44 158
884 44 140
890 44 173
895 44 169
901 44 124
904 44 165
908 44 136
910 44 138
912 44 138
925 44 150
928 44 155
931 44 164
935 44 153
940 44 130
941 44 138
946 44 134
950 44 157
951 44 141
952 44 129
955 44 144
956 44 134
962 44 138
965 44 136
966 44 134
970 44 144
971 44 129
988 44 135
989 44 141
993 44 143
1002 44 149
1003 44 147
1007 44 134
1008 44 142
1011 44 135
1020 44 140
1021 44 112
1022 44 124
1023 44 143
1024 44 134
1028 44 129
1034 44 126
1038 44 131
1039 44 125
1044 44 127
1047 44 126
1048 44 145
1053 44 128
1058 44 119
1065 44 112
1066 44 119
1067 44 127
1068 44 118
1070 44 137
1076 44 120
1077 44 113
1078 44 113
1081 44 145
1089 44 130
1090 44 130
1092 44 125
1112 44 112
1114 44 134
1117 44 140
1124 44 113
1127 44 124
1131 44 119
1140 44 117
1141 44 110
1142 44 118
1144 44 120
1149 44 116
1154 44 138
1159 44 111
1160 44 111
1165 44 114
1168 44 115
1171 44 127
1180 44 110
1194 44 120
1196 44 108
1199 44 104
1200 44 112
1202 44 115
1205 44 121
1214 44 99
1217 44 123
1223 44 96
1240 44 106
1242 44 94
1245 44 100
1259 44 95
1266 44 91
1269 44 92
1276 44 113
1280 44 108
1283 44 86
1284 44 93
1287 44 108
1290 44 111
1295 44 99
1299 44 76
1306 44 87
1316 44 96
1318 44 101
1325 44 104
1329 44 101
1344 44 86
1345 44 88
1348 44 100
1349 44 102
1352 44 100
1362 44 83
1365 44 81
1372 44 99
1374 44 102
1376 44 82
1378 44 94
1380 44 86
1383 44 83
1386 44 104
1400 44 85
1401 44 91
1402 44 70
1405 44 85
1406 44 89
1414 44 83
1424 44 86
1427 44 75
1429 44 93
1434 44 85
1436 44 84
1438 44 85
1439 44 101
1441 44 80
1442 44 84
1444 44 92
1456 44 102
1459 44 72
1462 44 80
1463 44 95
1465 44 91
1472 44 82
1475 44 86
1486 44 71
1494 44 77
1495 44 73
1499 44 73
1500 44 88
1504 44 74
1509 44 76
1515 44 94
1526 44 57
1539 44 71
1541 44 65
1547 44 79
1549 44 82
1550 44 74
1552 44 65
1556 44 78
1562 44 65
1574 44 60
1575 44 80
1579 44 60
1603 44 77
1604 44 74
1613 44 63
1618 44 50
1621 44 68
1637 44 60
1643 44 59
1647 44 76
1659 44 66
1660 44 68
1662 44 57
1663 44 65
1664 44 59
1667 44 54
1668 44 71
1677 44 57
1679 44 72
1682 44 57
1688 44 59
1701 44 70
1702 44 64
1705 44 50
1709 44 55
1715 44 64
1716 44 58
1721 44 57
1723 44 50
1733 44 57
1735 44 58
1737 44 59
1740 44 41
1741 44 52
1743 44 53
1750 44 60
1752 44 57
1776 44 50
1781 44 56
1786 44 55
1789 44 69
1792 44 57
1801 44 57
1808 44 53
1822 44 45
1829 44 56
1831 44 67
1833 44 39
1837 44 44
1845 44 46
1846 44 58
1855 44 44
1862 44 59
1865 44 39
1881 44 56
1888 44 39
1889 44 38
1890 44 43
1891 44 42
1892 44 45
1902 44 48
1903 44 44
1912 44 40
1916 44 37
1919 44 36
1927 44 47
1930 44 36
1939 44 36
1953 44 43
1967 44 39
1971 44 31
1984 44 24
1993 44 30
1997 44 46
1999 44 38
2003 44 30
2005 44 38
2018 44 46
2026 44 24
2029 44 23
2034 44 26
2038 44 33
2040 44 32
2049 44 23
2054 44 26
2071 44 23
2075 44 32
2080 44 32
2103 44 32
2110 44 23
2120 44 22
2122 44 29
2127 44 26
2132 44 23
2137 44 32
2139 44 27
2145 44 29
2167 44 27
2177 44 21
2186 44 20
2206 44 22
2211 44 17
2223 44 29
2227 44 19
2228 44 16
2232 44 29
2237 44 22
2238 44 20
2245 44 24
2267 44 24
2272 44 6
2280 44 11
2287 44 16
2293 44 17
2296 44 15
2306 44 20
2313 44 16
2315 44 18
2319 44 8
2321 44 17
2334 44 19
2350 44 17
2352 44 16
2374 44 14
2386 44 11
2396 44 13
2405 44 14
2412 44 19
2421 44 10
2425 44 18
2445 44 15
2457 44 18
2459 44 11
2466 44 16
2477 44 10
2486 44 11
2489 44 12
2516 44 7
2522 44 8
2525 44 11
2532 44 10
2535 44 6
2539 44 10
2547 44 12
2553 44 7
2575 44 4
2578 44 11
2594 44 3
2607 44 8
2618 44 6
2619 44 5
2625 44 8
2635 44 7
2644 44 5
2653 44 8
2660 44 6
2669 44 6
2676 44 7
2679 44 6
2690 44 7
2692 44 8
2718 44 5
2734 44 3
2743 44 8
2749 44 4
2751 44 6
2755 44 4
2765 44 3
2766 44 1
2781 44 6
2783 44 2
2784 44 4
2787 44 3
2792 44 5
2793 44 4
2803 44 3
2813 44 1
2829 44 4
2836 44 2
2837 44 1
2839 44 3
2845 44 2
2848 44 1
2875 44 1
2884 44 1
2890 44 1
2901 44 1
2910 44 2
2938 44 1
2940 44 1
2944 44 2
2953 44 1
2960 44 3
2966 44 1
2970 44 1
2972 44 1
2986 44 1
2990 44 1
2992 44 1
2993 44 1
4 45 285
6 45 307
9 45 305
10 45 301
11 45 295
12 45 327
13 45 307
16 45 271
17 45 251
21 45 291
22 45 279
26 45 317
27 45 301
28 45 306
39 45 280
41 45 283
42 45 316
47 45 323
48 45 284
49 45 295
50 45 263
52 45 276
55 45 308
56 45 310
65 45 300
66 45 280
67 45 288
68 45 280
71 45 326
72 45 281
73 45 300
75 45 288
78 45 289
80 45 256
82 45 281
88 45 296
89 45 304
90 45 275
92 45 294
93 45 288
94 45 291
96 45 274
99 45 294
100 45 260
103 45 287
104 45 298
107 45 254
108 45 311
109 45 296
111 45 293
113 45 278
116 45 267
118 45 289
120 45 259
122 45 279
125 45 285
129 45 308
130 45 276
131 45 248
133 45 290
137 45 282
139 45 300
140 45 274
141 45 264
143 45 282
144 45 275
145 45 281
147 45 280
150 45 284
153 45 294
156 45 256
157 45 271
158 45 277
159 45 289
160 45 265
168 45 297
169 45 266
170 45 266
171 45 275
174 45 256
183 45 252
186 45 249
187 45 270
188 45 253
189 45 263
190 45 248
191 45 279
194 45 250
195 45 282
196 45 291
198 45 263
203 45 261
204 45 263
205 45 270
207 45 278
209 45 247
211 45 254
215 45 248
216 45 260
219 45 225
220 45 267
221 45 245
225 45 252
230 45 257
231 45 250
232 45 282
233 45 274
234 45 260
238 45 267
239 45 276
242 45 257
244 45 239
251 45 266
252 45 241
253 45 254
254 45 272
259 45 249
261 45 235
268 45 266
271 45 236
272 45 248
273 45 244
274 45 262
279 45 250
280 45 236
284 45 249
286 45 242
287 45 227
294 45 264
298 45 235
299 45 247
300 45 237
303 45 238
309 45 223
315 45 225
325 45 230
332 45 236
339 45 235
340 45 224
345 45 237
347 45 233
348 45 221
349 45 226
351 45 224
352 45 216
353 45 244
356 45 221
357 45 220
359 45 255
361 45 224
362 45 220
363 45 215
368 45 220
369 45 231
370 45 215
372 45 217
373 45 230
378 45 237
382 45 233
389 45 227
392 45 225
393 45 228
396 45 207
400 45 221
402 45 234
404 45 255
409 45 233
415 45 238
416 45 210
426 45 222
427 45 225
430 45 222
434 45 258
440 45 234
441 45 243
443 45 216
448 45 240
449 45 199
450 45 212
452 45 217
454 45 183
457 45 203
461 45 224
463 45 225
464 45 213
465 45 200
469 45 206
471 45 226
473 45 204
474 45 214
475 45 197
477 45 228
479 45 213
484 45 215
486 45 233
488 45 221
491 45 246
492 45 232
496 45 219
498 45 217
500 45 192
501 45 202
502 45 248
506 45 229
509 45 208
510 45 182
513 45 208
514 45 183
516 45 225
520 45 212
521 45 212
530 45 206
531 45 199
532 45 225
534 45 233
535 45 226
540 45 225
543 45 194
546 45 187
547 45 198
548 45 195
550 45 197
553 45 204
555 45 223
559 45 185
560 45 227
564 45 191
566 45 204
567 45 221
568 45 201
571 45 194
572 45 163
579 45 210
581 45 200
582 45 188
584 45 209
586 45 172
588 45 197
590 45 180
594 45 233
595 45 214
600 45 174
603 45 193
604 45 208
608 45 179
610 45 197
617 45 187
622 45 165
630 45 171
633 45 213
636 45 197
638 45 170
641 45 175
649 45 182
650 45 175
653 45 199
655 45 177
657 45 212
658 45 185
661 45 187
663 45 191
667 45 167
673 45 188
678 45 156
680 45 194
683 45 177
685 45 179
688 45 167
691 45 177
693 45 196
698 45 161
699 45 176
701 45 167
702 45 196
707 45 151
708 45 173
713 45 161
721 45 205
723 45 164
724 45 161
726 45 195
728 45 185
733 45 155
738 45 171
752 45 178
756 45 186
759 45 155
761 45 188
764 45 167
767 45 188
768 45 158
770 45 152
774 45 183
779 45 209
781 45 187
787 45 183
788 45 170
792 45 158
805 45 174
806 45 145
811 45 173
817 45 182
820 45 130
821 45 156
824 45 138
826 45 155
833 45 156
837 45 168
840 45 150
843 45 165
852 45 152
854 45 161
856 45 143
859 45 171
860 45 135
865 45 142
874 45 172
876 45 151
879 45 152
885 45 142
889 45 165
890 45 175
900 45 150
904 45 165
907 45 151
911 45 154
913 45 160
914 45 151
918 45 143
920 45 143
922 45 165
924 45 140
927 45 144
928 45 158
933 45 118
935 45 145
937 45 141
946 45 147
950 45 152
953 45 161
954 45 141
961 45 128
965 45 151
971 45 139
972 45 123
978 45 144
983 45 131
986 45 137
994 45 140
1004 45 124
1005 45 144
1006 45 109
1008 45 142
1011 45 117
1013 45 139
1022 45 139
1028 45 141
1032 45 139
1039 45 136
1044 45 134
1054 45 120
1056 45 127
1057 45 130
1066 45 109
1077 45 119
1078 45 133
1080 45 131
1082 45 132
1083 45 111
1084 45 133
1086 45 133
1099 45 138
1100 45 141
1105 45 114
1107 45 129
1108 45 120
1116 45 124
1122 45 115
1124 45 121
1128 45 117
1131 45 119
1142 45 107
1149 45 115
1152 45 118
1157 45 130
1160 45 123
1164 45 109
1167 45 109
1168 45 111
1169 45 102
1174 45 111
1177 45 99
1178 45 117
1179 45 98
1182 45 115
1184 45 108
1192 45 124
1196 45 117
1204 45 110
1206 45 114
1208 45 126
1211 45 112
1215 45 106
1216 45 94
1218 45 96
1219 45 104
1228 45 108
1234 45 97
1243 45 104
1253 45 90
1255 45 104
1258 45 108
1260 45 98
1261 45 85
1263 45 103
1264 45 107
1266 45 117
1270 45 110
1273 45 100
1284 45 99
1289 45 108
1294 45 94
1295 45 96
1301 45 109
1305 45 99
1309 45 97
1313 45 107
1314 45 91
1320 45 98
1322 45 83
1324 45 98
1326 45 97
1330 45 108
1331 45 88
1332 45 94
1333 45 102
1345 45 79
1355 45 88
1364 45 93
1365 45 102
1379 45 91
1381 45 97
1385 45 91
1389 45 99
1390 45 85
1393 45 82
1394 45 71
1395 45 102
1401 45 88
1403 45 105
1406 45 88
1408 45 80
1409 45 89
1411 45 76
1421 45 74
1422 45 87
1425 45 86
1435 45 88
1448 45 73
1452 45 71
1462 45 68
1466 45 91
1467 45 78
1480 45 92
1487 45 66
1489 45 81
1491 45 87
1493 45 68
1499 45 87
1501 45 73
1502 45 83
1507 45 82
1514 45 83
1515 45 76
1527 45 76
1528 45 66
1532 45 56
1533 45 77
1534 45 61
1544 45 55
1560 45 85
1562 45 73
1564 45 72
1565 45 70
1567 45 60
1572 45 68
1574 45 62
1578 45 85
1580 45 84
1590 45 81
1594 45 67
1596 45 74
1600 45 66
1607 45 74
1608 45 62
1610 45 54
1622 45 80
1623 45 65
1627 45 55
1661 45 58
1664 45 69
1666 45 57
1696 45 55
1699 45 56
1703 45 54
1704 45 50
1705 45 59
1714 45 54
1715 45 63
1724 45 59
1726 45 60
1739 45 58
1745 45 64
1752 45 56
1753 45 40
1761 45 53
1770 45 53
1774 45 56
1777 45 58
1798 45 56
1804 45 54
1809 45 44
1821 45 48
1833 45 41
1835 45 45
1841 45 49
1849 45 47
1853 45 45
1863 45 44
1868 45 42
1881 45 39
1884 45 43
1886 45 35
1887 45 42
1888 45 56
1889 45 39
1896 45 36
1899 45 38
1902 45 41
1904 45 41
1906 45 37
1917 45 37
1919 45 34
1920 45 42
1921 45 45
1923 45 45
1928 45 30
1947 45 30
1953 45 35
1964 45 34
1983 45 37
2002 45 32
2005 45 33
2006 45 25
2007 45 37
2009 45 25
2013 45 34
2035 45 33
2036 45 29
2042 45 36
2059 45 27
2061 45 25
2062 45 37
2064 45 37
2067 45 38
2071 45 33
2086 45 23
2095 45 38
2099 45 31
2106 45 30
2108 45 28
2117 45 26
2135 45 37
2161 45 20
2175 45 19
2178 45 20
2181 45 25
2184 45 26
2185 45 25
2188 45 24
2193 45 16
2199 45 20
2209 45 20
2210 45 26
2212 45 18
2225 45 27
2227 45 16
2254 45 24
2255 45 17
2260 45 23
2271 45 25
2276 45 26
2285 45 18
2294 45 24
2299 45 17
2304 45 15
2311 45 14
2335 45 20
2342 45 15
2347 45 20
2348 45 13
2360 45 17
2363 45 10
2393 45 18
2405 45 12
2410 45 14
2411 45 17
2413 45 15
2437 45 9
2440 45 18
2441 45 14
2442 45 12
2447 45 10
2461 45 20
2466 45 9
2494 45 12
2495 45 6
2497 45 5
2519 45 10
2527 45 4
2544 45 12
2576 45 10
2586 45 12
2597 45 9
2616 45 7
2618 45 7
2626 45 5
2631 45 6
2635 45 5
2643 45 4
2656 45 3
2674 45 5
2677 45 8
2682 45 3
2685 45 4
2699 45 3
2713 45 3
2730 45 9
2744 45 4
2762 45 5
2766 45 2
2784 45 3
2786 45 1
2792 45 5
2801 45 2
2811 45 2
2818 45 3
2824 45 1
2829 45 2
2833 45 1
2839 45 1
2843 45 3
2844 45 2
2849 45 4
2851 45 1
2858 45 2
2860 45 2
2872 45 2
2874 45 1
2882 45 4
2889 45 1
2900 45 1
2903 45 1
2909 45 2
2912 45 1
2913 45 1
2915 45 2
2916 45 1
2918 45 1
2930 45 1
2931 45 1
2938 45 1
2961 45 1
2973 45 1
2976 45 1
2977 45 1
2991 45 1
2993 45 1
0 46 327
4 46 283
10 46 296
11 46 304
13 46 310
14 46 303
22 46 298
29 46 314
31 46 294
33 46 304
34 46 301
35 46 300
39 46 304
43 46 285
45 46 287
51 46 309
54 46 294
55 46 289
56 46 287
57 46 293
60 46 317
63 46 303
65 46 285
67 46 286
69 46 305
70 46 273
79 46 267
81 46 282
83 46 293
84 46 333
90 46 300
92 46 261
94 46 279
95 46 291
96 46 287
98 46 287
100 46 295
102 46 309
103 46 301
105 46 260
107 46 263
109 46 280
112 46 279
113 46 244
114 46 248
116 46 275
117 46 276
121 46 272
124 46 271
125 46 287
126 46 295
129 46 303
140 46 241
146 46 242
147 46 273
150 46 249
151 46 272
152 46 286
155 46 280
156 46 278
157 46 279
162 46 275
167 46 253
168 46 251
180 46 279
181 46 258
183 46 273
186 46 278
190 46 264
191 46 280
193 46 290
195 46 257
197 46 245
199 46 258
206 46 258
207 46 238
208 46 261
210 46 269
211 46 270
214 46 253
217 46 227
218 46 267
220 46 263
221 46 250
226 46 245
227 46 267
232 46 255
240 46 262
241 46 241
253 46 260
254 46 275
255 46 246
257 46 279
258 46 266
260 46 256
262 46 245
264 46 252
265 46 273
266 46 256
267 46 243
269 46 261
270 46 270
272 46 266
276 46 241
280 46 230
284 46 244
289 46 234
293 46 229
294 46 265
295 46 258
296 46 213
298 46 216
302 46 238
309 46 259
314 46 253
321 46 252
322 46 231
323 46 223
324 46 223
326 46 240
328 46 244
333 46 252
334 46 217
338 46 248
339 46 220
340 46 243
343 46 223
347 46 247
348 46 238
351 46 233
354 46 248
356 46 228
358 46 227
359 46 246
361 46 228
362 46 222
363 46 241
365 46 254
366 46 235
367 46 263
368 46 249
369 46 234
372 46 245
376 46 211
379 46 239
388 46 252
390 46 218
392 46 227
395 46 230
396 46 212
398 46 222
405 46 217
406 46 232
408 46 227
410 46 214
414 46 227
420 46 245
423 46 220
427 46 206
429 46 198
431 46 221
432 46 234
433 46 208
437 46 234
438 46 229
439 46 209
441 46 225
443 46 215
455 46 229
460 46 208
461 46 233
463 46 242
464 46 222
465 46 208
467 46 210
469 46 206
473 46 252
474 46 220
477 46 241
484 46 194
488 46 241
489 46 212
498 46 192
503 46 200
504 46 225
505 46 190
506 46 221
507 46 206
510 46 227
515 46 209
517 46 190
519 46 179
520 46 227
522 46 213
525 46 207
528 46 192
535 46 216
538 46 187
539 46 194
540 46 242
541 46 211
547 46 207
553 46 220
554 46 214
555 46 211
556 46 209
558 46 198
565 46 211
570 46 194
571 46 206
573 46 194
578 46 222
579 46 183
581 46 183
582 46 183
585 46 176
586 46 214
588 46 202
590 46 196
597 46 193
598 46 203
600 46 207
602 46 178
603 46 190
610 46 194
616 46 195
624 46 197
627 46 168
629 46 182
633 46 155
636 46 207
640 46 203
641 46 194
642 46 191
644 46 184
646 46 178
649 46 170
655 46 189
659 46 176
663 46 191
664 46 193
665 46 181
667 46 199
674 46 185
675 46 143
676 46 180
678 46 155
682 46 196
683 46 194
685 46 170
687 46 195
688 46 169
690 46 171
691 46 193
692 46 177
697 46 180
700 46 187
704 46 191
708 46 208
714 46 166
718 46 174
721 46 164
729 46 168
730 46 160
734 46 174
739 46 151
740 46 156
747 46 191
748 46 149
749 46 180
750 46 146
753 46 154
756 46 178
761 46 179
762 46 152
763 46 164
767 46 169
770 46 165
773 46 166
778 46 145
779 46 178
780 46 156
786 46 175
789 46 179
794 46 184
797 46 175
799 46 170
802 46 161
804 46 155
807 46 162
809 46 161
816 46 163
817 46 165
818 46 161
819 46 156
825 46 155
831 46 152
835 46 160
840 46 167
844 46 182
846 46 164
848 46 173
859 46 134
863 46 137
880 46 161
881 46 136
883 46 160
888 46 141
891 46 177
892 46 152
895 46 151
897 46 148
901 46 149
902 46 139
907 46 147
912 46 151
915 46 144
924 46 157
925 46 136
927 46 136
933 46 156
935 46 128
936 46 139
940 46 162
941 46 149
951 46 139
957 46 146
958 46 130
959 46 139
965 46 147
967 46 147
968 46 120
971 46 159
973 46 147
975 46 126
984 46 137
986 46 144
988 46 150
989 46 138
996 46 123
1005 46 116
1007 46 110
1008 46 126
1010 46 141
1013 46 131
1021 46 132
1026 46 125
1028 46 142
1031 46 135
1032 46 125
1034 46 101
1043 46 122
1051 46 116
1053 46 133
1055 46 128
1056 46 149
1063 46 122
1065 46 110
1066 46 118
1070 46 121
1075 46 123
1077 46 113
1078 46 128
1091 46 123
1093 46 131
1097 46 110
1098 46 123
1105 46 120
1109 46 128
1115 46 122
1121 46 124
1125 46 120
1126 46 120
1128 46 111
1136 46 103
1138 46 144
1151 46 125
1157 46 99
1159 46 127
1161 46 117
1168 46 119
1169 46 116
1171 46 115
1172 46 103
1176 46 109
1178 46 127
1179 46 104
1191 46 95
1192 46 105
1204 46 97
1210 46 109
1214 46 102
1221 46 115
1222 46 105
1238 46 101
1243 46 119
1256 46 109
1259 46 119
1263 46 90
1268 46 118
1271 46 117
1278 46 106
1284 46 119
1292 46 105
1295 46 101
1297 46 97
1304 46 96
1305 46 97
1311 46 88
1312 46 99
1315 46 105
1316 46 101
1324 46 96
1325 46 91
1335 46 92
1344 46 98
1346 46 100
1349 46 86
1352 46 108
1359 46 89
1371 46 85
1376 46 76
1382 46 73
1399 46 106
1400 46 95
1401 46 80
1402 46 103
1405 46 72
1412 46 93
1416 46 97
1420 46 76
1427 46 98
1430 46 77
1433 46 85
1437 46 59
1445 46 74
1446 46 80
1450 46 77
1460 46 81
1463 46 81
1464 46 87
1466 46 82
1467 46 68
1470 46 82
1471 46 54
1474 46 72
1482 46 84
1483 46 75
1493 46 77
1495 46 92
1503 46 71
1506 46 66
1516 46 73
1519 46 72
1520 46 80
1525 46 74
1527 46 84
1530 46 77
1532 46 78
1535 46 75
1536 46 78
1539 46 75
1542 46 77
1544 46 73
1549 46 71
1555 46 76
1560 46 70
1582 46 68
1585 46 76
1590 46 73
1598 46 81
1603 46 56
1607 46 69
1618 46 69
1621 46 64
1626 46 61
1632 46 55
1634 46 64
1642 46 63
1647 46 56
1649 46 62
1654 46 63
1671 46 50
1672 46 69
1679 46 55
1681 46 61
1682 46 61
1684 46 63
1687 46 54
1689 46 46
1695 46 53
1697 46 55
1709 46 63
1711 46 62
1714 46 58
1718 46 78
1730 46 61
1738 46 36
1741 46 61
1745 46 46
1750 46 55
1751 46 71
1761 46 55
1774 46 45
1775 46 53
1787 46 57
1788 46 54
1791 46 51
1796 46 37
1808 46 52
1817 46 46
1822 46 48
1849 46 49
1850 46 52
1854 46 40
1870 46 52
1883 46 34
1904 46 37
1907 46 39
1910 46 37
1915 46 38
1921 46 52
1924 46 39
1930 46 41
1931 46 33
1937 46 38
1940 46 34
1946 46 36
1956 46 44
1958 46 40
1961 46 34
1962 46 50
1967 46 35
1970 46 38
1972 46 29
1982 46 47
1983 46 38
1991 46 36
1994 46 35
2004 46 38
2014 46 29
2016 46 33
2018 46 36
2031 46 31
2038 46 33
2070 46 30
2080 46 34
2081 46 39
2089 46 35
2105 46 32
2113 46 32
2128 46 18
2129 46 18
2136 46 22
2146 46 27
2149 46 32
2152 46 30
2154 46 25
2158 46 34
2164 46 33
2178 46 32
2189 46 28
2195 46 24
2197 46 22
2200 46 25
2205 46 17
2208 46 15
2224 46 22
2241 46 22
2248 46 21
2255 46 20
2258 46 29
2262 46 22
2263 46 24
2268 46 13
2270 46 20
2274 46 21
2279 46 19
2280 46 13
2281 46 25
2289 46 21
2297 46 10
2313 46 21
2328 46 18
2343 46 16
2346 46 10
2350 46 14
2358 46 9
2362 46 14
2367 46 10
2369 46 16
2370 46 18
2371 46 18
2385 46 14
2390 46 15
2392 46 7
2399 46 11
2411 46 15
2418 46 12
2430 46 10
2452 46 11
2458 46 16
2471 46 10
2476 46 8
2491 46 9
2499 46 17
2509 46 7
2516 46 7
2519 46 8
2521 46 12
2532 46 10
2539 46 9
2544 46 10
2565 46 11
2571 46 8
2588 46 6
2602 46 9
2604 46 5
2605 46 11
2609 46 6
2629 46 4
2640 46 8
2644 46 9
2673 46 3
2674 46 3
2677 46 6
2680 46 3
2682 46 5
2693 46 6
2697 46 5
2703 46 4
2717 46 7
2719 46 3
2733 46 3
2735 46 4
2743 46 4
2772 46 1
2789 46 1
2800 46 2
2806 46 5
2826 46 2
2839 46 3
2857 46 1
2878 46 2
2883 46 2
2884 46 1
2912 46 2
2916 46 1
2938 46 1
2939 46 2
2960 46 1
2977 46 1
2992 46 1
2994 46 1
3 47 301
4 47 308
5 47 294
11 47 309
12 47 298
14 47 249
16 47 308
17 47 299
22 47 303
24 47 295
25 47 290
29 47 300
34 47 291
37 47 305
46 47 295
47 47 324
48 47 311
51 47 309
53 47 302
55 47 281
56 47 291
58 47 321
61 47 271
62 47 271
64 47 261
68 47 278
69 47 318
70 47 301
72 47 287
74 47 275
77 47 310
79 47 290
82 47 278
83 47 273
86 47 288
87 47 297
88 47 291
92 47 260
94 47 296
96 47 290
97 47 267
98 47 310
99 47 285
101 47 272
103 47 269
104 47 281
106 47 276
108 47 263
111 47 283
112 47 270
122 47 285
124 47 282
125 47 276
126 47 246
130 47 251
131 47 269
132 47 300
134 47 268
136 47 278
139 47 285
140 47 281
141 47 283
142 47 250
143 47 283
144 47 257
146 47 269
147 47 290
149 47 235
150 47 268
152 47 282
158 47 290
161 47 293
166 47 266
167 47 290
168 47 250
169 47 255
170 47 260
172 47 278
173 47 260
176 47 259
177 47 261
180 47 261
182 47 248
184 47 267
188 47 258
191 47 279
193 47 261
194 47 281
195 47 290
199 47 219
202 47 259
206 47 252
208 47 246
209 47 269
210 47 265
215 47 276
216 47 238
217 47 285
220 47 252
223 47 251
224 47 267
230 47 272
231 47 279
234 47 271
236 47 256
237 47 226
238 47 253
243 47 275
245 47 247
251 47 261
255 47 250
256 47 290
258 47 245
259 47 248
262 47 221
267 47 246
271 47 265
272 47 269
273 47 255
274 47 237
276 47 241
278 47 276
279 47 245
280 47 240
282 47 238
286 47 235
288 47 251
292 47 241
297 47 243
298 47 242
301 47 262
303 47 257
309 47 262
311 47 243
313 47 260
318 47 221
319 47 252
322 47 262
326 47 226
330 47 244
331 47 228
338 47 222
340 47 259
345 47 239
346 47 230
356 47 228
358 47 244
359 47 234
361 47 208
369 47 231
374 47 222
376 47 241
377 47 248
378 47 226
381 47 222
382 47 233
389 47 249
392 47 221
394 47 220
396 47 223
399 47 230
401 47 232
403 47 226
409 47 251
410 47 230
414 47 179
422 47 218
423 47 218
425 47 202
426 47 230
427 47 195
430 47 229
436 47 239
437 47 211
440 47 216
443 47 236
444 47 199
446 47 193
453 47 218
454 47 193
458 47 207
460 47 204
462 47 196
464 47 227
467 47 237
468 47 205
469 47 235
470 47 241
474 47 228
475 47 199
476 47 229
479 47 232
482 47 212
483 47 197
484 47 213
494 47 215
496 47 221
500 47 182
501 47 196
504 47 190
508 47 188
511 47 218
512 47 186
514 47 199
515 47 209
517 47 194
532 47 208
536 47 204
539 47 190
546 47 214
547 47 217
554 47 228
558 47 187
563 47 193
565 47 221
566 47 202
572 47 220
576 47 214
578 47 199
581 47 218
582 47 217
584 47 183
587 47 200
592 47 193
593 47 209
600 47 210
604 47 195
608 47 179
609 47 193
614 47 193
615 47 194
616 47 208
617 47 197
622 47 197
625 47 206
634 47 198
635 47 185
638 47 199
639 47 196
643 47 191
646 47 178
647 47 202
648 47 184
649 47 180
650 47 173
653 47 186
656 47 178
658 47 199
664 47 173
672 47 178
673 47 184
685 47 213
686 47 179
687 47 171
689 47 158
691 47 185
695 47 179
697 47 165
701 47 196
702 47 159
703 47 160
707 47 168
708 47 171
713 47 160
716 47 160
718 47 190
725 47 176
730 47 173
732 47 164
735 47 166
737 47 173
744 47 159
754 47 181
757 47 188
761 47 161
765 47 168
766 47 191
768 47 149
770 47 166
775 47 163
777 47 149
779 47 170
782 47 149
783 47 156
794 47 166
800 47 166
803 47 164
805 47 165
809 47 161
810 47 172
812 47 148
818 47 170
819 47 176
821 47 156
824 47 175
836 47 176
837 47 173
838 47 150
840 47 170
841 47 149
843 47 153
849 47 143
851 47 171
852 47 152
863 47 158
865 47 161
873 47 132
877 47 167
878 47 180
879 47 142
882 47 163
884 47 162
885 47 166
891 47 141
894 47 152
896 47 132
908 47 163
909 47 139
911 47 149
912 47 157
913 47 145
924 47 156
930 47 166
932 47 139
933 47 165
935 47 154
944 47 133
950 47 149
952 47 145
957 47 144
961 47 138
966 47 136
969 47 122
977 47 127
980 47 128
990 47 117
999 47 139
1006 47 117
1008 47 134
1010 47 141
1028 47 124
1034 47 128
1042 47 139
1044 47 141
1053 47 114
1055 47 133
1056 47 129
1057 47 98
1065 47 126
1070 47 122
1071 47 119
1072 47 133
1076 47 120
1079 47 123
1082 47 117
1094 47 117
1099 47 134
1102 47 120
1104 47 121
1118 47 124
1123 47 100
1125 47 124
1127 47 118
1131 47 124
1132 47 114
1142 47 114
1146 47 102
1152 47 120
1155 47 118
1157 47 105
1165 47 99
1172 47 122
1183 47 120
1184 47 121
1190 47 110
1191 47 119
1194 47 108
1199 47 108
1200 47 104
1202 47 113
1204 47 115
1207 47 113
1210 47 96
1219 47 118
1222 47 107
1226 47 107
1228 47 81
1233 47 111
1241 47 94
1243 47 94
1247 47 96
1248 47 89
1250 47 106
1251 47 111
1254 47 112
1259 47 101
1261 47 90
1264 47 115
1266 47 102
1267 47 105
1268 47 99
1270 47 94
1273 47 101
1278 47 111
1284 47 91
1286 47 84
1292 47 90
1295 47 110
1299 47 107
1310 47 92
1312 47 111
1313 47 103
1318 47 101
1320 47 105
1322 47 95
1323 47 115
1325 47 86
1328 47 103
1336 47 101
1341 47 94
1354 47 101
1357 47 93
1359 47 93
1365 47 78
1366 47 103
1383 47 77
1385 47 87
1390 47 85
1394 47 83
1400 47 94
1401 47 91
1411 47 90
1427 47 85
1439 47 74
1440 47 85
1441 47 89
1442 47 96
1448 47 76
1449 47 86
1450 47 72
1452 47 91
1457 47 97
1463 47 81
1464 47 82
1465 47 74
1472 47 78
1474 47 78
1479 47 80
1499 47 73
1512 47 77
1514 47 71
1516 47 74
1522 47 62
1525 47 72
1527 47 75
1543 47 71
1552 47 70
1564 47 67
1589 47 58
1592 47 58
1593 47 75
1594 47 71
1597 47 55
1600 47 72
1603 47 63
1615 47 61
1622 47 69
1625 47 67
1627 47 60
1630 47 65
1637 47 63
1645 47 59
1646 47 78
1650 47 46
1655 47 57
1661 47 58
1668 47 59
1671 47 45
1673 47 47
1692 47 50
1693 47 46
1698 47 56
1702 47 53
1705 47 77
1713 47 47
1732 47 61
1738 47 62
1740 47 57
1744 47 47
1754 47 59
1758 47 65
1772 47 57
1778 47 54
1784 47 61
1786 47 61
1797 47 49
1809 47 46
1813 47 55
1823 47 41
1825 47 33
1826 47 54
1828 47 50
1830 47 63
1831 47 43
1841 47 47
1843 47 49
1844 47 37
1846 47 36
1850 47 45
1852 47 49
1874 47 48
1890 47 37
1902 47 45
1903 47 36
1907 47 51
1910 47 37
1918 47 46
1942 47 41
1947 47 42
1956 47 47
1965 47 33
1967 47 38
1968 47 31
1973 47 30
1976 47 28
1981 47 41
1983 47 40
1988 47 24
2003 47 37
2011 47 38
2014 47 34
2016 47 26
2025 47 34
2032 47 32
2035 47 32
2059 47 38
2072 47 34
2074 47 30
2083 47 34
2090 47 19
2106 47 21
2107 47 26
2121 47 34
2134 47 24
2147 47 30
2151 47 20
2152 47 30
2157 47 30
2168 47 29
2169 47 18
2180 47 20
2181 47 19
2193 47 13
2194 47 27
2198 47 30
2205 47 24
2207 47 16
2216 47 18
2218 47 20
2245 47 17
2247 47 17
2251 47 17
2260 47 22
2262 47 17
2273 47 15
2274 47 20
2280 47 23
2281 47 19
2282 47 12
2286 47 24
2287 47 21
2289 47 23
2292 47 27
2295 47 21
2297 47 17
2319 47 13
2332 47 16
2340 47 17
2344 47 14
2353 47 21
2355 47 8
2357 47 15
2362 47 15
2366 47 13
2368 47 19
2375 47 16
2385 47 14
2389 47 14
2406 47 15
2407 47 11
2409 47 12
2414 47 10
2415 47 9
2430 47 14
2455 47 13
2465 47 4
2476 47 13
2484 47 10
2500 47 9
2506 47 4
2509 47 11
2510 47 9
2522 47 8
2542 47 8
2577 47 4
2584 47 6
2595 47 8
2600 47 9
2623 47 6
2629 47 7
2634 47 8
2643 47 6
2657 47 11
2661 47 7
2664 47 2
2668 47 7
2669 47 5
2684 47 6
2687 47 5
2693 47 5
2696 47 5
2698 47 3
2722 47 3
2731 47 3
2733 47 5
2735 47 5
2737 47 4
2750 47 2
2756 47 2
2761 47 2
2766 47 4
2771 47 4
2787 47 3
2802 47 3
2807 47 1
2809 47 1
2810 47 4
2813 47 1
2824 47 3
2831 47 5
2835 47 1
2843 47 2
2848 47 2
2852 47 2
2856 47 3
2896 47 3
2897 47 4
2898 47 2
2904 47 4
2910 47 1
2930 47 1
2947 47 1
2956 47 1
2958 47 1
2978 47 1
2988 47 1
2991 47 1
2993 47 1
2996 47 1
2997 47 1
0 48 313
1 48 281
3 48 290
9 48 290
10 48 276
11 48 314
13 48 272
15 48 290
20 48 293
25 48 324
32 48 313
34 48 282
36 48 299
38 48 315
41 48 318
42 48 309
43 48 267
48 48 285
49 48 300
50 48 314
51 48 299
53 48 277
54 48 287
55 48 285
58 48 280
62 48 309
68 48 318
69 48 294
70 48 282
72 48 283
73 48 277
80 48 305
81 48 279
83 48 267
85 48 300
87 48 235
88 48 282
89 48 281
94 48 277
95 48 286
97 48 276
102 48 269
103 48 300
104 48 273
105 48 288
111 48 303
114 48 307
115 48 291
117 48 281
118 48 286
120 48 279
125 48 266
126 48 258
127 48 254
129 48 269
132 48 268
137 48 284
144 48 251
147 48 253
148 48 262
150 48 246
153 48 267
154 48 261
158 48 259
159 48 299
163 48 272
167 48 253
170 48 296
171 48 272
172 48 263
178 48 265
179 48 298
180 48 266
184 48 268
185 48 258
188 48 278
189 48 247
194 48 266
197 48 259
198 48 253
200 48 254
201 48 263
202 48 253
203 48 253
204 48 252
205 48 254
206 48 243
207 48 268
210 48 242
212 48 229
215 48 269
216 48 271
219 48 266
220 48 272
221 48 273
225 48 273
226 48 244
227 48 252
229 48 275
231 48 245
234 48 238
235 48 262
236 48 278
240 48 237
241 48 246
242 48 241
245 48 249
248 48 252
249 48 268
252 48 242
254 48 270
258 48 262
263 48 257
267 48 252
272 48 255
274 48 252
282 48 250
285 48 235
287 48 253
288 48 259
290 48 250
292 48 229
305 48 250
311 48 245
315 48 233
316 48 257
318 48 265
320 48 213
321 48 230
322 48 262
323 48 248
324 48 245
327 48 230
329 48 224
330 48 242
331 48 239
333 48 232
334 48 242
340 48 236
344 48 240
347 48 211
348 48 234
349 48 244
350 48 214
351 48 222
352 48 232
353 48 219
355 48 228
356 48 239
357 48 231
358 48 245
359 48 209
361 48 256
365 48 250
366 48 232
368 48 251
370 48 214
374 48 226
380 48 221
383 48 247
386 48 208
387 48 234
389 48 227
393 48 266
394 48 227
399 48 205
401 48 229
404 48 227
406 48 210
407 48 220
408 48 232
409 48 213
413 48 239
415 48 224
425 48 237
427 48 194
430 48 222
431 48 207
435 48 241
438 48 209
439 48 254
440 48 218
443 48 200
444 48 218
446 48 212
448 48 238
454 48 238
457 48 202
459 48 204
460 48 194
473 48 247
474 48 227
481 48 218
483 48 220
486 48 196
487 48 201
488 48 214
490 48 230
492 48 220
493 48 202
496 48 211
504 48 222
505 48 221
506 48 224
510 48 217
512 48 215
513 48 203
514 48 199
526 48 227
527 48 227
532 48 225
534 48 196
535 48 184
537 48 212
538 48 203
539 48 191
541 48 195
544 48 234
547 48 198
552 48 240
553 48 222
555 48 194
556 48 195
558 48 169
563 48 229
564 48 187
567 48 186
570 48 206
571 48 213
575 48 193
584 48 175
585 48 185
593 48 185
600 48 178
602 48 208
606 48 234
608 48 195
609 48 172
610 48 207
613 48 211
620 48 185
621 48 204
624 48 186
632 48 193
636 48 214
638 48 194
639 48 182
640 48 204
643 48 206
645 48 180
649 48 192
650 48 198
654 48 213
656 48 200
660 48 179
661 48 193
666 48 188
671 48 188
679 48 169
684 48 173
689 48 179
692 48 179
693 48 170
695 48 201
696 48 168
697 48 174
712 48 167
714 48 183
717 48 176
721 48 198
722 48 152
731 48 159
735 48 176
737 48 145
744 48 157
746 48 177
747 48 167
748 48 168
752 48 173
755 48 163
757 48 153
759 48 172
769 48 176
771 48 166
779 48 172
784 48 184
792 48 156
800 48 165
802 48 178
803 48 156
805 48 164
806 48 152
807 48 159
815 48 162
819 48 154
825 48 142
826 48 200
827 48 164
828 48 163
829 48 174
833 48 146
835 48 156
836 48 143
837 48 144
845 48 133
846 48 136
851 48 152
852 48 148
855 48 158
860 48 164
861 48 163
863 48 159
864 48 167
865 48 152
872 48 163
875 48 159
883 48 139
884 48 161
890 48 140
896 48 170
902 48 173
903 48 136
908 48 153
911 48 132
914 48 173
916 48 164
918 48 155
921 48 164
925 48 140
927 48 148
928 48 159
936 48 135
942 48 140
949 48 127
954 48 122
955 48 145
962 48 156
967 48 115
968 48 161
971 48 130
975 48 123
976 48 125
979 48 137
984 48 145
987 48 128
997 48 114
1001 48 153
1005 48 153
1008 48 144
1013 48 155
1015 48 140
1016 48 136
1020 48 132
1021 48 147
1029 48 126
1032 48 137
1034 48 123
1035 48 124
1036 48 146
1037 48 121
1044 48 149
1047 48 129
1048 48 139
1056 48 103
1057 48 150
1058 48 146
1059 48 147
1062 48 115
1068 48 143
1070 48 117
1087 48 124
1089 48 110
1093 48 123
1097 48 142
1105 48 116
1111 48 121
1112 48 125
1115 48 116
1122 48 104
1124 48 118
1128 48 124
1133 48 111
1134 48 138
1135 48 107
1144 48 112
1151 48 105
1152 48 124
1154 48 116
1155 48 105
1161 48 104
1163 48 102
1171 48 116
1177 48 118
1179 48 105
1180 48 115
1189 48 109
1193 48 108
1194 48 115
1196 48 126
1201 48 111
1202 48 91
1204 48 91
1207 48 110
1208 48 122
1218 48 98
1228 48 108
1229 48 118
1235 48 109
1237 48 129
1238 48 85
1239 48 120
1243 48 104
1244 48 107
1260 48 115
1267 48 110
1274 48 120
1278 48 118
1287 48 93
1290 48 102
1299 48 96
1306 48 109
1314 48 103
1319 48 106
1322 48 101
1324 48 112
1327 48 91
1331 48 96
1333 48 105
1338 48 71
1350 48 110
1352 48 93
1360 48 91
1362 48 86
1366 48 76
1371 48 83
1381 48 87
1382 48 117
1384 48 90
1394 48 77
1402 48 81
1403 48 83
1404 48 102
1405 48 87
1409 48 86
1420 48 91
1421 48 85
1424 48 87
1427 48 89
1437 48 101
1448 48 81
1452 48 85
1454 48 64
1456 48 93
1464 48 83
1468 48 77
1474 48 98
1476 48 82
1477 48 76
1484 48 70
1486 48 91
1489 48 83
1494 48 71
1498 48 77
1503 48 83
1507 48 72
1510 48 91
1514 48 87
1518 48 81
1522 48 72
1524 48 80
1525 48 55
1526 48 83
1530 48 82
1534 48 78
1536 48 77
1540 48 79
1543 48 80
1557 48 68
1562 48 80
1565 48 62
1568 48 69
1570 48 76
1582 48 59
1585 48 81
1586 48 77
1593 48 62
1597 48 72
1605 48 69
1610 48 70
1616 48 67
1622 48 52
1628 48 65
1629 48 63
1632 48 59
1639 48 56
1643 48 64
1649 48 66
1656 48 58
1659 48 66
1674 48 63
1677 48 60
1678 48 72
1679 48 60
1684 48 54
1688 48 54
1696 48 56
1697 48 68
1700 48 60
1706 48 52
1726 48 42
1727 48 54
1733 48 49
1739 48 67
1741 48 48
1756 48 57
1758 48 61
1772 48 56
1773 48 74
1775 48 49
1776 48 42
1781 48 65
1785 48 57
1790 48 57
1793 48 56
1799 48 45
1802 48 61
1805 48 45
1807 48 50
1810 48 57
1821 48 56
1823 48 43
1825 48 46
1832 48 36
1843 48 57
1845 48 44
1848 48 44
1857 48 47
1864 48 62
1871 48 37
1872 48 37
1887 48 43
1889 48 44
1900 48 33
1911 48 46
1916 48 40
1922 48 29
1934 48 45
1943 48 33
1945 48 40
1959 48 36
1969 48 44
1977 48 39
1978 48 48
1979 48 43
1994 48 38
1996 48 35
2011 48 30
2012 48 38
2017 48 31
2019 48 35
2026 48 24
2034 48 29
2039 48 36
2048 48 35
2049 48 17
2059 48 27
2062 48 21
2063 48 28
2076 48 40
2077 48 27
2097 48 35
2119 48 28
2121 48 35
2127 48 32
2139 48 38
2140 48 27
2147 48 25
2166 48 25
2187 48 21
2206 48 17
2210 48 28
2214 48 21
2221 48 12
2223 48 28
2242 48 21
2266 48 23
2278 48 18
2285 48 12
2286 48 24
2309 48 20
2311 48 26
2312 48 19
2316 48 16
2320 48 16
2330 48 20
2337 48 19
2339 48 17
2346 48 20
2347 48 12
2352 48 13
2363 48 18
2366 48 16
2372 48 13
2375 48 9
2386 48 14
2391 48 10
2393 48 12
2413 48 7
2414 48 17
2418 48 18
2425 48 13
2427 48 16
2432 48 12
2438 48 9
2442 48 8
2448 48 10
2470 48 11
2471 48 13
2473 48 10
2481 48 7
2482 48 10
2488 48 9
2493 48 8
2504 48 10
2512 48 14
2534 48 14
2537 48 9
2538 48 10
2549 48 10
2552 48 9
2568 48 9
2572 48 10
2574 48 5
2575 48 6
2582 48 12
2596 48 10
2597 48 6
2610 48 5
2614 48 4
2623 48 4
2633 48 7
2638 48 8
2639 48 8
2642 48 6
2653 48 5
2665 48 6
2669 48 6
2683 48 3
2697 48 3
2701 48 7
2702 48 3
2703 48 3
2705 48 6
2706 48 5
2711 48 6
2715 48 3
2719 48 2
2727 48 7
2731 48 3
2736 48 7
2737 48 3
2743 48 5
2750 48 4
2756 48 6
2761 48 3
2764 48 3
2770 48 5
2771 48 2
2789 48 2
2795 48 2
2804 48 2
2851 48 2
2865 48 1
2910 48 1
2939 48 1
2965 48 1
2993 48 1
1 49 300
2 49 291
7 49 312
9 49 310
11 49 291
15 49 298
22 49 317
23 49 289
25 49 256
26 49 281
31 49 314
33 49 320
39 49 279
43 49 273
47 49 286
48 49 299
49 49 284
50 49 304
51 49 298
55 49 281
56 49 290
59 49 281
61 49 299
62 49 295
64 49 286
65 49 300
67 49 275
70 49 322
72 49 285
74 49 287
80 49 259
81 49 311
82 49 303
87 49 316
90 49 295
91 49 303
92 49 298
94 49 286
97 49 275
102 49 251
103 49 290
107 49 249
108 49 284
110 49 312
111 49 288
112 49 245
113 49 267
115 49 274
117 49 271
121 49 285
122 49 259
123 49 295
129 49 279
131 49 287
137 49 283
140 49 266
141 49 306
142 49 291
144 49 254
145 49 251
149 49 289
151 49 238
153 49 267
154 49 292
156 49 265
157 49 284
158 49 283
160 49 241
163 49 299
165 49 263
168 49 280
169 49 275
170 49 279
173 49 263
174 49 258
175 49 262
176 49 260
178 49 261
180 49 242
184 49 275
185 49 269
187 49 267
188 49 265
192 49 268
193 49 276
194 49 284
201 49 272
202 49 271
203 49 241
204 49 244
208 49 257
209 49 274
211 49 270
212 49 280
213 49 271
215 49 236
216 49 232
218 49 270
219 49 283
220 49 275
221 49 263
222 49 269
224 49 276
227 49 284
228 49 270
231 49 276
232 49 242
233 49 251
236 49 239
242 49 246
243 49 252
246 49 277
248 49 253
252 49 248
253 49 220
255 49 278
257 49 258
259 49 267
260 49 273
261 49 253
264 49 231
268 49 266
270 49 249
271 49 241
273 49 274
274 49 279
275 49 239
278 49 227
283 49 273
284 49 241
285 49 243
286 49 254
295 49 230
296 49 262
299 49 261
301 49 224
302 49 227
306 49 274
314 49 218
315 49 240
316 49 213
319 49 231
320 49 239
323 49 248
325 49 225
330 49 240
331 49 270
335 49 233
337 49 232
339 49 255
340 49 229
341 49 239
344 49 245
345 49 244
346 49 243
347 49 222
351 49 242
353 49 224
357 49 252
360 49 253
361 49 212
362 49 243
363 49 249
364 49 242
371 49 226
372 49 250
374 49 252
376 49 237
378 49 212
380 49 228
381 49 221
383 49 223
385 49 220
386 49 205
390 49 226
393 49 221
399 49 221
401 49 216
412 49 233
418 49 231
421 49 230
425 49 224
426 49 211
429 49 227
430 49 202
433 49 197
434 49 231
440 49 232
444 49 190
445 49 217
446 49 242
447 49 211
449 49 204
451 49 240
452 49 214
453 49 211
459 49 231
460 49 207
462 49 210
466 49 224
467 49 238
468 49 200
472 49 220
473 49 203
476 49 193
490 49 232
496 49 200
501 49 229
503 49 194
506 49 232
508 49 191
510 49 192
511 49 206
516 49 184
517 49 196
523 49 205
524 49 204
526 49 225
528 49 177
530 49 223
534 49 207
538 49 202
539 49 190
542 49 223
547 49 189
548 49 205
550 49 195
552 49 174
555 49 229
560 49 192
562 49 183
565 49 187
567 49 210
574 49 199
576 49 201
578 49 178
580 49 198
581 49 183
582 49 184
583 49 193
585 49 238
596 49 193
597 49 179
599 49 183
602 49 191
606 49 188
609 49 197
611 49 193
614 49 181
617 49 180
623 49 185
624 49 187
629 49 192
641 49 179
642 49 179
643 49 196
647 49 183
648 49 185
652 49 199
653 49 201
656 49 169
667 49 191
668 49 176
669 49 176
671 49 169
674 49 181
680 49 206
681 49 196
682 49 160
694 49 169
695 49 186
696 49 201
699 49 159
701 49 187
702 49 179
704 49 185
705 49 165
708 49 184
713 49 181
714 49 186
715 49 167
717 49 163
718 49 183
722 49 178
726 49 159
727 49 166
730 49 176
733 49 182
737 49 192
739 49 162
740 49 168
741 49 196
745 49 186
746 49 178
747 49 165
748 49 179
753 49 174
755 49 172
757 49 170
759 49 182
766 49 168
768 49 152
777 49 194
778 49 171
780 49 168
782 49 201
783 49 163
787 49 180
789 49 174
796 49 156
800 49 151
804 49 168
806 49 179
807 49 161
809 49 177
813 49 155
814 49 164
818 49 179
822 49 174
823 49 171
827 49 148
830 49 174
834 49 150
837 49 178
838 49 156
840 49 168
842 49 142
843 49 132
844 49 166
845 49 148
850 49 144
852 49 160
858 49 128
861 49 148
864 49 172
866 49 155
867 49 159
878 49 150
883 49 156
886 49 153
892 49 149
898 49 167
902 49 156
906 49 175
909 49 140
911 49 158
919 49 137
922 49 161
925 49 147
926 49 150
928 49 138
930 49 154
931 49 142
933 49 140
941 49 141
946 49 134
950 49 148
953 49 126
957 49 143
960 49 158
961 49 124
962 49 143
963 49 146
966 49 134
972 49 152
976 49 126
977 49 146
978 49 117
979 49 125
984 49 129
985 49 142
987 49 132
988 49 146
990 49 132
1005 49 107
1009 49 127
1012 49 126
1018 49 139
1019 49 145
1020 49 132
1024 49 120
1029 49 110
1045 49 129
1048 49 128
1055 49 147
1059 49 135
1062 49 137
1070 49 124
1071 49 134
1073 49 119
1075 49 119
1081 49 130
1084 49 136
1089 49 133
1090 49 123
1094 49 122
1105 49 135
1111 49 104
1116 49 118
1121 49 130
1123 49 121
1128 49 108
1131 49 109
1142 49 117
1146 49 119
1147 49 126
1154 49 106
1155 49 110
1156 49 111
1166 49 107
1168 49 103
1169 49 122
1171 49 123
1173 49 107
1175 49 117
1178 49 113
1184 49 110
1187 49 100
1192 49 92
1193 49 124
1194 49 116
1195 49 110
1201 49 115
1203 49 110
1207 49 120
1210 49 107
1214 49 112
1217 49 107
1226 49 126
1231 49 94
1233 49 106
1234 49 121
1238 49 102
1239 49 85
1241 49 107
1243 49 109
1244 49 105
1246 49 104
1247 49 113
1252 49 103
1254 49 114
1256 49 106
1259 49 106
1262 49 114
1270 49 103
1280 49 95
1282 49 102
1284 49 93
1285 49 105
1288 49 93
1293 49 102
1295 49 95
1311 49 95
1314 49 116
1323 49 90
1325 49 94
1333 49 89
1337 49 111
1338 49 120
1343 49 106
1344 49 90
1353 49 106
1358 49 99
1371 49 94
1372 49 88
1375 49 87
1379 49 86
1382 49 91
1388 49 68
1392 49 99
1393 49 72
1397 49 92
1401 49 96
1405 49 96
1407 49 86
1410 49 74
1412 49 97
1414 49 87
1419 49 79
1420 49 85
1422 49 78
1429 49 91
1430 49 86
1433 49 97
1444 49 101
1447 49 83
1448 49 86
1458 49 70
1459 49 81
1461 49 94
1468 49 74
1469 49 78
1470 49 87
1477 49 84
1478 49 82
1481 49 91
1484 49 89
1485 49 81
1489 49 83
1492 49 71
1494 49 65
1503 49 76
1516 49 76
1519 49 67
1533 49 63
1543 49 77
1544 49 76
1545 49 77
1552 49 68
1561 49 71
1568 49 82
1579 49 72
1582 49 83
1583 49 80
1586 49 74
1588 49 64
1591 49 54
1596 49 65
1601 49 63
1602 49 73
1617 49 82
1634 49 65
1637 49 67
1671 49 64
1680 49 57
1681 49 60
1682 49 74
1691 49 49
1693 49 52
1700 49 54
1704 49 56
1711 49 57
1714 49 67
1732 49 60
1736 49 50
1738 49 54
1741 49 48
1749 49 67
1756 49 45
1767 49 70
1778 49 51
1781 49 45
1794 49 44
1803 49 46
1806 49 51
1813 49 49
1832 49 49
1839 49 42
1847 49 51
1854 49 49
1869 49 46
1871 49 39
1883 49 39
1885 49 36
1905 49 33
1906 49 51
1907 49 37
1912 49 44
1922 49 41
1923 49 45
1932 49 36
1941 49 45
1942 49 47
1944 49 36
1946 49 42
1949 49 36
1953 49 41
1954 49 37
1958 49 38
1960 49 42
1968 49 30
1970 49 29
1971 49 35
1984 49 35
1986 49 29
1988 49 33
1989 49 45
1993 49 30
1995 49 43
1997 49 39
2003 49 41
2016 49 31
2031 49 34
2032 49 35
2048 49 33
2064 49 37
2065 49 26
2069 49 31
2073 49 39
2079 49 30
2085 49 37
2093 49 32
2097 49 34
2099 49 34
2120 49 33
2124 49 28
2128 49 28
2142 49 25
2143 49 29
2144 49 26
2148 49 26
2149 49 28
2170 49 31
2176 49 18
2178 49 27
2183 49 30
2186 49 22
2191 49 23
2201 49 17
2202 49 18
2209 49 29
2211 49 25
2221 49 31
2222 49 16
2234 49 23
2239 49 24
2242 49 35
2267 49 14
2269 49 22
2270 49 16
2272 49 22
2276 49 16
2280 49 19
2281 49 24
2286 49 19
2290 49 26
2304 49 19
2312 49 20
2318 49 19
2320 49 27
2325 49 13
2326 49 19
2327 49 17
2329 49 13
2330 49 20
2332 49 17
2342 49 17
2356 49 20
2358 49 14
2365 49 14
2367 49 10
2368 49 15
2369 49 16
2371 49 16
2372 49 16
2375 49 11
2393 49 11
2417 49 18
2434 49 5
2438 49 12
2453 49 10
2458 49 7
2461 49 17
2479 49 11
2491 49 7
2503 49 3
2511 49 10
2530 49 8
2531 49 13
2551 49 6
2555 49 6
2556 49 7
2581 49 8
2590 49 10
2592 49 8
2597 49 10
2608 49 2
2613 49 5
2617 49 6
2628 49 8
2630 49 7
2631 49 7
2632 49 10
2643 49 7
2652 49 6
2659 49 3
2661 49 4
2663 49 10
2672 49 6
2680 49 4
2693 49 1
2699 49 5
2700 49 5
2702 49 2
2717 49 5
2741 49 6
2744 49 2
2758 49 2
2771 49 6
2780 49 2
2794 49 6
2812 49 5
2813 49 2
2828 49 3
2839 49 1
2846 49 1
2861 49 1
2880 49 2
2881 49 1
2887 49 2
2888 49 1
2904 49 2
2926 49 1
2938 49 1
2940 49 1
2995 49 1
2 50 290
3 50 298
5 50 286
13 50 260
17 50 327
18 50 284
19 50 346
21 50 302
25 50 288
27 50 315
30 50 279
31 50 316
32 50 312
35 50 322
37 50 314
38 50 324
39 50 312
45 50 292
47 50 286
48 50 285
49 50 296
50 50 308
53 50 300
59 50 295
60 50 255
61 50 270
65 50 302
66 50 314
67 50 290
69 50 277
70 50 292
75 50 294
76 50 299
78 50 294
82 50 297
85 50 247
88 50 255
99 50 274
102 50 262
107 50 270
108 50 276
110 50 288
115 50 266
118 50 273
119 50 293
120 50 267
121 50 252
123 50 270
127 50 298
131 50 232
132 50 266
133 50 277
135 50 273
136 50 286
138 50 283
145 50 312
148 50 272
149 50 282
150 50 270
154 50 273
155 50 286
157 50 240
162 50 257
166 50 279
168 50 277
170 50 245
171 50 289
172 50 228
173 50 285
174 50 284
175 50 253
176 50 280
178 50 247
180 50 278
183 50 260
185 50 242
186 50 243
190 50 287
192 50 249
199 50 269
201 50 302
202 50 248
206 50 254
209 50 262
210 50 257
211 50 275
213 50 228
217 50 267
223 50 250
224 50 265
228 50 252
230 50 248
231 50 255
233 50 232
238 50 279
239 50 251
240 50 281
241 50 251
242 50 230
244 50 278
247 50 278
251 50 255
252 50 252
253 50 257
254 50 250
258 50 236
262 50 287
264 50 269
265 50 266
266 50 273
268 50 256
270 50 237
273 50 231
274 50 237
279 50 246
281 50 249
282 50 273
283 50 252
286 50 243
290 50 233
291 50 240
295 50 253
296 50 238
297 50 253
299 50 253
303 50 224
304 50 241
305 50 240
306 50 230
307 50 237
308 50 245
309 50 226
314 50 252
315 50 220
316 50 250
317 50 255
323 50 228
324 50 238
326 50 251
330 50 222
337 50 248
338 50 239
344 50 222
346 50 237
347 50 237
348 50 217
349 50 253
353 50 221
355 50 228
358 50 228
360 50 241
362 50 219
363 50 240
367 50 238
372 50 256
374 50 244
377 50 208
381 50 199
382 50 203
384 50 221
386 50 211
387 50 212
389 50 232
392 50 227
394 50 221
397 50 252
399 50 219
400 50 274
401 50 227
403 50 193
404 50 241
405 50 254
406 50 236
409 50 213
410 50 199
415 50 211
418 50 237
419 50 219
422 50 235
425 50 228
427 50 233
428 50 220
430 50 243
432 50 217
443 50 211
454 50 217
457 50 217
466 50 207
468 50 230
480 50 213
481 50 247
483 50 202
486 50 210
488 50 192
491 50 204
493 50 194
496 50 211
497 50 192
499 50 204
502 50 226
507 50 215
513 50 218
514 50 204
516 50 214
519 50 219
521 50 205
522 50 217
527 50 213
530 50 204
532 50 201
533 50 213
535 50 205
540 50 224
545 50 222
546 50 179
552 50 190
554 50 221
561 50 218
564 50 190
565 50 226
566 50 197
568 50 181
570 50 219
572 50 192
577 50 177
579 50 184
581 50 167
583 50 223
584 50 199
585 50 206
586 50 185
587 50 187
589 50 204
590 50 193
593 50 189
596 50 190
604 50 189
606 50 182
610 50 179
611 50 205
613 50 213
614 50 220
615 50 186
616 50 225
618 50 179
623 50 169
624 50 165
626 50 197
628 50 193
636 50 195
639 50 201
645 50 206
650 50 182
651 50 169
653 50 193
654 50 172
657 50 189
662 50 179
665 50 177
669 50 161
680 50 211
682 50 183
683 50 179
684 50 167
686 50 193
689 50 171
697 50 201
700 50 195
703 50 189
706 50 166
709 50 184
710 50 177
718 50 182
721 50 179
722 50 156
723 50 186
731 50 181
733 50 162
734 50 175
735 50 163
737 50 181
741 50 144
742 50 173
744 50 166
746 50 186
756 50 171
758 50 156
765 50 177
766 50 180
776 50 179
778 50 168
781 50 163
789 50 165
790 50 146
792 50 216
793 50 167
794 50 151
797 50 149
803 50 197
809 50 153
810 50 171
812 50 173
817 50 157
819 50 164
824 50 155
825 50 174
830 50 163
835 50 172
836 50 179
839 50 163
841 50 148
843 50 176
844 50 146
846 50 156
851 50 203
854 50 139
864 50 157
870 50 161
871 50 161
872 50 138
873 50 172
874 50 163
878 50 145
883 50 136
893 50 150
894 50 148
896 50 156
899 50 161
901 50 158
908 50 136
911 50 140
925 50 152
926 50 153
930 50 143
934 50 137
936 50 151
937 50 159
940 50 121
943 50 113
951 50 139
954 50 117
957 50 153
961 50 144
963 50 122
964 50 145
965 50 177
967 50 133
968 50 155
970 50 140
977 50 127
985 50 125
986 50 124
990 50 136
992 50 154
997 50 125
999 50 137
1001 50 123
1011 50 135
1021 50 130
1022 50 125
1023 50 115
1024 50 151
1030 50 130
1031 50 145
1033 50 115
1037 50 121
1041 50 148
1044 50 147
1046 50 122
1051 50 112
1053 50 116
1055 50 125
1059 50 122
1063 50 113
1064 50 121
1066 50 130
1069 50 123
1078 50 135
1080 50 130
1083 50 133
1084 50 120
1085 50 116
1092 50 113
1098 50 117
1100 50 125
1101 50 111
1109 50 131
1111 50 131
1113 50 118
1120 50 92
1123 50 134
1126 50 106
1150 50 104
1152 50 121
1154 50 114
1155 50 126
1156 50 101
1157 50 129
1160 50 124
1161 50 115
1167 50 123
1175 50 106
1188 50 121
1192 50 112
1204 50 111
1208 50 106
1209 50 109
1211 50 117
1216 50 121
1218 50 110
1220 50 122
1222 50 109
1225 50 112
1226 50 105
1236 50 91
1244 50 109
1245 50 110
1253 50 109
1254 50 100
1256 50 110
1260 50 112
1263 50 94
1264 50 106
1274 50 106
1277 50 112
1278 50 91
1291 50 74
1296 50 92
1310 50 81
1312 50 96
1313 50 82
1319 50 79
1336 50 101
1342 50 88
1350 50 103
1357 50 99
1365 50 92
1366 50 89
1371 50 92
1372 50 117
1374 50 97
1375 50 102
1376 50 105
1378 50 96
1380 50 90
1384 50 87
1387 50 88
1388 50 88
1394 50 90
1397 50 102
1403 50 99
1412 50 83
1415 50 111
1424 50 95
1433 50 77
1436 50 71
1438 50 87
1439 50 85
1441 50 84
1444 50 99
1445 50 78
1463 50 80
1466 50 88
1472 50 90
1477 50 68
1483 50 73
1484 50 81
1492 50 81
1495 50 78
1497 50 80
1502 50 72
1505 50 79
1513 50 73
1528 50 79
1545 50 79
1549 50 59
1550 50 80
1551 50 71
1554 50 79
1564 50 72
1577 50 79
1582 50 62
1587 50 59
1590 50 60
1591 50 65
1598 50 84
1600 50 79
1605 50 69
1606 50 69
1610 50 71
1614 50 57
1617 50 62
1619 50 56
1621 50 56
1622 50 74
1639 50 60
1647 50 64
1649 50 64
1652 50 66
1656 50 61
1658 50 46
1661 50 61
1671 50 71
1676 50 69
1678 50 75
1679 50 65
1698 50 61
1702 50 68
1715 50 70
1717 50 43
1722 50 59
1725 50 50
1726 50 50
1735 50 63
1738 50 46
1740 50 45
1750 50 53
1752 50 58
1753 50 59
1759 50 63
1761 50 48
1768 50 46
1770 50 59
1777 50 59
1779 50 44
1785 50 50
1790 50 50
1794 50 48
1800 50 57
1827 50 44
1828 50 40
1834 50 52
1841 50 55
1844 50 42
1848 50 42
1860 50 44
1862 50 40
1876 50 41
1878 50 40
1880 50 35
1893 50 39
1897 50 43
1902 50 30
1914 50 38
1923 50 49
1926 50 41
1945 50 39
1948 50 34
1950 50 43
1952 50 42
1963 50 36
1971 50 35
1972 50 39
1974 50 39
1975 50 25
1982 50 46
1995 50 38
2004 50 36
2010 50 37
2011 50 33
2015 50 26
2031 50 44
2035 50 25
2040 50 39
2053 50 37
2054 50 30
2059 50 25
2065 50 30
2075 50 28
2105 50 28
2108 50 36
2109 50 31
2111 50 25
2126 50 32
2145 50 26
2148 50 18
2157 50 29
2167 50 22
2168 50 23
2172 50 27
2183 50 27
2186 50 27
2191 50 33
2192 50 30
2194 50 25
2196 50 14
2204 50 23
2218 50 33
2220 50 18
2223 50 28
2225 50 21
2230 50 26
2231 50 16
2233 50 24
2245 50 18
2265 50 19
2271 50 16
2276 50 18
2281 50 12
2291 50 18
2298 50 13
2302 50 22
2309 50 16
2313 50 15
2320 50 14
2326 50 21
2332 50 16
2346 50 13
2355 50 14
2362 50 10
2366 50 22
2378 50 10
2380 50 20
2383 50 10
2388 50 17
2393 50 16
2395 50 19
2407 50 15
2416 50 15
2417 50 12
2420 50 10
2422 50 9
2427 50 18
2451 50 14
2459 50 10
2465 50 10
2479 50 15
2483 50 19
2495 50 10
2525 50 8
2533 50 11
2534 50 14
2536 50 5
2551 50 9
2552 50 8
2557 50 7
2611 50 8
2614 50 10
2625 50 5
2642 50 3
2660 50 8
2666 50 4
2677 50 4
2681 50 6
2691 50 2
2696 50 2
2715 50 6
2720 50 3
2730 50 5
2738 50 4
2746 50 2
2754 50 4
2758 50 3
2764 50 5
2767 50 3
2778 50 2
2782 50 3
2804 50 2
2806 50 2
2810 50 3
2811 50 2
2813 50 1
2833 50 4
2834 50 2
2837 50 3
2871 50 1
2884 50 2
2895 50 2
2901 50 3
2906 50 1
2908 50 1
2922 50 2
2929 50 1
2933 50 2
2971 50 1
2978 50 1
2982 50 1
2992 50 1
2993 50 1
1 51 328
2 51 279
5 51 305
9 51 322
10 51 291
15 51 316
16 51 296
17 51 313
18 51 280
20 51 312
23 51 281
24 51 272
28 51 302
29 51 315
31 51 303
33 51 332
35 51 282
37 51 306
38 51 295
39 51 273
41 51 282
44 51 296
52 51 295
57 51 333
58 51 288
60 51 313
61 51 292
65 51 268
67 51 317
77 51 297
84 51 308
85 51 275
86 51 287
89 51 289
90 51 279
91 51 264
93 51 291
95 51 268
97 51 269
98 51 258
108 51 289
110 51 273
111 51 279
113 51 299
114 51 247
118 51 267
120 51 262
121 51 254
122 51 246
124 51 266
125 51 286
126 51 249
128 51 281
132 51 279
133 51 283
134 51 296
136 51 295
137 51 267
138 51 280
140 51 298
141 51 270
143 51 302
144 51 262
147 51 282
153 51 269
154 51 258
161 51 253
162 51 285
164 51 283
166 51 275
168 51 262
171 51 273
173 51 273
176 51 248
178 51 245
179 51 263
182 51 267
183 51 295
186 51 244
188 51 278
189 51 324
191 51 277
192 51 298
193 51 242
194 51 272
196 51 273
198 51 258
199 51 264
200 51 233
201 51 283
204 51 293
208 51 247
214 51 259
216 51 253
217 51 258
218 51 285
219 51 271
222 51 245
224 51 260
227 51 260
230 51 262
233 51 277
236 51 247
237 51 260
239 51 262
241 51 211
251 51 262
252 51 251
253 51 253
256 51 216
257 51 238
259 51 251
263 51 255
264 51 247
265 51 232
266 51 247
269 51 247
270 51 236
272 51 215
275 51 257
277 51 246
278 51 237
280 51 254
283 51 248
284 51 234
287 51 228
290 51 263
291 51 244
293 51 272
294 51 250
295 51 225
297 51 232
300 51 239
301 51 245
302 51 235
305 51 264
308 51 223
313 51 260
318 51 255
319 51 236
327 51 244
332 51 241
333 51 216
339 51 249
343 51 235
347 51 242
350 51 259
354 51 227
355 51 222
357 51 244
362 51 240
365 51 227
366 51 250
370 51 225
371 51 229
376 51 205
379 51 255
380 51 216
381 51 208
384 51 258
387 51 223
392 51 202
398 51 232
400 51 229
402 51 218
404 51 232
405 51 234
406 51 212
411 51 235
412 51 220
415 51 229
416 51 231
417 51 212
427 51 225
428 51 210
431 51 232
433 51 215
442 51 191
443 51 231
445 51 228
448 51 239
451 51 200
453 51 199
456 51 187
457 51 223
461 51 207
462 51 237
465 51 227
470 51 209
472 51 194
475 51 206
476 51 211
477 51 235
479 51 198
482 51 211
487 51 207
489 51 196
491 51 222
492 51 215
493 51 220
495 51 211
496 51 196
498 51 179
501 51 208
502 51 203
503 51 207
509 51 203
510 51 191
514 51 187
520 51 221
521 51 201
523 51 182
526 51 214
534 51 212
542 51 193
543 51 209
544 51 212
546 51 219
547 51 203
549 51 201
553 51 204
554 51 202
557 51 190
562 51 199
563 51 196
564 51 207
570 51 198
572 51 171
578 51 208
579 51 206
584 51 200
591 51 192
598 51 184
600 51 194
602 51 191
605 51 197
606 51 208
607 51 206
612 51 203
615 51 188
617 51 196
620 51 181
621 51 190
622 51 200
627 51 185
629 51 203
632 51 174
633 51 206
636 51 189
641 51 211
642 51 178
646 51 201
648 51 181
653 51 162
655 51 193
664 51 195
666 51 203
675 51 181
679 51 162
680 51 189
685 51 178
689 51 167
696 51 166
701 51 178
702 51 185
704 51 185
713 51 191
723 51 187
724 51 202
725 51 186
726 51 167
727 51 177
733 51 167
734 51 163
736 51 169
738 51 171
739 51 178
740 51 190
744 51 170
748 51 192
751 51 173
755 51 157
756 51 180
759 51 173
764 51 150
766 51 168
767 51 165
770 51 183
772 51 180
777 51 160
782 51 145
786 51 162
788 51 158
789 51 165
792 51 190
796 51 172
798 51 165
802 51 157
807 51 169
810 51 142
811 51 170
813 51 169
818 51 167
824 51 171
830 51 140
836 51 168
837 51 157
840 51 143
841 51 160
842 51 168
843 51 167
846 51 158
848 51 180
852 51 143
854 51 155
855 51 161
858 51 161
861 51 153
870 51 151
873 51 176
879 51 148
884 51 140
885 51 156
891 51 158
895 51 147
901 51 158
904 51 157
906 51 139
908 51 133
914 51 158
919 51 148
921 51 168
923 51 159
928 51 154
932 51 120
933 51 152
937 51 130
940 51 148
943 51 150
947 51 142
950 51 120
956 51 152
960 51 118
964 51 129
967 51 147
974 51 144
975 51 143
978 51 133
980 51 119
981 51 137
982 51 131
994 51 156
997 51 147
1003 51 116
1007 51 159
1012 51 141
1017 51 143
1022 51 149
1023 51 118
1024 51 131
1027 51 131
1029 51 128
1041 51 146
1049 51 121
1051 51 118
1052 51 122
1053 51 148
1061 51 129
1062 51 137
1063 51 132
1066 51 148
1069 51 138
1075 51 138
1079 51 110
1084 51 117
1085 51 132
1091 51 137
1092 51 109
1096 51 130
1100 51 95
1101 51 129
1122 51 117
1123 51 82
1126 51 131
1127 51 130
1139 51 130
1141 51 108
1143 51 118
1149 51 117
1154 51 121
1155 51 125
1157 51 107
1158 51 119
1160 51 94
1161 51 110
1162 51 123
1163 51 106
1167 51 102
1171 51 102
1173 51 113
1175 51 104
1176 51 117
1183 51 103
1186 51 124
1187 51 117
1193 51 124
1195 51 133
1196 51 115
1213 51 91
1220 51 109
1225 51 136
1231 51 92
1232 51 111
1237 51 115
1239 51 98
1243 51 108
1248 51 134
1255 51 107
1258 51 109
1259 51 112
1261 51 119
1270 51 98
1272 51 96
1287 51 113
1297 51 92
1303 51 100
1305 51 101
1311 51 102
1316 51 101
1326 51 90
1332 51 87
1333 51 85
1337 51 80
1346 51 86
1356 51 89
1362 51 93
1367 51 87
1369 51 82
1376 51 89
1378 51 97
1381 51 101
1387 51 80
1390 51 89
1391 51 88
1400 51 97
1403 51 70
1406 51 78
1414 51 70
1423 51 91
1431 51 88
1434 51 76
1444 51 93
1450 51 97
1451 51 102
1453 51 88
1455 51 79
1466 51 69
1472 51 84
1475 51 81
1477 51 74
1484 51 69
1519 51 75
1523 51 65
1534 51 66
1541 51 89
1546 51 77
1554 51 77
1556 51 62
1561 51 71
1564 51 62
1570 51 84
1575 51 83
1579 51 57
1580 51 79
1583 51 69
1589 51 72
1593 51 67
1599 51 70
1604 51 61
1605 51 64
1612 51 64
1614 51 64
1621 51 81
1624 51 75
1627 51 70
1628 51 61
1638 51 54
1639 51 69
1641 51 65
1645 51 50
1646 51 63
1652 51 60
1658 51 56
1665 51 77
1666 51 61
1672 51 60
1683 51 66
1694 51 67
1704 51 67
1706 51 56
1713 51 54
1719 51 51
1731 51 41
1733 51 53
1746 51 62
1775 51 46
1780 51 63
1781 51 50
1785 51 50
1787 51 47
1791 51 38
1795 51 51
1802 51 44
1803 51 49
1817 51 29
1820 51 50
1823 51 41
1825 51 47
1830 51 56
1837 51 51
1838 51 51
1847 51 46
1853 51 39
1854 51 53
1856 51 39
1864 51 45
1882 51 39
1883 51 40
1887 51 42
1888 51 40
1889 51 37
1896 51 40
1901 51 40
1904 51 49
1910 51 46
1913 51 34
1920 51 42
1922 51 32
1959 51 42
1966 51 41
1970 51 46
1977 51 42
1979 51 45
1986 51 41
1993 51 32
1998 51 32
2000 51 52
2001 51 38
2007 51 30
2013 51 42
2014 51 26
2019 51 41
2027 51 41
2030 51 45
2032 51 41
2036 51 29
2049 51 34
2052 51 37
2071 51 39
2075 51 24
2079 51 36
2082 51 29
2084 51 37
2101 51 18
2112 51 25
2113 51 28
2116 51 33
2119 51 29
2136 51 15
2138 51 28
2139 51 21
2141 51 23
2167 51 28
2168 51 17
2174 51 29
2175 51 32
2177 51 29
2181 51 32
2190 51 31
2191 51 25
2195 51 23
2196 51 38
2207 51 21
2224 51 26
2228 51 16
2246 51 11
2271 51 22
2275 51 18
2287 51 15
2289 51 21
2290 51 27
2298 51 23
2299 51 17
2318 51 12
2326 51 18
2352 51 18
2354 51 8
2357 51 18
2360 51 20
2369 51 17
2370 51 17
2387 51 12
2389 51 9
2398 51 12
2402 51 17
2404 51 9
2409 51 15
2428 51 11
2435 51 13
2438 51 13
2457 51 13
2462 51 10
2472 51 11
2475 51 14
2479 51 9
2482 51 8
2484 51 8
2513 51 16
2515 51 6
2522 51 8
2524 51 7
2525 51 4
2536 51 8
2538 51 10
2543 51 11
2553 51 10
2556 51 13
2569 51 8
2575 51 7
2585 51 9
2594 51 4
2596 51 2
2597 51 8
2600 51 4
2607 51 9
2612 51 5
2614 51 9
2622 51 7
2642 51 6
2650 51 5
2660 51 4
2667 51 6
2703 51 5
2707 51 2
2709 51 4
2727 51 2
2737 51 4
2749 51 3
2754 51 4
2772 51 1
2788 51 3
2796 51 3
2800 51 4
2802 51 5
2808 51 4
2814 51 3
2817 51 2
2828 51 3
2861 51 1
2865 51 4
2878 51 1
2887 51 2
2888 51 1
2892 51 2
2900 51 1
2906 51 1
2919 51 2
2920 51 1
2925 51 1
2932 51 2
2936 51 1
2948 51 2
2952 51 2
2957 51 1
2963 51 2
2974 51 1
2995 51 1
2996 51 1
2999 51 1
1 52 283
4 52 324
5 52 317
7 52 312
8 52 311
10 52 314
12 52 300
15 52 337
16 52 300
17 52 287
20 52 290
23 52 305
25 52 288
26 52 288
29 52 300
30 52 289
31 52 298
32 52 294
33 52 300
36 52 286
37 52 282
38 52 283
40 52 331
42 52 289
47 52 286
48 52 292
52 52 310
54 52 295
57 52 276
58 52 305
59 52 291
60 52 277
64 52 248
68 52 316
71 52 276
74 52 246
77 52 276
78 52 307
94 52 297
102 52 278
103 52 307
106 52 308
116 52 287
124 52 267
125 52 272
128 52 275
129 52 278
134 52 271
137 52 265
139 52 248
140 52 280
145 52 274
147 52 250
151 52 288
153 52 281
154 52 287
155 52 277
158 52 267
160 52 239
163 52 277
164 52 275
165 52 265
168 52 270
169 52 259
180 52 275
182 52 267
184 52 273
185 52 239
186 52 269
189 52 279
191 52 243
194 52 253
196 52 258
203 52 278
205 52 266
207 52 269
209 52 253
210 52 258
213 52 257
221 52 252
222 52 249
223 52 254
225 52 256
226 52 263
229 52 250
231 52 239
235 52 268
238 52 261
240 52 237
241 52 245
242 52 252
243 52 245
245 52 261
252 52 276
253 52 276
254 52 290
259 52 236
262 52 248
264 52 261
267 52 231
270 52 253
276 52 247
277 52 240
278 52 248
279 52 245
280 52 216
282 52 237
284 52 251
288 52 232
290 52 253
291 52 251
294 52 258
299 52 251
303 52 287
305 52 268
310 52 249
317 52 233
319 52 225
323 52 219
326 52 202
327 52 241
328 52 243
329 52 222
331 52 277
332 52 239
333 52 269
335 52 227
339 52 241
342 52 247
345 52 233
346 52 228
347 52 205
349 52 237
355 52 234
359 52 265
364 52 242
365 52 246
368 52 208
369 52 223
370 52 247
372 52 234
374 52 200
375 52 229
376 52 208
377 52 238
378 52 222
383 52 235
384 52 254
385 52 218
388 52 226
390 52 236
396 52 219
399 52 228
402 52 209
403 52 243
410 52 237
412 52 225
414 52 227
416 52 221
420 52 246
421 52 235
422 52 231
424 52 201
425 52 212
428 52 250
433 52 216
435 52 234
442 52 213
444 52 221
445 52 216
453 52 213
454 52 213
457 52 212
458 52 217
460 52 224
464 52 212
466 52 196
467 52 217
468 52 241
470 52 246
472 52 221
473 52 203
474 52 189
479 52 230
483 52 225
488 52 207
489 52 184
490 52 233
491 52 221
494 52 247
495 52 220
498 52 217
500 52 223
501 52 191
502 52 247
505 52 245
508 52 201
512 52 198
524 52 188
525 52 206
529 52 219
530 52 194
531 52 216
534 52 189
536 52 175
538 52 207
540 52 208
542 52 192
543 52 194
545 52 236
553 52 195
554 52 182
555 52 219
557 52 195
559 52 204
561 52 191
565 52 191
569 52 196
570 52 182
572 52 189
573 52 182
576 52 220
577 52 173
578 52 182
579 52 188
589 52 176
592 52 165
593 52 190
599 52 179
600 52 203
602 52 180
604 52 181
605 52 206
606 52 182
609 52 184
612 52 192
615 52 187
617 52 159
620 52 169
625 52 183
630 52 187
631 52 195
634 52 184
647 52 179
653 52 182
656 52 191
659 52 154
661 52 190
664 52 180
667 52 198
668 52 196
673 52 185
678 52 172
679 52 179
686 52 174
688 52 170
693 52 181
694 52 168
696 52 165
697 52 192
704 52 173
708 52 162
709 52 176
713 52 172
715 52 192
719 52 174
721 52 183
734 52 164
735 52 159
736 52 167
737 52 166
738 52 169
740 52 177
741 52 179
747 52 170
751 52 173
753 52 163
754 52 160
755 52 186
756 52 165
757 52 171
758 52 181
759 52 182
769 52 166
770 52 177
772 52 165
783 52 160
788 52 152
791 52 183
793 52 191
795 52 172
796 52 143
797 52 149
798 52 173
800 52 156
801 52 170
802 52 157
805 52 171
810 52 162
816 52 168
817 52 144
819 52 142
825 52 157
833 52 164
835 52 154
836 52 174
840 52 175
842 52 157
851 52 174
855 52 160
860 52 142
864 52 146
868 52 163
872 52 139
875 52 141
876 52 139
877 52 127
884 52 170
888 52 147
890 52 139
893 52 154
896 52 138
899 52 133
911 52 163
912 52 166
916 52 162
917 52 157
919 52 144
930 52 151
932 52 125
935 52 139
936 52 139
937 52 140
940 52 154
944 52 153
945 52 149
948 52 144
952 52 144
954 52 140
957 52 149
964 52 152
966 52 126
976 52 147
979 52 120
982 52 137
983 52 122
986 52 129
988 52 151
993 52 155
999 52 140
1002 52 126
1003 52 125
1006 52 133
1010 52 139
1014 52 141
1015 52 135
1022 52 140
1024 52 148
1030 52 154
1034 52 125
1038 52 113
1039 52 135
1042 52 128
1044 52 123
1045 52 135
1046 52 125
1047 52 125
1048 52 154
1052 52 118
1054 52 115
1058 52 143
1059 52 114
1065 52 117
1066 52 128
1071 52 128
1073 52 133
1075 52 154
1076 52 131
1081 52 118
1085 52 123
1088 52 115
1090 52 126
1092 52 129
1098 52 115
1099 52 122
1103 52 112
1111 52 133
1116 52 116
1117 52 128
1119 52 133
1131 52 134
1133 52 137
1142 52 119
1143 52 138
1144 52 105
1147 52 127
1152 52 115
1154 52 111
1162 52 102
1167 52 93
1177 52 120
1178 52 107
1180 52 116
1181 52 110
1187 52 104
1192 52 102
1194 52 109
1200 52 106
1201 52 111
1204 52 111
1207 52 111
1213 52 119
1225 52 98
1237 52 118
1238 52 104
1247 52 103
1253 52 93
1254 52 97
1262 52 111
1264 52 78
1268 52 109
1276 52 101
1280 52 110
1287 52 104
1304 52 81
1305 52 97
1314 52 99
1315 52 94
1320 52 104
1321 52 83
1323 52 96
1328 52 91
1335 52 101
1341 52 84
1348 52 82
1349 52 95
1360 52 111
1363 52 84
1369 52 98
1389 52 89
1402 52 86
1409 52 84
1413 52 79
1415 52 92
1418 52 86
1420 52 82
1423 52 100
1428 52 91
1429 52 94
1446 52 90
1448 52 85
1449 52 75
1453 52 84
1456 52 82
1459 52 79
1464 52 83
1470 52 90
1472 52 96
1475 52 80
1481 52 98
1484 52 79
1493 52 85
1495 52 86
1512 52 73
1515 52 84
1518 52 78
1533 52 68
1537 52 86
1543 52 84
1545 52 75
1548 52 72
1551 52 57
1554 52 61
1563 52 85
1564 52 66
1570 52 61
1574 52 73
1581 52 82
1585 52 80
1586 52 67
1596 52 62
1602 52 79
1613 52 61
1637 52 52
1639 52 63
1643 52 76
1644 52 65
1647 52 63
1648 52 66
1654 52 60
1668 52 60
1675 52 59
1684 52 69
1685 52 61
1688 52 60
1689 52 64
1695 52 53
1699 52 61
1714 52 70
1719 52 53
1724 52 59
1733 52 69
1738 52 54
1742 52 62
1745 52 57
1756 52 59
1760 52 60
1763 52 70
1770 52 45
1773 52 61
1777 52 52
1783 52 56
1789 52 55
1797 52 54
1808 52 53
1809 52 52
1812 52 52
1823 52 53
1838 52 51
1860 52 50
1876 52 40
1879 52 50
1883 52 44
1892 52 36
1902 52 25
1905 52 38
1923 52 33
1927 52 37
1928 52 48
1931 52 37
1941 52 30
1945 52 31
1951 52 33
1954 52 22
1959 52 29
1960 52 36
1966 52 35
1981 52 31
1999 52 34
2000 52 36
2001 52 43
2010 52 30
2015 52 43
2020 52 27
2022 52 36
2030 52 30
2036 52 32
2041 52 38
2043 52 25
2048 52 33
2057 52 30
2060 52 34
2063 52 27
2065 52 31
2070 52 23
2071 52 41
2074 52 37
2083 52 25
2095 52 38
2098 52 26
2107 52 27
2108 52 30
2109 52 30
2112 52 28
2115 52 28
2133 52 22
2143 52 22
2150 52 27
2153 52 30
2161 52 35
2166 52 25
2167 52 24
2168 52 19
2178 52 34
2180 52 32
2193 52 23
2195 52 30
2197 52 18
2198 52 28
2205 52 26
2209 52 29
2216 52 18
2237 52 26
2258 52 17
2260 52 25
2273 52 19
2274 52 18
2276 52 19
2278 52 17
2281 52 19
2300 52 22
2313 52 18
2320 52 17
2324 52 14
2326 52 23
2331 52 11
2332 52 10
2338 52 16
2361 52 18
2365 52 8
2370 52 19
2401 52 15
2423 52 7
2424 52 7
2430 52 14
2433 52 13
2446 52 16
2452 52 13
2456 52 8
2462 52 11
2473 52 15
2476 52 6
2480 52 11
2481 52 8
2485 52 15
2497 52 8
2500 52 9
2505 52 14
2507 52 12
2510 52 9
2513 52 9
2536 52 16
2551 52 11
2553 52 8
2558 52 7
2559 52 7
2560 52 6
2579 52 5
2585 52 8
2601 52 9
2602 52 5
2604 52 12
2605 52 11
2618 52 4
2620 52 7
2653 52 6
2657 52 7
2670 52 3
2676 52 9
2681 52 4
2690 52 5
2698 52 3
2702 52 1
2721 52 3
2730 52 3
2738 52 9
2739 52 5
2742 52 4
2776 52 1
2781 52 2
2784 52 2
2788 52 4
2798 52 3
2799 52 3
2808 52 3
2812 52 2
2816 52 3
2820 52 5
2825 52 3
2845 52 4
2849 52 2
2853 52 3
2855 52 2
2877 52 1
2879 52 1
2887 52 2
2898 52 1
2910 52 1
2914 52 1
2915 52 2
2929 52 1
2944 52 1
2963 52 1
2974 52 1
2985 52 1
2988 52 1
2998 52 1
1 53 331
2 53 303
4 53 333
6 53 299
7 53 330
8 53 317
10 53 297
12 53 295
13 53 300
14 53 276
18 53 291
20 53 276
23 53 304
24 53 302
27 53 276
28 53 297
29 53 310
31 53 257
32 53 308
35 53 297
36 53 288
38 53 281
41 53 329
44 53 280
46 53 314
48 53 293
51 53 293
54 53 284
57 53 306
59 53 255
61 53 292
63 53 277
64 53 301
66 53 308
70 53 297
75 53 280
76 53 288
77 53 276
78 53 282
80 53 284
83 53 310
84 53 295
86 53 284
89 53 286
90 53 281
91 53 280
94 53 272
95 53 288
96 53 279
99 53 288
102 53 326
103 53 262
104 53 303
106 53 280
107 53 261
108 53 284
109 53 312
110 53 278
111 53 260
116 53 262
118 53 289
119 53 268
122 53 266
123 53 302
126 53 280
128 53 271
130 53 274
133 53 279
134 53 250
135 53 296
137 53 280
141 53 292
142 53 296
144 53 297
148 53 292
150 53 231
155 53 278
161 53 298
164 53 279
166 53 272
167 53 259
173 53 300
176 53 241
181 53 237
183 53 276
184 53 274
189 53 258
200 53 254
201 53 267
202 53 238
203 53 270
204 53 259
206 53 261
208 53 264
210 53 276
213 53 268
214 53 271
218 53 259
219 53 248
221 53 274
224 53 274
228 53 258
229 53 237
232 53 244
234 53 277
236 53 267
237 53 260
238 53 274
242 53 262
243 53 278
244 53 269
246 53 249
247 53 248
249 53 250
255 53 264
265 53 252
267 53 246
269 53 264
271 53 238
272 53 257
276 53 257
280 53 258
281 53 260
282 53 234
283 53 249
284 53 244
289 53 249
290 53 232
292 53 251
296 53 272
301 53 238
302 53 229
303 53 256
304 53 242
305 53 252
306 53 204
314 53 251
316 53 238
319 53 246
320 53 234
321 53 247
324 53 247
328 53 253
330 53 253
334 53 240
335 53 238
347 53 239
349 53 218
351 53 225
355 53 236
366 53 222
370 53 194
379 53 199
385 53 237
387 53 214
390 53 236
392 53 184
394 53 201
396 53 244
400 53 196
401 53 234
403 53 202
406 53 206
408 53 212
413 53 211
415 53 224
419 53 230
426 53 253
427 53 223
431 53 228
433 53 226
436 53 210
438 53 217
440 53 211
441 53 207
443 53 226
444 53 226
445 53 211
451 53 221
453 53 221
454 53 233
458 53 215
460 53 241
464 53 215
466 53 229
468 53 212
469 53 224
473 53 235
474 53 221
477 53 227
479 53 233
480 53 222
485 53 222
490 53 206
492 53 211
497 53 202
503 53 231
506 53 214
509 53 222
510 53 235
511 53 206
528 53 199
529 53 217
531 53 192
532 53 206
533 53 183
534 53 219
535 53 197
536 53 231
538 53 219
540 53 214
541 53 211
542 53 197
548 53 211
550 53 194
552 53 214
553 53 201
554 53 218
561 53 188
563 53 208
569 53 214
570 53 212
575 53 196
576 53 189
580 53 203
584 53 192
586 53 184
591 53 194
595 53 184
596 53 185
597 53 199
598 53 204
602 53 196
604 53 175
605 53 191
607 53 175
608 53 214
610 53 222
614 53 208
615 53 192
617 53 222
618 53 210
619 53 193
623 53 159
624 53 180
628 53 206
633 53 207
637 53 182
641 53 187
645 53 175
648 53 196
650 53 181
652 53 164
654 53 159
658 53 206
665 53 206
667 53 185
671 53 178
672 53 180
673 53 164
677 53 214
678 53 188
680 53 198
681 53 189
683 53 166
689 53 181
690 53 162
692 53 156
693 53 213
696 53 198
697 53 179
699 53 192
701 53 203
703 53 195
710 53 151
711 53 185
714 53 186
715 53 188
719 53 194
720 53 182
721 53 201
722 53 163
725 53 182
726 53 188
733 53 194
735 53 182
736 53 160
738 53 149
740 53 166
741 53 185
746 53 182
747 53 174
749 53 150
751 53 166
753 53 172
755 53 169
765 53 146
766 53 185
769 53 164
772 53 184
773 53 166
776 53 172
778 53 191
779 53 165
780 53 162
783 53 169
785 53 171
792 53 164
803 53 179
806 53 158
807 53 152
808 53 147
811 53 160
812 53 167
817 53 178
821 53 184
825 53 154
827 53 173
828 53 160
833 53 181
838 53 165
841 53 156
843 53 169
852 53 148
853 53 150
857 53 172
859 53 153
864 53 128
866 53 148
867 53 143
869 53 114
870 53 134
872 53 160
876 53 157
879 53 137
882 53 169
886 53 145
892 53 161
893 53 142
894 53 148
895 53 154
897 53 136
898 53 145
899 53 141
900 53 151
902 53 153
908 53 142
910 53 177
914 53 149
915 53 151
918 53 146
926 53 154
933 53 142
939 53 137
951 53 144
952 53 129
953 53 134
962 53 131
963 53 136
965 53 146
968 53 139
973 53 140
975 53 107
978 53 119
997 53 138
1001 53 135
1006 53 145
1022 53 147
1026 53 116
1027 53 124
1033 53 133
1037 53 134
1039 53 136
1040 53 114
1041 53 121
1042 53 112
1043 53 140
1045 53 130
1050 53 125
1056 53 127
1058 53 128
1062 53 119
1065 53 125
1067 53 106
1075 53 114
1077 53 125
1087 53 139
1091 53 124
1093 53 121
1094 53 135
1097 53 130
1103 53 108
1107 53 118
1110 53 125
1118 53 112
1125 53 109
1129 53 121
1130 53 120
1135 53 112
1137 53 105
1139 53 123
1140 53 104
1142 53 117
1144 53 107
1146 53 127
1150 53 122
1151 53 112
1156 53 117
1159 53 123
1161 53 117
1166 53 107
1169 53 122
1173 53 98
1175 53 118
1178 53 114
1179 53 125
1181 53 122
1197 53 112
1198 53 108
1200 53 111
1205 53 109
1208 53 114
1210 53 105
1213 53 122
1217 53 108
1219 53 111
1222 53 117
1233 53 96
1235 53 110
1241 53 109
1242 53 122
1246 53 107
1249 53 113
1251 53 96
1255 53 109
1258 53 109
1260 53 92
1262 53 100
1266 53 95
1271 53 99
1276 53 120
1279 53 102
1299 53 110
1301 53 101
1316 53 87
1320 53 89
1325 53 105
1333 53 98
1335 53 105
1336 53 78
1337 53 99
1338 53 91
1340 53 137
1342 53 99
1357 53 94
1360 53 103
1361 53 82
1371 53 86
1373 53 93
1375 53 104
1376 53 94
1379 53 83
1383 53 99
1385 53 89
1390 53 91
1395 53 90
1406 53 90
1409 53 72
1415 53 103
1418 53 88
1420 53 68
1440 53 92
1444 53 92
1446 53 77
1447 53 80
1450 53 77
1455 53 77
1456 53 88
1457 53 75
1458 53 89
1462 53 83
1471 53 66
1478 53 74
1479 53 62
1486 53 85
1489 53 82
1492 53 78
1503 53 60
1506 53 75
1512 53 75
1517 53 81
1518 53 60
1526 53 78
1530 53 75
1531 53 73
1536 53 80
1545 53 63
1546 53 81
1547 53 64
1552 53 66
1553 53 85
1557 53 71
1565 53 66
1592 53 72
1594 53 66
1596 53 45
1598 53 80
1607 53 77
1619 53 68
1623 53 63
1637 53 60
1642 53 55
1643 53 61
1646 53 79
1657 53 54
1663 53 49
1669 53 56
1675 53 49
1681 53 53
1686 53 64
1693 53 75
1705 53 55
1706 53 60
1712 53 71
1716 53 48
1719 53 61
1721 53 58
1723 53 42
1727 53 59
1744 53 59
1760 53 60
1775 53 53
1777 53 48
1809 53 53
1812 53 53
1819 53 47
1830 53 39
1832 53 56
1833 53 49
1834 53 45
1853 53 46
1858 53 52
1862 53 32
1868 53 53
1887 53 37
1890 53 61
1904 53 54
1923 53 36
1926 53 40
1947 53 33
1960 53 30
1985 53 37
1990 53 24
1991 53 36
1992 53 23
1993 53 28
1999 53 29
2009 53 42
2022 53 39
2024 53 33
2040 53 45
2048 53 36
2055 53 42
2067 53 31
2074 53 35
2087 53 33
2100 53 27
2102 53 23
2106 53 28
2108 53 24
2113 53 33
2116 53 20
2119 53 31
2123 53 23
2126 53 25
2136 53 30
2138 53 19
2194 53 25
2201 53 20
2203 53 18
2216 53 14
2228 53 19
2233 53 27
2241 53 15
2243 53 20
2244 53 23
2252 53 25
2266 53 16
2267 53 23
2279 53 21
2281 53 22
2283 53 15
2293 53 9
2295 53 19
2299 53 23
2306 53 17
2309 53 18
2311 53 14
2314 53 16
2326 53 16
2346 53 19
2347 53 16
2364 53 19
2376 53 13
2377 53 24
2380 53 17
2381 53 18
2388 53 20
2398 53 19
2399 53 13
2418 53 15
2420 53 16
2423 53 18
2430 53 10
2444 53 5
2446 53 9
2448 53 11
2456 53 14
2461 53 9
2509 53 10
2538 53 12
2555 53 10
2557 53 5
2565 53 7
2587 53 4
2592 53 8
2604 53 8
2614 53 11
2615 53 5
2623 53 2
2625 53 6
2632 53 9
2638 53 9
2646 53 3
2652 53 5
2683 53 6
2685 53 2
2687 53 2
2695 53 4
2709 53 7
2711 53 5
2726 53 4
2733 53 5
2748 53 2
2750 53 5
2760 53 7
2763 53 5
2774 53 2
2778 53 3
2785 53 4
2787 53 3
2788 53 1
2812 53 3
2813 53 1
2824 53 2
2831 53 3
2851 53 2
2853 53 1
2872 53 4
2882 53 1
2887 53 2
2890 53 3
2897 53 2
2902 53 2
2905 53 2
2920 53 1
2927 53 1
2928 53 1
2934 53 2
2948 53 1
2958 53 2
2961 53 2
2963 53 1
2969 53 1
2973 53 1
2974 53 1
2975 53 1
2976 53 1
2981 53 1
2984 53 1
2990 53 1
2998 53 1
1 54 292
3 54 305
4 54 318
6 54 287
7 54 294
8 54 287
11 54 329
15 54 311
17 54 305
18 54 301
24 54 281
26 54 300
27 54 296
28 54 261
31 54 279
40 54 286
42 54 283
46 54 339
48 54 294
50 54 284
52 54 287
54 54 292
55 54 290
58 54 305
60 54 284
61 54 282
62 54 297
63 54 281
64 54 311
66 54 308
68 54 277
71 54 268
73 54 302
75 54 318
76 54 282
78 54 269
79 54 268
83 54 276
84 54 279
86 54 275
87 54 296
88 54 289
90 54 256
98 54 271
101 54 280
108 54 251
112 54 289
113 54 288
116 54 312
117 54 302
119 54 288
120 54 277
122 54 270
129 54 267
130 54 256
131 54 250
135 54 271
141 54 276
149 54 279
152 54 265
153 54 286
154 54 311
156 54 287
159 54 255
161 54 271
165 54 293
167 54 293
169 54 276
173 54 249
175 54 273
181 54 255
184 54 266
186 54 269
188 54 276
189 54 256
194 54 292
203 54 269
205 54 254
206 54 283
207 54 272
208 54 255
209 54 265
210 54 261
213 54 282
216 54 279
218 54 261
219 54 258
221 54 284
223 54 270
228 54 267
230 54 257
233 54 254
237 54 289
238 54 242
249 54 270
250 54 264
251 54 243
256 54 263
258 54 249
262 54 257
264 54 249
270 54 250
275 54 234
279 54 223
280 54 203
281 54 268
287 54 248
289 54 273
293 54 246
298 54 244
300 54 231
302 54 237
307 54 258
308 54 250
310 54 246
311 54 250
312 54 234
317 54 259
323 54 244
325 54 262
326 54 252
330 54 262
331 54 229
335 54 248
337 54 222
340 54 239
341 54 244
342 54 231
344 54 238
350 54 221
353 54 240
354 54 238
359 54 254
362 54 259
363 54 240
367 54 247
371 54 213
372 54 222
374 54 204
382 54 234
388 54 236
389 54 247
390 54 241
392 54 204
393 54 250
394 54 241
398 54 232
401 54 245
402 54 254
403 54 220
406 54 228
407 54 213
409 54 237
411 54 237
413 54 240
414 54 233
415 54 206
416 54 232
421 54 223
422 54 220
424 54 207
427 54 226
430 54 232
432 54 222
434 54 198
435 54 207
441 54 220
443 54 219
449 54 186
452 54 230
454 54 215
464 54 221
465 54 217
466 54 209
467 54 224
470 54 230
472 54 196
475 54 236
476 54 226
480 54 204
486 54 213
488 54 226
490 54 217
492 54 257
493 54 212
495 54 227
498 54 203
500 54 183
502 54 216
508 54 221
509 54 213
515 54 216
519 54 225
520 54 215
521 54 191
523 54 196
525 54 246
526 54 228
527 54 182
528 54 215
529 54 180
532 54 219
538 54 199
540 54 198
542 54 201
543 54 205
555 54 211
562 54 192
563 54 203
567 54 224
570 54 211
571 54 212
572 54 200
573 54 186
577 54 198
579 54 175
585 54 200
587 54 223
588 54 192
589 54 189
593 54 188
597 54 188
599 54 178
603 54 182
604 54 220
605 54 169
608 54 192
609 54 210
611 54 202
613 54 208
616 54 168
617 54 197
622 54 236
623 54 222
625 54 178
626 54 179
629 54 231
632 54 202
633 54 184
634 54 188
639 54 182
640 54 178
641 54 183
642 54 198
643 54 168
647 54 220
648 54 186
649 54 194
652 54 171
657 54 204
658 54 190
661 54 180
662 54 226
667 54 137
670 54 191
672 54 178
673 54 172
675 54 173
680 54 181
683 54 186
685 54 205
689 54 191
690 54 182
693 54 181
699 54 200
702 54 193
706 54 213
707 54 151
708 54 172
714 54 167
720 54 185
723 54 150
725 54 194
730 54 177
733 54 161
734 54 184
738 54 150
743 54 167
744 54 142
754 54 194
758 54 179
759 54 197
762 54 157
763 54 166
766 54 149
769 54 164
773 54 162
774 54 149
775 54 158
777 54 155
778 54 157
784 54 160
794 54 153
795 54 174
796 54 150
798 54 156
808 54 177
809 54 181
810 54 155
812 54 183
817 54 148
828 54 147
830 54 159
834 54 166
835 54 171
837 54 168
849 54 138
852 54 149
854 54 159
858 54 166
863 54 152
869 54 154
870 54 135
872 54 145
879 54 144
880 54 168
888 54 162
893 54 157
896 54 140
897 54 155
901 54 145
902 54 158
913 54 142
914 54 148
920 54 162
927 54 169
932 54 142
947 54 114
951 54 127
952 54 140
954 54 146
959 54 143
968 54 134
969 54 151
972 54 138
981 54 152
983 54 154
986 54 131
987 54 142
988 54 125
989 54 142
995 54 153
1001 54 149
1002 54 111
1008 54 118
1010 54 121
1011 54 137
1013 54 140
1014 54 124
1018 54 113
1022 54 140
1050 54 118
1056 54 127
1059 54 115
1063 54 122
1065 54 120
1069 54 124
1082 54 105
1084 54 135
1085 54 123
1093 54 133
1096 54 129
1104 54 114
1113 54 116
1114 54 119
1116 54 125
1119 54 125
1121 54 125
1128 54 126
1132 54 101
1134 54 121
1136 54 137
1138 54 113
1139 54 129
1142 54 96
1144 54 98
1147 54 111
1153 54 115
1165 54 123
1167 54 108
1168 54 132
1176 54 105
1177 54 112
1182 54 124
1184 54 108
1187 54 106
1196 54 110
1201 54 100
1210 54 97
1211 54 94
1219 54 114
1223 54 101
1224 54 115
1227 54 120
1232 54 86
1234 54 116
1236 54 95
1241 54 121
1243 54 107
1248 54 86
1255 54 111
1257 54 88
1262 54 108
1268 54 91
1269 54 110
1270 54 109
1273 54 121
1274 54 105
1276 54 109
1284 54 101
1290 54 106
1295 54 87
1297 54 92
1300 54 90
1301 54 102
1303 54 101
1305 54 114
1310 54 91
1312 54 83
1325 54 96
1332 54 109
1333 54 79
1336 54 90
1337 54 74
1344 54 98
1348 54 86
1350 54 104
1355 54 98
1362 54 103
1374 54 112
1380 54 98
1382 54 87
1386 54 83
1393 54 92
1396 54 93
1407 54 95
1413 54 79
1415 54 86
1418 54 79
1439 54 97
1440 54 86
1453 54 76
1456 54 83
1457 54 66
1465 54 82
1478 54 79
1483 54 82
1484 54 85
1489 54 79
1492 54 81
1501 54 78
1503 54 73
1520 54 93
1530 54 77
1536 54 75
1537 54 73
1540 54 73
1543 54 81
1549 54 82
1550 54 79
1551 54 72
1557 54 67
1560 54 83
1564 54 65
1565 54 80
1567 54 88
1569 54 70
1574 54 74
1577 54 87
1582 54 65
1585 54 69
1592 54 76
1597 54 60
1600 54 69
1602 54 68
1610 54 83
1617 54 71
1625 54 62
1640 54 76
1643 54 50
1652 54 61
1660 54 71
1663 54 55
1666 54 42
1675 54 87
1676 54 55
1679 54 66
1682 54 51
1683 54 57
1685 54 64
1705 54 66
1709 54 54
1712 54 68
1716 54 58
1722 54 44
1723 54 75
1726 54 45
1731 54 57
1732 54 60
1738 54 45
1740 54 54
1750 54 40
1752 54 51
1759 54 57
1763 54 45
1768 54 44
1774 54 52
1775 54 49
1778 54 51
1789 54 50
1802 54 48
1819 54 55
1832 54 43
1833 54 41
1838 54 66
1841 54 56
1856 54 47
1864 54 45
1866 54 51
1874 54 51
1879 54 44
1888 54 46
1896 54 56
1904 54 46
1927 54 35
1932 54 35
1949 54 46
1953 54 35
1966 54 33
1967 54 37
1972 54 39
1973 54 39
1987 54 34
1988 54 39
1997 54 39
2005 54 40
2018 54 27
2030 54 25
2031 54 32
2032 54 26
2041 54 35
2067 54 25
2072 54 23
2073 54 36
2087 54 20
2091 54 33
2099 54 30
2106 54 22
2116 54 33
2117 54 30
2121 54 29
2126 54 31
2131 54 28
2136 54 30
2139 54 23
2140 54 32
2141 54 23
2148 54 31
2149 54 25
2157 54 29
2165 54 30
2168 54 37
2171 54 27
2175 54 34
2178 54 22
2202 54 19
2211 54 33
2216 54 18
2217 54 10
2219 54 26
2236 54 22
2246 54 17
2247 54 30
2255 54 21
2257 54 27
2268 54 18
2294 54 16
2296 54 16
2308 54 22
2310 54 22
2317 54 19
2328 54 20
2332 54 20
2334 54 28
2335 54 9
2336 54 23
2351 54 23
2356 54 15
2360 54 20
2375 54 5
2378 54 19
2383 54 16
2389 54 12
2392 54 15
2398 54 16
2402 54 13
2406 54 14
2415 54 15
2417 54 17
2429 54 16
2433 54 14
2438 54 18
2441 54 7
2442 54 17
2443 54 18
2457 54 17
2468 54 9
2489 54 6
2492 54 11
2495 54 8
2500 54 12
2503 54 9
2516 54 12
2517 54 10
2520 54 11
2521 54 7
2529 54 7
2530 54 7
2549 54 9
2564 54 5
2569 54 14
2570 54 9
2589 54 7
2594 54 7
2600 54 6
2603 54 6
2606 54 10
2627 54 1
2640 54 6
2641 54 5
2645 54 3
2655 54 6
2676 54 3
2690 54 5
2698 54 5
2705 54 3
2711 54 2
2715 54 7
2717 54 6
2718 54 4
2726 54 5
2738 54 7
2739 54 2
2750 54 3
2753 54 3
2756 54 2
2762 54 6
2768 54 4
2780 54 4
2789 54 4
2793 54 2
2803 54 1
2804 54 2
2807 54 1
2812 54 2
2836 54 2
2837 54 1
2838 54 3
2858 54 1
2865 54 1
2889 54 1
2890 54 2
2900 54 3
2904 54 3
2922 54 2
2933 54 1
2935 54 2
2938 54 1
2955 54 1
2956 54 1
2968 54 1
2974 54 2
2978 54 1
2982 54 1
2983 54 1
2987 54 1
0 55 305
1 55 325
4 55 304
7 55 300
8 55 324
10 55 274
11 55 275
15 55 271
16 55 314
17 55 309
20 55 295
26 55 285
27 55 296
31 55 307
41 55 308
51 55 291
53 55 279
54 55 259
55 55 303
57 55 287
58 55 297
59 55 269
62 55 314
63 55 316
65 55 276
66 55 325
69 55 274
70 55 283
71 55 321
72 55 274
73 55 261
77 55 279
89 55 294
92 55 292
93 55 280
97 55 264
98 55 291
99 55 292
101 55 290
102 55 301
103 55 267
105 55 287
106 55 276
108 55 297
109 55 274
111 55 291
112 55 279
113 55 293
115 55 266
116 55 257
118 55 265
119 55 264
120 55 288
122 55 299
124 55 259
126 55 293
129 55 282
130 55 274
132 55 286
135 55 282
137 55 270
138 55 280
142 55 285
144 55 243
146 55 259
152 55 256
153 55 279
156 55 280
158 55 305
161 55 295
163 55 264
165 55 264
166 55 264
169 55 277
171 55 263
172 55 257
174 55 253
177 55 261
178 55 243
182 55 256
185 55 261
187 55 297
189 55 275
190 55 269
192 55 256
200 55 259
206 55 274
209 55 243
210 55 232
211 55 243
218 55 256
221 55 283
223 55 262
224 55 228
226 55 245
227 55 277
228 55 256
234 55 254
235 55 253
236 55 251
238 55 267
239 55 227
244 55 270
245 55 251
247 55 230
248 55 253
250 55 272
251 55 276
256 55 270
260 55 246
263 55 252
266 55 266
267 55 240
270 55 216
272 55 254
275 55 254
276 55 273
278 55 236
281 55 237
283 55 248
286 55 224
287 55 218
289 55 256
290 55 220
292 55 226
293 55 251
296 55 223
302 55 252
310 55 247
313 55 252
319 55 234
320 55 243
324 55 242
325 55 242
326 55 240
328 55 248
330 55 244
333 55 241
336 55 239
339 55 263
340 55 228
342 55 255
343 55 262
351 55 241
353 55 221
356 55 225
357 55 222
358 55 230
359 55 212
360 55 203
363 55 231
367 55 250
371 55 234
373 55 228
377 55 238
379 55 239
384 55 200
386 55 220
388 55 244
392 55 220
394 55 242
398 55 216
399 55 224
400 55 243
401 55 244
403 55 206
405 55 224
407 55 218
410 55 206
411 55 224
412 55 236
413 55 220
414 55 210
416 55 227
417 55 249
421 55 204
424 55 212
425 55 237
430 55 213
434 55 211
436 55 207
437 55 214
438 55 249
443 55 195
444 55 220
445 55 199
446 55 231
455 55 239
456 55 228
462 55 233
463 55 229
464 55 233
472 55 232
479 55 209
480 55 242
482 55 235
483 55 207
489 55 225
490 55 210
491 55 224
497 55 245
506 55 175
510 55 206
512 55 207
515 55 219
518 55 200
520 55 197
522 55 221
523 55 208
524 55 203
529 55 179
533 55 196
542 55 213
543 55 195
545 55 216
546 55 191
550 55 188
555 55 206
556 55 203
558 55 195
559 55 228
565 55 219
569 55 193
572 55 191
574 55 175
575 55 205
584 55 218
585 55 214
587 55 188
592 55 191
595 55 200
596 55 209
597 55 180
601 55 205
603 55 204
605 55 216
608 55 212
614 55 209
615 55 213
622 55 185
623 55 175
625 55 201
629 55 171
632 55 186
635 55 162
641 55 188
644 55 180
645 55 188
651 55 161
653 55 186
666 55 191
672 55 189
678 55 196
684 55 166
687 55 164
692 55 181
695 55 182
696 55 182
697 55 177
698 55 166
699 55 176
700 55 181
703 55 194
704 55 178
705 55 159
707 55 179
710 55 192
712 55 170
716 55 193
718 55 169
724 55 196
726 55 194
727 55 147
730 55 165
733 55 189
734 55 155
739 55 150
740 55 165
744 55 175
746 55 155
750 55 151
760 55 174
761 55 159
773 55 174
777 55 166
779 55 156
783 55 166
788 55 178
790 55 135
794 55 155
795 55 175
800 55 146
801 55 166
804 55 148
805 55 170
806 55 146
816 55 160
822 55 184
828 55 151
830 55 158
832 55 169
834 55 144
845 55 140
846 55 142
847 55 173
853 55 166
854 55 145
856 55 154
867 55 149
869 55 163
870 55 157
875 55 132
876 55 145
877 55 137
879 55 142
881 55 155
883 55 134
884 55 150
886 55 137
887 55 125
889 55 154
894 55 150
896 55 158
899 55 148
906 55 157
911 55 147
915 55 138
916 55 143
939 55 142
947 55 137
949 55 147
953 55 150
963 55 144
973 55 152
978 55 165
982 55 125
986 55 139
987 55 132
997 55 149
1004 55 134
1007 55 144
1008 55 135
1012 55 142
1030 55 127
1031 55 125
1033 55 144
1041 55 133
1042 55 122
1046 55 128
1048 55 142
1050 55 131
1054 55 107
1059 55 125
1064 55 120
1065 55 122
1069 55 120
1071 55 134
1073 55 116
1074 55 121
1078 55 138
1086 55 122
1092 55 125
1094 55 134
1095 55 126
1097 55 126
1098 55 111
1103 55 112
1108 55 94
1120 55 134
1130 55 119
1134 55 115
1139 55 125
1140 55 112
1141 55 123
1142 55 119
1144 55 126
1152 55 112
1153 55 116
1158 55 101
1161 55 105
1169 55 112
1174 55 114
1175 55 109
1176 55 106
1188 55 116
1191 55 118
1192 55 116
1194 55 129
1195 55 110
1196 55 121
1200 55 97
1203 55 116
1208 55 96
1211 55 127
1212 55 112
1214 55 132
1216 55 130
1219 55 111
1220 55 99
1221 55 100
1223 55 105
1226 55 103
1229 55 109
1235 55 93
1236 55 128
1239 55 126
1240 55 98
1242 55 112
1244 55 102
1246 55 105
1253 55 96
1258 55 84
1259 55 137
1261 55 108
1264 55 120
1269 55 111
1276 55 103
1283 55 108
1284 55 85
1285 55 104
1286 55 97
1294 55 104
1297 55 109
1299 55 93
1314 55 107
1316 55 92
1325 55 114
1326 55 95
1332 55 82
1334 55 99
1335 55 100
1341 55 88
1354 55 102
1366 55 100
1368 55 78
1369 55 87
1370 55 81
1391 55 93
1400 55 98
1403 55 79
1404 55 85
1407 55 97
1408 55 93
1410 55 95
1411 55 102
1422 55 77
1438 55 67
1442 55 91
1443 55 89
1464 55 80
1466 55 73
1472 55 90
1474 55 74
1475 55 90
1477 55 78
1478 55 72
1483 55 81
1500 55 88
1512 55 78
1523 55 79
1524 55 82
1539 55 77
1547 55 65
1559 55 50
1562 55 66
1565 55 69
1575 55 81
1582 55 57
1587 55 66
1589 55 84
1592 55 84
1598 55 60
1603 55 71
1610 55 61
1622 55 70
1639 55 63
1642 55 73
1643 55 57
1644 55 66
1645 55 71
1650 55 73
1660 55 62
1663 55 65
1666 55 71
1669 55 61
1680 55 52
1683 55 56
1686 55 66
1687 55 55
1688 55 69
1691 55 59
1709 55 55
1711 55 46
1718 55 74
1727 55 60
1732 55 57
1740 55 55
1741 55 49
1769 55 43
1774 55 48
1779 55 43
1801 55 49
1806 55 35
1807 55 43
1821 55 46
1823 55 36
1826 55 45
1829 55 45
1838 55 52
1839 55 56
1843 55 38
1846 55 55
1847 55 50
1858 55 54
1864 55 47
1867 55 39
1869 55 58
1870 55 40
1873 55 36
1876 55 57
1878 55 56
1885 55 49
1887 55 40
1891 55 47
1894 55 37
1896 55 36
1909 55 46
1917 55 33
1920 55 38
1923 55 45
1926 55 52
1928 55 46
1951 55 41
1959 55 46
1965 55 34
1977 55 48
1979 55 39
1985 55 40
2005 55 29
2008 55 36
2009 55 44
2039 55 28
2044 55 39
2046 55 29
2048 55 39
2057 55 38
2061 55 30
2066 55 31
2073 55 40
2077 55 29
2085 55 22
2097 55 37
2105 55 22
2121 55 36
2124 55 30
2126 55 30
2128 55 25
2135 55 20
2142 55 17
2148 55 23
2151 55 33
2157 55 24
2159 55 25
2165 55 32
2167 55 31
2175 55 22
2180 55 17
2182 55 23
2197 55 28
2199 55 25
2211 55 31
2217 55 19
2219 55 13
2234 55 18
2242 55 22
2244 55 25
2245 55 20
2251 55 22
2253 55 18
2258 55 30
2259 55 20
2268 55 16
2272 55 16
2275 55 18
2279 55 17
2288 55 22
2294 55 25
2310 55 21
2321 55 14
2344 55 16
2346 55 28
2348 55 16
2356 55 14
2359 55 17
2370 55 23
2374 55 15
2375 55 14
2382 55 14
2386 55 14
2388 55 11
2389 55 15
2391 55 19
2417 55 10
2436 55 10
2445 55 14
2447 55 14
2451 55 15
2466 55 15
2472 55 12
2476 55 6
2480 55 12
2486 55 12
2504 55 8
2523 55 8
2535 55 8
2542 55 14
2547 55 10
2549 55 9
2566 55 7
2584 55 5
2591 55 7
2597 55 9
2606 55 3
2607 55 12
2615 55 6
2618 55 5
2619 55 10
2628 55 7
2633 55 10
2635 55 4
2647 55 5
2652 55 6
2654 55 7
2656 55 6
2664 55 3
2674 55 6
2679 55 6
2682 55 5
2686 55 2
2704 55 7
2710 55 5
2729 55 5
2731 55 5
2736 55 2
2739 55 4
2749 55 5
2750 55 4
2752 55 3
2753 55 5
2754 55 4
2762 55 8
2777 55 4
2778 55 1
2783 55 3
2788 55 4
2790 55 3
2807 55 3
2811 55 1
2827 55 3
2829 55 4
2847 55 1
2849 55 2
2874 55 1
2875 55 2
2879 55 1
2882 55 1
2885 55 1
2889 55 3
2900 55 1
2914 55 2
2928 55 2
2944 55 2
2946 55 2
2954 55 1
2990 55 1
4 56 303
6 56 313
8 56 275
11 56 301
18 56 299
19 56 310
20 56 305
21 56 300
23 56 336
25 56 327
30 56 289
31 56 301
32 56 330
34 56 316
35 56 280
40 56 262
41 56 321
43 56 289
44 56 302
45 56 299
49 56 273
55 56 277
60 56 304
61 56 244
63 56 289
64 56 332
71 56 249
73 56 265
75 56 282
83 56 283
86 56 279
92 56 300
93 56 273
94 56 294
95 56 274
105 56 296
106 56 271
107 56 294
108 56 245
109 56 292
111 56 278
112 56 256
115 56 283
116 56 274
117 56 279
119 56 306
120 56 264
121 56 281
122 56 280
130 56 285
133 56 272
134 56 265
137 56 271
139 56 280
150 56 291
151 56 272
152 56 261
153 56 260
154 56 265
156 56 281
157 56 268
159 56 240
161 56 282
162 56 253
165 56 253
168 56 292
171 56 256
173 56 242
186 56 249
190 56 252
191 56 262
192 56 275
193 56 258
194 56 251
195 56 279
196 56 265
209 56 233
212 56 293
213 56 260
214 56 273
215 56 249
216 56 278
221 56 245
224 56 288
225 56 235
227 56 251
231 56 251
232 56 239
235 56 255
236 56 262
238 56 233
242 56 285
246 56 248
248 56 223
252 56 258
256 56 238
259 56 265
260 56 263
265 56 245
269 56 282
272 56 255
275 56 269
282 56 230
283 56 236
284 56 260
289 56 258
291 56 261
297 56 243
299 56 232
300 56 234
302 56 263
303 56 233
313 56 272
317 56 281
321 56 247
323 56 237
325 56 220
326 56 226
329 56 229
331 56 240
338 56 234
339 56 252
347 56 224
360 56 229
363 56 244
368 56 248
369 56 240
384 56 238
385 56 248
388 56 241
389 56 233
392 56 191
399 56 203
400 56 213
402 56 197
403 56 207
405 56 219
406 56 248
409 56 233
410 56 223
411 56 206
414 56 233
415 56 241
416 56 209
425 56 245
426 56 217
430 56 212
432 56 224
433 56 209
435 56 221
437 56 208
440 56 210
441 56 236
443 56 200
445 56 222
448 56 227
451 56 196
452 56 241
454 56 233
459 56 215
462 56 223
464 56 202
465 56 216
466 56 199
467 56 213
468 56 233
472 56 216
482 56 211
483 56 214
484 56 227
486 56 215
487 56 216
489 56 214
490 56 207
498 56 215
499 56 202
504 56 229
513 56 219
514 56 182
517 56 201
519 56 210
520 56 190
524 56 188
525 56 210
531 56 217
532 56 217
536 56 220
538 56 214
541 56 209
545 56 194
549 56 219
551 56 207
554 56 188
555 56 195
559 56 210
563 56 193
566 56 215
569 56 217
571 56 211
573 56 182
575 56 201
576 56 172
577 56 194
578 56 185
579 56 203
581 56 192
582 56 183
583 56 207
584 56 200
588 56 178
591 56 197
596 56 192
601 56 195
602 56 197
603 56 192
604 56 205
606 56 187
608 56 194
613 56 197
617 56 209
618 56 194
621 56 193
623 56 175
624 56 203
625 56 202
630 56 178
636 56 191
638 56 195
641 56 185
642 56 178
643 56 195
649 56 182
651 56 178
653 56 164
661 56 170
662 56 186
663 56 173
665 56 168
674 56 173
675 56 199
677 56 176
678 56 167
681 56 163
682 56 197
687 56 195
688 56 182
695 56 169
698 56 193
701 56 173
703 56 168
708 56 168
709 56 168
714 56 180
715 56 158
722 56 180
730 56 185
733 56 191
742 56 155
743 56 159
749 56 187
750 56 199
752 56 173
755 56 160
766 56 165
769 56 177
770 56 179
772 56 179
776 56 168
778 56 168
789 56 176
793 56 164
806 56 160
809 56 183
810 56 162
811 56 162
813 56 161
816 56 163
817 56 179
820 56 157
826 56 144
829 56 159
832 56 127
839 56 150
846 56 176
847 56 138
849 56 148
856 56 132
859 56 173
861 56 154
862 56 155
863 56 159
864 56 147
867 56 143
870 56 178
872 56 158
875 56 166
876 56 149
880 56 142
881 56 148
883 56 157
885 56 154
889 56 165
892 56 144
893 56 163
902 56 151
903 56 158
904 56 145
907 56 148
909 56 146
910 56 143
911 56 163
914 56 137
922 56 160
924 56 155
932 56 140
933 56 136
938 56 144
945 56 144
948 56 131
950 56 134
955 56 139
956 56 158
960 56 136
962 56 137
963 56 126
965 56 137
967 56 162
974 56 156
975 56 136
980 56 141
985 56 133
986 56 132
994 56 122
996 56 132
998 56 145
999 56 110
1003 56 141
1005 56 128
1007 56 129
1009 56 125
1012 56 139
1013 56 125
1015 56 119
1024 56 132
1029 56 123
1030 56 120
1039 56 119
1044 56 126
1045 56 112
1054 56 133
1055 56 137
1058 56 134
1059 56 134
1061 56 144
1064 56 118
1065 56 127
1067 56 125
1068 56 160
1069 56 129
1077 56 121
1079 56 107
1083 56 107
1085 56 127
1086 56 112
1091 56 131
1092 56 118
1093 56 100
1094 56 116
1100 56 104
1102 56 115
1104 56 139
1106 56 118
1113 56 142
1114 56 124
1115 56 114
1116 56 132
1121 56 121
1122 56 128
1125 56 118
1137 56 111
1148 56 121
1161 56 120
1163 56 108
1165 56 126
1173 56 123
1176 56 103
1184 56 107
1185 56 130
1186 56 105
1193 56 119
1199 56 113
1201 56 102
1202 56 90
1204 56 116
1217 56 105
1219 56 103
1220 56 94
1225 56 114
1228 56 103
1250 56 132
1251 56 90
1253 56 112
1255 56 98
1256 56 96
1258 56 88
1263 56 104
1266 56 114
1267 56 116
1270 56 107
1278 56 115
1282 56 98
1288 56 104
1292 56 96
1293 56 95
1294 56 103
1295 56 98
1299 56 100
1308 56 91
1339 56 75
1340 56 106
1345 56 96
1350 56 91
1352 56 85
1366 56 81
1381 56 99
1383 56 93
1387 56 82
1389 56 88
1393 56 82
1395 56 100
1405 56 106
1410 56 107
1412 56 87
1416 56 74
1418 56 86
1427 56 83
1435 56 75
1457 56 86
1458 56 79
1459 56 81
1462 56 85
1464 56 102
1476 56 86
1478 56 82
1479 56 94
1487 56 83
1491 56 63
1495 56 82
1496 56 85
1497 56 80
1504 56 83
1510 56 63
1521 56 84
1526 56 65
1539 56 71
1545 56 76
1550 56 76
1555 56 60
1556 56 77
1572 56 68
1584 56 76
1586 56 74
1589 56 71
1594 56 78
1595 56 74
1598 56 65
1606 56 48
1614 56 64
1622 56 61
1623 56 66
1630 56 58
1633 56 51
1649 56 52
1655 56 45
1657 56 60
1660 56 58
1662 56 60
1668 56 55
1670 56 61
1671 56 63
1675 56 59
1676 56 55
1684 56 59
1690 56 57
1699 56 60
1702 56 60
1704 56 55
1711 56 51
1716 56 66
1717 56 58
1725 56 59
1729 56 67
1739 56 55
1745 56 65
1752 56 59
1771 56 56
1778 56 52
1784 56 41
1789 56 53
1791 56 43
1796 56 35
1798 56 41
1804 56 50
1808 56 52
1820 56 52
1821 56 51
1825 56 54
1827 56 41
1835 56 50
1838 56 47
1846 56 43
1850 56 58
1859 56 47
1861 56 50
1904 56 40
1907 56 38
1917 56 46
1925 56 38
1948 56 39
1957 56 46
1962 56 49
1966 56 40
1990 56 39
1991 56 38
1992 56 38
1994 56 36
1996 56 40
2018 56 31
2024 56 30
2034 56 35
2044 56 39
2056 56 45
2065 56 33
2075 56 28
2077 56 39
2089 56 32
2093 56 32
2097 56 29
2098 56 24
2102 56 42
2109 56 24
2118 56 27
2139 56 27
2141 56 24
2143 56 27
2150 56 19
2153 56 29
2155 56 24
2158 56 21
2160 56 28
2161 56 25
2164 56 27
2173 56 27
2176 56 27
2177 56 28
2192 56 26
2205 56 23
2214 56 19
2222 56 19
2224 56 18
2225 56 32
2228 56 24
2246 56 14
2247 56 21
2248 56 17
2249 56 22
2251 56 23
2252 56 24
2279 56 20
2290 56 10
2299 56 16
2301 56 22
2334 56 15
2346 56 10
2348 56 18
2369 56 15
2373 56 9
2376 56 17
2383 56 10
2387 56 21
2395 56 15
2396 56 15
2417 56 17
2433 56 11
2437 56 9
2444 56 12
2451 56 15
2452 56 12
2478 56 11
2486 56 10
2492 56 5
2503 56 16
2508 56 8
2510 56 9
2511 56 11
2512 56 11
2514 56 10
2532 56 8
2544 56 9
2546 56 11
2548 56 13
2563 56 8
2566 56 14
2572 56 10
2594 56 7
2603 56 6
2606 56 9
2610 56 6
2617 56 10
2622 56 5
2626 56 8
2633 56 9
2640 56 3
2642 56 6
2651 56 5
2652 56 9
2676 56 5
2677 56 4
2680 56 5
2696 56 3
2705 56 4
2709 56 4
2718 56 2
2747 56 4
2754 56 3
2761 56 3
2771 56 1
2811 56 2
2822 56 3
2827 56 3
2837 56 2
2840 56 2
2841 56 4
2850 56 1
2857 56 1
2860 56 2
2868 56 5
2881 56 2
2891 56 1
2895 56 4
2913 56 1
2941 56 2
2944 56 1
2961 56 2
2977 56 1
2980 56 1
2989 56 1
0 57 293
1 57 280
3 57 312
5 57 308
7 57 310
12 57 286
16 57 289
18 57 276
19 57 290
24 57 301
27 57 273
31 57 296
32 57 304
33 57 330
35 57 259
36 57 298
37 57 287
42 57 286
45 57 251
46 57 259
48 57 280
50 57 282
52 57 330
53 57 291
55 57 288
58 57 286
60 57 313
61 57 278
64 57 274
70 57 270
71 57 318
72 57 287
75 57 273
76 57 259
82 57 280
84 57 267
86 57 281
90 57 308
91 57 285
92 57 277
93 57 282
95 57 272
97 57 263
104 57 272
108 57 262
114 57 278
115 57 280
116 57 274
117 57 288
118 57 293
119 57 265
120 57 260
122 57 257
123 57 295
125 57 292
127 57 271
128 57 274
129 57 265
132 57 305
133 57 296
134 57 283
135 57 250
139 57 255
145 57 275
146 57 253
148 57 244
149 57 274
150 57 302
153 57 272
154 57 301
155 57 253
160 57 273
163 57 295
164 57 287
167 57 258
169 57 253
170 57 298
179 57 278
181 57 274
185 57 263
186 57 253
188 57 276
194 57 256
197 57 242
203 57 250
205 57 273
208 57 268
216 57 236
217 57 232
218 57 276
221 57 244
224 57 251
226 57 246
228 57 253
230 57 267
235 57 283
238 57 254
239 57 261
241 57 241
247 57 265
252 57 241
257 57 259
263 57 253
266 57 243
267 57 257
270 57 249
273 57 259
274 57 257
276 57 244
277 57 235
280 57 227
281 57 242
282 57 238
287 57 251
292 57 242
294 57 259
296 57 276
297 57 241
298 57 242
300 57 231
301 57 253
303 57 237
307 57 235
308 57 224
312 57 241
314 57 244
316 57 256
322 57 232
327 57 247
329 57 234
331 57 224
335 57 250
336 57 233
338 57 209
339 57 264
341 57 243
342 57 229
343 57 229
344 57 242
346 57 219
347 57 245
350 57 246
355 57 240
361 57 226
364 57 230
366 57 240
368 57 241
370 57 214
371 57 255
378 57 233
380 57 218
383 57 236
387 57 233
390 57 233
391 57 221
395 57 243
396 57 220
400 57 214
402 57 252
405 57 219
406 57 223
409 57 227
410 57 222
412 57 227
414 57 253
415 57 240
416 57 195
417 57 207
420 57 217
424 57 223
428 57 233
432 57 215
434 57 185
437 57 233
440 57 227
443 57 208
446 57 214
447 57 236
453 57 227
455 57 221
459 57 217
462 57 224
465 57 195
469 57 196
472 57 226
475 57 204
477 57 210
480 57 239
483 57 241
485 57 194
490 57 187
492 57 204
493 57 187
494 57 201
505 57 202
506 57 215
507 57 199
512 57 184
513 57 215
515 57 210
520 57 230
522 57 226
523 57 208
525 57 191
529 57 222
532 57 200
533 57 190
535 57 203
542 57 204
544 57 198
547 57 211
548 57 212
554 57 208
557 57 184
558 57 183
560 57 191
561 57 203
569 57 185
572 57 199
574 57 171
576 57 209
578 57 197
583 57 195
584 57 183
588 57 212
595 57 213
600 57 193
602 57 180
606 57 188
612 57 192
618 57 202
620 57 195
622 57 191
623 57 180
624 57 184
625 57 173
629 57 187
631 57 189
639 57 184
646 57 192
653 57 188
655 57 191
659 57 179
661 57 182
662 57 168
669 57 171
671 57 188
673 57 182
675 57 170
680 57 178
689 57 182
695 57 177
696 57 183
698 57 146
701 57 179
711 57 179
715 57 190
717 57 187
719 57 174
720 57 184
725 57 179
729 57 192
732 57 163
733 57 175
741 57 182
742 57 158
744 57 183
746 57 178
751 57 169
754 57 180
756 57 161
757 57 166
761 57 162
767 57 153
772 57 172
774 57 165
779 57 168
781 57 166
783 57 164
789 57 170
790 57 161
791 57 157
793 57 174
794 57 176
798 57 159
799 57 187
803 57 179
809 57 154
815 57 139
818 57 187
821 57 163
824 57 161
827 57 151
828 57 143
829 57 152
833 57 177
837 57 168
841 57 154
848 57 171
851 57 160
854 57 147
855 57 144
856 57 161
859 57 169
861 57 150
866 57 169
868 57 171
872 57 145
875 57 153
877 57 147
882 57 148
889 57 131
896 57 140
897 57 159
901 57 150
904 57 158
906 57 173
907 57 155
909 57 143
911 57 131
912 57 141
915 57 156
916 57 156
920 57 157
937 57 137
941 57 144
945 57 143
946 57 123
947 57 144
951 57 135
955 57 134
958 57 128
960 57 145
972 57 129
973 57 124
991 57 130
992 57 123
994 57 148
996 57 135
1002 57 125
1003 57 142
1021 57 132
1023 57 140
1039 57 137
1041 57 138
1045 57 133
1051 57 126
1052 57 127
1058 57 116
1061 57 142
1062 57 128
1069 57 122
1072 57 102
1075 57 143
1077 57 134
1089 57 139
1090 57 125
1096 57 121
1097 57 118
1101 57 127
1102 57 115
1107 57 123
1110 57 126
1112 57 135
1116 57 128
1120 57 138
1122 57 125
1136 57 109
1139 57 110
1140 57 103
1141 57 112
1143 57 127
1156 57 122
1161 57 102
1163 57 103
1164 57 107
1165 57 96
1168 57 103
1173 57 103
1177 57 122
1179 57 97
1182 57 105
1184 57 113
1185 57 112
1191 57 111
1194 57 103
1196 57 106
1198 57 111
1199 57 101
1203 57 97
1210 57 123
1242 57 113
1259 57 102
1263 57 110
1265 57 98
1270 57 113
1273 57 101
1286 57 97
1287 57 102
1300 57 111
1302 57 102
1304 57 98
1314 57 90
1315 57 102
1319 57 102
1320 57 88
1321 57 91
1324 57 93
1328 57 68
1330 57 90
1346 57 82
1353 57 90
1357 57 99
1360 57 95
1365 57 79
1367 57 94
1369 57 98
1372 57 81
1384 57 92
1389 57 78
1394 57 92
1401 57 82
1402 57 82
1403 57 79
1410 57 105
1416 57 85
1427 57 96
1430 57 82
1433 57 84
1436 57 80
1439 57 86
1455 57 78
1478 57 85
1483 57 78
1487 57 91
1493 57 80
1494 57 71
1495 57 90
1497 57 75
1498 57 78
1503 57 87
1505 57 78
1507 57 76
1511 57 73
1513 57 68
1522 57 59
1523 57 92
1527 57 75
1531 57 71
1535 57 84
1537 57 80
1540 57 67
1561 57 63
1564 57 68
1566 57 69
1567 57 82
1574 57 85
1598 57 69
1602 57 68
1610 57 76
1611 57 71
1618 57 62
1622 57 50
1626 57 74
1627 57 63
1630 57 68
1632 57 72
1640 57 67
1643 57 61
1644 57 58
1645 57 57
1651 57 57
1655 57 52
1658 57 50
1659 57 66
1660 57 58
1670 57 60
1671 57 61
1683 57 62
1691 57 60
1693 57 60
1699 57 59
1700 57 71
1709 57 61
1723 57 65
1727 57 47
1730 57 51
1732 57 59
1733 57 53
1772 57 64
1775 57 50
1782 57 53
1793 57 48
1795 57 44
1800 57 41
1804 57 40
1805 57 47
1820 57 42
1826 57 46
1834 57 45
1837 57 52
1838 57 41
1854 57 52
1858 57 47
1859 57 40
1865 57 48
1868 57 44
1883 57 34
1892 57 49
1894 57 32
1895 57 46
1897 57 45
1900 57 36
1910 57 59
1914 57 45
1926 57 41
1931 57 41
1934 57 38
1941 57 43
1942 57 41
1947 57 40
1950 57 37
1957 57 41
1963 57 48
1966 57 32
1983 57 30
2004 57 41
2006 57 38
2015 57 45
2019 57 35
2020 57 34
2030 57 31
2034 57 38
2038 57 25
2041 57 30
2047 57 40
2048 57 27
2051 57 34
2059 57 33
2061 57 38
2062 57 30
2079 57 23
2086 57 24
2088 57 30
2091 57 30
2097 57 30
2104 57 18
2105 57 30
2108 57 32
2110 57 32
2113 57 24
2126 57 37
2127 57 30
2129 57 24
2147 57 29
2171 57 31
2174 57 21
2199 57 24
2203 57 26
2227 57 15
2233 57 28
2235 57 20
2244 57 24
2249 57 18
2250 57 27
2257 57 20
2259 57 28
2275 57 14
2276 57 23
2303 57 16
2304 57 22
2320 57 22
2324 57 15
2343 57 14
2370 57 18
2375 57 15
2385 57 16
2392 57 25
2398 57 15
2400 57 13
2413 57 11
2415 57 12
2419 57 9
2425 57 16
2455 57 12
2484 57 13
2486 57 6
2488 57 12
2498 57 11
2500 57 10
2518 57 13
2537 57 12
2557 57 5
2559 57 14
2580 57 4
2583 57 7
2584 57 5
2593 57 10
2620 57 7
2640 57 9
2641 57 4
2648 57 7
2658 57 2
2671 57 4
2675 57 4
2701 57 4
2727 57 5
2731 57 4
2742 57 2
2760 57 3
2766 57 4
2768 57 4
2769 57 3
2777 57 4
2782 57 2
2806 57 3
2808 57 2
2821 57 2
2822 57 2
2829 57 2
2840 57 2
2845 57 1
2893 57 1
2908 57 1
2930 57 1
2933 57 2
2952 57 2
2960 57 1
2971 57 1
2989 57 1
2992 57 1
2999 57 1
1 58 294
3 58 302
5 58 312
6 58 285
8 58 298
9 58 287
10 58 295
15 58 303
16 58 299
19 58 322
22 58 310
23 58 286
25 58 310
27 58 327
31 58 290
32 58 285
37 58 276
40 58 261
41 58 300
42 58 276
43 58 278
46 58 283
47 58 334
48 58 291
49 58 275
50 58 271
52 58 311
53 58 322
54 58 301
56 58 289
58 58 304
59 58 266
60 58 285
61 58 289
62 58 290
63 58 278
70 58 296
71 58 296
72 58 302
73 58 302
74 58 253
75 58 266
83 58 321
87 58 285
88 58 306
89 58 302
90 58 290
94 58 320
95 58 279
96 58 294
99 58 269
100 58 277
108 58 292
110 58 269
117 58 274
118 58 291
119 58 280
121 58 287
122 58 271
123 58 261
126 58 298
127 58 277
128 58 286
129 58 278
130 58 274
131 58 274
132 58 266
133 58 269
136 58 289
138 58 243
140 58 283
141 58 295
142 58 280
143 58 261
145 58 281
146 58 305
149 58 251
150 58 262
151 58 293
152 58 269
157 58 278
158 58 272
159 58 292
160 58 277
169 58 268
172 58 278
173 58 251
175 58 286
177 58 280
181 58 277
185 58 280
186 58 244
187 58 250
189 58 292
193 58 278
196 58 284
198 58 269
199 58 239
200 58 239
201 58 278
203 58 284
204 58 255
206 58 284
207 58 257
209 58 244
214 58 253
215 58 241
216 58 269
222 58 252
223 58 239
226 58 247
232 58 257
236 58 264
242 58 255
245 58 245
247 58 251
248 58 233
249 58 248
254 58 244
255 58 276
262 58 258
263 58 242
265 58 251
267 58 253
273 58 264
275 58 229
276 58 264
278 58 253
281 58 233
282 58 264
283 58 239
284 58 246
285 58 265
287 58 247
289 58 225
290 58 244
292 58 252
293 58 254
295 58 265
296 58 250
297 58 244
300 58 234
301 58 239
303 58 282
305 58 232
307 58 277
309 58 239
312 58 233
315 58 228
317 58 240
319 58 255
322 58 237
326 58 242
329 58 209
330 58 239
331 58 241
334 58 252
335 58 235
342 58 231
345 58 242
347 58 212
349 58 245
351 58 237
353 58 219
357 58 274
360 58 246
365 58 215
366 58 247
367 58 233
368 58 224
369 58 226
371 58 235
378 58 237
381 58 218
382 58 222
386 58 230
387 58 215
389 58 197
391 58 216
395 58 223
402 58 241
406 58 231
414 58 219
415 58 225
416 58 231
418 58 221
419 58 258
424 58 221
430 58 233
434 58 214
440 58 215
442 58 217
449 58 196
455 58 206
459 58 223
461 58 207
463 58 231
470 58 222
471 58 192
473 58 243
474 58 212
476 58 214
477 58 211
478 58 200
484 58 200
486 58 211
492 58 210
494 58 216
495 58 185
499 58 188
500 58 187
501 58 196
505 58 247
506 58 179
509 58 217
511 58 203
513 58 188
518 58 209
525 58 211
526 58 199
527 58 197
528 58 229
530 58 201
536 58 192
539 58 208
544 58 212
545 58 170
547 58 175
554 58 190
557 58 199
558 58 218
559 58 202
563 58 199
564 58 215
570 58 192
571 58 169
572 58 205
573 58 207
574 58 202
579 58 198
580 58 202
581 58 201
582 58 210
583 58 181
586 58 185
596 58 193
597 58 176
598 58 203
600 58 177
601 58 217
605 58 178
608 58 181
610 58 182
611 58 184
612 58 169
613 58 204
620 58 207
625 58 179
627 58 173
628 58 202
643 58 203
646 58 167
652 58 197
653 58 186
654 58 191
655 58 210
662 58 183
663 58 178
664 58 183
667 58 195
678 58 168
679 58 175
681 58 152
683 58 166
692 58 191
695 58 194
696 58 192
698 58 174
705 58 174
713 58 161
715 58 196
718 58 183
727 58 186
730 58 204
737 58 171
739 58 165
746 58 185
749 58 167
759 58 175
764 58 159
767 58 167
775 58 172
777 58 195
779 58 203
784 58 167
787 58 170
788 58 159
795 58 153
796 58 173
797 58 170
804 58 176
809 58 172
811 58 165
812 58 168
818 58 194
819 58 143
821 58 156
824 58 182
825 58 152
827 58 144
830 58 120
831 58 155
833 58 147
835 58 160
836 58 172
837 58 158
841 58 133
842 58 155
843 58 161
846 58 149
852 58 161
856 58 167
858 58 162
859 58 159
860 58 156
864 58 158
870 58 179
871 58 144
878 58 168
884 58 135
885 58 151
887 58 123
889 58 155
904 58 155
909 58 155
919 58 135
924 58 144
925 58 132
927 58 143
930 58 154
932 58 159
943 58 158
946 58 144
948 58 152
951 58 167
958 58 138
959 58 140
962 58 156
968 58 127
971 58 129
978 58 141
984 58 135
997 58 159
1001 58 124
1007 58 163
1013 58 135
1017 58 137
1032 58 124
1047 58 116
1055 58 125
1056 58 134
1078 58 131
1082 58 121
1087 58 132
1095 58 122
1101 58 138
1102 58 125
1103 58 125
1104 58 104
1109 58 112
1112 58 126
1113 58 117
1119 58 127
1132 58 123
1137 58 110
1139 58 141
1142 58 104
1149 58 119
1154 58 140
1155 58 89
1162 58 108
1170 58 117
1175 58 115
1178 58 110
1181 58 117
1183 58 118
1189 58 119
1190 58 112
1192 58 107
1193 58 108
1198 58 128
1203 58 110
1205 58 107
1208 58 127
1210 58 112
1212 58 118
1215 58 103
1219 58 111
1229 58 108
1236 58 103
1237 58 113
1248 58 93
1253 58 111
1257 58 88
1259 58 118
1260 58 96
1262 58 98
1264 58 98
1265 58 106
1271 58 95
1272 58 107
1277 58 109
1279 58 97
1281 58 117
1284 58 98
1288 58 114
1290 58 126
1299 58 95
1311 58 112
1318 58 99
1319 58 76
1322 58 119
1323 58 95
1324 58 89
1329 58 87
1330 58 100
1334 58 99
1338 58 73
1343 58 96
1349 58 88
1354 58 100
1360 58 86
1361 58 93
1371 58 98
1374 58 94
1386 58 88
1393 58 92
1407 58 76
1408 58 89
1428 58 88
1450 58 90
1462 58 83
1467 58 80
1470 58 66
1472 58 67
1476 58 79
1482 58 79
1492 58 77
1495 58 88
1496 58 78
1497 58 83
1500 58 83
1512 58 83
1513 58 86
1529 58 78
1537 58 64
1539 58 58
1541 58 77
1542 58 68
1545 58 81
1553 58 65
1558 58 73
1564 58 67
1575 58 71
1588 58 50
1590 58 71
1594 58 81
1598 58 67
1603 58 81
1606 58 65
1607 58 72
1608 58 71
1612 58 72
1631 58 61
1635 58 77
1644 58 66
1652 58 70
1654 58 52
1655 58 65
1657 58 60
1659 58 60
1663 58 60
1667 58 60
1670 58 52
1672 58 62
1677 58 50
1680 58 60
1684 58 63
1686 58 63
1688 58 53
1691 58 69
1701 58 61
1711 58 67
1716 58 62
1717 58 53
1719 58 59
1720 58 51
1724 58 49
1736 58 55
1745 58 46
1748 58 48
1749 58 48
1758 58 67
1765 58 61
1767 58 51
1775 58 49
1776 58 58
1782 58 51
1805 58 41
1806 58 50
1821 58 42
1829 58 47
1833 58 53
1838 58 44
1840 58 44
1845 58 41
1850 58 48
1859 58 50
1865 58 60
1873 58 40
1877 58 35
1886 58 43
1897 58 37
1900 58 47
1904 58 39
1909 58 39
1919 58 47
1933 58 30
1937 58 42
1941 58 43
1953 58 35
1968 58 31
1975 58 36
1982 58 31
1990 58 34
1995 58 26
2002 58 31
2005 58 25
2040 58 45
2043 58 33
2059 58 39
2060 58 23
2077 58 38
2080 58 29
2093 58 29
2101 58 35
2109 58 22
2110 58 25
2111 58 28
2114 58 31
2117 58 28
2124 58 33
2128 58 23
2129 58 30
2134 58 39
2135 58 23
2138 58 39
2141 58 28
2147 58 28
2148 58 25
2149 58 29
2169 58 20
2178 58 37
2180 58 19
2187 58 21
2188 58 22
2190 58 19
2202 58 21
2205 58 21
2210 58 19
2214 58 11
2225 58 27
2226 58 24
2231 58 21
2249 58 18
2251 58 13
2254 58 20
2258 58 20
2273 58 20
2281 58 22
2295 58 26
2307 58 13
2314 58 19
2317 58 19
2318 58 25
2320 58 14
2324 58 13
2334 58 16
2356 58 21
2361 58 20
2364 58 9
2365 58 10
2366 58 11
2390 58 10
2431 58 9
2437 58 18
2446 58 9
2457 58 13
2461 58 9
2463 58 11
2467 58 9
2469 58 18
2470 58 11
2474 58 7
2478 58 16
2479 58 6
2484 58 13
2485 58 11
2491 58 13
2493 58 6
2494 58 8
2495 58 12
2503 58 11
2506 58 8
2531 58 7
2549 58 9
2551 58 16
2571 58 6
2578 58 8
2588 58 10
2603 58 5
2615 58 5
2618 58 11
2634 58 9
2644 58 4
2647 58 9
2648 58 11
2670 58 2
2679 58 5
2698 58 9
2700 58 5
2706 58 3
2707 58 7
2710 58 7
2714 58 5
2736 58 3
2742 58 4
2752 58 3
2761 58 1
2767 58 5
2775 58 1
2781 58 2
2783 58 2
2789 58 2
2790 58 4
2800 58 4
2809 58 4
2825 58 2
2871 58 2
2882 58 2
2889 58 2
2895 58 2
2909 58 1
2912 58 1
2920 58 2
2929 58 1
2940 58 1
2949 58 2
2971 58 1
2976 58 2
2982 58 1
0 59 335
2 59 296
3 59 306
4 59 292
10 59 304
15 59 303
16 59 244
17 59 300
20 59 325
23 59 290
24 59 300
25 59 306
28 59 287
29 59 285
31 59 303
34 59 322
36 59 300
37 59 309
38 59 308
42 59 278
46 59 283
47 59 289
48 59 277
52 59 274
53 59 327
54 59 293
55 59 271
56 59 290
57 59 290
59 59 295
61 59 314
63 59 299
65 59 290
68 59 279
71 59 301
72 59 259
73 59 282
74 59 273
77 59 275
78 59 270
83 59 270
84 59 303
85 59 259
89 59 294
92 59 270
93 59 256
94 59 311
97 59 278
99 59 296
106 59 265
107 59 283
109 59 273
110 59 266
111 59 264
112 59 276
113 59 291
114 59 270
115 59 267
119 59 254
122 59 268
123 59 258
125 59 282
126 59 273
128 59 313
133 59 272
135 59 255
137 59 265
141 59 267
144 59 303
145 59 290
149 59 295
152 59 249
159 59 252
161 59 294
162 59 262
163 59 270
165 59 280
167 59 273
169 59 251
170 59 292
177 59 250
181 59 243
185 59 242
187 59 253
189 59 256
192 59 252
194 59 267
196 59 263
202 59 262
203 59 297
207 59 258
210 59 293
214 59 260
215 59 236
216 59 247
217 59 267
220 59 262
222 59 277
223 59 275
225 59 279
227 59 219
229 59 255
231 59 252
232 59 269
233 59 262
234 59 261
238 59 237
241 59 244
243 59 280
244 59 277
245 59 257
246 59 263
247 59 266
249 59 292
251 59 270
253 59 247
258 59 246
260 59 245
261 59 260
262 59 258
265 59 258
272 59 226
275 59 268
276 59 212
277 59 253
278 59 252
279 59 248
282 59 266
285 59 256
286 59 239
288 59 260
289 59 260
290 59 241
295 59 257
299 59 224
305 59 261
306 59 259
309 59 235
316 59 238
317 59 235
318 59 252
319 59 266
320 59 221
322 59 249
326 59 231
327 59 259
329 59 237
332 59 241
333 59 248
335 59 245
336 59 243
341 59 200
344 59 232
345 59 224
349 59 252
351 59 265
352 59 224
354 59 270
355 59 220
359 59 257
360 59 213
361 59 273
362 59 243
363 59 233
364 59 231
369 59 218
370 59 224
374 59 240
376 59 226
377 59 230
379 59 242
380 59 233
384 59 239
388 59 230
390 59 199
396 59 253
397 59 228
398 59 214
399 59 210
403 59 241
404 59 227
413 59 233
415 59 235
417 59 232
422 59 210
427 59 241
428 59 211
432 59 200
436 59 248
443 59 212
444 59 213
446 59 224
447 59 201
450 59 212
455 59 227
456 59 253
458 59 230
460 59 229
463 59 224
469 59 217
473 59 188
478 59 189
480 59 246
481 59 241
485 59 202
488 59 200
490 59 230
493 59 245
495 59 220
501 59 204
508 59 225
509 59 213
511 59 214
513 59 193
515 59 175
518 59 194
519 59 218
521 59 185
529 59 184
532 59 203
533 59 201
536 59 188
539 59 204
540 59 195
544 59 194
546 59 180
549 59 189
550 59 206
566 59 184
575 59 181
576 59 170
580 59 198
582 59 234
585 59 180
590 59 191
591 59 211
592 59 181
596 59 213
602 59 197
604 59 224
605 59 185
606 59 180
607 59 200
610 59 197
611 59 193
618 59 172
623 59 208
625 59 191
626 59 185
627 59 173
633 59 202
636 59 170
637 59 183
638 59 186
639 59 177
643 59 204
644 59 200
647 59 197
649 59 197
650 59 193
652 59 185
655 59 184
660 59 180
661 59 198
670 59 183
671 59 184
675 59 198
680 59 189
681 59 192
686 59 187
689 59 152
692 59 177
693 59 195
694 59 189
696 59 180
697 59 187
698 59 158
702 59 196
711 59 173
716 59 177
720 59 170
722 59 171
727 59 145
728 59 160
732 59 179
733 59 168
737 59 175
738 59 164
739 59 171
743 59 144
746 59 165
747 59 164
748 59 180
758 59 153
760 59 161
761 59 167
766 59 174
769 59 152
770 59 162
776 59 169
778 59 154
786 59 174
788 59 164
791 59 157
794 59 165
804 59 160
809 59 177
812 59 141
813 59 167
816 59 151
821 59 152
822 59 151
828 59 160
834 59 164
838 59 150
841 59 156
853 59 155
854 59 171
856 59 142
861 59 164
863 59 141
869 59 156
871 59 149
877 59 146
880 59 166
888 59 148
895 59 159
905 59 145
907 59 140
916 59 141
918 59 140
919 59 155
923 59 152
932 59 142
933 59 159
935 59 149
940 59 153
947 59 139
950 59 148
957 59 143
961 59 128
963 59 142
964 59 141
965 59 155
967 59 146
973 59 121
976 59 148
982 59 132
985 59 144
989 59 144
996 59 128
997 59 143
998 59 128
1000 59 152
1001 59 134
1009 59 134
1012 59 135
1013 59 134
1017 59 148
1021 59 126
1022 59 133
1023 59 129
1025 59 153
1027 59 143
1030 59 135
1033 59 124
1035 59 127
1044 59 135
1046 59 123
1049 59 131
1061 59 119
1062 59 136
1063 59 133
1072 59 120
1073 59 132
1079 59 114
1082 59 127
1090 59 114
1094 59 136
1101 59 134
1105 59 118
1112 59 106
1113 59 122
1119 59 117
1128 59 112
1129 59 104
1133 59 130
1136 59 114
1137 59 112
1144 59 113
1145 59 117
1158 59 139
1160 59 80
1163 59 126
1166 59 110
1168 59 112
1174 59 99
1175 59 108
1180 59 85
1183 59 117
1185 59 110
1188 59 110
1218 59 129
1219 59 116
1224 59 119
1227 59 112
1229 59 105
1233 59 102
1236 59 114
1249 59 125
1257 59 111
1258 59 94
1268 59 108
1273 59 104
1275 59 101
1280 59 94
1284 59 94
1288 59 97
1298 59 98
1302 59 90
1304 59 95
1305 59 90
1314 59 111
1315 59 86
1320 59 117
1322 59 100
1326 59 103
1327 59 95
1329 59 93
1330 59 92
1333 59 94
1334 59 82
1335 59 85
1337 59 97
1340 59 76
1342 59 103
1345 59 85
1362 59 81
1363 59 99
1364 59 86
1366 59 99
1368 59 98
1373 59 83
1378 59 101
1379 59 94
1382 59 78
1390 59 81
1394 59 76
1409 59 93
1413 59 98
1417 59 81
1423 59 70
1425 59 83
1429 59 88
1438 59 70
1443 59 89
1450 59 86
1452 59 73
1458 59 89
1461 59 90
1474 59 71
1476 59 76
1484 59 70
1493 59 77
1505 59 81
1507 59 73
1525 59 86
1526 59 65
1527 59 78
1529 59 79
1531 59 77
1538 59 79
1545 59 74
1553 59 90
1556 59 84
1559 59 76
1568 59 73
1569 59 74
1572 59 65
1574 59 65
1582 59 63
1586 59 84
1588 59 55
1595 59 60
1596 59 79
1607 59 73
1613 59 85
1616 59 68
1618 59 75
1619 59 67
1621 59 72
1629 59 73
1642 59 68
1643 59 66
1648 59 59
1653 59 74
1654 59 58
1662 59 64
1665 59 48
1666 59 58
1670 59 61
1686 59 55
1690 59 67
1693 59 61
1705 59 52
1709 59 57
1714 59 52
1723 59 58
1725 59 58
1726 59 62
1728 59 48
1748 59 51
1752 59 57
1754 59 55
1762 59 42
1786 59 60
1791 59 54
1800 59 45
1805 59 38
1810 59 47
1815 59 38
1830 59 40
1835 59 39
1837 59 60
1838 59 55
1854 59 38
1861 59 44
1863 59 55
1894 59 48
1895 59 38
1897 59 38
1923 59 35
1927 59 32
1933 59 41
1934 59 46
1938 59 30
1939 59 34
1951 59 45
1962 59 36
1965 59 36
1968 59 24
1974 59 34
1983 59 42
1988 59 49
1994 59 34
1995 59 34
1996 59 35
2003 59 32
2008 59 33
2012 59 28
2027 59 33
2040 59 36
2054 59 32
2072 59 25
2076 59 32
2077 59 37
2096 59 34
2099 59 32
2101 59 29
2110 59 30
2119 59 26
2130 59 27
2135 59 25
2151 59 21
2152 59 30
2165 59 16
2173 59 19
2185 59 28
2195 59 18
2196 59 20
2198 59 18
2205 59 20
2211 59 25
2221 59 14
2222 59 29
2230 59 22
2231 59 22
2238 59 19
2241 59 23
2242 59 20
2249 59 23
2250 59 17
2262 59 23
2270 59 21
2271 59 21
2280 59 15
2287 59 19
2292 59 29
2298 59 17
2300 59 24
2303 59 26
2307 59 21
2311 59 16
2312 59 14
2320 59 13
2336 59 17
2343 59 24
2354 59 12
2358 59 15
2359 59 9
2360 59 13
2361 59 16
2362 59 15
2377 59 18
2381 59 19
2399 59 11
2410 59 14
2411 59 14
2422 59 17
2426 59 9
2432 59 9
2437 59 13
2438 59 7
2439 59 15
2440 59 8
2451 59 8
2461 59 8
2465 59 14
2481 59 13
2483 59 10
2521 59 10
2528 59 5
2565 59 7
2576 59 5
2584 59 11
2588 59 9
2594 59 5
2604 59 6
2606 59 2
2619 59 7
2623 59 9
2639 59 4
2643 59 4
2661 59 4
2670 59 3
2676 59 6
2681 59 5
2686 59 7
2691 59 2
2692 59 5
2702 59 3
2709 59 3
2716 59 6
2736 59 3
2740 59 3
2742 59 1
2753 59 5
2772 59 2
2790 59 2
2793 59 3
2796 59 4
2797 59 1
2804 59 3
2807 59 4
2811 59 2
2814 59 1
2825 59 3
2826 59 1
2839 59 4
2849 59 1
2851 59 3
2853 59 2
2866 59 1
2899 59 1
2910 59 1
2931 59 1
2934 59 2
2942 59 1
2956 59 2
2962 59 3
2968 59 1
2977 59 1
2994 59 1
1 60 311
2 60 307
3 60 265
7 60 298
8 60 320
12 60 298
14 60 283
15 60 289
17 60 299
18 60 306
19 60 308
22 60 311
26 60 318
28 60 285
30 60 303
31 60 253
32 60 313
33 60 283
34 60 274
36 60 289
39 60 321
42 60 303
43 60 278
45 60 282
46 60 270
47 60 281
55 60 285
56 60 325
58 60 311
59 60 298
63 60 297
64 60 283
70 60 296
74 60 279
77 60 288
82 60 263
83 60 310
84 60 277
86 60 292
87 60 251
92 60 279
93 60 272
95 60 279
99 60 291
100 60 262
103 60 276
104 60 295
106 60 274
107 60 286
117 60 269
120 60 265
121 60 289
123 60 237
124 60 266
125 60 291
126 60 286
129 60 283
130 60 265
131 60 261
132 60 265
134 60 268
135 60 274
136 60 228
137 60 273
138 60 284
139 60 276
140 60 274
142 60 253
143 60 276
144 60 300
146 60 272
149 60 301
150 60 287
154 60 275
155 60 281
156 60 304
157 60 282
159 60 272
160 60 253
161 60 263
163 60 248
168 60 287
171 60 269
173 60 267
175 60 256
176 60 264
177 60 268
185 60 266
193 60 285
198 60 276
208 60 267
209 60 251
211 60 256
213 60 250
215 60 260
218 60 243
220 60 249
223 60 271
228 60 237
229 60 251
235 60 251
240 60 276
242 60 287
243 60 265
245 60 245
246 60 268
247 60 266
249 60 280
258 60 261
266 60 232
267 60 236
268 60 244
269 60 257
270 60 220
272 60 236
274 60 245
275 60 217
277 60 245
278 60 258
283 60 242
285 60 253
287 60 246
288 60 269
298 60 269
299 60 251
300 60 257
301 60 258
304 60 224
305 60 234
308 60 217
309 60 230
310 60 261
311 60 237
315 60 240
317 60 235
320 60 249
321 60 243
323 60 243
328 60 279
330 60 260
332 60 249
333 60 244
335 60 237
336 60 266
338 60 247
342 60 237
344 60 215
346 60 231
347 60 232
348 60 243
350 60 236
351 60 236
352 60 242
355 60 199
358 60 265
359 60 261
360 60 210
361 60 231
365 60 236
368 60 239
372 60 240
374 60 237
375 60 249
377 60 226
379 60 243
381 60 256
388 60 225
390 60 243
391 60 201
393 60 245
394 60 251
400 60 210
403 60 233
406 60 223
407 60 219
411 60 243
412 60 229
417 60 232
421 60 229
423 60 213
424 60 240
433 60 215
435 60 209
439 60 230
445 60 218
447 60 213
449 60 234
450 60 233
453 60 212
454 60 203
458 60 225
459 60 211
465 60 228
469 60 232
471 60 192
472 60 209
475 60 217
476 60 213
477 60 209
478 60 232
479 60 219
480 60 223
492 60 202
496 60 223
498 60 186
499 60 220
501 60 223
504 60 207
505 60 230
506 60 183
508 60 196
509 60 183
512 60 202
515 60 192
516 60 187
517 60 198
520 60 185
521 60 219
522 60 216
523 60 192
527 60 245
533 60 206
536 60 200
539 60 237
547 60 228
550 60 193
551 60 210
552 60 205
553 60 195
558 60 211
560 60 207
566 60 204
571 60 197
575 60 179
577 60 208
578 60 194
579 60 201
580 60 184
584 60 189
587 60 212
590 60 195
591 60 192
592 60 195
593 60 203
595 60 210
599 60 204
602 60 194
603 60 188
605 60 201
611 60 193
616 60 191
620 60 197
621 60 229
622 60 180
623 60 185
625 60 188
630 60 198
633 60 189
635 60 207
637 60 200
638 60 183
646 60 204
648 60 178
651 60 191
653 60 167
658 60 193
661 60 186
662 60 179
670 60 193
672 60 169
674 60 171
676 60 178
677 60 185
680 60 190
681 60 173
687 60 195
689 60 157
690 60 205
691 60 184
699 60 169
701 60 182
703 60 150
705 60 189
714 60 162
717 60 191
719 60 161
722 60 186
731 60 156
732 60 167
734 60 148
736 60 164
738 60 166
740 60 185
741 60 183
743 60 171
744 60 173
753 60 173
763 60 175
768 60 186
771 60 171
775 60 182
779 60 169
784 60 148
790 60 146
795 60 173
796 60 172
797 60 172
803 60 188
809 60 162
816 60 178
825 60 147
830 60 172
832 60 167
834 60 149
835 60 167
839 60 149
843 60 144
846 60 158
849 60 155
855 60 166
856 60 150
862 60 171
863 60 152
864 60 152
866 60 131
870 60 144
872 60 155
874 60 134
875 60 162
881 60 148
883 60 179
884 60 154
890 60 136
891 60 171
892 60 139
901 60 156
904 60 140
909 60 149
911 60 159
912 60 138
918 60 135
921 60 135
922 60 162
927 60 139
935 60 136
936 60 133
937 60 148
946 60 153
947 60 151
949 60 142
953 60 139
959 60 150
967 60 146
969 60 125
975 60 134
976 60 150
985 60 149
992 60 148
1002 60 130
1008 60 130
1011 60 131
1015 60 146
1016 60 142
1018 60 115
1025 60 125
1027 60 142
1033 60 153
1039 60 119
1048 60 130
1051 60 130
1054 60 126
1065 60 123
1069 60 147
1074 60 113
1077 60 114
1082 60 121
1087 60 135
1089 60 118
1092 60 124
1093 60 122
1094 60 119
1096 60 133
1101 60 127
1102 60 128
1104 60 107
1105 60 143
1107 60 123
1109 60 136
1110 60 139
1113 60 110
1121 60 111
1129 60 119
1133 60 118
1138 60 121
1140 60 111
1142 60 131
1151 60 110
1152 60 122
1153 60 111
1158 60 127
1159 60 102
1161 60 105
1164 60 112
1167 60 115
1168 60 120
1175 60 123
1179 60 111
1181 60 107
1183 60 112
1185 60 104
1189 60 102
1194 60 105
1196 60 125
1208 60 113
1218 60 100
1220 60 111
1224 60 98
1227 60 106
1229 60 91
1230 60 97
1235 60 95
1237 60 95
1238 60 88
1248 60 95
1249 60 107
1256 60 131
1259 60 111
1261 60 109
1265 60 109
1268 60 97
1269 60 112
1271 60 100
1272 60 88
1276 60 89
1281 60 92
1285 60 93
1287 60 88
1288 60 107
1293 60 72
1294 60 114
1300 60 92
1302 60 86
1305 60 98
1306 60 106
1319 60 96
1320 60 66
1323 60 98
1326 60 89
1327 60 97
1333 60 75
1340 60 96
1345 60 92
1350 60 97
1358 60 85
1360 60 98
1370 60 93
1378 60 86
1381 60 97
1385 60 99
1386 60 92
1388 60 99
1390 60 84
1398 60 88
1401 60 98
1411 60 97
1412 60 88
1415 60 86
1420 60 102
1427 60 102
1431 60 81
1437 60 85
1438 60 78
1447 60 75
1450 60 87
1451 60 82
1455 60 66
1456 60 96
1462 60 79
1468 60 81
1473 60 90
1475 60 84
1477 60 81
1480 60 69
1492 60 69
1493 60 72
1505 60 87
1513 60 62
1514 60 66
1515 60 88
1523 60 62
1529 60 81
1533 60 76
1538 60 63
1542 60 65
1548 60 76
1549 60 66
1569 60 54
1574 60 67
1576 60 55
1581 60 75
1583 60 70
1586 60 64
1591 60 75
1593 60 67
1603 60 67
1610 60 55
1612 60 63
1624 60 84
1635 60 66
1636 60 62
1644 60 64
1645 60 64
1648 60 47
1650 60 72
1661 60 48
1671 60 52
1675 60 59
1676 60 59
1684 60 69
1698 60 56
1711 60 45
1714 60 53
1722 60 57
1724 60 54
1736 60 52
1737 60 55
1741 60 58
1745 60 53
1765 60 44
1768 60 52
1772 60 51
1790 60 48
1794 60 43
1798 60 38
1813 60 44
1816 60 39
1817 60 51
1818 60 44
1819 60 53
1831 60 53
1837 60 40
1840 60 50
1846 60 50
1847 60 31
1850 60 57
1861 60 49
1865 60 38
1874 60 47
1879 60 37
1883 60 33
1886 60 49
1889 60 38
1894 60 42
1895 60 54
1921 60 45
1923 60 47
1924 60 32
1926 60 29
1932 60 43
1944 60 38
1946 60 42
1948 60 37
1949 60 29
1955 60 36
1958 60 36
1964 60 38
1977 60 44
1979 60 25
1983 60 46
1986 60 41
2001 60 24
2008 60 49
2009 60 42
2017 60 39
2020 60 35
2021 60 29
2023 60 36
2024 60 38
2037 60 24
2041 60 38
2056 60 29
2075 60 25
2080 60 37
2083 60 34
2089 60 32
2092 60 33
2095 60 30
2112 60 24
2117 60 31
2120 60 23
2125 60 29
2128 60 30
2140 60 30
2146 60 26
2148 60 26
2163 60 27
2164 60 28
2172 60 25
2177 60 17
2184 60 24
2193 60 12
2200 60 28
2205 60 22
2215 60 20
2217 60 23
2233 60 20
2238 60 26
2243 60 23
2249 60 20
2250 60 16
2253 60 25
2259 60 19
2273 60 18
2289 60 16
2293 60 21
2295 60 20
2302 60 25
2309 60 19
2310 60 19
2318 60 16
2323 60 12
2333 60 12
2335 60 19
2337 60 18
2351 60 19
2357 60 19
2369 60 17
2375 60 16
2379 60 24
2380 60 13
2387 60 11
2394 60 11
2400 60 11
2408 60 14
2410 60 12
2413 60 12
2419 60 19
2421 60 18
2423 60 9
2439 60 14
2461 60 7
2464 60 8
2472 60 11
2479 60 13
2483 60 8
2486 60 13
2491 60 15
2493 60 11
2525 60 7
2528 60 11
2531 60 4
2537 60 13
2551 60 9
2555 60 7
2559 60 6
2566 60 5
2568 60 8
2569 60 7
2577 60 10
2580 60 6
2583 60 7
2584 60 6
2594 60 7
2598 60 6
2654 60 6
2658 60 5
2688 60 6
2690 60 4
2695 60 6
2700 60 4
2707 60 7
2713 60 11
2727 60 2
2736 60 4
2774 60 2
2809 60 3
2815 60 2
2818 60 2
2823 60 3
2825 60 1
2840 60 2
2845 60 3
2846 60 4
2855 60 2
2856 60 2
2860 60 3
2867 60 2
2875 60 2
2886 60 1
2891 60 3
2910 60 2
2913 60 3
2914 60 1
2915 60 2
2924 60 1
2933 60 1
2940 60 2
2946 60 1
2952 60 1
4 61 269
5 61 309
6 61 292
7 61 290
14 61 280
15 61 305
17 61 299
18 61 289
26 61 294
27 61 287
29 61 303
31 61 298
32 61 294
33 61 306
35 61 265
36 61 272
38 61 300
39 61 276
42 61 297
45 61 270
48 61 278
53 61 291
54 61 297
55 61 269
56 61 270
58 61 316
61 61 284
62 61 270
63 61 289
66 61 304
69 61 286
71 61 310
72 61 281
76 61 269
77 61 266
78 61 295
84 61 277
85 61 291
86 61 266
87 61 288
88 61 283
90 61 277
95 61 291
97 61 306
100 61 297
103 61 250
105 61 300
107 61 314
113 61 278
118 61 276
119 61 270
120 61 286
122 61 285
127 61 270
134 61 291
137 61 288
138 61 274
139 61 263
141 61 305
147 61 242
152 61 284
156 61 260
160 61 291
161 61 260
167 61 288
170 61 268
171 61 243
172 61 257
174 61 266
175 61 274
182 61 258
183 61 270
185 61 249
186 61 270
187 61 247
189 61 251
190 61 270
191 61 272
193 61 273
198 61 265
199 61 258
201 61 234
203 61 235
206 61 257
210 61 249
216 61 238
221 61 270
222 61 242
226 61 243
227 61 245
232 61 255
233 61 269
235 61 259
238 61 284
239 61 273
240 61 244
241 61 239
245 61 257
247 61 276
252 61 254
253 61 264
259 61 237
263 61 261
264 61 249
267 61 245
268 61 265
270 61 245
272 61 247
274 61 262
275 61 241
278 61 261
282 61 252
283 61 241
286 61 266
287 61 263
288 61 246
293 61 228
296 61 272
302 61 208
304 61 254
309 61 235
312 61 253
320 61 238
322 61 237
326 61 245
327 61 245
331 61 249
334 61 223
341 61 251
342 61 231
346 61 228
348 61 233
349 61 238
352 61 225
354 61 233
355 61 205
356 61 222
357 61 219
363 61 246
367 61 222
368 61 236
369 61 195
370 61 236
373 61 237
377 61 221
380 61 226
381 61 233
382 61 214
383 61 252
384 61 240
388 61 217
390 61 208
392 61 240
395 61 231
398 61 196
401 61 216
402 61 239
403 61 211
405 61 229
408 61 221
415 61 222
420 61 227
424 61 216
435 61 221
438 61 221
439 61 206
440 61 205
441 61 231
442 61 220
447 61 221
449 61 196
450 61 236
453 61 194
459 61 229
463 61 216
465 61 204
471 61 209
472 61 227
474 61 212
475 61 208
478 61 193
479 61 202
481 61 208
487 61 212
489 61 226
491 61 208
492 61 221
493 61 214
497 61 194
499 61 209
506 61 202
507 61 201
509 61 188
514 61 197
522 61 196
524 61 204
526 61 219
528 61 198
529 61 189
531 61 204
533 61 166
537 61 166
548 61 198
549 61 202
550 61 198
551 61 220
556 61 181
563 61 197
566 61 196
567 61 204
569 61 190
573 61 190
576 61 192
583 61 191
585 61 206
587 61 180
595 61 178
598 61 167
599 61 203
600 61 163
603 61 180
609 61 190
610 61 205
612 61 184
615 61 208
621 61 193
622 61 204
623 61 160
625 61 211
627 61 182
628 61 186
636 61 174
639 61 165
644 61 175
645 61 180
649 61 198
651 61 179
652 61 187
657 61 199
659 61 160
661 61 181
662 61 207
666 61 181
672 61 203
673 61 202
679 61 173
680 61 161
681 61 168
682 61 176
685 61 174
695 61 158
697 61 185
700 61 165
709 61 168
710 61 176
716 61 180
724 61 196
725 61 174
726 61 192
727 61 174
728 61 171
730 61 152
732 61 188
736 61 198
737 61 179
740 61 168
742 61 171
749 61 152
757 61 173
758 61 172
763 61 178
765 61 177
770 61 162
771 61 176
773 61 144
777 61 152
778 61 183
780 61 160
781 61 163
783 61 190
787 61 177
792 61 142
797 61 168
799 61 170
803 61 202
810 61 171
817 61 146
824 61 147
829 61 171
836 61 153
840 61 161
846 61 161
847 61 137
850 61 163
854 61 168
860 61 171
861 61 146
862 61 162
868 61 138
869 61 142
872 61 149
875 61 179
876 61 149
881 61 165
882 61 136
885 61 172
889 61 139
893 61 150
894 61 152
896 61 133
898 61 140
911 61 146
915 61 156
916 61 135
918 61 147
922 61 153
924 61 153
925 61 152
926 61 126
928 61 144
929 61 154
931 61 127
934 61 165
935 61 155
942 61 142
949 61 166
955 61 154
959 61 165
961 61 141
962 61 137
963 61 134
971 61 138
978 61 143
984 61 162
990 61 131
993 61 142
994 61 144
1004 61 128
1012 61 145
1016 61 155
1017 61 119
1021 61 125
1022 61 132
1026 61 128
1034 61 107
1035 61 129
1036 61 123
1039 61 129
1042 61 108
1052 61 120
1053 61 123
1064 61 110
1065 61 132
1068 61 142
1070 61 132
1079 61 117
1080 61 137
1081 61 131
1084 61 136
1089 61 107
1091 61 145
1093 61 138
1094 61 115
1096 61 117
1098 61 118
1112 61 139
1118 61 96
1121 61 114
1126 61 112
1127 61 127
1128 61 114
1129 61 118
1132 61 121
1140 61 140
1148 61 101
1149 61 116
1151 61 122
1161 61 107
1164 61 119
1172 61 110
1180 61 104
1182 61 129
1186 61 107
1188 61 110
1191 61 112
1195 61 130
1196 61 108
1201 61 108
1205 61 105
1207 61 105
1208 61 101
1211 61 107
1217 61 110
1222 61 125
1224 61 101
1233 61 104
1241 61 100
1243 61 100
1244 61 112
1250 61 107
1255 61 96
1259 61 93
1262 61 110
1274 61 91
1283 61 90
1296 61 102
1298 61 115
1301 61 88
1304 61 97
1307 61 77
1312 61 85
1317 61 102
1318 61 110
1319 61 105
1329 61 92
1331 61 96
1340 61 80
1343 61 100
1346 61 94
1348 61 96
1352 61 93
1356 61 94
1360 61 98
1362 61 94
1363 61 94
1367 61 100
1372 61 90
1380 61 83
1381 61 93
1394 61 102
1400 61 92
1406 61 105
1409 61 82
1410 61 105
1423 61 90
1424 61 88
1431 61 73
1437 61 75
1441 61 87
1444 61 95
1448 61 84
1456 61 77
1457 61 78
1472 61 63
1488 61 80
1496 61 80
1518 61 62
1522 61 83
1528 61 76
1536 61 63
1542 61 68
1551 61 73
1553 61 68
1554 61 85
1555 61 80
1563 61 94
1565 61 88
1571 61 64
1578 61 68
1583 61 64
1597 61 58
1601 61 61
1604 61 63
1607 61 70
1613 61 63
1616 61 59
1627 61 79
1631 61 61
1632 61 73
1636 61 84
1638 61 84
1643 61 68
1650 61 73
1652 61 61
1656 61 63
1663 61 65
1668 61 54
1674 61 76
1677 61 46
1687 61 64
1689 61 66
1705 61 59
1729 61 53
1730 61 47
1732 61 62
1741 61 45
1749 61 61
1753 61 50
1757 61 62
1758 61 53
1762 61 49
1764 61 50
1771 61 62
1777 61 56
1784 61 66
1785 61 58
1792 61 50
1795 61 41
1798 61 52
1800 61 49
1801 61 50
1802 61 43
1820 61 48
1823 61 59
1825 61 41
1826 61 58
1828 61 49
1829 61 37
1831 61 57
1834 61 45
1836 61 63
1844 61 34
1847 61 50
1850 61 58
1851 61 52
1852 61 38
1858 61 39
1861 61 48
1867 61 55
1873 61 50
1874 61 36
1881 61 57
1882 61 48
1892 61 59
1904 61 37
1905 61 39
1911 61 44
1913 61 40
1915 61 47
1917 61 38
1935 61 38
1936 61 47
1941 61 41
1953 61 38
1956 61 45
1960 61 38
1961 61 32
1963 61 35
1969 61 36
1988 61 32
1993 61 34
1994 61 28
2000 61 35
2012 61 46
2013 61 35
2023 61 41
2031 61 39
2037 61 25
2041 61 28
2043 61 31
2044 61 22
2048 61 32
2064 61 31
2066 61 27
2083 61 32
2086 61 26
2087 61 29
2095 61 25
2099 61 26
2101 61 24
2116 61 25
2119 61 30
2133 61 24
2134 61 28
2138 61 20
2140 61 21
2142 61 24
2151 61 28
2154 61 27
2167 61 28
2174 61 22
2183 61 23
2201 61 23
2218 61 21
2238 61 11
2242 61 28
2244 61 19
2248 61 29
2250 61 24
2254 61 18
2255 61 13
2262 61 20
2263 61 26
2270 61 19
2291 61 24
2317 61 18
2329 61 19
2339 61 13
2347 61 19
2349 61 12
2354 61 22
2359 61 13
2371 61 12
2375 61 16
2378 61 20
2395 61 9
2397 61 8
2404 61 10
2415 61 10
2420 61 9
2441 61 16
2450 61 11
2451 61 11
2455 61 8
2456 61 10
2470 61 14
2474 61 14
2484 61 11
2489 61 14
2497 61 8
2505 61 8
2525 61 7
2534 61 11
2536 61 7
2539 61 12
2548 61 6
2556 61 9
2563 61 9
2576 61 6
2577 61 8
2579 61 6
2582 61 6
2586 61 10
2587 61 10
2590 61 9
2594 61 11
2603 61 4
2607 61 6
2609 61 9
2615 61 7
2620 61 10
2630 61 8
2648 61 3
2656 61 5
2678 61 6
2697 61 4
2709 61 5
2712 61 2
2717 61 6
2718 61 1
2723 61 2
2728 61 4
2729 61 5
2730 61 6
2744 61 3
2754 61 3
2757 61 3
2758 61 2
2760 61 3
2775 61 3
2815 61 3
2820 61 2
2823 61 2
2834 61 3
2846 61 1
2849 61 2
2852 61 2
2858 61 3
2859 61 1
2867 61 1
2874 61 2
2880 61 2
2892 61 2
2938 61 2
2950 61 2
2952 61 2
2959 61 1
2965 61 2
2967 61 1
0 62 292
4 62 293
7 62 285
9 62 272
14 62 276
16 62 277
19 62 276
20 62 321
28 62 271
30 62 294
32 62 317
33 62 299
34 62 304
36 62 270
39 62 286
41 62 302
46 62 273
48 62 305
49 62 310
51 62 290
53 62 314
54 62 263
55 62 306
56 62 280
62 62 301
67 62 298
68 62 290
70 62 284
72 62 295
74 62 270
76 62 269
77 62 283
83 62 292
85 62 314
86 62 293
93 62 292
102 62 301
106 62 285
113 62 291
123 62 272
125 62 262
126 62 257
127 62 266
128 62 280
130 62 290
132 62 284
137 62 290
138 62 264
139 62 279
140 62 275
143 62 290
146 62 284
152 62 277
153 62 262
154 62 277
155 62 254
156 62 271
159 62 258
164 62 291
166 62 278
168 62 258
169 62 239
171 62 270
172 62 306
173 62 299
180 62 259
182 62 269
183 62 283
185 62 251
191 62 264
193 62 257
194 62 250
195 62 255
199 62 294
200 62 250
201 62 268
207 62 256
210 62 240
211 62 233
213 62 273
215 62 247
217 62 242
218 62 246
220 62 294
221 62 254
223 62 271
224 62 291
226 62 273
229 62 264
230 62 273
231 62 273
232 62 252
233 62 262
235 62 247
241 62 259
252 62 275
255 62 264
259 62 260
260 62 240
261 62 236
265 62 269
266 62 230
267 62 282
270 62 276
274 62 275
277 62 210
279 62 239
281 62 275
286 62 265
287 62 255
289 62 221
290 62 260
292 62 249
293 62 230
294 62 262
295 62 247
303 62 247
304 62 258
305 62 220
307 62 228
310 62 230
315 62 221
321 62 234
325 62 256
326 62 205
327 62 241
330 62 234
334 62 229
335 62 214
337 62 260
338 62 235
340 62 255
346 62 257
349 62 236
352 62 234
353 62 243
354 62 231
355 62 215
358 62 239
359 62 236
360 62 257
364 62 249
367 62 235
378 62 215
380 62 232
383 62 247
394 62 227
396 62 226
401 62 237
405 62 208
407 62 221
408 62 226
412 62 226
416 62 237
417 62 248
419 62 245
423 62 207
425 62 225
426 62 223
428 62 211
429 62 205
433 62 236
437 62 226
440 62 232
442 62 235
443 62 219
446 62 218
448 62 223
449 62 235
450 62 212
451 62 218
457 62 222
458 62 241
459 62 189
462 62 211
466 62 199
467 62 198
468 62 225
470 62 211
472 62 215
473 62 211
474 62 239
478 62 191
480 62 216
488 62 206
489 62 201
493 62 206
499 62 208
502 62 218
505 62 200
509 62 214
510 62 188
516 62 216
517 62 213
518 62 241
521 62 202
522 62 214
523 62 187
524 62 219
526 62 191
540 62 225
543 62 197
545 62 204
548 62 189
549 62 221
550 62 223
551 62 213
552 62 217
554 62 186
555 62 185
557 62 184
562 62 193
564 62 170
566 62 189
567 62 200
569 62 174
571 62 183
572 62 203
578 62 198
591 62 212
593 62 174
598 62 194
599 62 181
604 62 198
609 62 181
611 62 184
619 62 187
620 62 186
621 62 185
624 62 198
625 62 181
632 62 193
635 62 198
637 62 188
638 62 203
640 62 183
642 62 205
644 62 184
648 62 210
649 62 204
651 62 178
659 62 192
660 62 194
667 62 178
672 62 200
678 62 192
680 62 167
684 62 191
687 62 205
690 62 166
692 62 191
696 62 185
698 62 186
700 62 199
706 62 186
708 62 164
710 62 167
716 62 148
722 62 174
727 62 192
729 62 166
734 62 180
745 62 173
746 62 191
747 62 171
755 62 148
756 62 181
761 62 157
763 62 162
765 62 179
766 62 168
768 62 151
774 62 154
775 62 180
781 62 185
782 62 182
785 62 147
787 62 188
791 62 166
793 62 167
799 62 185
802 62 180
803 62 183
809 62 162
812 62 155
813 62 186
815 62 163
816 62 157
819 62 158
820 62 161
821 62 140
823 62 156
830 62 150
833 62 167
837 62 151
843 62 151
851 62 163
854 62 153
857 62 153
861 62 147
862 62 169
868 62 162
869 62 155
874 62 145
877 62 138
878 62 133
882 62 145
889 62 167
892 62 169
895 62 168
898 62 131
901 62 186
903 62 157
906 62 124
908 62 174
911 62 132
912 62 162
914 62 157
916 62 157
920 62 140
927 62 149
932 62 132
934 62 154
940 62 131
943 62 153
945 62 147
952 62 132
954 62 146
969 62 143
970 62 142
973 62 139
974 62 134
978 62 163
982 62 131
985 62 149
994 62 135
996 62 143
1005 62 127
1007 62 106
1009 62 106
1012 62 119
1013 62 129
1016 62 146
1017 62 139
1019 62 153
1024 62 133
1025 62 132
1028 62 126
1029 62 143
1039 62 124
1041 62 131
1042 62 123
1044 62 130
1047 62 139
1050 62 139
1060 62 116
1061 62 123
1062 62 134
1068 62 147
1070 62 127
1076 62 121
1077 62 132
1078 62 124
1082 62 115
1088 62 138
1095 62 140
1099 62 138
1103 62 118
1104 62 111
1108 62 121
1112 62 126
1119 62 126
1123 62 119
1126 62 129
1137 62 121
1141 62 121
1142 62 130
1146 62 105
1150 62 112
1158 62 107
1161 62 88
1165 62 127
1168 62 127
1177 62 110
1178 62 124
1181 62 101
1183 62 123
1194 62 96
1198 62 106
1205 62 95
1209 62 113
1211 62 120
1212 62 87
1221 62 105
1223 62 108
1225 62 111
1245 62 90
1246 62 105
1250 62 120
1253 62 83
1255 62 99
1256 62 92
1266 62 110
1269 62 95
1270 62 114
1276 62 102
1282 62 117
1283 62 90
1297 62 96
1299 62 87
1302 62 108
1304 62 100
1305 62 107
1308 62 102
1312 62 101
1321 62 93
1325 62 90
1326 62 83
1329 62 102
1330 62 106
1336 62 70
1339 62 100
1341 62 86
1344 62 87
1345 62 85
1351 62 108
1356 62 91
1360 62 102
1365 62 94
1385 62 97
1386 62 93
1387 62 104
1394 62 117
1398 62 77
1402 62 84
1409 62 81
1413 62 95
1415 62 70
1417 62 82
1422 62 78
1424 62 72
1427 62 77
1434 62 82
1442 62 76
1447 62 98
1451 62 99
1457 62 81
1463 62 71
1464 62 88
1465 62 70
1479 62 86
1482 62 86
1484 62 75
1485 62 87
1491 62 80
1501 62 66
1506 62 61
1510 62 69
1516 62 76
1519 62 66
1522 62 69
1523 62 57
1525 62 65
1530 62 69
1540 62 61
1542 62 62
1549 62 56
1551 62 62
1562 62 72
1563 62 69
1568 62 56
1572 62 74
1574 62 69
1577 62 68
1591 62 69
1595 62 70
1600 62 69
1605 62 76
1618 62 62
1620 62 55
1623 62 58
1631 62 62
1632 62 58
1649 62 55
1650 62 54
1653 62 71
1664 62 70
1674 62 56
1676 62 66
1677 62 57
1681 62 69
1698 62 63
1701 62 58
1702 62 70
1707 62 65
1710 62 55
1711 62 55
1715 62 55
1718 62 60
1720 62 57
1728 62 53
1730 62 48
1735 62 67
1738 62 57
1740 62 60
1757 62 51
1770 62 54
1772 62 53
1773 62 56
1781 62 44
1797 62 60
1799 62 49
1802 62 44
1807 62 50
1811 62 48
1812 62 58
1816 62 55
1817 62 35
1825 62 55
1826 62 57
1835 62 48
1838 62 56
1840 62 68
1845 62 38
1857 62 37
1867 62 45
1887 62 35
1889 62 33
1896 62 37
1899 62 43
1904 62 34
1906 62 56
1908 62 47
1911 62 50
1914 62 35
1923 62 46
1929 62 30
1935 62 38
1938 62 39
1959 62 41
1961 62 39
1974 62 38
1981 62 41
1983 62 24
1993 62 50
1999 62 32
2004 62 33
2017 62 37
2028 62 27
2029 62 37
2033 62 26
2034 62 32
2040 62 37
2059 62 34
2070 62 26
2081 62 25
2086 62 36
2090 62 32
2095 62 24
2096 62 36
2102 62 29
2103 62 26
2105 62 21
2107 62 35
2112 62 27
2114 62 35
2124 62 37
2128 62 21
2129 62 31
2130 62 28
2135 62 26
2138 62 32
2143 62 25
2145 62 25
2146 62 27
2160 62 16
2168 62 32
2196 62 21
2211 62 27
2215 62 23
2218 62 22
2219 62 17
2222 62 24
2230 62 23
2246 62 18
2255 62 22
2256 62 20
2258 62 22
2259 62 17
2268 62 19
2275 62 10
2289 62 23
2306 62 18
2307 62 22
2318 62 18
2344 62 16
2360 62 20
2362 62 17
2363 62 20
2382 62 13
2397 62 13
2406 62 14
2410 62 15
2414 62 8
2437 62 12
2440 62 11
2443 62 8
2457 62 10
2460 62 9
2475 62 15
2486 62 6
2536 62 9
2538 62 10
2540 62 9
2549 62 5
2563 62 11
2576 62 13
2581 62 10
2604 62 7
2606 62 5
2609 62 8
2622 62 7
2624 62 9
2629 62 5
2639 62 4
2647 62 2
2664 62 5
2667 62 7
2690 62 5
2691 62 3
2696 62 4
2700 62 4
2704 62 5
2714 62 3
2715 62 5
2724 62 3
2729 62 5
2738 62 6
2756 62 4
2762 62 4
2764 62 4
2768 62 2
2771 62 2
2782 62 5
2787 62 3
2789 62 3
2794 62 2
2797 62 3
2804 62 4
2813 62 3
2819 62 5
2822 62 1
2836 62 3
2846 62 2
2869 62 1
2876 62 2
2879 62 1
2882 62 1
2889 62 1
2897 62 1
2916 62 2
2919 62 1
2936 62 1
2938 62 1
2944 62 1
2947 62 1
2953 62 1
2955 62 1
2959 62 1
2968 62 1
2986 62 1
2989 62 2
2 63 341
3 63 309
5 63 306
8 63 301
9 63 282
10 63 306
12 63 310
13 63 316
15 63 294
16 63 292
17 63 321
18 63 318
19 63 297
22 63 315
28 63 293
29 63 284
32 63 326
33 63 283
34 63 269
35 63 296
38 63 263
42 63 293
44 63 295
46 63 281
48 63 287
49 63 272
50 63 296
52 63 301
53 63 270
54 63 275
55 63 298
56 63 298
57 63 254
59 63 322
60 63 281
61 63 290
64 63 286
65 63 279
67 63 327
68 63 289
69 63 329
70 63 311
73 63 268
74 63 295
77 63 270
78 63 299
80 63 277
81 63 286
83 63 295
84 63 274
85 63 314
86 63 281
87 63 283
88 63 294
89 63 296
90 63 266
92 63 272
93 63 293
95 63 280
98 63 303
102 63 274
103 63 279
104 63 290
106 63 302
107 63 273
108 63 313
109 63 305
113 63 278
115 63 268
119 63 272
123 63 271
124 63 282
126 63 288
127 63 278
129 63 293
132 63 281
138 63 267
142 63 285
143 63 269
145 63 274
147 63 311
148 63 274
153 63 292
157 63 261
159 63 256
160 63 259
163 63 261
164 63 253
172 63 269
174 63 252
175 63 232
179 63 247
182 63 260
187 63 254
190 63 266
198 63 259
201 63 256
203 63 298
205 63 259
209 63 250
211 63 273
215 63 261
217 63 283
219 63 279
224 63 251
227 63 233
229 63 256
232 63 244
235 63 242
238 63 260
241 63 260
246 63 246
247 63 248
248 63 242
249 63 260
257 63 242
259 63 275
265 63 242
267 63 247
268 63 242
270 63 260
272 63 255
274 63 264
277 63 236
278 63 258
279 63 247
282 63 266
283 63 231
285 63 251
286 63 264
294 63 234
297 63 259
298 63 221
300 63 238
301 63 239
302 63 244
305 63 242
307 63 260
308 63 268
309 63 233
310 63 234
311 63 244
314 63 238
317 63 241
319 63 252
327 63 224
330 63 255
333 63 237
336 63 236
337 63 244
338 63 212
341 63 240
342 63 230
343 63 242
345 63 237
348 63 234
356 63 231
359 63 228
363 63 225
367 63 208
370 63 225
371 63 240
376 63 247
377 63 216
379 63 229
382 63 224
386 63 238
387 63 230
390 63 236
394 63 231
395 63 221
396 63 232
397 63 240
402 63 207
403 63 226
406 63 242
407 63 241
409 63 203
410 63 248
412 63 212
419 63 210
427 63 217
430 63 249
431 63 232
434 63 229
435 63 242
437 63 203
444 63 190
445 63 222
451 63 205
455 63 230
462 63 219
465 63 223
471 63 223
474 63 205
475 63 259
478 63 217
479 63 214
482 63 218
483 63 183
489 63 203
490 63 213
492 63 227
493 63 226
496 63 214
501 63 231
511 63 190
512 63 213
513 63 192
514 63 217
515 63 214
516 63 198
519 63 199
520 63 214
522 63 191
526 63 186
527 63 203
528 63 222
529 63 216
538 63 233
544 63 211
549 63 207
551 63 188
557 63 183
558 63 210
560 63 199
561 63 188
562 63 197
564 63 196
569 63 219
580 63 179
587 63 206
595 63 201
601 63 197
602 63 198
604 63 186
606 63 163
613 63 183
615 63 167
616 63 177
618 63 192
619 63 216
620 63 203
621 63 178
622 63 203
623 63 199
628 63 177
630 63 176
631 63 201
632 63 173
637 63 200
639 63 202
640 63 173
644 63 191
650 63 204
652 63 216
654 63 180
655 63 200
661 63 194
666 63 173
672 63 198
676 63 196
682 63 184
685 63 196
686 63 153
687 63 193
688 63 161
691 63 172
692 63 181
694 63 165
695 63 200
699 63 180
700 63 190
705 63 171
706 63 198
707 63 174
709 63 183
714 63 178
716 63 160
717 63 162
722 63 162
724 63 165
726 63 192
733 63 193
737 63 192
743 63 174
745 63 150
748 63 160
749 63 174
751 63 174
754 63 171
757 63 163
758 63 165
763 63 189
767 63 155
773 63 188
785 63 204
789 63 187
793 63 149
797 63 172
798 63 160
807 63 180
811 63 150
815 63 158
817 63 159
819 63 155
832 63 160
834 63 172
838 63 164
839 63 164
841 63 153
843 63 161
844 63 166
845 63 175
846 63 146
849 63 170
852 63 147
854 63 152
865 63 153
869 63 160
872 63 150
879 63 160
884 63 159
892 63 154
897 63 128
901 63 146
903 63 146
907 63 139
908 63 147
910 63 133
913 63 140
920 63 159
922 63 144
924 63 133
927 63 150
929 63 142
933 63 160
939 63 136
943 63 143
947 63 155
948 63 149
949 63 134
953 63 148
957 63 128
958 63 147
959 63 158
964 63 154
965 63 113
975 63 127
979 63 149
987 63 127
989 63 120
994 63 123
1000 63 139
1005 63 122
1007 63 117
1009 63 157
1012 63 136
1019 63 128
1024 63 136
1033 63 117
1047 63 150
1049 63 129
1051 63 136
1060 63 132
1069 63 134
1079 63 127
1080 63 130
1083 63 135
1086 63 114
1092 63 144
1094 63 115
1095 63 121
1099 63 137
1101 63 137
1106 63 113
1111 63 116
1112 63 121
1116 63 108
1118 63 105
1119 63 101
1127 63 114
1139 63 129
1140 63 109
1142 63 112
1146 63 115
1147 63 123
1150 63 118
1155 63 123
1158 63 127
1163 63 118
1169 63 106
1178 63 109
1183 63 98
1184 63 93
1190 63 103
1191 63 123
1198 63 98
1202 63 118
1213 63 111
1216 63 119
1218 63 113
1229 63 107
1231 63 123
1234 63 84
1241 63 94
1243 63 112
1245 63 86
1247 63 88
1255 63 88
1257 63 93
1260 63 102
1261 63 103
1270 63 84
1272 63 99
1273 63 93
1277 63 103
1278 63 113
1279 63 111
1280 63 89
1282 63 97
1286 63 108
1288 63 101
1289 63 99
1292 63 122
1295 63 97
1299 63 79
1302 63 95
1311 63 99
1322 63 106
1333 63 97
1335 63 97
1340 63 101
1344 63 106
1356 63 98
1359 63 89
1360 63 99
1362 63 92
1365 63 78
1372 63 80
1381 63 63
1384 63 97
1386 63 102
1389 63 93
1407 63 82
1409 63 100
1427 63 77
1428 63 79
1435 63 96
1437 63 73
1440 63 71
1443 63 94
1444 63 83
1449 63 83
1451 63 98
1452 63 92
1453 63 78
1464 63 75
1474 63 77
1476 63 72
1482 63 86
1491 63 87
1500 63 83
1501 63 95
1504 63 84
1520 63 86
1521 63 72
1526 63 87
1527 63 77
1541 63 65
1543 63 64
1558 63 58
1568 63 73
1569 63 77
1572 63 74
1573 63 72
1577 63 77
1581 63 70
1587 63 69
1596 63 81
1609 63 63
1620 63 66
1625 63 68
1626 63 86
1635 63 68
1639 63 72
1642 63 52
1643 63 65
1646 63 65
1651 63 58
1663 63 66
1672 63 72
1676 63 73
1687 63 54
1688 63 64
1690 63 76
1701 63 68
1706 63 69
1725 63 49
1729 63 63
1732 63 63
1734 63 48
1736 63 42
1747 63 46
1763 63 48
1767 63 60
1775 63 44
1785 63 52
1791 63 60
1795 63 53
1800 63 42
1804 63 42
1808 63 41
1821 63 44
1828 63 48
1832 63 54
1836 63 46
1838 63 44
1839 63 48
1843 63 42
1850 63 46
1860 63 52
1863 63 50
1866 63 43
1868 63 49
1872 63 50
1876 63 45
1882 63 41
1885 63 42
1886 63 40
1887 63 44
1895 63 35
1906 63 38
1922 63 33
1928 63 46
1929 63 43
1941 63 42
1947 63 41
1948 63 40
1959 63 43
1961 63 39
1964 63 35
1969 63 29
1980 63 30
1981 63 37
1984 63 37
1997 63 39
2017 63 34
2028 63 38
2031 63 37
2033 63 35
2034 63 27
2049 63 36
2056 63 28
2060 63 35
2064 63 29
2068 63 25
2097 63 23
2102 63 29
2106 63 35
2110 63 23
2129 63 29
2144 63 31
2145 63 20
2147 63 32
2154 63 27
2162 63 28
2176 63 19
2180 63 25
2184 63 22
2196 63 28
2207 63 21
2211 63 20
2216 63 18
2235 63 23
2236 63 22
2243 63 14
2245 63 20
2248 63 16
2285 63 14
2302 63 12
2309 63 19
2314 63 22
2317 63 10
2339 63 11
2352 63 17
2354 63 12
2380 63 12
2384 63 23
2396 63 14
2397 63 13
2400 63 20
2401 63 16
2407 63 18
2408 63 10
2427 63 6
2430 63 13
2431 63 14
2432 63 9
2436 63 6
2444 63 14
2446 63 11
2451 63 19
2457 63 9
2478 63 8
2485 63 10
2495 63 9
2498 63 15
2503 63 7
2516 63 11
2521 63 10
2522 63 10
2525 63 13
2544 63 11
2551 63 4
2573 63 8
2575 63 8
2583 63 6
2585 63 7
2616 63 8
2619 63 8
2629 63 8
2634 63 7
2636 63 4
2644 63 2
2653 63 11
2658 63 3
2674 63 6
2677 63 2
2678 63 7
2712 63 7
2717 63 4
2727 63 4
2736 63 3
2742 63 4
2743 63 1
2748 63 6
2753 63 3
2768 63 1
2780 63 1
2781 63 1
2783 63 6
2784 63 2
2812 63 3
2832 63 3
2846 63 4
2849 63 1
2850 63 2
2854 63 1
2858 63 1
2871 63 4
2878 63 4
2886 63 2
2893 63 1
2896 63 2
2910 63 3
2914 63 2
2926 63 1
2933 63 2
2934 63 1
2937 63 1
2940 63 1
2945 63 1
2948 63 1
2949 63 1
2953 63 1
2961 63 1
2968 63 1
2978 63 3
2982 63 1
2990 63 1
0 64 311
3 64 312
6 64 291
7 64 303
8 64 293
9 64 274
13 64 314
14 64 285
18 64 307
19 64 296
23 64 288
24 64 300
25 64 319
26 64 297
29 64 291
31 64 304
34 64 291
36 64 264
37 64 280
38 64 282
42 64 296
44 64 274
47 64 273
50 64 291
56 64 272
62 64 278
68 64 276
71 64 274
72 64 308
74 64 262
75 64 295
76 64 255
77 64 299
79 64 316
80 64 291
84 64 317
85 64 306
86 64 261
87 64 267
89 64 269
92 64 283
97 64 266
99 64 284
100 64 289
103 64 282
104 64 264
109 64 287
112 64 286
115 64 294
122 64 261
123 64 285
126 64 296
127 64 289
128 64 256
129 64 281
130 64 282
133 64 265
134 64 261
136 64 275
142 64 246
143 64 283
145 64 275
148 64 278
152 64 288
155 64 268
156 64 277
158 64 296
165 64 292
167 64 251
168 64 271
169 64 264
170 64 281
173 64 273
174 64 304
183 64 286
185 64 265
187 64 284
191 64 278
193 64 227
195 64 276
198 64 268
199 64 258
200 64 291
207 64 260
208 64 255
211 64 262
212 64 279
218 64 278
220 64 260
224 64 272
225 64 238
226 64 237
232 64 269
239 64 252
240 64 259
241 64 227
243 64 252
244 64 251
252 64 268
253 64 271
263 64 251
265 64 259
267 64 249
269 64 215
275 64 242
276 64 256
281 64 241
282 64 236
285 64 259
286 64 236
287 64 230
289 64 229
291 64 231
294 64 237
295 64 242
296 64 257
299 64 239
302 64 231
304 64 260
306 64 223
311 64 244
317 64 240
323 64 218
325 64 239
327 64 230
328 64 245
331 64 223
332 64 240
333 64 250
335 64 239
338 64 243
341 64 250
342 64 268
345 64 244
347 64 224
348 64 239
353 64 200
358 64 239
360 64 209
361 64 224
365 64 252
366 64 242
368 64 222
370 64 242
371 64 218
374 64 213
375 64 237
379 64 234
382 64 213
384 64 209
385 64 255
389 64 201
390 64 239
397 64 236
401 64 236
410 64 237
412 64 235
413 64 225
415 64 242
417 64 218
418 64 224
419 64 237
421 64 265
425 64 247
427 64 217
429 64 228
431 64 238
432 64 210
435 64 245
437 64 223
438 64 239
439 64 255
440 64 229
441 64 216
442 64 224
444 64 227
446 64 240
449 64 234
450 64 221
452 64 206
454 64 215
455 64 216
456 64 203
457 64 240
460 64 212
468 64 230
469 64 212
473 64 201
474 64 202
475 64 245
477 64 201
478 64 237
480 64 212
484 64 216
488 64 206
489 64 225
496 64 225
498 64 220
501 64 224
507 64 217
509 64 209
511 64 227
519 64 218
524 64 202
531 64 218
537 64 193
538 64 211
540 64 199
543 64 201
545 64 191
546 64 196
548 64 202
551 64 206
556 64 189
559 64 201
561 64 206
562 64 224
563 64 213
566 64 200
569 64 201
571 64 172
573 64 215
575 64 183
583 64 174
584 64 213
587 64 171
588 64 219
589 64 179
590 64 203
595 64 215
597 64 207
598 64 166
602 64 201
607 64 205
608 64 196
609 64 192
611 64 190
613 64 192
614 64 201
624 64 183
630 64 212
631 64 186
632 64 177
637 64 210
641 64 188
648 64 186
651 64 167
653 64 181
655 64 178
659 64 186
660 64 202
661 64 178
662 64 189
664 64 182
673 64 180
676 64 175
677 64 176
682 64 172
683 64 161
691 64 178
698 64 175
699 64 183
702 64 186
703 64 190
704 64 177
707 64 175
710 64 160
711 64 179
713 64 170
720 64 152
722 64 181
723 64 176
727 64 166
729 64 185
733 64 146
734 64 180
735 64 167
736 64 184
739 64 172
743 64 177
744 64 164
745 64 170
746 64 199
748 64 178
750 64 168
759 64 173
765 64 149
766 64 170
778 64 197
779 64 174
780 64 173
783 64 189
789 64 175
791 64 156
794 64 167
797 64 155
798 64 158
799 64 179
801 64 194
802 64 151
803 64 141
809 64 169
810 64 162
814 64 161
823 64 155
824 64 175
826 64 159
828 64 156
832 64 156
838 64 163
849 64 162
852 64 136
853 64 162
855 64 157
857 64 151
858 64 163
862 64 153
866 64 152
870 64 140
874 64 149
875 64 143
877 64 165
878 64 160
883 64 176
884 64 152
887 64 163
889 64 167
892 64 145
893 64 158
894 64 158
897 64 151
905 64 149
907 64 149
923 64 167
928 64 142
939 64 152
946 64 144
953 64 137
954 64 129
966 64 156
968 64 157
972 64 121
981 64 129
983 64 134
986 64 155
988 64 125
991 64 147
992 64 143
993 64 146
995 64 130
997 64 136
999 64 138
1000 64 141
1004 64 154
1006 64 128
1010 64 127
1013 64 132
1017 64 154
1025 64 148
1029 64 131
1030 64 120
1036 64 140
1046 64 129
1051 64 110
1054 64 120
1060 64 138
1062 64 130
1066 64 128
1067 64 114
1068 64 126
1085 64 121
1089 64 127
1093 64 125
1101 64 122
1103 64 115
1108 64 108
1110 64 128
1111 64 127
1117 64 102
1121 64 138
1122 64 110
1127 64 140
1134 64 113
1140 64 96
1142 64 109
1144 64 115
1146 64 111
1148 64 100
1152 64 111
1155 64 126
1161 64 130
1164 64 126
1165 64 111
1175 64 109
1182 64 116
1183 64 87
1189 64 103
1194 64 123
1213 64 108
1222 64 112
1227 64 107
1232 64 103
1233 64 101
1236 64 99
1240 64 114
1243 64 105
1245 64 95
1247 64 100
1256 64 117
1259 64 112
1263 64 110
1269 64 115
1271 64 109
1272 64 109
1276 64 105
1294 64 109
1296 64 100
1305 64 84
1307 64 101
1321 64 81
1329 64 89
1336 64 91
1352 64 95
1363 64 95
1368 64 96
1369 64 82
1371 64 66
1373 64 85
1377 64 95
1378 64 74
1379 64 87
1384 64 85
1385 64 83
1387 64 94
1391 64 99
1393 64 84
1400 64 88
1404 64 86
1406 64 68
1410 64 87
1420 64 102
1430 64 87
1431 64 76
1435 64 93
1440 64 77
1443 64 84
1444 64 80
1446 64 75
1447 64 81
1456 64 68
1462 64 82
1463 64 81
1465 64 79
1466 64 89
1473 64 86
1474 64 82
1481 64 73
1482 64 95
1487 64 57
1494 64 70
1499 64 84
1500 64 90
1507 64 67
1515 64 71
1519 64 88
1521 64 75
1531 64 69
1533 64 74
1543 64 83
1549 64 77
1551 64 71
1564 64 73
1565 64 63
1566 64 68
1570 64 74
1572 64 58
1578 64 65
1584 64 61
1591 64 61
1595 64 66
1597 64 66
1599 64 67
1600 64 76
1601 64 66
1605 64 62
1608 64 64
1609 64 54
1615 64 71
1617 64 60
1625 64 69
1628 64 73
1631 64 62
1635 64 63
1644 64 59
1653 64 58
1659 64 54
1663 64 59
1665 64 63
1666 64 64
1676 64 67
1687 64 52
1703 64 56
1704 64 65
1706 64 51
1707 64 59
1725 64 47
1728 64 65
1735 64 55
1738 64 45
1739 64 57
1745 64 55
1761 64 54
1762 64 59
1780 64 55
1790 64 50
1794 64 51
1803 64 50
1807 64 55
1818 64 47
1819 64 46
1824 64 43
1826 64 48
1835 64 45
1839 64 37
1840 64 66
1846 64 59
1850 64 54
1852 64 48
1858 64 48
1866 64 50
1870 64 53
1873 64 51
1878 64 48
1879 64 52
1880 64 48
1886 64 42
1893 64 46
1895 64 43
1913 64 46
1916 64 38
1919 64 33
1930 64 34
1937 64 27
1951 64 50
1952 64 34
1953 64 31
1955 64 36
1984 64 42
1998 64 40
2003 64 37
2005 64 51
2007 64 32
2010 64 32
2022 64 27
2023 64 36
2026 64 33
2036 64 38
2042 64 47
2043 64 40
2053 64 37
2059 64 32
2062 64 27
2069 64 29
2084 64 31
2088 64 36
2089 64 29
2105 64 30
2106 64 38
2116 64 26
2117 64 26
2119 64 21
2128 64 32
2132 64 26
2152 64 20
2163 64 21
2169 64 28
2174 64 25
2177 64 26
2181 64 24
2183 64 24
2185 64 27
2189 64 27
2190 64 21
2193 64 18
2200 64 23
2202 64 24
2204 64 21
2207 64 21
2234 64 17
2235 64 26
2244 64 26
2246 64 26
2252 64 21
2272 64 24
2291 64 16
2292 64 22
2294 64 19
2295 64 16
2297 64 18
2298 64 22
2302 64 19
2311 64 13
2332 64 17
2347 64 21
2348 64 21
2354 64 11
2360 64 24
2367 64 14
2368 64 17
2372 64 18
2376 64 11
2380 64 13
2384 64 11
2392 64 16
2403 64 16
2409 64 6
2417 64 13
2429 64 8
2462 64 8
2483 64 8
2486 64 17
2495 64 11
2498 64 7
2500 64 16
2520 64 7
2522 64 8
2524 64 9
2533 64 11
2541 64 8
2544 64 3
2550 64 13
2559 64 7
2561 64 4
2563 64 10
2584 64 6
2587 64 5
2600 64 7
2618 64 4
2620 64 7
2624 64 8
2631 64 5
2633 64 5
2646 64 8
2657 64 6
2688 64 3
2703 64 3
2705 64 4
2706 64 2
2707 64 3
2713 64 3
2714 64 4
2727 64 4
2731 64 2
2748 64 3
2755 64 3
2766 64 4
2767 64 2
2768 64 5
2808 64 5
2810 64 2
2812 64 1
2818 64 1
2821 64 3
2822 64 5
2823 64 3
2824 64 2
2833 64 3
2846 64 3
2852 64 4
2858 64 1
2876 64 1
2885 64 1
2889 64 3
2898 64 2
2913 64 1
2926 64 1
2936 64 1
2949 64 2
2954 64 1
2967 64 1
2981 64 1
2 65 314
4 65 328
5 65 314
7 65 331
8 65 275
9 65 298
14 65 342
16 65 310
17 65 284
19 65 294
20 65 277
21 65 270
22 65 328
28 65 297
29 65 322
30 65 278
33 65 306
35 65 281
38 65 280
39 65 295
40 65 289
45 65 284
47 65 276
50 65 268
52 65 311
54 65 294
56 65 287
61 65 284
69 65 306
70 65 279
71 65 283
73 65 297
74 65 261
75 65 284
76 65 283
77 65 310
79 65 274
82 65 300
85 65 300
87 65 263
88 65 307
91 65 277
95 65 289
96 65 262
97 65 263
98 65 281
100 65 275
102 65 275
103 65 279
104 65 306
109 65 275
112 65 294
116 65 290
117 65 309
119 65 261
122 65 285
126 65 320
129 65 287
131 65 290
134 65 294
141 65 263
143 65 271
144 65 282
151 65 261
152 65 274
153 65 276
155 65 265
162 65 276
166 65 268
169 65 290
171 65 257
173 65 257
175 65 255
176 65 271
179 65 294
184 65 257
187 65 273
188 65 271
191 65 276
195 65 278
196 65 246
201 65 237
202 65 225
203 65 252
209 65 252
212 65 258
214 65 277
217 65 282
220 65 245
221 65 273
226 65 267
229 65 242
231 65 249
232 65 256
233 65 235
239 65 249
240 65 270
244 65 265
249 65 256
253 65 262
257 65 257
258 65 259
261 65 272
265 65 270
267 65 215
268 65 241
270 65 232
274 65 236
275 65 254
277 65 240
282 65 245
286 65 260
288 65 246
289 65 254
292 65 269
293 65 256
296 65 243
300 65 254
302 65 249
310 65 251
315 65 227
316 65 243
329 65 235
332 65 265
334 65 256
336 65 238
345 65 226
346 65 241
352 65 236
357 65 217
365 65 244
369 65 224
375 65 238
377 65 243
379 65 234
380 65 237
382 65 225
385 65 228
386 65 240
389 65 219
390 65 252
391 65 222
393 65 227
394 65 227
401 65 217
403 65 206
405 65 216
407 65 237
408 65 248
409 65 238
412 65 230
415 65 244
416 65 184
422 65 219
432 65 242
433 65 206
434 65 204
435 65 218
437 65 216
438 65 207
441 65 222
442 65 219
446 65 228
447 65 202
451 65 226
454 65 217
455 65 201
458 65 220
460 65 199
461 65 213
462 65 222
465 65 216
468 65 222
473 65 212
478 65 231
479 65 190
482 65 219
483 65 225
485 65 216
487 65 208
492 65 219
502 65 226
503 65 233
504 65 228
505 65 203
507 65 248
510 65 223
512 65 212
514 65 197
516 65 201
518 65 222
524 65 213
525 65 206
527 65 204
528 65 205
535 65 226
540 65 205
541 65 219
542 65 204
545 65 215
546 65 202
553 65 199
554 65 211
555 65 161
556 65 205
558 65 195
559 65 233
560 65 196
562 65 197
568 65 200
570 65 197
573 65 193
579 65 183
584 65 168
585 65 209
586 65 197
589 65 201
591 65 198
593 65 192
596 65 195
599 65 183
602 65 190
607 65 186
608 65 194
611 65 172
612 65 198
614 65 217
621 65 181
622 65 205
623 65 181
625 65 174
626 65 188
627 65 179
629 65 200
632 65 209
633 65 206
635 65 202
637 65 198
641 65 205
642 65 209
645 65 180
651 65 190
652 65 194
654 65 202
657 65 198
660 65 187
661 65 178
663 65 191
670 65 184
671 65 178
672 65 206
673 65 191
674 65 185
677 65 180
680 65 192
681 65 194
686 65 177
692 65 198
696 65 177
700 65 175
704 65 187
707 65 183
712 65 171
713 65 200
714 65 158
715 65 187
716 65 182
720 65 179
723 65 175
727 65 192
728 65 170
730 65 193
732 65 161
739 65 179
740 65 150
741 65 172
743 65 159
745 65 197
746 65 174
747 65 172
749 65 159
754 65 172
755 65 164
761 65 188
762 65 187
766 65 146
767 65 180
769 65 167
771 65 192
776 65 157
779 65 152
781 65 152
790 65 173
791 65 140
792 65 147
797 65 167
814 65 171
815 65 179
817 65 162
819 65 169
825 65 160
827 65 149
828 65 183
833 65 159
836 65 143
850 65 175
853 65 169
856 65 143
859 65 156
865 65 176
866 65 155
875 65 139
876 65 147
878 65 154
880 65 149
883 65 143
887 65 179
891 65 166
892 65 141
894 65 160
897 65 160
898 65 133
901 65 154
903 65 152
924 65 134
925 65 151
926 65 144
930 65 148
934 65 141
937 65 127
938 65 140
939 65 153
942 65 150
944 65 145
951 65 134
956 65 128
963 65 139
967 65 144
971 65 147
972 65 154
981 65 119
983 65 144
999 65 128
1001 65 144
1009 65 114
1010 65 140
1012 65 135
1013 65 158
1014 65 117
1017 65 131
1018 65 116
1019 65 128
1020 65 132
1023 65 151
1033 65 135
1034 65 132
1036 65 145
1037 65 131
1042 65 121
1044 65 114
1052 65 137
1054 65 132
1058 65 113
1069 65 145
1077 65 119
1081 65 143
1088 65 121
1092 65 135
1095 65 113
1099 65 118
1100 65 124
1101 65 122
1102 65 112
1105 65 136
1111 65 139
1113 65 108
1114 65 116
1118 65 133
1119 65 113
1120 65 122
1121 65 117
1122 65 120
1126 65 121
1127 65 116
1138 65 121
1141 65 137
1142 65 96
1143 65 113
1151 65 93
1156 65 118
1159 65 136
1160 65 124
1174 65 122
1183 65 110
1192 65 102
1197 65 99
1208 65 104
1209 65 119
1211 65 99
1217 65 109
1218 65 114
1227 65 97
1231 65 102
1238 65 105
1239 65 95
1244 65 113
1257 65 110
1258 65 93
1260 65 93
1264 65 105
1265 65 101
1267 65 116
1272 65 113
1274 65 92
1277 65 89
1279 65 86
1281 65 103
1283 65 91
1295 65 111
1311 65 86
1313 65 111
1317 65 92
1318 65 93
1320 65 108
1321 65 77
1326 65 101
1327 65 104
1330 65 91
1341 65 87
1345 65 86
1346 65 95
1347 65 92
1362 65 63
1368 65 104
1369 65 91
1383 65 114
1389 65 84
1390 65 86
1391 65 90
1393 65 93
1400 65 83
1404 65 80
1409 65 84
1410 65 86
1422 65 93
1428 65 91
1441 65 111
1447 65 85
1448 65 84
1459 65 80
1467 65 88
1468 65 64
1471 65 81
1473 65 79
1476 65 79
1478 65 80
1480 65 89
1484 65 76
1486 65 74
1490 65 81
1491 65 81
1498 65 91
1499 65 72
1500 65 84
1502 65 87
1505 65 72
1512 65 71
1516 65 80
1517 65 78
1529 65 81
1530 65 70
1548 65 74
1549 65 65
1554 65 79
1557 65 76
1559 65 80
1564 65 64
1573 65 77
1585 65 89
1586 65 79
1591 65 66
1600 65 65
1602 65 63
1604 65 81
1606 65 78
1613 65 63
1614 65 66
1625 65 73
1630 65 47
1640 65 59
1651 65 63
1671 65 69
1676 65 50
1678 65 51
1679 65 69
1685 65 54
1694 65 62
1698 65 64
1700 65 51
1715 65 62
1721 65 55
1726 65 72
1737 65 41
1740 65 53
1746 65 57
1750 65 61
1763 65 56
1774 65 45
1780 65 49
1792 65 51
1797 65 50
1799 65 48
1803 65 48
1805 65 50
1819 65 54
1827 65 42
1860 65 44
1863 65 40
1865 65 53
1866 65 41
1884 65 52
1886 65 43
1890 65 51
1893 65 38
1897 65 41
1901 65 44
1940 65 43
1945 65 44
1953 65 39
1956 65 44
1958 65 33
1962 65 42
1963 65 28
1970 65 46
1978 65 39
1980 65 39
1983 65 42
1985 65 51
1987 65 44
1989 65 27
1998 65 36
2002 65 33
2016 65 34
2033 65 35
2040 65 40
2044 65 19
2066 65 35
2075 65 26
2076 65 26
2087 65 41
2111 65 26
2118 65 34
2120 65 24
2121 65 38
2129 65 28
2157 65 28
2160 65 27
2161 65 26
2172 65 28
2179 65 24
2181 65 19
2184 65 18
2187 65 24
2189 65 22
2202 65 26
2210 65 22
2213 65 17
2221 65 18
2225 65 29
2228 65 34
2233 65 18
2241 65 20
2244 65 20
2247 65 18
2253 65 28
2254 65 22
2256 65 14
2260 65 20
2274 65 21
2294 65 22
2304 65 18
2337 65 14
2347 65 13
2361 65 21
2362 65 18
2363 65 13
2369 65 18
2387 65 22
2394 65 15
2415 65 13
2416 65 18
2433 65 15
2445 65 18
2465 65 12
2466 65 14
2472 65 3
2474 65 7
2476 65 8
2486 65 8
2489 65 10
2493 65 11
2511 65 8
2516 65 6
2530 65 11
2534 65 9
2537 65 12
2557 65 9
2559 65 10
2572 65 6
2586 65 13
2588 65 6
2598 65 10
2627 65 5
2634 65 4
2635 65 5
2637 65 7
2644 65 2
2646 65 7
2648 65 2
2656 65 6
2672 65 6
2681 65 6
2707 65 5
2710 65 4
2712 65 5
2719 65 6
2725 65 5
2732 65 3
2734 65 2
2748 65 2
2751 65 2
2758 65 6
2760 65 6
2775 65 2
2776 65 4
2801 65 2
2822 65 3
2823 65 4
2836 65 3
2840 65 1
2842 65 5
2844 65 1
2850 65 4
2854 65 3
2855 65 1
2856 65 2
2872 65 1
2878 65 2
2892 65 1
2895 65 2
2901 65 1
2910 65 1
2912 65 1
2914 65 1
2931 65 1
2934 65 1
2941 65 1
2954 65 1
2968 65 1
2970 65 1
2972 65 1
2977 65 1
2979 65 1
2996 65 1
0 66 293
1 66 315
4 66 288
5 66 295
7 66 243
8 66 327
11 66 279
12 66 298
13 66 346
14 66 305
15 66 312
16 66 296
17 66 296
18 66 298
22 66 309
23 66 293
26 66 285
27 66 303
31 66 297
32 66 301
34 66 297
38 66 289
40 66 304
41 66 299
42 66 310
47 66 285
49 66 280
52 66 309
60 66 294
62 66 312
64 66 293
65 66 331
66 66 288
68 66 266
69 66 321
71 66 296
73 66 309
74 66 294
76 66 271
77 66 298
79 66 281
80 66 298
82 66 287
83 66 302
84 66 294
94 66 289
98 66 277
102 66 307
107 66 270
109 66 320
110 66 286
114 66 281
115 66 316
124 66 277
127 66 273
128 66 293
129 66 273
131 66 269
132 66 295
135 66 249
136 66 265
138 66 247
141 66 256
144 66 305
147 66 296
148 66 266
149 66 266
150 66 287
154 66 273
155 66 279
157 66 242
159 66 254
160 66 269
165 66 291
168 66 269
169 66 270
170 66 262
172 66 252
173 66 254
175 66 281
176 66 279
178 66 278
179 66 257
180 66 261
184 66 254
186 66 252
187 66 279
205 66 266
206 66 259
208 66 269
210 66 303
211 66 264
212 66 270
213 66 210
215 66 265
216 66 301
217 66 240
221 66 236
222 66 250
223 66 268
224 66 256
231 66 236
233 66 230
238 66 271
240 66 268
243 66 263
244 66 259
247 66 238
253 66 290
256 66 262
257 66 263
260 66 255
261 66 259
262 66 245
263 66 255
264 66 290
266 66 260
269 66 257
272 66 265
277 66 229
281 66 249
285 66 236
286 66 255
287 66 231
288 66 267
294 66 242
295 66 225
298 66 269
303 66 249
308 66 250
313 66 242
315 66 261
318 66 227
319 66 250
325 66 215
326 66 248
327 66 253
328 66 219
330 66 228
333 66 243
335 66 229
336 66 245
338 66 218
346 66 240
348 66 227
349 66 250
350 66 237
352 66 236
354 66 223
365 66 211
366 66 230
372 66 220
373 66 255
378 66 235
379 66 227
380 66 225
381 66 221
384 66 252
393 66 234
394 66 203
396 66 237
400 66 224
403 66 239
407 66 242
411 66 228
414 66 216
418 66 225
420 66 222
423 66 223
426 66 213
427 66 213
430 66 234
431 66 248
432 66 239
437 66 212
438 66 237
439 66 239
444 66 230
446 66 204
448 66 235
449 66 247
450 66 224
458 66 218
464 66 216
465 66 211
467 66 215
468 66 214
472 66 228
473 66 206
475 66 238
477 66 197
481 66 235
486 66 240
487 66 214
489 66 199
493 66 222
495 66 220
498 66 197
500 66 225
501 66 204
502 66 200
504 66 224
511 66 201
512 66 185
518 66 225
521 66 216
522 66 195
523 66 208
526 66 200
536 66 215
537 66 204
548 66 204
549 66 195
551 66 224
554 66 218
556 66 209
557 66 223
558 66 198
559 66 212
560 66 193
563 66 200
566 66 204
569 66 208
572 66 204
574 66 190
576 66 177
577 66 189
594 66 194
599 66 205
601 66 185
605 66 196
606 66 183
611 66 200
613 66 202
616 66 196
618 66 189
620 66 174
621 66 209
622 66 232
625 66 199
630 66 198
632 66 213
633 66 187
637 66 191
640 66 207
646 66 180
647 66 183
651 66 187
653 66 186
654 66 193
661 66 198
662 66 184
663 66 187
666 66 178
667 66 171
669 66 194
670 66 168
671 66 191
674 66 190
675 66 180
679 66 198
681 66 191
682 66 184
683 66 193
685 66 159
689 66 192
691 66 155
692 66 176
694 66 169
701 66 164
702 66 194
708 66 174
714 66 180
716 66 178
719 66 172
724 66 190
725 66 166
728 66 159
729 66 156
734 66 190
737 66 188
739 66 161
743 66 173
744 66 189
750 66 153
753 66 164
754 66 160
755 66 181
758 66 177
759 66 174
761 66 156
772 66 194
775 66 142
776 66 150
777 66 165
781 66 170
784 66 172
791 66 163
793 66 186
795 66 146
796 66 173
799 66 165
800 66 145
804 66 188
805 66 203
812 66 154
813 66 173
815 66 183
816 66 160
822 66 163
823 66 144
824 66 130
830 66 168
832 66 143
833 66 159
835 66 151
839 66 184
841 66 152
843 66 132
844 66 136
848 66 158
854 66 142
858 66 169
861 66 169
867 66 160
868 66 171
881 66 149
882 66 143
889 66 165
890 66 150
892 66 159
893 66 144
898 66 148
903 66 146
907 66 166
910 66 149
914 66 158
916 66 144
918 66 145
925 66 120
930 66 141
932 66 146
936 66 143
938 66 144
939 66 164
942 66 123
943 66 146
950 66 134
956 66 127
957 66 154
962 66 126
975 66 150
977 66 129
978 66 166
980 66 129
987 66 126
992 66 134
993 66 146
994 66 135
996 66 134
999 66 135
1000 66 133
1004 66 119
1005 66 162
1006 66 158
1010 66 115
1025 66 143
1027 66 139
1031 66 133
1035 66 114
1036 66 105
1037 66 159
1046 66 114
1050 66 148
1051 66 139
1065 66 135
1067 66 122
1069 66 128
1072 66 128
1073 66 137
1078 66 133
1080 66 137
1086 66 117
1095 66 119
1098 66 106
1102 66 114
1107 66 120
1111 66 122
1112 66 119
1114 66 111
1115 66 105
1116 66 135
1119 66 126
1124 66 128
1135 66 109
1142 66 121
1146 66 128
1147 66 104
1150 66 135
1161 66 122
1163 66 95
1164 66 120
1168 66 116
1169 66 110
1170 66 119
1171 66 103
1173 66 96
1179 66 104
1181 66 100
1184 66 111
1185 66 107
1188 66 110
1191 66 124
1195 66 96
1196 66 93
1198 66 111
1208 66 120
1211 66 114
1219 66 93
1221 66 111
1223 66 100
1227 66 128
1234 66 111
1237 66 104
1246 66 98
1247 66 108
1251 66 101
1252 66 101
1254 66 106
1261 66 96
1265 66 99
1266 66 101
1272 66 94
1275 66 100
1293 66 101
1297 66 96
1299 66 78
1304 66 94
1305 66 106
1311 66 97
1320 66 86
1321 66 103
1322 66 93
1329 66 99
1339 66 106
1343 66 89
1344 66 102
1348 66 81
1354 66 92
1361 66 88
1370 66 101
1373 66 92
1378 66 91
1380 66 78
1383 66 93
1386 66 80
1390 66 86
1394 66 93
1400 66 69
1407 66 94
1419 66 83
1428 66 80
1431 66 78
1435 66 96
1450 66 87
1463 66 90
1464 66 86
1467 66 76
1470 66 81
1475 66 96
1478 66 92
1479 66 77
1482 66 90
1484 66 81
1493 66 79
1505 66 88
1513 66 78
1523 66 61
1524 66 77
1528 66 76
1529 66 68
1532 66 68
1549 66 70
1562 66 90
1564 66 69
1570 66 73
1573 66 78
1577 66 87
1580 66 82
1581 66 74
1582 66 72
1584 66 76
1589 66 62
1593 66 64
1597 66 70
1598 66 64
1602 66 66
1603 66 64
1604 66 57
1605 66 92
1608 66 64
1617 66 65
1622 66 70
1628 66 58
1629 66 52
1637 66 69
1638 66 70
1646 66 73
1655 66 66
1659 66 60
1661 66 65
1667 66 60
1668 66 54
1672 66 60
1673 66 62
1676 66 75
1682 66 67
1685 66 56
1687 66 63
1689 66 59
1698 66 49
1701 66 63
1712 66 50
1713 66 61
1721 66 64
1724 66 68
1725 66 48
1728 66 74
1729 66 56
1732 66 62
1743 66 48
1750 66 47
1751 66 41
1757 66 53
1761 66 45
1763 66 48
1764 66 48
1769 66 44
1773 66 49
1774 66 56
1778 66 50
1780 66 58
1788 66 45
1792 66 57
1801 66 63
1815 66 52
1816 66 54
1841 66 50
1843 66 32
1846 66 41
1862 66 39
1870 66 52
1876 66 41
1882 66 33
1884 66 54
1893 66 49
1897 66 38
1898 66 27
1904 66 40
1906 66 38
1915 66 49
1923 66 35
1929 66 39
1934 66 29
1935 66 39
1940 66 50
1942 66 40
1945 66 43
1958 66 53
1961 66 39
1972 66 42
1982 66 34
1985 66 38
1989 66 30
1995 66 27
2017 66 37
2021 66 42
2025 66 28
2026 66 25
2035 66 33
2038 66 29
2041 66 34
2043 66 35
2047 66 28
2066 66 32
2071 66 26
2076 66 40
2091 66 30
2096 66 21
2107 66 24
2119 66 30
2123 66 31
2136 66 32
2144 66 26
2147 66 27
2148 66 30
2149 66 31
2164 66 34
2172 66 29
2180 66 34
2181 66 28
2192 66 27
2196 66 15
2200 66 15
2201 66 20
2203 66 32
2212 66 29
2216 66 27
2218 66 21
2229 66 29
2230 66 27
2234 66 26
2243 66 30
2248 66 16
2251 66 19
2255 66 19
2263 66 20
2270 66 24
2275 66 18
2282 66 13
2295 66 15
2298 66 17
2299 66 15
2300 66 15
2304 66 24
2309 66 18
2324 66 8
2337 66 19
2340 66 21
2343 66 16
2357 66 15
2371 66 15
2372 66 15
2373 66 10
2378 66 14
2390 66 9
2401 66 8
2416 66 11
2418 66 8
2419 66 20
2432 66 14
2439 66 8
2440 66 11
2442 66 13
2463 66 8
2464 66 4
2472 66 10
2476 66 11
2482 66 10
2491 66 14
2499 66 9
2508 66 12
2510 66 9
2513 66 7
2516 66 12
2525 66 16
2531 66 12
2549 66 9
2584 66 12
2597 66 7
2602 66 7
2609 66 9
2614 66 2
2632 66 3
2641 66 10
2645 66 6
2653 66 5
2662 66 7
2664 66 6
2671 66 3
2680 66 6
2688 66 6
2689 66 2
2697 66 4
2704 66 2
2706 66 4
2734 66 3
2735 66 2
2737 66 5
2747 66 2
2786 66 2
2794 66 2
2802 66 4
2808 66 2
2842 66 1
2847 66 2
2849 66 2
2875 66 3
2904 66 1
2908 66 1
2909 66 2
2927 66 2
2930 66 1
2949 66 1
2951 66 2
2966 66 1
2968 66 1
2986 66 1
2990 66 1
2995 66 1
2999 66 1
0 67 292
2 67 343
7 67 279
9 67 290
13 67 316
17 67 325
18 67 332
20 67 263
24 67 273
25 67 291
26 67 302
27 67 255
30 67 319
31 67 291
39 67 317
40 67 277
42 67 280
46 67 276
47 67 282
48 67 250
49 67 303
50 67 288
56 67 317
57 67 300
65 67 306
66 67 253
67 67 283
69 67 279
71 67 292
74 67 306
84 67 270
87 67 271
92 67 303
94 67 262
102 67 281
103 67 256
106 67 280
108 67 303
112 67 249
113 67 299
116 67 274
118 67 277
119 67 274
121 67 280
123 67 309
124 67 301
126 67 274
127 67 251
131 67 260
132 67 277
134 67 298
135 67 253
137 67 277
139 67 282
140 67 279
141 67 294
142 67 272
144 67 313
147 67 266
148 67 319
149 67 257
158 67 282
164 67 273
166 67 291
169 67 235
174 67 281
177 67 267
178 67 272
181 67 283
182 67 288
186 67 260
191 67 273
199 67 231
200 67 276
206 67 264
207 67 238
212 67 263
213 67 244
214 67 269
215 67 262
219 67 255
223 67 247
224 67 249
229 67 250
230 67 251
231 67 268
232 67 230
238 67 245
239 67 276
240 67 266
244 67 279
247 67 274
250 67 234
251 67 244
253 67 220
260 67 253
261 67 237
262 67 247
263 67 251
265 67 266
266 67 236
269 67 251
271 67 227
272 67 263
277 67 250
280 67 231
282 67 255
283 67 228
284 67 214
285 67 255
286 67 234
290 67 257
298 67 239
299 67 251
301 67 269
303 67 234
305 67 250
309 67 224
310 67 227
313 67 242
315 67 228
316 67 240
319 67 227
333 67 226
337 67 235
338 67 241
345 67 243
347 67 247
350 67 223
354 67 221
355 67 224
356 67 240
360 67 228
364 67 232
365 67 258
367 67 226
368 67 246
370 67 245
377 67 256
378 67 222
383 67 207
385 67 216
386 67 229
387 67 245
389 67 227
390 67 242
392 67 220
399 67 222
400 67 208
401 67 220
402 67 209
405 67 222
415 67 203
416 67 208
424 67 226
430 67 216
431 67 227
432 67 235
433 67 217
436 67 211
437 67 238
438 67 232
442 67 240
443 67 225
448 67 209
449 67 227
452 67 215
459 67 219
460 67 192
463 67 246
464 67 205
465 67 197
476 67 225
479 67 204
480 67 215
481 67 195
485 67 180
487 67 204
489 67 210
491 67 195
492 67 205
498 67 202
504 67 207
505 67 201
507 67 224
510 67 210
513 67 229
514 67 212
515 67 205
516 67 181
517 67 222
527 67 220
528 67 208
536 67 227
539 67 193
540 67 203
544 67 223
550 67 213
551 67 204
553 67 198
555 67 217
558 67 213
561 67 171
571 67 189
572 67 203
576 67 196
578 67 203
580 67 188
583 67 182
584 67 196
586 67 189
587 67 211
589 67 175
590 67 213
591 67 193
592 67 183
593 67 217
595 67 191
596 67 205
597 67 175
598 67 196
600 67 186
601 67 225
603 67 189
605 67 222
612 67 205
619 67 213
622 67 190
625 67 181
626 67 204
627 67 191
629 67 245
635 67 188
640 67 186
643 67 195
644 67 207
646 67 202
650 67 173
651 67 192
652 67 189
660 67 166
662 67 180
663 67 184
664 67 198
674 67 177
677 67 173
679 67 182
690 67 170
692 67 214
693 67 179
694 67 185
696 67 180
697 67 178
699 67 192
703 67 185
707 67 173
711 67 162
713 67 179
718 67 175
720 67 160
723 67 163
724 67 189
728 67 196
730 67 169
734 67 185
740 67 190
745 67 162
748 67 179
753 67 182
769 67 173
771 67 184
772 67 178
774 67 158
775 67 168
776 67 182
779 67 180
780 67 170
787 67 151
791 67 168
797 67 158
798 67 158
801 67 154
805 67 157
808 67 177
812 67 161
818 67 169
828 67 157
830 67 147
834 67 157
835 67 170
837 67 129
841 67 141
842 67 168
846 67 138
853 67 159
854 67 149
855 67 162
856 67 150
858 67 168
861 67 164
867 67 169
869 67 160
872 67 159
873 67 151
874 67 147
875 67 152
881 67 168
884 67 165
888 67 145
892 67 154
893 67 155
896 67 156
905 67 116
906 67 133
907 67 153
913 67 141
926 67 168
934 67 141
941 67 139
943 67 132
945 67 140
946 67 137
948 67 147
967 67 143
975 67 127
982 67 147
984 67 132
985 67 141
986 67 137
990 67 130
992 67 133
997 67 125
1000 67 128
1012 67 117
1018 67 137
1021 67 118
1025 67 111
1032 67 140
1039 67 128
1041 67 131
1044 67 134
1045 67 139
1046 67 124
1048 67 119
1051 67 163
1054 67 133
1055 67 121
1061 67 136
1063 67 127
1065 67 116
1072 67 125
1073 67 113
1083 67 111
1090 67 121
1099 67 104
1103 67 122
1109 67 134
1110 67 116
1113 67 120
1114 67 130
1119 67 135
1122 67 124
1125 67 131
1129 67 124
1131 67 114
1132 67 107
1134 67 114
1137 67 122
1139 67 141
1149 67 112
1154 67 110
1157 67 102
1167 67 115
1173 67 121
1175 67 107
1176 67 109
1188 67 124
1193 67 94
1196 67 104
1203 67 95
1207 67 107
1208 67 113
1211 67 109
1212 67 96
1213 67 132
1215 67 114
1218 67 103
1221 67 102
1238 67 101
1239 67 104
1242 67 113
1243 67 90
1256 67 115
1259 67 117
1262 67 124
1270 67 105
1271 67 91
1286 67 108
1289 67 107
1290 67 103
1297 67 95
1306 67 108
1308 67 85
1309 67 104
1310 67 101
1311 67 67
1313 67 86
1314 67 86
1321 67 93
1334 67 94
1335 67 85
1338 67 83
1353 67 95
1356 67 75
1364 67 87
1365 67 97
1367 67 70
1373 67 85
1375 67 91
1379 67 103
1383 67 85
1385 67 74
1386 67 92
1387 67 100
1392 67 88
1395 67 78
1397 67 102
1399 67 79
1400 67 103
1401 67 84
1405 67 79
1406 67 92
1416 67 83
1419 67 98
1423 67 92
1429 67 84
1430 67 95
1431 67 86
1439 67 69
1445 67 91
1446 67 83
1448 67 86
1452 67 87
1455 67 68
1457 67 73
1465 67 86
1470 67 80
1484 67 72
1496 67 87
1498 67 80
1502 67 76
1505 67 82
1506 67 67
1509 67 63
1511 67 60
1514 67 69
1526 67 79
1540 67 68
1541 67 65
1545 67 67
1551 67 80
1553 67 78
1554 67 71
1556 67 57
1566 67 61
1575 67 64
1577 67 78
1582 67 72
1584 67 58
1585 67 73
1592 67 70
1594 67 72
1598 67 66
1599 67 63
1603 67 73
1607 67 89
1610 67 71
1624 67 83
1627 67 49
1629 67 58
1645 67 51
1649 67 60
1650 67 57
1651 67 60
1652 67 62
1659 67 43
1660 67 75
1661 67 67
1669 67 49
1677 67 65
1681 67 51
1682 67 50
1686 67 72
1694 67 65
1702 67 67
1704 67 57
1709 67 48
1710 67 61
1715 67 54
1718 67 46
1725 67 59
1730 67 67
1733 67 51
1735 67 63
1737 67 51
1762 67 73
1767 67 47
1768 67 55
1769 67 48
1772 67 51
1774 67 53
1776 67 59
1779 67 49
1782 67 56
1801 67 38
1810 67 35
1839 67 39
1845 67 59
1849 67 46
1856 67 52
1857 67 47
1870 67 39
1878 67 45
1880 67 52
1882 67 41
1884 67 41
1887 67 38
1891 67 43
1898 67 41
1901 67 35
1908 67 42
1912 67 31
1928 67 59
1929 67 31
1934 67 30
1965 67 49
1967 67 34
1975 67 42
1979 67 35
1983 67 42
1990 67 27
2004 67 44
2014 67 50
2017 67 31
2021 67 29
2042 67 34
2055 67 38
2059 67 42
2066 67 22
2067 67 33
2075 67 46
2088 67 28
2093 67 24
2100 67 26
2114 67 32
2117 67 33
2120 67 27
2124 67 37
2135 67 29
2145 67 23
2147 67 34
2148 67 19
2154 67 25
2158 67 26
2174 67 21
2178 67 23
2185 67 22
2207 67 15
2209 67 16
2212 67 19
2220 67 26
2223 67 14
2228 67 21
2232 67 26
2240 67 18
2242 67 23
2243 67 18
2244 67 17
2246 67 22
2247 67 30
2263 67 36
2267 67 23
2280 67 16
2292 67 19
2297 67 20
2302 67 15
2305 67 12
2315 67 27
2332 67 17
2334 67 18
2336 67 16
2344 67 19
2348 67 16
2350 67 11
2370 67 15
2379 67 18
2381 67 12
2382 67 9
2396 67 12
2405 67 18
2407 67 22
2412 67 11
2434 67 17
2440 67 11
2452 67 17
2456 67 9
2460 67 12
2462 67 9
2471 67 10
2475 67 10
2480 67 15
2482 67 12
2508 67 9
2510 67 7
2511 67 7
2518 67 15
2520 67 11
2523 67 9
2541 67 9
2546 67 8
2557 67 8
2573 67 8
2593 67 8
2594 67 4
2595 67 7
2611 67 7
2620 67 7
2644 67 3
2656 67 5
2676 67 3
2689 67 7
2695 67 1
2709 67 7
2727 67 5
2729 67 5
2732 67 4
2733 67 3
2737 67 3
2738 67 8
2743 67 3
2760 67 2
2763 67 6
2784 67 4
2786 67 2
2796 67 4
2800 67 5
2802 67 1
2805 67 2
2810 67 3
2812 67 3
2813 67 3
2818 67 1
2829 67 2
2833 67 1
2839 67 1
2843 67 1
2847 67 4
2857 67 1
2868 67 1
2884 67 1
2890 67 1
2894 67 1
2895 67 1
2898 67 1
2899 67 2
2902 67 1
2914 67 2
2925 67 1
2931 67 1
2944 67 1
2961 67 1
2965 67 1
2970 67 1
2974 67 1
2975 67 1
2978 67 1
2982 67 1
2986 67 1
2990 67 1
2996 67 1
0 68 313
1 68 283
5 68 293
6 68 288
9 68 289
11 68 316
12 68 303
13 68 280
21 68 292
23 68 284
26 68 307
27 68 303
28 68 275
29 68 291
31 68 285
33 68 269
34 68 287
37 68 307
38 68 295
39 68 296
42 68 294
43 68 279
46 68 300
47 68 281
48 68 289
50 68 302
51 68 278
53 68 294
54 68 289
58 68 308
60 68 309
61 68 298
62 68 273
63 68 282
64 68 289
65 68 295
68 68 286
69 68 279
72 68 326
73 68 270
74 68 314
76 68 277
77 68 306
79 68 289
80 68 273
81 68 280
83 68 299
86 68 257
89 68 282
94 68 271
95 68 287
97 68 266
99 68 292
101 68 284
108 68 291
109 68 300
112 68 276
115 68 281
117 68 274
121 68 277
123 68 271
124 68 298
126 68 273
133 68 266
134 68 268
135 68 278
137 68 242
139 68 270
140 68 304
144 68 252
146 68 258
147 68 298
150 68 252
151 68 284
154 68 275
155 68 274
156 68 273
159 68 255
161 68 283
163 68 255
165 68 261
166 68 283
167 68 261
171 68 296
173 68 250
181 68 271
183 68 295
185 68 268
187 68 265
188 68 273
191 68 284
193 68 252
194 68 256
195 68 265
197 68 283
198 68 240
200 68 224
201 68 269
204 68 266
206 68 243
207 68 296
209 68 292
210 68 279
211 68 251
212 68 249
215 68 244
220 68 247
221 68 257
226 68 248
231 68 264
234 68 237
235 68 261
236 68 230
237 68 253
239 68 245
241 68 234
243 68 252
246 68 273
248 68 256
249 68 245
250 68 257
251 68 249
253 68 204
254 68 281
256 68 264
266 68 247
267 68 252
272 68 246
273 68 243
274 68 258
276 68 255
278 68 218
281 68 236
282 68 251
287 68 255
291 68 219
303 68 251
307 68 222
308 68 261
317 68 264
318 68 239
319 68 248
321 68 234
329 68 206
330 68 239
332 68 228
335 68 247
337 68 217
339 68 216
340 68 227
341 68 241
343 68 243
345 68 205
355 68 253
357 68 242
361 68 236
364 68 253
366 68 261
369 68 246
370 68 256
371 68 243
372 68 238
376 68 241
377 68 244
380 68 224
381 68 237
382 68 233
384 68 239
385 68 229
386 68 222
388 68 229
395 68 200
398 68 236
399 68 252
403 68 235
406 68 224
407 68 248
416 68 213
417 68 230
421 68 221
424 68 250
426 68 234
429 68 211
430 68 235
431 68 231
432 68 215
434 68 220
436 68 208
439 68 229
440 68 201
442 68 241
443 68 219
444 68 232
445 68 225
446 68 219
451 68 220
458 68 198
459 68 225
461 68 252
462 68 238
463 68 211
464 68 224
466 68 217
467 68 182
470 68 211
474 68 188
477 68 207
481 68 191
483 68 206
489 68 220
490 68 219
493 68 218
497 68 215
499 68 203
500 68 216
506 68 230
508 68 176
515 68 196
518 68 223
520 68 228
523 68 196
524 68 206
525 68 218
526 68 211
528 68 194
529 68 196
531 68 208
533 68 213
534 68 210
538 68 217
542 68 200
546 68 214
548 68 199
550 68 196
556 68 207
559 68 181
561 68 210
562 68 192
563 68 220
564 68 186
565 68 198
566 68 209
568 68 179
569 68 179
571 68 188
572 68 189
573 68 188
576 68 212
579 68 176
581 68 187
584 68 186
585 68 173
586 68 188
587 68 188
589 68 188
591 68 180
593 68 199
594 68 185
595 68 190
596 68 207
601 68 189
605 68 175
606 68 206
608 68 192
609 68 191
610 68 197
611 68 214
613 68 183
619 68 214
624 68 199
627 68 182
628 68 166
630 68 185
631 68 199
635 68 193
644 68 181
645 68 215
648 68 193
649 68 163
650 68 186
651 68 189
653 68 178
657 68 182
659 68 181
662 68 183
665 68 178
668 68 174
674 68 179
677 68 168
679 68 173
680 68 192
682 68 183
683 68 178
689 68 174
695 68 176
696 68 175
701 68 173
702 68 167
711 68 168
712 68 165
714 68 175
717 68 174
718 68 168
720 68 154
729 68 175
731 68 158
732 68 160
736 68 191
740 68 179
741 68 172
742 68 177
747 68 195
750 68 180
757 68 175
758 68 186
761 68 185
763 68 148
765 68 143
768 68 171
769 68 171
771 68 169
778 68 170
783 68 177
795 68 153
811 68 184
812 68 148
823 68 165
825 68 151
829 68 150
839 68 168
845 68 168
849 68 155
850 68 167
855 68 177
856 68 151
862 68 155
865 68 170
868 68 168
869 68 157
871 68 146
873 68 135
876 68 160
877 68 135
878 68 138
881 68 149
885 68 177
886 68 146
887 68 151
893 68 153
896 68 143
898 68 146
901 68 130
908 68 147
909 68 155
914 68 164
915 68 147
918 68 142
921 68 125
925 68 156
929 68 173
932 68 136
935 68 124
947 68 156
958 68 141
962 68 121
965 68 117
970 68 135
971 68 139
981 68 137
987 68 144
988 68 145
1009 68 138
1010 68 132
1011 68 137
1012 68 142
1014 68 151
1016 68 133
1017 68 139
1020 68 127
1021 68 153
1025 68 132
1027 68 161
1028 68 103
1032 68 146
1035 68 129
1036 68 148
1037 68 137
1038 68 123
1040 68 125
1041 68 145
1046 68 146
1055 68 156
1057 68 137
1059 68 125
1060 68 146
1061 68 113
1062 68 114
1066 68 109
1069 68 116
1071 68 122
1072 68 122
1074 68 145
1079 68 126
1080 68 138
1082 68 124
1086 68 106
1088 68 113
1090 68 133
1099 68 138
1101 68 123
1106 68 108
1109 68 106
1110 68 136
1114 68 114
1123 68 113
1127 68 112
1135 68 122
1136 68 105
1137 68 106
1149 68 108
1150 68 111
1151 68 152
1155 68 119
1157 68 118
1162 68 115
1165 68 120
1172 68 115
1174 68 110
1177 68 124
1178 68 109
1186 68 116
1193 68 119
1199 68 123
1203 68 127
1205 68 115
1206 68 117
1209 68 103
1213 68 107
1214 68 99
1216 68 113
1223 68 88
1227 68 113
1228 68 106
1229 68 111
1230 68 85
1232 68 109
1244 68 111
1247 68 114
1259 68 110
1264 68 106
1273 68 90
1277 68 98
1281 68 103
1286 68 121
1291 68 111
1292 68 81
1294 68 102
1300 68 99
1301 68 83
1307 68 100
1317 68 105
1322 68 107
1333 68 93
1335 68 87
1343 68 96
1346 68 120
1347 68 85
1360 68 76
1378 68 102
1380 68 86
1381 68 102
1382 68 81
1384 68 86
1385 68 101
1386 68 95
1387 68 89
1388 68 90
1389 68 83
1390 68 77
1391 68 99
1393 68 97
1397 68 89
1409 68 71
1410 68 99
1411 68 111
1425 68 86
1429 68 77
1439 68 86
1443 68 90
1447 68 91
1454 68 91
1458 68 97
1459 68 78
1463 68 92
1470 68 92
1472 68 85
1473 68 91
1478 68 71
1481 68 75
1482 68 74
1487 68 89
1488 68 69
1491 68 94
1506 68 69
1511 68 75
1513 68 80
1518 68 67
1519 68 79
1525 68 68
1533 68 74
1541 68 76
1543 68 77
1544 68 77
1545 68 65
1546 68 61
1547 68 65
1554 68 64
1555 68 70
1563 68 78
1575 68 63
1577 68 70
1580 68 84
1581 68 64
1583 68 70
1584 68 65
1592 68 68
1595 68 71
1596 68 54
1602 68 77
1623 68 63
1629 68 62
1631 68 72
1637 68 59
1640 68 51
1642 68 66
1645 68 75
1655 68 54
1662 68 69
1667 68 64
1668 68 63
1675 68 68
1679 68 53
1688 68 59
1690 68 64
1700 68 54
1702 68 68
1708 68 71
1712 68 54
1716 68 65
1717 68 60
1722 68 63
1726 68 61
1730 68 67
1733 68 47
1735 68 60
1736 68 44
1750 68 66
1752 68 54
1759 68 48
1762 68 61
1766 68 58
1770 68 50
1774 68 54
1783 68 52
1784 68 59
1785 68 50
1786 68 62
1787 68 39
1792 68 58
1804 68 52
1807 68 45
1818 68 41
1822 68 42
1840 68 43
1842 68 42
1857 68 52
1863 68 47
1882 68 58
1893 68 45
1904 68 39
1909 68 41
1911 68 30
1917 68 42
1922 68 38
1936 68 34
1951 68 40
1958 68 45
1972 68 40
1980 68 41
1993 68 35
2018 68 33
2021 68 30
2024 68 37
2032 68 27
2059 68 34
2060 68 38
2061 68 32
2074 68 28
2086 68 28
2107 68 41
2117 68 19
2119 68 23
2126 68 34
2134 68 31
2153 68 21
2159 68 27
2174 68 23
2175 68 35
2181 68 34
2183 68 19
2189 68 21
2191 68 21
2220 68 21
2224 68 27
2243 68 16
2250 68 20
2254 68 15
2256 68 26
2260 68 20
2261 68 18
2264 68 17
2273 68 20
2274 68 20
2277 68 21
2294 68 19
2300 68 15
2306 68 12
2314 68 23
2315 68 14
2333 68 10
2344 68 19
2362 68 14
2364 68 10
2373 68 20
2387 68 8
2388 68 14
2390 68 22
2391 68 15
2396 68 13
2403 68 18
2425 68 12
2430 68 13
2433 68 12
2437 68 16
2438 68 17
2450 68 10
2459 68 9
2460 68 12
2466 68 4
2470 68 11
2476 68 9
2482 68 12
2484 68 13
2491 68 8
2492 68 13
2498 68 11
2501 68 12
2509 68 10
2513 68 6
2518 68 11
2523 68 8
2528 68 5
2540 68 9
2544 68 8
2549 68 9
2551 68 7
2568 68 7
2573 68 10
2576 68 11
2578 68 5
2582 68 6
2588 68 4
2589 68 6
2603 68 6
2604 68 3
2615 68 4
2621 68 7
2631 68 4
2638 68 9
2643 68 7
2645 68 4
2648 68 2
2665 68 3
2669 68 5
2685 68 3
2704 68 6
2746 68 4
2753 68 2
2755 68 5
2768 68 5
2771 68 3
2781 68 4
2782 68 4
2787 68 2
2801 68 3
2828 68 2
2831 68 1
2833 68 1
2843 68 1
2850 68 2
2851 68 1
2864 68 2
2886 68 4
2892 68 1
2898 68 1
2906 68 1
2914 68 1
2919 68 1
2922 68 1
2936 68 1
2938 68 1
2943 68 1
2944 68 1
2954 68 1
2959 68 1
2964 68 1
2975 68 1
2982 68 1
0 69 269
10 69 276
14 69 299
16 69 298
18 69 301
19 69 279
25 69 302
26 69 317
29 69 302
31 69 279
32 69 298
36 69 322
37 69 287
40 69 291
41 69 295
46 69 283
50 69 297
51 69 318
52 69 280
53 69 273
55 69 275
60 69 291
66 69 289
67 69 263
68 69 288
70 69 291
71 69 292
74 69 274
76 69 308
77 69 267
80 69 264
81 69 250
84 69 288
87 69 292
89 69 258
91 69 312
92 69 300
93 69 294
94 69 292
101 69 285
102 69 297
106 69 280
107 69 277
110 69 277
111 69 274
112 69 256
114 69 248
116 69 255
117 69 270
120 69 299
123 69 287
127 69 307
128 69 286
129 69 276
131 69 276
132 69 285
133 69 267
135 69 259
136 69 270
137 69 261
139 69 275
141 69 292
142 69 244
143 69 259
144 69 254
145 69 269
146 69 283
147 69 256
149 69 290
150 69 276
156 69 282
158 69 251
160 69 258
161 69 260
167 69 299
168 69 278
169 69 296
170 69 271
173 69 282
177 69 272
180 69 247
181 69 284
183 69 288
184 69 241
185 69 250
187 69 279
188 69 253
191 69 268
192 69 270
193 69 283
197 69 264
200 69 269
202 69 254
204 69 277
206 69 232
208 69 279
210 69 248
212 69 284
213 69 288
216 69 268
217 69 284
218 69 262
220 69 273
222 69 265
223 69 255
225 69 252
226 69 250
227 69 245
228 69 274
234 69 251
236 69 259
238 69 236
239 69 245
240 69 266
244 69 240
245 69 252
248 69 257
253 69 264
255 69 234
258 69 240
260 69 265
263 69 224
265 69 268
266 69 262
269 69 239
270 69 226
274 69 253
277 69 267
280 69 251
282 69 255
283 69 269
285 69 256
286 69 248
302 69 259
309 69 243
310 69 231
311 69 267
312 69 224
316 69 261
326 69 232
328 69 245
329 69 228
330 69 232
335 69 249
336 69 222
345 69 218
355 69 198
356 69 242
357 69 237
358 69 229
360 69 192
364 69 241
367 69 251
371 69 249
373 69 236
375 69 251
377 69 229
378 69 229
380 69 220
382 69 238
383 69 250
384 69 215
388 69 222
390 69 213
397 69 245
400 69 228
401 69 227
408 69 233
409 69 222
410 69 216
414 69 221
417 69 225
419 69 246
421 69 233
424 69 230
427 69 213
430 69 238
435 69 235
436 69 211
440 69 192
445 69 245
449 69 212
450 69 218
451 69 213
453 69 216
454 69 249
455 69 219
457 69 253
459 69 221
464 69 237
473 69 234
474 69 231
476 69 205
478 69 197
480 69 216
481 69 206
482 69 214
485 69 194
486 69 200
488 69 204
490 69 214
495 69 196
500 69 214
501 69 233
505 69 216
508 69 208
510 69 181
511 69 220
512 69 203
513 69 220
516 69 227
517 69 215
518 69 204
519 69 222
521 69 207
522 69 187
523 69 201
531 69 207
538 69 224
540 69 197
541 69 221
551 69 205
557 69 200
560 69 191
564 69 199
567 69 207
571 69 198
573 69 220
576 69 177
580 69 203
581 69 196
584 69 205
585 69 167
588 69 213
592 69 203
593 69 192
596 69 195
597 69 224
598 69 188
607 69 199
610 69 201
612 69 193
613 69 191
614 69 203
616 69 157
623 69 191
627 69 198
629 69 194
630 69 202
634 69 178
635 69 164
639 69 185
640 69 204
643 69 197
647 69 218
657 69 186
664 69 194
673 69 189
681 69 166
682 69 188
683 69 181
684 69 162
686 69 187
687 69 172
688 69 178
702 69 186
703 69 185
706 69 186
707 69 164
711 69 174
715 69 163
723 69 188
725 69 166
726 69 197
731 69 155
734 69 170
737 69 117
749 69 172
754 69 163
755 69 157
759 69 187
765 69 163
767 69 165
775 69 174
776 69 150
779 69 167
780 69 145
781 69 179
783 69 168
787 69 167
789 69 165
791 69 164
796 69 149
797 69 177
806 69 158
813 69 159
814 69 165
819 69 177
820 69 173
824 69 162
828 69 148
830 69 160
831 69 150
833 69 170
836 69 158
840 69 154
847 69 161
849 69 165
853 69 176
855 69 156
860 69 159
861 69 143
865 69 144
867 69 156
872 69 141
876 69 163
877 69 142
879 69 157
880 69 152
888 69 114
897 69 149
901 69 155
902 69 158
906 69 158
907 69 130
910 69 140
911 69 142
913 69 131
921 69 146
923 69 154
926 69 139
927 69 141
928 69 141
930 69 159
932 69 136
934 69 129
947 69 140
953 69 127
954 69 145
955 69 144
961 69 140
962 69 131
964 69 146
966 69 130
970 69 130
975 69 149
978 69 129
990 69 157
991 69 150
1005 69 136
1009 69 124
1010 69 120
1015 69 148
1020 69 125
1026 69 138
1034 69 107
1036 69 146
1040 69 125
1041 69 131
1042 69 129
1043 69 121
1049 69 129
1052 69 114
1060 69 138
1061 69 138
1067 69 134
1070 69 127
1071 69 135
1074 69 138
1075 69 130
1084 69 140
1087 69 122
1092 69 118
1098 69 127
1099 69 118
1100 69 107
1108 69 131
1110 69 124
1116 69 108
1128 69 136
1133 69 110
1135 69 137
1136 69 103
1143 69 110
1144 69 131
1147 69 129
1152 69 124
1153 69 101
1155 69 126
1163 69 125
1165 69 126
1169 69 107
1171 69 104
1180 69 133
1186 69 114
1188 69 93
1197 69 98
1204 69 99
1207 69 111
1208 69 132
1213 69 97
1218 69 111
1223 69 104
1224 69 108
1225 69 116
1236 69 105
1237 69 109
1238 69 99
1240 69 103
1242 69 101
1243 69 109
1244 69 98
1249 69 100
1257 69 89
1258 69 105
1267 69 93
1284 69 95
1286 69 84
1300 69 98
1317 69 88
1322 69 97
1333 69 104
1337 69 111
1349 69 110
1350 69 105
1351 69 90
1359 69 96
1363 69 116
1368 69 79
1369 69 90
1370 69 109
1373 69 99
1375 69 88
1386 69 90
1388 69 104
1405 69 93
1406 69 75
1407 69 106
1427 69 84
1428 69 74
1436 69 83
1444 69 75
1446 69 79
1448 69 86
1451 69 85
1454 69 100
1474 69 88
1475 69 82
1482 69 68
1486 69 80
1491 69 79
1521 69 84
1522 69 86
1529 69 85
1532 69 78
1535 69 61
1543 69 88
1544 69 72
1551 69 90
1555 69 60
1556 69 60
1563 69 78
1565 69 70
1566 69 54
1569 69 74
1571 69 75
1578 69 64
1596 69 75
1604 69 78
1607 69 65
1612 69 71
1623 69 68
1631 69 50
1634 69 68
1640 69 72
1644 69 66
1645 69 63
1651 69 46
1658 69 54
1661 69 76
1671 69 62
1679 69 67
1684 69 40
1690 69 53
1691 69 55
1692 69 65
1705 69 59
1719 69 55
1720 69 59
1723 69 64
1724 69 60
1726 69 52
1731 69 58
1741 69 43
1745 69 68
1748 69 60
1750 69 62
1751 69 51
1758 69 55
1759 69 47
1768 69 45
1772 69 60
1774 69 46
1781 69 48
1785 69 50
1788 69 51
1796 69 51
1800 69 49
1802 69 44
1806 69 40
1812 69 46
1814 69 50
1828 69 40
1834 69 57
1838 69 46
1844 69 44
1848 69 47
1849 69 53
1871 69 38
1876 69 46
1892 69 46
1898 69 40
1899 69 46
1915 69 49
1917 69 42
1934 69 36
1935 69 44
1938 69 39
1939 69 43
1941 69 30
1953 69 29
1966 69 40
1971 69 32
1977 69 40
1981 69 39
1986 69 43
1990 69 33
1993 69 31
2002 69 36
2006 69 28
2022 69 33
2023 69 27
2028 69 32
2040 69 34
2064 69 25
2065 69 33
2066 69 32
2069 69 31
2074 69 27
2075 69 26
2087 69 31
2091 69 32
2098 69 30
2100 69 28
2102 69 29
2110 69 25
2121 69 32
2122 69 26
2128 69 27
2133 69 27
2135 69 20
2137 69 31
2145 69 21
2155 69 20
2168 69 29
2171 69 22
2172 69 26
2183 69 19
2188 69 27
2193 69 19
2202 69 21
2203 69 22
2205 69 17
2211 69 21
2215 69 20
2216 69 23
2219 69 23
2222 69 26
2248 69 18
2261 69 19
2272 69 18
2273 69 21
2283 69 17
2287 69 23
2303 69 19
2311 69 19
2314 69 18
2317 69 18
2318 69 24
2319 69 19
2331 69 13
2336 69 21
2353 69 10
2378 69 14
2386 69 16
2388 69 14
2395 69 13
2401 69 14
2420 69 18
2432 69 12
2435 69 17
2449 69 12
2455 69 11
2462 69 14
2464 69 6
2479 69 8
2481 69 6
2483 69 11
2485 69 9
2500 69 11
2504 69 10
2507 69 6
2514 69 8
2533 69 14
2540 69 16
2546 69 9
2553 69 9
2554 69 12
2557 69 9
2581 69 7
2583 69 6
2587 69 5
2600 69 6
2609 69 9
2613 69 4
2620 69 6
2622 69 5
2627 69 11
2629 69 3
2632 69 6
2636 69 9
2647 69 3
2653 69 5
2658 69 5
2661 69 5
2667 69 4
2682 69 6
2688 69 1
2698 69 4
2703 69 6
2710 69 6
2712 69 2
2720 69 5
2721 69 1
2746 69 5
2750 69 5
2753 69 1
2765 69 3
2770 69 4
2772 69 3
2780 69 2
2796 69 2
2797 69 2
2798 69 5
2802 69 2
2814 69 3
2827 69 1
2831 69 3
2835 69 1
2846 69 1
2852 69 4
2856 69 2
2857 69 2
2869 69 1
2881 69 1
2884 69 2
2894 69 2
2914 69 1
2925 69 1
2941 69 1
2950 69 1
2961 69 1
2962 69 1
2969 69 1
2970 69 1
2971 69 1
2995 69 1
0 70 319
5 70 290
12 70 302
14 70 302
15 70 309
16 70 328
17 70 294
18 70 284
19 70 317
21 70 304
22 70 269
25 70 279
26 70 288
28 70 311
33 70 272
35 70 279
37 70 305
38 70 321
40 70 292
41 70 271
43 70 329
44 70 298
47 70 289
51 70 274
52 70 279
53 70 282
61 70 301
63 70 295
64 70 296
65 70 255
75 70 289
76 70 274
78 70 309
82 70 267
83 70 258
88 70 291
89 70 270
90 70 284
91 70 270
92 70 290
94 70 291
95 70 284
96 70 259
99 70 266
101 70 288
103 70 278
112 70 280
114 70 271
115 70 298
116 70 282
118 70 269
120 70 289
126 70 261
130 70 262
131 70 306
133 70 270
134 70 253
135 70 267
137 70 292
138 70 229
139 70 282
140 70 256
142 70 259
143 70 289
144 70 260
147 70 283
148 70 267
149 70 260
150 70 275
153 70 269
157 70 253
159 70 246
161 70 287
163 70 248
164 70 248
165 70 271
166 70 253
168 70 284
172 70 278
177 70 265
178 70 275
180 70 264
181 70 249
183 70 298
184 70 280
186 70 246
189 70 267
192 70 261
196 70 255
198 70 230
200 70 280
202 70 261
207 70 269
209 70 273
210 70 249
214 70 262
215 70 273
218 70 269
219 70 275
221 70 260
223 70 296
225 70 259
228 70 261
232 70 258
234 70 218
237 70 284
238 70 255
240 70 254
248 70 262
250 70 237
252 70 256
255 70 249
261 70 252
264 70 247
266 70 272
269 70 301
271 70 250
274 70 258
275 70 269
276 70 240
281 70 245
282 70 223
285 70 278
288 70 261
289 70 236
290 70 263
291 70 263
292 70 236
293 70 255
298 70 248
303 70 242
304 70 243
305 70 235
306 70 219
311 70 245
314 70 248
315 70 246
317 70 238
318 70 248
319 70 238
324 70 259
332 70 230
333 70 253
336 70 233
344 70 244
346 70 269
348 70 244
353 70 244
357 70 233
361 70 242
363 70 241
368 70 227
369 70 233
370 70 230
371 70 244
374 70 270
375 70 224
376 70 254
377 70 224
379 70 238
384 70 223
387 70 284
390 70 208
391 70 218
393 70 206
395 70 235
396 70 188
397 70 243
400 70 237
404 70 240
405 70 256
406 70 236
407 70 247
410 70 236
412 70 227
418 70 220
419 70 233
423 70 218
425 70 241
427 70 210
436 70 223
438 70 238
441 70 209
442 70 218
449 70 226
453 70 221
459 70 213
461 70 220
463 70 212
464 70 210
466 70 181
471 70 242
472 70 204
474 70 211
476 70 227
482 70 224
483 70 206
484 70 210
491 70 200
492 70 225
497 70 223
500 70 196
501 70 197
503 70 218
512 70 214
514 70 218
520 70 227
521 70 187
527 70 191
529 70 204
530 70 180
533 70 242
534 70 160
536 70 218
537 70 188
539 70 218
546 70 202
550 70 194
552 70 192
555 70 206
556 70 218
557 70 177
561 70 217
562 70 195
563 70 186
565 70 188
567 70 176
568 70 176
579 70 209
590 70 210
592 70 196
595 70 203
597 70 184
598 70 216
599 70 176
601 70 185
606 70 171
608 70 215
609 70 191
611 70 192
614 70 186
617 70 181
619 70 198
620 70 182
634 70 185
636 70 180
641 70 179
643 70 187
644 70 198
645 70 166
650 70 190
654 70 177
658 70 168
659 70 192
660 70 181
661 70 170
662 70 164
664 70 198
666 70 194
667 70 219
677 70 171
681 70 192
684 70 189
685 70 163
686 70 192
692 70 180
693 70 171
698 70 176
700 70 187
708 70 201
711 70 180
714 70 187
718 70 183
720 70 182
725 70 166
727 70 195
729 70 154
734 70 164
740 70 156
741 70 161
747 70 188
750 70 178
756 70 188
759 70 165
760 70 173
761 70 167
763 70 161
768 70 153
771 70 180
773 70 208
775 70 176
776 70 165
783 70 187
785 70 161
787 70 172
790 70 166
805 70 183
809 70 169
812 70 137
814 70 169
819 70 158
824 70 168
828 70 158
829 70 167
834 70 142
838 70 160
841 70 136
844 70 180
847 70 143
848 70 167
849 70 172
852 70 147
855 70 139
863 70 165
868 70 169
875 70 140
876 70 154
877 70 129
880 70 157
883 70 142
885 70 151
887 70 146
888 70 164
890 70 157
892 70 137
894 70 159
896 70 129
897 70 163
904 70 135
909 70 167
913 70 180
917 70 145
918 70 146
919 70 130
920 70 133
924 70 130
926 70 131
930 70 145
931 70 144
933 70 139
937 70 160
939 70 129
941 70 142
944 70 164
950 70 146
956 70 108
962 70 144
970 70 145
974 70 145
976 70 137
977 70 142
980 70 146
981 70 130
984 70 134
986 70 150
994 70 122
998 70 124
1000 70 154
1008 70 138
1010 70 112
1014 70 122
1025 70 122
1026 70 142
1030 70 126
1031 70 144
1041 70 125
1042 70 135
1043 70 137
1044 70 133
1052 70 140
1053 70 130
1057 70 106
1065 70 132
1074 70 129
1077 70 126
1087 70 125
1092 70 139
1093 70 123
1098 70 116
1100 70 131
1105 70 138
1108 70 119
1109 70 116
1113 70 120
1122 70 116
1126 70 125
1128 70 110
1133 70 111
1135 70 124
1142 70 120
1144 70 128
1153 70 106
1154 70 102
1163 70 111
1164 70 116
1165 70 101
1173 70 124
1174 70 105
1175 70 116
1177 70 120
1178 70 119
1181 70 121
1193 70 124
1202 70 115
1206 70 92
1208 70 121
1215 70 104
1218 70 105
1222 70 98
1223 70 103
1230 70 104
1236 70 106
1237 70 101
1243 70 113
1244 70 100
1247 70 108
1249 70 108
1255 70 100
1264 70 107
1278 70 102
1280 70 106
1283 70 93
1291 70 109
1297 70 88
1299 70 91
1303 70 106
1308 70 114
1311 70 106
1312 70 84
1322 70 87
1327 70 92
1336 70 85
1342 70 80
1347 70 97
1350 70 95
1372 70 97
1374 70 89
1388 70 84
1394 70 77
1402 70 77
1403 70 102
1405 70 80
1408 70 80
1414 70 80
1416 70 78
1423 70 91
1439 70 97
1440 70 96
1444 70 67
1449 70 80
1450 70 73
1452 70 103
1456 70 84
1472 70 105
1473 70 68
1474 70 74
1475 70 82
1476 70 70
1486 70 97
1490 70 79
1492 70 84
1494 70 63
1500 70 66
1502 70 90
1503 70 77
1506 70 79
1508 70 76
1511 70 73
1514 70 71
1527 70 80
1528 70 85
1529 70 71
1535 70 68
1537 70 91
1541 70 78
1545 70 80
1568 70 91
1569 70 71
1573 70 68
1581 70 66
1587 70 74
1590 70 72
1592 70 67
1596 70 70
1599 70 73
1600 70 73
1601 70 63
1602 70 67
1608 70 86
1613 70 53
1615 70 62
1617 70 68
1623 70 59
1630 70 54
1631 70 60
1634 70 73
1638 70 71
1640 70 63
1641 70 58
1648 70 57
1663 70 66
1669 70 41
1679 70 83
1681 70 59
1690 70 55
1697 70 54
1699 70 80
1709 70 67
1712 70 55
1715 70 54
1717 70 49
1726 70 60
1733 70 54
1734 70 41
1745 70 45
1749 70 56
1756 70 61
1760 70 69
1764 70 55
1766 70 57
1767 70 54
1768 70 60
1782 70 53
1786 70 47
1790 70 71
1791 70 64
1807 70 57
1817 70 46
1818 70 41
1830 70 36
1833 70 40
1841 70 44
1842 70 40
1846 70 45
1852 70 56
1862 70 42
1865 70 37
1872 70 45
1879 70 44
1887 70 45
1891 70 36
1894 70 44
1902 70 45
1909 70 46
1923 70 36
1927 70 33
1928 70 34
1942 70 38
1947 70 37
1952 70 35
1955 70 43
1959 70 45
1970 70 33
1972 70 39
1973 70 42
1978 70 38
1979 70 44
1980 70 32
1987 70 39
1989 70 35
1990 70 35
1997 70 45
1999 70 39
2001 70 39
2010 70 30
2011 70 39
2030 70 41
2038 70 30
2051 70 34
2063 70 26
2066 70 21
2068 70 27
2073 70 23
2075 70 29
2082 70 28
2083 70 34
2086 70 43
2093 70 23
2097 70 25
2100 70 26
2108 70 28
2112 70 27
2117 70 21
2124 70 42
2132 70 33
2143 70 26
2152 70 25
2155 70 33
2173 70 32
2176 70 33
2178 70 27
2187 70 21
2189 70 21
2192 70 20
2194 70 23
2205 70 23
2230 70 22
2232 70 15
2242 70 18
2285 70 19
2288 70 11
2293 70 17
2300 70 15
2302 70 16
2313 70 19
2323 70 13
2324 70 15
2334 70 17
2348 70 19
2349 70 12
2360 70 20
2381 70 23
2394 70 14
2396 70 15
2398 70 20
2425 70 24
2441 70 10
2449 70 8
2450 70 10
2451 70 14
2465 70 14
2471 70 10
2475 70 12
2482 70 14
2489 70 11
2490 70 9
2495 70 9
2502 70 7
2509 70 3
2510 70 9
2516 70 6
2535 70 6
2545 70 8
2549 70 14
2564 70 7
2566 70 6
2573 70 9
2578 70 4
2583 70 6
2585 70 5
2601 70 9
2604 70 8
2606 70 10
2608 70 6
2609 70 13
2612 70 8
2641 70 9
2647 70 1
2665 70 9
2675 70 2
2683 70 4
2684 70 6
2693 70 3
2695 70 4
2703 70 6
2718 70 3
2721 70 1
2725 70 4
2745 70 6
2752 70 2
2753 70 7
2771 70 3
2776 70 4
2778 70 2
2780 70 5
2783 70 1
2787 70 1
2812 70 1
2821 70 6
2826 70 3
2852 70 2
2857 70 2
2888 70 2
2892 70 2
2895 70 2
2901 70 1
2902 70 1
2918 70 1
2923 70 1
2924 70 1
2932 70 1
2934 70 2
2936 70 1
2939 70 2
2946 70 1
2970 70 1
2980 70 2
2987 70 1
0 71 313
3 71 301
5 71 318
8 71 321
12 71 296
14 71 303
19 71 307
22 71 251
24 71 293
26 71 272
33 71 279
34 71 306
35 71 316
38 71 296
40 71 298
44 71 290
46 71 274
47 71 289
49 71 301
51 71 312
53 71 268
57 71 284
58 71 323
59 71 307
61 71 286
62 71 307
65 71 291
67 71 257
68 71 305
71 71 283
75 71 315
76 71 282
80 71 282
81 71 297
83 71 284
85 71 297
87 71 271
88 71 250
90 71 272
91 71 276
94 71 289
95 71 247
96 71 301
97 71 275
98 71 294
101 71 311
102 71 325
103 71 281
106 71 313
107 71 258
108 71 331
110 71 281
111 71 296
112 71 311
113 71 289
115 71 272
117 71 283
118 71 280
119 71 272
121 71 289
124 71 258
129 71 298
136 71 280
137 71 265
140 71 247
141 71 281
148 71 284
152 71 274
154 71 275
158 71 261
159 71 240
160 71 288
162 71 275
164 71 277
166 71 263
168 71 260
169 71 273
171 71 268
176 71 263
179 71 269
180 71 230
183 71 263
184 71 287
189 71 281
193 71 259
194 71 277
195 71 270
196 71 264
197 71 257
199 71 266
201 71 259
203 71 252
205 71 273
207 71 250
209 71 234
213 71 272
217 71 285
219 71 304
221 71 240
222 71 286
223 71 260
224 71 298
226 71 265
232 71 264
234 71 260
236 71 256
238 71 259
243 71 253
244 71 261
246 71 239
247 71 273
249 71 258
251 71 261
252 71 252
260 71 266
262 71 229
267 71 249
268 71 248
269 71 255
271 71 266
274 71 222
276 71 247
278 71 251
279 71 275
284 71 249
285 71 246
286 71 265
287 71 267
292 71 247
295 71 272
296 71 258
298 71 232
306 71 246
310 71 221
312 71 223
314 71 239
315 71 246
316 71 243
319 71 237
320 71 236
324 71 236
327 71 249
328 71 215
329 71 239
333 71 255
335 71 249
336 71 228
337 71 249
340 71 232
341 71 209
347 71 227
351 71 242
352 71 227
353 71 227
355 71 228
356 71 238
362 71 231
368 71 214
372 71 240
373 71 246
385 71 225
386 71 227
391 71 232
392 71 233
393 71 226
394 71 240
397 71 242
398 71 210
403 71 233
404 71 224
408 71 226
413 71 234
416 71 206
424 71 249
425 71 220
428 71 246
429 71 224
430 71 218
433 71 221
434 71 217
435 71 206
436 71 202
438 71 216
441 71 238
443 71 235
444 71 218
447 71 207
448 71 243
456 71 237
458 71 198
460 71 226
462 71 211
464 71 222
471 71 226
472 71 216
473 71 217
476 71 222
477 71 218
478 71 232
480 71 223
482 71 203
483 71 195
489 71 208
491 71 223
500 71 201
513 71 205
514 71 204
516 71 207
518 71 207
519 71 215
520 71 210
521 71 204
524 71 222
534 71 202
539 71 219
543 71 207
547 71 203
549 71 185
558 71 212
566 71 197
567 71 184
572 71 190
574 71 207
575 71 190
576 71 222
579 71 192
580 71 168
583 71 199
591 71 204
592 71 203
597 71 186
600 71 205
607 71 183
612 71 166
613 71 168
614 71 205
618 71 183
621 71 193
622 71 197
623 71 185
625 71 174
626 71 231
628 71 177
629 71 201
635 71 200
639 71 186
641 71 189
643 71 201
645 71 196
646 71 189
653 71 179
660 71 181
666 71 183
667 71 180
670 71 208
674 71 189
680 71 196
684 71 162
690 71 185
691 71 168
695 71 191
696 71 174
699 71 169
700 71 171
701 71 157
710 71 180
714 71 174
715 71 158
717 71 171
719 71 157
721 71 160
724 71 166
727 71 167
730 71 158
732 71 209
733 71 192
736 71 165
739 71 171
740 71 171
743 71 188
749 71 162
753 71 164
754 71 194
760 71 165
761 71 169
768 71 151
770 71 169
772 71 177
774 71 161
776 71 161
777 71 169
782 71 190
784 71 172
786 71 180
787 71 162
789 71 183
791 71 168
792 71 147
800 71 169
804 71 174
806 71 167
807 71 176
812 71 156
815 71 157
816 71 161
821 71 178
824 71 149
826 71 161
833 71 147
835 71 145
838 71 173
842 71 143
844 71 121
845 71 169
846 71 154
862 71 161
865 71 156
869 71 175
872 71 168
873 71 153
877 71 166
879 71 172
880 71 136
892 71 170
895 71 144
896 71 167
897 71 144
902 71 152
904 71 152
906 71 160
908 71 156
911 71 143
912 71 151
917 71 148
920 71 139
921 71 154
922 71 133
924 71 146
926 71 145
931 71 139
935 71 143
937 71 128
945 71 156
949 71 148
955 71 147
956 71 118
960 71 126
964 71 121
965 71 133
972 71 140
976 71 125
977 71 149
980 71 137
981 71 135
982 71 137
986 71 130
987 71 148
988 71 151
990 71 121
994 71 162
998 71 139
1000 71 134
1005 71 116
1006 71 148
1012 71 125
1013 71 143
1015 71 161
1024 71 125
1030 71 128
1033 71 133
1035 71 127
1041 71 117
1045 71 121
1049 71 133
1057 71 126
1063 71 116
1064 71 117
1066 71 133
1067 71 122
1068 71 129
1069 71 135
1072 71 122
1076 71 110
1079 71 139
1083 71 120
1085 71 112
1094 71 124
1097 71 123
1101 71 125
1114 71 117
1115 71 133
1116 71 130
1119 71 100
1121 71 111
1131 71 117
1133 71 118
1145 71 131
1146 71 134
1149 71 117
1152 71 108
1153 71 119
1158 71 124
1170 71 129
1173 71 126
1175 71 126
1182 71 110
1184 71 100
1189 71 126
1205 71 96
1207 71 113
1214 71 132
1216 71 119
1217 71 105
1219 71 84
1221 71 126
1223 71 119
1226 71 107
1227 71 112
1230 71 97
1239 71 111
1244 71 95
1254 71 85
1255 71 115
1264 71 99
1269 71 98
1270 71 103
1271 71 107
1274 71 114
1276 71 75
1277 71 97
1278 71 98
1282 71 106
1283 71 103
1284 71 97
1290 71 108
1294 71 106
1296 71 104
1303 71 103
1305 71 97
1308 71 99
1310 71 113
1317 71 80
1321 71 108
1327 71 105
1333 71 100
1334 71 87
1337 71 100
1341 71 82
1346 71 82
1351 71 86
1355 71 79
1357 71 105
1359 71 88
1360 71 100
1364 71 103
1365 71 87
1376 71 81
1377 71 91
1381 71 81
1385 71 91
1394 71 84
1395 71 75
1397 71 94
1404 71 101
1409 71 74
1412 71 97
1421 71 85
1427 71 80
1434 71 86
1448 71 74
1454 71 79
1459 71 71
1462 71 78
1473 71 80
1474 71 83
1484 71 78
1488 71 72
1490 71 73
1499 71 72
1501 71 78
1507 71 93
1510 71 68
1519 71 85
1533 71 78
1534 71 68
1535 71 68
1541 71 62
1543 71 65
1546 71 76
1547 71 82
1552 71 52
1567 71 57
1568 71 59
1570 71 71
1573 71 57
1576 71 62
1580 71 85
1583 71 72
1587 71 53
1598 71 69
1605 71 69
1613 71 70
1615 71 72
1622 71 56
1629 71 57
1631 71 63
1634 71 70
1636 71 67
1640 71 72
1643 71 70
1645 71 57
1648 71 56
1657 71 80
1661 71 68
1665 71 69
1667 71 67
1669 71 59
1674 71 50
1679 71 63
1683 71 57
1690 71 61
1696 71 70
1704 71 49
1706 71 52
1715 71 62
1717 71 53
1718 71 59
1728 71 60
1732 71 60
1734 71 60
1743 71 62
1754 71 54
1758 71 52
1762 71 53
1780 71 54
1784 71 54
1787 71 55
1789 71 54
1793 71 57
1796 71 46
1803 71 65
1807 71 48
1813 71 48
1824 71 47
1825 71 58
1842 71 42
1844 71 48
1845 71 43
1848 71 38
1849 71 38
1853 71 42
1855 71 50
1861 71 45
1862 71 56
1863 71 45
1869 71 46
1877 71 42
1880 71 33
1882 71 36
1893 71 41
1910 71 32
1911 71 47
1922 71 41
1935 71 39
1939 71 43
1940 71 44
1943 71 55
1944 71 25
1945 71 36
1966 71 31
1968 71 35
1970 71 41
1980 71 33
1982 71 37
1990 71 35
1996 71 37
2001 71 44
2004 71 31
2006 71 35
2024 71 38
2025 71 26
2039 71 32
2058 71 39
2059 71 34
2070 71 29
2089 71 27
2102 71 23
2104 71 19
2113 71 23
2115 71 19
2119 71 37
2124 71 24
2130 71 29
2132 71 27
2134 71 22
2142 71 15
2147 71 27
2148 71 24
2159 71 23
2163 71 28
2167 71 30
2173 71 21
2175 71 25
2183 71 32
2189 71 29
2201 71 32
2205 71 31
2214 71 22
2221 71 21
2223 71 20
2231 71 17
2243 71 22
2244 71 21
2250 71 18
2257 71 20
2259 71 25
2263 71 17
2269 71 23
2271 71 19
2280 71 15
2292 71 20
2312 71 21
2315 71 12
2317 71 18
2319 71 18
2323 71 16
2331 71 19
2335 71 18
2340 71 19
2347 71 12
2353 71 14
2361 71 19
2363 71 12
2378 71 11
2392 71 12
2403 71 20
2405 71 8
2413 71 9
2415 71 15
2439 71 15
2447 71 9
2448 71 15
2453 71 10
2456 71 11
2467 71 10
2470 71 11
2472 71 6
2474 71 9
2480 71 11
2489 71 7
2496 71 8
2505 71 14
2517 71 5
2521 71 7
2533 71 5
2544 71 3
2552 71 10
2555 71 8
2565 71 5
2572 71 9
2581 71 6
2584 71 5
2600 71 7
2610 71 9
2616 71 8
2623 71 7
2627 71 5
2635 71 6
2637 71 8
2645 71 3
2664 71 5
2667 71 6
2668 71 3
2673 71 3
2682 71 3
2686 71 3
2695 71 4
2719 71 2
2730 71 3
2731 71 3
2767 71 1
2783 71 1
2802 71 1
2803 71 2
2810 71 2
2822 71 1
2823 71 1
2840 71 1
2861 71 1
2866 71 1
2880 71 3
2895 71 2
2897 71 3
2902 71 1
2904 71 1
2910 71 1
2923 71 1
2925 71 2
2928 71 2
2930 71 1
2935 71 1
2940 71 1
2966 71 1
2981 71 1
2987 71 2
3 72 304
4 72 315
6 72 256
7 72 286
8 72 291
9 72 329
11 72 305
13 72 293
17 72 310
18 72 316
20 72 282
22 72 282
23 72 288
26 72 279
27 72 305
31 72 291
32 72 291
33 72 270
35 72 282
36 72 295
37 72 267
39 72 306
40 72 317
42 72 292
45 72 279
46 72 294
47 72 259
48 72 308
53 72 297
59 72 281
62 72 309
64 72 299
68 72 288
69 72 249
73 72 317
75 72 312
78 72 338
82 72 269
87 72 314
88 72 273
90 72 318
93 72 316
94 72 278
106 72 283
108 72 303
110 72 304
112 72 262
113 72 265
114 72 299
115 72 275
119 72 302
121 72 280
122 72 284
124 72 307
130 72 290
132 72 281
133 72 269
134 72 278
139 72 297
141 72 287
142 72 254
143 72 278
144 72 299
145 72 257
150 72 262
154 72 264
157 72 262
158 72 290
162 72 250
163 72 257
164 72 252
167 72 262
168 72 251
169 72 293
171 72 272
172 72 279
173 72 271
174 72 277
175 72 314
176 72 260
177 72 273
178 72 269
182 72 276
183 72 268
184 72 282
187 72 285
190 72 259
191 72 269
193 72 267
196 72 273
197 72 267
200 72 265
203 72 245
204 72 246
205 72 294
207 72 267
209 72 287
219 72 270
220 72 268
221 72 263
231 72 269
232 72 249
234 72 262
236 72 263
241 72 269
243 72 257
245 72 236
246 72 239
247 72 260
248 72 262
252 72 241
253 72 214
255 72 239
258 72 231
259 72 269
260 72 270
261 72 234
262 72 225
263 72 269
264 72 248
265 72 246
268 72 241
270 72 244
271 72 253
274 72 236
275 72 248
276 72 286
278 72 244
279 72 260
280 72 259
284 72 237
294 72 287
296 72 266
297 72 256
304 72 248
308 72 224
309 72 256
310 72 238
312 72 240
313 72 261
314 72 234
316 72 274
317 72 253
319 72 240
321 72 250
324 72 273
331 72 232
335 72 220
336 72 228
338 72 230
340 72 236
341 72 242
346 72 224
352 72 202
354 72 250
357 72 227
361 72 218
362 72 241
365 72 242
366 72 244
367 72 245
371 72 210
374 72 238
375 72 210
381 72 245
383 72 210
385 72 249
386 72 251
387 72 221
392 72 234
396 72 257
401 72 218
403 72 214
405 72 237
406 72 233
407 72 210
408 72 232
409 72 218
410 72 226
413 72 221
416 72 220
417 72 230
418 72 224
420 72 208
421 72 221
422 72 249
427 72 232
429 72 237
432 72 231
434 72 240
435 72 235
436 72 202
441 72 234
443 72 208
448 72 224
450 72 188
460 72 193
462 72 221
463 72 214
465 72 206
472 72 199
476 72 213
477 72 230
484 72 218
488 72 203
489 72 205
492 72 220
494 72 211
495 72 213
497 72 197
501 72 209
506 72 191
508 72 226
510 72 219
520 72 191
525 72 221
527 72 227
528 72 206
530 72 195
531 72 221
532 72 230
538 72 210
543 72 212
545 72 214
550 72 196
553 72 217
555 72 206
559 72 197
560 72 184
561 72 203
565 72 193
568 72 223
572 72 192
577 72 179
580 72 220
582 72 204
585 72 217
588 72 168
589 72 205
594 72 198
595 72 176
597 72 233
599 72 178
600 72 222
607 72 196
609 72 173
610 72 172
612 72 179
613 72 185
618 72 165
622 72 195
628 72 153
630 72 179
632 72 211
634 72 181
639 72 174
642 72 180
643 72 173
648 72 197
649 72 212
651 72 186
653 72 177
657 72 161
658 72 171
662 72 197
663 72 196
664 72 184
670 72 212
671 72 178
675 72 195
679 72 187
680 72 204
681 72 199
683 72 201
684 72 175
687 72 191
691 72 179
694 72 177
695 72 168
696 72 180
698 72 169
699 72 188
701 72 195
703 72 168
706 72 184
710 72 194
711 72 168
729 72 168
730 72 169
731 72 168
732 72 157
733 72 175
739 72 180
742 72 171
745 72 170
750 72 162
751 72 154
754 72 180
755 72 160
757 72 161
759 72 165
770 72 150
771 72 182
772 72 152
776 72 172
783 72 145
784 72 166
788 72 164
793 72 164
794 72 169
795 72 152
798 72 164
799 72 165
802 72 193
805 72 168
810 72 171
811 72 155
812 72 171
817 72 153
826 72 148
829 72 176
833 72 148
838 72 152
841 72 170
843 72 174
844 72 157
847 72 148
848 72 165
857 72 161
858 72 189
869 72 167
870 72 137
877 72 171
884 72 165
885 72 142
887 72 146
892 72 160
900 72 157
902 72 159
903 72 141
907 72 152
919 72 143
926 72 158
931 72 131
932 72 147
934 72 141
936 72 131
938 72 134
941 72 142
943 72 142
945 72 152
950 72 166
952 72 145
955 72 157
956 72 153
959 72 140
961 72 132
963 72 131
969 72 142
982 72 143
985 72 149
986 72 136
991 72 125
992 72 152
996 72 141
997 72 138
998 72 124
1007 72 133
1011 72 113
1012 72 135
1013 72 130
1014 72 140
1019 72 146
1030 72 114
1031 72 141
1038 72 125
1044 72 124
1045 72 129
1046 72 149
1047 72 115
1053 72 139
1056 72 146
1057 72 131
1062 72 128
1063 72 131
1065 72 132
1079 72 122
1085 72 118
1121 72 114
1129 72 115
1132 72 106
1137 72 125
1140 72 90
1146 72 122
1151 72 135
1160 72 114
1164 72 117
1169 72 116
1170 72 110
1171 72 111
1174 72 117
1177 72 91
1189 72 134
1190 72 107
1192 72 95
1203 72 109
1210 72 126
1213 72 99
1219 72 108
1224 72 114
1225 72 103
1227 72 113
1228 72 97
1232 72 97
1246 72 108
1249 72 95
1257 72 132
1258 72 111
1260 72 113
1263 72 92
1265 72 120
1266 72 103
1271 72 102
1276 72 81
1278 72 89
1279 72 110
1282 72 113
1286 72 103
1295 72 98
1298 72 81
1304 72 122
1306 72 91
1308 72 85
1318 72 85
1320 72 111
1321 72 102
1323 72 116
1329 72 103
1332 72 99
1333 72 106
1338 72 87
1346 72 98
1347 72 89
1354 72 105
1356 72 85
1357 72 72
1358 72 88
1366 72 101
1368 72 101
1374 72 87
1376 72 80
1381 72 97
1385 72 94
1387 72 101
1391 72 88
1396 72 96
1408 72 85
1411 72 62
1419 72 86
1423 72 77
1432 72 86
1434 72 73
1437 72 79
1445 72 88
1451 72 77
1459 72 86
1474 72 76
1476 72 93
1482 72 89
1483 72 64
1487 72 91
1489 72 71
1494 72 82
1503 72 63
1505 72 63
1506 72 71
1524 72 58
1535 72 80
1541 72 65
1542 72 86
1544 72 73
1551 72 76
1554 72 78
1555 72 71
1571 72 63
1578 72 82
1583 72 62
1584 72 51
1585 72 55
1593 72 71
1599 72 73
1615 72 57
1620 72 76
1626 72 65
1635 72 61
1650 72 65
1658 72 69
1661 72 65
1666 72 52
1667 72 61
1676 72 76
1679 72 46
1688 72 54
1690 72 70
1703 72 63
1706 72 55
1716 72 51
1723 72 65
1731 72 58
1733 72 48
1734 72 56
1739 72 57
1740 72 53
1749 72 68
1756 72 53
1757 72 54
1768 72 51
1779 72 70
1804 72 60
1808 72 55
1809 72 49
1811 72 57
1822 72 48
1825 72 49
1826 72 52
1832 72 47
1834 72 65
1843 72 46
1850 72 40
1852 72 45
1858 72 42
1869 72 34
1873 72 46
1878 72 48
1883 72 53
1885 72 47
1886 72 32
1898 72 45
1909 72 42
1910 72 35
1915 72 41
1916 72 44
1941 72 34
1948 72 30
1954 72 35
1964 72 39
1965 72 34
1968 72 37
1976 72 38
1978 72 32
1984 72 35
2021 72 34
2029 72 43
2032 72 38
2034 72 29
2051 72 33
2052 72 30
2053 72 33
2060 72 29
2063 72 32
2076 72 32
2085 72 33
2086 72 20
2093 72 32
2114 72 27
2115 72 27
2116 72 31
2119 72 27
2127 72 31
2128 72 28
2155 72 25
2157 72 28
2159 72 21
2160 72 21
2165 72 33
2166 72 19
2178 72 26
2179 72 20
2188 72 18
2201 72 29
2202 72 24
2206 72 24
2207 72 26
2213 72 26
2219 72 18
2220 72 26
2234 72 23
2240 72 20
2243 72 24
2252 72 19
2261 72 18
2262 72 19
2263 72 27
2273 72 17
2293 72 20
2299 72 15
2311 72 15
2317 72 13
2320 72 18
2323 72 17
2325 72 14
2341 72 17
2343 72 18
2347 72 19
2364 72 16
2368 72 18
2369 72 20
2374 72 18
2376 72 10
2379 72 16
2398 72 12
2412 72 13
2418 72 9
2426 72 10
2445 72 12
2464 72 6
2481 72 8
2482 72 9
2484 72 10
2489 72 9
2495 72 13
2496 72 9
2497 72 10
2503 72 10
2505 72 10
2508 72 9
2512 72 11
2520 72 14
2521 72 8
2533 72 14
2536 72 6
2537 72 8
2538 72 15
2549 72 8
2550 72 8
2560 72 8
2572 72 7
2573 72 8
2574 72 8
2585 72 3
2586 72 14
2590 72 12
2595 72 7
2608 72 3
2623 72 5
2626 72 7
2635 72 9
2647 72 7
2649 72 5
2650 72 3
2654 72 9
2705 72 6
2724 72 4
2738 72 5
2744 72 1
2754 72 2
2771 72 6
2777 72 2
2809 72 6
2827 72 2
2844 72 2
2853 72 1
2869 72 1
2909 72 1
2919 72 1
2930 72 1
2937 72 1
2939 72 2
2940 72 2
2953 72 1
2970 72 1
2973 72 1
2975 72 1
2984 72 1
2986 72 1
2987 72 2
2991 72 1
2994 72 1
2997 72 1
2 73 330
6 73 300
7 73 282
10 73 291
12 73 292
14 73 346
19 73 288
20 73 298
21 73 316
23 73 295
24 73 262
26 73 300
27 73 317
28 73 283
30 73 294
33 73 294
38 73 294
43 73 289
49 73 269
50 73 310
53 73 297
54 73 274
55 73 271
59 73 271
61 73 304
63 73 272
64 73 288
67 73 289
69 73 286
73 73 290
74 73 303
75 73 267
76 73 275
77 73 275
82 73 296
83 73 273
86 73 301
87 73 274
89 73 290
96 73 264
97 73 284
99 73 271
103 73 270
106 73 292
109 73 294
112 73 300
113 73 299
116 73 274
117 73 284
121 73 280
122 73 279
124 73 271
125 73 267
126 73 275
148 73 279
156 73 240
159 73 265
160 73 279
161 73 257
165 73 248
167 73 247
168 73 281
171 73 276
180 73 265
189 73 252
190 73 267
195 73 233
198 73 255
199 73 290
200 73 274
207 73 271
210 73 282
211 73 247
213 73 276
214 73 257
218 73 258
226 73 248
227 73 258
229 73 258
230 73 261
232 73 264
236 73 241
237 73 237
238 73 218
239 73 244
240 73 238
246 73 237
247 73 252
248 73 238
249 73 227
255 73 238
257 73 243
263 73 269
267 73 248
270 73 256
278 73 246
280 73 265
283 73 242
284 73 263
285 73 277
290 73 245
293 73 240
294 73 262
297 73 275
299 73 262
301 73 253
303 73 233
306 73 229
308 73 239
309 73 234
315 73 227
316 73 247
317 73 228
318 73 219
320 73 252
323 73 238
324 73 243
325 73 273
330 73 257
331 73 252
333 73 239
337 73 231
338 73 225
340 73 226
343 73 260
344 73 227
345 73 220
346 73 233
347 73 254
348 73 253
350 73 260
355 73 237
357 73 232
359 73 227
360 73 231
363 73 238
365 73 234
368 73 242
369 73 224
373 73 221
375 73 235
380 73 216
383 73 235
384 73 221
385 73 236
386 73 262
388 73 211
390 73 248
391 73 244
397 73 218
400 73 201
403 73 232
404 73 213
407 73 192
409 73 220
410 73 209
411 73 218
415 73 215
418 73 245
419 73 217
420 73 236
426 73 243
428 73 218
430 73 214
444 73 216
445 73 204
453 73 224
455 73 202
456 73 219
457 73 245
458 73 234
464 73 227
467 73 211
469 73 219
474 73 207
476 73 219
480 73 221
481 73 202
482 73 201
485 73 231
487 73 202
488 73 214
490 73 184
494 73 218
495 73 197
504 73 214
505 73 223
510 73 218
514 73 225
516 73 204
517 73 187
521 73 233
526 73 215
529 73 262
537 73 232
543 73 181
549 73 205
553 73 196
554 73 178
555 73 188
557 73 196
560 73 208
565 73 206
569 73 203
570 73 195
573 73 211
574 73 213
575 73 214
579 73 208
581 73 217
584 73 216
585 73 182
586 73 199
588 73 201
591 73 200
592 73 165
593 73 219
596 73 201
603 73 204
605 73 179
611 73 176
620 73 194
623 73 178
626 73 188
629 73 207
630 73 185
632 73 200
633 73 170
637 73 188
639 73 180
641 73 181
643 73 209
644 73 193
647 73 202
650 73 204
651 73 171
654 73 201
656 73 180
659 73 174
663 73 178
665 73 173
666 73 191
669 73 196
674 73 206
682 73 193
683 73 203
686 73 148
689 73 186
693 73 195
696 73 181
697 73 197
699 73 190
702 73 171
704 73 167
706 73 169
709 73 152
711 73 176
714 73 159
717 73 176
721 73 174
728 73 197
729 73 185
730 73 189
735 73 176
742 73 156
744 73 166
745 73 174
747 73 189
748 73 181
754 73 182
755 73 160
756 73 144
760 73 150
762 73 171
766 73 167
767 73 148
770 73 152
771 73 146
778 73 190
783 73 168
794 73 159
798 73 164
805 73 166
806 73 169
809 73 128
816 73 165
821 73 149
825 73 158
826 73 156
836 73 140
838 73 126
839 73 157
840 73 171
843 73 146
849 73 156
852 73 148
858 73 151
866 73 199
867 73 168
869 73 151
875 73 163
881 73 162
883 73 147
885 73 155
887 73 142
890 73 145
899 73 153
909 73 152
910 73 156
921 73 157
923 73 141
924 73 144
925 73 153
931 73 135
932 73 151
934 73 122
937 73 151
940 73 143
942 73 139
943 73 138
945 73 148
946 73 133
960 73 168
962 73 138
971 73 153
974 73 146
975 73 132
978 73 151
980 73 136
982 73 142
983 73 137
993 73 108
999 73 147
1012 73 149
1013 73 116
1014 73 129
1016 73 120
1028 73 120
1030 73 132
1038 73 122
1040 73 132
1044 73 137
1046 73 138
1047 73 126
1048 73 123
1049 73 123
1053 73 125
1055 73 136
1056 73 129
1058 73 119
1073 73 135
1076 73 127
1081 73 112
1085 73 130
1089 73 146
1099 73 110
1101 73 129
1104 73 103
1105 73 119
1106 73 135
1108 73 115
1110 73 132
1111 73 139
1116 73 133
1125 73 131
1128 73 129
1130 73 108
1133 73 110
1137 73 130
1140 73 121
1142 73 113
1143 73 120
1144 73 99
1152 73 122
1153 73 99
1158 73 137
1163 73 115
1172 73 130
1178 73 98
1182 73 100
1185 73 110
1188 73 110
1192 73 106
1193 73 110
1204 73 118
1208 73 120
1209 73 104
1217 73 122
1220 73 116
1226 73 83
1228 73 93
1233 73 89
1234 73 107
1238 73 107
1240 73 112
1244 73 101
1251 73 106
1256 73 109
1260 73 95
1263 73 99
1265 73 107
1271 73 77
1274 73 107
1279 73 84
1280 73 106
1282 73 108
1285 73 112
1289 73 91
1290 73 104
1308 73 109
1317 73 89
1319 73 104
1322 73 97
1323 73 107
1329 73 92
1341 73 94
1346 73 99
1352 73 99
1353 73 85
1357 73 96
1361 73 91
1364 73 89
1365 73 87
1368 73 90
1379 73 99
1380 73 93
1384 73 96
1390 73 91
1405 73 84
1408 73 83
1412 73 79
1417 73 82
1421 73 66
1426 73 101
1429 73 103
1430 73 97
1431 73 86
1442 73 74
1443 73 82
1461 73 73
1463 73 82
1467 73 89
1486 73 76
1493 73 80
1497 73 79
1503 73 72
1505 73 83
1513 73 61
1520 73 74
1528 73 73
1533 73 86
1540 73 85
1542 73 84
1543 73 63
1551 73 75
1553 73 62
1554 73 76
1564 73 78
1568 73 84
1583 73 90
1596 73 56
1607 73 74
1615 73 66
1620 73 57
1623 73 70
1625 73 56
1628 73 61
1645 73 62
1665 73 72
1666 73 56
1669 73 72
1672 73 46
1680 73 61
1685 73 58
1690 73 51
1691 73 51
1697 73 65
1698 73 63
1715 73 63
1727 73 62
1733 73 60
1744 73 58
1746 73 55
1749 73 54
1750 73 62
1756 73 58
1757 73 54
1766 73 48
1767 73 54
1772 73 52
1784 73 49
1790 73 45
1796 73 47
1801 73 53
1820 73 47
1834 73 49
1837 73 52
1848 73 42
1851 73 49
1855 73 45
1859 73 43
1860 73 44
1867 73 47
1870 73 40
1871 73 45
1890 73 37
1899 73 45
1904 73 40
1911 73 35
1913 73 44
1915 73 40
1917 73 33
1924 73 35
1929 73 36
1932 73 41
1943 73 48
1948 73 35
1950 73 40
1956 73 35
1963 73 29
1967 73 27
1969 73 34
1974 73 32
1978 73 34
1981 73 38
1985 73 22
1990 73 37
1993 73 31
2001 73 35
2005 73 41
2008 73 45
2022 73 24
2033 73 34
2045 73 28
2114 73 24
2120 73 22
2123 73 30
2146 73 20
2160 73 27
2162 73 21
2163 73 23
2169 73 31
2171 73 21
2173 73 23
2178 73 24
2214 73 20
2216 73 32
2223 73 30
2224 73 27
2225 73 22
2233 73 24
2235 73 21
2247 73 34
2251 73 29
2262 73 29
2274 73 22
2286 73 27
2292 73 13
2295 73 18
2307 73 15
2314 73 29
2318 73 18
2326 73 10
2332 73 18
2333 73 15
2341 73 14
2347 73 10
2351 73 20
2352 73 13
2360 73 17
2361 73 21
2366 73 9
2367 73 18
2371 73 18
2387 73 18
2389 73 21
2391 73 12
2397 73 11
2398 73 13
2424 73 17
2426 73 13
2429 73 12
2444 73 12
2445 73 14
2455 73 10
2459 73 13
2461 73 10
2462 73 9
2466 73 10
2476 73 12
2494 73 12
2510 73 6
2518 73 12
2519 73 13
2520 73 7
2534 73 11
2550 73 7
2552 73 5
2556 73 4
2559 73 5
2565 73 4
2570 73 6
2574 73 9
2580 73 5
2618 73 7
2628 73 5
2641 73 5
2649 73 7
2653 73 5
2658 73 5
2669 73 6
2681 73 2
2686 73 4
2688 73 4
2692 73 4
2697 73 5
2699 73 6
2700 73 4
2703 73 3
2706 73 1
2707 73 6
2719 73 2
2730 73 5
2731 73 3
2734 73 3
2741 73 4
2742 73 2
2743 73 3
2753 73 3
2761 73 2
2766 73 3
2781 73 3
2784 73 3
2793 73 3
2807 73 1
2808 73 3
2824 73 3
2835 73 2
2849 73 3
2855 73 1
2861 73 3
2863 73 1
2867 73 2
2870 73 3
2878 73 2
2883 73 4
2890 73 2
2916 73 1
2935 73 1
2940 73 2
2956 73 1
2960 73 2
2978 73 1
2992 73 1
0 74 303
1 74 309
2 74 295
5 74 304
6 74 293
9 74 312
16 74 304
19 74 272
21 74 328
30 74 267
32 74 282
45 74 291
46 74 305
54 74 283
57 74 322
59 74 310
64 74 286
65 74 257
69 74 282
70 74 268
74 74 280
75 74 285
76 74 253
80 74 309
81 74 310
85 74 295
94 74 279
95 74 299
97 74 275
98 74 292
100 74 304
101 74 297
103 74 271
105 74 280
106 74 285
107 74 286
108 74 265
109 74 313
110 74 294
115 74 298
116 74 299
118 74 263
120 74 270
128 74 279
130 74 270
131 74 279
133 74 288
135 74 274
140 74 266
144 74 252
148 74 258
150 74 270
152 74 243
154 74 298
155 74 260
164 74 272
170 74 275
175 74 256
177 74 251
181 74 282
182 74 270
186 74 292
187 74 284
188 74 247
192 74 273
193 74 255
194 74 263
195 74 235
198 74 254
199 74 265
200 74 238
203 74 231
208 74 253
209 74 271
210 74 240
214 74 271
219 74 246
225 74 253
235 74 226
236 74 275
237 74 245
240 74 267
243 74 239
247 74 232
250 74 256
252 74 255
253 74 270
254 74 260
256 74 255
261 74 250
265 74 242
266 74 285
267 74 239
268 74 241
270 74 246
277 74 234
278 74 252
288 74 260
289 74 254
291 74 259
292 74 255
294 74 229
298 74 244
299 74 235
302 74 246
304 74 243
307 74 227
314 74 239
317 74 234
318 74 245
319 74 238
322 74 271
327 74 241
328 74 251
335 74 214
339 74 228
341 74 247
345 74 257
354 74 260
357 74 220
359 74 230
363 74 223
364 74 250
366 74 230
370 74 243
371 74 224
376 74 240
380 74 207
383 74 234
384 74 214
386 74 210
388 74 220
389 74 239
391 74 232
393 74 242
394 74 222
399 74 207
400 74 249
401 74 213
402 74 201
405 74 250
406 74 236
407 74 228
409 74 238
410 74 241
411 74 230
412 74 217
414 74 212
419 74 221
422 74 207
427 74 210
433 74 229
436 74 225
441 74 206
443 74 235
446 74 238
452 74 208
454 74 221
455 74 218
457 74 211
458 74 229
459 74 217
461 74 219
462 74 199
469 74 202
470 74 228
471 74 217
474 74 192
476 74 216
477 74 219
484 74 219
485 74 232
489 74 207
492 74 194
496 74 190
499 74 212
508 74 217
513 74 206
514 74 207
520 74 210
525 74 189
526 74 202
527 74 185
531 74 185
532 74 200
535 74 201
536 74 210
538 74 198
541 74 192
542 74 207
543 74 198
544 74 209
547 74 178
549 74 205
550 74 197
553 74 186
556 74 203
560 74 209
561 74 197
565 74 201
566 74 197
571 74 185
572 74 176
577 74 216
584 74 189
595 74 205
597 74 175
600 74 196
601 74 188
603 74 181
605 74 201
609 74 206
610 74 177
611 74 192
613 74 193
623 74 184
629 74 213
630 74 198
633 74 186
635 74 215
643 74 168
644 74 189
646 74 187
650 74 202
653 74 176
655 74 199
656 74 168
658 74 182
659 74 204
667 74 192
668 74 195
669 74 162
672 74 172
680 74 171
681 74 171
686 74 174
690 74 180
698 74 192
701 74 175
702 74 172
705 74 189
721 74 163
725 74 192
726 74 191
731 74 185
736 74 182
740 74 187
741 74 171
743 74 155
744 74 176
746 74 154
749 74 163
751 74 177
755 74 147
762 74 142
763 74 163
770 74 158
772 74 176
776 74 179
777 74 187
781 74 164
786 74 194
790 74 153
792 74 169
794 74 156
798 74 166
799 74 165
807 74 169
809 74 181
811 74 157
812 74 170
815 74 154
817 74 155
818 74 147
820 74 163
821 74 173
826 74 165
828 74 174
832 74 146
836 74 165
837 74 154
838 74 167
839 74 148
840 74 173
843 74 176
845 74 172
847 74 163
849 74 156
851 74 174
856 74 162
872 74 129
875 74 136
879 74 138
891 74 162
893 74 144
894 74 149
901 74 166
904 74 139
911 74 145
912 74 156
915 74 164
920 74 145
923 74 163
924 74 142
929 74 156
932 74 142
934 74 144
937 74 141
945 74 163
948 74 124
956 74 144
960 74 129
961 74 138
962 74 123
964 74 138
965 74 146
966 74 141
973 74 148
976 74 144
978 74 146
981 74 116
985 74 151
986 74 134
989 74 125
994 74 133
1010 74 133
1011 74 152
1012 74 126
1013 74 135
1025 74 145
1027 74 134
1028 74 114
1035 74 148
1046 74 128
1048 74 118
1053 74 126
1054 74 147
1056 74 126
1057 74 120
1058 74 134
1063 74 138
1064 74 124
1065 74 138
1069 74 126
1075 74 140
1083 74 127
1085 74 113
1086 74 146
1093 74 110
1097 74 110
1109 74 138
1111 74 123
1114 74 113
1121 74 122
1133 74 125
1134 74 123
1137 74 128
1143 74 102
1149 74 119
1151 74 126
1153 74 123
1158 74 118
1163 74 133
1167 74 129
1174 74 102
1175 74 127
1176 74 118
1178 74 107
1182 74 118
1190 74 112
1191 74 129
1192 74 115
1197 74 107
1204 74 110
1212 74 109
1214 74 110
1215 74 105
1222 74 104
1227 74 103
1230 74 105
1236 74 93
1239 74 125
1242 74 107
1244 74 93
1245 74 92
1247 74 101
1248 74 104
1258 74 101
1263 74 110
1277 74 110
1288 74 90
1290 74 100
1291 74 104
1292 74 104
1295 74 106
1296 74 103
1303 74 99
1306 74 82
1309 74 82
1325 74 102
1331 74 99
1334 74 89
1339 74 98
1341 74 103
1347 74 94
1349 74 99
1353 74 92
1354 74 94
1356 74 95
1363 74 93
1373 74 88
1379 74 77
1381 74 89
1384 74 71
1389 74 91
1390 74 101
1395 74 74
1398 74 92
1412 74 89
1416 74 72
1423 74 87
1425 74 98
1428 74 76
1429 74 76
1445 74 91
1458 74 106
1460 74 86
1465 74 87
1469 74 77
1471 74 61
1480 74 76
1481 74 74
1482 74 91
1484 74 92
1485 74 82
1502 74 66
1508 74 78
1509 74 67
1514 74 65
1515 74 82
1518 74 99
1523 74 83
1524 74 69
1529 74 90
1535 74 79
1537 74 75
1542 74 61
1544 74 72
1570 74 77
1571 74 78
1579 74 71
1582 74 63
1586 74 85
1590 74 82
1593 74 70
1594 74 81
1595 74 67
1598 74 62
1601 74 69
1610 74 75
1611 74 63
1620 74 59
1621 74 73
1630 74 68
1634 74 69
1645 74 64
1646 74 70
1647 74 71
1648 74 59
1651 74 55
1653 74 71
1661 74 55
1662 74 74
1666 74 60
1667 74 63
1671 74 74
1682 74 82
1683 74 68
1691 74 72
1694 74 67
1706 74 55
1709 74 48
1711 74 53
1723 74 60
1724 74 50
1730 74 52
1735 74 53
1736 74 55
1741 74 41
1743 74 62
1745 74 62
1750 74 42
1751 74 44
1778 74 64
1790 74 49
1794 74 56
1795 74 53
1804 74 48
1809 74 39
1811 74 57
1812 74 46
1817 74 52
1819 74 52
1822 74 54
1825 74 54
1831 74 52
1832 74 58
1835 74 50
1839 74 46
1842 74 48
1852 74 39
1855 74 48
1858 74 35
1860 74 46
1865 74 47
1867 74 35
1873 74 33
1877 74 37
1895 74 55
1896 74 44
1901 74 40
1902 74 33
1907 74 37
1915 74 33
1917 74 40
1919 74 39
1929 74 25
1933 74 45
1935 74 38
1936 74 37
1951 74 49
1958 74 41
1961 74 40
1967 74 45
1974 74 25
1978 74 28
1979 74 42
1983 74 40
1992 74 37
2021 74 18
2025 74 35
2028 74 33
2035 74 22
2036 74 31
2059 74 28
2066 74 30
2101 74 23
2102 74 26
2106 74 36
2111 74 32
2117 74 34
2123 74 28
2125 74 28
2129 74 29
2131 74 30
2141 74 26
2146 74 27
2157 74 21
2171 74 27
2191 74 24
2205 74 18
2215 74 26
2220 74 26
2229 74 22
2243 74 20
2244 74 21
2245 74 20
2259 74 19
2261 74 15
2266 74 19
2270 74 22
2274 74 30
2278 74 21
2280 74 23
2282 74 19
2296 74 18
2326 74 15
2328 74 17
2329 74 21
2340 74 23
2345 74 15
2362 74 15
2365 74 11
2370 74 13
2391 74 11
2396 74 12
2401 74 13
2409 74 11
2413 74 16
2417 74 15
2424 74 9
2431 74 14
2443 74 12
2458 74 10
2462 74 16
2465 74 7
2466 74 13
2467 74 18
2493 74 11
2501 74 12
2520 74 17
2524 74 6
2527 74 10
2529 74 9
2539 74 12
2552 74 8
2555 74 8
2567 74 10
2570 74 5
2574 74 11
2587 74 8
2591 74 9
2599 74 8
2601 74 5
2604 74 7
2636 74 8
2663 74 4
2672 74 4
2684 74 3
2687 74 3
2697 74 5
2705 74 3
2721 74 5
2727 74 3
2728 74 4
2732 74 7
2740 74 4
2744 74 2
2750 74 5
2758 74 2
2760 74 3
2777 74 2
2778 74 3
2801 74 3
2803 74 2
2817 74 2
2834 74 4
2838 74 3
2844 74 2
2850 74 2
2851 74 3
2852 74 2
2854 74 4
2890 74 1
2892 74 2
2905 74 1
2910 74 1
2946 74 1
2950 74 1
2961 74 1
2965 74 1
2987 74 1
2991 74 1
2996 74 2
2999 74 1
0 75 291
2 75 317
3 75 287
4 75 294
8 75 293
10 75 280
13 75 313
14 75 293
15 75 302
16 75 287
17 75 350
19 75 293
20 75 282
23 75 259
25 75 294
27 75 275
28 75 277
29 75 317
30 75 278
31 75 270
32 75 305
34 75 307
36 75 258
39 75 279
41 75 283
43 75 293
45 75 304
46 75 302
47 75 328
48 75 279
50 75 265
54 75 283
56 75 298
58 75 298
61 75 314
65 75 289
67 75 262
73 75 290
76 75 284
80 75 295
83 75 305
84 75 289
85 75 271
87 75 279
90 75 251
91 75 298
92 75 260
96 75 284
99 75 294
101 75 291
111 75 264
112 75 291
118 75 280
119 75 265
129 75 299
131 75 271
132 75 294
133 75 289
134 75 256
135 75 271
136 75 264
138 75 281
141 75 277
144 75 288
145 75 301
150 75 262
151 75 289
152 75 297
153 75 285
156 75 285
158 75 283
160 75 281
162 75 258
166 75 262
167 75 274
168 75 248
169 75 274
172 75 280
174 75 255
175 75 273
176 75 280
184 75 262
185 75 242
186 75 247
187 75 251
192 75 248
195 75 268
196 75 259
197 75 262
198 75 251
199 75 294
204 75 243
206 75 224
207 75 279
208 75 240
215 75 264
218 75 267
219 75 249
223 75 257
227 75 240
229 75 244
232 75 275
237 75 265
242 75 259
250 75 238
252 75 247
253 75 254
256 75 235
258 75 248
259 75 250
262 75 278
266 75 267
268 75 237
269 75 275
272 75 253
274 75 246
275 75 247
276 75 278
278 75 233
279 75 245
282 75 243
287 75 215
295 75 226
296 75 231
297 75 239
310 75 258
322 75 248
325 75 262
331 75 224
332 75 249
335 75 221
337 75 253
338 75 258
342 75 214
344 75 239
345 75 237
346 75 233
350 75 223
351 75 236
355 75 232
357 75 246
360 75 229
362 75 226
366 75 231
368 75 251
370 75 206
371 75 216
373 75 212
375 75 210
378 75 219
379 75 249
382 75 227
387 75 256
390 75 215
391 75 255
395 75 227
396 75 252
403 75 237
405 75 240
408 75 203
410 75 225
411 75 200
415 75 235
417 75 167
418 75 225
425 75 227
426 75 240
434 75 227
439 75 218
442 75 209
444 75 225
445 75 196
446 75 226
447 75 248
448 75 228
451 75 244
454 75 235
460 75 230
462 75 211
463 75 232
468 75 226
474 75 203
477 75 226
478 75 213
480 75 197
482 75 220
483 75 187
484 75 207
486 75 205
488 75 210
495 75 216
496 75 218
499 75 206
501 75 194
502 75 227
503 75 239
505 75 199
507 75 200
508 75 192
515 75 179
517 75 202
521 75 210
526 75 214
527 75 218
535 75 197
537 75 193
540 75 216
544 75 190
545 75 214
557 75 198
560 75 187
562 75 203
573 75 156
579 75 209
580 75 210
582 75 205
589 75 209
592 75 193
595 75 196
597 75 206
598 75 165
599 75 206
601 75 183
602 75 178
603 75 190
605 75 192
615 75 199
616 75 171
618 75 186
619 75 214
624 75 207
628 75 189
631 75 192
635 75 175
640 75 186
643 75 187
659 75 173
660 75 185
662 75 185
669 75 200
680 75 192
686 75 170
691 75 185
692 75 163
696 75 168
707 75 156
708 75 196
710 75 184
716 75 186
717 75 165
718 75 184
722 75 169
727 75 187
728 75 180
729 75 171
730 75 183
738 75 154
744 75 152
752 75 159
754 75 171
755 75 170
757 75 168
758 75 157
762 75 170
764 75 192
768 75 169
770 75 135
772 75 159
775 75 144
778 75 164
779 75 185
780 75 181
781 75 187
784 75 162
785 75 141
789 75 180
791 75 180
801 75 142
802 75 186
803 75 163
805 75 157
807 75 165
811 75 165
812 75 154
815 75 165
819 75 158
820 75 165
833 75 187
834 75 160
837 75 150
839 75 153
853 75 145
854 75 148
855 75 152
859 75 170
863 75 139
864 75 167
866 75 161
869 75 167
872 75 164
878 75 150
880 75 138
881 75 149
882 75 151
887 75 168
888 75 150
891 75 151
892 75 146
897 75 138
900 75 159
902 75 171
919 75 147
920 75 183
921 75 124
924 75 158
928 75 147
936 75 173
939 75 146
940 75 150
947 75 140
950 75 144
953 75 140
967 75 151
970 75 167
973 75 130
978 75 169
981 75 107
983 75 105
988 75 146
989 75 129
993 75 141
996 75 132
997 75 145
1001 75 154
1003 75 129
1018 75 123
1021 75 120
1031 75 169
1037 75 129
1040 75 135
1041 75 116
1047 75 144
1049 75 129
1050 75 140
1056 75 149
1058 75 132
1063 75 130
1065 75 114
1066 75 144
1067 75 129
1074 75 128
1078 75 141
1082 75 115
1086 75 128
1098 75 123
1106 75 125
1115 75 111
1116 75 127
1126 75 129
1128 75 108
1135 75 118
1139 75 111
1144 75 119
1145 75 112
1147 75 105
1151 75 116
1153 75 107
1157 75 116
1159 75 119
1173 75 112
1176 75 120
1180 75 113
1181 75 112
1182 75 115
1183 75 109
1188 75 102
1191 75 104
1192 75 120
1200 75 116
1201 75 116
1212 75 115
1226 75 102
1227 75 93
1245 75 107
1251 75 115
1257 75 84
1259 75 116
1267 75 110
1268 75 110
1270 75 96
1280 75 104
1281 75 116
1299 75 97
1301 75 71
1307 75 96
1308 75 94
1310 75 86
1311 75 90
1315 75 91
1322 75 82
1326 75 99
1328 75 93
1334 75 98
1337 75 90
1339 75 96
1358 75 103
1366 75 91
1370 75 97
1373 75 97
1374 75 92
1381 75 81
1404 75 89
1417 75 83
1421 75 92
1432 75 81
1433 75 78
1434 75 87
1437 75 71
1443 75 93
1449 75 95
1464 75 90
1467 75 84
1470 75 91
1475 75 85
1479 75 73
1490 75 75
1493 75 90
1495 75 82
1505 75 87
1507 75 73
1510 75 88
1512 75 83
1514 75 66
1520 75 65
1522 75 77
1525 75 74
1526 75 86
1531 75 82
1539 75 75
1544 75 73
1546 75 64
1554 75 82
1558 75 68
1568 75 61
1571 75 67
1574 75 68
1577 75 69
1579 75 65
1582 75 68
1583 75 75
1584 75 55
1592 75 60
1593 75 72
1598 75 74
1600 75 61
1604 75 53
1607 75 62
1610 75 62
1614 75 70
1619 75 59
1621 75 63
1622 75 73
1623 75 69
1625 75 78
1630 75 73
1655 75 67
1660 75 60
1677 75 78
1682 75 51
1684 75 65
1685 75 58
1698 75 62
1705 75 67
1709 75 61
1713 75 51
1721 75 55
1725 75 64
1728 75 59
1730 75 55
1731 75 50
1732 75 48
1734 75 50
1748 75 62
1749 75 48
1755 75 56
1763 75 54
1767 75 47
1777 75 47
1797 75 51
1800 75 58
1802 75 58
1806 75 46
1846 75 40
1849 75 45
1857 75 50
1858 75 46
1868 75 41
1877 75 40
1878 75 44
1887 75 56
1891 75 46
1902 75 42
1914 75 54
1925 75 42
1931 75 39
1934 75 35
1935 75 36
1940 75 50
1941 75 38
1944 75 44
1947 75 38
1955 75 38
1957 75 35
1958 75 41
1965 75 38
1981 75 40
1982 75 36
1983 75 29
1987 75 49
1988 75 38
1992 75 35
1999 75 32
2012 75 43
2036 75 45
2037 75 31
2038 75 25
2045 75 37
2050 75 40
2055 75 29
2058 75 39
2061 75 36
2091 75 29
2103 75 34
2123 75 20
2125 75 25
2130 75 27
2133 75 26
2140 75 31
2142 75 24
2146 75 26
2147 75 20
2153 75 15
2160 75 26
2162 75 24
2177 75 21
2181 75 19
2185 75 26
2199 75 26
2204 75 31
2205 75 31
2214 75 20
2215 75 23
2222 75 31
2228 75 27
2230 75 26
2231 75 18
2240 75 26
2242 75 21
2248 75 23
2266 75 21
2269 75 22
2273 75 22
2279 75 25
2289 75 19
2300 75 15
2305 75 25
2320 75 15
2323 75 18
2338 75 15
2345 75 19
2347 75 14
2350 75 22
2354 75 24
2398 75 15
2407 75 14
2409 75 10
2419 75 10
2432 75 13
2434 75 8
2437 75 12
2440 75 7
2462 75 11
2487 75 11
2493 75 7
2494 75 12
2497 75 11
2511 75 7
2517 75 10
2530 75 7
2532 75 12
2539 75 8
2543 75 11
2554 75 8
2558 75 8
2559 75 11
2570 75 9
2571 75 7
2574 75 14
2576 75 10
2582 75 8
2592 75 3
2601 75 9
2612 75 10
2623 75 3
2635 75 11
2638 75 7
2642 75 6
2644 75 5
2650 75 6
2653 75 5
2655 75 4
2658 75 7
2659 75 6
2661 75 4
2685 75 2
2713 75 2
2722 75 5
2729 75 6
2731 75 2
2737 75 6
2766 75 1
2768 75 3
2780 75 3
2785 75 3
2787 75 1
2799 75 3
2810 75 1
2819 75 1
2831 75 1
2836 75 3
2838 75 2
2845 75 2
2847 75 2
2849 75 5
2871 75 2
2879 75 1
2883 75 2
2890 75 1
2894 75 2
2910 75 1
2912 75 2
2914 75 1
2943 75 2
2944 75 1
2953 75 1
2958 75 1
2974 75 1
1 76 318
3 76 293
8 76 287
13 76 318
19 76 298
20 76 282
22 76 300
23 76 324
24 76 287
25 76 304
30 76 283
35 76 330
36 76 294
42 76 275
44 76 275
48 76 268
50 76 309
51 76 312
52 76 313
54 76 304
59 76 296
60 76 253
61 76 281
62 76 278
63 76 289
64 76 279
67 76 301
68 76 317
71 76 296
72 76 279
74 76 300
75 76 315
76 76 301
77 76 288
81 76 291
83 76 277
84 76 294
85 76 270
86 76 269
87 76 266
88 76 319
89 76 270
90 76 271
91 76 286
94 76 269
95 76 267
97 76 261
98 76 269
99 76 260
100 76 294
104 76 257
107 76 286
113 76 282
116 76 256
117 76 283
118 76 287
120 76 267
121 76 289
122 76 261
125 76 292
129 76 303
130 76 304
131 76 323
132 76 264
137 76 323
139 76 285
140 76 285
143 76 265
148 76 293
149 76 280
151 76 256
156 76 272
161 76 273
162 76 260
164 76 266
165 76 276
166 76 277
168 76 241
172 76 257
173 76 268
174 76 271
179 76 276
180 76 320
181 76 291
183 76 268
184 76 243
186 76 254
188 76 273
192 76 240
194 76 248
196 76 260
197 76 257
198 76 275
199 76 252
200 76 250
202 76 261
203 76 237
204 76 247
206 76 256
207 76 271
208 76 261
210 76 251
217 76 255
221 76 251
222 76 263
224 76 264
225 76 259
226 76 280
231 76 255
232 76 255
233 76 268
237 76 258
246 76 249
247 76 241
248 76 255
252 76 254
253 76 250
255 76 271
257 76 249
259 76 278
260 76 259
269 76 250
270 76 246
275 76 272
281 76 271
283 76 226
286 76 248
289 76 257
292 76 262
298 76 240
299 76 253
301 76 219
302 76 257
304 76 247
305 76 247
306 76 209
307 76 252
310 76 203
312 76 244
313 76 247
314 76 267
315 76 221
323 76 242
324 76 237
327 76 242
330 76 250
332 76 262
334 76 244
335 76 221
337 76 235
344 76 232
347 76 266
349 76 214
350 76 236
351 76 253
355 76 227
360 76 269
362 76 238
366 76 218
369 76 233
370 76 239
371 76 229
377 76 230
379 76 206
382 76 256
383 76 226
386 76 246
387 76 251
389 76 228
391 76 235
394 76 246
396 76 214
397 76 212
399 76 240
402 76 228
404 76 209
407 76 226
414 76 241
416 76 203
419 76 231
420 76 228
421 76 218
427 76 226
428 76 220
429 76 217
431 76 227
437 76 236
446 76 252
449 76 201
450 76 211
452 76 221
463 76 214
467 76 223
468 76 245
469 76 216
482 76 230
487 76 206
489 76 203
490 76 202
491 76 212
493 76 227
502 76 231
503 76 208
504 76 203
512 76 205
513 76 207
520 76 221
523 76 205
525 76 211
527 76 204
528 76 205
532 76 209
537 76 196
542 76 217
543 76 193
550 76 182
551 76 222
553 76 219
554 76 204
555 76 183
557 76 188
561 76 189
566 76 180
568 76 178
569 76 207
570 76 197
572 76 193
573 76 186
578 76 193
581 76 195
582 76 197
588 76 188
593 76 197
594 76 177
597 76 190
601 76 208
608 76 174
611 76 174
612 76 191
616 76 184
619 76 207
622 76 181
626 76 197
631 76 194
632 76 184
638 76 223
639 76 165
640 76 175
644 76 179
646 76 203
650 76 185
652 76 194
655 76 212
658 76 165
659 76 198
660 76 179
662 76 167
667 76 184
668 76 183
670 76 207
683 76 196
686 76 177
689 76 175
696 76 168
700 76 153
701 76 181
702 76 178
704 76 183
711 76 192
712 76 190
714 76 167
715 76 171
716 76 201
718 76 171
720 76 175
721 76 187
724 76 190
726 76 172
729 76 169
733 76 161
734 76 184
744 76 185
748 76 163
752 76 184
754 76 175
759 76 169
767 76 157
771 76 170
777 76 181
783 76 198
787 76 203
788 76 183
791 76 186
794 76 166
796 76 138
804 76 157
809 76 149
813 76 166
818 76 156
820 76 166
822 76 172
825 76 159
829 76 150
830 76 168
831 76 171
832 76 181
837 76 138
838 76 171
839 76 121
840 76 151
845 76 139
852 76 161
855 76 176
856 76 151
861 76 175
868 76 150
872 76 160
876 76 116
881 76 156
890 76 168
896 76 162
903 76 157
905 76 151
906 76 150
908 76 164
914 76 144
915 76 143
917 76 148
918 76 154
919 76 143
921 76 139
923 76 155
924 76 154
930 76 139
932 76 150
933 76 130
934 76 140
939 76 152
941 76 149
943 76 152
945 76 146
946 76 175
947 76 127
949 76 156
951 76 135
952 76 136
960 76 140
965 76 158
968 76 146
969 76 134
971 76 129
993 76 115
996 76 140
998 76 132
1004 76 127
1007 76 130
1010 76 131
1011 76 137
1013 76 141
1017 76 152
1019 76 134
1024 76 137
1026 76 117
1027 76 122
1028 76 127
1031 76 127
1032 76 149
1034 76 135
1036 76 122
1039 76 114
1040 76 132
1041 76 128
1042 76 153
1044 76 125
1046 76 137
1050 76 128
1052 76 127
1054 76 130
1057 76 132
1058 76 119
1063 76 144
1071 76 114
1072 76 116
1073 76 113
1076 76 119
1078 76 120
1083 76 133
1090 76 124
1091 76 122
1096 76 115
1098 76 133
1101 76 108
1105 76 129
1110 76 116
1118 76 107
1119 76 128
1130 76 118
1134 76 136
1135 76 118
1143 76 124
1145 76 114
1146 76 112
1155 76 120
1163 76 115
1168 76 125
1171 76 114
1173 76 111
1176 76 110
1178 76 108
1186 76 110
1187 76 123
1188 76 105
1189 76 141
1190 76 98
1195 76 103
1206 76 107
1209 76 117
1214 76 101
1215 76 113
1219 76 112
1224 76 96
1229 76 114
1230 76 80
1237 76 110
1244 76 94
1248 76 96
1249 76 102
1251 76 84
1252 76 109
1253 76 115
1257 76 117
1262 76 112
1265 76 109
1267 76 86
1271 76 103
1278 76 96
1281 76 100
1282 76 105
1284 76 114
1287 76 110
1288 76 99
1291 76 92
1293 76 105
1301 76 86
1304 76 90
1312 76 86
1325 76 93
1332 76 89
1344 76 103
1350 76 95
1351 76 83
1356 76 86
1357 76 113
1358 76 110
1359 76 94
1367 76 87
1375 76 90
1376 76 99
1377 76 91
1378 76 99
1380 76 104
1382 76 100
1383 76 90
1386 76 96
1398 76 107
1413 76 79
1416 76 87
1418 76 70
1419 76 102
1427 76 83
1428 76 75
1432 76 97
1434 76 86
1440 76 93
1441 76 81
1442 76 83
1447 76 97
1449 76 68
1450 76 72
1452 76 78
1459 76 97
1466 76 87
1471 76 74
1474 76 84
1480 76 77
1483 76 79
1484 76 68
1485 76 71
1491 76 77
1498 76 80
1504 76 84
1514 76 64
1518 76 77
1530 76 74
1548 76 62
1550 76 74
1555 76 77
1559 76 63
1580 76 74
1581 76 76
1582 76 60
1591 76 74
1593 76 71
1595 76 61
1605 76 78
1610 76 60
1613 76 54
1622 76 80
1626 76 57
1633 76 60
1641 76 60
1643 76 62
1649 76 56
1652 76 60
1656 76 71
1669 76 74
1672 76 63
1673 76 59
1677 76 69
1681 76 60
1689 76 49
1692 76 60
1695 76 52
1702 76 56
1707 76 62
1720 76 65
1724 76 50
1737 76 55
1738 76 50
1741 76 50
1749 76 46
1754 76 61
1755 76 49
1756 76 49
1766 76 57
1769 76 45
1781 76 46
1782 76 51
1787 76 38
1788 76 34
1792 76 63
1817 76 45
1818 76 48
1827 76 41
1829 76 50
1833 76 46
1849 76 53
1861 76 54
1864 76 51
1867 76 43
1870 76 50
1872 76 44
1875 76 41
1886 76 51
1888 76 54
1910 76 53
1914 76 45
1915 76 39
1918 76 45
1923 76 35
1926 76 63
1928 76 37
1934 76 49
1936 76 47
1944 76 41
1949 76 40
1950 76 38
1955 76 38
1986 76 43
2007 76 47
2011 76 31
2012 76 37
2016 76 40
2037 76 27
2038 76 33
2039 76 31
2044 76 40
2051 76 38
2081 76 33
2085 76 31
2092 76 27
2102 76 26
2104 76 26
2107 76 30
2111 76 23
2126 76 25
2132 76 22
2157 76 29
2160 76 20
2161 76 28
2166 76 29
2178 76 22
2189 76 22
2200 76 22
2215 76 16
2227 76 25
2234 76 23
2237 76 16
2248 76 20
2252 76 18
2253 76 29
2254 76 16
2274 76 12
2275 76 19
2286 76 16
2292 76 19
2293 76 21
2299 76 30
2306 76 25
2309 76 17
2326 76 14
2337 76 20
2343 76 18
2346 76 15
2347 76 20
2351 76 18
2355 76 14
2365 76 18
2369 76 20
2375 76 21
2404 76 6
2407 76 13
2416 76 10
2432 76 15
2436 76 17
2439 76 19
2440 76 5
2441 76 17
2449 76 11
2452 76 15
2457 76 18
2464 76 11
2472 76 9
2489 76 9
2491 76 13
2494 76 7
2498 76 13
2511 76 9
2518 76 5
2520 76 11
2526 76 9
2527 76 10
2532 76 13
2547 76 5
2556 76 8
2557 76 8
2584 76 10
2589 76 4
2606 76 4
2619 76 5
2620 76 3
2636 76 5
2646 76 7
2649 76 7
2669 76 5
2675 76 9
2678 76 4
2683 76 3
2685 76 5
2687 76 6
2697 76 6
2708 76 2
2715 76 1
2731 76 4
2734 76 6
2738 76 5
2746 76 5
2749 76 6
2752 76 2
2755 76 3
2764 76 5
2767 76 6
2768 76 2
2772 76 1
2788 76 2
2789 76 3
2797 76 2
2801 76 3
2811 76 2
2819 76 5
2823 76 4
2836 76 1
2838 76 3
2840 76 3
2847 76 2
2856 76 1
2869 76 1
2871 76 1
2875 76 2
2877 76 1
2894 76 2
2896 76 1
2903 76 1
2905 76 1
2914 76 1
2951 76 1
2954 76 1
2959 76 1
2969 76 1
2970 76 1
2985 76 1
2 77 304
3 77 308
5 77 299
6 77 277
7 77 348
10 77 269
11 77 289
14 77 324
17 77 277
19 77 299
20 77 312
21 77 303
22 77 278
26 77 269
27 77 295
29 77 327
31 77 286
32 77 296
33 77 295
36 77 290
39 77 303
40 77 334
43 77 307
45 77 301
46 77 267
48 77 282
50 77 321
53 77 293
56 77 276
58 77 264
60 77 287
61 77 284
66 77 324
69 77 318
70 77 293
74 77 277
77 77 255
80 77 270
81 77 273
82 77 288
84 77 305
90 77 296
91 77 280
95 77 276
99 77 267
103 77 274
105 77 281
107 77 261
109 77 290
115 77 282
117 77 299
119 77 271
123 77 257
125 77 291
128 77 258
131 77 237
132 77 271
134 77 281
136 77 287
140 77 268
141 77 272
142 77 262
143 77 272
144 77 254
146 77 257
148 77 275
150 77 266
151 77 273
152 77 264
155 77 285
156 77 274
157 77 266
158 77 256
161 77 242
162 77 267
163 77 274
165 77 278
167 77 266
170 77 252
172 77 279
173 77 289
174 77 225
175 77 281
178 77 248
179 77 270
180 77 265
181 77 274
183 77 250
185 77 257
188 77 234
189 77 248
191 77 260
195 77 259
196 77 296
198 77 245
205 77 251
207 77 291
208 77 262
209 77 256
211 77 259
213 77 264
215 77 228
222 77 257
228 77 273
229 77 232
230 77 279
233 77 277
234 77 266
235 77 274
237 77 223
240 77 274
242 77 264
246 77 240
249 77 259
250 77 244
252 77 241
254 77 255
255 77 258
256 77 266
257 77 256
258 77 260
262 77 266
263 77 232
264 77 258
265 77 221
267 77 277
274 77 217
275 77 261
277 77 226
278 77 271
280 77 282
286 77 232
287 77 237
289 77 247
290 77 239
291 77 252
294 77 227
296 77 238
299 77 230
302 77 218
304 77 243
305 77 244
306 77 227
309 77 257
311 77 245
312 77 272
313 77 255
314 77 255
315 77 247
317 77 237
319 77 233
321 77 251
328 77 225
332 77 236
333 77 240
334 77 234
336 77 236
338 77 245
340 77 233
342 77 265
344 77 265
345 77 247
346 77 241
351 77 244
352 77 225
355 77 216
356 77 233
359 77 237
361 77 248
377 77 215
378 77 212
380 77 246
381 77 221
382 77 226
384 77 242
386 77 244
387 77 240
388 77 249
389 77 251
395 77 233
397 77 215
399 77 231
402 77 230
406 77 213
411 77 220
416 77 229
419 77 228
420 77 213
421 77 216
425 77 242
426 77 247
428 77 226
432 77 241
433 77 222
434 77 221
439 77 185
444 77 210
446 77 228
456 77 238
457 77 217
458 77 221
461 77 199
464 77 203
473 77 217
474 77 218
476 77 222
480 77 226
484 77 206
485 77 232
486 77 203
496 77 185
497 77 219
499 77 201
500 77 225
502 77 200
505 77 208
506 77 213
508 77 189
513 77 192
514 77 228
516 77 212
519 77 217
522 77 202
523 77 208
526 77 211
529 77 187
533 77 216
534 77 210
541 77 184
542 77 195
546 77 198
547 77 225
548 77 195
551 77 195
563 77 187
564 77 192
566 77 214
572 77 183
574 77 195
579 77 168
580 77 195
584 77 220
585 77 198
588 77 220
598 77 208
602 77 179
603 77 218
611 77 208
612 77 192
613 77 191
614 77 209
616 77 177
631 77 185
633 77 183
635 77 207
637 77 191
642 77 196
643 77 175
644 77 166
646 77 182
651 77 174
652 77 189
654 77 166
662 77 187
672 77 146
678 77 199
679 77 171
684 77 180
686 77 159
688 77 153
689 77 195
694 77 155
700 77 192
705 77 189
708 77 171
711 77 163
720 77 168
721 77 168
724 77 183
727 77 185
735 77 161
737 77 172
739 77 165
744 77 166
747 77 175
748 77 162
750 77 162
751 77 172
755 77 168
756 77 164
757 77 172
760 77 181
765 77 181
767 77 150
775 77 172
776 77 137
780 77 159
781 77 164
783 77 152
786 77 155
789 77 165
793 77 162
797 77 179
799 77 159
802 77 162
804 77 174
806 77 156
812 77 184
814 77 142
815 77 192
822 77 150
823 77 137
824 77 153
827 77 146
828 77 170
829 77 167
831 77 157
832 77 177
833 77 146
834 77 170
842 77 165
843 77 153
845 77 168
846 77 153
847 77 140
851 77 152
859 77 128
864 77 153
865 77 182
866 77 152
870 77 135
871 77 148
880 77 154
881 77 145
884 77 149
895 77 143
897 77 158
899 77 147
905 77 144
909 77 156
913 77 151
917 77 173
920 77 155
923 77 138
927 77 141
930 77 130
935 77 146
940 77 128
943 77 141
946 77 143
950 77 138
956 77 156
957 77 131
958 77 130
960 77 147
961 77 162
963 77 152
969 77 167
970 77 126
971 77 132
972 77 131
981 77 111
983 77 126
991 77 151
993 77 103
1004 77 146
1010 77 125
1012 77 124
1015 77 134
1018 77 136
1019 77 133
1038 77 124
1040 77 130
1041 77 125
1042 77 132
1054 77 130
1055 77 132
1056 77 148
1061 77 111
1062 77 120
1066 77 115
1068 77 132
1071 77 126
1077 77 117
1081 77 102
1083 77 140
1084 77 129
1091 77 135
1093 77 117
1103 77 117
1104 77 138
1105 77 110
1106 77 113
1115 77 117
1116 77 124
1120 77 128
1129 77 119
1133 77 129
1139 77 132
1145 77 104
1149 77 113
1152 77 124
1155 77 116
1157 77 128
1167 77 104
1171 77 118
1173 77 115
1174 77 121
1179 77 116
1181 77 112
1183 77 123
1184 77 125
1186 77 109
1190 77 110
1200 77 117
1201 77 126
1202 77 117
1207 77 121
1209 77 108
1233 77 105
1237 77 94
1240 77 97
1242 77 100
1244 77 120
1252 77 96
1258 77 105
1261 77 101
1265 77 94
1267 77 106
1276 77 116
1278 77 111
1285 77 101
1293 77 107
1303 77 83
1304 77 81
1317 77 97
1318 77 114
1331 77 93
1333 77 97
1338 77 101
1340 77 89
1343 77 111
1345 77 85
1346 77 105
1351 77 90
1354 77 86
1355 77 95
1363 77 77
1366 77 81
1373 77 92
1375 77 101
1377 77 80
1384 77 74
1387 77 81
1400 77 90
1401 77 85
1402 77 96
1408 77 88
1410 77 75
1411 77 86
1413 77 90
1417 77 82
1420 77 91
1432 77 71
1443 77 75
1452 77 76
1464 77 73
1465 77 84
1471 77 70
1476 77 81
1480 77 77
1485 77 68
1490 77 96
1495 77 87
1498 77 73
1499 77 78
1504 77 67
1514 77 70
1515 77 81
1517 77 72
1521 77 66
1525 77 86
1526 77 78
1529 77 85
1534 77 94
1537 77 75
1542 77 67
1544 77 76
1545 77 67
1549 77 83
1550 77 64
1551 77 65
1556 77 52
1565 77 80
1577 77 66
1592 77 60
1593 77 73
1595 77 62
1601 77 57
1604 77 73
1605 77 81
1612 77 65
1619 77 66
1622 77 74
1626 77 72
1629 77 53
1639 77 62
1645 77 60
1647 77 57
1653 77 74
1656 77 58
1671 77 49
1673 77 49
1676 77 59
1689 77 59
1697 77 71
1707 77 53
1709 77 61
1711 77 54
1714 77 67
1720 77 51
1731 77 61
1732 77 60
1734 77 52
1742 77 56
1743 77 49
1745 77 68
1756 77 52
1770 77 50
1777 77 58
1785 77 59
1786 77 57
1789 77 52
1792 77 54
1793 77 57
1798 77 46
1809 77 46
1816 77 40
1819 77 39
1821 77 41
1823 77 35
1835 77 45
1836 77 52
1838 77 56
1839 77 50
1844 77 54
1856 77 38
1886 77 48
1887 77 35
1896 77 31
1902 77 52
1911 77 49
1920 77 36
1938 77 31
1989 77 38
2000 77 25
2008 77 33
2013 77 33
2014 77 29
2015 77 40
2023 77 39
2031 77 39
2032 77 35
2055 77 36
2059 77 37
2061 77 31
2074 77 25
2102 77 34
2104 77 33
2107 77 36
2112 77 29
2117 77 32
2122 77 20
2124 77 28
2129 77 29
2148 77 22
2152 77 23
2153 77 32
2154 77 25
2174 77 28
2178 77 21
2179 77 34
2191 77 21
2215 77 17
2217 77 17
2218 77 21
2229 77 26
2231 77 20
2233 77 27
2246 77 23
2247 77 25
2256 77 22
2263 77 25
2294 77 20
2296 77 16
2299 77 18
2328 77 20
2344 77 16
2353 77 17
2354 77 14
2362 77 19
2365 77 10
2367 77 18
2381 77 15
2382 77 13
2385 77 15
2386 77 16
2412 77 8
2427 77 15
2451 77 13
2452 77 10
2454 77 10
2460 77 13
2475 77 13
2476 77 12
2487 77 7
2489 77 12
2491 77 11
2493 77 12
2499 77 9
2503 77 11
2505 77 9
2508 77 5
2510 77 14
2541 77 9
2566 77 5
2573 77 7
2581 77 6
2597 77 7
2608 77 6
2619 77 5
2626 77 5
2632 77 12
2633 77 6
2646 77 9
2649 77 5
2659 77 6
2674 77 5
2680 77 7
2688 77 5
2689 77 5
2690 77 4
2701 77 3
2715 77 5
2722 77 1
2735 77 7
2749 77 3
2758 77 1
2773 77 1
2792 77 7
2794 77 4
2795 77 2
2797 77 3
2814 77 2
2817 77 4
2819 77 2
2822 77 7
2833 77 1
2834 77 2
2835 77 2
2851 77 1
2900 77 1
2906 77 3
2912 77 2
2917 77 2
2918 77 2
2921 77 1
2933 77 2
2941 77 1
2944 77 2
2946 77 1
2953 77 1
2954 77 2
2963 77 1
2965 77 1
2966 77 1
2972 77 1
2980 77 1
2988 77 1
2990 77 1
2993 77 1
2994 77 1
2 78 312
8 78 303
9 78 296
10 78 307
12 78 307
17 78 272
18 78 290
21 78 309
24 78 302
25 78 323
27 78 277
28 78 287
30 78 289
33 78 304
34 78 325
35 78 279
39 78 284
40 78 270
41 78 308
46 78 291
47 78 277
48 78 309
49 78 307
51 78 297
52 78 292
54 78 251
56 78 292
57 78 288
59 78 305
61 78 284
67 78 276
68 78 303
69 78 295
77 78 298
79 78 292
82 78 257
84 78 272
88 78 293
90 78 295
93 78 297
94 78 281
96 78 259
99 78 310
100 78 300
101 78 286
102 78 268
103 78 304
105 78 306
112 78 290
114 78 294
118 78 303
121 78 318
123 78 285
124 78 272
126 78 264
127 78 320
129 78 276
130 78 277
133 78 272
144 78 262
147 78 261
154 78 300
157 78 281
163 78 295
165 78 236
166 78 246
168 78 249
170 78 250
171 78 237
173 78 278
174 78 270
176 78 258
177 78 250
178 78 275
179 78 272
180 78 275
189 78 271
190 78 251
191 78 254
192 78 260
195 78 257
196 78 265
198 78 246
199 78 254
201 78 251
204 78 257
206 78 263
211 78 247
212 78 258
213 78 253
216 78 284
217 78 261
220 78 251
221 78 276
226 78 263
228 78 276
229 78 227
230 78 267
231 78 268
234 78 297
239 78 259
240 78 266
242 78 280
244 78 268
247 78 246
249 78 257
253 78 245
254 78 229
258 78 242
266 78 254
268 78 265
270 78 264
271 78 229
272 78 247
273 78 244
274 78 230
276 78 253
277 78 270
279 78 263
283 78 261
284 78 239
286 78 252
293 78 217
295 78 243
297 78 248
299 78 237
302 78 218
305 78 246
308 78 234
310 78 233
316 78 216
317 78 245
318 78 223
320 78 239
323 78 235
326 78 260
327 78 241
333 78 230
334 78 214
336 78 219
338 78 233
339 78 225
341 78 234
344 78 219
346 78 216
359 78 217
365 78 234
366 78 238
367 78 210
368 78 238
375 78 206
377 78 233
380 78 244
386 78 226
389 78 223
390 78 246
395 78 213
396 78 210
397 78 227
400 78 222
401 78 220
403 78 230
407 78 235
412 78 226
414 78 207
415 78 229
417 78 235
422 78 214
432 78 220
436 78 223
437 78 239
438 78 241
442 78 228
444 78 219
448 78 236
452 78 210
456 78 211
460 78 207
461 78 219
467 78 222
468 78 219
471 78 208
472 78 215
473 78 211
475 78 229
476 78 224
484 78 209
486 78 224
487 78 218
489 78 209
490 78 231
492 78 219
494 78 192
497 78 236
498 78 187
500 78 217
505 78 220
510 78 193
511 78 203
513 78 218
514 78 213
515 78 208
517 78 214
519 78 210
521 78 226
522 78 206
523 78 196
526 78 218
527 78 199
529 78 206
533 78 237
534 78 182
537 78 220
540 78 184
541 78 215
542 78 223
545 78 197
553 78 188
557 78 221
559 78 199
562 78 196
569 78 171
570 78 192
571 78 229
576 78 167
577 78 193
579 78 199
582 78 173
586 78 186
593 78 184
596 78 168
602 78 180
603 78 181
604 78 190
605 78 197
606 78 177
609 78 176
615 78 180
617 78 180
618 78 177
620 78 211
624 78 189
625 78 202
627 78 176
628 78 183
630 78 204
631 78 221
633 78 180
634 78 207
636 78 197
640 78 161
641 78 167
642 78 196
644 78 188
645 78 192
650 78 198
652 78 174
659 78 154
662 78 185
669 78 186
673 78 185
676 78 201
689 78 176
690 78 178
691 78 195
693 78 163
694 78 155
702 78 149
703 78 181
708 78 172
710 78 189
712 78 178
718 78 169
722 78 162
728 78 151
729 78 203
732 78 172
736 78 173
737 78 183
738 78 171
741 78 170
745 78 167
750 78 136
754 78 145
755 78 161
760 78 170
762 78 163
763 78 161
764 78 189
767 78 160
768 78 157
769 78 172
776 78 148
778 78 166
782 78 204
783 78 149
790 78 174
807 78 159
811 78 156
812 78 152
813 78 157
826 78 177
827 78 158
834 78 163
835 78 175
836 78 161
839 78 157
843 78 153
853 78 160
854 78 166
855 78 164
856 78 149
861 78 168
862 78 149
863 78 132
864 78 149
869 78 160
871 78 131
874 78 146
884 78 135
891 78 143
894 78 155
898 78 157
901 78 174
905 78 175
906 78 163
911 78 145
913 78 128
915 78 151
920 78 158
935 78 142
936 78 152
939 78 124
940 78 137
942 78 142
951 78 149
953 78 158
961 78 145
962 78 126
964 78 136
968 78 154
972 78 115
974 78 146
975 78 134
980 78 137
986 78 136
989 78 157
990 78 145
993 78 123
994 78 127
1002 78 132
1007 78 137
1008 78 149
1016 78 145
1021 78 132
1025 78 124
1028 78 127
1029 78 126
1032 78 133
1034 78 123
1035 78 141
1038 78 135
1040 78 154
1042 78 139
1043 78 117
1049 78 117
1050 78 137
1053 78 139
1056 78 122
1062 78 135
1070 78 134
1071 78 145
1072 78 130
1077 78 114
1083 78 136
1087 78 128
1088 78 133
1092 78 121
1098 78 127
1112 78 134
1113 78 112
1115 78 126
1116 78 99
1119 78 98
1120 78 113
1126 78 118
1129 78 130
1130 78 111
1132 78 120
1139 78 110
1141 78 103
1144 78 109
1147 78 111
1148 78 124
1153 78 121
1164 78 108
1166 78 124
1167 78 125
1168 78 110
1175 78 128
1176 78 111
1177 78 113
1178 78 103
1180 78 108
1182 78 97
1186 78 110
1193 78 107
1195 78 105
1199 78 128
1201 78 107
1203 78 112
1205 78 105
1210 78 111
1230 78 92
1232 78 97
1237 78 116
1238 78 118
1239 78 104
1241 78 116
1242 78 105
1251 78 116
1253 78 109
1258 78 111
1281 78 115
1285 78 95
1290 78 94
1296 78 95
1297 78 112
1301 78 95
1310 78 108
1317 78 82
1331 78 83
1336 78 88
1338 78 105
1339 78 101
1343 78 103
1352 78 98
1354 78 105
1360 78 99
1361 78 102
1362 78 101
1367 78 93
1374 78 97
1376 78 79
1388 78 91
1395 78 99
1396 78 96
1399 78 98
1407 78 93
1408 78 89
1410 78 85
1414 78 85
1415 78 80
1423 78 81
1427 78 85
1429 78 95
1432 78 86
1435 78 94
1438 78 83
1439 78 77
1442 78 88
1445 78 83
1453 78 84
1458 78 77
1459 78 93
1466 78 87
1468 78 94
1474 78 74
1475 78 88
1485 78 80
1486 78 95
1488 78 68
1500 78 80
1503 78 98
1508 78 78
1509 78 87
1513 78 83
1519 78 68
1524 78 95
1526 78 67
1529 78 80
1543 78 74
1554 78 74
1579 78 54
1593 78 60
1601 78 51
1608 78 60
1610 78 62
1614 78 59
1621 78 59
1622 78 58
1634 78 67
1637 78 67
1641 78 75
1642 78 75
1649 78 53
1655 78 57
1657 78 56
1665 78 74
1676 78 65
1680 78 56
1685 78 67
1686 78 63
1694 78 69
1706 78 69
1708 78 72
1709 78 63
1715 78 55
1720 78 45
1724 78 56
1726 78 61
1729 78 44
1737 78 56
1746 78 54
1748 78 62
1753 78 32
1758 78 61
1761 78 48
1764 78 55
1777 78 53
1783 78 43
1784 78 56
1787 78 59
1790 78 62
1796 78 44
1799 78 49
1809 78 48
1812 78 56
1825 78 47
1844 78 38
1849 78 39
1855 78 45
1857 78 35
1858 78 35
1862 78 35
1869 78 51
1876 78 56
1877 78 37
1885 78 51
1900 78 48
1904 78 38
1908 78 40
1922 78 49
1924 78 33
1930 78 44
1935 78 40
1941 78 40
1944 78 40
1947 78 40
1949 78 40
1951 78 22
1957 78 43
1959 78 34
1985 78 32
1989 78 31
1992 78 35
2000 78 40
2001 78 32
2007 78 29
2023 78 36
2032 78 39
2038 78 29
2041 78 27
2044 78 33
2051 78 34
2075 78 41
2080 78 37
2109 78 35
2112 78 21
2115 78 26
2121 78 31
2124 78 28
2129 78 19
2143 78 30
2182 78 27
2184 78 25
2189 78 19
2200 78 20
2201 78 19
2232 78 19
2234 78 21
2244 78 22
2245 78 21
2248 78 21
2252 78 18
2257 78 25
2269 78 16
2280 78 18
2282 78 14
2294 78 18
2313 78 20
2326 78 25
2334 78 21
2352 78 17
2353 78 18
2364 78 15
2380 78 16
2402 78 18
2405 78 16
2409 78 9
2412 78 12
2421 78 19
2422 78 18
2426 78 15
2438 78 6
2442 78 13
2448 78 19
2466 78 5
2471 78 10
2472 78 10
2480 78 11
2484 78 9
2489 78 15
2490 78 5
2510 78 6
2522 78 11
2523 78 8
2548 78 11
2555 78 4
2585 78 9
2613 78 7
2617 78 5
2626 78 9
2632 78 6
2636 78 2
2657 78 2
2663 78 4
2664 78 11
2684 78 3
2687 78 9
2692 78 3
2693 78 6
2711 78 2
2713 78 5
2720 78 5
2723 78 3
2726 78 3
2736 78 5
2740 78 3
2747 78 3
2750 78 2
2759 78 4
2769 78 4
2773 78 2
2796 78 2
2798 78 1
2802 78 2
2806 78 2
2822 78 1
2827 78 1
2834 78 1
2835 78 3
2840 78 5
2843 78 5
2857 78 2
2869 78 2
2907 78 2
2908 78 2
2921 78 1
2924 78 3
2931 78 1
2939 78 1
2948 78 1
2959 78 1
2964 78 1
2977 78 1
2998 78 1
0 79 303
1 79 297
3 79 303
10 79 332
11 79 287
13 79 312
16 79 297
18 79 312
20 79 309
21 79 335
23 79 284
26 79 305
27 79 292
28 79 291
30 79 271
31 79 291
33 79 276
34 79 301
35 79 295
39 79 305
42 79 307
45 79 289
46 79 296
47 79 286
49 79 284
51 79 266
53 79 305
54 79 290
55 79 277
56 79 283
57 79 278
62 79 294
68 79 310
69 79 282
70 79 278
72 79 294
83 79 273
84 79 315
87 79 292
89 79 280
93 79 274
95 79 279
96 79 267
103 79 296
107 79 290
109 79 329
112 79 275
113 79 264
114 79 245
117 79 289
118 79 271
119 79 287
123 79 293
124 79 281
130 79 286
131 79 265
135 79 278
137 79 273
143 79 265
144 79 273
145 79 286
146 79 308
147 79 300
148 79 261
152 79 288
154 79 245
155 79 268
157 79 253
161 79 282
164 79 291
165 79 287
166 79 244
169 79 254
170 79 284
171 79 258
173 79 294
176 79 275
179 79 280
180 79 282
192 79 269
195 79 250
198 79 256
200 79 241
203 79 275
213 79 274
215 79 247
216 79 240
220 79 295
222 79 273
223 79 293
226 79 242
228 79 257
230 79 267
231 79 296
233 79 277
234 79 246
235 79 256
236 79 266
240 79 215
243 79 254
246 79 267
247 79 266
248 79 260
249 79 263
255 79 253
256 79 246
260 79 275
261 79 258
263 79 242
265 79 241
275 79 216
276 79 259
278 79 243
281 79 261
282 79 234
286 79 238
291 79 253
295 79 219
297 79 226
301 79 252
302 79 245
303 79 240
307 79 270
308 79 242
309 79 216
319 79 235
322 79 236
324 79 226
326 79 239
330 79 233
331 79 241
335 79 226
336 79 224
338 79 236
341 79 244
344 79 240
345 79 223
350 79 232
354 79 229
361 79 253
362 79 231
363 79 218
365 79 236
369 79 227
370 79 213
371 79 233
372 79 240
378 79 234
379 79 224
380 79 234
384 79 222
385 79 210
390 79 232
391 79 225
392 79 247
396 79 213
397 79 222
398 79 234
403 79 205
406 79 231
408 79 222
412 79 225
414 79 257
417 79 248
420 79 222
421 79 222
423 79 204
427 79 212
429 79 212
436 79 218
437 79 237
439 79 212
440 79 207
442 79 225
448 79 232
449 79 216
459 79 203
460 79 231
461 79 217
462 79 270
463 79 249
467 79 207
472 79 240
474 79 216
483 79 195
491 79 210
493 79 225
497 79 214
506 79 218
514 79 210
518 79 172
520 79 198
522 79 224
527 79 203
539 79 238
549 79 226
553 79 198
559 79 201
563 79 215
564 79 202
565 79 209
566 79 184
575 79 194
576 79 197
579 79 154
582 79 184
587 79 211
588 79 168
590 79 173
591 79 223
595 79 206
598 79 191
601 79 207
602 79 190
603 79 219
608 79 187
609 79 214
612 79 181
614 79 174
615 79 203
617 79 180
619 79 200
622 79 203
623 79 187
624 79 209
625 79 205
631 79 196
633 79 179
634 79 187
641 79 205
643 79 192
645 79 180
651 79 181
654 79 180
656 79 239
659 79 202
662 79 190
663 79 197
664 79 162
665 79 188
666 79 195
672 79 189
674 79 200
675 79 202
678 79 188
681 79 177
687 79 194
688 79 157
689 79 182
690 79 167
691 79 185
695 79 174
700 79 172
701 79 184
707 79 164
708 79 160
709 79 177
710 79 155
713 79 188
723 79 159
725 79 169
727 79 156
729 79 183
730 79 168
733 79 168
737 79 180
738 79 159
739 79 159
742 79 157
743 79 187
744 79 171
747 79 180
750 79 163
751 79 166
753 79 161
763 79 173
764 79 162
769 79 163
776 79 159
777 79 146
779 79 151
783 79 171
787 79 170
791 79 165
795 79 150
798 79 166
802 79 166
806 79 166
809 79 162
812 79 171
822 79 164
824 79 168
826 79 142
829 79 157
832 79 165
846 79 136
849 79 148
850 79 171
857 79 149
858 79 164
859 79 167
861 79 137
871 79 154
873 79 144
877 79 158
878 79 165
879 79 143
884 79 196
890 79 159
891 79 143
894 79 144
896 79 173
901 79 135
903 79 122
904 79 155
911 79 157
914 79 147
915 79 139
916 79 181
921 79 134
925 79 149
928 79 138
936 79 154
937 79 133
940 79 159
944 79 132
945 79 141
946 79 163
949 79 155
952 79 139
965 79 139
966 79 161
972 79 148
974 79 130
976 79 142
978 79 148
980 79 137
982 79 146
983 79 144
986 79 126
993 79 137
997 79 144
1001 79 148
1002 79 145
1003 79 146
1010 79 132
1017 79 129
1024 79 142
1026 79 128
1030 79 139
1039 79 139
1042 79 146
1045 79 139
1047 79 108
1048 79 121
1049 79 128
1051 79 142
1054 79 141
1055 79 126
1059 79 138
1064 79 127
1067 79 143
1069 79 122
1074 79 131
1081 79 103
1089 79 139
1091 79 130
1092 79 125
1105 79 134
1108 79 124
1109 79 127
1111 79 120
1113 79 128
1117 79 118
1121 79 120
1124 79 103
1126 79 125
1139 79 106
1145 79 127
1146 79 118
1150 79 122
1159 79 132
1162 79 102
1163 79 108
1164 79 118
1166 79 96
1173 79 111
1175 79 105
1176 79 118
1184 79 114
1185 79 106
1187 79 112
1196 79 91
1198 79 111
1202 79 96
1203 79 108
1204 79 111
1207 79 107
1208 79 121
1211 79 110
1221 79 110
1224 79 104
1228 79 108
1231 79 100
1232 79 115
1233 79 99
1239 79 121
1240 79 108
1243 79 104
1245 79 106
1253 79 103
1268 79 121
1271 79 100
1272 79 91
1276 79 126
1277 79 94
1286 79 129
1287 79 89
1296 79 106
1297 79 69
1300 79 102
1301 79 111
1310 79 99
1321 79 99
1324 79 117
1327 79 74
1329 79 88
1332 79 87
1343 79 84
1344 79 93
1346 79 84
1348 79 108
1357 79 94
1364 79 91
1366 79 77
1381 79 94
1386 79 98
1402 79 92
1408 79 89
1419 79 77
1422 79 82
1423 79 97
1425 79 92
1432 79 77
1433 79 108
1434 79 89
1451 79 84
1453 79 96
1454 79 84
1455 79 67
1456 79 88
1458 79 95
1460 79 64
1468 79 80
1476 79 75
1483 79 72
1487 79 75
1491 79 81
1495 79 55
1502 79 91
1503 79 78
1505 79 96
1512 79 56
1514 79 53
1518 79 74
1519 79 73
1529 79 76
1531 79 60
1538 79 59
1541 79 68
1549 79 81
1554 79 55
1558 79 87
1572 79 70
1581 79 70
1584 79 57
1588 79 79
1592 79 84
1594 79 59
1596 79 71
1607 79 69
1608 79 52
1609 79 67
1611 79 57
1620 79 69
1624 79 91
1625 79 75
1629 79 58
1633 79 60
1634 79 63
1637 79 74
1639 79 67
1642 79 66
1646 79 71
1652 79 63
1658 79 70
1662 79 65
1666 79 66
1667 79 53
1673 79 79
1687 79 56
1688 79 58
1689 79 58
1690 79 66
1695 79 71
1704 79 52
1708 79 51
1711 79 52
1712 79 76
1715 79 63
1731 79 54
1741 79 63
1742 79 54
1744 79 46
1748 79 45
1749 79 49
1755 79 52
1764 79 58
1769 79 49
1771 79 38
1780 79 44
1781 79 39
1791 79 53
1797 79 49
1802 79 47
1807 79 50
1815 79 54
1818 79 46
1819 79 48
1825 79 44
1828 79 49
1830 79 51
1837 79 42
1847 79 43
1852 79 50
1857 79 49
1867 79 44
1871 79 42
1875 79 53
1880 79 42
1886 79 47
1895 79 46
1904 79 47
1905 79 37
1908 79 34
1926 79 51
1930 79 42
1931 79 34
1939 79 44
1941 79 40
1950 79 37
1954 79 36
1963 79 41
1975 79 39
1979 79 30
1981 79 38
2027 79 43
2043 79 36
2044 79 29
2047 79 35
2056 79 35
2059 79 24
2074 79 31
2076 79 36
2078 79 31
2081 79 35
2089 79 27
2091 79 29
2096 79 29
2105 79 29
2106 79 25
2111 79 27
2120 79 26
2122 79 32
2123 79 44
2124 79 26
2127 79 26
2132 79 26
2134 79 23
2137 79 30
2143 79 26
2149 79 31
2152 79 26
2155 79 19
2167 79 30
2189 79 22
2203 79 27
2209 79 23
2211 79 21
2221 79 21
2223 79 28
2227 79 25
2228 79 16
2236 79 19
2241 79 23
2253 79 17
2254 79 21
2256 79 19
2257 79 18
2259 79 18
2263 79 24
2264 79 18
2276 79 25
2285 79 19
2288 79 19
2305 79 15
2321 79 19
2323 79 16
2329 79 20
2332 79 13
2336 79 13
2345 79 22
2360 79 18
2362 79 18
2373 79 10
2380 79 12
2383 79 20
2387 79 17
2403 79 12
2408 79 13
2431 79 6
2439 79 8
2464 79 10
2470 79 11
2475 79 15
2476 79 13
2486 79 10
2490 79 12
2494 79 13
2501 79 9
2509 79 7
2510 79 10
2511 79 10
2518 79 7
2525 79 13
2531 79 6
2535 79 6
2543 79 9
2557 79 8
2564 79 6
2569 79 5
2572 79 7
2581 79 6
2602 79 13
2606 79 6
2613 79 10
2623 79 7
2638 79 6
2651 79 3
2660 79 3
2661 79 8
2670 79 5
2671 79 5
2673 79 2
2687 79 7
2689 79 2
2698 79 2
2708 79 5
2712 79 4
2713 79 5
2720 79 3
2737 79 4
2744 79 2
2747 79 4
2756 79 2
2759 79 3
2765 79 4
2772 79 1
2775 79 2
2781 79 3
2795 79 4
2823 79 3
2830 79 1
2833 79 6
2834 79 1
2839 79 3
2846 79 1
2850 79 1
2865 79 1
2866 79 1
2878 79 2
2893 79 1
2905 79 1
2917 79 1
2922 79 1
2930 79 1
2936 79 2
2942 79 1
2950 79 1
2961 79 1
2981 79 1
2986 79 1
2987 79 1
2989 79 1